fault_type,location,m,caseID,grid_dataset,XoR_P,zero_band,k0g,XdRole,NER_variant,GAT_variant,ZfMode,Zf_ohm,coupler,stage,unit,base,Irms_kA,Iang_deg,Iseq0_kA,Iseq1_kA,Iseq2_kA,r_kappa_ip,t_break_s,footnote
LLL,F1,0.5,LF360_GAT_OUT,P,15,MID,1.5,sat,primary,H1,bolted,0,closed,Ikpp,kA,100MVA,126.21414119005,-110.669930009748,0,126.21414119005,0,348.255062723563,NaN,"bolted-baseline reference; ZfMode=bolted"
LLL,F1,0.5,LF360_GAT_OUT,P,15,MID,1.5,sat,primary,H1,bolted,0,closed,ip,kA,100MVA,348.255062723563,-110.669930009748,0,126.21414119005,0,348.255062723563,NaN,"ip peak = kappa*sqrt(2)*governing RMS; r=0.0171 kappa=1.95108 borrowed-shape peak estimate; ZfMode=bolted"
LG,F1,0.5,LF360_GAT_OUT,P,15,MID,1.5,sat,primary,H1,bolted,0,closed,Ikpp,kA,100MVA,0.00727200442799167,-21.6515610520438,0.00242400147599722,0.00242400147599722,0.00242400147599722,0.0200652029504592,NaN,"bolted-baseline reference; ZfMode=bolted"
LG,F1,0.5,LF360_GAT_OUT,P,15,MID,1.5,sat,primary,H1,bolted,0,closed,ip,kA,100MVA,0.0200652029504592,-21.6515610520438,0.00242400147599722,0.00242400147599722,0.00242400147599722,0.0200652029504592,NaN,"ip peak = kappa*sqrt(2)*governing RMS; r=0.0171 kappa=1.95108 borrowed-shape peak estimate; ZfMode=bolted"
LL,F1,0.5,LF360_GAT_OUT,P,15,MID,1.5,sat,primary,H1,bolted,0,closed,Ikpp,kA,100MVA,109.251634191741,159.246106927685,0,63.0764604100081,63.0764604100081,301.45144085563,NaN,"bolted-baseline reference; ZfMode=bolted"
LL,F1,0.5,LF360_GAT_OUT,P,15,MID,1.5,sat,primary,H1,bolted,0,closed,ip,kA,100MVA,301.45144085563,159.246106927685,0,63.0764604100081,63.0764604100081,301.45144085563,NaN,"ip peak = kappa*sqrt(2)*governing RMS; r=0.0171 kappa=1.95108 borrowed-shape peak estimate; ZfMode=bolted"
LLG,F1,0.5,LF360_GAT_OUT,P,15,MID,1.5,sat,primary,H1,bolted,0,closed,Ikpp,kA,100MVA,109.253451365914,159.246093686566,0.00121259176813926,63.076468122751,63.076450935517,301.456454874658,NaN,"LLG single-earth path; bolted-baseline comparison; ZfMode=bolted"
LLG,F1,0.5,LF360_GAT_OUT,P,15,MID,1.5,sat,primary,H1,bolted,0,closed,ip,kA,100MVA,301.456454874658,159.246093686566,0.00121259176813926,63.076468122751,63.076450935517,301.456454874658,NaN,"ip peak = kappa*sqrt(2)*governing RMS; r=0.0171 kappa=1.95108 borrowed-shape peak estimate; ZfMode=bolted; LLG single-earth path"
LLL,F2,0.5,LF360_GAT_OUT,P,15,MID,1.5,sat,primary,H1,bolted,0,closed,Ikpp,kA,100MVA,126.21414119005,-110.669930009748,0,126.21414119005,0,348.255062723563,NaN,"bolted-baseline reference; ZfMode=bolted"
LLL,F2,0.5,LF360_GAT_OUT,P,15,MID,1.5,sat,primary,H1,bolted,0,closed,ip,kA,100MVA,348.255062723563,-110.669930009748,0,126.21414119005,0,348.255062723563,NaN,"ip peak = kappa*sqrt(2)*governing RMS; r=0.0171 kappa=1.95108 borrowed-shape peak estimate; ZfMode=bolted"
LG,F2,0.5,LF360_GAT_OUT,P,15,MID,1.5,sat,primary,H1,bolted,0,closed,Ikpp,kA,100MVA,0.00727200442799167,-21.6515610520438,0.00242400147599722,0.00242400147599722,0.00242400147599722,0.0200652029504592,NaN,"bolted-baseline reference; ZfMode=bolted"
LG,F2,0.5,LF360_GAT_OUT,P,15,MID,1.5,sat,primary,H1,bolted,0,closed,ip,kA,100MVA,0.0200652029504592,-21.6515610520438,0.00242400147599722,0.00242400147599722,0.00242400147599722,0.0200652029504592,NaN,"ip peak = kappa*sqrt(2)*governing RMS; r=0.0171 kappa=1.95108 borrowed-shape peak estimate; ZfMode=bolted"
LL,F2,0.5,LF360_GAT_OUT,P,15,MID,1.5,sat,primary,H1,bolted,0,closed,Ikpp,kA,100MVA,109.251634191741,159.246106927685,0,63.0764604100081,63.0764604100081,301.45144085563,NaN,"bolted-baseline reference; ZfMode=bolted"
LL,F2,0.5,LF360_GAT_OUT,P,15,MID,1.5,sat,primary,H1,bolted,0,closed,ip,kA,100MVA,301.45144085563,159.246106927685,0,63.0764604100081,63.0764604100081,301.45144085563,NaN,"ip peak = kappa*sqrt(2)*governing RMS; r=0.0171 kappa=1.95108 borrowed-shape peak estimate; ZfMode=bolted"
LLG,F2,0.5,LF360_GAT_OUT,P,15,MID,1.5,sat,primary,H1,bolted,0,closed,Ikpp,kA,100MVA,109.253451365914,159.246093686566,0.00121259176813926,63.076468122751,63.076450935517,301.456454874658,NaN,"LLG single-earth path; bolted-baseline comparison; ZfMode=bolted"
LLG,F2,0.5,LF360_GAT_OUT,P,15,MID,1.5,sat,primary,H1,bolted,0,closed,ip,kA,100MVA,301.456454874658,159.246093686566,0.00121259176813926,63.076468122751,63.076450935517,301.456454874658,NaN,"ip peak = kappa*sqrt(2)*governing RMS; r=0.0171 kappa=1.95108 borrowed-shape peak estimate; ZfMode=bolted; LLG single-earth path"
LLL,F3,0.5,LF360_GAT_OUT,P,15,MID,1.5,sat,primary,H1,bolted,0,closed,Ikpp,kA,100MVA,50.5308851865359,-83.1124339013662,0,50.5308851865359,0,129.764659811708,NaN,"bolted-baseline reference; ZfMode=bolted"
LLL,F3,0.5,LF360_GAT_OUT,P,15,MID,1.5,sat,primary,H1,bolted,0,closed,ip,kA,100MVA,129.764659811708,-83.1124339013662,0,50.5308851865359,0,129.764659811708,NaN,"ip peak = kappa*sqrt(2)*governing RMS; r=0.0694 kappa=1.81587 borrowed-shape peak estimate; ZfMode=bolted"
LG,F3,0.5,LF360_GAT_OUT,P,15,MID,1.5,sat,primary,H1,bolted,0,closed,Ikpp,kA,100MVA,45.7377472846575,-83.1457682271016,15.2459157615525,15.2459157615525,15.2459157615525,117.455753942123,NaN,"bolted-baseline reference; ZfMode=bolted"
LG,F3,0.5,LF360_GAT_OUT,P,15,MID,1.5,sat,primary,H1,bolted,0,closed,ip,kA,100MVA,117.455753942123,-83.1457682271016,15.2459157615525,15.2459157615525,15.2459157615525,117.455753942123,NaN,"ip peak = kappa*sqrt(2)*governing RMS; r=0.0694 kappa=1.81587 borrowed-shape peak estimate; ZfMode=bolted"
LL,F3,0.5,LF360_GAT_OUT,P,15,MID,1.5,sat,primary,H1,bolted,0,closed,Ikpp,kA,100MVA,43.7588597564655,-173.119775835774,0,25.2641894598264,25.2641894598264,112.373918032194,NaN,"bolted-baseline reference; ZfMode=bolted"
LL,F3,0.5,LF360_GAT_OUT,P,15,MID,1.5,sat,primary,H1,bolted,0,closed,ip,kA,100MVA,112.373918032194,-173.119775835774,0,25.2641894598264,25.2641894598264,112.373918032194,NaN,"ip peak = kappa*sqrt(2)*governing RMS; r=0.0694 kappa=1.81587 borrowed-shape peak estimate; ZfMode=bolted"
LLG,F3,0.5,LF360_GAT_OUT,P,15,MID,1.5,sat,primary,H1,bolted,0,closed,Ikpp,kA,100MVA,48.5036617932619,32.3928350224767,13.9263066935507,32.2276873898655,18.3013847772616,124.558696112093,NaN,"LLG single-earth path; bolted-baseline comparison; ZfMode=bolted"
LLG,F3,0.5,LF360_GAT_OUT,P,15,MID,1.5,sat,primary,H1,bolted,0,closed,ip,kA,100MVA,124.558696112093,32.3928350224767,13.9263066935507,32.2276873898655,18.3013847772616,124.558696112093,NaN,"ip peak = kappa*sqrt(2)*governing RMS; r=0.0694 kappa=1.81587 borrowed-shape peak estimate; ZfMode=bolted; LLG single-earth path"
LLL,F4,0.5,LF360_GAT_OUT,P,15,MID,1.5,sat,primary,H1,bolted,0,closed,Ikpp,kA,100MVA,51.0575960885088,-83.1994743718321,0,51.0575960885088,0,131.308992692477,NaN,"bolted-baseline reference; ZfMode=bolted"
LLL,F4,0.5,LF360_GAT_OUT,P,15,MID,1.5,sat,primary,H1,bolted,0,closed,ip,kA,100MVA,131.308992692477,-83.1994743718321,0,51.0575960885088,0,131.308992692477,NaN,"ip peak = kappa*sqrt(2)*governing RMS; r=0.0683 kappa=1.81852 borrowed-shape peak estimate; ZfMode=bolted"
LG,F4,0.5,LF360_GAT_OUT,P,15,MID,1.5,sat,primary,H1,bolted,0,closed,Ikpp,kA,100MVA,46.1170088370327,-83.1994042514144,15.3723362790109,15.3723362790109,15.3723362790109,118.602880673885,NaN,"bolted-baseline reference; ZfMode=bolted"
LG,F4,0.5,LF360_GAT_OUT,P,15,MID,1.5,sat,primary,H1,bolted,0,closed,ip,kA,100MVA,118.602880673885,-83.1994042514144,15.3723362790109,15.3723362790109,15.3723362790109,118.602880673885,NaN,"ip peak = kappa*sqrt(2)*governing RMS; r=0.0683 kappa=1.81852 borrowed-shape peak estimate; ZfMode=bolted"
LL,F4,0.5,LF360_GAT_OUT,P,15,MID,1.5,sat,primary,H1,bolted,0,closed,Ikpp,kA,100MVA,44.215100268403,-173.206530399061,0,25.5276000422088,25.5276000422088,113.711586968889,NaN,"bolted-baseline reference; ZfMode=bolted"
LL,F4,0.5,LF360_GAT_OUT,P,15,MID,1.5,sat,primary,H1,bolted,0,closed,ip,kA,100MVA,113.711586968889,-173.206530399061,0,25.5276000422088,25.5276000422088,113.711586968889,NaN,"ip peak = kappa*sqrt(2)*governing RMS; r=0.0683 kappa=1.81852 borrowed-shape peak estimate; ZfMode=bolted"
LLG,F4,0.5,LF360_GAT_OUT,P,15,MID,1.5,sat,primary,H1,bolted,0,closed,Ikpp,kA,100MVA,48.9663352242708,161.366228036338,14.0172709004445,32.5365638808855,18.5192937380214,125.930726213494,NaN,"LLG single-earth path; bolted-baseline comparison; ZfMode=bolted"
LLG,F4,0.5,LF360_GAT_OUT,P,15,MID,1.5,sat,primary,H1,bolted,0,closed,ip,kA,100MVA,125.930726213494,161.366228036338,14.0172709004445,32.5365638808855,18.5192937380214,125.930726213494,NaN,"ip peak = kappa*sqrt(2)*governing RMS; r=0.0683 kappa=1.81852 borrowed-shape peak estimate; ZfMode=bolted; LLG single-earth path"
LLL,F5,0.5,LF360_GAT_OUT,P,15,MID,1.5,sat,primary,H1,bolted,0,closed,Ikpp,kA,100MVA,53.0870065530683,-83.4976121609477,0,53.0870065530683,0,137.39956200455,NaN,"bolted-baseline reference; ZfMode=bolted"
LLL,F5,0.5,LF360_GAT_OUT,P,15,MID,1.5,sat,primary,H1,bolted,0,closed,ip,kA,100MVA,137.39956200455,-83.4976121609477,0,53.0870065530683,0,137.39956200455,NaN,"ip peak = kappa*sqrt(2)*governing RMS; r=0.0635 kappa=1.83013 borrowed-shape peak estimate; ZfMode=bolted"
LG,F5,0.5,LF360_GAT_OUT,P,15,MID,1.5,sat,primary,H1,bolted,0,closed,Ikpp,kA,100MVA,48.4667640662034,-83.6369864365484,16.1555880220678,16.1555880220678,16.1555880220678,125.441470274223,NaN,"bolted-baseline reference; ZfMode=bolted"
LG,F5,0.5,LF360_GAT_OUT,P,15,MID,1.5,sat,primary,H1,bolted,0,closed,ip,kA,100MVA,125.441470274223,-83.6369864365484,16.1555880220678,16.1555880220678,16.1555880220678,125.441470274223,NaN,"ip peak = kappa*sqrt(2)*governing RMS; r=0.0635 kappa=1.83013 borrowed-shape peak estimate; ZfMode=bolted"
LL,F5,0.5,LF360_GAT_OUT,P,15,MID,1.5,sat,primary,H1,bolted,0,closed,Ikpp,kA,100MVA,45.9725804350184,-173.504571624129,0,26.5422816894996,26.5422816894996,118.986034928831,NaN,"bolted-baseline reference; ZfMode=bolted"
LL,F5,0.5,LF360_GAT_OUT,P,15,MID,1.5,sat,primary,H1,bolted,0,closed,ip,kA,100MVA,118.986034928831,-173.504571624129,0,26.5422816894996,26.5422816894996,118.986034928831,NaN,"ip peak = kappa*sqrt(2)*governing RMS; r=0.0635 kappa=1.83013 borrowed-shape peak estimate; ZfMode=bolted"
LLG,F5,0.5,LF360_GAT_OUT,P,15,MID,1.5,sat,primary,H1,bolted,0,closed,Ikpp,kA,100MVA,51.1774982446824,32.3231634812445,14.8633129623141,33.9742336338986,19.1110605382326,132.45738081462,NaN,"LLG single-earth path; bolted-baseline comparison; ZfMode=bolted"
LLG,F5,0.5,LF360_GAT_OUT,P,15,MID,1.5,sat,primary,H1,bolted,0,closed,ip,kA,100MVA,132.45738081462,32.3231634812445,14.8633129623141,33.9742336338986,19.1110605382326,132.45738081462,NaN,"ip peak = kappa*sqrt(2)*governing RMS; r=0.0635 kappa=1.83013 borrowed-shape peak estimate; ZfMode=bolted; LLG single-earth path"
LLL,F1,0.5,LF360_GAT_IN,P,15,MID,1.5,sat,primary,H1,bolted,0,closed,Ikpp,kA,100MVA,128.326643730937,-110.811670944158,0,128.326643730937,0,354.643913798238,NaN,"bolted-baseline reference; ZfMode=bolted"
LLL,F1,0.5,LF360_GAT_IN,P,15,MID,1.5,sat,primary,H1,bolted,0,closed,ip,kA,100MVA,354.643913798238,-110.811670944158,0,128.326643730937,0,354.643913798238,NaN,"ip peak = kappa*sqrt(2)*governing RMS; r=0.0160 kappa=1.95416 borrowed-shape peak estimate; ZfMode=bolted"
LG,F1,0.5,LF360_GAT_IN,P,15,MID,1.5,sat,primary,H1,bolted,0,closed,Ikpp,kA,100MVA,0.00727012833908577,-21.7300958441165,0.00242337611302859,0.00242337611302859,0.00242337611302859,0.0200917494062636,NaN,"bolted-baseline reference; ZfMode=bolted"
LG,F1,0.5,LF360_GAT_IN,P,15,MID,1.5,sat,primary,H1,bolted,0,closed,ip,kA,100MVA,0.0200917494062636,-21.7300958441165,0.00242337611302859,0.00242337611302859,0.00242337611302859,0.0200917494062636,NaN,"ip peak = kappa*sqrt(2)*governing RMS; r=0.0160 kappa=1.95416 borrowed-shape peak estimate; ZfMode=bolted"
LL,F1,0.5,LF360_GAT_IN,P,15,MID,1.5,sat,primary,H1,bolted,0,closed,Ikpp,kA,100MVA,111.155817573968,159.158484647048,0,64.1758411983235,64.1758411983235,307.190564950242,NaN,"bolted-baseline reference; ZfMode=bolted"
LL,F1,0.5,LF360_GAT_IN,P,15,MID,1.5,sat,primary,H1,bolted,0,closed,ip,kA,100MVA,307.190564950242,159.158484647048,0,64.1758411983235,64.1758411983235,307.190564950242,NaN,"ip peak = kappa*sqrt(2)*governing RMS; r=0.0160 kappa=1.95416 borrowed-shape peak estimate; ZfMode=bolted"
LLG,F1,0.5,LF360_GAT_IN,P,15,MID,1.5,sat,primary,H1,bolted,0,closed,Ikpp,kA,100MVA,111.157633999807,159.158470534654,0.00121145249646674,64.175849944748,64.1758318230038,307.19558483037,NaN,"LLG single-earth path; bolted-baseline comparison; ZfMode=bolted"
LLG,F1,0.5,LF360_GAT_IN,P,15,MID,1.5,sat,primary,H1,bolted,0,closed,ip,kA,100MVA,307.19558483037,159.158470534654,0.00121145249646674,64.175849944748,64.1758318230038,307.19558483037,NaN,"ip peak = kappa*sqrt(2)*governing RMS; r=0.0160 kappa=1.95416 borrowed-shape peak estimate; ZfMode=bolted; LLG single-earth path"
LLL,F2,0.5,LF360_GAT_IN,P,15,MID,1.5,sat,primary,H1,bolted,0,closed,Ikpp,kA,100MVA,128.326643730937,-110.811670944158,0,128.326643730937,0,354.643913798238,NaN,"bolted-baseline reference; ZfMode=bolted"
LLL,F2,0.5,LF360_GAT_IN,P,15,MID,1.5,sat,primary,H1,bolted,0,closed,ip,kA,100MVA,354.643913798238,-110.811670944158,0,128.326643730937,0,354.643913798238,NaN,"ip peak = kappa*sqrt(2)*governing RMS; r=0.0160 kappa=1.95416 borrowed-shape peak estimate; ZfMode=bolted"
LG,F2,0.5,LF360_GAT_IN,P,15,MID,1.5,sat,primary,H1,bolted,0,closed,Ikpp,kA,100MVA,0.00727012833908577,-21.7300958441165,0.00242337611302859,0.00242337611302859,0.00242337611302859,0.0200917494062636,NaN,"bolted-baseline reference; ZfMode=bolted"
LG,F2,0.5,LF360_GAT_IN,P,15,MID,1.5,sat,primary,H1,bolted,0,closed,ip,kA,100MVA,0.0200917494062636,-21.7300958441165,0.00242337611302859,0.00242337611302859,0.00242337611302859,0.0200917494062636,NaN,"ip peak = kappa*sqrt(2)*governing RMS; r=0.0160 kappa=1.95416 borrowed-shape peak estimate; ZfMode=bolted"
LL,F2,0.5,LF360_GAT_IN,P,15,MID,1.5,sat,primary,H1,bolted,0,closed,Ikpp,kA,100MVA,111.155817573968,159.158484647048,0,64.1758411983235,64.1758411983235,307.190564950242,NaN,"bolted-baseline reference; ZfMode=bolted"
LL,F2,0.5,LF360_GAT_IN,P,15,MID,1.5,sat,primary,H1,bolted,0,closed,ip,kA,100MVA,307.190564950242,159.158484647048,0,64.1758411983235,64.1758411983235,307.190564950242,NaN,"ip peak = kappa*sqrt(2)*governing RMS; r=0.0160 kappa=1.95416 borrowed-shape peak estimate; ZfMode=bolted"
LLG,F2,0.5,LF360_GAT_IN,P,15,MID,1.5,sat,primary,H1,bolted,0,closed,Ikpp,kA,100MVA,111.157633999807,159.158470534654,0.00121145249646674,64.175849944748,64.1758318230038,307.19558483037,NaN,"LLG single-earth path; bolted-baseline comparison; ZfMode=bolted"
LLG,F2,0.5,LF360_GAT_IN,P,15,MID,1.5,sat,primary,H1,bolted,0,closed,ip,kA,100MVA,307.19558483037,159.158470534654,0.00121145249646674,64.175849944748,64.1758318230038,307.19558483037,NaN,"ip peak = kappa*sqrt(2)*governing RMS; r=0.0160 kappa=1.95416 borrowed-shape peak estimate; ZfMode=bolted; LLG single-earth path"
LLL,F3,0.5,LF360_GAT_IN,P,15,MID,1.5,sat,primary,H1,bolted,0,closed,Ikpp,kA,100MVA,50.5541945213143,-83.1021842945934,0,50.5541945213143,0,129.800742797442,NaN,"bolted-baseline reference; ZfMode=bolted"
LLL,F3,0.5,LF360_GAT_IN,P,15,MID,1.5,sat,primary,H1,bolted,0,closed,ip,kA,100MVA,129.800742797442,-83.1021842945934,0,50.5541945213143,0,129.800742797442,NaN,"ip peak = kappa*sqrt(2)*governing RMS; r=0.0695 kappa=1.81554 borrowed-shape peak estimate; ZfMode=bolted"
LG,F3,0.5,LF360_GAT_IN,P,15,MID,1.5,sat,primary,H1,bolted,0,closed,Ikpp,kA,100MVA,45.8917695676112,-82.9688810592444,15.2972565225371,15.2972565225371,15.2972565225371,117.829704034816,NaN,"bolted-baseline reference; ZfMode=bolted"
LG,F3,0.5,LF360_GAT_IN,P,15,MID,1.5,sat,primary,H1,bolted,0,closed,ip,kA,100MVA,117.829704034816,-82.9688810592444,15.2972565225371,15.2972565225371,15.2972565225371,117.829704034816,NaN,"ip peak = kappa*sqrt(2)*governing RMS; r=0.0695 kappa=1.81554 borrowed-shape peak estimate; ZfMode=bolted"
LL,F3,0.5,LF360_GAT_IN,P,15,MID,1.5,sat,primary,H1,bolted,0,closed,Ikpp,kA,100MVA,43.7764189842283,-173.114545151387,0,25.2743272847021,25.2743272847021,112.398422227243,NaN,"bolted-baseline reference; ZfMode=bolted"
LL,F3,0.5,LF360_GAT_IN,P,15,MID,1.5,sat,primary,H1,bolted,0,closed,ip,kA,100MVA,112.398422227243,-173.114545151387,0,25.2743272847021,25.2743272847021,112.398422227243,NaN,"ip peak = kappa*sqrt(2)*governing RMS; r=0.0695 kappa=1.81554 borrowed-shape peak estimate; ZfMode=bolted"
LLG,F3,0.5,LF360_GAT_IN,P,15,MID,1.5,sat,primary,H1,bolted,0,closed,Ikpp,kA,100MVA,48.6504494084663,161.300554181774,14.0083169653844,32.2791826706936,18.2710413416215,124.912769957908,NaN,"LLG single-earth path; bolted-baseline comparison; ZfMode=bolted"
LLG,F3,0.5,LF360_GAT_IN,P,15,MID,1.5,sat,primary,H1,bolted,0,closed,ip,kA,100MVA,124.912769957908,161.300554181774,14.0083169653844,32.2791826706936,18.2710413416215,124.912769957908,NaN,"ip peak = kappa*sqrt(2)*governing RMS; r=0.0695 kappa=1.81554 borrowed-shape peak estimate; ZfMode=bolted; LLG single-earth path"
LLL,F4,0.5,LF360_GAT_IN,P,15,MID,1.5,sat,primary,H1,bolted,0,closed,Ikpp,kA,100MVA,51.0792262351743,-83.1893156815359,0,51.0792262351743,0,131.340628381559,NaN,"bolted-baseline reference; ZfMode=bolted"
LLL,F4,0.5,LF360_GAT_IN,P,15,MID,1.5,sat,primary,H1,bolted,0,closed,ip,kA,100MVA,131.340628381559,-83.1893156815359,0,51.0792262351743,0,131.340628381559,NaN,"ip peak = kappa*sqrt(2)*governing RMS; r=0.0684 kappa=1.81819 borrowed-shape peak estimate; ZfMode=bolted"
LG,F4,0.5,LF360_GAT_IN,P,15,MID,1.5,sat,primary,H1,bolted,0,closed,Ikpp,kA,100MVA,46.2568830769365,-83.0339578675079,15.4189610256455,15.4189610256455,15.4189610256455,118.94087945509,NaN,"bolted-baseline reference; ZfMode=bolted"
LG,F4,0.5,LF360_GAT_IN,P,15,MID,1.5,sat,primary,H1,bolted,0,closed,ip,kA,100MVA,118.94087945509,-83.0339578675079,15.4189610256455,15.4189610256455,15.4189610256455,118.94087945509,NaN,"ip peak = kappa*sqrt(2)*governing RMS; r=0.0684 kappa=1.81819 borrowed-shape peak estimate; ZfMode=bolted"
LL,F4,0.5,LF360_GAT_IN,P,15,MID,1.5,sat,primary,H1,bolted,0,closed,Ikpp,kA,100MVA,44.2313062553968,-173.201202215845,0,25.5369565731621,25.5369565731621,113.732489426798,NaN,"bolted-baseline reference; ZfMode=bolted"
LL,F4,0.5,LF360_GAT_IN,P,15,MID,1.5,sat,primary,H1,bolted,0,closed,ip,kA,100MVA,113.732489426798,-173.201202215845,0,25.5369565731621,25.5369565731621,113.732489426798,NaN,"ip peak = kappa*sqrt(2)*governing RMS; r=0.0684 kappa=1.81819 borrowed-shape peak estimate; ZfMode=bolted"
LLG,F4,0.5,LF360_GAT_IN,P,15,MID,1.5,sat,primary,H1,bolted,0,closed,Ikpp,kA,100MVA,49.1279418874374,161.3192583557,14.0914340756721,32.5833155031362,18.4921108460598,126.323267484138,NaN,"LLG single-earth path; bolted-baseline comparison; ZfMode=bolted"
LLG,F4,0.5,LF360_GAT_IN,P,15,MID,1.5,sat,primary,H1,bolted,0,closed,ip,kA,100MVA,126.323267484138,161.3192583557,14.0914340756721,32.5833155031362,18.4921108460598,126.323267484138,NaN,"ip peak = kappa*sqrt(2)*governing RMS; r=0.0684 kappa=1.81819 borrowed-shape peak estimate; ZfMode=bolted; LLG single-earth path"
LLL,F5,0.5,LF360_GAT_IN,P,15,MID,1.5,sat,primary,H1,bolted,0,closed,Ikpp,kA,100MVA,53.1089711671963,-83.4875196194795,0,53.1089711671963,0,137.431152720073,NaN,"bolted-baseline reference; ZfMode=bolted"
LLL,F5,0.5,LF360_GAT_IN,P,15,MID,1.5,sat,primary,H1,bolted,0,closed,ip,kA,100MVA,137.431152720073,-83.4875196194795,0,53.1089711671963,0,137.431152720073,NaN,"ip peak = kappa*sqrt(2)*governing RMS; r=0.0636 kappa=1.82979 borrowed-shape peak estimate; ZfMode=bolted"
LG,F5,0.5,LF360_GAT_IN,P,15,MID,1.5,sat,primary,H1,bolted,0,closed,Ikpp,kA,100MVA,48.6057438965753,-83.477559203624,16.2019146321918,16.2019146321918,16.2019146321918,125.778060951197,NaN,"bolted-baseline reference; ZfMode=bolted"
LG,F5,0.5,LF360_GAT_IN,P,15,MID,1.5,sat,primary,H1,bolted,0,closed,ip,kA,100MVA,125.778060951197,-83.477559203624,16.2019146321918,16.2019146321918,16.2019146321918,125.778060951197,NaN,"ip peak = kappa*sqrt(2)*governing RMS; r=0.0636 kappa=1.82979 borrowed-shape peak estimate; ZfMode=bolted"
LL,F5,0.5,LF360_GAT_IN,P,15,MID,1.5,sat,primary,H1,bolted,0,closed,Ikpp,kA,100MVA,45.9890208329902,-173.499245994188,0,26.5517735576942,26.5517735576942,119.006714056798,NaN,"bolted-baseline reference; ZfMode=bolted"
LL,F5,0.5,LF360_GAT_IN,P,15,MID,1.5,sat,primary,H1,bolted,0,closed,ip,kA,100MVA,119.006714056798,-173.499245994188,0,26.5517735576942,26.5517735576942,119.006714056798,NaN,"ip peak = kappa*sqrt(2)*governing RMS; r=0.0636 kappa=1.82979 borrowed-shape peak estimate; ZfMode=bolted"
LLG,F5,0.5,LF360_GAT_IN,P,15,MID,1.5,sat,primary,H1,bolted,0,closed,Ikpp,kA,100MVA,51.1756530988529,160.537021456926,14.9383119596944,34.021689106754,19.0833829377049,132.428266675255,NaN,"LLG single-earth path; bolted-baseline comparison; ZfMode=bolted"
LLG,F5,0.5,LF360_GAT_IN,P,15,MID,1.5,sat,primary,H1,bolted,0,closed,ip,kA,100MVA,132.428266675255,160.537021456926,14.9383119596944,34.021689106754,19.0833829377049,132.428266675255,NaN,"ip peak = kappa*sqrt(2)*governing RMS; r=0.0636 kappa=1.82979 borrowed-shape peak estimate; ZfMode=bolted; LLG single-earth path"
LG,F3,0.5,LF360_GAT_OUT,P,10,MID,1.5,sat,primary,H1,bolted,0,closed,Ikpp,kA,100MVA,45.7618450079091,-81.5917783606793,15.2539483359697,15.2539483359697,15.2539483359697,113.132949141644,NaN,"bolted-baseline reference; ZfMode=bolted"
LG,F3,0.5,LF360_GAT_OUT,P,10,MID,1.5,sat,primary,H1,bolted,0,closed,ip,kA,100MVA,113.132949141644,-81.5917783606793,15.2539483359697,15.2539483359697,15.2539483359697,113.132949141644,NaN,"ip peak = kappa*sqrt(2)*governing RMS; r=0.0990 kappa=1.74812 borrowed-shape peak estimate; ZfMode=bolted"
LLG,F3,0.5,LF360_GAT_OUT,P,10,MID,1.5,sat,primary,H1,bolted,0,closed,Ikpp,kA,100MVA,48.6135580879121,34.0258650855944,13.9315735799103,32.2480887321823,18.3166967868754,120.18298636787,NaN,"LLG single-earth path; bolted-baseline comparison; ZfMode=bolted"
LLG,F3,0.5,LF360_GAT_OUT,P,10,MID,1.5,sat,primary,H1,bolted,0,closed,ip,kA,100MVA,120.18298636787,34.0258650855944,13.9315735799103,32.2480887321823,18.3166967868754,120.18298636787,NaN,"ip peak = kappa*sqrt(2)*governing RMS; r=0.0990 kappa=1.74812 borrowed-shape peak estimate; ZfMode=bolted; LLG single-earth path"
LG,F4,0.5,LF360_GAT_OUT,P,10,MID,1.5,sat,primary,H1,bolted,0,closed,Ikpp,kA,100MVA,46.144159407988,-81.6155309207229,15.3813864693293,15.3813864693293,15.3813864693293,114.178150621333,NaN,"bolted-baseline reference; ZfMode=bolted"
LG,F4,0.5,LF360_GAT_OUT,P,10,MID,1.5,sat,primary,H1,bolted,0,closed,ip,kA,100MVA,114.178150621333,-81.6155309207229,15.3813864693293,15.3813864693293,15.3813864693293,114.178150621333,NaN,"ip peak = kappa*sqrt(2)*governing RMS; r=0.0983 kappa=1.74965 borrowed-shape peak estimate; ZfMode=bolted"
LLG,F4,0.5,LF360_GAT_OUT,P,10,MID,1.5,sat,primary,H1,bolted,0,closed,Ikpp,kA,100MVA,49.0636154685509,33.8912365455244,14.0237002378714,32.5588528666735,18.5352535213924,121.401992123528,NaN,"LLG single-earth path; bolted-baseline comparison; ZfMode=bolted"
LLG,F4,0.5,LF360_GAT_OUT,P,10,MID,1.5,sat,primary,H1,bolted,0,closed,ip,kA,100MVA,121.401992123528,33.8912365455244,14.0237002378714,32.5588528666735,18.5352535213924,121.401992123528,NaN,"ip peak = kappa*sqrt(2)*governing RMS; r=0.0983 kappa=1.74965 borrowed-shape peak estimate; ZfMode=bolted; LLG single-earth path"
LG,F5,0.5,LF360_GAT_OUT,P,10,MID,1.5,sat,primary,H1,bolted,0,closed,Ikpp,kA,100MVA,48.5063610161628,-81.9540314012323,16.1687870053876,16.1687870053876,16.1687870053876,120.555243229373,NaN,"bolted-baseline reference; ZfMode=bolted"
LG,F5,0.5,LF360_GAT_OUT,P,10,MID,1.5,sat,primary,H1,bolted,0,closed,ip,kA,100MVA,120.555243229373,-81.9540314012323,16.1687870053876,16.1687870053876,16.1687870053876,120.555243229373,NaN,"ip peak = kappa*sqrt(2)*governing RMS; r=0.0948 kappa=1.75741 borrowed-shape peak estimate; ZfMode=bolted"
LLG,F5,0.5,LF360_GAT_OUT,P,10,MID,1.5,sat,primary,H1,bolted,0,closed,Ikpp,kA,100MVA,51.2857695928278,34.0676647627555,14.8745242045044,34.0032779399573,19.129191872813,127.463043979093,NaN,"LLG single-earth path; bolted-baseline comparison; ZfMode=bolted"
LLG,F5,0.5,LF360_GAT_OUT,P,10,MID,1.5,sat,primary,H1,bolted,0,closed,ip,kA,100MVA,127.463043979093,34.0676647627555,14.8745242045044,34.0032779399573,19.129191872813,127.463043979093,NaN,"ip peak = kappa*sqrt(2)*governing RMS; r=0.0948 kappa=1.75741 borrowed-shape peak estimate; ZfMode=bolted; LLG single-earth path"
LG,F3,0.5,LF360_GAT_OUT,P,20,MID,1.5,sat,primary,H1,bolted,0,closed,Ikpp,kA,100MVA,45.7251463244229,-83.9263179988444,15.2417154414743,15.2417154414743,15.2417154414743,119.765450479506,NaN,"bolted-baseline reference; ZfMode=bolted"
LG,F3,0.5,LF360_GAT_OUT,P,20,MID,1.5,sat,primary,H1,bolted,0,closed,ip,kA,100MVA,119.765450479506,-83.9263179988444,15.2417154414743,15.2417154414743,15.2417154414743,119.765450479506,NaN,"ip peak = kappa*sqrt(2)*governing RMS; r=0.0545 kappa=1.85209 borrowed-shape peak estimate; ZfMode=bolted"
LLG,F3,0.5,LF360_GAT_OUT,P,20,MID,1.5,sat,primary,H1,bolted,0,closed,Ikpp,kA,100MVA,48.4993425347286,160.52885670827,13.9233756953701,32.2171911276732,18.2938292921826,127.031755468198,NaN,"LLG single-earth path; bolted-baseline comparison; ZfMode=bolted"
LLG,F3,0.5,LF360_GAT_OUT,P,20,MID,1.5,sat,primary,H1,bolted,0,closed,ip,kA,100MVA,127.031755468198,160.52885670827,13.9233756953701,32.2171911276732,18.2938292921826,127.031755468198,NaN,"ip peak = kappa*sqrt(2)*governing RMS; r=0.0545 kappa=1.85209 borrowed-shape peak estimate; ZfMode=bolted; LLG single-earth path"
LG,F4,0.5,LF360_GAT_OUT,P,20,MID,1.5,sat,primary,H1,bolted,0,closed,Ikpp,kA,100MVA,46.1025922479888,-83.9949104237386,15.3675307493296,15.3675307493296,15.3675307493296,120.968427469414,NaN,"bolted-baseline reference; ZfMode=bolted"
LG,F4,0.5,LF360_GAT_OUT,P,20,MID,1.5,sat,primary,H1,bolted,0,closed,ip,kA,100MVA,120.968427469414,-83.9949104237386,15.3675307493296,15.3675307493296,15.3675307493296,120.968427469414,NaN,"ip peak = kappa*sqrt(2)*governing RMS; r=0.0532 kappa=1.85537 borrowed-shape peak estimate; ZfMode=bolted"
LLG,F4,0.5,LF360_GAT_OUT,P,20,MID,1.5,sat,primary,H1,bolted,0,closed,Ikpp,kA,100MVA,48.9864082869807,160.526555360823,14.0136577010959,32.5249550960482,18.511337615907,128.535262094925,NaN,"LLG single-earth path; bolted-baseline comparison; ZfMode=bolted"
LLG,F4,0.5,LF360_GAT_OUT,P,20,MID,1.5,sat,primary,H1,bolted,0,closed,ip,kA,100MVA,128.535262094925,160.526555360823,14.0136577010959,32.5249550960482,18.511337615907,128.535262094925,NaN,"ip peak = kappa*sqrt(2)*governing RMS; r=0.0532 kappa=1.85537 borrowed-shape peak estimate; ZfMode=bolted; LLG single-earth path"
LG,F5,0.5,LF360_GAT_OUT,P,20,MID,1.5,sat,primary,H1,bolted,0,closed,Ikpp,kA,100MVA,48.4450664057613,-84.48205249313,16.1483554685871,16.1483554685871,16.1483554685871,128.058677646933,NaN,"bolted-baseline reference; ZfMode=bolted"
LG,F5,0.5,LF360_GAT_OUT,P,20,MID,1.5,sat,primary,H1,bolted,0,closed,ip,kA,100MVA,128.058677646933,-84.48205249313,16.1483554685871,16.1483554685871,16.1483554685871,128.058677646933,NaN,"ip peak = kappa*sqrt(2)*governing RMS; r=0.0478 kappa=1.86915 borrowed-shape peak estimate; ZfMode=bolted"
LLG,F5,0.5,LF360_GAT_OUT,P,20,MID,1.5,sat,primary,H1,bolted,0,closed,Ikpp,kA,100MVA,51.1217014896389,31.4465236304761,14.8569189508863,33.9586367296171,19.1017704664998,135.134038975037,NaN,"LLG single-earth path; bolted-baseline comparison; ZfMode=bolted"
LLG,F5,0.5,LF360_GAT_OUT,P,20,MID,1.5,sat,primary,H1,bolted,0,closed,ip,kA,100MVA,135.134038975037,31.4465236304761,14.8569189508863,33.9586367296171,19.1017704664998,135.134038975037,NaN,"ip peak = kappa*sqrt(2)*governing RMS; r=0.0478 kappa=1.86915 borrowed-shape peak estimate; ZfMode=bolted; LLG single-earth path"
LG,F3,0.5,LF360_GAT_OUT,S,15,MID,1.5,sat,primary,H1,bolted,0,closed,Ikpp,kA,100MVA,41.9870483814158,-81.9064203847203,13.9956827938053,13.9956827938053,13.9956827938053,104.98422121795,NaN,"bolted-baseline reference; ZfMode=bolted"
LG,F3,0.5,LF360_GAT_OUT,S,15,MID,1.5,sat,primary,H1,bolted,0,closed,ip,kA,100MVA,104.98422121795,-81.9064203847203,13.9956827938053,13.9956827938053,13.9956827938053,104.98422121795,NaN,"ip peak = kappa*sqrt(2)*governing RMS; r=0.0900 kappa=1.76805 borrowed-shape peak estimate; ZfMode=bolted"
LLG,F3,0.5,LF360_GAT_OUT,S,15,MID,1.5,sat,primary,H1,bolted,0,closed,Ikpp,kA,100MVA,44.3865025152623,34.0121745622209,12.8615792455747,29.4562266907281,16.5948107428077,110.983805215895,NaN,"LLG single-earth path; bolted-baseline comparison; ZfMode=bolted"
LLG,F3,0.5,LF360_GAT_OUT,S,15,MID,1.5,sat,primary,H1,bolted,0,closed,ip,kA,100MVA,110.983805215895,34.0121745622209,12.8615792455747,29.4562266907281,16.5948107428077,110.983805215895,NaN,"ip peak = kappa*sqrt(2)*governing RMS; r=0.0900 kappa=1.76805 borrowed-shape peak estimate; ZfMode=bolted; LLG single-earth path"
LG,F4,0.5,LF360_GAT_OUT,S,15,MID,1.5,sat,primary,H1,bolted,0,closed,Ikpp,kA,100MVA,42.2704170018954,-81.9281197206205,14.0901390006318,14.0901390006318,14.0901390006318,105.786040192597,NaN,"bolted-baseline reference; ZfMode=bolted"
LG,F4,0.5,LF360_GAT_OUT,S,15,MID,1.5,sat,primary,H1,bolted,0,closed,ip,kA,100MVA,105.786040192597,-81.9281197206205,14.0901390006318,14.0901390006318,14.0901390006318,105.786040192597,NaN,"ip peak = kappa*sqrt(2)*governing RMS; r=0.0893 kappa=1.76961 borrowed-shape peak estimate; ZfMode=bolted"
LLG,F4,0.5,LF360_GAT_OUT,S,15,MID,1.5,sat,primary,H1,bolted,0,closed,Ikpp,kA,100MVA,44.7339495658616,33.8639452724581,12.9220631991985,29.6983586031545,16.7763823322557,111.951282300708,NaN,"LLG single-earth path; bolted-baseline comparison; ZfMode=bolted"
LLG,F4,0.5,LF360_GAT_OUT,S,15,MID,1.5,sat,primary,H1,bolted,0,closed,ip,kA,100MVA,111.951282300708,33.8639452724581,12.9220631991985,29.6983586031545,16.7763823322557,111.951282300708,NaN,"ip peak = kappa*sqrt(2)*governing RMS; r=0.0893 kappa=1.76961 borrowed-shape peak estimate; ZfMode=bolted; LLG single-earth path"
LG,F5,0.5,LF360_GAT_OUT,S,15,MID,1.5,sat,primary,H1,bolted,0,closed,Ikpp,kA,100MVA,44.2000843960504,-82.2559840933768,14.7333614653501,14.7333614653501,14.7333614653501,111.107601197032,NaN,"bolted-baseline reference; ZfMode=bolted"
LG,F5,0.5,LF360_GAT_OUT,S,15,MID,1.5,sat,primary,H1,bolted,0,closed,ip,kA,100MVA,111.107601197032,-82.2559840933768,14.7333614653501,14.7333614653501,14.7333614653501,111.107601197032,NaN,"ip peak = kappa*sqrt(2)*governing RMS; r=0.0859 kappa=1.77748 borrowed-shape peak estimate; ZfMode=bolted"
LLG,F5,0.5,LF360_GAT_OUT,S,15,MID,1.5,sat,primary,H1,bolted,0,closed,Ikpp,kA,100MVA,46.5536171263112,33.9954925682824,13.6200009801126,30.8788637844219,17.2592243942454,117.023774877943,NaN,"LLG single-earth path; bolted-baseline comparison; ZfMode=bolted"
LLG,F5,0.5,LF360_GAT_OUT,S,15,MID,1.5,sat,primary,H1,bolted,0,closed,ip,kA,100MVA,117.023774877943,33.9954925682824,13.6200009801126,30.8788637844219,17.2592243942454,117.023774877943,NaN,"ip peak = kappa*sqrt(2)*governing RMS; r=0.0859 kappa=1.77748 borrowed-shape peak estimate; ZfMode=bolted; LLG single-earth path"
LG,F3,0.5,LF360_GAT_OUT,P,15,MID,1,sat,primary,H1,bolted,0,closed,Ikpp,kA,100MVA,50.8834405349153,-82.9588867951819,16.9611468449718,16.9611468449718,16.9611468449718,130.670031341979,NaN,"bolted-baseline reference; ZfMode=bolted"
LG,F3,0.5,LF360_GAT_OUT,P,15,MID,1,sat,primary,H1,bolted,0,closed,ip,kA,100MVA,130.670031341979,-82.9588867951819,16.9611468449718,16.9611468449718,16.9611468449718,130.670031341979,NaN,"ip peak = kappa*sqrt(2)*governing RMS; r=0.0694 kappa=1.81587 borrowed-shape peak estimate; ZfMode=bolted"
LLG,F3,0.5,LF360_GAT_OUT,P,15,MID,1,sat,primary,H1,bolted,0,closed,Ikpp,kA,100MVA,50.8360444043486,156.616361906268,17.0818856657644,33.8054444967005,16.7238766003714,130.548316815572,NaN,"LLG single-earth path; bolted-baseline comparison; ZfMode=bolted"
LLG,F3,0.5,LF360_GAT_OUT,P,15,MID,1,sat,primary,H1,bolted,0,closed,ip,kA,100MVA,130.548316815572,156.616361906268,17.0818856657644,33.8054444967005,16.7238766003714,130.548316815572,NaN,"ip peak = kappa*sqrt(2)*governing RMS; r=0.0694 kappa=1.81587 borrowed-shape peak estimate; ZfMode=bolted; LLG single-earth path"
LG,F4,0.5,LF360_GAT_OUT,P,15,MID,1,sat,primary,H1,bolted,0,closed,Ikpp,kA,100MVA,51.4973448781593,-83.0465619529525,17.1657816260531,17.1657816260531,17.1657816260531,132.43993059458,NaN,"bolted-baseline reference; ZfMode=bolted"
LG,F4,0.5,LF360_GAT_OUT,P,15,MID,1,sat,primary,H1,bolted,0,closed,ip,kA,100MVA,132.43993059458,-83.0465619529525,17.1657816260531,17.1657816260531,17.1657816260531,132.43993059458,NaN,"ip peak = kappa*sqrt(2)*governing RMS; r=0.0683 kappa=1.81852 borrowed-shape peak estimate; ZfMode=bolted"
LLG,F4,0.5,LF360_GAT_OUT,P,15,MID,1,sat,primary,H1,bolted,0,closed,Ikpp,kA,100MVA,51.4085795875598,156.447905883436,17.3164124407605,34.1861009683646,16.8700079591613,132.211645642142,NaN,"LLG single-earth path; bolted-baseline comparison; ZfMode=bolted"
LLG,F4,0.5,LF360_GAT_OUT,P,15,MID,1,sat,primary,H1,bolted,0,closed,ip,kA,100MVA,132.211645642142,156.447905883436,17.3164124407605,34.1861009683646,16.8700079591613,132.211645642142,NaN,"ip peak = kappa*sqrt(2)*governing RMS; r=0.0683 kappa=1.81852 borrowed-shape peak estimate; ZfMode=bolted; LLG single-earth path"
LG,F5,0.5,LF360_GAT_OUT,P,15,MID,1,sat,primary,H1,bolted,0,closed,Ikpp,kA,100MVA,54.6093678525094,-83.5631328063519,18.2031226175031,18.2031226175031,18.2031226175031,141.339730971259,NaN,"bolted-baseline reference; ZfMode=bolted"
LG,F5,0.5,LF360_GAT_OUT,P,15,MID,1,sat,primary,H1,bolted,0,closed,ip,kA,100MVA,141.339730971259,-83.5631328063519,18.2031226175031,18.2031226175031,18.2031226175031,141.339730971259,NaN,"ip peak = kappa*sqrt(2)*governing RMS; r=0.0635 kappa=1.83013 borrowed-shape peak estimate; ZfMode=bolted"
LLG,F5,0.5,LF360_GAT_OUT,P,15,MID,1,sat,primary,H1,bolted,0,closed,Ikpp,kA,100MVA,53.9365363398946,37.9127313862001,18.7422947133362,35.9138484612249,17.1715976915573,139.598311344524,NaN,"LLG single-earth path; bolted-baseline comparison; ZfMode=bolted"
LLG,F5,0.5,LF360_GAT_OUT,P,15,MID,1,sat,primary,H1,bolted,0,closed,ip,kA,100MVA,139.598311344524,37.9127313862001,18.7422947133362,35.9138484612249,17.1715976915573,139.598311344524,NaN,"ip peak = kappa*sqrt(2)*governing RMS; r=0.0635 kappa=1.83013 borrowed-shape peak estimate; ZfMode=bolted; LLG single-earth path"
LG,F3,0.5,LF360_GAT_OUT,P,15,MID,2,sat,primary,H1,bolted,0,closed,Ikpp,kA,100MVA,42.004249828748,-83.3046814181021,14.0014166095827,14.0014166095827,14.0014166095827,107.868032977301,NaN,"bolted-baseline reference; ZfMode=bolted"
LG,F3,0.5,LF360_GAT_OUT,P,15,MID,2,sat,primary,H1,bolted,0,closed,ip,kA,100MVA,107.868032977301,-83.3046814181021,14.0014166095827,14.0014166095827,14.0014166095827,107.868032977301,NaN,"ip peak = kappa*sqrt(2)*governing RMS; r=0.0694 kappa=1.81587 borrowed-shape peak estimate; ZfMode=bolted"
LLG,F3,0.5,LF360_GAT_OUT,P,15,MID,2,sat,primary,H1,bolted,0,closed,Ikpp,kA,100MVA,47.3960212190082,29.1640684753337,11.9808543591536,31.2548467009552,19.2741791389587,121.714245598687,NaN,"LLG single-earth path; bolted-baseline comparison; ZfMode=bolted"
LLG,F3,0.5,LF360_GAT_OUT,P,15,MID,2,sat,primary,H1,bolted,0,closed,ip,kA,100MVA,121.714245598687,29.1640684753337,11.9808543591536,31.2548467009552,19.2741791389587,121.714245598687,NaN,"ip peak = kappa*sqrt(2)*governing RMS; r=0.0694 kappa=1.81587 borrowed-shape peak estimate; ZfMode=bolted; LLG single-earth path"
LG,F4,0.5,LF360_GAT_OUT,P,15,MID,2,sat,primary,H1,bolted,0,closed,Ikpp,kA,100MVA,42.2383106975885,-83.3336145358588,14.0794368991962,14.0794368991962,14.0794368991962,108.627715670705,NaN,"bolted-baseline reference; ZfMode=bolted"
LG,F4,0.5,LF360_GAT_OUT,P,15,MID,2,sat,primary,H1,bolted,0,closed,ip,kA,100MVA,108.627715670705,-83.3336145358588,14.0794368991962,14.0794368991962,14.0794368991962,108.627715670705,NaN,"ip peak = kappa*sqrt(2)*governing RMS; r=0.0683 kappa=1.81852 borrowed-shape peak estimate; ZfMode=bolted"
LLG,F4,0.5,LF360_GAT_OUT,P,15,MID,2,sat,primary,H1,bolted,0,closed,Ikpp,kA,100MVA,47.8042841410282,28.9270070818284,12.0065975363614,31.5311502260688,19.5246391496658,122.942184470689,NaN,"LLG single-earth path; bolted-baseline comparison; ZfMode=bolted"
LLG,F4,0.5,LF360_GAT_OUT,P,15,MID,2,sat,primary,H1,bolted,0,closed,ip,kA,100MVA,122.942184470689,28.9270070818284,12.0065975363614,31.5311502260688,19.5246391496658,122.942184470689,NaN,"ip peak = kappa*sqrt(2)*governing RMS; r=0.0683 kappa=1.81852 borrowed-shape peak estimate; ZfMode=bolted; LLG single-earth path"
LG,F5,0.5,LF360_GAT_OUT,P,15,MID,2,sat,primary,H1,bolted,0,closed,Ikpp,kA,100MVA,44.1061579196869,-83.7151109591574,14.7020526398956,14.7020526398956,14.7020526398956,114.155368203149,NaN,"bolted-baseline reference; ZfMode=bolted"
LG,F5,0.5,LF360_GAT_OUT,P,15,MID,2,sat,primary,H1,bolted,0,closed,ip,kA,100MVA,114.155368203149,-83.7151109591574,14.7020526398956,14.7020526398956,14.7020526398956,114.155368203149,NaN,"ip peak = kappa*sqrt(2)*governing RMS; r=0.0635 kappa=1.83013 borrowed-shape peak estimate; ZfMode=bolted"
LLG,F5,0.5,LF360_GAT_OUT,P,15,MID,2,sat,primary,H1,bolted,0,closed,Ikpp,kA,100MVA,49.8005700856486,28.7547573356603,12.575640209094,32.8302984392334,20.2549137463485,128.893621276326,NaN,"LLG single-earth path; bolted-baseline comparison; ZfMode=bolted"
LLG,F5,0.5,LF360_GAT_OUT,P,15,MID,2,sat,primary,H1,bolted,0,closed,ip,kA,100MVA,128.893621276326,28.7547573356603,12.575640209094,32.8302984392334,20.2549137463485,128.893621276326,NaN,"ip peak = kappa*sqrt(2)*governing RMS; r=0.0635 kappa=1.83013 borrowed-shape peak estimate; ZfMode=bolted; LLG single-earth path"
LG,F3,0.5,LF360_GAT_OUT,P,15,MID,1.5,sat,primary,H1,bolted,0,closed,Ikpp,kA,100MVA,46.504479603965,-83.2852463766961,15.5014932013217,15.5014932013217,15.5014932013217,119.682265843897,NaN,"bolted-baseline reference; ZfMode=bolted"
LG,F3,0.5,LF360_GAT_OUT,P,15,MID,1.5,sat,primary,H1,bolted,0,closed,ip,kA,100MVA,119.682265843897,-83.2852463766961,15.5014932013217,15.5014932013217,15.5014932013217,119.682265843897,NaN,"ip peak = kappa*sqrt(2)*governing RMS; r=0.0677 kappa=1.81978 borrowed-shape peak estimate; ZfMode=bolted"
LLG,F3,0.5,LF360_GAT_OUT,P,15,MID,1.5,sat,primary,H1,bolted,0,closed,Ikpp,kA,100MVA,49.2483245011759,32.3871554490572,14.1919689197392,32.7136720424357,18.5217283313476,126.74372695945,NaN,"LLG single-earth path; bolted-baseline comparison; ZfMode=bolted"
LLG,F3,0.5,LF360_GAT_OUT,P,15,MID,1.5,sat,primary,H1,bolted,0,closed,ip,kA,100MVA,126.74372695945,32.3871554490572,14.1919689197392,32.7136720424357,18.5217283313476,126.74372695945,NaN,"ip peak = kappa*sqrt(2)*governing RMS; r=0.0677 kappa=1.81978 borrowed-shape peak estimate; ZfMode=bolted; LLG single-earth path"
LG,F4,0.5,LF360_GAT_OUT,P,15,MID,1.5,sat,primary,H1,bolted,0,closed,Ikpp,kA,100MVA,46.7891118236539,-83.3270798749879,15.5963706078846,15.5963706078846,15.5963706078846,120.54538793066,NaN,"bolted-baseline reference; ZfMode=bolted"
LG,F4,0.5,LF360_GAT_OUT,P,15,MID,1.5,sat,primary,H1,bolted,0,closed,ip,kA,100MVA,120.54538793066,-83.3270798749879,15.5963706078846,15.5963706078846,15.5963706078846,120.54538793066,NaN,"ip peak = kappa*sqrt(2)*governing RMS; r=0.0669 kappa=1.82176 borrowed-shape peak estimate; ZfMode=bolted"
LLG,F4,0.5,LF360_GAT_OUT,P,15,MID,1.5,sat,primary,H1,bolted,0,closed,Ikpp,kA,100MVA,49.5827128475138,32.2728040248076,14.2619503967586,32.9421690624661,18.680228278601,127.742697433218,NaN,"LLG single-earth path; bolted-baseline comparison; ZfMode=bolted"
LLG,F4,0.5,LF360_GAT_OUT,P,15,MID,1.5,sat,primary,H1,bolted,0,closed,ip,kA,100MVA,127.742697433218,32.2728040248076,14.2619503967586,32.9421690624661,18.680228278601,127.742697433218,NaN,"ip peak = kappa*sqrt(2)*governing RMS; r=0.0669 kappa=1.82176 borrowed-shape peak estimate; ZfMode=bolted; LLG single-earth path"
LG,F5,0.5,LF360_GAT_OUT,P,15,MID,1.5,sat,primary,H1,bolted,0,closed,Ikpp,kA,100MVA,48.4933134068363,-83.6444623156724,16.1644378022788,16.1644378022788,16.1644378022788,125.512400779741,NaN,"bolted-baseline reference; ZfMode=bolted"
LG,F5,0.5,LF360_GAT_OUT,P,15,MID,1.5,sat,primary,H1,bolted,0,closed,ip,kA,100MVA,125.512400779741,-83.6444623156724,16.1644378022788,16.1644378022788,16.1644378022788,125.512400779741,NaN,"ip peak = kappa*sqrt(2)*governing RMS; r=0.0634 kappa=1.83016 borrowed-shape peak estimate; ZfMode=bolted"
LLG,F5,0.5,LF360_GAT_OUT,P,15,MID,1.5,sat,primary,H1,bolted,0,closed,Ikpp,kA,100MVA,51.1941944307939,32.3406837708998,14.8775566541607,33.9829179785043,19.1055181259358,132.502932828837,NaN,"LLG single-earth path; bolted-baseline comparison; ZfMode=bolted"
LLG,F5,0.5,LF360_GAT_OUT,P,15,MID,1.5,sat,primary,H1,bolted,0,closed,ip,kA,100MVA,132.502932828837,32.3406837708998,14.8775566541607,33.9829179785043,19.1055181259358,132.502932828837,NaN,"ip peak = kappa*sqrt(2)*governing RMS; r=0.0634 kappa=1.83016 borrowed-shape peak estimate; ZfMode=bolted; LLG single-earth path"
LG,F3,0.5,LF360_GAT_OUT,P,15,MID,1.5,sat,primary,H1,bolted,0,closed,Ikpp,kA,100MVA,44.6418590488984,-82.9480833593068,14.8806196829661,14.8806196829661,14.8806196829661,114.28729461642,NaN,"bolted-baseline reference; ZfMode=bolted"
LG,F3,0.5,LF360_GAT_OUT,P,15,MID,1.5,sat,primary,H1,bolted,0,closed,ip,kA,100MVA,114.28729461642,-82.9480833593068,14.8806196829661,14.8806196829661,14.8806196829661,114.28729461642,NaN,"ip peak = kappa*sqrt(2)*governing RMS; r=0.0717 kappa=1.81026 borrowed-shape peak estimate; ZfMode=bolted"
LLG,F3,0.5,LF360_GAT_OUT,P,15,MID,1.5,sat,primary,H1,bolted,0,closed,Ikpp,kA,100MVA,47.460708221687,161.679408707627,13.5498684988173,31.5286528242209,17.9787876898696,121.503809626176,NaN,"LLG single-earth path; bolted-baseline comparison; ZfMode=bolted"
LLG,F3,0.5,LF360_GAT_OUT,P,15,MID,1.5,sat,primary,H1,bolted,0,closed,ip,kA,100MVA,121.503809626176,161.679408707627,13.5498684988173,31.5286528242209,17.9787876898696,121.503809626176,NaN,"ip peak = kappa*sqrt(2)*governing RMS; r=0.0717 kappa=1.81026 borrowed-shape peak estimate; ZfMode=bolted; LLG single-earth path"
LG,F4,0.5,LF360_GAT_OUT,P,15,MID,1.5,sat,primary,H1,bolted,0,closed,Ikpp,kA,100MVA,45.1452785751287,-83.0148771917037,15.0484261917096,15.0484261917096,15.0484261917096,115.804321130869,NaN,"bolted-baseline reference; ZfMode=bolted"
LG,F4,0.5,LF360_GAT_OUT,P,15,MID,1.5,sat,primary,H1,bolted,0,closed,ip,kA,100MVA,115.804321130869,-83.0148771917037,15.0484261917096,15.0484261917096,15.0484261917096,115.804321130869,NaN,"ip peak = kappa*sqrt(2)*governing RMS; r=0.0702 kappa=1.81383 borrowed-shape peak estimate; ZfMode=bolted"
LLG,F4,0.5,LF360_GAT_OUT,P,15,MID,1.5,sat,primary,H1,bolted,0,closed,Ikpp,kA,100MVA,48.1312040819397,161.708762369491,13.6660353978996,31.9476834735835,18.2816882288342,123.463661978399,NaN,"LLG single-earth path; bolted-baseline comparison; ZfMode=bolted"
LLG,F4,0.5,LF360_GAT_OUT,P,15,MID,1.5,sat,primary,H1,bolted,0,closed,ip,kA,100MVA,123.463661978399,161.708762369491,13.6660353978996,31.9476834735835,18.2816882288342,123.463661978399,NaN,"ip peak = kappa*sqrt(2)*governing RMS; r=0.0702 kappa=1.81383 borrowed-shape peak estimate; ZfMode=bolted; LLG single-earth path"
LG,F5,0.5,LF360_GAT_OUT,P,15,MID,1.5,sat,primary,H1,bolted,0,closed,Ikpp,kA,100MVA,48.4274725579661,-83.6260768988353,16.1424908526554,16.1424908526554,16.1424908526554,125.336471072409,NaN,"bolted-baseline reference; ZfMode=bolted"
LG,F5,0.5,LF360_GAT_OUT,P,15,MID,1.5,sat,primary,H1,bolted,0,closed,ip,kA,100MVA,125.336471072409,-83.6260768988353,16.1424908526554,16.1424908526554,16.1424908526554,125.336471072409,NaN,"ip peak = kappa*sqrt(2)*governing RMS; r=0.0635 kappa=1.83008 borrowed-shape peak estimate; ZfMode=bolted"
LLG,F5,0.5,LF360_GAT_OUT,P,15,MID,1.5,sat,primary,H1,bolted,0,closed,Ikpp,kA,100MVA,51.1528988625244,32.2972108094469,14.8422644156267,33.9613704077974,19.1192229234315,132.390221704809,NaN,"LLG single-earth path; bolted-baseline comparison; ZfMode=bolted"
LLG,F5,0.5,LF360_GAT_OUT,P,15,MID,1.5,sat,primary,H1,bolted,0,closed,ip,kA,100MVA,132.390221704809,32.2972108094469,14.8422644156267,33.9613704077974,19.1192229234315,132.390221704809,NaN,"ip peak = kappa*sqrt(2)*governing RMS; r=0.0635 kappa=1.83008 borrowed-shape peak estimate; ZfMode=bolted; LLG single-earth path"
LG,F3,0.5,LF360_GAT_OUT,P,15,LOW,1.5,sat,primary,H1,bolted,0,closed,Ikpp,kA,100MVA,46.1024743774869,-83.2748203634975,15.3674914591623,15.3674914591623,15.3674914591623,118.39238283652,NaN,"bolted-baseline reference; ZfMode=bolted"
LG,F3,0.5,LF360_GAT_OUT,P,15,LOW,1.5,sat,primary,H1,bolted,0,closed,ip,kA,100MVA,118.39238283652,-83.2748203634975,15.3674914591623,15.3674914591623,15.3674914591623,118.39238283652,NaN,"ip peak = kappa*sqrt(2)*governing RMS; r=0.0694 kappa=1.81587 borrowed-shape peak estimate; ZfMode=bolted"
LLG,F3,0.5,LF360_GAT_OUT,P,15,LOW,1.5,sat,primary,H1,bolted,0,closed,Ikpp,kA,100MVA,48.7155784323667,32.6729756345673,14.1304466061033,32.3297018027682,18.1994380101763,125.102903688912,NaN,"LLG single-earth path; bolted-baseline comparison; ZfMode=bolted"
LLG,F3,0.5,LF360_GAT_OUT,P,15,LOW,1.5,sat,primary,H1,bolted,0,closed,ip,kA,100MVA,125.102903688912,32.6729756345673,14.1304466061033,32.3297018027682,18.1994380101763,125.102903688912,NaN,"ip peak = kappa*sqrt(2)*governing RMS; r=0.0694 kappa=1.81587 borrowed-shape peak estimate; ZfMode=bolted; LLG single-earth path"
LG,F4,0.5,LF360_GAT_OUT,P,15,LOW,1.5,sat,primary,H1,bolted,0,closed,Ikpp,kA,100MVA,46.4649368298421,-83.3303119856485,15.488312276614,15.488312276614,15.488312276614,119.497675528428,NaN,"bolted-baseline reference; ZfMode=bolted"
LG,F4,0.5,LF360_GAT_OUT,P,15,LOW,1.5,sat,primary,H1,bolted,0,closed,ip,kA,100MVA,119.497675528428,-83.3303119856485,15.488312276614,15.488312276614,15.488312276614,119.497675528428,NaN,"ip peak = kappa*sqrt(2)*governing RMS; r=0.0683 kappa=1.81852 borrowed-shape peak estimate; ZfMode=bolted"
LLG,F4,0.5,LF360_GAT_OUT,P,15,LOW,1.5,sat,primary,H1,bolted,0,closed,Ikpp,kA,100MVA,49.160382255153,32.4927289132394,14.2112784144421,32.6335343853148,18.4223716533694,126.429772821876,NaN,"LLG single-earth path; bolted-baseline comparison; ZfMode=bolted"
LLG,F4,0.5,LF360_GAT_OUT,P,15,LOW,1.5,sat,primary,H1,bolted,0,closed,ip,kA,100MVA,126.429772821876,32.4927289132394,14.2112784144421,32.6335343853148,18.4223716533694,126.429772821876,NaN,"ip peak = kappa*sqrt(2)*governing RMS; r=0.0683 kappa=1.81852 borrowed-shape peak estimate; ZfMode=bolted; LLG single-earth path"
LG,F5,0.5,LF360_GAT_OUT,P,15,LOW,1.5,sat,primary,H1,bolted,0,closed,Ikpp,kA,100MVA,48.4903177773153,-83.6484161710586,16.1634392591051,16.1634392591051,16.1634392591051,125.502431888006,NaN,"bolted-baseline reference; ZfMode=bolted"
LG,F5,0.5,LF360_GAT_OUT,P,15,LOW,1.5,sat,primary,H1,bolted,0,closed,ip,kA,100MVA,125.502431888006,-83.6484161710586,16.1634392591051,16.1634392591051,16.1634392591051,125.502431888006,NaN,"ip peak = kappa*sqrt(2)*governing RMS; r=0.0635 kappa=1.83013 borrowed-shape peak estimate; ZfMode=bolted"
LLG,F5,0.5,LF360_GAT_OUT,P,15,LOW,1.5,sat,primary,H1,bolted,0,closed,Ikpp,kA,100MVA,51.1936519287556,32.339148200675,14.8765975629037,33.9808672177198,19.1044355739986,132.499189710252,NaN,"LLG single-earth path; bolted-baseline comparison; ZfMode=bolted"
LLG,F5,0.5,LF360_GAT_OUT,P,15,LOW,1.5,sat,primary,H1,bolted,0,closed,ip,kA,100MVA,132.499189710252,32.339148200675,14.8765975629037,33.9808672177198,19.1044355739986,132.499189710252,NaN,"ip peak = kappa*sqrt(2)*governing RMS; r=0.0635 kappa=1.83013 borrowed-shape peak estimate; ZfMode=bolted; LLG single-earth path"
LG,F3,0.5,LF360_GAT_OUT,P,15,HIGH,1.5,sat,primary,H1,bolted,0,closed,Ikpp,kA,100MVA,45.3818729724175,-83.0217296863992,15.1272909908058,15.1272909908058,15.1272909908058,116.541859224208,NaN,"bolted-baseline reference; ZfMode=bolted"
LG,F3,0.5,LF360_GAT_OUT,P,15,HIGH,1.5,sat,primary,H1,bolted,0,closed,ip,kA,100MVA,116.541859224208,-83.0217296863992,15.1272909908058,15.1272909908058,15.1272909908058,116.541859224208,NaN,"ip peak = kappa*sqrt(2)*governing RMS; r=0.0694 kappa=1.81587 borrowed-shape peak estimate; ZfMode=bolted"
LLG,F3,0.5,LF360_GAT_OUT,P,15,HIGH,1.5,sat,primary,H1,bolted,0,closed,Ikpp,kA,100MVA,48.4229765780879,161.712569134779,13.7295974287026,32.1292982574709,18.3997766973815,124.351494329258,NaN,"LLG single-earth path; bolted-baseline comparison; ZfMode=bolted"
LLG,F3,0.5,LF360_GAT_OUT,P,15,HIGH,1.5,sat,primary,H1,bolted,0,closed,ip,kA,100MVA,124.351494329258,161.712569134779,13.7295974287026,32.1292982574709,18.3997766973815,124.351494329258,NaN,"ip peak = kappa*sqrt(2)*governing RMS; r=0.0694 kappa=1.81587 borrowed-shape peak estimate; ZfMode=bolted; LLG single-earth path"
LG,F4,0.5,LF360_GAT_OUT,P,15,HIGH,1.5,sat,primary,H1,bolted,0,closed,Ikpp,kA,100MVA,45.7745165023377,-83.0708514458257,15.2581721674459,15.2581721674459,15.2581721674459,117.72206514556,NaN,"bolted-baseline reference; ZfMode=bolted"
LG,F4,0.5,LF360_GAT_OUT,P,15,HIGH,1.5,sat,primary,H1,bolted,0,closed,ip,kA,100MVA,117.72206514556,-83.0708514458257,15.2581721674459,15.2581721674459,15.2581721674459,117.72206514556,NaN,"ip peak = kappa*sqrt(2)*governing RMS; r=0.0683 kappa=1.81852 borrowed-shape peak estimate; ZfMode=bolted"
LLG,F4,0.5,LF360_GAT_OUT,P,15,HIGH,1.5,sat,primary,H1,bolted,0,closed,Ikpp,kA,100MVA,48.9216248897031,161.708227194656,13.8285286633809,32.4421329145123,18.6137475204807,125.815740992003,NaN,"LLG single-earth path; bolted-baseline comparison; ZfMode=bolted"
LLG,F4,0.5,LF360_GAT_OUT,P,15,HIGH,1.5,sat,primary,H1,bolted,0,closed,ip,kA,100MVA,125.815740992003,161.708227194656,13.8285286633809,32.4421329145123,18.6137475204807,125.815740992003,NaN,"ip peak = kappa*sqrt(2)*governing RMS; r=0.0683 kappa=1.81852 borrowed-shape peak estimate; ZfMode=bolted; LLG single-earth path"
LG,F5,0.5,LF360_GAT_OUT,P,15,HIGH,1.5,sat,primary,H1,bolted,0,closed,Ikpp,kA,100MVA,48.4434410757146,-83.6257902401847,16.1478136919049,16.1478136919049,16.1478136919049,125.381105810565,NaN,"bolted-baseline reference; ZfMode=bolted"
LG,F5,0.5,LF360_GAT_OUT,P,15,HIGH,1.5,sat,primary,H1,bolted,0,closed,ip,kA,100MVA,125.381105810565,-83.6257902401847,16.1478136919049,16.1478136919049,16.1478136919049,125.381105810565,NaN,"ip peak = kappa*sqrt(2)*governing RMS; r=0.0635 kappa=1.83013 borrowed-shape peak estimate; ZfMode=bolted"
LLG,F5,0.5,LF360_GAT_OUT,P,15,HIGH,1.5,sat,primary,H1,bolted,0,closed,Ikpp,kA,100MVA,51.1616088233113,32.307283846337,14.8501681327048,33.9676689710511,19.1176173792814,132.416255882576,NaN,"LLG single-earth path; bolted-baseline comparison; ZfMode=bolted"
LLG,F5,0.5,LF360_GAT_OUT,P,15,HIGH,1.5,sat,primary,H1,bolted,0,closed,ip,kA,100MVA,132.416255882576,32.307283846337,14.8501681327048,33.9676689710511,19.1176173792814,132.416255882576,NaN,"ip peak = kappa*sqrt(2)*governing RMS; r=0.0635 kappa=1.83013 borrowed-shape peak estimate; ZfMode=bolted; LLG single-earth path"
LG,F3,0.5,LF360_GAT_OUT,P,15,MID,1.5,sat,primary,H1,bolted,0,closed,Ikpp,kA,100MVA,46.0748567923523,-82.9300378520264,15.3582855974508,15.3582855974508,15.3582855974508,118.321460141883,NaN,"bolted-baseline reference; ZfMode=bolted"
LG,F3,0.5,LF360_GAT_OUT,P,15,MID,1.5,sat,primary,H1,bolted,0,closed,ip,kA,100MVA,118.321460141883,-82.9300378520264,15.3582855974508,15.3582855974508,15.3582855974508,118.321460141883,NaN,"ip peak = kappa*sqrt(2)*governing RMS; r=0.0694 kappa=1.81587 borrowed-shape peak estimate; ZfMode=bolted"
LLG,F3,0.5,LF360_GAT_OUT,P,15,MID,1.5,sat,primary,H1,bolted,0,closed,Ikpp,kA,100MVA,48.7299125864945,161.130465823712,14.1148487964379,32.3218530403427,18.207296487322,125.139714178718,NaN,"LLG single-earth path; bolted-baseline comparison; ZfMode=bolted"
LLG,F3,0.5,LF360_GAT_OUT,P,15,MID,1.5,sat,primary,H1,bolted,0,closed,ip,kA,100MVA,125.139714178718,161.130465823712,14.1148487964379,32.3218530403427,18.207296487322,125.139714178718,NaN,"ip peak = kappa*sqrt(2)*governing RMS; r=0.0694 kappa=1.81587 borrowed-shape peak estimate; ZfMode=bolted; LLG single-earth path"
LG,F4,0.5,LF360_GAT_OUT,P,15,MID,1.5,sat,primary,H1,bolted,0,closed,Ikpp,kA,100MVA,46.4440704361454,-83.0031154088339,15.4813568120485,15.4813568120485,15.4813568120485,119.444011718391,NaN,"bolted-baseline reference; ZfMode=bolted"
LG,F4,0.5,LF360_GAT_OUT,P,15,MID,1.5,sat,primary,H1,bolted,0,closed,ip,kA,100MVA,119.444011718391,-83.0031154088339,15.4813568120485,15.4813568120485,15.4813568120485,119.444011718391,NaN,"ip peak = kappa*sqrt(2)*governing RMS; r=0.0683 kappa=1.81852 borrowed-shape peak estimate; ZfMode=bolted"
LLG,F4,0.5,LF360_GAT_OUT,P,15,MID,1.5,sat,primary,H1,bolted,0,closed,Ikpp,kA,100MVA,49.204833426836,161.146288000343,14.1994855856638,32.6275492425772,18.4283989606635,126.544091532995,NaN,"LLG single-earth path; bolted-baseline comparison; ZfMode=bolted"
LLG,F4,0.5,LF360_GAT_OUT,P,15,MID,1.5,sat,primary,H1,bolted,0,closed,ip,kA,100MVA,126.544091532995,161.146288000343,14.1994855856638,32.6275492425772,18.4283989606635,126.544091532995,NaN,"ip peak = kappa*sqrt(2)*governing RMS; r=0.0683 kappa=1.81852 borrowed-shape peak estimate; ZfMode=bolted; LLG single-earth path"
LG,F5,0.5,LF360_GAT_OUT,P,15,MID,1.5,sat,primary,H1,bolted,0,closed,Ikpp,kA,100MVA,48.490611706443,-83.6264517354392,16.163537235481,16.163537235481,16.163537235481,125.503192634109,NaN,"bolted-baseline reference; ZfMode=bolted"
LG,F5,0.5,LF360_GAT_OUT,P,15,MID,1.5,sat,primary,H1,bolted,0,closed,ip,kA,100MVA,125.503192634109,-83.6264517354392,16.163537235481,16.163537235481,16.163537235481,125.503192634109,NaN,"ip peak = kappa*sqrt(2)*governing RMS; r=0.0635 kappa=1.83013 borrowed-shape peak estimate; ZfMode=bolted"
LLG,F5,0.5,LF360_GAT_OUT,P,15,MID,1.5,sat,primary,H1,bolted,0,closed,Ikpp,kA,100MVA,51.1796322652476,32.3471802065055,14.8767840140682,33.9809769506737,19.1043112309549,132.462904077467,NaN,"LLG single-earth path; bolted-baseline comparison; ZfMode=bolted"
LLG,F5,0.5,LF360_GAT_OUT,P,15,MID,1.5,sat,primary,H1,bolted,0,closed,ip,kA,100MVA,132.462904077467,32.3471802065055,14.8767840140682,33.9809769506737,19.1043112309549,132.462904077467,NaN,"ip peak = kappa*sqrt(2)*governing RMS; r=0.0635 kappa=1.83013 borrowed-shape peak estimate; ZfMode=bolted; LLG single-earth path"
LG,F3,0.5,LF360_GAT_OUT,P,15,MID,1.5,unsat,primary,H1,bolted,0,closed,Ikpp,kA,100MVA,45.6623444291032,-83.1295646059503,15.2207814763677,15.2207814763677,15.2207814763677,117.210111396759,NaN,"bolted-baseline reference; ZfMode=bolted"
LG,F3,0.5,LF360_GAT_OUT,P,15,MID,1.5,unsat,primary,H1,bolted,0,closed,ip,kA,100MVA,117.210111396759,-83.1295646059503,15.2207814763677,15.2207814763677,15.2207814763677,117.210111396759,NaN,"ip peak = kappa*sqrt(2)*governing RMS; r=0.0697 kappa=1.81506 borrowed-shape peak estimate; ZfMode=bolted"
LLG,F3,0.5,LF360_GAT_OUT,P,15,MID,1.5,unsat,primary,H1,bolted,0,closed,Ikpp,kA,100MVA,48.3340119059474,32.4155027653667,13.8775970441362,32.1149655183209,18.2373725408578,124.06798184759,NaN,"LLG single-earth path; bolted-baseline comparison; ZfMode=bolted"
LLG,F3,0.5,LF360_GAT_OUT,P,15,MID,1.5,unsat,primary,H1,bolted,0,closed,ip,kA,100MVA,124.06798184759,32.4155027653667,13.8775970441362,32.1149655183209,18.2373725408578,124.06798184759,NaN,"ip peak = kappa*sqrt(2)*governing RMS; r=0.0697 kappa=1.81506 borrowed-shape peak estimate; ZfMode=bolted; LLG single-earth path"
LG,F4,0.5,LF360_GAT_OUT,P,15,MID,1.5,unsat,primary,H1,bolted,0,closed,Ikpp,kA,100MVA,46.0441965647393,-83.1842456788282,15.3480655215798,15.3480655215798,15.3480655215798,118.369477682709,NaN,"bolted-baseline reference; ZfMode=bolted"
LG,F4,0.5,LF360_GAT_OUT,P,15,MID,1.5,unsat,primary,H1,bolted,0,closed,ip,kA,100MVA,118.369477682709,-83.1842456788282,15.3480655215798,15.3480655215798,15.3480655215798,118.369477682709,NaN,"ip peak = kappa*sqrt(2)*governing RMS; r=0.0686 kappa=1.81782 borrowed-shape peak estimate; ZfMode=bolted"
LLG,F4,0.5,LF360_GAT_OUT,P,15,MID,1.5,unsat,primary,H1,bolted,0,closed,Ikpp,kA,100MVA,48.8021101513823,161.387066564983,13.9702592683756,32.4274415716417,18.4571830583056,125.45946545752,NaN,"LLG single-earth path; bolted-baseline comparison; ZfMode=bolted"
LLG,F4,0.5,LF360_GAT_OUT,P,15,MID,1.5,unsat,primary,H1,bolted,0,closed,ip,kA,100MVA,125.45946545752,161.387066564983,13.9702592683756,32.4274415716417,18.4571830583056,125.45946545752,NaN,"ip peak = kappa*sqrt(2)*governing RMS; r=0.0686 kappa=1.81782 borrowed-shape peak estimate; ZfMode=bolted; LLG single-earth path"
LG,F5,0.5,LF360_GAT_OUT,P,15,MID,1.5,unsat,primary,H1,bolted,0,closed,Ikpp,kA,100MVA,48.3904837663116,-83.622059546227,16.1301612554372,16.1301612554372,16.1301612554372,125.19721790886,NaN,"bolted-baseline reference; ZfMode=bolted"
LG,F5,0.5,LF360_GAT_OUT,P,15,MID,1.5,unsat,primary,H1,bolted,0,closed,ip,kA,100MVA,125.19721790886,-83.622059546227,16.1301612554372,16.1301612554372,16.1301612554372,125.19721790886,NaN,"ip peak = kappa*sqrt(2)*governing RMS; r=0.0637 kappa=1.82945 borrowed-shape peak estimate; ZfMode=bolted"
LLG,F5,0.5,LF360_GAT_OUT,P,15,MID,1.5,unsat,primary,H1,bolted,0,closed,Ikpp,kA,100MVA,51.0075453598338,32.3434558623203,14.8139541033821,33.8614102405198,19.0475955393095,131.968153123879,NaN,"LLG single-earth path; bolted-baseline comparison; ZfMode=bolted"
LLG,F5,0.5,LF360_GAT_OUT,P,15,MID,1.5,unsat,primary,H1,bolted,0,closed,ip,kA,100MVA,131.968153123879,32.3434558623203,14.8139541033821,33.8614102405198,19.0475955393095,131.968153123879,NaN,"ip peak = kappa*sqrt(2)*governing RMS; r=0.0637 kappa=1.82945 borrowed-shape peak estimate; ZfMode=bolted; LLG single-earth path"
LG,F3,0.5,LF360_GAT_OUT,P,15,MID,1.5,sat,quoted60,H1,bolted,0,closed,Ikpp,kA,100MVA,45.7377472846575,-83.1457682271016,15.2459157615525,15.2459157615525,15.2459157615525,117.455753942123,NaN,"bolted-baseline reference; ZfMode=bolted"
LG,F3,0.5,LF360_GAT_OUT,P,15,MID,1.5,sat,quoted60,H1,bolted,0,closed,ip,kA,100MVA,117.455753942123,-83.1457682271016,15.2459157615525,15.2459157615525,15.2459157615525,117.455753942123,NaN,"ip peak = kappa*sqrt(2)*governing RMS; r=0.0694 kappa=1.81587 borrowed-shape peak estimate; ZfMode=bolted"
LLG,F3,0.5,LF360_GAT_OUT,P,15,MID,1.5,sat,quoted60,H1,bolted,0,closed,Ikpp,kA,100MVA,48.5036617932619,32.3928350224767,13.9263066935507,32.2276873898655,18.3013847772616,124.558696112093,NaN,"LLG single-earth path; bolted-baseline comparison; ZfMode=bolted"
LLG,F3,0.5,LF360_GAT_OUT,P,15,MID,1.5,sat,quoted60,H1,bolted,0,closed,ip,kA,100MVA,124.558696112093,32.3928350224767,13.9263066935507,32.2276873898655,18.3013847772616,124.558696112093,NaN,"ip peak = kappa*sqrt(2)*governing RMS; r=0.0694 kappa=1.81587 borrowed-shape peak estimate; ZfMode=bolted; LLG single-earth path"
LG,F4,0.5,LF360_GAT_OUT,P,15,MID,1.5,sat,quoted60,H1,bolted,0,closed,Ikpp,kA,100MVA,46.1170088370327,-83.1994042514144,15.3723362790109,15.3723362790109,15.3723362790109,118.602880673885,NaN,"bolted-baseline reference; ZfMode=bolted"
LG,F4,0.5,LF360_GAT_OUT,P,15,MID,1.5,sat,quoted60,H1,bolted,0,closed,ip,kA,100MVA,118.602880673885,-83.1994042514144,15.3723362790109,15.3723362790109,15.3723362790109,118.602880673885,NaN,"ip peak = kappa*sqrt(2)*governing RMS; r=0.0683 kappa=1.81852 borrowed-shape peak estimate; ZfMode=bolted"
LLG,F4,0.5,LF360_GAT_OUT,P,15,MID,1.5,sat,quoted60,H1,bolted,0,closed,Ikpp,kA,100MVA,48.9663352242708,161.366228036338,14.0172709004445,32.5365638808855,18.5192937380214,125.930726213494,NaN,"LLG single-earth path; bolted-baseline comparison; ZfMode=bolted"
LLG,F4,0.5,LF360_GAT_OUT,P,15,MID,1.5,sat,quoted60,H1,bolted,0,closed,ip,kA,100MVA,125.930726213494,161.366228036338,14.0172709004445,32.5365638808855,18.5192937380214,125.930726213494,NaN,"ip peak = kappa*sqrt(2)*governing RMS; r=0.0683 kappa=1.81852 borrowed-shape peak estimate; ZfMode=bolted; LLG single-earth path"
LG,F5,0.5,LF360_GAT_OUT,P,15,MID,1.5,sat,quoted60,H1,bolted,0,closed,Ikpp,kA,100MVA,48.4667640662034,-83.6369864365484,16.1555880220678,16.1555880220678,16.1555880220678,125.441470274223,NaN,"bolted-baseline reference; ZfMode=bolted"
LG,F5,0.5,LF360_GAT_OUT,P,15,MID,1.5,sat,quoted60,H1,bolted,0,closed,ip,kA,100MVA,125.441470274223,-83.6369864365484,16.1555880220678,16.1555880220678,16.1555880220678,125.441470274223,NaN,"ip peak = kappa*sqrt(2)*governing RMS; r=0.0635 kappa=1.83013 borrowed-shape peak estimate; ZfMode=bolted"
LLG,F5,0.5,LF360_GAT_OUT,P,15,MID,1.5,sat,quoted60,H1,bolted,0,closed,Ikpp,kA,100MVA,51.1774982446824,32.3231634812445,14.8633129623141,33.9742336338986,19.1110605382326,132.45738081462,NaN,"LLG single-earth path; bolted-baseline comparison; ZfMode=bolted"
LLG,F5,0.5,LF360_GAT_OUT,P,15,MID,1.5,sat,quoted60,H1,bolted,0,closed,ip,kA,100MVA,132.45738081462,32.3231634812445,14.8633129623141,33.9742336338986,19.1110605382326,132.45738081462,NaN,"ip peak = kappa*sqrt(2)*governing RMS; r=0.0635 kappa=1.83013 borrowed-shape peak estimate; ZfMode=bolted; LLG single-earth path"
LG,F3,0.5,LF360_GAT_OUT,P,15,MID,1.5,sat,primary,H1,earth,5.29,closed,Ikpp,kA,100MVA,21.3854882216456,-24.885928922937,7.12849607388187,7.12849607388187,7.12849607388187,54.9185036783911,NaN,"bolted-baseline reference; ZfMode=earth"
LG,F3,0.5,LF360_GAT_OUT,P,15,MID,1.5,sat,primary,H1,earth,5.29,closed,ip,kA,100MVA,54.9185036783911,-24.885928922937,7.12849607388187,7.12849607388187,7.12849607388187,54.9185036783911,NaN,"ip peak = kappa*sqrt(2)*governing RMS; r=0.0694 kappa=1.81587 borrowed-shape peak estimate; ZfMode=earth"
LLG,F3,0.5,LF360_GAT_OUT,P,15,MID,1.5,sat,primary,H1,earth,5.29,closed,Ikpp,kA,100MVA,49.3315594209538,-175.497795877931,3.93153454244429,26.0118072088018,24.6506076060724,126.684759283553,NaN,"LLG single-earth path; bolted-baseline comparison; ZfMode=earth"
LLG,F3,0.5,LF360_GAT_OUT,P,15,MID,1.5,sat,primary,H1,earth,5.29,closed,ip,kA,100MVA,126.684759283553,-175.497795877931,3.93153454244429,26.0118072088018,24.6506076060724,126.684759283553,NaN,"ip peak = kappa*sqrt(2)*governing RMS; r=0.0694 kappa=1.81587 borrowed-shape peak estimate; ZfMode=earth; LLG single-earth path"
LG,F4,0.5,LF360_GAT_OUT,P,15,MID,1.5,sat,primary,H1,earth,5.29,closed,Ikpp,kA,100MVA,21.432047371794,-24.7276387489075,7.14401579059801,7.14401579059801,7.14401579059801,55.1185478229185,NaN,"bolted-baseline reference; ZfMode=earth"
LG,F4,0.5,LF360_GAT_OUT,P,15,MID,1.5,sat,primary,H1,earth,5.29,closed,ip,kA,100MVA,55.1185478229185,-24.7276387489075,7.14401579059801,7.14401579059801,7.14401579059801,55.1185478229185,NaN,"ip peak = kappa*sqrt(2)*governing RMS; r=0.0683 kappa=1.81852 borrowed-shape peak estimate; ZfMode=earth"
LLG,F4,0.5,LF360_GAT_OUT,P,15,MID,1.5,sat,primary,H1,earth,5.29,closed,Ikpp,kA,100MVA,49.7958114048618,-175.545718347707,3.93382079752943,26.269966178276,24.918328724851,128.063957898492,NaN,"LLG single-earth path; bolted-baseline comparison; ZfMode=earth"
LLG,F4,0.5,LF360_GAT_OUT,P,15,MID,1.5,sat,primary,H1,earth,5.29,closed,ip,kA,100MVA,128.063957898492,-175.545718347707,3.93382079752943,26.269966178276,24.918328724851,128.063957898492,NaN,"ip peak = kappa*sqrt(2)*governing RMS; r=0.0683 kappa=1.81852 borrowed-shape peak estimate; ZfMode=earth; LLG single-earth path"
LG,F5,0.5,LF360_GAT_OUT,P,15,MID,1.5,sat,primary,H1,earth,5.29,closed,Ikpp,kA,100MVA,21.7430258784102,-23.7299310870846,7.24767529280339,7.24767529280339,7.24767529280339,56.2752060499158,NaN,"bolted-baseline reference; ZfMode=earth"
LG,F5,0.5,LF360_GAT_OUT,P,15,MID,1.5,sat,primary,H1,earth,5.29,closed,ip,kA,100MVA,56.2752060499158,-23.7299310870846,7.24767529280339,7.24767529280339,7.24767529280339,56.2752060499158,NaN,"ip peak = kappa*sqrt(2)*governing RMS; r=0.0635 kappa=1.83013 borrowed-shape peak estimate; ZfMode=earth"
LLG,F5,0.5,LF360_GAT_OUT,P,15,MID,1.5,sat,primary,H1,earth,5.29,closed,Ikpp,kA,100MVA,51.6290643782073,-175.659416018859,3.96415005970489,27.2537462026588,25.9625692034371,133.626122338977,NaN,"LLG single-earth path; bolted-baseline comparison; ZfMode=earth"
LLG,F5,0.5,LF360_GAT_OUT,P,15,MID,1.5,sat,primary,H1,earth,5.29,closed,ip,kA,100MVA,133.626122338977,-175.659416018859,3.96415005970489,27.2537462026588,25.9625692034371,133.626122338977,NaN,"ip peak = kappa*sqrt(2)*governing RMS; r=0.0635 kappa=1.83013 borrowed-shape peak estimate; ZfMode=earth; LLG single-earth path"
LG,F3,0.5,LF360_GAT_OUT,P,15,MID,1.5,sat,primary,H1,phase,1.058,closed,Ikpp,kA,100MVA,42.0515249630434,-63.6063737250508,14.0171749876811,14.0171749876811,14.0171749876811,107.989436782059,NaN,"bolted-baseline reference; ZfMode=phase"
LG,F3,0.5,LF360_GAT_OUT,P,15,MID,1.5,sat,primary,H1,phase,1.058,closed,ip,kA,100MVA,107.989436782059,-63.6063737250508,14.0171749876811,14.0171749876811,14.0171749876811,107.989436782059,NaN,"ip peak = kappa*sqrt(2)*governing RMS; r=0.0694 kappa=1.81587 borrowed-shape peak estimate; ZfMode=phase"
LLG,F3,0.5,LF360_GAT_OUT,P,15,MID,1.5,sat,primary,H1,phase,1.058,closed,Ikpp,kA,100MVA,54.6802796674247,171.789494186331,11.2417543491999,30.1606328482272,20.7380827183211,140.420415420371,NaN,"LLG single-earth path; bolted-baseline comparison; ZfMode=phase"
LLG,F3,0.5,LF360_GAT_OUT,P,15,MID,1.5,sat,primary,H1,phase,1.058,closed,ip,kA,100MVA,140.420415420371,171.789494186331,11.2417543491999,30.1606328482272,20.7380827183211,140.420415420371,NaN,"ip peak = kappa*sqrt(2)*governing RMS; r=0.0694 kappa=1.81587 borrowed-shape peak estimate; ZfMode=phase; LLG single-earth path"
LG,F4,0.5,LF360_GAT_OUT,P,15,MID,1.5,sat,primary,H1,phase,1.058,closed,Ikpp,kA,100MVA,42.3596347332046,-63.5088273266715,14.1198782444015,14.1198782444015,14.1198782444015,108.939734608661,NaN,"bolted-baseline reference; ZfMode=phase"
LG,F4,0.5,LF360_GAT_OUT,P,15,MID,1.5,sat,primary,H1,phase,1.058,closed,ip,kA,100MVA,108.939734608661,-63.5088273266715,14.1198782444015,14.1198782444015,14.1198782444015,108.939734608661,NaN,"ip peak = kappa*sqrt(2)*governing RMS; r=0.0683 kappa=1.81852 borrowed-shape peak estimate; ZfMode=phase"
LLG,F4,0.5,LF360_GAT_OUT,P,15,MID,1.5,sat,primary,H1,phase,1.058,closed,Ikpp,kA,100MVA,55.2207753835176,171.824378492054,11.2915902831127,30.4350215129895,20.9943018808531,142.015781133479,NaN,"LLG single-earth path; bolted-baseline comparison; ZfMode=phase"
LLG,F4,0.5,LF360_GAT_OUT,P,15,MID,1.5,sat,primary,H1,phase,1.058,closed,ip,kA,100MVA,142.015781133479,171.824378492054,11.2915902831127,30.4350215129895,20.9943018808531,142.015781133479,NaN,"ip peak = kappa*sqrt(2)*governing RMS; r=0.0683 kappa=1.81852 borrowed-shape peak estimate; ZfMode=phase; LLG single-earth path"
LG,F5,0.5,LF360_GAT_OUT,P,15,MID,1.5,sat,primary,H1,phase,1.058,closed,Ikpp,kA,100MVA,44.31035024238,-62.987776550476,14.77011674746,14.77011674746,14.77011674746,114.683857894401,NaN,"bolted-baseline reference; ZfMode=phase"
LG,F5,0.5,LF360_GAT_OUT,P,15,MID,1.5,sat,primary,H1,phase,1.058,closed,ip,kA,100MVA,114.683857894401,-62.987776550476,14.77011674746,14.77011674746,14.77011674746,114.683857894401,NaN,"ip peak = kappa*sqrt(2)*governing RMS; r=0.0635 kappa=1.83013 borrowed-shape peak estimate; ZfMode=phase"
LLG,F5,0.5,LF360_GAT_OUT,P,15,MID,1.5,sat,primary,H1,phase,1.058,closed,Ikpp,kA,100MVA,57.7583655251161,171.797109014174,11.7895812286239,31.6002558323194,21.9063396620106,149.489953201947,NaN,"LLG single-earth path; bolted-baseline comparison; ZfMode=phase"
LLG,F5,0.5,LF360_GAT_OUT,P,15,MID,1.5,sat,primary,H1,phase,1.058,closed,ip,kA,100MVA,149.489953201947,171.797109014174,11.7895812286239,31.6002558323194,21.9063396620106,149.489953201947,NaN,"ip peak = kappa*sqrt(2)*governing RMS; r=0.0635 kappa=1.83013 borrowed-shape peak estimate; ZfMode=phase; LLG single-earth path"
LG,F3,0.5,LF360_GAT_OUT,P,15,MID,1.5,sat,primary,H1,bolted,0,open,Ikpp,kA,100MVA,45.7377472846575,-83.1457682271016,15.2459157615525,15.2459157615525,15.2459157615525,117.455753942123,NaN,"bolted-baseline reference; ZfMode=bolted"
LG,F3,0.5,LF360_GAT_OUT,P,15,MID,1.5,sat,primary,H1,bolted,0,open,ip,kA,100MVA,117.455753942123,-83.1457682271016,15.2459157615525,15.2459157615525,15.2459157615525,117.455753942123,NaN,"ip peak = kappa*sqrt(2)*governing RMS; r=0.0694 kappa=1.81587 borrowed-shape peak estimate; ZfMode=bolted"
LLG,F3,0.5,LF360_GAT_OUT,P,15,MID,1.5,sat,primary,H1,bolted,0,open,Ikpp,kA,100MVA,48.5036617932619,32.3928350224767,13.9263066935507,32.2276873898655,18.3013847772616,124.558696112093,NaN,"LLG single-earth path; bolted-baseline comparison; ZfMode=bolted"
LLG,F3,0.5,LF360_GAT_OUT,P,15,MID,1.5,sat,primary,H1,bolted,0,open,ip,kA,100MVA,124.558696112093,32.3928350224767,13.9263066935507,32.2276873898655,18.3013847772616,124.558696112093,NaN,"ip peak = kappa*sqrt(2)*governing RMS; r=0.0694 kappa=1.81587 borrowed-shape peak estimate; ZfMode=bolted; LLG single-earth path"
LG,F4,0.5,LF360_GAT_OUT,P,15,MID,1.5,sat,primary,H1,bolted,0,open,Ikpp,kA,100MVA,46.1170088370327,-83.1994042514144,15.3723362790109,15.3723362790109,15.3723362790109,118.602880673885,NaN,"bolted-baseline reference; ZfMode=bolted"
LG,F4,0.5,LF360_GAT_OUT,P,15,MID,1.5,sat,primary,H1,bolted,0,open,ip,kA,100MVA,118.602880673885,-83.1994042514144,15.3723362790109,15.3723362790109,15.3723362790109,118.602880673885,NaN,"ip peak = kappa*sqrt(2)*governing RMS; r=0.0683 kappa=1.81852 borrowed-shape peak estimate; ZfMode=bolted"
LLG,F4,0.5,LF360_GAT_OUT,P,15,MID,1.5,sat,primary,H1,bolted,0,open,Ikpp,kA,100MVA,48.9663352242708,161.366228036338,14.0172709004445,32.5365638808855,18.5192937380214,125.930726213494,NaN,"LLG single-earth path; bolted-baseline comparison; ZfMode=bolted"
LLG,F4,0.5,LF360_GAT_OUT,P,15,MID,1.5,sat,primary,H1,bolted,0,open,ip,kA,100MVA,125.930726213494,161.366228036338,14.0172709004445,32.5365638808855,18.5192937380214,125.930726213494,NaN,"ip peak = kappa*sqrt(2)*governing RMS; r=0.0683 kappa=1.81852 borrowed-shape peak estimate; ZfMode=bolted; LLG single-earth path"
LG,F5,0.5,LF360_GAT_OUT,P,15,MID,1.5,sat,primary,H1,bolted,0,open,Ikpp,kA,100MVA,48.4667640662034,-83.6369864365484,16.1555880220678,16.1555880220678,16.1555880220678,125.441470274223,NaN,"bolted-baseline reference; ZfMode=bolted"
LG,F5,0.5,LF360_GAT_OUT,P,15,MID,1.5,sat,primary,H1,bolted,0,open,ip,kA,100MVA,125.441470274223,-83.6369864365484,16.1555880220678,16.1555880220678,16.1555880220678,125.441470274223,NaN,"ip peak = kappa*sqrt(2)*governing RMS; r=0.0635 kappa=1.83013 borrowed-shape peak estimate; ZfMode=bolted"
LLG,F5,0.5,LF360_GAT_OUT,P,15,MID,1.5,sat,primary,H1,bolted,0,open,Ikpp,kA,100MVA,51.1774982446824,32.3231634812445,14.8633129623141,33.9742336338986,19.1110605382326,132.45738081462,NaN,"LLG single-earth path; bolted-baseline comparison; ZfMode=bolted"
LLG,F5,0.5,LF360_GAT_OUT,P,15,MID,1.5,sat,primary,H1,bolted,0,open,ip,kA,100MVA,132.45738081462,32.3231634812445,14.8633129623141,33.9742336338986,19.1110605382326,132.45738081462,NaN,"ip peak = kappa*sqrt(2)*governing RMS; r=0.0635 kappa=1.83013 borrowed-shape peak estimate; ZfMode=bolted; LLG single-earth path"
LG,F3,0.5,LF360_GAT_OUT,P,15,MID,1.5,sat,primary,H0,bolted,0,closed,Ikpp,kA,100MVA,45.7377472846575,-83.1457682271016,15.2459157615525,15.2459157615525,15.2459157615525,117.455753942123,NaN,"bolted-baseline reference; ZfMode=bolted"
LG,F3,0.5,LF360_GAT_OUT,P,15,MID,1.5,sat,primary,H0,bolted,0,closed,ip,kA,100MVA,117.455753942123,-83.1457682271016,15.2459157615525,15.2459157615525,15.2459157615525,117.455753942123,NaN,"ip peak = kappa*sqrt(2)*governing RMS; r=0.0694 kappa=1.81587 borrowed-shape peak estimate; ZfMode=bolted"
LLG,F3,0.5,LF360_GAT_OUT,P,15,MID,1.5,sat,primary,H0,bolted,0,closed,Ikpp,kA,100MVA,48.5036617932619,32.3928350224767,13.9263066935507,32.2276873898655,18.3013847772616,124.558696112093,NaN,"LLG single-earth path; bolted-baseline comparison; ZfMode=bolted"
LLG,F3,0.5,LF360_GAT_OUT,P,15,MID,1.5,sat,primary,H0,bolted,0,closed,ip,kA,100MVA,124.558696112093,32.3928350224767,13.9263066935507,32.2276873898655,18.3013847772616,124.558696112093,NaN,"ip peak = kappa*sqrt(2)*governing RMS; r=0.0694 kappa=1.81587 borrowed-shape peak estimate; ZfMode=bolted; LLG single-earth path"
LG,F4,0.5,LF360_GAT_OUT,P,15,MID,1.5,sat,primary,H0,bolted,0,closed,Ikpp,kA,100MVA,46.1170088370327,-83.1994042514144,15.3723362790109,15.3723362790109,15.3723362790109,118.602880673885,NaN,"bolted-baseline reference; ZfMode=bolted"
LG,F4,0.5,LF360_GAT_OUT,P,15,MID,1.5,sat,primary,H0,bolted,0,closed,ip,kA,100MVA,118.602880673885,-83.1994042514144,15.3723362790109,15.3723362790109,15.3723362790109,118.602880673885,NaN,"ip peak = kappa*sqrt(2)*governing RMS; r=0.0683 kappa=1.81852 borrowed-shape peak estimate; ZfMode=bolted"
LLG,F4,0.5,LF360_GAT_OUT,P,15,MID,1.5,sat,primary,H0,bolted,0,closed,Ikpp,kA,100MVA,48.9663352242708,161.366228036338,14.0172709004445,32.5365638808855,18.5192937380214,125.930726213494,NaN,"LLG single-earth path; bolted-baseline comparison; ZfMode=bolted"
LLG,F4,0.5,LF360_GAT_OUT,P,15,MID,1.5,sat,primary,H0,bolted,0,closed,ip,kA,100MVA,125.930726213494,161.366228036338,14.0172709004445,32.5365638808855,18.5192937380214,125.930726213494,NaN,"ip peak = kappa*sqrt(2)*governing RMS; r=0.0683 kappa=1.81852 borrowed-shape peak estimate; ZfMode=bolted; LLG single-earth path"
LG,F5,0.5,LF360_GAT_OUT,P,15,MID,1.5,sat,primary,H0,bolted,0,closed,Ikpp,kA,100MVA,48.4667640662034,-83.6369864365484,16.1555880220678,16.1555880220678,16.1555880220678,125.441470274223,NaN,"bolted-baseline reference; ZfMode=bolted"
LG,F5,0.5,LF360_GAT_OUT,P,15,MID,1.5,sat,primary,H0,bolted,0,closed,ip,kA,100MVA,125.441470274223,-83.6369864365484,16.1555880220678,16.1555880220678,16.1555880220678,125.441470274223,NaN,"ip peak = kappa*sqrt(2)*governing RMS; r=0.0635 kappa=1.83013 borrowed-shape peak estimate; ZfMode=bolted"
LLG,F5,0.5,LF360_GAT_OUT,P,15,MID,1.5,sat,primary,H0,bolted,0,closed,Ikpp,kA,100MVA,51.1774982446824,32.3231634812445,14.8633129623141,33.9742336338986,19.1110605382326,132.45738081462,NaN,"LLG single-earth path; bolted-baseline comparison; ZfMode=bolted"
LLG,F5,0.5,LF360_GAT_OUT,P,15,MID,1.5,sat,primary,H0,bolted,0,closed,ip,kA,100MVA,132.45738081462,32.3231634812445,14.8633129623141,33.9742336338986,19.1110605382326,132.45738081462,NaN,"ip peak = kappa*sqrt(2)*governing RMS; r=0.0635 kappa=1.83013 borrowed-shape peak estimate; ZfMode=bolted; LLG single-earth path"
LG,F3,0.5,LF360_GAT_OUT,P,15,MID,1.5,sat,primary,H2,bolted,0,closed,Ikpp,kA,100MVA,45.7377472846575,-83.1457682271016,15.2459157615525,15.2459157615525,15.2459157615525,117.455753942123,NaN,"bolted-baseline reference; ZfMode=bolted"
LG,F3,0.5,LF360_GAT_OUT,P,15,MID,1.5,sat,primary,H2,bolted,0,closed,ip,kA,100MVA,117.455753942123,-83.1457682271016,15.2459157615525,15.2459157615525,15.2459157615525,117.455753942123,NaN,"ip peak = kappa*sqrt(2)*governing RMS; r=0.0694 kappa=1.81587 borrowed-shape peak estimate; ZfMode=bolted"
LLG,F3,0.5,LF360_GAT_OUT,P,15,MID,1.5,sat,primary,H2,bolted,0,closed,Ikpp,kA,100MVA,48.5036617932619,32.3928350224767,13.9263066935507,32.2276873898655,18.3013847772616,124.558696112093,NaN,"LLG single-earth path; bolted-baseline comparison; ZfMode=bolted"
LLG,F3,0.5,LF360_GAT_OUT,P,15,MID,1.5,sat,primary,H2,bolted,0,closed,ip,kA,100MVA,124.558696112093,32.3928350224767,13.9263066935507,32.2276873898655,18.3013847772616,124.558696112093,NaN,"ip peak = kappa*sqrt(2)*governing RMS; r=0.0694 kappa=1.81587 borrowed-shape peak estimate; ZfMode=bolted; LLG single-earth path"
LG,F4,0.5,LF360_GAT_OUT,P,15,MID,1.5,sat,primary,H2,bolted,0,closed,Ikpp,kA,100MVA,46.1170088370327,-83.1994042514144,15.3723362790109,15.3723362790109,15.3723362790109,118.602880673885,NaN,"bolted-baseline reference; ZfMode=bolted"
LG,F4,0.5,LF360_GAT_OUT,P,15,MID,1.5,sat,primary,H2,bolted,0,closed,ip,kA,100MVA,118.602880673885,-83.1994042514144,15.3723362790109,15.3723362790109,15.3723362790109,118.602880673885,NaN,"ip peak = kappa*sqrt(2)*governing RMS; r=0.0683 kappa=1.81852 borrowed-shape peak estimate; ZfMode=bolted"
LLG,F4,0.5,LF360_GAT_OUT,P,15,MID,1.5,sat,primary,H2,bolted,0,closed,Ikpp,kA,100MVA,48.9663352242708,161.366228036338,14.0172709004445,32.5365638808855,18.5192937380214,125.930726213494,NaN,"LLG single-earth path; bolted-baseline comparison; ZfMode=bolted"
LLG,F4,0.5,LF360_GAT_OUT,P,15,MID,1.5,sat,primary,H2,bolted,0,closed,ip,kA,100MVA,125.930726213494,161.366228036338,14.0172709004445,32.5365638808855,18.5192937380214,125.930726213494,NaN,"ip peak = kappa*sqrt(2)*governing RMS; r=0.0683 kappa=1.81852 borrowed-shape peak estimate; ZfMode=bolted; LLG single-earth path"
LG,F5,0.5,LF360_GAT_OUT,P,15,MID,1.5,sat,primary,H2,bolted,0,closed,Ikpp,kA,100MVA,48.4667640662034,-83.6369864365484,16.1555880220678,16.1555880220678,16.1555880220678,125.441470274223,NaN,"bolted-baseline reference; ZfMode=bolted"
LG,F5,0.5,LF360_GAT_OUT,P,15,MID,1.5,sat,primary,H2,bolted,0,closed,ip,kA,100MVA,125.441470274223,-83.6369864365484,16.1555880220678,16.1555880220678,16.1555880220678,125.441470274223,NaN,"ip peak = kappa*sqrt(2)*governing RMS; r=0.0635 kappa=1.83013 borrowed-shape peak estimate; ZfMode=bolted"
LLG,F5,0.5,LF360_GAT_OUT,P,15,MID,1.5,sat,primary,H2,bolted,0,closed,Ikpp,kA,100MVA,51.1774982446824,32.3231634812445,14.8633129623141,33.9742336338986,19.1110605382326,132.45738081462,NaN,"LLG single-earth path; bolted-baseline comparison; ZfMode=bolted"
LLG,F5,0.5,LF360_GAT_OUT,P,15,MID,1.5,sat,primary,H2,bolted,0,closed,ip,kA,100MVA,132.45738081462,32.3231634812445,14.8633129623141,33.9742336338986,19.1110605382326,132.45738081462,NaN,"ip peak = kappa*sqrt(2)*governing RMS; r=0.0635 kappa=1.83013 borrowed-shape peak estimate; ZfMode=bolted; LLG single-earth path"
LG,F3,0.5,LF360_GAT_OUT,P,15,MID,1.5,sat,primary,H1,bolted,0,closed,Ikpp,kA,100MVA,45.7377472846575,-83.1457682271016,15.2459157615525,15.2459157615525,15.2459157615525,117.455753942123,NaN,"bolted-baseline reference; ZfMode=bolted"
LG,F3,0.5,LF360_GAT_OUT,P,15,MID,1.5,sat,primary,H1,bolted,0,closed,ip,kA,100MVA,117.455753942123,-83.1457682271016,15.2459157615525,15.2459157615525,15.2459157615525,117.455753942123,NaN,"ip peak = kappa*sqrt(2)*governing RMS; r=0.0694 kappa=1.81587 borrowed-shape peak estimate; ZfMode=bolted"
LLG,F3,0.5,LF360_GAT_OUT,P,15,MID,1.5,sat,primary,H1,bolted,0,closed,Ikpp,kA,100MVA,48.5036617932619,32.3928350224767,13.9263066935507,32.2276873898655,18.3013847772616,124.558696112093,NaN,"LLG single-earth path; bolted-baseline comparison; ZfMode=bolted"
LLG,F3,0.5,LF360_GAT_OUT,P,15,MID,1.5,sat,primary,H1,bolted,0,closed,ip,kA,100MVA,124.558696112093,32.3928350224767,13.9263066935507,32.2276873898655,18.3013847772616,124.558696112093,NaN,"ip peak = kappa*sqrt(2)*governing RMS; r=0.0694 kappa=1.81587 borrowed-shape peak estimate; ZfMode=bolted; LLG single-earth path"
LG,F4,0.5,LF360_GAT_OUT,P,15,MID,1.5,sat,primary,H1,bolted,0,closed,Ikpp,kA,100MVA,46.1170088370327,-83.1994042514144,15.3723362790109,15.3723362790109,15.3723362790109,118.602880673885,NaN,"bolted-baseline reference; ZfMode=bolted"
LG,F4,0.5,LF360_GAT_OUT,P,15,MID,1.5,sat,primary,H1,bolted,0,closed,ip,kA,100MVA,118.602880673885,-83.1994042514144,15.3723362790109,15.3723362790109,15.3723362790109,118.602880673885,NaN,"ip peak = kappa*sqrt(2)*governing RMS; r=0.0683 kappa=1.81852 borrowed-shape peak estimate; ZfMode=bolted"
LLG,F4,0.5,LF360_GAT_OUT,P,15,MID,1.5,sat,primary,H1,bolted,0,closed,Ikpp,kA,100MVA,48.9663352242708,161.366228036338,14.0172709004445,32.5365638808855,18.5192937380214,125.930726213494,NaN,"LLG single-earth path; bolted-baseline comparison; ZfMode=bolted"
LLG,F4,0.5,LF360_GAT_OUT,P,15,MID,1.5,sat,primary,H1,bolted,0,closed,ip,kA,100MVA,125.930726213494,161.366228036338,14.0172709004445,32.5365638808855,18.5192937380214,125.930726213494,NaN,"ip peak = kappa*sqrt(2)*governing RMS; r=0.0683 kappa=1.81852 borrowed-shape peak estimate; ZfMode=bolted; LLG single-earth path"
LG,F5,0.5,LF360_GAT_OUT,P,15,MID,1.5,sat,primary,H1,bolted,0,closed,Ikpp,kA,100MVA,48.4667640662034,-83.6369864365484,16.1555880220678,16.1555880220678,16.1555880220678,125.441470274223,NaN,"bolted-baseline reference; ZfMode=bolted"
LG,F5,0.5,LF360_GAT_OUT,P,15,MID,1.5,sat,primary,H1,bolted,0,closed,ip,kA,100MVA,125.441470274223,-83.6369864365484,16.1555880220678,16.1555880220678,16.1555880220678,125.441470274223,NaN,"ip peak = kappa*sqrt(2)*governing RMS; r=0.0635 kappa=1.83013 borrowed-shape peak estimate; ZfMode=bolted"
LLG,F5,0.5,LF360_GAT_OUT,P,15,MID,1.5,sat,primary,H1,bolted,0,closed,Ikpp,kA,100MVA,51.1774982446824,32.3231634812445,14.8633129623141,33.9742336338986,19.1110605382326,132.45738081462,NaN,"LLG single-earth path; bolted-baseline comparison; ZfMode=bolted"
LLG,F5,0.5,LF360_GAT_OUT,P,15,MID,1.5,sat,primary,H1,bolted,0,closed,ip,kA,100MVA,132.45738081462,32.3231634812445,14.8633129623141,33.9742336338986,19.1110605382326,132.45738081462,NaN,"ip peak = kappa*sqrt(2)*governing RMS; r=0.0635 kappa=1.83013 borrowed-shape peak estimate; ZfMode=bolted; LLG single-earth path"
LG,F3,0.5,LF360_GAT_OUT,P,15,MID,1.5,sat,primary,H1,bolted,0,closed,Ikpp,kA,100MVA,45.7377472846575,-83.1457682271016,15.2459157615525,15.2459157615525,15.2459157615525,117.455753942123,NaN,"bolted-baseline reference; ZfMode=bolted"
LG,F3,0.5,LF360_GAT_OUT,P,15,MID,1.5,sat,primary,H1,bolted,0,closed,ip,kA,100MVA,117.455753942123,-83.1457682271016,15.2459157615525,15.2459157615525,15.2459157615525,117.455753942123,NaN,"ip peak = kappa*sqrt(2)*governing RMS; r=0.0694 kappa=1.81587 borrowed-shape peak estimate; ZfMode=bolted"
LLG,F3,0.5,LF360_GAT_OUT,P,15,MID,1.5,sat,primary,H1,bolted,0,closed,Ikpp,kA,100MVA,48.5036617932619,32.3928350224767,13.9263066935507,32.2276873898655,18.3013847772616,124.558696112093,NaN,"LLG single-earth path; bolted-baseline comparison; ZfMode=bolted"
LLG,F3,0.5,LF360_GAT_OUT,P,15,MID,1.5,sat,primary,H1,bolted,0,closed,ip,kA,100MVA,124.558696112093,32.3928350224767,13.9263066935507,32.2276873898655,18.3013847772616,124.558696112093,NaN,"ip peak = kappa*sqrt(2)*governing RMS; r=0.0694 kappa=1.81587 borrowed-shape peak estimate; ZfMode=bolted; LLG single-earth path"
LG,F4,0.5,LF360_GAT_OUT,P,15,MID,1.5,sat,primary,H1,bolted,0,closed,Ikpp,kA,100MVA,46.1170088370327,-83.1994042514144,15.3723362790109,15.3723362790109,15.3723362790109,118.602880673885,NaN,"bolted-baseline reference; ZfMode=bolted"
LG,F4,0.5,LF360_GAT_OUT,P,15,MID,1.5,sat,primary,H1,bolted,0,closed,ip,kA,100MVA,118.602880673885,-83.1994042514144,15.3723362790109,15.3723362790109,15.3723362790109,118.602880673885,NaN,"ip peak = kappa*sqrt(2)*governing RMS; r=0.0683 kappa=1.81852 borrowed-shape peak estimate; ZfMode=bolted"
LLG,F4,0.5,LF360_GAT_OUT,P,15,MID,1.5,sat,primary,H1,bolted,0,closed,Ikpp,kA,100MVA,48.9663352242708,161.366228036338,14.0172709004445,32.5365638808855,18.5192937380214,125.930726213494,NaN,"LLG single-earth path; bolted-baseline comparison; ZfMode=bolted"
LLG,F4,0.5,LF360_GAT_OUT,P,15,MID,1.5,sat,primary,H1,bolted,0,closed,ip,kA,100MVA,125.930726213494,161.366228036338,14.0172709004445,32.5365638808855,18.5192937380214,125.930726213494,NaN,"ip peak = kappa*sqrt(2)*governing RMS; r=0.0683 kappa=1.81852 borrowed-shape peak estimate; ZfMode=bolted; LLG single-earth path"
LG,F5,0.5,LF360_GAT_OUT,P,15,MID,1.5,sat,primary,H1,bolted,0,closed,Ikpp,kA,100MVA,48.4667640662034,-83.6369864365484,16.1555880220678,16.1555880220678,16.1555880220678,125.441470274223,NaN,"bolted-baseline reference; ZfMode=bolted"
LG,F5,0.5,LF360_GAT_OUT,P,15,MID,1.5,sat,primary,H1,bolted,0,closed,ip,kA,100MVA,125.441470274223,-83.6369864365484,16.1555880220678,16.1555880220678,16.1555880220678,125.441470274223,NaN,"ip peak = kappa*sqrt(2)*governing RMS; r=0.0635 kappa=1.83013 borrowed-shape peak estimate; ZfMode=bolted"
LLG,F5,0.5,LF360_GAT_OUT,P,15,MID,1.5,sat,primary,H1,bolted,0,closed,Ikpp,kA,100MVA,51.1774982446824,32.3231634812445,14.8633129623141,33.9742336338986,19.1110605382326,132.45738081462,NaN,"LLG single-earth path; bolted-baseline comparison; ZfMode=bolted"
LLG,F5,0.5,LF360_GAT_OUT,P,15,MID,1.5,sat,primary,H1,bolted,0,closed,ip,kA,100MVA,132.45738081462,32.3231634812445,14.8633129623141,33.9742336338986,19.1110605382326,132.45738081462,NaN,"ip peak = kappa*sqrt(2)*governing RMS; r=0.0635 kappa=1.83013 borrowed-shape peak estimate; ZfMode=bolted; LLG single-earth path"
LG,F3,0.5,LF360_GAT_OUT,P,15,MID,1.5,sat,primary,H1,bolted,0,closed,Ikpp,kA,100MVA,45.7377472846575,-83.1457682271016,15.2459157615525,15.2459157615525,15.2459157615525,117.455753942123,NaN,"bolted-baseline reference; ZfMode=bolted"
LG,F3,0.5,LF360_GAT_OUT,P,15,MID,1.5,sat,primary,H1,bolted,0,closed,ip,kA,100MVA,117.455753942123,-83.1457682271016,15.2459157615525,15.2459157615525,15.2459157615525,117.455753942123,NaN,"ip peak = kappa*sqrt(2)*governing RMS; r=0.0694 kappa=1.81587 borrowed-shape peak estimate; ZfMode=bolted"
LLG,F3,0.5,LF360_GAT_OUT,P,15,MID,1.5,sat,primary,H1,bolted,0,closed,Ikpp,kA,100MVA,48.5036617932619,32.3928350224767,13.9263066935507,32.2276873898655,18.3013847772616,124.558696112093,NaN,"LLG single-earth path; bolted-baseline comparison; ZfMode=bolted"
LLG,F3,0.5,LF360_GAT_OUT,P,15,MID,1.5,sat,primary,H1,bolted,0,closed,ip,kA,100MVA,124.558696112093,32.3928350224767,13.9263066935507,32.2276873898655,18.3013847772616,124.558696112093,NaN,"ip peak = kappa*sqrt(2)*governing RMS; r=0.0694 kappa=1.81587 borrowed-shape peak estimate; ZfMode=bolted; LLG single-earth path"
LG,F4,0.5,LF360_GAT_OUT,P,15,MID,1.5,sat,primary,H1,bolted,0,closed,Ikpp,kA,100MVA,46.1170088370327,-83.1994042514144,15.3723362790109,15.3723362790109,15.3723362790109,118.602880673885,NaN,"bolted-baseline reference; ZfMode=bolted"
LG,F4,0.5,LF360_GAT_OUT,P,15,MID,1.5,sat,primary,H1,bolted,0,closed,ip,kA,100MVA,118.602880673885,-83.1994042514144,15.3723362790109,15.3723362790109,15.3723362790109,118.602880673885,NaN,"ip peak = kappa*sqrt(2)*governing RMS; r=0.0683 kappa=1.81852 borrowed-shape peak estimate; ZfMode=bolted"
LLG,F4,0.5,LF360_GAT_OUT,P,15,MID,1.5,sat,primary,H1,bolted,0,closed,Ikpp,kA,100MVA,48.9663352242708,161.366228036338,14.0172709004445,32.5365638808855,18.5192937380214,125.930726213494,NaN,"LLG single-earth path; bolted-baseline comparison; ZfMode=bolted"
LLG,F4,0.5,LF360_GAT_OUT,P,15,MID,1.5,sat,primary,H1,bolted,0,closed,ip,kA,100MVA,125.930726213494,161.366228036338,14.0172709004445,32.5365638808855,18.5192937380214,125.930726213494,NaN,"ip peak = kappa*sqrt(2)*governing RMS; r=0.0683 kappa=1.81852 borrowed-shape peak estimate; ZfMode=bolted; LLG single-earth path"
LG,F5,0.5,LF360_GAT_OUT,P,15,MID,1.5,sat,primary,H1,bolted,0,closed,Ikpp,kA,100MVA,48.4667640662034,-83.6369864365484,16.1555880220678,16.1555880220678,16.1555880220678,125.441470274223,NaN,"bolted-baseline reference; ZfMode=bolted"
LG,F5,0.5,LF360_GAT_OUT,P,15,MID,1.5,sat,primary,H1,bolted,0,closed,ip,kA,100MVA,125.441470274223,-83.6369864365484,16.1555880220678,16.1555880220678,16.1555880220678,125.441470274223,NaN,"ip peak = kappa*sqrt(2)*governing RMS; r=0.0635 kappa=1.83013 borrowed-shape peak estimate; ZfMode=bolted"
LLG,F5,0.5,LF360_GAT_OUT,P,15,MID,1.5,sat,primary,H1,bolted,0,closed,Ikpp,kA,100MVA,51.1774982446824,32.3231634812445,14.8633129623141,33.9742336338986,19.1110605382326,132.45738081462,NaN,"LLG single-earth path; bolted-baseline comparison; ZfMode=bolted"
LLG,F5,0.5,LF360_GAT_OUT,P,15,MID,1.5,sat,primary,H1,bolted,0,closed,ip,kA,100MVA,132.45738081462,32.3231634812445,14.8633129623141,33.9742336338986,19.1110605382326,132.45738081462,NaN,"ip peak = kappa*sqrt(2)*governing RMS; r=0.0635 kappa=1.83013 borrowed-shape peak estimate; ZfMode=bolted; LLG single-earth path"
LG,F3,0.5,LF360_GAT_OUT,P,15,MID,1.5,sat,primary,H1,bolted,0,closed,Ikpp,kA,100MVA,45.7377472846575,-83.1457682271016,15.2459157615525,15.2459157615525,15.2459157615525,117.455753942123,NaN,"bolted-baseline reference; ZfMode=bolted"
LG,F3,0.5,LF360_GAT_OUT,P,15,MID,1.5,sat,primary,H1,bolted,0,closed,ip,kA,100MVA,117.455753942123,-83.1457682271016,15.2459157615525,15.2459157615525,15.2459157615525,117.455753942123,NaN,"ip peak = kappa*sqrt(2)*governing RMS; r=0.0694 kappa=1.81587 borrowed-shape peak estimate; ZfMode=bolted"
LLG,F3,0.5,LF360_GAT_OUT,P,15,MID,1.5,sat,primary,H1,bolted,0,closed,Ikpp,kA,100MVA,48.5036617932619,32.3928350224767,13.9263066935507,32.2276873898655,18.3013847772616,124.558696112093,NaN,"LLG single-earth path; bolted-baseline comparison; ZfMode=bolted"
LLG,F3,0.5,LF360_GAT_OUT,P,15,MID,1.5,sat,primary,H1,bolted,0,closed,ip,kA,100MVA,124.558696112093,32.3928350224767,13.9263066935507,32.2276873898655,18.3013847772616,124.558696112093,NaN,"ip peak = kappa*sqrt(2)*governing RMS; r=0.0694 kappa=1.81587 borrowed-shape peak estimate; ZfMode=bolted; LLG single-earth path"
LG,F4,0.5,LF360_GAT_OUT,P,15,MID,1.5,sat,primary,H1,bolted,0,closed,Ikpp,kA,100MVA,46.1170088370327,-83.1994042514144,15.3723362790109,15.3723362790109,15.3723362790109,118.602880673885,NaN,"bolted-baseline reference; ZfMode=bolted"
LG,F4,0.5,LF360_GAT_OUT,P,15,MID,1.5,sat,primary,H1,bolted,0,closed,ip,kA,100MVA,118.602880673885,-83.1994042514144,15.3723362790109,15.3723362790109,15.3723362790109,118.602880673885,NaN,"ip peak = kappa*sqrt(2)*governing RMS; r=0.0683 kappa=1.81852 borrowed-shape peak estimate; ZfMode=bolted"
LLG,F4,0.5,LF360_GAT_OUT,P,15,MID,1.5,sat,primary,H1,bolted,0,closed,Ikpp,kA,100MVA,48.9663352242708,161.366228036338,14.0172709004445,32.5365638808855,18.5192937380214,125.930726213494,NaN,"LLG single-earth path; bolted-baseline comparison; ZfMode=bolted"
LLG,F4,0.5,LF360_GAT_OUT,P,15,MID,1.5,sat,primary,H1,bolted,0,closed,ip,kA,100MVA,125.930726213494,161.366228036338,14.0172709004445,32.5365638808855,18.5192937380214,125.930726213494,NaN,"ip peak = kappa*sqrt(2)*governing RMS; r=0.0683 kappa=1.81852 borrowed-shape peak estimate; ZfMode=bolted; LLG single-earth path"
LG,F5,0.5,LF360_GAT_OUT,P,15,MID,1.5,sat,primary,H1,bolted,0,closed,Ikpp,kA,100MVA,48.4667640662034,-83.6369864365484,16.1555880220678,16.1555880220678,16.1555880220678,125.441470274223,NaN,"bolted-baseline reference; ZfMode=bolted"
LG,F5,0.5,LF360_GAT_OUT,P,15,MID,1.5,sat,primary,H1,bolted,0,closed,ip,kA,100MVA,125.441470274223,-83.6369864365484,16.1555880220678,16.1555880220678,16.1555880220678,125.441470274223,NaN,"ip peak = kappa*sqrt(2)*governing RMS; r=0.0635 kappa=1.83013 borrowed-shape peak estimate; ZfMode=bolted"
LLG,F5,0.5,LF360_GAT_OUT,P,15,MID,1.5,sat,primary,H1,bolted,0,closed,Ikpp,kA,100MVA,51.1774982446824,32.3231634812445,14.8633129623141,33.9742336338986,19.1110605382326,132.45738081462,NaN,"LLG single-earth path; bolted-baseline comparison; ZfMode=bolted"
LLG,F5,0.5,LF360_GAT_OUT,P,15,MID,1.5,sat,primary,H1,bolted,0,closed,ip,kA,100MVA,132.45738081462,32.3231634812445,14.8633129623141,33.9742336338986,19.1110605382326,132.45738081462,NaN,"ip peak = kappa*sqrt(2)*governing RMS; r=0.0635 kappa=1.83013 borrowed-shape peak estimate; ZfMode=bolted; LLG single-earth path"
LG,F3,0.5,LF360_GAT_OUT,P,15,MID,1.5,sat,primary,H1,bolted,0,closed,Ikpp,kA,100MVA,45.7377472846575,-83.1457682271016,15.2459157615525,15.2459157615525,15.2459157615525,117.455753942123,NaN,"bolted-baseline reference; ZfMode=bolted"
LG,F3,0.5,LF360_GAT_OUT,P,15,MID,1.5,sat,primary,H1,bolted,0,closed,ip,kA,100MVA,117.455753942123,-83.1457682271016,15.2459157615525,15.2459157615525,15.2459157615525,117.455753942123,NaN,"ip peak = kappa*sqrt(2)*governing RMS; r=0.0694 kappa=1.81587 borrowed-shape peak estimate; ZfMode=bolted"
LLG,F3,0.5,LF360_GAT_OUT,P,15,MID,1.5,sat,primary,H1,bolted,0,closed,Ikpp,kA,100MVA,48.5036617932619,32.3928350224767,13.9263066935507,32.2276873898655,18.3013847772616,124.558696112093,NaN,"LLG single-earth path; bolted-baseline comparison; ZfMode=bolted"
LLG,F3,0.5,LF360_GAT_OUT,P,15,MID,1.5,sat,primary,H1,bolted,0,closed,ip,kA,100MVA,124.558696112093,32.3928350224767,13.9263066935507,32.2276873898655,18.3013847772616,124.558696112093,NaN,"ip peak = kappa*sqrt(2)*governing RMS; r=0.0694 kappa=1.81587 borrowed-shape peak estimate; ZfMode=bolted; LLG single-earth path"
LG,F4,0.5,LF360_GAT_OUT,P,15,MID,1.5,sat,primary,H1,bolted,0,closed,Ikpp,kA,100MVA,46.1170088370327,-83.1994042514144,15.3723362790109,15.3723362790109,15.3723362790109,118.602880673885,NaN,"bolted-baseline reference; ZfMode=bolted"
LG,F4,0.5,LF360_GAT_OUT,P,15,MID,1.5,sat,primary,H1,bolted,0,closed,ip,kA,100MVA,118.602880673885,-83.1994042514144,15.3723362790109,15.3723362790109,15.3723362790109,118.602880673885,NaN,"ip peak = kappa*sqrt(2)*governing RMS; r=0.0683 kappa=1.81852 borrowed-shape peak estimate; ZfMode=bolted"
LLG,F4,0.5,LF360_GAT_OUT,P,15,MID,1.5,sat,primary,H1,bolted,0,closed,Ikpp,kA,100MVA,48.9663352242708,161.366228036338,14.0172709004445,32.5365638808855,18.5192937380214,125.930726213494,NaN,"LLG single-earth path; bolted-baseline comparison; ZfMode=bolted"
LLG,F4,0.5,LF360_GAT_OUT,P,15,MID,1.5,sat,primary,H1,bolted,0,closed,ip,kA,100MVA,125.930726213494,161.366228036338,14.0172709004445,32.5365638808855,18.5192937380214,125.930726213494,NaN,"ip peak = kappa*sqrt(2)*governing RMS; r=0.0683 kappa=1.81852 borrowed-shape peak estimate; ZfMode=bolted; LLG single-earth path"
LG,F5,0.5,LF360_GAT_OUT,P,15,MID,1.5,sat,primary,H1,bolted,0,closed,Ikpp,kA,100MVA,48.4667640662034,-83.6369864365484,16.1555880220678,16.1555880220678,16.1555880220678,125.441470274223,NaN,"bolted-baseline reference; ZfMode=bolted"
LG,F5,0.5,LF360_GAT_OUT,P,15,MID,1.5,sat,primary,H1,bolted,0,closed,ip,kA,100MVA,125.441470274223,-83.6369864365484,16.1555880220678,16.1555880220678,16.1555880220678,125.441470274223,NaN,"ip peak = kappa*sqrt(2)*governing RMS; r=0.0635 kappa=1.83013 borrowed-shape peak estimate; ZfMode=bolted"
LLG,F5,0.5,LF360_GAT_OUT,P,15,MID,1.5,sat,primary,H1,bolted,0,closed,Ikpp,kA,100MVA,51.1774982446824,32.3231634812445,14.8633129623141,33.9742336338986,19.1110605382326,132.45738081462,NaN,"LLG single-earth path; bolted-baseline comparison; ZfMode=bolted"
LLG,F5,0.5,LF360_GAT_OUT,P,15,MID,1.5,sat,primary,H1,bolted,0,closed,ip,kA,100MVA,132.45738081462,32.3231634812445,14.8633129623141,33.9742336338986,19.1110605382326,132.45738081462,NaN,"ip peak = kappa*sqrt(2)*governing RMS; r=0.0635 kappa=1.83013 borrowed-shape peak estimate; ZfMode=bolted; LLG single-earth path"
LG,F3,0.5,LF360_GAT_OUT,P,15,MID,1.5,sat,primary,H1,bolted,0,closed,Ikpp,kA,100MVA,45.7377472846575,-83.1457682271016,15.2459157615525,15.2459157615525,15.2459157615525,117.455753942123,NaN,"bolted-baseline reference; ZfMode=bolted"
LG,F3,0.5,LF360_GAT_OUT,P,15,MID,1.5,sat,primary,H1,bolted,0,closed,ip,kA,100MVA,117.455753942123,-83.1457682271016,15.2459157615525,15.2459157615525,15.2459157615525,117.455753942123,NaN,"ip peak = kappa*sqrt(2)*governing RMS; r=0.0694 kappa=1.81587 borrowed-shape peak estimate; ZfMode=bolted"
LLG,F3,0.5,LF360_GAT_OUT,P,15,MID,1.5,sat,primary,H1,bolted,0,closed,Ikpp,kA,100MVA,48.5036617932619,32.3928350224767,13.9263066935507,32.2276873898655,18.3013847772616,124.558696112093,NaN,"LLG single-earth path; bolted-baseline comparison; ZfMode=bolted"
LLG,F3,0.5,LF360_GAT_OUT,P,15,MID,1.5,sat,primary,H1,bolted,0,closed,ip,kA,100MVA,124.558696112093,32.3928350224767,13.9263066935507,32.2276873898655,18.3013847772616,124.558696112093,NaN,"ip peak = kappa*sqrt(2)*governing RMS; r=0.0694 kappa=1.81587 borrowed-shape peak estimate; ZfMode=bolted; LLG single-earth path"
LG,F4,0.5,LF360_GAT_OUT,P,15,MID,1.5,sat,primary,H1,bolted,0,closed,Ikpp,kA,100MVA,46.1170088370327,-83.1994042514144,15.3723362790109,15.3723362790109,15.3723362790109,118.602880673885,NaN,"bolted-baseline reference; ZfMode=bolted"
LG,F4,0.5,LF360_GAT_OUT,P,15,MID,1.5,sat,primary,H1,bolted,0,closed,ip,kA,100MVA,118.602880673885,-83.1994042514144,15.3723362790109,15.3723362790109,15.3723362790109,118.602880673885,NaN,"ip peak = kappa*sqrt(2)*governing RMS; r=0.0683 kappa=1.81852 borrowed-shape peak estimate; ZfMode=bolted"
LLG,F4,0.5,LF360_GAT_OUT,P,15,MID,1.5,sat,primary,H1,bolted,0,closed,Ikpp,kA,100MVA,48.9663352242708,161.366228036338,14.0172709004445,32.5365638808855,18.5192937380214,125.930726213494,NaN,"LLG single-earth path; bolted-baseline comparison; ZfMode=bolted"
LLG,F4,0.5,LF360_GAT_OUT,P,15,MID,1.5,sat,primary,H1,bolted,0,closed,ip,kA,100MVA,125.930726213494,161.366228036338,14.0172709004445,32.5365638808855,18.5192937380214,125.930726213494,NaN,"ip peak = kappa*sqrt(2)*governing RMS; r=0.0683 kappa=1.81852 borrowed-shape peak estimate; ZfMode=bolted; LLG single-earth path"
LG,F5,0.5,LF360_GAT_OUT,P,15,MID,1.5,sat,primary,H1,bolted,0,closed,Ikpp,kA,100MVA,48.4667640662034,-83.6369864365484,16.1555880220678,16.1555880220678,16.1555880220678,125.441470274223,NaN,"bolted-baseline reference; ZfMode=bolted"
LG,F5,0.5,LF360_GAT_OUT,P,15,MID,1.5,sat,primary,H1,bolted,0,closed,ip,kA,100MVA,125.441470274223,-83.6369864365484,16.1555880220678,16.1555880220678,16.1555880220678,125.441470274223,NaN,"ip peak = kappa*sqrt(2)*governing RMS; r=0.0635 kappa=1.83013 borrowed-shape peak estimate; ZfMode=bolted"
LLG,F5,0.5,LF360_GAT_OUT,P,15,MID,1.5,sat,primary,H1,bolted,0,closed,Ikpp,kA,100MVA,51.1774982446824,32.3231634812445,14.8633129623141,33.9742336338986,19.1110605382326,132.45738081462,NaN,"LLG single-earth path; bolted-baseline comparison; ZfMode=bolted"
LLG,F5,0.5,LF360_GAT_OUT,P,15,MID,1.5,sat,primary,H1,bolted,0,closed,ip,kA,100MVA,132.45738081462,32.3231634812445,14.8633129623141,33.9742336338986,19.1110605382326,132.45738081462,NaN,"ip peak = kappa*sqrt(2)*governing RMS; r=0.0635 kappa=1.83013 borrowed-shape peak estimate; ZfMode=bolted; LLG single-earth path"
LG,F3,0.5,LF360_GAT_OUT,P,15,MID,1.5,sat,primary,H1,bolted,0,closed,Ikpp,kA,100MVA,45.7377472846575,-83.1457682271016,15.2459157615525,15.2459157615525,15.2459157615525,117.455753942123,NaN,"bolted-baseline reference; ZfMode=bolted"
LG,F3,0.5,LF360_GAT_OUT,P,15,MID,1.5,sat,primary,H1,bolted,0,closed,ip,kA,100MVA,117.455753942123,-83.1457682271016,15.2459157615525,15.2459157615525,15.2459157615525,117.455753942123,NaN,"ip peak = kappa*sqrt(2)*governing RMS; r=0.0694 kappa=1.81587 borrowed-shape peak estimate; ZfMode=bolted"
LLG,F3,0.5,LF360_GAT_OUT,P,15,MID,1.5,sat,primary,H1,bolted,0,closed,Ikpp,kA,100MVA,48.5036617932619,32.3928350224767,13.9263066935507,32.2276873898655,18.3013847772616,124.558696112093,NaN,"LLG single-earth path; bolted-baseline comparison; ZfMode=bolted"
LLG,F3,0.5,LF360_GAT_OUT,P,15,MID,1.5,sat,primary,H1,bolted,0,closed,ip,kA,100MVA,124.558696112093,32.3928350224767,13.9263066935507,32.2276873898655,18.3013847772616,124.558696112093,NaN,"ip peak = kappa*sqrt(2)*governing RMS; r=0.0694 kappa=1.81587 borrowed-shape peak estimate; ZfMode=bolted; LLG single-earth path"
LG,F4,0.5,LF360_GAT_OUT,P,15,MID,1.5,sat,primary,H1,bolted,0,closed,Ikpp,kA,100MVA,46.1170088370327,-83.1994042514144,15.3723362790109,15.3723362790109,15.3723362790109,118.602880673885,NaN,"bolted-baseline reference; ZfMode=bolted"
LG,F4,0.5,LF360_GAT_OUT,P,15,MID,1.5,sat,primary,H1,bolted,0,closed,ip,kA,100MVA,118.602880673885,-83.1994042514144,15.3723362790109,15.3723362790109,15.3723362790109,118.602880673885,NaN,"ip peak = kappa*sqrt(2)*governing RMS; r=0.0683 kappa=1.81852 borrowed-shape peak estimate; ZfMode=bolted"
LLG,F4,0.5,LF360_GAT_OUT,P,15,MID,1.5,sat,primary,H1,bolted,0,closed,Ikpp,kA,100MVA,48.9663352242708,161.366228036338,14.0172709004445,32.5365638808855,18.5192937380214,125.930726213494,NaN,"LLG single-earth path; bolted-baseline comparison; ZfMode=bolted"
LLG,F4,0.5,LF360_GAT_OUT,P,15,MID,1.5,sat,primary,H1,bolted,0,closed,ip,kA,100MVA,125.930726213494,161.366228036338,14.0172709004445,32.5365638808855,18.5192937380214,125.930726213494,NaN,"ip peak = kappa*sqrt(2)*governing RMS; r=0.0683 kappa=1.81852 borrowed-shape peak estimate; ZfMode=bolted; LLG single-earth path"
LG,F5,0.5,LF360_GAT_OUT,P,15,MID,1.5,sat,primary,H1,bolted,0,closed,Ikpp,kA,100MVA,48.4667640662034,-83.6369864365484,16.1555880220678,16.1555880220678,16.1555880220678,125.441470274223,NaN,"bolted-baseline reference; ZfMode=bolted"
LG,F5,0.5,LF360_GAT_OUT,P,15,MID,1.5,sat,primary,H1,bolted,0,closed,ip,kA,100MVA,125.441470274223,-83.6369864365484,16.1555880220678,16.1555880220678,16.1555880220678,125.441470274223,NaN,"ip peak = kappa*sqrt(2)*governing RMS; r=0.0635 kappa=1.83013 borrowed-shape peak estimate; ZfMode=bolted"
LLG,F5,0.5,LF360_GAT_OUT,P,15,MID,1.5,sat,primary,H1,bolted,0,closed,Ikpp,kA,100MVA,51.1774982446824,32.3231634812445,14.8633129623141,33.9742336338986,19.1110605382326,132.45738081462,NaN,"LLG single-earth path; bolted-baseline comparison; ZfMode=bolted"
LLG,F5,0.5,LF360_GAT_OUT,P,15,MID,1.5,sat,primary,H1,bolted,0,closed,ip,kA,100MVA,132.45738081462,32.3231634812445,14.8633129623141,33.9742336338986,19.1110605382326,132.45738081462,NaN,"ip peak = kappa*sqrt(2)*governing RMS; r=0.0635 kappa=1.83013 borrowed-shape peak estimate; ZfMode=bolted; LLG single-earth path"
LG,F3,0.5,LF360_GAT_OUT,P,15,MID,1.5,sat,primary,H1,bolted,0,closed,Ikpp,kA,100MVA,45.7377472846575,-83.1457682271016,15.2459157615525,15.2459157615525,15.2459157615525,117.455753942123,NaN,"bolted-baseline reference; ZfMode=bolted"
LG,F3,0.5,LF360_GAT_OUT,P,15,MID,1.5,sat,primary,H1,bolted,0,closed,ip,kA,100MVA,117.455753942123,-83.1457682271016,15.2459157615525,15.2459157615525,15.2459157615525,117.455753942123,NaN,"ip peak = kappa*sqrt(2)*governing RMS; r=0.0694 kappa=1.81587 borrowed-shape peak estimate; ZfMode=bolted"
LLG,F3,0.5,LF360_GAT_OUT,P,15,MID,1.5,sat,primary,H1,bolted,0,closed,Ikpp,kA,100MVA,48.5036617932619,32.3928350224767,13.9263066935507,32.2276873898655,18.3013847772616,124.558696112093,NaN,"LLG single-earth path; bolted-baseline comparison; ZfMode=bolted"
LLG,F3,0.5,LF360_GAT_OUT,P,15,MID,1.5,sat,primary,H1,bolted,0,closed,ip,kA,100MVA,124.558696112093,32.3928350224767,13.9263066935507,32.2276873898655,18.3013847772616,124.558696112093,NaN,"ip peak = kappa*sqrt(2)*governing RMS; r=0.0694 kappa=1.81587 borrowed-shape peak estimate; ZfMode=bolted; LLG single-earth path"
LG,F4,0.5,LF360_GAT_OUT,P,15,MID,1.5,sat,primary,H1,bolted,0,closed,Ikpp,kA,100MVA,46.1170088370327,-83.1994042514144,15.3723362790109,15.3723362790109,15.3723362790109,118.602880673885,NaN,"bolted-baseline reference; ZfMode=bolted"
LG,F4,0.5,LF360_GAT_OUT,P,15,MID,1.5,sat,primary,H1,bolted,0,closed,ip,kA,100MVA,118.602880673885,-83.1994042514144,15.3723362790109,15.3723362790109,15.3723362790109,118.602880673885,NaN,"ip peak = kappa*sqrt(2)*governing RMS; r=0.0683 kappa=1.81852 borrowed-shape peak estimate; ZfMode=bolted"
LLG,F4,0.5,LF360_GAT_OUT,P,15,MID,1.5,sat,primary,H1,bolted,0,closed,Ikpp,kA,100MVA,48.9663352242708,161.366228036338,14.0172709004445,32.5365638808855,18.5192937380214,125.930726213494,NaN,"LLG single-earth path; bolted-baseline comparison; ZfMode=bolted"
LLG,F4,0.5,LF360_GAT_OUT,P,15,MID,1.5,sat,primary,H1,bolted,0,closed,ip,kA,100MVA,125.930726213494,161.366228036338,14.0172709004445,32.5365638808855,18.5192937380214,125.930726213494,NaN,"ip peak = kappa*sqrt(2)*governing RMS; r=0.0683 kappa=1.81852 borrowed-shape peak estimate; ZfMode=bolted; LLG single-earth path"
LG,F5,0.5,LF360_GAT_OUT,P,15,MID,1.5,sat,primary,H1,bolted,0,closed,Ikpp,kA,100MVA,48.4667640662034,-83.6369864365484,16.1555880220678,16.1555880220678,16.1555880220678,125.441470274223,NaN,"bolted-baseline reference; ZfMode=bolted"
LG,F5,0.5,LF360_GAT_OUT,P,15,MID,1.5,sat,primary,H1,bolted,0,closed,ip,kA,100MVA,125.441470274223,-83.6369864365484,16.1555880220678,16.1555880220678,16.1555880220678,125.441470274223,NaN,"ip peak = kappa*sqrt(2)*governing RMS; r=0.0635 kappa=1.83013 borrowed-shape peak estimate; ZfMode=bolted"
LLG,F5,0.5,LF360_GAT_OUT,P,15,MID,1.5,sat,primary,H1,bolted,0,closed,Ikpp,kA,100MVA,51.1774982446824,32.3231634812445,14.8633129623141,33.9742336338986,19.1110605382326,132.45738081462,NaN,"LLG single-earth path; bolted-baseline comparison; ZfMode=bolted"
LLG,F5,0.5,LF360_GAT_OUT,P,15,MID,1.5,sat,primary,H1,bolted,0,closed,ip,kA,100MVA,132.45738081462,32.3231634812445,14.8633129623141,33.9742336338986,19.1110605382326,132.45738081462,NaN,"ip peak = kappa*sqrt(2)*governing RMS; r=0.0635 kappa=1.83013 borrowed-shape peak estimate; ZfMode=bolted; LLG single-earth path"
LG,F3,0.5,LF360_GAT_IN,P,15,MID,1.5,sat,primary,H1,bolted,0,closed,Ikpp,kA,100MVA,45.8917862903413,-82.9688817647352,15.2972620967804,15.2972620967804,15.2972620967804,117.829746971367,NaN,"bolted-baseline reference; ZfMode=bolted"
LG,F3,0.5,LF360_GAT_IN,P,15,MID,1.5,sat,primary,H1,bolted,0,closed,ip,kA,100MVA,117.829746971367,-82.9688817647352,15.2972620967804,15.2972620967804,15.2972620967804,117.829746971367,NaN,"ip peak = kappa*sqrt(2)*governing RMS; r=0.0695 kappa=1.81554 borrowed-shape peak estimate; ZfMode=bolted"
LLG,F3,0.5,LF360_GAT_IN,P,15,MID,1.5,sat,primary,H1,bolted,0,closed,Ikpp,kA,100MVA,48.6504551261439,161.300539095441,14.008326313914,32.2791873460236,18.2710366670125,124.912784638368,NaN,"LLG single-earth path; bolted-baseline comparison; ZfMode=bolted"
LLG,F3,0.5,LF360_GAT_IN,P,15,MID,1.5,sat,primary,H1,bolted,0,closed,ip,kA,100MVA,124.912784638368,161.300539095441,14.008326313914,32.2791873460236,18.2710366670125,124.912784638368,NaN,"ip peak = kappa*sqrt(2)*governing RMS; r=0.0695 kappa=1.81554 borrowed-shape peak estimate; ZfMode=bolted; LLG single-earth path"
LG,F4,0.5,LF360_GAT_IN,P,15,MID,1.5,sat,primary,H1,bolted,0,closed,Ikpp,kA,100MVA,46.256898563863,-83.0339582336743,15.4189661879543,15.4189661879543,15.4189661879543,118.94091927681,NaN,"bolted-baseline reference; ZfMode=bolted"
LG,F4,0.5,LF360_GAT_IN,P,15,MID,1.5,sat,primary,H1,bolted,0,closed,ip,kA,100MVA,118.94091927681,-83.0339582336743,15.4189661879543,15.4189661879543,15.4189661879543,118.94091927681,NaN,"ip peak = kappa*sqrt(2)*governing RMS; r=0.0684 kappa=1.81819 borrowed-shape peak estimate; ZfMode=bolted"
LLG,F4,0.5,LF360_GAT_IN,P,15,MID,1.5,sat,primary,H1,bolted,0,closed,Ikpp,kA,100MVA,49.1279473221152,161.319244667016,14.0914426984626,32.5833198152603,18.4921065347006,126.32328145839,NaN,"LLG single-earth path; bolted-baseline comparison; ZfMode=bolted"
LLG,F4,0.5,LF360_GAT_IN,P,15,MID,1.5,sat,primary,H1,bolted,0,closed,ip,kA,100MVA,126.32328145839,161.319244667016,14.0914426984626,32.5833198152603,18.4921065347006,126.32328145839,NaN,"ip peak = kappa*sqrt(2)*governing RMS; r=0.0684 kappa=1.81819 borrowed-shape peak estimate; ZfMode=bolted; LLG single-earth path"
LG,F5,0.5,LF360_GAT_IN,P,15,MID,1.5,sat,primary,H1,bolted,0,closed,Ikpp,kA,100MVA,48.6057594111485,-83.4775593766349,16.2019198037162,16.2019198037162,16.2019198037162,125.77810109857,NaN,"bolted-baseline reference; ZfMode=bolted"
LG,F5,0.5,LF360_GAT_IN,P,15,MID,1.5,sat,primary,H1,bolted,0,closed,ip,kA,100MVA,125.77810109857,-83.4775593766349,16.2019198037162,16.2019198037162,16.2019198037162,125.77810109857,NaN,"ip peak = kappa*sqrt(2)*governing RMS; r=0.0636 kappa=1.82979 borrowed-shape peak estimate; ZfMode=bolted"
LLG,F5,0.5,LF360_GAT_IN,P,15,MID,1.5,sat,primary,H1,bolted,0,closed,Ikpp,kA,100MVA,51.1756587748327,160.537008130945,14.9383207514575,34.0216935031178,19.0833785422353,132.428281363102,NaN,"LLG single-earth path; bolted-baseline comparison; ZfMode=bolted"
LLG,F5,0.5,LF360_GAT_IN,P,15,MID,1.5,sat,primary,H1,bolted,0,closed,ip,kA,100MVA,132.428281363102,160.537008130945,14.9383207514575,34.0216935031178,19.0833785422353,132.428281363102,NaN,"ip peak = kappa*sqrt(2)*governing RMS; r=0.0636 kappa=1.82979 borrowed-shape peak estimate; ZfMode=bolted; LLG single-earth path"
LLL,F3,0.5,LF360_GAT_OUT,P,15,MID,1.5,sat,primary,H1,bolted,0,closed,Ib,kA,100MVA,49.8627461873166,-83.0396964490139,0,49.8627461873166,0,127.908315924108,0.06,"constant-E' reference approximation at t_break=0.06 s (chosen study reference time, not a measured breaker clearing time); ZfMode=bolted"
LLL,F3,0.5,LF360_GAT_OUT,P,15,MID,1.5,sat,primary,H1,bolted,0,closed,Isteady,kA,100MVA,48.0245186827914,-82.8128350988976,0,48.0245186827914,0,122.756916993084,NaN,"constant-field synchronous (constant-Eq) steady reference; no-AVR action modelled; ZfMode=bolted"
LG,F3,0.5,LF360_GAT_OUT,P,15,MID,1.5,sat,primary,H1,bolted,0,closed,Ib,kA,100MVA,45.554944841672,-83.1060392498331,15.1849816138907,15.1849816138907,15.1849816138907,116.857909406443,0.06,"constant-E' reference approximation at t_break=0.06 s (chosen study reference time, not a measured breaker clearing time); ZfMode=bolted"
LG,F3,0.5,LF360_GAT_OUT,P,15,MID,1.5,sat,primary,H1,bolted,0,closed,Isteady,kA,100MVA,45.0344160762528,-82.9844547749756,15.0114720254176,15.0114720254176,15.0114720254176,115.113825765119,NaN,"constant-field synchronous (constant-Eq) steady reference; no-AVR action modelled; ZfMode=bolted"
LLL,F3,0.5,LF360_GAT_IN,P,15,MID,1.5,sat,primary,H1,bolted,0,closed,Ib,kA,100MVA,49.8677997933676,-83.0295910558163,0,49.8677997933676,0,127.899726888785,0.06,"constant-E' reference approximation at t_break=0.06 s (chosen study reference time, not a measured breaker clearing time); ZfMode=bolted"
LLL,F3,0.5,LF360_GAT_IN,P,15,MID,1.5,sat,primary,H1,bolted,0,closed,Isteady,kA,100MVA,47.9993623683734,-82.806579209868,0,47.9993623683734,0,122.684804957485,NaN,"constant-field synchronous (constant-Eq) steady reference; no-AVR action modelled; ZfMode=bolted"
LG,F3,0.5,LF360_GAT_IN,P,15,MID,1.5,sat,primary,H1,bolted,0,closed,Ib,kA,100MVA,45.7025932712813,-82.9295047942169,15.2341977570938,15.2341977570938,15.2341977570938,117.216905933828,0.06,"constant-E' reference approximation at t_break=0.06 s (chosen study reference time, not a measured breaker clearing time); ZfMode=bolted"
LG,F3,0.5,LF360_GAT_IN,P,15,MID,1.5,sat,primary,H1,bolted,0,closed,Isteady,kA,100MVA,45.169239902909,-82.8104300900087,15.0564133009697,15.0564133009697,15.0564133009697,115.451104225867,NaN,"constant-field synchronous (constant-Eq) steady reference; no-AVR action modelled; ZfMode=bolted"
LLL,F4,0,LF360_GAT_OUT,P,15,MID,1.5,sat,primary,H1,bolted,0,closed,Ikpp,kA,100MVA,50.5308851865359,-83.1124339013662,0,50.5308851865359,0,129.764659811708,NaN,"bolted-baseline reference; ZfMode=bolted"
LLL,F4,0,LF360_GAT_OUT,P,15,MID,1.5,sat,primary,H1,bolted,0,closed,ip,kA,100MVA,50.5308851865359,-83.1124339013662,0,50.5308851865359,0,129.764659811708,NaN,"ip peak = kappa*sqrt(2)*governing RMS; r=0.0694 kappa=1.81587 borrowed-shape peak estimate; ZfMode=bolted"
LG,F4,0,LF360_GAT_OUT,P,15,MID,1.5,sat,primary,H1,bolted,0,closed,Ikpp,kA,100MVA,45.7377472846574,-83.1457682271015,15.2459157615525,15.2459157615525,15.2459157615525,117.455753942123,NaN,"bolted-baseline reference; ZfMode=bolted"
LG,F4,0,LF360_GAT_OUT,P,15,MID,1.5,sat,primary,H1,bolted,0,closed,ip,kA,100MVA,45.7377472846574,-83.1457682271015,15.2459157615525,15.2459157615525,15.2459157615525,117.455753942123,NaN,"ip peak = kappa*sqrt(2)*governing RMS; r=0.0694 kappa=1.81587 borrowed-shape peak estimate; ZfMode=bolted"
LL,F4,0,LF360_GAT_OUT,P,15,MID,1.5,sat,primary,H1,bolted,0,closed,Ikpp,kA,100MVA,43.7588597564655,-173.119775835774,0,25.2641894598264,25.2641894598264,112.373918032194,NaN,"bolted-baseline reference; ZfMode=bolted"
LL,F4,0,LF360_GAT_OUT,P,15,MID,1.5,sat,primary,H1,bolted,0,closed,ip,kA,100MVA,43.7588597564655,-173.119775835774,0,25.2641894598264,25.2641894598264,112.373918032194,NaN,"ip peak = kappa*sqrt(2)*governing RMS; r=0.0694 kappa=1.81587 borrowed-shape peak estimate; ZfMode=bolted"
LLG,F4,0,LF360_GAT_OUT,P,15,MID,1.5,sat,primary,H1,bolted,0,closed,Ikpp,kA,100MVA,48.5036617932619,32.3928350224767,13.9263066935507,32.2276873898654,18.3013847772616,124.558696112093,NaN,"LLG single-earth path; bolted-baseline comparison; ZfMode=bolted"
LLG,F4,0,LF360_GAT_OUT,P,15,MID,1.5,sat,primary,H1,bolted,0,closed,ip,kA,100MVA,48.5036617932619,32.3928350224767,13.9263066935507,32.2276873898654,18.3013847772616,124.558696112093,NaN,"ip peak = kappa*sqrt(2)*governing RMS; r=0.0694 kappa=1.81587 borrowed-shape peak estimate; ZfMode=bolted; LLG single-earth path"
LLL,F4,0.25,LF360_GAT_OUT,P,15,MID,1.5,sat,primary,H1,bolted,0,closed,Ikpp,kA,100MVA,50.6177975993716,-83.1311241933325,0,50.6177975993716,0,130.008318783224,NaN,"bolted-baseline reference; ZfMode=bolted"
LLL,F4,0.25,LF360_GAT_OUT,P,15,MID,1.5,sat,primary,H1,bolted,0,closed,ip,kA,100MVA,50.6177975993716,-83.1311241933325,0,50.6177975993716,0,130.008318783224,NaN,"ip peak = kappa*sqrt(2)*governing RMS; r=0.0693 kappa=1.81615 borrowed-shape peak estimate; ZfMode=bolted"
LG,F4,0.25,LF360_GAT_OUT,P,15,MID,1.5,sat,primary,H1,bolted,0,closed,Ikpp,kA,100MVA,45.6978295242135,-83.1275631995711,15.2326098414045,15.2326098414045,15.2326098414045,117.371720427424,NaN,"bolted-baseline reference; ZfMode=bolted"
LG,F4,0.25,LF360_GAT_OUT,P,15,MID,1.5,sat,primary,H1,bolted,0,closed,ip,kA,100MVA,45.6978295242135,-83.1275631995711,15.2326098414045,15.2326098414045,15.2326098414045,117.371720427424,NaN,"ip peak = kappa*sqrt(2)*governing RMS; r=0.0693 kappa=1.81615 borrowed-shape peak estimate; ZfMode=bolted"
LL,F4,0.25,LF360_GAT_OUT,P,15,MID,1.5,sat,primary,H1,bolted,0,closed,Ikpp,kA,100MVA,43.8341928006081,-173.138299160528,0,25.307683013141,25.307683013141,112.585098157205,NaN,"bolted-baseline reference; ZfMode=bolted"
LL,F4,0.25,LF360_GAT_OUT,P,15,MID,1.5,sat,primary,H1,bolted,0,closed,ip,kA,100MVA,43.8341928006081,-173.138299160528,0,25.307683013141,25.307683013141,112.585098157205,NaN,"ip peak = kappa*sqrt(2)*governing RMS; r=0.0693 kappa=1.81615 borrowed-shape peak estimate; ZfMode=bolted"
LLG,F4,0.25,LF360_GAT_OUT,P,15,MID,1.5,sat,primary,H1,bolted,0,closed,Ikpp,kA,100MVA,48.5388917065145,161.45509000574,13.8844021100034,32.2502167111357,18.3658160049435,124.668792512681,NaN,"LLG single-earth path; bolted-baseline comparison; ZfMode=bolted"
LLG,F4,0.25,LF360_GAT_OUT,P,15,MID,1.5,sat,primary,H1,bolted,0,closed,ip,kA,100MVA,48.5388917065145,161.45509000574,13.8844021100034,32.2502167111357,18.3658160049435,124.668792512681,NaN,"ip peak = kappa*sqrt(2)*governing RMS; r=0.0693 kappa=1.81615 borrowed-shape peak estimate; ZfMode=bolted; LLG single-earth path"
LLL,F4,0.75,LF360_GAT_OUT,P,15,MID,1.5,sat,primary,H1,bolted,0,closed,Ikpp,kA,100MVA,51.8688445935692,-83.3200014967056,0,51.8688445935692,0,133.731076940315,NaN,"bolted-baseline reference; ZfMode=bolted"
LLL,F4,0.75,LF360_GAT_OUT,P,15,MID,1.5,sat,primary,H1,bolted,0,closed,ip,kA,100MVA,51.8688445935692,-83.3200014967056,0,51.8688445935692,0,133.731076940315,NaN,"ip peak = kappa*sqrt(2)*governing RMS; r=0.0664 kappa=1.82310 borrowed-shape peak estimate; ZfMode=bolted"
LG,F4,0.75,LF360_GAT_OUT,P,15,MID,1.5,sat,primary,H1,bolted,0,closed,Ikpp,kA,100MVA,47.0208626301031,-83.3656712365504,15.673620876701,15.673620876701,15.673620876701,121.231746098426,NaN,"bolted-baseline reference; ZfMode=bolted"
LG,F4,0.75,LF360_GAT_OUT,P,15,MID,1.5,sat,primary,H1,bolted,0,closed,ip,kA,100MVA,47.0208626301031,-83.3656712365504,15.673620876701,15.673620876701,15.673620876701,121.231746098426,NaN,"ip peak = kappa*sqrt(2)*governing RMS; r=0.0664 kappa=1.82310 borrowed-shape peak estimate; ZfMode=bolted"
LL,F4,0.75,LF360_GAT_OUT,P,15,MID,1.5,sat,primary,H1,bolted,0,closed,Ikpp,kA,100MVA,44.9176594176187,-173.326985460289,0,25.9332227561301,25.9332227561301,115.809153155903,NaN,"bolted-baseline reference; ZfMode=bolted"
LL,F4,0.75,LF360_GAT_OUT,P,15,MID,1.5,sat,primary,H1,bolted,0,closed,ip,kA,100MVA,44.9176594176187,-173.326985460289,0,25.9332227561301,25.9332227561301,115.809153155903,NaN,"ip peak = kappa*sqrt(2)*governing RMS; r=0.0664 kappa=1.82310 borrowed-shape peak estimate; ZfMode=bolted"
LLG,F4,0.75,LF360_GAT_OUT,P,15,MID,1.5,sat,primary,H1,bolted,0,closed,Ikpp,kA,100MVA,49.8219511782569,32.2434172580165,14.3350953040806,33.1010992751964,18.7660141770564,128.453664980271,NaN,"LLG single-earth path; bolted-baseline comparison; ZfMode=bolted"
LLG,F4,0.75,LF360_GAT_OUT,P,15,MID,1.5,sat,primary,H1,bolted,0,closed,ip,kA,100MVA,49.8219511782569,32.2434172580165,14.3350953040806,33.1010992751964,18.7660141770564,128.453664980271,NaN,"ip peak = kappa*sqrt(2)*governing RMS; r=0.0664 kappa=1.82310 borrowed-shape peak estimate; ZfMode=bolted; LLG single-earth path"
LLL,F4,1,LF360_GAT_OUT,P,15,MID,1.5,sat,primary,H1,bolted,0,closed,Ikpp,kA,100MVA,53.0870065530683,-83.4976121609477,0,53.0870065530683,0,137.39956200455,NaN,"bolted-baseline reference; ZfMode=bolted"
LLL,F4,1,LF360_GAT_OUT,P,15,MID,1.5,sat,primary,H1,bolted,0,closed,ip,kA,100MVA,53.0870065530683,-83.4976121609477,0,53.0870065530683,0,137.39956200455,NaN,"ip peak = kappa*sqrt(2)*governing RMS; r=0.0635 kappa=1.83013 borrowed-shape peak estimate; ZfMode=bolted"
LG,F4,1,LF360_GAT_OUT,P,15,MID,1.5,sat,primary,H1,bolted,0,closed,Ikpp,kA,100MVA,48.4667640662034,-83.6369864365484,16.1555880220678,16.1555880220678,16.1555880220678,125.441470274223,NaN,"bolted-baseline reference; ZfMode=bolted"
LG,F4,1,LF360_GAT_OUT,P,15,MID,1.5,sat,primary,H1,bolted,0,closed,ip,kA,100MVA,48.4667640662034,-83.6369864365484,16.1555880220678,16.1555880220678,16.1555880220678,125.441470274223,NaN,"ip peak = kappa*sqrt(2)*governing RMS; r=0.0635 kappa=1.83013 borrowed-shape peak estimate; ZfMode=bolted"
LL,F4,1,LF360_GAT_OUT,P,15,MID,1.5,sat,primary,H1,bolted,0,closed,Ikpp,kA,100MVA,45.9725804350184,-173.504571624129,0,26.5422816894996,26.5422816894996,118.986034928831,NaN,"bolted-baseline reference; ZfMode=bolted"
LL,F4,1,LF360_GAT_OUT,P,15,MID,1.5,sat,primary,H1,bolted,0,closed,ip,kA,100MVA,45.9725804350184,-173.504571624129,0,26.5422816894996,26.5422816894996,118.986034928831,NaN,"ip peak = kappa*sqrt(2)*governing RMS; r=0.0635 kappa=1.83013 borrowed-shape peak estimate; ZfMode=bolted"
LLG,F4,1,LF360_GAT_OUT,P,15,MID,1.5,sat,primary,H1,bolted,0,closed,Ikpp,kA,100MVA,51.1774982446824,32.3231634812444,14.8633129623141,33.9742336338986,19.1110605382326,132.45738081462,NaN,"LLG single-earth path; bolted-baseline comparison; ZfMode=bolted"
LLG,F4,1,LF360_GAT_OUT,P,15,MID,1.5,sat,primary,H1,bolted,0,closed,ip,kA,100MVA,51.1774982446824,32.3231634812444,14.8633129623141,33.9742336338986,19.1110605382326,132.45738081462,NaN,"ip peak = kappa*sqrt(2)*governing RMS; r=0.0635 kappa=1.83013 borrowed-shape peak estimate; ZfMode=bolted; LLG single-earth path"
LLL,F4,0,LF360_GAT_IN,P,15,MID,1.5,sat,primary,H1,bolted,0,closed,Ikpp,kA,100MVA,50.5541945213143,-83.1021842945934,0,50.5541945213143,0,129.800742797442,NaN,"bolted-baseline reference; ZfMode=bolted"
LLL,F4,0,LF360_GAT_IN,P,15,MID,1.5,sat,primary,H1,bolted,0,closed,ip,kA,100MVA,50.5541945213143,-83.1021842945934,0,50.5541945213143,0,129.800742797442,NaN,"ip peak = kappa*sqrt(2)*governing RMS; r=0.0695 kappa=1.81554 borrowed-shape peak estimate; ZfMode=bolted"
LG,F4,0,LF360_GAT_IN,P,15,MID,1.5,sat,primary,H1,bolted,0,closed,Ikpp,kA,100MVA,45.8917695676113,-82.9688810592444,15.2972565225371,15.2972565225371,15.2972565225371,117.829704034816,NaN,"bolted-baseline reference; ZfMode=bolted"
LG,F4,0,LF360_GAT_IN,P,15,MID,1.5,sat,primary,H1,bolted,0,closed,ip,kA,100MVA,45.8917695676113,-82.9688810592444,15.2972565225371,15.2972565225371,15.2972565225371,117.829704034816,NaN,"ip peak = kappa*sqrt(2)*governing RMS; r=0.0695 kappa=1.81554 borrowed-shape peak estimate; ZfMode=bolted"
LL,F4,0,LF360_GAT_IN,P,15,MID,1.5,sat,primary,H1,bolted,0,closed,Ikpp,kA,100MVA,43.7764189842283,-173.114545151387,0,25.2743272847021,25.2743272847021,112.398422227243,NaN,"bolted-baseline reference; ZfMode=bolted"
LL,F4,0,LF360_GAT_IN,P,15,MID,1.5,sat,primary,H1,bolted,0,closed,ip,kA,100MVA,43.7764189842283,-173.114545151387,0,25.2743272847021,25.2743272847021,112.398422227243,NaN,"ip peak = kappa*sqrt(2)*governing RMS; r=0.0695 kappa=1.81554 borrowed-shape peak estimate; ZfMode=bolted"
LLG,F4,0,LF360_GAT_IN,P,15,MID,1.5,sat,primary,H1,bolted,0,closed,Ikpp,kA,100MVA,48.6504494084663,161.300554181774,14.0083169653844,32.2791826706936,18.2710413416215,124.912769957908,NaN,"LLG single-earth path; bolted-baseline comparison; ZfMode=bolted"
LLG,F4,0,LF360_GAT_IN,P,15,MID,1.5,sat,primary,H1,bolted,0,closed,ip,kA,100MVA,48.6504494084663,161.300554181774,14.0083169653844,32.2791826706936,18.2710413416215,124.912769957908,NaN,"ip peak = kappa*sqrt(2)*governing RMS; r=0.0695 kappa=1.81554 borrowed-shape peak estimate; ZfMode=bolted; LLG single-earth path"
LLL,F4,0.25,LF360_GAT_IN,P,15,MID,1.5,sat,primary,H1,bolted,0,closed,Ikpp,kA,100MVA,50.6400158282192,-83.1209227293027,0,50.6400158282192,0,130.041621147276,NaN,"bolted-baseline reference; ZfMode=bolted"
LLL,F4,0.25,LF360_GAT_IN,P,15,MID,1.5,sat,primary,H1,bolted,0,closed,ip,kA,100MVA,50.6400158282192,-83.1209227293027,0,50.6400158282192,0,130.041621147276,NaN,"ip peak = kappa*sqrt(2)*governing RMS; r=0.0694 kappa=1.81582 borrowed-shape peak estimate; ZfMode=bolted"
LG,F4,0.25,LF360_GAT_IN,P,15,MID,1.5,sat,primary,H1,bolted,0,closed,Ikpp,kA,100MVA,45.8430421123326,-82.9571077291998,15.2810140374442,15.2810140374442,15.2810140374442,117.72317636774,NaN,"bolted-baseline reference; ZfMode=bolted"
LG,F4,0.25,LF360_GAT_IN,P,15,MID,1.5,sat,primary,H1,bolted,0,closed,ip,kA,100MVA,45.8430421123326,-82.9571077291998,15.2810140374442,15.2810140374442,15.2810140374442,117.72317636774,NaN,"ip peak = kappa*sqrt(2)*governing RMS; r=0.0694 kappa=1.81582 borrowed-shape peak estimate; ZfMode=bolted"
LL,F4,0.25,LF360_GAT_IN,P,15,MID,1.5,sat,primary,H1,bolted,0,closed,Ikpp,kA,100MVA,43.8508769354628,-173.13300658986,0,25.3173156028906,25.3173156028906,112.607372492953,NaN,"bolted-baseline reference; ZfMode=bolted"
LL,F4,0.25,LF360_GAT_IN,P,15,MID,1.5,sat,primary,H1,bolted,0,closed,ip,kA,100MVA,43.8508769354628,-173.13300658986,0,25.3173156028906,25.3173156028906,112.607372492953,NaN,"ip peak = kappa*sqrt(2)*governing RMS; r=0.0694 kappa=1.81582 borrowed-shape peak estimate; ZfMode=bolted"
LLG,F4,0.25,LF360_GAT_IN,P,15,MID,1.5,sat,primary,H1,bolted,0,closed,Ikpp,kA,100MVA,48.7048499215672,161.404593603498,13.9613579333125,32.2986376242388,18.3375305004642,125.072189215351,NaN,"LLG single-earth path; bolted-baseline comparison; ZfMode=bolted"
LLG,F4,0.25,LF360_GAT_IN,P,15,MID,1.5,sat,primary,H1,bolted,0,closed,ip,kA,100MVA,48.7048499215672,161.404593603498,13.9613579333125,32.2986376242388,18.3375305004642,125.072189215351,NaN,"ip peak = kappa*sqrt(2)*governing RMS; r=0.0694 kappa=1.81582 borrowed-shape peak estimate; ZfMode=bolted; LLG single-earth path"
LLL,F4,0.75,LF360_GAT_IN,P,15,MID,1.5,sat,primary,H1,bolted,0,closed,Ikpp,kA,100MVA,51.8903809948347,-83.3098789367546,0,51.8903809948347,0,133.762122510398,NaN,"bolted-baseline reference; ZfMode=bolted"
LLL,F4,0.75,LF360_GAT_IN,P,15,MID,1.5,sat,primary,H1,bolted,0,closed,ip,kA,100MVA,51.8903809948347,-83.3098789367546,0,51.8903809948347,0,133.762122510398,NaN,"ip peak = kappa*sqrt(2)*governing RMS; r=0.0665 kappa=1.82277 borrowed-shape peak estimate; ZfMode=bolted"
LG,F4,0.75,LF360_GAT_IN,P,15,MID,1.5,sat,primary,H1,bolted,0,closed,Ikpp,kA,100MVA,47.1586322885922,-83.203892857302,15.7195440961974,15.7195440961974,15.7195440961974,121.564702911652,NaN,"bolted-baseline reference; ZfMode=bolted"
LG,F4,0.75,LF360_GAT_IN,P,15,MID,1.5,sat,primary,H1,bolted,0,closed,ip,kA,100MVA,47.1586322885922,-83.203892857302,15.7195440961974,15.7195440961974,15.7195440961974,121.564702911652,NaN,"ip peak = kappa*sqrt(2)*governing RMS; r=0.0665 kappa=1.82277 borrowed-shape peak estimate; ZfMode=bolted"
LL,F4,0.75,LF360_GAT_IN,P,15,MID,1.5,sat,primary,H1,bolted,0,closed,Ikpp,kA,100MVA,44.9337769821911,-173.321645936429,0,25.9425282363747,25.9425282363747,115.829509560646,NaN,"bolted-baseline reference; ZfMode=bolted"
LL,F4,0.75,LF360_GAT_IN,P,15,MID,1.5,sat,primary,H1,bolted,0,closed,ip,kA,100MVA,44.9337769821911,-173.321645936429,0,25.9425282363747,25.9425282363747,115.829509560646,NaN,"ip peak = kappa*sqrt(2)*governing RMS; r=0.0665 kappa=1.82277 borrowed-shape peak estimate; ZfMode=bolted"
LLG,F4,0.75,LF360_GAT_IN,P,15,MID,1.5,sat,primary,H1,bolted,0,closed,Ikpp,kA,100MVA,49.9387532257792,161.037261694176,14.4085706817198,33.1475039074831,18.7390528974359,128.731250357714,NaN,"LLG single-earth path; bolted-baseline comparison; ZfMode=bolted"
LLG,F4,0.75,LF360_GAT_IN,P,15,MID,1.5,sat,primary,H1,bolted,0,closed,ip,kA,100MVA,49.9387532257792,161.037261694176,14.4085706817198,33.1475039074831,18.7390528974359,128.731250357714,NaN,"ip peak = kappa*sqrt(2)*governing RMS; r=0.0665 kappa=1.82277 borrowed-shape peak estimate; ZfMode=bolted; LLG single-earth path"
LLL,F4,1,LF360_GAT_IN,P,15,MID,1.5,sat,primary,H1,bolted,0,closed,Ikpp,kA,100MVA,53.1089711671963,-83.4875196194795,0,53.1089711671963,0,137.431152720073,NaN,"bolted-baseline reference; ZfMode=bolted"
LLL,F4,1,LF360_GAT_IN,P,15,MID,1.5,sat,primary,H1,bolted,0,closed,ip,kA,100MVA,53.1089711671963,-83.4875196194795,0,53.1089711671963,0,137.431152720073,NaN,"ip peak = kappa*sqrt(2)*governing RMS; r=0.0636 kappa=1.82979 borrowed-shape peak estimate; ZfMode=bolted"
LG,F4,1,LF360_GAT_IN,P,15,MID,1.5,sat,primary,H1,bolted,0,closed,Ikpp,kA,100MVA,48.6057438965754,-83.477559203624,16.2019146321918,16.2019146321918,16.2019146321918,125.778060951197,NaN,"bolted-baseline reference; ZfMode=bolted"
LG,F4,1,LF360_GAT_IN,P,15,MID,1.5,sat,primary,H1,bolted,0,closed,ip,kA,100MVA,48.6057438965754,-83.477559203624,16.2019146321918,16.2019146321918,16.2019146321918,125.778060951197,NaN,"ip peak = kappa*sqrt(2)*governing RMS; r=0.0636 kappa=1.82979 borrowed-shape peak estimate; ZfMode=bolted"
LL,F4,1,LF360_GAT_IN,P,15,MID,1.5,sat,primary,H1,bolted,0,closed,Ikpp,kA,100MVA,45.9890208329902,-173.499245994188,0,26.5517735576942,26.5517735576942,119.006714056798,NaN,"bolted-baseline reference; ZfMode=bolted"
LL,F4,1,LF360_GAT_IN,P,15,MID,1.5,sat,primary,H1,bolted,0,closed,ip,kA,100MVA,45.9890208329902,-173.499245994188,0,26.5517735576942,26.5517735576942,119.006714056798,NaN,"ip peak = kappa*sqrt(2)*governing RMS; r=0.0636 kappa=1.82979 borrowed-shape peak estimate; ZfMode=bolted"
LLG,F4,1,LF360_GAT_IN,P,15,MID,1.5,sat,primary,H1,bolted,0,closed,Ikpp,kA,100MVA,51.1756530988529,160.537021456926,14.9383119596944,34.021689106754,19.0833829377049,132.428266675255,NaN,"LLG single-earth path; bolted-baseline comparison; ZfMode=bolted"
LLG,F4,1,LF360_GAT_IN,P,15,MID,1.5,sat,primary,H1,bolted,0,closed,ip,kA,100MVA,51.1756530988529,160.537021456926,14.9383119596944,34.021689106754,19.0833829377049,132.428266675255,NaN,"ip peak = kappa*sqrt(2)*governing RMS; r=0.0636 kappa=1.82979 borrowed-shape peak estimate; ZfMode=bolted; LLG single-earth path"
