Time_s,Rotor_speed_pu,Machine_delta,Mechanical_power_pu,Field_voltage_pu
0,1,51.2081623069861,0.786549599337793,1.78657868074702
5e-05,1,51.2073323188904,0.786549599337793,1.78657868074702
0.0001,0.999996280793457,51.2081578353078,0.786549599337793,1.78657868074702
0.00015,0.99999814046774,51.2073733468612,0.786549599337793,1.78657868074702
0.0002,0.999998140511987,51.208153108439,0.786549599337793,1.78657868074702
0.00025,0.999998140547085,51.2073041973277,0.786549599337793,1.78657868074702
0.0003,0.999998140585979,51.2082606630197,0.786549599337793,1.78657868074702
0.00035,0.999998140625941,51.2071808100394,0.786549599337793,1.78657868074702
0.0004,0.999998140666711,51.2083445299591,0.786549599337793,1.78657868074702
0.00045,0.999998140707974,51.2071552524651,0.786549599337793,1.78657868074702
0.0005,0.999998140750392,51.2083071112776,0.786549599337793,1.78657868074702
0.00055,0.999998140793286,51.2072058452984,0.786549599337793,1.78657868074702
0.0006,0.999998140836937,51.2082881206621,0.786549599337793,1.78657868074702
0.00065,0.99999814088157,51.2071467091055,0.786549599337793,1.78657868074702
0.0007,0.999998140926552,51.2084131905004,0.786549599337793,1.78657868074702
0.00075,0.999998140972529,51.206991779069,0.786549599337793,1.78657868074702
0.0008,0.999998141019163,51.2085255435567,0.786549599337793,1.78657868074702
0.00085,0.999998141066266,51.2069595641684,0.786549599337793,1.78657868074702
0.0009,0.999998141114402,51.2084683991372,0.786549599337793,1.78657868074702
0.00095,0.999998141162914,51.2070490408339,0.786549599337793,1.78657868074702
0.001,0.999998141212152,51.2084084221403,0.786549599337793,1.78613289853079
0.00105,0.999998141262235,51.2070084299155,0.786549599337793,1.78613289853079
0.0011,0.999998141312656,51.2085402809673,0.786549599337793,1.78613289853079
0.00115,0.999998141364022,51.2068254054165,0.786549599337793,1.78613289853079
0.0012,0.999998141415939,51.2086855890807,0.786549599337793,1.78613289853079
0.00125,0.999998141468331,51.2067755728406,0.786549599337793,1.78613289853079
0.0013,0.999998141521646,51.2086195905789,0.786549599337793,1.78613289853079
0.00135,0.999998141575284,51.2068983765095,0.786549599337793,1.78613289853079
0.0014,0.999998141629626,51.20852001133,0.786549599337793,1.78613289853079
0.00145,0.999998141684675,51.206890634219,0.786549599337793,1.78613289853079
0.0015,0.999998141740021,51.2086471591443,0.786549599337793,1.78613289853079
0.00155,0.999998141796204,51.2066860235097,0.786549599337793,1.78613289853079
0.0016,0.999998141852818,51.2088270402863,0.786549599337793,1.78613289853079
0.00165,0.999998141909878,51.206609258038,0.786549599337793,1.78613289853079
0.0017,0.999998141967717,51.2087638838726,0.786549599337793,1.78613289853079
0.00175,0.999998142025811,51.2067571380988,0.786549599337793,1.78613289853079
0.0018,0.999998142084543,51.2086225630146,0.786549599337793,1.78613289853079
0.00185,0.999998142143836,51.2067876403984,0.786549599337793,1.78613289853079
0.0019,0.999998142203393,51.2087334990815,0.786549599337793,1.78613289853079
0.00195,0.999998142263668,51.2065704204707,0.786549599337793,1.78613289853079
0.002,0.999998142324268,51.2089447688166,0.786549599584848,1.78583887319128
0.00205,0.999998142385282,51.2064585527249,0.786549599584848,1.78583887319128
0.0021,0.999998142446946,51.2088959574962,0.786549599584848,1.78583887319128
0.00215,0.999998142508832,51.2066213199736,0.786549599584848,1.78583887319128
0.0022,0.999998142571285,51.2087164695891,0.786549599584848,1.78583887319128
0.00225,0.999998142634181,51.2066950329919,0.786549599584848,1.78583887319128
0.0023,0.999998142697324,51.2088005634649,0.786549599584848,1.78583887319128
0.00235,0.999998142761067,51.2064758614802,0.786549599584848,1.78583887319128
0.0024,0.999998142825062,51.2090414332098,0.786549599584848,1.78583887319128
0.00245,0.999998142889424,51.2063282961257,0.786549599584848,1.78583887319128
0.0025,0.999998142954281,51.2090171312007,0.786549599584848,1.78583887319128
0.00255,0.999998143019307,51.206494503369,0.786549599584848,1.78583887319128
0.0026,0.999998143084798,51.2088060728986,0.786549599584848,1.78583887319128
0.00265,0.999998143150608,51.2066130412,0.786549599584848,1.78583887319128
0.0027,0.999998143216626,51.2088543131147,0.786549599584848,1.78583887319128
0.00275,0.999998143283103,51.2064032927335,0.786549599584848,1.78583887319128
0.0028,0.999998143349756,51.2091155744914,0.786549599584848,1.78583887319128
0.00285,0.999998143416706,51.2062182491116,0.786549599584848,1.78583887319128
0.0029,0.999998143484008,51.2091238448953,0.786549599584848,1.78583887319128
0.00295,0.999998143551438,51.206376284257,0.786549599584848,1.78583887319128
0.003,0.999998143619215,51.2088887658284,0.786549600077249,1.78556464567314
0.00305,0.999998143687214,51.2065366921699,0.786549600077249,1.78556464567314
0.0031,0.999998143755395,51.2088945533021,0.786549600077249,1.78556464567314
0.00315,0.999998143823912,51.2063476456119,0.786549600077249,1.78556464567314
0.0032,0.99999814389256,51.2091664293418,0.786549600077249,1.78556464567314
0.00325,0.999998143961435,51.2061282565601,0.786549600077249,1.78556464567314
0.0033,0.999998144030547,51.2092126218005,0.786549600077249,1.78556464567314
0.00335,0.999998144099764,51.2062672931149,0.786549600077249,1.78556464567314
0.0034,0.999998144169217,51.2089669432182,0.786549600077249,1.78556464567314
0.00345,0.999998144238811,51.2064677543311,0.786549600077249,1.78556464567314
0.0035,0.999998144308524,51.2089264708285,0.786549600077249,1.78556464567314
0.00355,0.999998144378428,51.206309507175,0.786549600077249,1.78556464567314
0.0036,0.999998144448417,51.2091979385184,0.786549600077249,1.78556464567314
0.00365,0.999998144518534,51.2060617233715,0.786549600077249,1.78556464567314
0.0037,0.999998144588774,51.2092842515218,0.786549600077249,1.78556464567314
0.00375,0.999998144659079,51.2061724796622,0.786549600077249,1.78556464567314
0.0038,0.999998144729488,51.2090378356457,0.786549600077249,1.78556464567314
0.00385,0.999998144799971,51.2064042695196,0.786549600077249,1.78556464567314
0.0039,0.999998144870504,51.2089504683695,0.786549600077249,1.78556464567314
0.00395,0.999998144941099,51.2062850330843,0.786549600077249,1.78556464567314
0.004,0.999998145011741,51.2092092826138,0.786549600813271,1.78540206942832
0.00405,0.999998145082406,51.2060164994143,0.786549600813271,1.78540206942832
0.0041,0.999998145153116,51.2093347311545,0.786549600813271,1.78540206942832
0.00415,0.999998145223863,51.2060920086516,0.786549600813271,1.78540206942832
0.0042,0.999998145294589,51.2090988059076,0.786549600813271,1.78540206942832
0.00425,0.999998145365349,51.2063457313144,0.786549600813271,1.78540206942832
0.0043,0.999998145436091,51.2089671532757,0.786549600813271,1.78540206942832
0.00435,0.999998145506788,51.206271152212,0.786549600813271,1.78540206942832
0.0044,0.999998145577511,51.2092041849944,0.786549600813271,1.78540206942832
0.00445,0.999998145648146,51.2059937240124,0.786549600813271,1.78540206942832
0.0045,0.999998145718749,51.2093646794877,0.786549600813271,1.78540206942832
0.00455,0.999998145789335,51.206029720283,0.786549600813271,1.78540206942832
0.0046,0.99999814585978,51.2091495589941,0.786549600813271,1.78540206942832
0.00465,0.999998145930223,51.2062944752067,0.786549600813271,1.78540206942832
0.0047,0.999998146000561,51.2089792289569,0.786549600813271,1.78540206942832
0.00475,0.99999814607076,51.2062671261245,0.786549600813271,1.78540206942832
0.0048,0.999998146140957,51.2091842638135,0.786549600813271,1.78540206942832
0.00485,0.99999814621095,51.2059910021179,0.786549600813271,1.78540206942832
0.0049,0.99999814628086,51.2093730533502,0.786549600813271,1.78540206942832
0.00495,0.999998146350699,51.2059862644714,0.786549600813271,1.78540206942832
0.005,0.999998146420285,51.2091867917008,0.786549601791187,1.78530010435189
0.00505,0.999998146489853,51.2062501326306,0.786549601791187,1.78530010435189
0.0051,0.999998146559233,51.208985972418,0.786549601791187,1.78530010435189
0.00515,0.99999814662841,51.2062693758214,0.786549601791187,1.78530010435189
0.0052,0.999998146697564,51.2091518923888,0.786549601791187,1.78530010435189
0.00525,0.999998146766406,51.2060055490974,0.786549601791187,1.78530010435189
0.0053,0.999998146835143,51.2093601642312,0.786549601791187,1.78530010435189
0.00535,0.999998146903752,51.2059619414234,0.786549601791187,1.78530010435189
0.0054,0.99999814697202,51.2092100269538,0.786549601791187,1.78530010435189
0.00545,0.999998147040264,51.2062149406927,0.786549601791187,1.78530010435189
0.0055,0.999998147108216,51.2089887532736,0.786549601791187,1.78530010435189
0.00555,0.999998147175914,51.2062769619409,0.786549601791187,1.78530010435189
0.0056,0.99999814724356,51.2091112229438,0.786549601791187,1.78530010435189
0.00565,0.999998147310793,51.2060354162678,0.786549601791187,1.78530010435189
0.0057,0.999998147377911,51.2093288046334,0.786549601791187,1.78530010435189
0.00575,0.999998147444833,51.2059576663936,0.786549601791187,1.78530010435189
0.0058,0.999998147511342,51.2092176101693,0.786549601791187,1.78530010435189
0.00585,0.999998147577824,51.2061894973206,0.786549601791187,1.78530010435189
0.0059,0.999998147643918,51.2089869521443,0.786549601791187,1.78530010435189
0.00595,0.999998147709733,51.2062877206791,0.786549601791187,1.78530010435189
0.006,0.999998147775465,51.2090645085707,0.786549603009276,1.78526907891019
0.00605,0.999998147840695,51.2060766101221,0.786549603009276,1.78526907891019
0.0061,0.999998147905826,51.2092806968762,0.786549603009276,1.78526907891019
0.00615,0.999998147970694,51.2059719312873,0.786549603009276,1.78526907891019
0.0062,0.999998148035101,51.2092087362874,0.786549603009276,1.78526907891019
0.00625,0.999998148099482,51.2061748446776,0.786549603009276,1.78526907891019
0.0063,0.999998148163386,51.2089798867622,0.786549603009276,1.78526907891019
0.00635,0.999998148227014,51.2063005203998,0.786549603009276,1.78526907891019
0.0064,0.999998148290523,51.209014620698,0.786549603009276,1.78526907891019
0.00645,0.999998148353462,51.2061261731733,0.786549603009276,1.78526907891019
0.0065,0.999998148416316,51.209219002356,0.786549603009276,1.78526907891019
0.00655,0.999998148478828,51.206003647526,0.786549603009276,1.78526907891019
0.0066,0.999998148540863,51.2091835146954,0.786549603009276,1.78526907891019
0.00665,0.999998148602872,51.2061724887175,0.786549603009276,1.78526907891019
0.0067,0.999998148664323,51.2089668727213,0.786549603009276,1.78526907891019
0.00675,0.999998148725521,51.2063154315724,0.786549603009276,1.78526907891019
0.0068,0.999998148786557,51.2089632431576,0.786549603009276,1.78526907891019
0.00685,0.999998148846978,51.2061809736395,0.786549603009276,1.78526907891019
0.0069,0.999998148907342,51.2091465134968,0.786549603009276,1.78526907891019
0.00695,0.999998148967293,51.2060508155844,0.786549603009276,1.78526907891019
0.007,0.999998149026773,51.2091420693454,0.786549604465833,1.78529338714157
0.00705,0.999998149086222,51.2061835398843,0.786549604465833,1.78529338714157
0.0071,0.999998149145057,51.2089464271796,0.786549604465833,1.78529338714157
0.00715,0.999998149203679,51.2063329651727,0.786549604465833,1.78529338714157
0.0072,0.999998149262089,51.2089115005682,0.786549604465833,1.78529338714157
0.00725,0.999998149319863,51.2062387291086,0.786549604465833,1.78529338714157
0.0073,0.999998149377612,51.209066191691,0.786549604465833,1.78529338714157
0.00735,0.999998149434881,51.2061114313462,0.786549604465833,1.78529338714157
0.0074,0.999998149491708,51.2090847155986,0.786549604465833,1.78529338714157
0.00745,0.999998149548499,51.2062086913145,0.786549604465833,1.78529338714157
0.0075,0.999998149604625,51.2089166224556,0.786549604465833,1.78529338714157
0.00755,0.999998149660588,51.2063540775963,0.786549604465833,1.78529338714157
0.0076,0.999998149716297,51.2088593112141,0.786549604465833,1.78529338714157
0.00765,0.999998149771377,51.2062974779325,0.786549604465833,1.78529338714157
0.0077,0.999998149826466,51.2089803825524,0.786549604465833,1.78529338714157
0.00775,0.999998149881021,51.2061829398012,0.786549604465833,1.78529338714157
0.0078,0.999998149935188,51.2090126197435,0.786549604465833,1.78529338714157
0.00785,0.999998149989307,51.206248657755,0.786549604465833,1.78529338714157
0.0079,0.999998150042743,51.2088759347905,0.786549604465833,1.78529338714157
0.00795,0.999998150096078,51.2063805328534,0.786549604465833,1.78529338714157
0.008,0.999998150149115,51.2088067968855,0.786549606159176,1.78539412252098
0.00805,0.999998150201555,51.2063567893402,0.786549606159176,1.78539412252098
0.0081,0.999998150254036,51.2088920051048,0.786549606159176,1.78539412252098
0.00815,0.999998150305942,51.2062634663886,0.786549606159176,1.78539412252098
0.0082,0.999998150357521,51.2089278436289,0.786549606159176,1.78539412252098
0.00825,0.999998150409034,51.2063038873809,0.786549606159176,1.78539412252098
0.0083,0.999998150459862,51.2088235212946,0.786549606159176,1.78539412252098
0.00835,0.999998150510652,51.2064145148189,0.786549606159176,1.78539412252098
0.0084,0.999998150561102,51.2087519041463,0.786549606159176,1.78539412252098
0.00845,0.999998150611009,51.2064150336087,0.786549606159176,1.78539412252098
0.0085,0.99999815066098,51.2088020139404,0.786549606159176,1.78539412252098
0.00855,0.999998150710355,51.2063493044331,0.786549606159176,1.78539412252098
0.0086,0.999998150759491,51.2088314594633,0.786549606159176,1.78539412252098
0.00865,0.999998150808548,51.2063726328747,0.786549606159176,1.78539412252098
0.0087,0.999998150856951,51.208757587633,0.786549606159176,1.78539412252098
0.00875,0.999998150905385,51.2064565913421,0.786549606159176,1.78539412252098
0.0088,0.99999815095345,51.20869396511,0.786549606159176,1.78539412252098
0.00885,0.999998151001054,51.2064726863362,0.786549606159176,1.78539412252098
0.0089,0.999998151048746,51.2087126233953,0.786549606159176,1.78539412252098
0.00895,0.999998151095845,51.2064383058732,0.786549606159176,1.78539412252098
0.009,0.999998151142799,51.2087271689057,0.786549608087651,1.78549462838931
0.00905,0.999998151189658,51.2064543983191,0.786549608087651,1.78549462838931
0.0091,0.999998151235922,51.2086791696016,0.786549608087651,1.78549462838931
0.00915,0.99999815128228,51.2065089159868,0.786549608087651,1.78549462838931
0.0092,0.999998151328247,51.208632231514,0.786549608087651,1.78549462838931
0.00925,0.999998151373843,51.2065304822334,0.786549608087651,1.78549462838931
0.0093,0.999998151419543,51.2086256130845,0.786549608087651,1.78549462838931
0.00935,0.999998151464669,51.2065283180525,0.786549608087651,1.78549462838931
0.0094,0.999998151509744,51.2086168833469,0.786549608087651,1.78549462838931
0.00945,0.999998151554713,51.2065458577198,0.786549608087651,1.78549462838931
0.0095,0.999998151599157,51.2085879911019,0.786549608087651,1.78549462838931
0.00955,0.999998151643757,51.2065710442784,0.786549608087651,1.78549462838931
0.0096,0.999998151687972,51.2085644705443,0.786549608087651,1.78549462838931
0.00965,0.999998151731928,51.2065880243957,0.786549608087651,1.78549462838931
0.0097,0.999998151776004,51.2085407371802,0.786549608087651,1.78549462838931
0.00975,0.999998151819557,51.2066160801853,0.786549608087651,1.78549462838931
0.0098,0.999998151863159,51.2085041925877,0.786549608087651,1.78549462838931
0.00985,0.999998151906652,51.2066448725929,0.786549608087651,1.78549462838931
0.0099,0.999998151949721,51.2084860122838,0.786549608087651,1.78549462838931
0.00995,0.999998151993001,51.2066436199679,0.786549608087651,1.78549462838931
0.01,0.99999815203592,51.2084911564156,0.786549610249627,1.7856865687671
0.01005,0.999998152078693,51.206647733317,0.786549610249627,1.7856865687671
0.0101,0.999998152121597,51.2084596836606,0.786549610249627,1.7856865687671
0.01015,0.999998152164044,51.2067013214986,0.786549610249627,1.7856865687671
0.0102,0.999998152206618,51.2083928650412,0.786549610249627,1.7856865687671
0.01025,0.999998152249082,51.2067494254079,0.786549610249627,1.7856865687671
0.0103,0.999998152291227,51.2083760668337,0.786549610249627,1.7856865687671
0.01035,0.999998152333622,51.2067271160746,0.786549610249627,1.7856865687671
0.0104,0.999998152375688,51.2084093743408,0.786549610249627,1.7856865687671
0.01045,0.999998152417724,51.2067087002797,0.786549610249627,1.7856865687671
0.0105,0.999998152459902,51.2083800456557,0.786549610249627,1.7856865687671
0.01055,0.999998152501714,51.2067809925605,0.786549610249627,1.7856865687671
0.0106,0.999998152543747,51.2082832148711,0.786549610249627,1.7856865687671
0.01065,0.999998152585694,51.2068547975476,0.786549610249627,1.7856865687671
0.0107,0.999998152627449,51.2082583508625,0.786549610249627,1.7856865687671
0.01075,0.999998152669496,51.2068188703881,0.786549610249627,1.7856865687671
0.0108,0.99999815271128,51.2083195069995,0.786549610249627,1.7856865687671
0.01085,0.999998152753154,51.2067733753865,0.786549610249627,1.7856865687671
0.0109,0.99999815279519,51.2083018466456,0.786549610249627,1.7856865687671
0.01095,0.999998152836972,51.2068558990719,0.786549610249627,1.7856865687671
0.011,0.999998152879057,51.2081787832945,0.786549612643499,1.78584298616633
0.01105,0.999998152921088,51.2069602342329,0.786549612643499,1.78584298616633
0.0111,0.99999815296306,51.2081370258879,0.786549612643499,1.78584298616633
0.01115,0.99999815300536,51.2069194522831,0.786549612643499,1.78584298616633
0.0112,0.999998153047465,51.2082220218671,0.786549612643499,1.78584298616633
0.01125,0.999998153089764,51.2068438578075,0.786549612643499,1.78584298616633
0.0113,0.999998153132246,51.2082244305036,0.786549612643499,1.78584298616633
0.01135,0.99999815317459,51.2069271832546,0.786549612643499,1.78584298616633
0.0114,0.999998153217298,51.2080789415581,0.786549612643499,1.78584298616633
0.01145,0.999998153260003,51.2070618247172,0.786549612643499,1.78584298616633
0.0115,0.999998153302776,51.2080129134494,0.786549612643499,1.78584298616633
0.01155,0.999998153345908,51.2070255917587,0.786549612643499,1.78584298616633
0.0116,0.999998153388953,51.2081154403806,0.786549612643499,1.78584298616633
0.01165,0.999998153432298,51.206919722641,0.786549612643499,1.78584298616633
0.0117,0.999998153475863,51.208144594486,0.786549612643499,1.78584298616633
0.01175,0.999998153519424,51.2069942560853,0.786549612643499,1.78584298616633
0.0118,0.999998153563411,51.2079849766439,0.786549612643499,1.78584298616633
0.01185,0.999998153607468,51.2071586109328,0.786549612643499,1.78584298616633
0.0119,0.99999815365172,51.2078893393824,0.786549612643499,1.78584298616633
0.01195,0.999998153696371,51.2071360752615,0.786549612643499,1.78584298616633
0.012,0.99999815374105,51.2080024951126,0.786549615267673,1.78605453626225
0.01205,0.999998153786116,51.2070034767728,0.786549615267673,1.78605453626225
0.0121,0.999998153831448,51.2080627997816,0.786549615267673,1.78605453626225
0.01215,0.999998153876903,51.2070601342722,0.786549615267673,1.78605453626225
0.0122,0.999998153922821,51.2078979443447,0.786549615267673,1.78605453626225
0.01225,0.999998153968885,51.207250072442,0.786549615267673,1.78605453626225
0.0123,0.999998154015253,51.2077698354342,0.786549615267673,1.78605453626225
0.01235,0.999998154062047,51.2072493302412,0.786549615267673,1.78605453626225
0.0124,0.999998154108983,51.207882476,0.786549615267673,1.78605453626225
0.01245,0.999998154156381,51.2070926987934,0.786549615267673,1.78605453626225
0.0125,0.999998154204099,51.2079758678387,0.786549615267673,1.78605453626225
0.01255,0.999998154252071,51.2071237371394,0.786549615267673,1.78605453626225
0.0126,0.999998154300559,51.2078153286831,0.786549615267673,1.78605453626225
0.01265,0.999998154349296,51.2073329561982,0.786549615267673,1.78605453626225
0.0127,0.999998154398445,51.2076546299885,0.786549615267673,1.78605453626225
0.01275,0.999998154448067,51.2073604420066,0.786549615267673,1.78605453626225
0.0128,0.999998154497961,51.2077587507529,0.786549615267673,1.78605453626225
0.01285,0.999998154548386,51.2071876828063,0.786549615267673,1.78605453626225
0.0129,0.999998154599205,51.2078845212666,0.786549615267673,1.78605453626225
0.01295,0.999998154650405,51.2071872067441,0.786549615267673,1.78605453626225
0.013,0.999998154702166,51.2077387686727,0.786549618120564,1.7862458605418
0.01305,0.999998154754283,51.2074085480913,0.786549618120564,1.7862458605418
0.0131,0.999998154806905,51.2075480190234,0.786549618120564,1.7862458605418
0.01315,0.999998154860046,51.2074684527205,0.786549618120564,1.7862458605418
0.0132,0.999998154913573,51.2076350245503,0.786549618120564,1.7862458605418
0.01325,0.999998154967676,51.2072877174299,0.786549618120564,1.7862458605418
0.0133,0.99999815502225,51.2077898824314,0.786549618120564,1.7862458605418
0.01335,0.999998155077308,51.2072521409415,0.786549618120564,1.7862458605418
0.0134,0.99999815513296,51.2076655676279,0.786549618120564,1.7862458605418
0.01345,0.999998155189082,51.2074744097636,0.786549618120564,1.7862458605418
0.0135,0.999998155245776,51.2074498072561,0.786549618120564,1.7862458605418
0.01355,0.999998155303047,51.2075684974117,0.786549618120564,1.7862458605418
0.0136,0.999998155360836,51.2075122650231,0.786549618120564,1.7862458605418
0.01365,0.999998155419249,51.2073888111705,0.786549618120564,1.7862458605418
0.0137,0.999998155478228,51.2076906482996,0.786549618120564,1.7862458605418
0.01375,0.999998155537793,51.2073172003544,0.786549618120564,1.7862458605418
0.0138,0.999998155597995,51.2075958852473,0.786549618120564,1.7862458605418
0.01385,0.999998155658789,51.2075318217468,0.786549618120564,1.7862458605418
0.0139,0.999998155720218,51.2073621474222,0.786549618120564,1.7862458605418
0.01395,0.999998155782293,51.2076592494505,0.786549618120564,1.7862458605418
0.014,0.999998155845001,51.2073953556823,0.786549621200581,1.78643310874911
0.01405,0.999998155908367,51.2074905802613,0.786549621200581,1.78643310874911
0.0141,0.999998155972405,51.207589818532,0.786549621200581,1.78643310874911
0.01415,0.999998156037105,51.2073846452538,0.786549621200581,1.78643310874911
0.0142,0.999998156102472,51.207529571471,0.786549621200581,1.78643310874911
0.01425,0.999998156168537,51.2075824733233,0.786549621200581,1.78643310874911
0.0143,0.999998156235274,51.2072862652047,0.786549621200581,1.78643310874911
0.01435,0.999998156302725,51.2077398949137,0.786549621200581,1.78643310874911
0.0144,0.999998156370899,51.2072848062352,0.786549621200581,1.78643310874911
0.01445,0.999998156439761,51.2075886480431,0.786549621200581,1.78643310874911
0.0145,0.999998156509389,51.2074867219361,0.786549621200581,1.78643310874911
0.01455,0.999998156579739,51.2074526916471,0.786549621200581,1.78643310874911
0.0146,0.999998156650815,51.2074634076582,0.786549621200581,1.78643310874911
0.01465,0.999998156722699,51.2076259084023,0.786549621200581,1.78643310874911
0.0147,0.99999815679529,51.2072196696121,0.786549621200581,1.78643310874911
0.01475,0.99999815686868,51.2078078223874,0.786549621200581,1.78643310874911
0.0148,0.999998156942875,51.2071835308935,0.786549621200581,1.78643310874911
0.01485,0.99999815701779,51.2076819261697,0.786549621200581,1.78643310874911
0.0149,0.999998157093578,51.2073837565713,0.786549621200581,1.78643310874911
0.01495,0.999998157170132,51.2075223656561,0.786549621200581,1.78643310874911
0.015,0.999998157247471,51.2073980580354,0.786549624506117,1.78661059099146
0.01505,0.999998157325707,51.2076658014241,0.786549624506117,1.78661059099146
0.0151,0.999998157404678,51.2071629776715,0.786549624506117,1.78661059099146
0.01515,0.999998157484532,51.2078649204451,0.786549624506117,1.78661059099146
0.0152,0.999998157565234,51.2070936718414,0.786549624506117,1.78661059099146
0.01525,0.99999815764668,51.2077693682233,0.786549624506117,1.78661059099146
0.0153,0.999998157729087,51.2072833011494,0.786549624506117,1.78661059099146
0.01535,0.999998157812278,51.207594154137,0.786549624506117,1.78661059099146
0.0154,0.999998157896306,51.2073305925438,0.786549624506117,1.78661059099146
0.01545,0.999998157981307,51.2077021118065,0.786549624506117,1.78661059099146
0.0155,0.999998158067044,51.2071126189241,0.786549624506117,1.78661059099146
0.01555,0.999998158153748,51.2079100314935,0.786549624506117,1.78661059099146
0.0156,0.999998158241351,51.2070140260487,0.786549624506117,1.78661059099146
0.01565,0.99999815832973,51.2078476133181,0.786549624506117,1.78661059099146
0.0157,0.99999815841916,51.2071851717321,0.786549624506117,1.78661059099146
0.01575,0.999998158509385,51.207665584309,0.786549624506117,1.78661059099146
0.0158,0.999998158600514,51.2072613800615,0.786549624506117,1.78661059099146
0.01585,0.999998158692675,51.2077375206571,0.786549624506117,1.78661059099146
0.0159,0.999998158785584,51.2070676574662,0.786549624506117,1.78661059099146
0.01595,0.999998158879544,51.2079452789609,0.786549624506117,1.78661059099146
0.016,0.999998158974422,51.2069465536519,0.786549628035542,1.78676424923016
0.01605,0.999998159070111,51.2079169785745,0.786549628035542,1.78676424923016
0.0161,0.999998159166928,51.2070929401244,0.786549628035542,1.78676424923016
0.01615,0.999998159264537,51.2077370445599,0.786549628035542,1.78676424923016
0.0162,0.999998159363101,51.2071912660541,0.786549628035542,1.78676424923016
0.01625,0.999998159462724,51.2077739270808,0.786549628035542,1.78676424923016
0.0163,0.999998159563095,51.2070271102262,0.786549628035542,1.78676424923016
0.01635,0.999998159664585,51.2079726881132,0.786549628035542,1.78676424923016
0.0164,0.999998159766987,51.2068895077627,0.786549628035542,1.78676424923016
0.01645,0.999998159870233,51.2079745776083,0.786549628035542,1.78676424923016
0.0165,0.999998159974648,51.2070070395028,0.786549628035542,1.78676424923016
0.01655,0.999998160079838,51.207805083628,0.786549628035542,1.78676424923016
0.0166,0.999998160186056,51.2071194568911,0.786549628035542,1.78676424923016
0.01665,0.99999816029335,51.2078103215194,0.786549628035542,1.78676424923016
0.0167,0.999998160401398,51.206988010889,0.786549628035542,1.78676424923016
0.01675,0.999998160510631,51.2079921105873,0.786549628035542,1.78676424923016
0.0168,0.999998160620757,51.2068433435805,0.786549628035542,1.78676424923016
0.01685,0.99999816073177,51.2080203015522,0.786549628035542,1.78676424923016
0.0169,0.999998160843986,51.206930348168,0.786549628035542,1.78676424923016
0.01695,0.999998160956957,51.2078683088571,0.786549628035542,1.78676424923016
0.017,0.999998161071018,51.2070488824742,0.786549631787187,1.78687799685741
0.01705,0.999998161186143,51.2078478850531,0.786549631787187,1.78687799685741
0.0171,0.999998161302041,51.2069508541448,0.786549631787187,1.78687799685741
0.01715,0.999998161419173,51.2080061680993,0.786549631787187,1.78687799685741
0.0172,0.999998161537151,51.2068080086714,0.786549631787187,1.78687799685741
0.01725,0.999998161656051,51.2080540665499,0.786549631787187,1.78687799685741
0.0173,0.999998161776158,51.2068652913903,0.786549631787187,1.78687799685741
0.01735,0.999998161896991,51.2079248366353,0.786549631787187,1.78687799685741
0.0174,0.99999816201896,51.2069803310922,0.786549631787187,1.78687799685741
0.01745,0.99999816214196,51.2078845676533,0.786549631787187,1.78687799685741
0.0175,0.999998162265727,51.2069140153415,0.786549631787187,1.78687799685741
0.01755,0.999998162390751,51.2080148392429,0.786549631787187,1.78687799685741
0.0176,0.999998162516588,51.2067813818896,0.786549631787187,1.78687799685741
0.01765,0.999998162643384,51.2080746431543,0.786549631787187,1.78687799685741
0.0177,0.999998162771376,51.2068121045132,0.786549631787187,1.78687799685741
0.01775,0.999998162900068,51.2079713208846,0.786549631787187,1.78687799685741
0.0178,0.999998163029937,51.2069166036684,0.786549631787187,1.78687799685741
0.01785,0.99999816316079,51.2079197918797,0.786549631787187,1.78687799685741
0.0179,0.99999816329242,51.2068780086299,0.786549631787187,1.78687799685741
0.01795,0.999998163425316,51.2080198715528,0.786549631787187,1.78687799685741
0.018,0.999998163558973,51.2067633838609,0.786549635759347,1.78698837976899
0.01805,0.999998163693621,51.2080837110297,0.786549635759347,1.78698837976899
0.0181,0.999998163829439,51.2067726965787,0.786549635759347,1.78698837976899
0.01815,0.999998163965935,51.2080071004218,0.786549635759347,1.78698837976899
0.0182,0.999998164103617,51.2068603449462,0.786549635759347,1.78698837976899
0.01825,0.999998164242212,51.207952659212,0.786549635759347,1.78698837976899
0.0183,0.99999816438159,51.2068435320524,0.786549635759347,1.78698837976899
0.01835,0.999998164522214,51.2080228310692,0.786549635759347,1.78698837976899
0.0184,0.999998164663536,51.206751266454,0.786549635759347,1.78698837976899
0.01845,0.999998164805871,51.2080812376231,0.786549635759347,1.78698837976899
0.0185,0.999998164949303,51.2067458933637,0.786549635759347,1.78698837976899
0.01855,0.999998165093382,51.2080298625433,0.786549635759347,1.78698837976899
0.0186,0.999998165238662,51.2068121695948,0.786549635759347,1.78698837976899
0.01865,0.999998165384781,51.2079806400168,0.786549635759347,1.78698837976899
0.0187,0.999998165531693,51.2068097946081,0.786549635759347,1.78698837976899
0.01875,0.999998165679813,51.2080236087479,0.786549635759347,1.78698837976899
0.0188,0.999998165828573,51.2067438457038,0.786549635759347,1.78698837976899
0.01885,0.999998165978361,51.2080695717568,0.786549635759347,1.78698837976899
0.0189,0.99999816612917,51.2067314857833,0.786549635759347,1.78698837976899
0.01895,0.999998166280607,51.2080397834367,0.786549635759347,1.78698837976899
0.019,0.999998166433229,51.2067742447025,0.786549639950272,1.78703007939081
0.01905,0.999998166586606,51.2080031362356,0.786549639950272,1.78703007939081
0.0191,0.999998166740799,51.2067781762635,0.786549639950272,1.78703007939081
0.01915,0.999998166896146,51.20802370962,0.786549639950272,1.78703007939081
0.0192,0.999998167052065,51.2067395644832,0.786549639950272,1.78703007939081
0.01925,0.99999816720901,51.208050983877,0.786549639950272,1.78703007939081
0.0193,0.999998167366884,51.206728264218,0.786549639950272,1.78703007939081
0.01935,0.999998167525363,51.2080372808192,0.786549639950272,1.78703007939081
0.0194,0.999998167684988,51.2067470359821,0.786549639950272,1.78703007939081
0.01945,0.999998167845281,51.2080183757472,0.786549639950272,1.78703007939081
0.0195,0.99999816800637,51.206749082644,0.786549639950272,1.78703007939081
0.01955,0.999998168168524,51.2080230278371,0.786549639950272,1.78703007939081
0.0196,0.999998168331206,51.2067364655944,0.786549639950272,1.78703007939081
0.01965,0.999998168494897,51.2080271921159,0.786549639950272,1.78703007939081
0.0197,0.999998168659415,51.2067339957962,0.786549639950272,1.78703007939081
0.01975,0.999998168824519,51.2080226934836,0.786549639950272,1.78703007939081
0.0198,0.999998168990712,51.2067312772984,0.786549639950272,1.78703007939081
0.01985,0.999998169157486,51.2080253378367,0.786549639950272,1.78703007939081
0.0199,0.999998169325046,51.2067238735585,0.786549639950272,1.78703007939081
0.01995,0.999998169493574,51.2080216045492,0.786549639950272,1.78703007939081
0.02,0.999998169662579,51.206733945944,0.786549644358172,1.78707105874903
0.02005,0.999998169832557,51.2080005388038,0.786549644358172,1.78707105874903
0.0201,0.999998170003273,51.20674717723,0.786549644358172,1.78707105874903
0.02015,0.999998170174561,51.2079975412729,0.786549644358172,1.78707105874903
0.0202,0.999998170346847,51.2067273366942,0.786549644358172,1.78707105874903
0.02025,0.999998170519627,51.2080230460786,0.786549644358172,1.78707105874903
0.0203,0.999998170693169,51.2067041595673,0.786549644358172,1.78707105874903
0.02035,0.999998170867567,51.2080188771382,0.786549644358172,1.78707105874903
0.0204,0.999998171042392,51.2067311420311,0.786549644358172,1.78707105874903
0.02045,0.999998171218135,51.2079720810254,0.786549644358172,1.78707105874903
0.0205,0.999998171394486,51.2067655188755,0.786549644358172,1.78707105874903
0.02055,0.999998171571374,51.2079627321016,0.786549644358172,1.78707105874903
0.0206,0.999998171749175,51.20673460829,0.786549644358172,1.78707105874903
0.02065,0.999998171927389,51.2080101076352,0.786549644358172,1.78707105874903
0.0207,0.99999817210633,51.2066910738799,0.786549644358172,1.78707105874903
0.02075,0.999998172286009,51.2080132300979,0.786549644358172,1.78707105874903
0.0208,0.99999817246607,51.2067284537481,0.786549644358172,1.78707105874903
0.02085,0.999998172646976,51.2079430668006,0.786549644358172,1.78707105874903
0.0209,0.999998172828383,51.2067875406357,0.786549644358172,1.78707105874903
0.02095,0.999998173010294,51.2079200160442,0.786549644358172,1.78707105874903
0.021,0.99999817319301,51.2067527333833,0.786549648981218,1.78706567406537
0.02105,0.999998173376063,51.2079860506949,0.786549648981218,1.78706567406537
0.0211,0.999998173559816,51.2066863137791,0.786549648981218,1.78706567406537
0.02115,0.999998173744194,51.2080033601469,0.786549648981218,1.78706567406537
0.0212,0.9999981739289,51.2067265210534,0.786549648981218,1.78706567406537
0.02125,0.999998174114363,51.2079140421584,0.786549648981218,1.78706567406537
0.0213,0.999998174300222,51.2068117041939,0.786549648981218,1.78706567406537
0.02135,0.999998174486548,51.207871076032,0.786549648981218,1.78706567406537
0.0214,0.999998174673557,51.206780752781,0.786549648981218,1.78706567406537
0.02145,0.999998174860836,51.2079507879131,0.786549648981218,1.78706567406537
0.0215,0.999998175048727,51.2066911152112,0.786549648981218,1.78706567406537
0.02155,0.999998175237109,51.2079878274491,0.786549648981218,1.78706567406537
0.0216,0.999998175425786,51.2067263426086,0.786549648981218,1.78706567406537
0.02165,0.999998175615116,51.207885278373,0.786549648981218,1.78706567406537
0.0217,0.999998175804746,51.2068367131568,0.786549648981218,1.78706567406537
0.02175,0.999998175994793,51.2078178499114,0.786549648981218,1.78706567406537
0.0218,0.999998176185396,51.2068171088105,0.786549648981218,1.78706567406537
0.02185,0.999998176376208,51.2079047948693,0.786549648981218,1.78706567406537
0.0219,0.99999817656755,51.2067060842055,0.786549648981218,1.78706567406537
0.02195,0.999998176759265,51.2079653509357,0.786549648981218,1.78706567406537
0.022,0.999998176951229,51.2067287320038,0.786549653817551,1.78703167543922
0.02205,0.999998177143732,51.2078565531476,0.786549653817551,1.78703167543922
0.0221,0.999998177336472,51.2068611748154,0.786549653817551,1.78703167543922
0.02215,0.999998177529583,51.2077621642419,0.786549653817551,1.78703167543922
0.0222,0.999998177723113,51.2068596245979,0.786549653817551,1.78703167543922
0.02225,0.999998177916795,51.2078491212074,0.786549653817551,1.78703167543922
0.0223,0.999998178110917,51.2067310167313,0.786549653817551,1.78703167543922
0.02235,0.999998178305301,51.2079349516421,0.786549653817551,1.78703167543922
0.0224,0.999998178499886,51.2067349831367,0.786549653817551,1.78703167543922
0.02245,0.999998178694889,51.2078280494605,0.786549653817551,1.78703167543922
0.0225,0.999998178890028,51.2068844367518,0.786549653817551,1.78703167543922
0.02255,0.999998179085454,51.2077064142363,0.786549653817551,1.78703167543922
0.0226,0.999998179281186,51.2069063040796,0.786549653817551,1.78703167543922
0.02265,0.999998179477016,51.2077859195995,0.786549653817551,1.78703167543922
0.0227,0.99999817967318,51.2067655544219,0.786549653817551,1.78703167543922
0.02275,0.999998179869507,51.2078966182786,0.786549653817551,1.78703167543922
0.0228,0.999998180065978,51.2067456966364,0.786549653817551,1.78703167543922
0.02285,0.999998180262742,51.207799219938,0.786549653817551,1.78703167543922
0.0229,0.999998180459573,51.2069056111221,0.786549653817551,1.78703167543922
0.02295,0.99999818065661,51.2076522646833,0.786549653817551,1.78703167543922
0.023,0.999998180853834,51.2069543038749,0.786549658865295,1.78699282169131
0.02305,0.999998181051105,51.2077170378028,0.786549658865295,1.78699282169131
0.0231,0.999998181248626,51.2068080623937,0.786549658865295,1.78699282169131
0.02315,0.999998181446235,51.2078500858193,0.786549658865295,1.78699282169131
0.0232,0.999998181643916,51.206761322979,0.786549658865295,1.78699282169131
0.02325,0.999998181841769,51.2077693183889,0.786549658865295,1.78699282169131
0.0233,0.999998182039631,51.2069242339248,0.786549658865295,1.78699282169131
0.02335,0.99999818223761,51.2076009802811,0.786549658865295,1.78699282169131
0.0234,0.999998182435671,51.2070017554246,0.786549658865295,1.78699282169131
0.02345,0.999998182633729,51.2076452597286,0.786549658865295,1.78699282169131
0.0235,0.999998182831896,51.2068573320417,0.786549658865295,1.78699282169131
0.02355,0.999998183030062,51.2077962072765,0.786549658865295,1.78699282169131
0.0236,0.999998183228243,51.2067828152669,0.786549658865295,1.78699282169131
0.02365,0.999998183426479,51.2077379122773,0.786549658865295,1.78699282169131
0.0237,0.999998183624672,51.2069409691047,0.786549658865295,1.78699282169131
0.02375,0.999998183822883,51.2075537703487,0.786549658865295,1.78699282169131
0.0238,0.999998184021082,51.2070466106526,0.786549658865295,1.78699282169131
0.02385,0.999998184219226,51.2075725932292,0.786549658865295,1.78699282169131
0.0239,0.999998184417363,51.2069114019451,0.786549658865295,1.78699282169131
0.02395,0.999998184615437,51.2077354466903,0.786549658865295,1.78699282169131
0.024,0.999998184813449,51.2068100223915,0.78654966412256,1.78691395528623
0.02405,0.999998185011412,51.2077033480889,0.78654966412256,1.78691395528623
0.0241,0.999998185209316,51.2069560296763,0.78654966412256,1.78691395528623
0.02415,0.999998185407153,51.2075101781379,0.78654966412256,1.78691395528623
0.0242,0.999998185604894,51.2070872512291,0.78654966412256,1.78691395528623
0.02425,0.999998185802526,51.2075005750546,0.78654966412256,1.78691395528623
0.0243,0.999998186000047,51.2069681443038,0.78654966412256,1.78691395528623
0.02435,0.999998186197459,51.2076683104032,0.78654966412256,1.78691395528623
0.0244,0.999998186394731,51.2068441059543,0.78654966412256,1.78691395528623
0.02445,0.999998186591864,51.20766532605,0.78654966412256,1.78691395528623
0.0245,0.999998186788869,51.2069714741494,0.78654966412256,1.78691395528623
0.02455,0.999998186985691,51.2074705173036,0.78654966412256,1.78691395528623
0.0246,0.999998187182367,51.2071239220835,0.78654966412256,1.78691395528623
0.02465,0.999998187378876,51.2074314710035,0.78654966412256,1.78691395528623
0.0247,0.999998187575172,51.2070267093888,0.78654966412256,1.78691395528623
0.02475,0.999998187771319,51.207596614977,0.78654966412256,1.78691395528623
0.0248,0.999998187967242,51.206884710976,0.78654966412256,1.78691395528623
0.02485,0.99999818816295,51.2076223242652,0.78654966412256,1.78691395528623
0.0249,0.999998188358488,51.2069883393302,0.78654966412256,1.78691395528623
0.02495,0.999998188553745,51.2074333555938,0.78654966412256,1.78691395528623
0.025,0.99999818874881,51.2071557899868,0.786549669587465,1.78684175810014
0.02505,0.999998188943648,51.2073655996788,0.786549669587465,1.78684175810014
0.0251,0.999998189138216,51.2070847077135,0.786549669587465,1.78684175810014
0.02515,0.999998189332623,51.2075209012005,0.786549669587465,1.78684175810014
0.0252,0.999998189526712,51.2069311376039,0.786549669587465,1.78684175810014
0.02525,0.999998189720531,51.2075732547216,0.786549669587465,1.78684175810014
0.0253,0.999998189914144,51.207007668133,0.786549669587465,1.78684175810014
0.02535,0.999998190107391,51.2073971437053,0.786549669587465,1.78684175810014
0.0254,0.999998190300417,51.2071839638492,0.786549669587465,1.78684175810014
0.02545,0.999998190493155,51.2073045492392,0.786549669587465,1.78684175810014
0.0255,0.999998190685525,51.2071413005526,0.786549669587465,1.78684175810014
0.02555,0.999998190877696,51.2074435491989,0.786549669587465,1.78684175810014
0.0256,0.999998191069478,51.2069832688291,0.786549669587465,1.78684175810014
0.02565,0.999998191260951,51.2075186203061,0.786549669587465,1.78684175810014
0.0257,0.999998191452178,51.2070312764962,0.786549669587465,1.78684175810014
0.02575,0.99999819164296,51.2073613864771,0.786549669587465,1.78684175810014
0.0258,0.999998191833504,51.2072085955043,0.786549669587465,1.78684175810014
0.02585,0.999998192023694,51.2072484963047,0.786549669587465,1.78684175810014
0.0259,0.999998192213464,51.2071945310987,0.786549669587465,1.78684175810014
0.02595,0.999998192403016,51.2073660870334,0.786549669587465,1.78684175810014
0.026,0.999998192592103,51.2070388346962,0.786549675258137,1.78675974432653
0.02605,0.999998192780861,51.207458079872,0.786549675258137,1.78675974432653
0.0261,0.999998192969366,51.2070589174777,0.786549675258137,1.78675974432653
0.02615,0.999998193157381,51.2073243301281,0.786549675258137,1.78675974432653
0.0262,0.999998193345144,51.2072298821582,0.786549675258137,1.78675974432653
0.02625,0.999998193532494,51.2071974576236,0.786549675258137,1.78675974432653
0.0263,0.999998193719396,51.2072425060512,0.786549675258137,1.78675974432653
0.02635,0.999998193906069,51.2072902749926,0.786549675258137,1.78675974432653
0.0264,0.999998194092214,51.2070967440448,0.786549675258137,1.78675974432653
0.02645,0.99999819427803,51.207393640324,0.786549675258137,1.78675974432653
0.0265,0.999998194463523,51.2070914028718,0.786549675258137,1.78675974432653
0.02655,0.999998194648465,51.2072861751016,0.786549675258137,1.78675974432653
0.0266,0.999998194833173,51.2072493048394,0.786549675258137,1.78675974432653
0.02665,0.999998195017408,51.2071524153105,0.786549675258137,1.78675974432653
0.0267,0.999998195201183,51.2072847999226,0.786549675258137,1.78675974432653
0.02675,0.999998195384715,51.2072190369937,0.786549675258137,1.78675974432653
0.0268,0.999998195567665,51.2071542949321,0.786549675258137,1.78675974432653
0.02685,0.999998195750298,51.207326461012,0.786549675258137,1.78675974432653
0.0269,0.999998195932567,51.2071277418432,0.786549675258137,1.78675974432653
0.02695,0.99999819611426,51.2072461031484,0.786549675258137,1.78675974432653
0.027,0.999998196295729,51.2072666124473,0.78654968113273,1.78667149425171
0.02705,0.999998196476675,51.2071123558325,0.78654968113273,1.78667149425171
0.0271,0.999998196657204,51.2073196466111,0.78654968113273,1.78667149425171
0.02715,0.999998196837497,51.2071533866163,0.78654968113273,1.78667149425171
0.0272,0.99999819701716,51.2072087624127,0.78654968113273,1.78667149425171
0.02725,0.999998197196536,51.2072580326641,0.78654968113273,1.78667149425171
0.0273,0.999998197375517,51.2071665836108,0.78654968113273,1.78667149425171
0.02735,0.999998197553921,51.2072035810173,0.78654968113273,1.78667149425171
0.0274,0.999998197732121,51.2072834537023,0.78654968113273,1.78667149425171
0.02745,0.999998197909758,51.2070777288322,0.78654968113273,1.78667149425171
0.0275,0.999998198086976,51.2073476126524,0.78654968113273,1.78667149425171
0.02755,0.99999819826393,51.2070956388218,0.78654968113273,1.78667149425171
0.0276,0.999998198440249,51.2072590379474,0.78654968113273,1.78667149425171
0.02765,0.999998198616315,51.2071911615361,0.78654968113273,1.78667149425171
0.0277,0.999998198791953,51.207207719805,0.78654968113273,1.78667149425171
0.02775,0.999998198967031,51.2071594879251,0.78654968113273,1.78667149425171
0.0278,0.999998199141922,51.2073001456258,0.78654968113273,1.78667149425171
0.02785,0.999998199316221,51.2070471260691,0.78654968113273,1.78667149425171
0.0279,0.999998199490143,51.2073684999177,0.78654968113273,1.78667149425171
0.02795,0.999998199663791,51.2070460487282,0.78654968113273,1.78667149425171
0.028,0.999998199836803,51.2073026902741,0.786549687209426,1.78660128484813
0.02805,0.999998200009607,51.2071268108248,0.786549687209426,1.78660128484813
0.0281,0.999998200181991,51.207249107255,0.786549687209426,1.78660128484813
0.02815,0.999998200353871,51.2071131845562,0.786549687209426,1.78660128484813
0.0282,0.999998200525572,51.2073171475332,0.786549687209426,1.78660128484813
0.02825,0.999998200696672,51.2070189932043,0.786549687209426,1.78660128484813
0.0283,0.999998200867455,51.2073828141901,0.786549687209426,1.78660128484813
0.02835,0.999998201037959,51.2070043733865,0.786549687209426,1.78660128484813
0.0284,0.999998201207852,51.2073394042564,0.786549687209426,1.78660128484813
0.02845,0.999998201377586,51.2070672829995,0.786549687209426,1.78660128484813
0.0285,0.999998201546854,51.2072902038647,0.786549687209426,1.78660128484813
0.02855,0.999998201715657,51.20706576532,0.786549687209426,1.78660128484813
0.0286,0.999998201884314,51.2073358929053,0.786549687209426,1.78660128484813
0.02865,0.999998202052376,51.2069926647934,0.786549687209426,1.78660128484813
0.0287,0.999998202220184,51.2073925460832,0.786549687209426,1.78660128484813
0.02875,0.99999820238771,51.2069707996859,0.786549687209426,1.78660128484813
0.0288,0.999998202554667,51.2073682495207,0.786549687209426,1.78660128484813
0.02885,0.999998202721513,51.2070134605271,0.786549687209426,1.78660128484813
0.0289,0.999998202887889,51.2073293070455,0.786549687209426,1.78660128484813
0.02895,0.999998203053871,51.2070174749693,0.786549687209426,1.78660128484813
0.029,0.999998203219726,51.2073560552296,0.786549693486436,1.78653454018013
0.02905,0.99999820338501,51.2069661836403,0.786549693486436,1.78653454018013
0.0291,0.999998203550149,51.2073984146242,0.786549693486436,1.78653454018013
0.02915,0.999998203715026,51.2069437554359,0.786549693486436,1.78653454018013
0.0292,0.999998203879383,51.2073887477293,0.786549693486436,1.78653454018013
0.02925,0.999998204043683,51.2069660866109,0.786549693486436,1.78653454018013
0.0293,0.999998204207527,51.2073646788124,0.786549693486436,1.78653454018013
0.02935,0.999998204371062,51.206969000343,0.786549693486436,1.78653454018013
0.0294,0.999998204534495,51.2073782798035,0.786549693486436,1.78653454018013
0.02945,0.999998204697403,51.2069393693564,0.786549693486436,1.78653454018013
0.0295,0.999998204860209,51.2074024567128,0.786549693486436,1.78653454018013
0.02955,0.999998205022747,51.2069228806571,0.786549693486436,1.78653454018013
0.0296,0.999998205184858,51.2074017522953,0.786549693486436,1.78653454018013
0.02965,0.999998205346959,51.2069266772075,0.786549693486436,1.78653454018013
0.0297,0.999998205508631,51.2073955288905,0.786549693486436,1.78653454018013
0.02975,0.999998205670085,51.2069223412404,0.786549693486436,1.78653454018013
0.0298,0.999998205831459,51.2074016100824,0.786549693486436,1.78653454018013
0.02985,0.999998205992369,51.2069114242893,0.786549693486436,1.78653454018013
0.0299,0.999998206153255,51.2074054032837,0.786549693486436,1.78653454018013
0.02995,0.999998206313891,51.2069067099036,0.786549693486436,1.78653454018013
0.03,0.999998206474191,51.2074069646373,0.786549699962006,1.78647400011646
0.03005,0.999998206634531,51.2068952130615,0.786549699962006,1.78647400011646
0.0301,0.999998206794518,51.2074197252249,0.786549699962006,1.78647400011646
0.03015,0.999998206954405,51.2068784781437,0.786549699962006,1.78647400011646
0.0302,0.999998207114224,51.207424655493,0.786549699962006,1.78647400011646
0.03025,0.999998207273662,51.2068821580889,0.786549699962006,1.78647400011646
0.0303,0.999998207433155,51.2074077131797,0.786549699962006,1.78647400011646
0.03035,0.999998207592431,51.2068939101041,0.786549699962006,1.78647400011646
0.0304,0.999998207751478,51.2074056164257,0.786549699962006,1.78647400011646
0.03045,0.99999820791061,51.2068726923602,0.786549699962006,1.78647400011646
0.0305,0.999998208069418,51.2074365953388,0.786549699962006,1.78647400011646
0.03055,0.999998208228208,51.2068397563994,0.786549699962006,1.78647400011646
0.0306,0.999998208386976,51.2074466353702,0.786549699962006,1.78647400011646
0.03065,0.999998208545456,51.2068526832512,0.786549699962006,1.78647400011646
0.0307,0.999998208704063,51.2074104630608,0.786549699962006,1.78647400011646
0.03075,0.999998208862496,51.206884041864,0.786549699962006,1.78647400011646
0.0308,0.999998209020808,51.2073982297399,0.786549699962006,1.78647400011646
0.03085,0.999998209179251,51.206858687343,0.786549699962006,1.78647400011646
0.0309,0.999998209337445,51.2074448983828,0.786549699962006,1.78647400011646
0.03095,0.999998209495717,51.2068073829584,0.786549699962006,1.78647400011646
0.031,0.999998209654005,51.2074655732355,0.786549706634406,1.78644947915935
0.03105,0.99999820981211,51.2068233359731,0.786549706634406,1.78644947915935
0.0311,0.999998209970444,51.2074134208472,0.786549706634406,1.78644947915935
0.03115,0.999998210128678,51.2068756440193,0.786549706634406,1.78644947915935
0.0312,0.999998210286888,51.2073858270734,0.786549706634406,1.78644947915935
0.03125,0.999998210445275,51.2068524660603,0.786549706634406,1.78644947915935
0.0313,0.999998210603505,51.2074441593863,0.786549706634406,1.78644947915935
0.03135,0.999998210761906,51.206782386525,0.786549706634406,1.78644947915935
0.0314,0.99999821092037,51.2074803392668,0.786549706634406,1.78644947915935
0.03145,0.999998211078765,51.206795253622,0.786549706634406,1.78644947915935
0.0315,0.999998211237419,51.2074169141257,0.786549706634406,1.78644947915935
0.03155,0.999998211396029,51.2068679400362,0.786549706634406,1.78644947915935
0.0316,0.99999821155474,51.207370104229,0.786549706634406,1.78644947915935
0.03165,0.999998211713676,51.2068531078131,0.786549706634406,1.78644947915935
0.0317,0.999998211872554,51.2074349347856,0.786549706634406,1.78644947915935
0.03175,0.999998212031691,51.2067655969279,0.786549706634406,1.78644947915935
0.0318,0.999998212190947,51.2074897080049,0.786549706634406,1.78644947915935
0.03185,0.999998212350248,51.2067691434711,0.786549706634406,1.78644947915935
0.0319,0.99999821250987,51.2074207746623,0.786549706634406,1.78644947915935
0.03195,0.999998212669528,51.2068598085317,0.786549706634406,1.78644947915935
0.032,0.999998212829395,51.2073523438065,0.786549713501925,1.78640901408391
0.03205,0.999998212989538,51.206858662462,0.786549713501925,1.78640901408391
0.0321,0.999998213149767,51.2074178103908,0.786549713501925,1.78640901408391
0.03215,0.999998213310355,51.2067567043011,0.786549713501925,1.78640901408391
0.0322,0.99999821347111,51.2074927404983,0.786549713501925,1.78640901408391
0.03225,0.999998213632032,51.2067456033363,0.786549713501925,1.78640901408391
0.0323,0.999998213793331,51.2074246183121,0.786549713501925,1.78640901408391
0.03235,0.999998213954763,51.206850261675,0.786549713501925,1.78640901408391
0.0324,0.999998214116506,51.2073345822781,0.786549713501925,1.78640901408391
0.03245,0.999998214278579,51.2068677141797,0.786549713501925,1.78640901408391
0.0325,0.99999821444082,51.2073945697127,0.786549713501925,1.78640901408391
0.03255,0.999998214603474,51.2067556713868,0.786549713501925,1.78640901408391
0.0326,0.999998214766387,51.2074894384151,0.786549713501925,1.78640901408391
0.03265,0.999998214929578,51.2067257915198,0.786549713501925,1.78640901408391
0.0327,0.999998215093203,51.2074284400148,0.786549713501925,1.78640901408391
0.03275,0.999998215257059,51.206839236505,0.786549713501925,1.78640901408391
0.0328,0.999998215421318,51.2073179491682,0.786549713501925,1.78640901408391
0.03285,0.999998215585967,51.2068782054752,0.786549713501925,1.78640901408391
0.0329,0.999998215750898,51.2073665716421,0.786549713501925,1.78640901408391
0.03295,0.999998215916307,51.2067614972105,0.786549713501925,1.78640901408391
0.033,0.999998216082057,51.2074794179604,0.786549720562866,1.78641813633997
0.03305,0.999998216248191,51.2067103415667,0.786549720562866,1.78641813633997
0.0331,0.999998216414844,51.2074313087325,0.786549720562866,1.78641813633997
0.03315,0.999998216581852,51.2068266168248,0.786549720562866,1.78641813633997
0.0332,0.999998216749326,51.2073033485041,0.786549720562866,1.78641813633997
0.03325,0.999998216917253,51.2068886338467,0.786549720562866,1.78641813633997
0.0333,0.999998217085574,51.2073354031707,0.786549720562866,1.78641813633997
0.03335,0.999998217254432,51.2067733014238,0.786549720562866,1.78641813633997
0.0334,0.999998217423718,51.2074625070174,0.786549720562866,1.78641813633997
0.03345,0.999998217593484,51.2067000171747,0.786549720562866,1.78641813633997
0.0335,0.999998217763791,51.2074320315526,0.786549720562866,1.78641813633997
0.03355,0.999998217934542,51.2068129251629,0.786549720562866,1.78641813633997
0.0336,0.999998218105846,51.2072909333573,0.786549720562866,1.78641813633997
0.03365,0.999998218277674,51.2068978403394,0.786549720562866,1.78641813633997
0.0337,0.999998218450002,51.2073023090976,0.786549720562866,1.78641813633997
0.03375,0.999998218622918,51.2067900539394,0.786549720562866,1.78641813633997
0.0338,0.999998218796356,51.2074387870963,0.786549720562866,1.78641813633997
0.03385,0.999998218970359,51.206695749434,0.786549720562866,1.78641813633997
0.0339,0.999998219144957,51.2074293000104,0.786549720562866,1.78641813633997
0.03395,0.999998219320105,51.2067993399025,0.786549720562866,1.78641813633997
0.034,0.999998219495865,51.2072803772178,0.786549727815527,1.78641519107224
0.03405,0.999998219672225,51.2069053125289,0.786549727815527,1.78641519107224
0.0341,0.999998219849214,51.2072683912371,0.786549727815527,1.78641519107224
0.03415,0.999998220026856,51.2068108504982,0.786549727815527,1.78641519107224
0.0342,0.9999982202051,51.2074084375907,0.786549727815527,1.78641519107224
0.03425,0.999998220383978,51.2066982788803,0.786549727815527,1.78641519107224
0.0343,0.999998220563511,51.2074216765661,0.786549727815527,1.78641519107224
0.03435,0.999998220743692,51.2067872952299,0.786549727815527,1.78641519107224
0.0344,0.999998220924534,51.207270875693,0.786549727815527,1.78641519107224
0.03445,0.999998221106055,51.2069109880328,0.786549727815527,1.78641519107224
0.0345,0.999998221288253,51.2072345066222,0.786549727815527,1.78641519107224
0.03455,0.999998221471133,51.2068347394721,0.786549727815527,1.78641519107224
0.0346,0.999998221654725,51.2073719560832,0.786549727815527,1.78641519107224
0.03465,0.999998221839008,51.206708062702,0.786549727815527,1.78641519107224
0.0347,0.999998222024005,51.2074079611014,0.786549727815527,1.78641519107224
0.03475,0.999998222209741,51.2067783139309,0.786549727815527,1.78641519107224
0.0348,0.999998222396178,51.2072613301912,0.786549727815527,1.78641519107224
0.03485,0.999998222583374,51.2069150498893,0.786549727815527,1.78641519107224
0.0349,0.999998222771314,51.2072013211737,0.786549727815527,1.78641519107224
0.03495,0.99999822295998,51.2068605963596,0.786549727815527,1.78641519107224
0.035,0.999998223149447,51.2073302984892,0.786549735258196,1.78643799436156
0.03505,0.999998223339647,51.206725117411,0.786549735258196,1.78643799436156
0.0351,0.999998223530657,51.2073874628714,0.786549735258196,1.78643799436156
0.03515,0.999998223722498,51.2067737584922,0.786549735258196,1.78643799436156
0.0352,0.999998223915054,51.2072507651708,0.786549735258196,1.78643799436156
0.03525,0.999998224108447,51.206917926856,0.786549735258196,1.78643799436156
0.0353,0.999998224302635,51.2071695720639,0.786549735258196,1.78643799436156
0.03535,0.999998224497589,51.2068872425368,0.786549735258196,1.78643799436156
0.0354,0.999998224693423,51.2072845272183,0.786549735258196,1.78643799436156
0.03545,0.999998224890021,51.2067484858625,0.786549735258196,1.78643799436156
0.0355,0.999998225087456,51.2073597807968,0.786549735258196,1.78643799436156
0.03555,0.999998225285766,51.2067742188322,0.786549735258196,1.78643799436156
0.0356,0.999998225484836,51.2072380363137,0.786549735258196,1.78643799436156
0.03565,0.999998225684818,51.206919729209,0.786549735258196,1.78643799436156
0.0357,0.99999822588563,51.2071396234922,0.786549735258196,1.78643799436156
0.03575,0.99999822608725,51.206913043874,0.786549735258196,1.78643799436156
0.0358,0.999998226289819,51.2072364629271,0.786549735258196,1.78643799436156
0.03585,0.999998226493171,51.2067769867591,0.786549735258196,1.78643799436156
0.0359,0.999998226697419,51.2073255307949,0.786549735258196,1.78643799436156
0.03595,0.99999822690259,51.2067801321206,0.786549735258196,1.78643799436156
0.036,0.999998227108542,51.2072227722986,0.786549742889138,1.78646600898189
0.03605,0.999998227315473,51.2069210347501,0.786549742889138,1.78646600898189
0.0361,0.999998227523288,51.2071122559326,0.786549742889138,1.78646600898189
0.03615,0.999998227731969,51.2069368451748,0.786549742889138,1.78646600898189
0.0362,0.999998227941632,51.2071881629661,0.786549742889138,1.78646600898189
0.03625,0.999998228152085,51.2068089923842,0.786549742889138,1.78646600898189
0.0363,0.999998228363493,51.2072859021108,0.786549742889138,1.78646600898189
0.03635,0.999998228575847,51.2067914570721,0.786549742889138,1.78646600898189
0.0364,0.999998228789001,51.207204285034,0.786549742889138,1.78646600898189
0.03645,0.99999822900319,51.2069218806341,0.786549742889138,1.78646600898189
0.0365,0.999998229218233,51.2070874967795,0.786549742889138,1.78646600898189
0.03655,0.999998229434164,51.2069571420079,0.786549742889138,1.78646600898189
0.0366,0.999998229651132,51.2071412183287,0.786549742889138,1.78646600898189
0.03665,0.999998229868892,51.206842269932,0.786549742889138,1.78646600898189
0.0367,0.999998230087658,51.2072420167045,0.786549742889138,1.78646600898189
0.03675,0.99999823030738,51.2068074055608,0.786549742889138,1.78646600898189
0.0368,0.999998230527919,51.2071824987689,0.786549742889138,1.78646600898189
0.03685,0.999998230749538,51.2069228798396,0.786549742889138,1.78646600898189
0.0369,0.999998230972002,51.2070654746934,0.786549742889138,1.78646600898189
0.03695,0.999998231195391,51.2069732897368,0.786549742889138,1.78646600898189
0.037,0.999998231419836,51.2070975457247,0.786549750706589,1.78650008631731
0.03705,0.999998231645068,51.2068752558828,0.786549750706589,1.78650008631731
0.0371,0.999998231871384,51.2071957405811,0.786549750706589,1.78650008631731
0.03715,0.999998232098664,51.2068275769398,0.786549750706589,1.78650008631731
0.0372,0.999998232326755,51.2071574356371,0.786549750706589,1.78650008631731
0.03725,0.999998232555954,51.2069248150601,0.786549750706589,1.78650008631731
0.0373,0.999998232785976,51.2070459130165,0.786549750706589,1.78650008631731
0.03735,0.999998233016953,51.2069851929869,0.786549750706589,1.78650008631731
0.0374,0.999998233248986,51.2070578806493,0.786549750706589,1.78650008631731
0.03745,0.999998233481795,51.2069059835289,0.786549750706589,1.78650008631731
0.0375,0.999998233715685,51.2071482175297,0.786549750706589,1.78650008631731
0.03755,0.999998233950497,51.2068508119661,0.786549750706589,1.78650008631731
0.0376,0.999998234186151,51.2071286372289,0.786549750706589,1.78650008631731
0.03765,0.999998234422923,51.2069281253091,0.786549750706589,1.78650008631731
0.0377,0.999998234660492,51.2070276120665,0.786549750706589,1.78650008631731
0.03775,0.999998234899042,51.2069928484582,0.786549750706589,1.78650008631731
0.0378,0.999998235138629,51.2070229266229,0.786549750706589,1.78650008631731
0.03785,0.99999823537898,51.2069334568908,0.786549750706589,1.78650008631731
0.0379,0.999998235620431,51.207100972395,0.786549750706589,1.78650008631731
0.03795,0.999998235862767,51.2068764511,0.786549750706589,1.78650008631731
0.038,0.999998236105954,51.2070964436133,0.786549758708744,1.7865314708347
0.03805,0.999998236350252,51.2069339613742,0.786549758708744,1.7865314708347
0.0381,0.999998236595347,51.2070097973251,0.786549758708744,1.7865314708347
0.03815,0.999998236841458,51.2069973871401,0.786549758708744,1.7865314708347
0.0382,0.999998237088549,51.2069928276591,0.786549758708744,1.7865314708347
0.03825,0.999998237336388,51.206957045816,0.786549758708744,1.7865314708347
0.0383,0.999998237585329,51.2070553340323,0.786549758708744,1.7865314708347
0.03835,0.999998237835104,51.2069037092907,0.786549758708744,1.7865314708347
0.0384,0.999998238085733,51.2070607173069,0.786549758708744,1.7865314708347
0.03845,0.999998238337447,51.2069426486001,0.786549758708744,1.7865314708347
0.0385,0.999998238589882,51.2069909780515,0.786549758708744,1.7865314708347
0.03855,0.99999823884332,51.2069995525005,0.786549758708744,1.7865314708347
0.0386,0.999998239097707,51.2069668461368,0.786549758708744,1.7865314708347
0.03865,0.999998239352825,51.206976000415,0.786549758708744,1.7865314708347
0.0387,0.999998239609031,51.2070120263896,0.786549758708744,1.7865314708347
0.03875,0.999998239866014,51.2069312173892,0.786549758708744,1.7865314708347
0.0388,0.999998240123851,51.2070221412494,0.786549758708744,1.7865314708347
0.03885,0.999998240382729,51.2069546995474,0.786549758708744,1.7865314708347
0.0389,0.999998240642284,51.2069703336628,0.786549758708744,1.7865314708347
0.03895,0.999998240902839,51.2070006413736,0.786549758708744,1.7865314708347
0.039,0.999998241164277,51.2069447594818,0.786549766893763,1.7865779003784
0.03905,0.999998241426426,51.2069905192041,0.786549766893763,1.7865779003784
0.0391,0.999998241689667,51.2069724151204,0.786549766893763,1.7865779003784
0.03915,0.999998241953637,51.2069581322515,0.786549766893763,1.7865779003784
0.0392,0.999998242218432,51.2069818461629,0.786549766893763,1.7865779003784
0.03925,0.999998242484204,51.2069702030469,0.786549766893763,1.7865779003784
0.0393,0.999998242750607,51.2069474575167,0.786549766893763,1.7865779003784
0.03935,0.999998243017988,51.2070018489121,0.786549766893763,1.7865779003784
0.0394,0.999998243286172,51.2069253667311,0.786549766893763,1.7865779003784
0.03945,0.999998243555045,51.2070000609251,0.786549766893763,1.7865779003784
0.0395,0.999998243824924,51.2069369034539,0.786549766893763,1.7865779003784
0.03955,0.999998244095446,51.2069826000349,0.786549766893763,1.7865779003784
0.0396,0.999998244366794,51.2069406036147,0.786549766893763,1.7865779003784
0.03965,0.999998244639045,51.2069880913229,0.786549766893763,1.7865779003784
0.0397,0.999998244911882,51.2069216672604,0.786549766893763,1.7865779003784
0.03975,0.999998245185662,51.2070034762994,0.786549766893763,1.7865779003784
0.0398,0.999998245460162,51.2069082022413,0.786549766893763,1.7865779003784
0.03985,0.999998245735324,51.2070050196894,0.786549766893763,1.7865779003784
0.0399,0.999998246011429,51.2069064612174,0.786549766893763,1.7865779003784
0.03995,0.999998246288106,51.2070035120054,0.786549766893763,1.7865779003784
0.04,0.999998246565583,51.2069002464079,0.786549775259764,1.78659529702209
0.04005,0.999998246843875,51.2070076918099,0.786549775259764,1.78659529702209
0.0401,0.999998247122745,51.2068935056154,0.786549775259764,1.78659529702209
0.04015,0.999998247402527,51.207006358949,0.786549775259764,1.78659529702209
0.0402,0.99999824768292,51.2068926335461,0.786549775259764,1.78659529702209
0.04025,0.999998247963943,51.2070058307656,0.786549775259764,1.78659529702209
0.0403,0.999998248245828,51.2068816068443,0.786549775259764,1.78659529702209
0.04035,0.999998248528215,51.2070197697088,0.786549775259764,1.78659529702209
0.0404,0.999998248811362,51.2068621030112,0.786549775259764,1.78659529702209
0.04045,0.999998249095227,51.2070275898273,0.786549775259764,1.78659529702209
0.0405,0.999998249379585,51.2068632872543,0.786549775259764,1.78659529702209
0.04055,0.99999824966477,51.2070106341996,0.786549775259764,1.78659529702209
0.0406,0.999998249950496,51.2068777124983,0.786549775259764,1.78659529702209
0.04065,0.999998250236814,51.2070029558691,0.786549775259764,1.78659529702209
0.0407,0.999998250523902,51.2068621757761,0.786549775259764,1.78659529702209
0.04075,0.999998250811424,51.2070303999423,0.786549775259764,1.78659529702209
0.0408,0.999998251099654,51.2068275851839,0.786549775259764,1.78659529702209
0.04085,0.9999982513885,51.2070466315217,0.786549775259764,1.78659529702209
0.0409,0.999998251677792,51.2068317554351,0.786549775259764,1.78659529702209
0.04095,0.999998251967832,51.2070165933978,0.786549775259764,1.78659529702209
0.041,0.999998252258324,51.2068629326732,0.786549783804831,1.78663984198752
0.04105,0.99999825254936,51.2069976506687,0.786549783804831,1.78663984198752
0.0411,0.999998252841103,51.2068480146486,0.786549783804831,1.78663984198752
0.04115,0.999998253133229,51.2070354065305,0.786549783804831,1.78663984198752
0.0412,0.999998253425978,51.2067978750199,0.786549783804831,1.78663984198752
0.04125,0.999998253719236,51.2070638968573,0.786549783804831,1.78663984198752
0.0413,0.999998254012887,51.206799834046,0.786549783804831,1.78663984198752
0.04135,0.999998254307194,51.2070245277493,0.786549783804831,1.78663984198752
0.0414,0.999998254601861,51.2068469765117,0.786549783804831,1.78663984198752
0.04145,0.999998254897018,51.2069906042292,0.786549783804831,1.78663984198752
0.0415,0.999998255192735,51.2068377577468,0.786549783804831,1.78663984198752
0.04155,0.999998255488752,51.2070345281507,0.786549783804831,1.78663984198752
0.0416,0.999998255785335,51.2067730491439,0.786549783804831,1.78663984198752
0.04165,0.999998256082324,51.2070780215137,0.786549783804831,1.78663984198752
0.0417,0.999998256379653,51.2067677947393,0.786549783804831,1.78663984198752
0.04175,0.999998256677537,51.2070339532564,0.786549783804831,1.78663984198752
0.0418,0.999998256975699,51.2068293361876,0.786549783804831,1.78663984198752
0.04185,0.999998257274289,51.2069833303013,0.786549783804831,1.78663984198752
0.0419,0.999998257573326,51.2068304410784,0.786549783804831,1.78663984198752
0.04195,0.999998257872602,51.2070286384022,0.786549783804831,1.78663984198752
0.042,0.999998258172359,51.2067535573892,0.78654979252702,1.78664632839594
0.04205,0.99999825847242,51.2070885307095,0.78654979252702,1.78664632839594
0.0421,0.999998258772806,51.2067367111723,0.78654979252702,1.78664632839594
0.04215,0.999998259073659,51.2070448445922,0.78654979252702,1.78664632839594
0.0422,0.999998259374692,51.2068095599756,0.78654979252702,1.78664632839594
0.04225,0.99999825967608,51.206977001872,0.78654979252702,1.78664632839594
0.0423,0.999998259977806,51.206824811734,0.78654979252702,1.78664632839594
0.04235,0.99999826027971,51.2070186430288,0.78654979252702,1.78664632839594
0.0424,0.999998260581998,51.206739238755,0.78654979252702,1.78664632839594
0.04245,0.999998260884496,51.2070947353297,0.78654979252702,1.78664632839594
0.0425,0.999998261187217,51.2067074312746,0.78654979252702,1.78664632839594
0.04255,0.999998261490274,51.2070565147742,0.78654979252702,1.78664632839594
0.0426,0.999998261793459,51.2067875058441,0.78654979252702,1.78664632839594
0.04265,0.999998262096921,51.2069723607603,0.78654979252702,1.78664632839594
0.0427,0.999998262400612,51.2068196527486,0.78654979252702,1.78664632839594
0.04275,0.999998262704422,51.2070054120116,0.78654979252702,1.78664632839594
0.0428,0.999998263008517,51.2067298906849,0.78654979252702,1.78664632839594
0.04285,0.999998263312732,51.2070961177686,0.78654979252702,1.78664632839594
0.0429,0.999998263617105,51.2066810439767,0.78654979252702,1.78664632839594
0.04295,0.999998263921704,51.2070680125447,0.78654979252702,1.78664632839594
0.043,0.999998264226364,51.2067637368747,0.786549801424369,1.78666639247412
0.04305,0.999998264531214,51.206969878091,0.786549801424369,1.78666639247412
0.0431,0.999998264836234,51.2068142463643,0.786549801424369,1.78666639247412
0.04315,0.999998265141332,51.206989931564,0.786549801424369,1.78666639247412
0.0432,0.999998265446589,51.2067253052781,0.786549801424369,1.78666639247412
0.04325,0.999998265751887,51.2070922821112,0.786549801424369,1.78666639247412
0.0433,0.99999826605727,51.2066587874271,0.786549801424369,1.78666639247412
0.04335,0.999998266362771,51.2070781348889,0.786549801424369,1.78666639247412
0.0434,0.99999826666827,51.2067389393609,0.786549801424369,1.78666639247412
0.04345,0.999998266973868,51.2069691747775,0.786549801424369,1.78666639247412
0.0435,0.999998267279503,51.2068078926869,0.786549801424369,1.78666639247412
0.04355,0.999998267585135,51.2069727146008,0.786549801424369,1.78666639247412
0.0436,0.999998267890843,51.2067248942537,0.786549801424369,1.78666639247412
0.04365,0.999998268196522,51.2070826867965,0.786549801424369,1.78666639247412
0.0437,0.99999826850221,51.2066415388437,0.786549801424369,1.78666639247412
0.04375,0.999998268807917,51.2070852574533,0.786549801424369,1.78666639247412
0.0438,0.999998269113566,51.2067144466868,0.786549801424369,1.78666639247412
0.04385,0.999998269419219,51.206969807722,0.786549801424369,1.78666639247412
0.0439,0.999998269724829,51.2068005141785,0.786549801424369,1.78666639247412
0.04395,0.999998270030375,51.2069545044517,0.786549801424369,1.78666639247412
0.044,0.999998270335895,51.206728261203,0.786549810494908,1.78666805746937
0.04405,0.999998270641326,51.2070673781868,0.786549810494908,1.78666805746937
0.0441,0.99999827094673,51.2066302486642,0.786549810494908,1.78666805746937
0.04415,0.999998271252085,51.207088162067,0.786549810494908,1.78666805746937
0.0442,0.999998271557306,51.2066915930024,0.786549810494908,1.78666805746937
0.04425,0.999998271862439,51.2069710132361,0.786549810494908,1.78666805746937
0.0443,0.999998272167459,51.2067921217378,0.786549810494908,1.78666805746937
0.04435,0.999998272472352,51.2069359337192,0.786549810494908,1.78666805746937
0.0444,0.999998272777125,51.2067346445119,0.786549810494908,1.78666805746937
0.04445,0.999998273081758,51.2070466841521,0.786549810494908,1.78666805746937
0.0445,0.999998273386241,51.2066252805301,0.786549810494908,1.78666805746937
0.04455,0.999998273690575,51.2070858389186,0.786549810494908,1.78666805746937
0.0446,0.999998273994747,51.2066715438741,0.786549810494908,1.78666805746937
0.04465,0.99999827429874,51.2069719778482,0.786549810494908,1.78666805746937
0.0447,0.999998274602563,51.2067827594903,0.786549810494908,1.78666805746937
0.04475,0.999998274906196,51.2069176709034,0.786549810494908,1.78666805746937
0.0448,0.999998275209625,51.2067430291913,0.786549810494908,1.78666805746937
0.04485,0.999998275512869,51.2070214460123,0.786549810494908,1.78666805746937
0.0449,0.999998275815885,51.2066264474846,0.786549810494908,1.78666805746937
0.04495,0.999998276118687,51.2070778115304,0.786549810494908,1.78666805746937
0.045,0.999998276421277,51.2066551485015,0.786549819736672,1.78666334485439
0.04505,0.999998276723607,51.2069720071478,0.786549819736672,1.78666334485439
0.0451,0.999998277025766,51.2067724616512,0.786549819736672,1.78666334485439
0.04515,0.999998277327692,51.206900449412,0.786549819736672,1.78666334485439
0.0452,0.999998277629323,51.2067521276207,0.786549819736672,1.78666334485439
0.04525,0.99999827793073,51.2069929254237,0.786549819736672,1.78666334485439
0.0453,0.999998278231834,51.2066329514134,0.786549819736672,1.78666334485439
0.04535,0.999998278532674,51.2070641298122,0.786549819736672,1.78666334485439
0.0454,0.999998278833257,51.2066429298675,0.786549819736672,1.78666334485439
0.04545,0.999998279133504,51.2069706419649,0.786549819736672,1.78666334485439
0.0455,0.999998279433504,51.2067613217705,0.786549819736672,1.78666334485439
0.04555,0.999998279733187,51.2068850449093,0.786549819736672,1.78666334485439
0.0456,0.99999828003254,51.2067606247214,0.786549819736672,1.78666334485439
0.04565,0.999998280331637,51.2069627473953,0.786549819736672,1.78666334485439
0.0457,0.99999828063036,51.2066436130187,0.786549819736672,1.78666334485439
0.04575,0.999998280928784,51.2070453881603,0.786549819736672,1.78666334485439
0.0458,0.999998281226906,51.206634985871,0.786549819736672,1.78666334485439
0.04585,0.999998281524631,51.2069674704397,0.786549819736672,1.78666334485439
0.0459,0.999998281822085,51.2067494421723,0.786549819736672,1.78666334485439
0.04595,0.999998282119164,51.2068719808852,0.786549819736672,1.78666334485439
0.046,0.99999828241587,51.2067671909929,0.786549829147709,1.78665271393337
0.04605,0.999998282712295,51.2069324666606,0.786549829147709,1.78665271393337
0.0461,0.999998283008329,51.206656893775,0.786549829147709,1.78665271393337
0.04615,0.999998283304066,51.2070223670137,0.786549829147709,1.78665271393337
0.0462,0.999998283599437,51.2066311548783,0.786549829147709,1.78665271393337
0.04625,0.999998283894364,51.2069620894312,0.786549829147709,1.78665271393337
0.0463,0.999998284189006,51.2067370957536,0.786549829147709,1.78665271393337
0.04635,0.99999828448322,51.2068614155863,0.786549829147709,1.78665271393337
0.0464,0.999998284777037,51.2067710287949,0.786549829147709,1.78665271393337
0.04645,0.999998285070549,51.2069036316121,0.786549829147709,1.78665271393337
0.0465,0.999998285363576,51.2066714536857,0.786549829147709,1.78665271393337
0.04655,0.999998285656275,51.2069961502749,0.786549829147709,1.78665271393337
0.0466,0.999998285948593,51.2066313367586,0.786549829147709,1.78665271393337
0.04665,0.999998286240433,51.2069541957091,0.786549829147709,1.78665271393337
0.0467,0.999998286531983,51.2067249930745,0.786549829147709,1.78665271393337
0.04675,0.999998286823059,51.2068532013323,0.786549829147709,1.78665271393337
0.0468,0.999998287113728,51.2067716728899,0.786549829147709,1.78665271393337
0.04685,0.999998287404073,51.2068772131305,0.786549829147709,1.78665271393337
0.0469,0.999998287693896,51.2066859937733,0.786549829147709,1.78665271393337
0.04695,0.999998287983395,51.2069676141267,0.786549829147709,1.78665271393337
0.047,0.999998288272477,51.2066351715748,0.786549838726091,1.7866393242379
0.04705,0.999998288561069,51.2069431843577,0.786549838726091,1.7866393242379
0.0471,0.999998288849416,51.2067138764068,0.786549838726091,1.7866393242379
0.04715,0.999998289137275,51.2068465046833,0.786549838726091,1.7866393242379
0.0472,0.999998289424713,51.2067691983783,0.786549838726091,1.7866393242379
0.04725,0.999998289711811,51.2068536904627,0.786549838726091,1.7866393242379
0.0473,0.999998289998366,51.2066995123799,0.786549838726091,1.7866393242379
0.04735,0.999998290284613,51.2069375319128,0.786549838726091,1.7866393242379
0.0474,0.999998290570415,51.2066425436178,0.786549838726091,1.7866393242379
0.04745,0.999998290855729,51.206928720312,0.786549838726091,1.7866393242379
0.0475,0.999998291140758,51.2067048981116,0.786549838726091,1.7866393242379
0.04755,0.99999829142525,51.2068404109404,0.786549838726091,1.7866393242379
0.0476,0.999998291709366,51.2067643544606,0.786549838726091,1.7866393242379
0.04765,0.999998291993129,51.2068332838234,0.786549838726091,1.7866393242379
0.0477,0.999998292276344,51.2067115072188,0.786549838726091,1.7866393242379
0.04775,0.999998292559273,51.2069067900193,0.786549838726091,1.7866393242379
0.0478,0.999998292841737,51.2066530221303,0.786549838726091,1.7866393242379
0.04785,0.999998293123732,51.2069103908253,0.786549838726091,1.7866393242379
0.0479,0.99999829340545,51.2066989522835,0.786549838726091,1.7866393242379
0.04795,0.999998293686621,51.2068336562958,0.786549838726091,1.7866393242379
0.048,0.999998293967448,51.2067578160724,0.78654984846992,1.78661052720837
0.04805,0.999998294247917,51.2068155400782,0.78654984846992,1.78661052720837
0.0481,0.999998294527896,51.2067213325133,0.78654984846992,1.78661052720837
0.04815,0.999998294807644,51.206875932838,0.78654984846992,1.78661052720837
0.0482,0.999998295086895,51.2066658979967,0.78654984846992,1.78661052720837
0.04825,0.999998295365713,51.2068880342728,0.78654984846992,1.78661052720837
0.0483,0.999998295644268,51.2066965999673,0.78654984846992,1.78661052720837
0.04835,0.999998295922281,51.2068250258713,0.78654984846992,1.78661052720837
0.0484,0.999998296199995,51.206750851841,0.78654984846992,1.78661052720837
0.04845,0.99999829647735,51.206800376326,0.78654984846992,1.78661052720837
0.0485,0.999998296754198,51.206728957782,0.78654984846992,1.78661052720837
0.04855,0.999998297030825,51.2068460884278,0.78654984846992,1.78661052720837
0.0486,0.999998297306978,51.2066806227492,0.78654984846992,1.78661052720837
0.04865,0.999998297582746,51.2068623293468,0.78654984846992,1.78661052720837
0.0487,0.999998297858268,51.2066984113328,0.78654984846992,1.78661052720837
0.04875,0.999998298133267,51.2068140082959,0.78654984846992,1.78661052720837
0.0488,0.999998298408018,51.2067441605577,0.78654984846992,1.78661052720837
0.04885,0.999998298682416,51.2067871963209,0.78654984846992,1.78661052720837
0.0489,0.99999829895635,51.2067339472591,0.78654984846992,1.78661052720837
0.04895,0.999998299230102,51.2068179964835,0.78654984846992,1.78661052720837
0.049,0.999998299503392,51.2066958424697,0.786549858377329,1.78659724504961
0.04905,0.999998299776358,51.2068338925268,0.786549858377329,1.78659724504961
0.0491,0.999998300049145,51.2067039432822,0.786549858377329,1.78659724504961
0.04915,0.999998300321469,51.206799987125,0.786549858377329,1.78659724504961
0.0492,0.99999830059358,51.2067383277083,0.786549858377329,1.78659724504961
0.04925,0.999998300865351,51.206775515107,0.786549858377329,1.78659724504961
0.0493,0.999998301136719,51.2067360193025,0.786549858377329,1.78659724504961
0.04935,0.999998301407945,51.2067924885625,0.786549858377329,1.78659724504961
0.0494,0.999998301678737,51.2067104052083,0.786549858377329,1.78659724504961
0.04945,0.999998301949274,51.2068040425571,0.786549858377329,1.78659724504961
0.0495,0.99999830221961,51.2067126830438,0.786549858377329,1.78659724504961
0.04955,0.999998302489508,51.2067830704087,0.786549858377329,1.78659724504961
0.0496,0.999998302759279,51.2067339513168,0.786549858377329,1.78659724504961
0.04965,0.999998303028732,51.2067650254361,0.786549858377329,1.78659724504961
0.0497,0.999998303297855,51.2067352490274,0.786549858377329,1.78659724504961
0.04975,0.999998303566877,51.2067704292946,0.786549858377329,1.78659724504961
0.0498,0.999998303835505,51.2067229747922,0.786549858377329,1.78659724504961
0.04985,0.999998304103955,51.2067740266295,0.786549858377329,1.78659724504961
0.0499,0.999998304372232,51.2067236362062,0.786549858377329,1.78659724504961
0.04995,0.999998304640137,51.2067634185621,0.786549858377329,1.78659724504961
0.05,0.999998304907976,51.2067311083467,0.786549868446485,1.78656090435045
0.05005,0.999998305175534,51.2067549450396,0.786549868446485,1.78656090435045
0.0501,0.999998305442892,51.2067315887667,0.786549868446485,1.78656090435045
0.05015,0.999998305710221,51.2067519824779,0.786549868446485,1.78656090435045
0.0502,0.999998305977186,51.2067323473336,0.786549868446485,1.78656090435045
0.05025,0.999998306244057,51.2067449278329,0.786549868446485,1.78656090435045
0.0503,0.999998306510791,51.2067356175527,0.786549868446485,1.78656090435045
0.05035,0.999998306777233,51.2067412381757,0.786549868446485,1.78656090435045
0.0504,0.999998307043676,51.2067304696289,0.786549868446485,1.78656090435045
0.05045,0.999998307309881,51.2067450011006,0.786549868446485,1.78656090435045
0.0505,0.999998307575928,51.2067259511741,0.786549868446485,1.78656090435045
0.05055,0.999998307841967,51.2067375016524,0.786549868446485,1.78656090435045
0.0506,0.999998308107734,51.2067382821668,0.786549868446485,1.78656090435045
0.05065,0.999998308373487,51.2067181031789,0.786549868446485,1.78656090435045
0.0507,0.999998308639146,51.2067480637841,0.786549868446485,1.78656090435045
0.05075,0.999998308904601,51.2067172896596,0.786549868446485,1.78656090435045
0.0508,0.999998309170119,51.2067321077903,0.786549868446485,1.78656090435045
0.05085,0.999998309435456,51.2067341855437,0.786549868446485,1.78656090435045
0.0509,0.999998309700728,51.2067190015821,0.786549868446485,1.78656090435045
0.05095,0.99999830996604,51.206726296836,0.786549868446485,1.78656090435045
0.051,0.999998310231158,51.2067403283279,0.78654987867558,1.78654331531939
0.05105,0.999998310496345,51.2066939367332,0.78654987867558,1.78654331531939
0.0511,0.999998310761537,51.2067598865954,0.78654987867558,1.78654331531939
0.05115,0.999998311026645,51.2066917241619,0.78654987867558,1.78654331531939
0.0512,0.999998311291855,51.2067361402839,0.78654987867558,1.78654331531939
0.05125,0.999998311556952,51.2067215770975,0.78654987867558,1.78654331531939
0.0513,0.99999831182208,51.2067117191394,0.78654987867558,1.78654331531939
0.05135,0.9999983120873,51.2067174379096,0.78654987867558,1.78654331531939
0.0514,0.999998312352416,51.2067389147914,0.78654987867558,1.78654331531939
0.05145,0.999998312617681,51.2066729724014,0.78654987867558,1.78654331531939
0.0515,0.999998312882958,51.2067705846665,0.78654987867558,1.78654331531939
0.05155,0.999998313148228,51.2066652247049,0.78654987867558,1.78654331531939
0.0516,0.999998313413686,51.2067427879182,0.78654987867558,1.78654331531939
0.05165,0.999998313679106,51.2067066474027,0.78654987867558,1.78654331531939
0.0517,0.999998313944652,51.2067053615962,0.78654987867558,1.78654331531939
0.05175,0.999998314210345,51.2067100731576,0.78654987867558,1.78654331531939
0.0518,0.999998314476028,51.2067344501527,0.78654987867558,1.78654331531939
0.05185,0.999998314741938,51.2066552506595,0.78654987867558,1.78654331531939
0.0519,0.999998315007925,51.2067794293517,0.78654987867558,1.78654331531939
0.05195,0.999998315274006,51.2066383499171,0.78654987867558,1.78654331531939
0.052,0.999998315540336,51.2067515665453,0.78654988906283,1.78651937606551
0.05205,0.999998315806713,51.2066888009518,0.78654988906283,1.78651937606551
0.0521,0.999998316073359,51.206700581198,0.78654988906283,1.78651937606551
0.05215,0.999998316340236,51.2067030133074,0.78654988906283,1.78651937606551
0.0522,0.999998316607181,51.2067274058896,0.78654988906283,1.78651937606551
0.05225,0.999998316874426,51.206640703833,0.78654988906283,1.78651937606551
0.0523,0.999998317141822,51.2067856465493,0.78654988906283,1.78651937606551
0.05235,0.999998317409414,51.2066118672625,0.78654988906283,1.78651937606551
0.0524,0.999998317677316,51.2067620736606,0.78654988906283,1.78651937606551
0.05245,0.999998317945358,51.2066683718169,0.78654988906283,1.78651937606551
0.0525,0.999998318213704,51.2066981110127,0.78654988906283,1.78651937606551
0.05255,0.99999831848232,51.2066957448914,0.78654988906283,1.78651937606551
0.0526,0.999998318751131,51.2067185760482,0.78654988906283,1.78651937606551
0.05265,0.99999831902031,51.206629588642,0.78654988906283,1.78651937606551
0.0527,0.999998319289718,51.2067887899164,0.78654988906283,1.78651937606551
0.05275,0.99999831955942,51.206587086686,0.78654988906283,1.78651937606551
0.0528,0.999998319829491,51.206773143755,0.78654988906283,1.78651937606551
0.05285,0.999998320099798,51.2066457768462,0.78654988906283,1.78651937606551
0.0529,0.99999832037049,51.2066978670184,0.78654988906283,1.78651937606551
0.05295,0.999998320641517,51.2066876605721,0.78654988906283,1.78651937606551
0.053,0.999998320912841,51.2067081587082,0.786549899606462,1.78649718926206
0.05305,0.999998321184598,51.2066216606074,0.786549899606462,1.78649718926206
0.0531,0.999998321456718,51.2067879561916,0.786549899606462,1.78649718926206
0.05315,0.99999832172925,51.2065649410647,0.786549899606462,1.78649718926206
0.0532,0.999998322002188,51.2067833727738,0.786549899606462,1.78649718926206
0.05325,0.999998322275459,51.2066218464344,0.786549899606462,1.78649718926206
0.0533,0.99999832254919,51.2066994009654,0.786549899606462,1.78649718926206
0.05335,0.999998322823328,51.2066784460842,0.786549899606462,1.78649718926206
0.0534,0.999998323097861,51.2066967679088,0.786549899606462,1.78649718926206
0.05345,0.999998323372887,51.2066170505337,0.786549899606462,1.78649718926206
0.0535,0.999998323648314,51.2067828815841,0.786549899606462,1.78649718926206
0.05355,0.99999832392421,51.2065467281466,0.786549899606462,1.78649718926206
0.0536,0.999998324200597,51.2067916554715,0.786549899606462,1.78649718926206
0.05365,0.999998324477414,51.2065979246291,0.786549899606462,1.78649718926206
0.0537,0.999998324754755,51.2067023672588,0.786549899606462,1.78649718926206
0.05375,0.999998325032578,51.2066682576829,0.786549899606462,1.78649718926206
0.0538,0.999998325310886,51.2066846923036,0.786549899606462,1.78649718926206
0.05385,0.999998325589742,51.2066153019208,0.786549899606462,1.78649718926206
0.0539,0.999998325869088,51.2067732897662,0.786549899606462,1.78649718926206
0.05395,0.999998326148977,51.2065330740388,0.786549899606462,1.78649718926206
0.054,0.999998326429417,51.2067966668733,0.786549910304703,1.7864864008546
0.05405,0.99999832671038,51.2065749357456,0.786549910304703,1.7864864008546
0.0541,0.999998326991976,51.2067059537806,0.786549910304703,1.7864864008546
0.05415,0.999998327274156,51.2066569018691,0.786549910304703,1.7864864008546
0.0542,0.999998327556876,51.2066724013177,0.786549910304703,1.7864864008546
0.05425,0.9999983278402,51.2066157241702,0.786549910304703,1.7864864008546
0.0543,0.9999983281241,51.2067594253093,0.786549910304703,1.7864864008546
0.05435,0.999998328408606,51.2065242000873,0.786549910304703,1.7864864008546
0.0544,0.999998328693728,51.2067977531346,0.786549910304703,1.7864864008546
0.05445,0.999998328979456,51.2065538816193,0.786549910304703,1.7864864008546
0.0545,0.999998329265817,51.2067097100269,0.786549910304703,1.7864864008546
0.05455,0.999998329552812,51.2066444247545,0.786549910304703,1.7864864008546
0.0546,0.999998329840444,51.206660674234,0.786549910304703,1.7864864008546
0.05465,0.999998330128729,51.2066174729665,0.786549910304703,1.7864864008546
0.0547,0.999998330417673,51.2067421731405,0.786549910304703,1.7864864008546
0.05475,0.999998330707276,51.2065199483796,0.786549910304703,1.7864864008546
0.0548,0.999998330997556,51.206794555163,0.786549910304703,1.7864864008546
0.05485,0.999998331288518,51.2065352863929,0.786549910304703,1.7864864008546
0.0549,0.999998331580158,51.2067131464982,0.786549910304703,1.7864864008546
0.05495,0.999998331872504,51.2066306638626,0.786549910304703,1.7864864008546
0.055,0.999998332165546,51.2066501079711,0.786549921155774,1.78646993950602
0.05505,0.99999833245929,51.2066192488263,0.786549921155774,1.78646993950602
0.0551,0.99999833275382,51.2067225394413,0.786549921155774,1.78646993950602
0.05515,0.999998333049079,51.2065194576785,0.786549921155774,1.78646993950602
0.0552,0.999998333345052,51.2067871220401,0.786549921155774,1.78646993950602
0.05525,0.99999833364177,51.2065193780509,0.786549921155774,1.78646993950602
0.0553,0.999998333939206,51.2067158436798,0.786549921155774,1.78646993950602
0.05535,0.999998334237419,51.2066154947452,0.786549921155774,1.78646993950602
0.0554,0.999998334536373,51.2066415412785,0.786549921155774,1.78646993950602
0.05545,0.999998334836077,51.2066200563624,0.786549921155774,1.78646993950602
0.0555,0.999998335136581,51.2067020110461,0.786549921155774,1.78646993950602
0.05555,0.999998335437821,51.2065218892224,0.786549921155774,1.78646993950602
0.0556,0.999998335739858,51.2067760588006,0.786549921155774,1.78646993950602
0.05565,0.999998336042692,51.2065064389033,0.786549921155774,1.78646993950602
0.0557,0.999998336346276,51.2067176302653,0.786549921155774,1.78646993950602
0.05575,0.9999983366507,51.2065992059587,0.786549921155774,1.78646993950602
0.0558,0.999998336955898,51.2066352952989,0.786549921155774,1.78646993950602
0.05585,0.99999833726189,51.2066188339572,0.786549921155774,1.78646993950602
0.0559,0.999998337568735,51.2066817508337,0.786549921155774,1.78646993950602
0.05595,0.999998337876342,51.2065260656549,0.786549921155774,1.78646993950602
0.056,0.999998338184799,51.20676180468,0.786549932157874,1.78646283178166
0.05605,0.999998338494089,51.2064964010382,0.786549932157874,1.78646283178166
0.0561,0.99999833880421,51.2067179404784,0.786549932157874,1.78646283178166
0.05615,0.999998339115252,51.206582090813,0.786549932157874,1.78646283178166
0.0562,0.999998339427064,51.2066313462755,0.786549932157874,1.78646283178166
0.05625,0.999998339739709,51.2066149680047,0.786549932157874,1.78646283178166
0.0563,0.99999834005325,51.2066627070687,0.786549932157874,1.78646283178166
0.05635,0.999998340367567,51.206530978376,0.786549932157874,1.78646283178166
0.0564,0.999998340682784,51.2067449983607,0.786549932157874,1.78646283178166
0.05645,0.999998340998857,51.2064894086294,0.786549932157874,1.78646283178166
0.0565,0.999998341315732,51.206716272872,0.786549932157874,1.78646283178166
0.05655,0.999998341633545,51.2065649488466,0.786549932157874,1.78646283178166
0.0566,0.999998341952162,51.2066293358493,0.786549932157874,1.78646283178166
0.05665,0.999998342271649,51.2066084236832,0.786549932157874,1.78646283178166
0.0567,0.999998342592058,51.206645560133,0.786549932157874,1.78646283178166
0.05675,0.999998342913253,51.2065359323951,0.786549932157874,1.78646283178166
0.0568,0.999998343235387,51.2067261033349,0.786549932157874,1.78646283178166
0.05685,0.999998343558384,51.2064854994589,0.786549932157874,1.78646283178166
0.0569,0.999998343882204,51.2067119357402,0.786549932157874,1.78646283178166
0.05695,0.999998344206992,51.2065486966983,0.786549932157874,1.78646283178166
0.057,0.999998344532582,51.2066284038471,0.786549943309179,1.78646074889054
0.05705,0.999998344859073,51.2065994873722,0.786549943309179,1.78646074889054
0.0571,0.999998345186549,51.2066304935028,0.786549943309179,1.78646074889054
0.05715,0.999998345514841,51.2065403311869,0.786549943309179,1.78646074889054
0.0572,0.999998345844076,51.2067055739514,0.786549943309179,1.78646074889054
0.05725,0.999998346174168,51.2064846721024,0.786549943309179,1.78646074889054
0.0573,0.999998346505099,51.2067043215597,0.786549943309179,1.78646074889054
0.05735,0.999998346837013,51.2065343419962,0.786549943309179,1.78646074889054
0.0574,0.99999834716972,51.2066275515871,0.786549943309179,1.78646074889054
0.05745,0.99999834750335,51.2065888189306,0.786549943309179,1.78646074889054
0.0575,0.999998347837908,51.2066174823318,0.786549943309179,1.78646074889054
0.05755,0.999998348173254,51.206543790348,0.786549943309179,1.78646074889054
0.0576,0.999998348509587,51.2066839405668,0.786549943309179,1.78646074889054
0.05765,0.999998348846759,51.2064867677781,0.786549943309179,1.78646074889054
0.0577,0.99999834918478,51.2066930808945,0.786549943309179,1.78646074889054
0.05775,0.999998349523785,51.2065227771957,0.786549943309179,1.78646074889054
0.0578,0.999998349863564,51.2066257474216,0.786549943309179,1.78646074889054
0.05785,0.999998350204281,51.2065771663124,0.786549943309179,1.78646074889054
0.0579,0.999998350545908,51.2066063224157,0.786549943309179,1.78646074889054
0.05795,0.999998350888314,51.2065459437516,0.786549943309179,1.78646074889054
0.058,0.999998351231714,51.2066617908291,0.786549954607827,1.78645471010637
0.05805,0.999998351575922,51.2064912787075,0.786549954607827,1.78645471010637
0.0581,0.999998351921038,51.2066781664287,0.786549954607827,1.78645471010637
0.05815,0.999998352267151,51.2065145137274,0.786549954607827,1.78645471010637
0.0582,0.999998352613985,51.2066221257468,0.786549954607827,1.78645471010637
0.05825,0.999998352961764,51.206565224835,0.786549954607827,1.78645471010637
0.0583,0.999998353310419,51.2065967520862,0.786549954607827,1.78645471010637
0.05835,0.999998353659843,51.206546407281,0.786549954607827,1.78645471010637
0.0584,0.99999835401025,51.2066399608518,0.786549954607827,1.78645471010637
0.05845,0.999998354361429,51.2064974949877,0.786549954607827,1.78645471010637
0.0585,0.999998354713459,51.2066600499202,0.786549954607827,1.78645471010637
0.05855,0.999998355066428,51.2065097597443,0.786549954607827,1.78645471010637
0.0586,0.999998355420116,51.2066162023921,0.786549954607827,1.78645471010637
0.05865,0.999998355774742,51.2065536528266,0.786549954607827,1.78645471010637
0.0587,0.999998356130199,51.2065886024174,0.786549954607827,1.78645471010637
0.05875,0.999998356486408,51.2065448979117,0.786549954607827,1.78645471010637
0.0588,0.999998356843577,51.2066192693081,0.786549954607827,1.78645471010637
0.05885,0.99999835720147,51.2065043728894,0.786549954607827,1.78645471010637
0.0589,0.999998357560205,51.20663946689,0.786549954607827,1.78645471010637
0.05895,0.999998357919834,51.2065082410198,0.786549954607827,1.78645471010637
0.059,0.999998358280148,51.206607712994,0.786549966051923,1.78645970841055
0.05905,0.999998358641381,51.2065429176526,0.786549966051923,1.78645970841055
0.0591,0.999998359003442,51.2065815989963,0.786549966051923,1.78645970841055
0.05915,0.99999835936626,51.2065411709657,0.786549966051923,1.78645970841055
0.0592,0.999998359729973,51.2066005329041,0.786549966051923,1.78645970841055
0.05925,0.999998360094358,51.2065108508425,0.786549966051923,1.78645970841055
0.0593,0.999998360459565,51.2066174194484,0.786549966051923,1.78645970841055
0.05935,0.999998360825609,51.2065094652467,0.786549966051923,1.78645970841055
0.0594,0.999998361192298,51.2065965651953,0.786549966051923,1.78645970841055
0.05945,0.999998361559875,51.2065333710993,0.786549966051923,1.78645970841055
0.0595,0.999998361928161,51.2065753156211,0.786549966051923,1.78645970841055
0.05955,0.999998362297151,51.2065351576779,0.786549966051923,1.78645970841055
0.0596,0.99999836266701,51.2065842686397,0.786549966051923,1.78645970841055
0.05965,0.999998363037484,51.2065159146794,0.786549966051923,1.78645970841055
0.0597,0.999998363408751,51.2065948584128,0.786549966051923,1.78645970841055
0.05975,0.999998363780786,51.2065127462025,0.786549966051923,1.78645970841055
0.0598,0.999998364153426,51.2065828621925,0.786549966051923,1.78645970841055
0.05985,0.999998364526907,51.2065254494208,0.786549966051923,1.78645970841055
0.0599,0.999998364901028,51.2065692315531,0.786549966051923,1.78645970841055
0.05995,0.999998365275819,51.2065271823002,0.786549966051923,1.78645970841055
0.06,0.999998365651414,51.2065707317243,0.786549977639536,1.78646198185065
0.06005,0.999998366027564,51.2065189152703,0.786549977639536,1.78646198185065
0.0601,0.999998366404523,51.2065726912672,0.786549977639536,1.78646198185065
0.06015,0.999998366782199,51.2065174843019,0.786549977639536,1.78646198185065
0.0602,0.999998367160408,51.2065667353542,0.786549977639536,1.78646198185065
0.06025,0.9999983675394,51.2065195966024,0.786549977639536,1.78646198185065
0.0603,0.999998367918957,51.2065626362006,0.786549977639536,1.78646198185065
0.06035,0.999998368299144,51.206517875421,0.786549977639536,1.78646198185065
0.0604,0.999998368680057,51.2065597181841,0.786549977639536,1.78646198185065
0.06045,0.999998369061465,51.2065194920383,0.786549977639536,1.78646198185065
0.0605,0.999998369443577,51.2065515490049,0.786549977639536,1.78646198185065
0.06055,0.999998369826294,51.2065230749778,0.786549977639536,1.78646198185065
0.0606,0.999998370209523,51.2065483195857,0.786549977639536,1.78646198185065
0.06065,0.999998370593466,51.2065161977123,0.786549977639536,1.78646198185065
0.0607,0.999998370977896,51.2065546960494,0.786549977639536,1.78646198185065
0.06075,0.999998371362909,51.2065080690933,0.786549977639536,1.78646198185065
0.0608,0.999998371748563,51.2065507289974,0.786549977639536,1.78646198185065
0.06085,0.999998372134649,51.2065176421201,0.786549977639536,1.78646198185065
0.0609,0.999998372521379,51.2065318955856,0.786549977639536,1.78646198185065
0.06095,0.999998372908625,51.2065289831472,0.786549977639536,1.78646198185065
0.061,0.999998373296331,51.206527882667,0.786549989368703,1.78646063542287
0.06105,0.999998373684672,51.2065155226193,0.786549989368703,1.78646063542287
0.0611,0.999998374073477,51.2065446779919,0.786549989368703,1.78646063542287
0.06115,0.999998374462838,51.2064986862008,0.786549989368703,1.78646063542287
0.0612,0.999998374852719,51.2065430655098,0.786549989368703,1.78646063542287
0.06125,0.999998375242971,51.2065135524742,0.786549989368703,1.78646063542287
0.0613,0.999998375633795,51.2065140529449,0.786549989368703,1.78646063542287
0.06135,0.999998376025046,51.2065346168984,0.786549989368703,1.78646063542287
0.0614,0.9999983764167,51.2065058996185,0.786549989368703,1.78646063542287
0.06145,0.999998376808901,51.2065175697249,0.786549989368703,1.78646063542287
0.0615,0.999998377201434,51.2065321074365,0.786549989368703,1.78646063542287
0.06155,0.999998377594433,51.2064905261463,0.786549989368703,1.78646063542287
0.0616,0.999998377987883,51.206536048305,0.786549989368703,1.78646063542287
0.06165,0.99999837838164,51.2065074997971,0.786549989368703,1.78646063542287
0.0617,0.999998378775891,51.2064983325358,0.786549989368703,1.78646063542287
0.06175,0.999998379170477,51.2065392992346,0.786549989368703,1.78646063542287
0.0618,0.999998379565408,51.2064830922094,0.786549989368703,1.78646063542287
0.06185,0.999998379960791,51.2065219345303,0.786549989368703,1.78646063542287
0.0619,0.99999838035643,51.2065168749545,0.786549989368703,1.78646063542287
0.06195,0.999998380752465,51.2064840789074,0.786549989368703,1.78646063542287
0.062,0.999998381148854,51.2065291690645,0.786550001237436,1.78647064578353
0.06205,0.999998381545486,51.2064997603508,0.786550001237436,1.78647064578353
0.0621,0.99999838194258,51.2064850904784,0.786550001237436,1.78647064578353
0.06215,0.999998382339949,51.2065422726101,0.786550001237436,1.78647064578353
0.0622,0.999998382737571,51.2064604983922,0.786550001237436,1.78647064578353
0.06225,0.999998383135545,51.2065278778476,0.786550001237436,1.78647064578353
0.0623,0.999998383533703,51.2064993513492,0.786550001237436,1.78647064578353
0.06235,0.99999838393218,51.2064795370463,0.786550001237436,1.78647064578353
0.0624,0.999998384330912,51.2065219715255,0.786550001237436,1.78647064578353
0.06245,0.999998384729825,51.2064904010447,0.786550001237436,1.78647064578353
0.0625,0.999998385129051,51.2064745267952,0.786550001237436,1.78647064578353
0.06255,0.99999838552844,51.2065426030789,0.786550001237436,1.78647064578353
0.0626,0.999998385928043,51.2064391534785,0.786550001237436,1.78647064578353
0.06265,0.999998386327898,51.206534234179,0.786550001237436,1.78647064578353
0.0627,0.999998386727867,51.2064801021692,0.786550001237436,1.78647064578353
0.06275,0.999998387128073,51.2064766511445,0.786550001237436,1.78647064578353
0.0628,0.999998387528442,51.2065143229391,0.786550001237436,1.78647064578353
0.06285,0.999998387928926,51.2064796589029,0.786550001237436,1.78647064578353
0.0629,0.99999838832963,51.2064668820764,0.786550001237436,1.78647064578353
0.06295,0.999998388730417,51.206539645996,0.786550001237436,1.78647064578353
0.063,0.999998389131346,51.2064201817814,0.786550013243732,1.78646408653124
0.06305,0.99999838953243,51.2065398666472,0.786550013243732,1.78646408653124
0.0631,0.999998389933619,51.2064600001881,0.786550013243732,1.78646408653124
0.06315,0.999998390334989,51.2064751190621,0.786550013243732,1.78646408653124
0.0632,0.999998390736405,51.2065060631386,0.786550013243732,1.78646408653124
0.06325,0.999998391137872,51.2064677978307,0.786550013243732,1.78646408653124
0.0633,0.999998391539463,51.2064620572458,0.786550013243732,1.78646408653124
0.06335,0.999998391941066,51.2065329831051,0.786550013243732,1.78646408653124
0.0634,0.999998392342736,51.2064044998584,0.786550013243732,1.78646408653124
0.06345,0.999998392744468,51.2065438264677,0.786550013243732,1.78646408653124
0.0635,0.999998393146185,51.2064399429328,0.786550013243732,1.78646408653124
0.06355,0.999998393547966,51.2064746739796,0.786550013243732,1.78646408653124
0.0636,0.999998393949742,51.2064970751275,0.786550013243732,1.78646408653124
0.06365,0.999998394351503,51.2064553822245,0.786550013243732,1.78646408653124
0.0637,0.999998394753295,51.2064596908169,0.786550013243732,1.78646408653124
0.06375,0.999998395155033,51.2065227367452,0.786550013243732,1.78646408653124
0.0638,0.999998395556761,51.2063924930033,0.786550013243732,1.78646408653124
0.06385,0.999998395958464,51.2065453708165,0.786550013243732,1.78646408653124
0.0639,0.999998396360092,51.2064205456756,0.786550013243732,1.78646408653124
0.06395,0.999998396761698,51.2064750415385,0.786550013243732,1.78646408653124
0.064,0.999998397163225,51.2064870607174,0.786550025385582,1.78647235472265
0.06405,0.999998397564673,51.2064431515645,0.786550025385582,1.78647235472265
0.0641,0.999998397966119,51.2064589770436,0.786550025385582,1.78647235472265
0.06415,0.99999839836748,51.2065094580802,0.786550025385582,1.78647235472265
0.0642,0.999998398768724,51.2063841302988,0.786550025385582,1.78647235472265
0.06425,0.999998399169866,51.2065442258835,0.786550025385582,1.78647235472265
0.0643,0.999998399570875,51.2064022530335,0.786550025385582,1.78647235472265
0.06435,0.999998399971776,51.2064761421916,0.786550025385582,1.78647235472265
0.0644,0.999998400372535,51.2064755428643,0.786550025385582,1.78647235472265
0.06445,0.999998400773149,51.206431899956,0.786550025385582,1.78647235472265
0.0645,0.999998401173624,51.2064587399089,0.786550025385582,1.78647235472265
0.06455,0.99999840157393,51.206494001278,0.786550025385582,1.78647235472265
0.0646,0.999998401974075,51.2063788249821,0.786550025385582,1.78647235472265
0.06465,0.999998402374048,51.2065403558701,0.786550025385582,1.78647235472265
0.0647,0.999998402773833,51.2063851785404,0.786550025385582,1.78647235472265
0.06475,0.999998403173432,51.2064778322722,0.786550025385582,1.78647235472265
0.0648,0.999998403572835,51.2064622120212,0.786550025385582,1.78647235472265
0.06485,0.99999840397203,51.206422543108,0.786550025385582,1.78647235472265
0.0649,0.999998404371014,51.2064578490041,0.786550025385582,1.78647235472265
0.06495,0.999998404769782,51.2064775577542,0.786550025385582,1.78647235472265
0.065,0.999998405168315,51.2063758345507,0.786550037660981,1.78646746218518
0.06505,0.999998405566621,51.206534048151,0.786550037660981,1.78646746218518
0.0651,0.999998405964746,51.206369454784,0.786550037660981,1.78646746218518
0.06515,0.999998406362642,51.2064799906011,0.786550037660981,1.78646746218518
0.0652,0.999998406760269,51.2064468909335,0.786550037660981,1.78646746218518
0.06525,0.999998407157627,51.2064157040855,0.786550037660981,1.78646746218518
0.0653,0.999998407554714,51.2064552593779,0.786550037660981,1.78646746218518
0.06535,0.999998407951544,51.2064612187162,0.786550037660981,1.78646746218518
0.0654,0.999998408348073,51.206374391439,0.786550037660981,1.78646746218518
0.06545,0.999998408744329,51.2065256830002,0.786550037660981,1.78646746218518
0.0655,0.999998409140298,51.206355286002,0.786550037660981,1.78646746218518
0.06555,0.999998409535948,51.2064823281611,0.786550037660981,1.78646746218518
0.0656,0.999998409931322,51.2064298192323,0.786550037660981,1.78646746218518
0.06565,0.999998410326369,51.2064116733502,0.786550037660981,1.78646746218518
0.0657,0.999998410721098,51.2064503568773,0.786550037660981,1.78646746218518
0.06575,0.999998411115534,51.2064459037382,0.786550037660981,1.78646746218518
0.0658,0.999998411509609,51.2063737711959,0.786550037660981,1.78646746218518
0.06585,0.999998411903379,51.2065154859369,0.786550037660981,1.78646746218518
0.0659,0.999998412296816,51.2063429246548,0.786550037660981,1.78646746218518
0.06595,0.999998412689884,51.2064842204145,0.786550037660981,1.78646746218518
0.066,0.99999841308265,51.2064115476329,0.78655005006794,1.78646552537017
0.06605,0.999998413475038,51.2064101746991,0.78655005006794,1.78646552537017
0.0661,0.999998413867131,51.2064429025302,0.78655005006794,1.78646552537017
0.06615,0.999998414258929,51.2064320964056,0.78655005006794,1.78646552537017
0.0662,0.999998414650288,51.2063734783386,0.78655005006794,1.78646552537017
0.06625,0.99999841504132,51.20650358299,0.78655005006794,1.78646552537017
0.0663,0.99999841543198,51.2063327550792,0.78655005006794,1.78646552537017
0.06635,0.999998415822234,51.2064848537217,0.78655005006794,1.78646552537017
0.0664,0.999998416212166,51.2063930217822,0.78655005006794,1.78646552537017
0.06645,0.999998416601675,51.2064105524326,0.78655005006794,1.78646552537017
0.0665,0.99999841699081,51.206433154716,0.78655005006794,1.78646552537017
0.06655,0.999998417379596,51.206419987445,0.78655005006794,1.78646552537017
0.0666,0.999998417767934,51.2063732446589,0.78655005006794,1.78646552537017
0.06665,0.999998418155932,51.2064900639424,0.78655005006794,1.78646552537017
0.0667,0.999998418543525,51.2063252017809,0.78655005006794,1.78646552537017
0.06675,0.999998418930688,51.2064833839874,0.78655005006794,1.78646552537017
0.0668,0.999998419317518,51.2063753250725,0.78655005006794,1.78646552537017
0.06685,0.99999841970389,51.2064118419747,0.78655005006794,1.78646552537017
0.0669,0.99999842008988,51.2064216515983,0.78655005006794,1.78646552537017
0.06695,0.999998420475499,51.2064094919776,0.78655005006794,1.78646552537017
0.067,0.999998420860645,51.2063728492087,0.786550062604495,1.78646133259585
0.06705,0.999998421245451,51.2064750214742,0.786550062604495,1.78646133259585
0.0671,0.999998421629884,51.2063204887077,0.786550062604495,1.78646133259585
0.06715,0.999998422013907,51.2064790607433,0.786550062604495,1.78646133259585
0.0672,0.999998422397563,51.2063594749961,0.786550062604495,1.78646133259585
0.06725,0.999998422780735,51.2064130100598,0.786550062604495,1.78646133259585
0.0673,0.99999842316353,51.2064090461104,0.786550062604495,1.78646133259585
0.06735,0.999998423545941,51.206400418788,0.786550062604495,1.78646133259585
0.0674,0.999998423927867,51.2063721247556,0.786550062604495,1.78646133259585
0.06745,0.999998424309461,51.2064588023449,0.786550062604495,1.78646133259585
0.0675,0.999998424690602,51.2063186150061,0.786550062604495,1.78646133259585
0.06755,0.999998425071309,51.2064715350988,0.786550062604495,1.78646133259585
0.0676,0.999998425451679,51.2063462919457,0.786550062604495,1.78646133259585
0.06765,0.999998425831553,51.2064132247867,0.786550062604495,1.78646133259585
0.0677,0.999998426211066,51.2063960108794,0.786550062604495,1.78646133259585
0.06775,0.999998426590185,51.2063926595446,0.786550062604495,1.78646133259585
0.0678,0.999998426968823,51.206370732568,0.786550062604495,1.78646133259585
0.06785,0.999998427347143,51.2064419248332,0.786550062604495,1.78646133259585
0.0679,0.999998427725001,51.2063191402012,0.786550062604495,1.78646133259585
0.06795,0.999998428102444,51.2064608180851,0.786550062604495,1.78646133259585
0.068,0.999998428479555,51.206336109792,0.786550075268711,1.78645461337656
0.06805,0.999998428856171,51.2064118209089,0.786550075268711,1.78645461337656
0.0681,0.999998429232512,51.2063829793302,0.786550075268711,1.78645461337656
0.06815,0.999998429608488,51.2063860809925,0.786550075268711,1.78645461337656
0.0682,0.99999842998397,51.206368220726,0.786550075268711,1.78645461337656
0.06825,0.999998430359157,51.2064251078659,0.786550075268711,1.78645461337656
0.0683,0.999998430733882,51.2063212753179,0.786550075268711,1.78645461337656
0.06835,0.999998431108225,51.2064473251436,0.786550075268711,1.78645461337656
0.0684,0.999998431482247,51.2063289961804,0.786550075268711,1.78645461337656
0.06845,0.999998431855787,51.206408545674,0.786550075268711,1.78645461337656
0.0685,0.999998432229028,51.2063703685669,0.786550075268711,1.78645461337656
0.06855,0.999998432601879,51.2063807056116,0.786550075268711,1.78645461337656
0.0686,0.999998432974298,51.2063642290869,0.786550075268711,1.78645461337656
0.06865,0.999998433346449,51.2064092477916,0.786550075268711,1.78645461337656
0.0687,0.999998433718148,51.2063241341773,0.786550075268711,1.78645461337656
0.06875,0.999998434089509,51.2064318556837,0.786550075268711,1.78645461337656
0.0688,0.999998434460566,51.2063246102563,0.786550075268711,1.78645461337656
0.06885,0.999998434831168,51.2064032460488,0.786550075268711,1.78645461337656
0.0689,0.999998435201513,51.2063584220223,0.786550075268711,1.78645461337656
0.06895,0.999998435571483,51.2063763772895,0.786550075268711,1.78645461337656
0.069,0.999998435941063,51.2063583594415,0.786550088058685,1.78644251985198
0.06905,0.999998436310409,51.2063949777436,0.786550088058685,1.78644251985198
0.0691,0.999998436679388,51.2063266599067,0.786550088058685,1.78644251985198
0.06915,0.999998437048111,51.2064151579219,0.786550088058685,1.78644251985198
0.0692,0.999998437416525,51.2063224330567,0.786550088058685,1.78644251985198
0.06925,0.999998437784524,51.2063958504763,0.786550088058685,1.78644251985198
0.0693,0.999998438152315,51.2063473870945,0.786550088058685,1.78644251985198
0.06935,0.999998438519754,51.2063727479943,0.786550088058685,1.78644251985198
0.0694,0.99999843888686,51.2063507043534,0.786550088058685,1.78644251985198
0.06945,0.999998439253769,51.2063828939412,0.786550088058685,1.78644251985198
0.0695,0.999998439620286,51.2063281927479,0.786550088058685,1.78644251985198
0.06955,0.999998439986575,51.2063981400484,0.786550088058685,1.78644251985198
0.0696,0.999998440352615,51.2063221129079,0.786550088058685,1.78644251985198
0.06965,0.999998440718293,51.206386471371,0.786550088058685,1.78644251985198
0.0697,0.999998441083815,51.2063377800246,0.786550088058685,1.78644251985198
0.06975,0.999998441449018,51.2063694168628,0.786550088058685,1.78644251985198
0.0698,0.999998441813953,51.20634149335,0.786550088058685,1.78644251985198
0.06985,0.999998442178731,51.2063730332929,0.786550088058685,1.78644251985198
0.0699,0.999998442543165,51.206328170926,0.786550088058685,1.78644251985198
0.06995,0.999998442907437,51.206381349678,0.786550088058685,1.78644251985198
0.07,0.999998443271494,51.2063231386652,0.786550100972545,1.78643923210607
0.07005,0.999998443635254,51.2063750082511,0.786550100972545,1.78643923210607
0.0701,0.999998443998975,51.20632997261,0.786550100972545,1.78643923210607
0.07015,0.99999844436245,51.2063656043894,0.786550100972545,1.78643923210607
0.0702,0.9999984447257,51.2063312984221,0.786550100972545,1.78643923210607
0.07025,0.999998445088838,51.2063651383948,0.786550100972545,1.78643923210607
0.0703,0.999998445451689,51.2063263785788,0.786550100972545,1.78643923210607
0.07035,0.999998445814449,51.2063652071506,0.786550100972545,1.78643923210607
0.0704,0.999998446177036,51.2063251577731,0.786550100972545,1.78643923210607
0.07045,0.999998446539401,51.2063615171831,0.786550100972545,1.78643923210607
0.0705,0.999998446901722,51.2063244173945,0.786550100972545,1.78643923210607
0.07055,0.999998447263819,51.206360590942,0.786550100972545,1.78643923210607
0.0706,0.999998447625801,51.2063209087393,0.786550100972545,1.78643923210607
0.07065,0.999998447987718,51.2063587630696,0.786550100972545,1.78643923210607
0.0707,0.999998448349418,51.2063228690986,0.786550100972545,1.78643923210607
0.07075,0.999998448711098,51.2063500647243,0.786550100972545,1.78643923210607
0.0708,0.999998449072654,51.2063277355577,0.786550100972545,1.78643923210607
0.07085,0.99999844943407,51.2063461435399,0.786550100972545,1.78643923210607
0.0709,0.999998449795501,51.2063213376856,0.786550100972545,1.78643923210607
0.07095,0.999998450156769,51.2063537237858,0.786550100972545,1.78643923210607
0.071,0.999998450518005,51.2063109541902,0.786550114008451,1.78642053267528
0.07105,0.999998450879228,51.2063532352882,0.786550114008451,1.78642053267528
0.0711,0.999998451240375,51.2063176510342,0.786550114008451,1.78642053267528
0.07115,0.999998451601607,51.2063361086726,0.786550114008451,1.78642053267528
0.0712,0.999998451962741,51.2063302536554,0.786550114008451,1.78642053267528
0.07125,0.999998452323823,51.206329204951,0.786550114008451,1.78642053267528
0.0713,0.999998452684981,51.206320580221,0.786550114008451,1.78642053267528
0.07135,0.999998453046048,51.2063445589839,0.786550114008451,1.78642053267528
0.0714,0.999998453407167,51.2063022009157,0.786550114008451,1.78642053267528
0.07145,0.99999845376833,51.2063482629762,0.786550114008451,1.78642053267528
0.0715,0.999998454129439,51.206311029364,0.786550114008451,1.78642053267528
0.07155,0.999998454490673,51.2063238673778,0.786550114008451,1.78642053267528
0.0716,0.999998454851905,51.2063322391012,0.786550114008451,1.78642053267528
0.07165,0.999998455213173,51.2063115599767,0.786550114008451,1.78642053267528
0.0717,0.999998455574579,51.2063219212933,0.786550114008451,1.78642053267528
0.07175,0.999998455935972,51.2063332680843,0.786550114008451,1.78642053267528
0.0718,0.9999984562975,51.2062948531199,0.786550114008451,1.78642053267528
0.07185,0.999998456659131,51.206343380386,0.786550114008451,1.78642053267528
0.0719,0.999998457020799,51.2063029748513,0.786550114008451,1.78642053267528
0.07195,0.999998457382662,51.2063135927394,0.786550114008451,1.78642053267528
0.072,0.999998457744592,51.2063328160169,0.786550127164581,1.78641885604088
0.07205,0.999998458106648,51.2062939859318,0.786550127164581,1.78641885604088
0.0721,0.999998458468967,51.2063245270481,0.786550127164581,1.78641885604088
0.07215,0.999998458831387,51.2063200597309,0.786550127164581,1.78641885604088
0.0722,0.999998459193992,51.2062889538188,0.786550127164581,1.78641885604088
0.07225,0.999998459556765,51.2063383392357,0.786550127164581,1.78641885604088
0.0723,0.999998459919666,51.2062935534471,0.786550127164581,1.78641885604088
0.07235,0.999998460282831,51.2063055675433,0.786550127164581,1.78641885604088
0.0724,0.999998460646138,51.2063312729465,0.786550127164581,1.78641885604088
0.07245,0.99999846100966,51.2062774445165,0.786550127164581,1.78641885604088
0.0725,0.999998461373445,51.2063275316827,0.786550127164581,1.78641885604088
0.07255,0.999998461737388,51.2063054705721,0.786550127164581,1.78641885604088
0.0726,0.999998462101624,51.2062844157785,0.786550127164581,1.78641885604088
0.07265,0.999998462466096,51.2063329572654,0.786550127164581,1.78641885604088
0.0727,0.999998462830787,51.2062829592851,0.786550127164581,1.78641885604088
0.07275,0.999998463195808,51.206299905443,0.786550127164581,1.78641885604088
0.0728,0.999998463561051,51.2063270765569,0.786550127164581,1.78641885604088
0.07285,0.999998463926595,51.2062627399226,0.786550127164581,1.78641885604088
0.0729,0.999998464292464,51.2063300717507,0.786550127164581,1.78641885604088
0.07295,0.999998464658581,51.2062900550793,0.786550127164581,1.78641885604088
0.073,0.999998465025064,51.2062810034802,0.786550140439128,1.78640112914611
0.07305,0.999998465391853,51.2063268767816,0.786550140439128,1.78640112914611
0.0731,0.999998465759015,51.2062714721322,0.786550140439128,1.78640112914611
0.07315,0.999998466126604,51.2062962986143,0.786550140439128,1.78640112914611
0.0732,0.999998466494466,51.2063199654789,0.786550140439128,1.78640112914611
0.07325,0.999998466862711,51.2062503080979,0.786550140439128,1.78640112914611
0.0733,0.999998467231345,51.2063314012086,0.786550140439128,1.78640112914611
0.07335,0.999998467600317,51.2062742039947,0.786550140439128,1.78640112914611
0.0734,0.999998467969724,51.2062788319595,0.786550140439128,1.78640112914611
0.07345,0.999998468339509,51.2063199174533,0.786550140439128,1.78640112914611
0.0735,0.999998468709691,51.2062598841121,0.786550140439128,1.78640112914611
0.07355,0.999998469080328,51.2062943717586,0.786550140439128,1.78640112914611
0.0736,0.999998469451352,51.2063103641713,0.786550140439128,1.78640112914611
0.07365,0.999998469822833,51.2062404596446,0.786550140439128,1.78640112914611
0.0737,0.999998470194768,51.206331325078,0.786550140439128,1.78640112914611
0.07375,0.999998470567126,51.2062584001845,0.786550140439128,1.78640112914611
0.0738,0.999998470939981,51.2062778180202,0.786550140439128,1.78640112914611
0.07385,0.999998471313289,51.2063115131189,0.786550140439128,1.78640112914611
0.0739,0.999998471687071,51.2062488873478,0.786550140439128,1.78640112914611
0.07395,0.999998472061368,51.2062931772338,0.786550140439128,1.78640112914611
0.074,0.999998472436133,51.2062987418324,0.786550153830289,1.78639436884327
0.07405,0.999998472811421,51.2062328499459,0.786550153830289,1.78639436884327
0.0741,0.999998473187291,51.2063295975142,0.786550153830289,1.78639436884327
0.07415,0.999998473563696,51.2062427000545,0.786550153830289,1.78639436884327
0.0742,0.999998473940625,51.2062779608774,0.786550153830289,1.78639436884327
0.07425,0.999998474318079,51.2063011816747,0.786550153830289,1.78639436884327
0.0743,0.99999847469608,51.2062392688663,0.786550153830289,1.78639436884327
0.07435,0.999998475074651,51.2062917063243,0.786550153830289,1.78639436884327
0.0744,0.999998475453768,51.2062859858489,0.786550153830289,1.78639436884327
0.07445,0.999998475833468,51.206227106151,0.786550153830289,1.78639436884327
0.0745,0.999998476213748,51.2063263341591,0.786550153830289,1.78639436884327
0.07455,0.999998476594606,51.2062273273763,0.786550153830289,1.78639436884327
0.0746,0.99999847697607,51.2062792673432,0.786550153830289,1.78639436884327
0.07465,0.99999847735813,51.2062887144311,0.786550153830289,1.78639436884327
0.0747,0.999998477740799,51.2062317620186,0.786550153830289,1.78639436884327
0.07475,0.999998478124091,51.2062891269175,0.786550153830289,1.78639436884327
0.0748,0.999998478508002,51.2062728931799,0.786550153830289,1.78639436884327
0.07485,0.999998478892545,51.2062226835367,0.786550153830289,1.78639436884327
0.0749,0.99999847927773,51.2063215712482,0.786550153830289,1.78639436884327
0.07495,0.999998479663557,51.2062124844979,0.786550153830289,1.78639436884327
0.075,0.999998480050036,51.2062813650173,0.786550167336255,1.78638394330388
0.07505,0.999998480437178,51.2062740645876,0.786550167336255,1.78638394330388
0.0751,0.999998480825046,51.2062266129491,0.786550167336255,1.78638394330388
0.07515,0.999998481213619,51.2062847218339,0.786550167336255,1.78638394330388
0.0752,0.999998481602844,51.2062600841862,0.786550167336255,1.78638394330388
0.07525,0.999998481992745,51.2062191136578,0.786550167336255,1.78638394330388
0.0753,0.999998482383345,51.2063152518953,0.786550167336255,1.78638394330388
0.07535,0.999998482774643,51.2061985221062,0.786550167336255,1.78638394330388
0.0754,0.999998483166634,51.2062838051608,0.786550167336255,1.78638394330388
0.07545,0.999998483559349,51.2062577728465,0.786550167336255,1.78638394330388
0.0755,0.999998483952767,51.2062238441887,0.786550167336255,1.78638394330388
0.07555,0.999998484346905,51.2062783418179,0.786550167336255,1.78638394330388
0.0756,0.999998484741782,51.2062480791644,0.786550167336255,1.78638394330388
0.07565,0.999998485137369,51.2062162357591,0.786550167336255,1.78638394330388
0.0757,0.999998485533709,51.2063073734125,0.786550167336255,1.78638394330388
0.07575,0.999998485930788,51.206186079432,0.786550167336255,1.78638394330388
0.0758,0.999998486328597,51.2062857375836,0.786550167336255,1.78638394330388
0.07585,0.999998486727182,51.2062405483777,0.786550167336255,1.78638394330388
0.0759,0.999998487126502,51.2062229227959,0.786550167336255,1.78638394330388
0.07595,0.999998487526585,51.2062700326175,0.786550167336255,1.78638394330388
0.076,0.99999848792745,51.2062369304754,0.786550180955197,1.78637518416009
0.07605,0.999998488329053,51.2062138185035,0.786550180955197,1.78637518416009
0.0761,0.99999848873152,51.2062976839244,0.786550180955197,1.78637518416009
0.07615,0.999998489134791,51.2061756295003,0.786550180955197,1.78637518416009
0.0762,0.999998489538789,51.2062862292335,0.786550180955197,1.78637518416009
0.07625,0.999998489943609,51.2062233115815,0.786550180955197,1.78637518416009
0.0763,0.999998490349184,51.2062230698693,0.786550180955197,1.78637518416009
0.07635,0.99999849075556,51.206260111131,0.786550180955197,1.78637518416009
0.0764,0.999998491162751,51.2062267217142,0.786550180955197,1.78637518416009
0.07645,0.9999984915707,51.2062118581367,0.786550180955197,1.78637518416009
0.0765,0.999998491979487,51.2062862062229,0.786550180955197,1.78637518416009
0.07655,0.999998492389065,51.2061677034787,0.786550180955197,1.78637518416009
0.0766,0.999998492799428,51.2062845823972,0.786550180955197,1.78637518416009
0.07665,0.999998493210644,51.2062070990339,0.786550180955197,1.78637518416009
0.0767,0.999998493622628,51.2062235711734,0.786550180955197,1.78637518416009
0.07675,0.999998494035443,51.2062491119818,0.786550180955197,1.78637518416009
0.0768,0.999998494449094,51.206217364241,0.786550180955197,1.78637518416009
0.07685,0.999998494863514,51.2062101192953,0.786550180955197,1.78637518416009
0.0769,0.999998495278802,51.2062730399938,0.786550180955197,1.78637518416009
0.07695,0.999998495694889,51.2061624040311,0.786550180955197,1.78637518416009
0.077,0.99999849611178,51.2062802001251,0.786550194685267,1.78636724342628
0.07705,0.999998496529546,51.2061925709849,0.786550194685267,1.78636724342628
0.0771,0.999998496948147,51.2062236428102,0.786550194685267,1.78636724342628
0.07715,0.999998497367636,51.2062373496127,0.786550194685267,1.78636724342628
0.0772,0.999998497787934,51.2062088487813,0.786550194685267,1.78636724342628
0.07725,0.999998498209009,51.2062082149452,0.786550194685267,1.78636724342628
0.0773,0.999998498630973,51.2062585785322,0.786550194685267,1.78636724342628
0.07735,0.999998499053732,51.2061594726653,0.786550194685267,1.78636724342628
0.0774,0.999998499477308,51.2062730454461,0.786550194685267,1.78636724342628
0.07745,0.999998499901766,51.2061802397042,0.786550194685267,1.78636724342628
0.0775,0.99999850032699,51.2062228834209,0.786550194685267,1.78636724342628
0.07755,0.999998500753083,51.2062251828322,0.786550194685267,1.78636724342628
0.0776,0.999998501180013,51.2062013902683,0.786550194685267,1.78636724342628
0.07765,0.999998501607719,51.2062057177748,0.786550194685267,1.78636724342628
0.0777,0.999998502036322,51.2062435952091,0.786550194685267,1.78636724342628
0.07775,0.999998502465705,51.2061584120131,0.786550194685267,1.78636724342628
0.0778,0.999998502895913,51.2062633374472,0.786550194685267,1.78636724342628
0.07785,0.999998503326997,51.2061701543274,0.786550194685267,1.78636724342628
0.0779,0.999998503758833,51.2062209885271,0.786550194685267,1.78636724342628
0.07795,0.999998504191545,51.2062127369136,0.786550194685267,1.78636724342628
0.078,0.999998504625074,51.20619510175,0.786550208524582,1.78636413565719
0.07805,0.999998505059373,51.2062020093006,0.786550208524582,1.78636413565719
0.0781,0.999998505494632,51.2062288553911,0.786550208524582,1.78636413565719
0.07815,0.999998505930679,51.2061583651134,0.786550208524582,1.78636413565719
0.0782,0.999998506367518,51.2062515966532,0.786550208524582,1.78636413565719
0.07825,0.999998506805214,51.2061621479698,0.786550208524582,1.78636413565719
0.0783,0.999998507243641,51.2062178253512,0.786550208524582,1.78636413565719
0.07835,0.999998507682941,51.2062001492678,0.786550208524582,1.78636413565719
0.0784,0.999998508123028,51.2061901098299,0.786550208524582,1.78636413565719
0.07845,0.999998508563874,51.2061966629434,0.786550208524582,1.78636413565719
0.0785,0.999998509005596,51.2062151665968,0.786550208524582,1.78636413565719
0.07855,0.999998509448042,51.206158522858,0.786550208524582,1.78636413565719
0.0786,0.999998509891302,51.2062385013892,0.786550208524582,1.78636413565719
0.07865,0.999998510335389,51.2061559893368,0.786550208524582,1.78636413565719
0.0787,0.999998510780182,51.2062133413652,0.786550208524582,1.78636413565719
0.07875,0.99999851122583,51.2061876915031,0.786550208524582,1.78636413565719
0.0788,0.999998511672226,51.2061862893544,0.786550208524582,1.78636413565719
0.07885,0.999998512119362,51.206189452463,0.786550208524582,1.78636413565719
0.0789,0.999998512567344,51.2062030654212,0.786550208524582,1.78636413565719
0.07895,0.999998513016012,51.206158162161,0.786550208524582,1.78636413565719
0.079,0.999998513465476,51.2062245787446,0.78655022247123,1.78635362933651
0.07905,0.999998513915722,51.2061513581145,0.78655022247123,1.78635362933651
0.0791,0.999998514366711,51.2062073301456,0.78655022247123,1.78635362933651
0.07915,0.999998514818562,51.2061756922126,0.78655022247123,1.78635362933651
0.0792,0.999998515271078,51.2061832115272,0.78655022247123,1.78635362933651
0.07925,0.99999851572431,51.2061804564346,0.78655022247123,1.78635362933651
0.0793,0.999998516178347,51.2061927285136,0.78655022247123,1.78635362933651
0.07935,0.999998516633025,51.2061567749605,0.78655022247123,1.78635362933651
0.0794,0.999998517088472,51.2062103963618,0.78655022247123,1.78635362933651
0.07945,0.999998517544649,51.2061481867271,0.78655022247123,1.78635362933651
0.0795,0.999998518001465,51.2061996937586,0.78655022247123,1.78635362933651
0.07955,0.999998518459071,51.2061647955633,0.78655022247123,1.78635362933651
0.0796,0.99999851891732,51.2061803700459,0.78655022247123,1.78635362933651
0.07965,0.999998519376252,51.2061702206024,0.78655022247123,1.78635362933651
0.0797,0.999998519835935,51.2061841684851,0.78655022247123,1.78635362933651
0.07975,0.999998520296209,51.2061542558468,0.78655022247123,1.78635362933651
0.0798,0.999998520757217,51.2061962120333,0.78655022247123,1.78635362933651
0.07985,0.99999852121889,51.2061462718508,0.78655022247123,1.78635362933651
0.0799,0.999998521681161,51.2061901717599,0.78655022247123,1.78635362933651
0.07995,0.999998522144173,51.2061555073196,0.78655022247123,1.78635362933651
0.08,0.999998522607764,51.2061769812543,0.786550236523265,1.78635516674706
0.08005,0.999998523072,51.2061593375813,0.786550236523265,1.78635516674706
0.0801,0.99999852353699,51.2061770118687,0.786550236523265,1.78635516674706
0.08015,0.99999852400255,51.2061505255759,0.786550236523265,1.78635516674706
0.0802,0.999998524468763,51.2061822800785,0.786550236523265,1.78635516674706
0.08025,0.999998524935572,51.2061454211256,0.786550236523265,1.78635516674706
0.0803,0.999998525402932,51.2061786944637,0.786550236523265,1.78635516674706
0.08035,0.999998525870972,51.206148269718,0.786550236523265,1.78635516674706
0.0804,0.999998526339525,51.2061723559702,0.786550236523265,1.78635516674706
0.08045,0.999998526808677,51.2061484546218,0.786550236523265,1.78635516674706
0.0805,0.999998527278444,51.2061708432346,0.786550236523265,1.78635516674706
0.08055,0.99999852774869,51.2061455901128,0.786550236523265,1.78635516674706
0.0806,0.999998528219567,51.2061688677751,0.786550236523265,1.78635516674706
0.08065,0.999998528690964,51.206145264986,0.786550236523265,1.78635516674706
0.0807,0.999998529162862,51.2061654191627,0.786550236523265,1.78635516674706
0.08075,0.999998529635369,51.2061432283706,0.786550236523265,1.78635516674706
0.0808,0.999998530108321,51.2061660563312,0.786550236523265,1.78635516674706
0.08085,0.999998530581817,51.2061381080812,0.786550236523265,1.78635516674706
0.0809,0.999998531055849,51.2061653319493,0.786550236523265,1.78635516674706
0.08095,0.999998531530301,51.2061394353227,0.786550236523265,1.78635516674706
0.081,0.999998532005318,51.206156319027,0.786550250678714,1.78634495037225
0.08105,0.999998532480776,51.2061451959444,0.786550250678714,1.78634495037225
0.0811,0.999998532956748,51.2061507867446,0.786550250678714,1.78634495037225
0.08115,0.999998533433286,51.2061401493097,0.786550250678714,1.78634495037225
0.0812,0.999998533910164,51.206157905119,0.786550250678714,1.78634495037225
0.08125,0.999998534387527,51.2061285517182,0.786550250678714,1.78634495037225
0.0813,0.999998534865342,51.2061602182458,0.786550250678714,1.78634495037225
0.08135,0.999998535343515,51.2061319194139,0.786550250678714,1.78634495037225
0.0814,0.999998535822182,51.2061452210362,0.786550250678714,1.78634495037225
0.08145,0.999998536301209,51.2061445916865,0.786550250678714,1.78634495037225
0.0815,0.999998536780623,51.2061356500893,0.786550250678714,1.78634495037225
0.08155,0.999998537260485,51.2061386269872,0.786550250678714,1.78634495037225
0.0816,0.99999853774065,51.2061481872036,0.786550250678714,1.78634495037225
0.08165,0.999998538221233,51.2061199669249,0.786550250678714,1.78634495037225
0.0817,0.999998538702179,51.2061555026723,0.786550250678714,1.78634495037225
0.08175,0.999998539183422,51.2061230284332,0.786550250678714,1.78634495037225
0.0818,0.999998539665077,51.2061359912768,0.786550250678714,1.78634495037225
0.08185,0.999998540147013,51.2061426185258,0.786550250678714,1.78634495037225
0.0819,0.999998540629271,51.2061208271917,0.786550250678714,1.78634495037225
0.08195,0.999998541111889,51.2061378999887,0.786550250678714,1.78634495037225
0.082,0.999998541594739,51.2061372218352,0.78655026493558,1.78634567232629
0.08205,0.999998542077934,51.2061122604231,0.78655026493558,1.78634567232629
0.0821,0.999998542561472,51.2061510344168,0.78655026493558,1.78634567232629
0.08215,0.999998543045275,51.2061127023929,0.78655026493558,1.78634567232629
0.0822,0.999998543529373,51.2061289469221,0.78655026493558,1.78634567232629
0.08225,0.999998544013671,51.2061386420328,0.78655026493558,1.78634567232629
0.0823,0.999998544498224,51.2061071262004,0.78655026493558,1.78634567232629
0.08235,0.999998544983047,51.2061372580849,0.78655026493558,1.78634567232629
0.0824,0.999998545468032,51.2061254102846,0.78655026493558,1.78634567232629
0.08245,0.999998545953284,51.2061053875681,0.78655026493558,1.78634567232629
0.0825,0.999998546438724,51.2061465985396,0.78655026493558,1.78634567232629
0.08255,0.999998546924331,51.2061011494599,0.78655026493558,1.78634567232629
0.0826,0.999998547410178,51.2061240926406,0.78655026493558,1.78634567232629
0.08265,0.999998547896149,51.2061323273297,0.78655026493558,1.78634567232629
0.0827,0.999998548382303,51.2060950976906,0.78655026493558,1.78634567232629
0.08275,0.999998548868637,51.2061361435115,0.78655026493558,1.78634567232629
0.0828,0.999998549355065,51.2061130632665,0.78655026493558,1.78634567232629
0.08285,0.999998549841679,51.206099426811,0.78655026493558,1.78634567232629
0.0829,0.999998550328398,51.2061418075393,0.78655026493558,1.78634567232629
0.08295,0.999998550815216,51.2060888816902,0.78655026493558,1.78634567232629
0.083,0.999998551302186,51.2061210513497,0.786550279291854,1.78634238956418
0.08305,0.999998551789206,51.2061237344003,0.786550279291854,1.78634238956418
0.0831,0.999998552276405,51.2060849387902,0.786550279291854,1.78634238956418
0.08315,0.99999855276373,51.2061342488667,0.786550279291854,1.78634238956418
0.0832,0.999998553251049,51.2061003045138,0.786550279291854,1.78634238956418
0.08325,0.999998553738471,51.2060945724091,0.786550279291854,1.78634238956418
0.0833,0.99999855422592,51.2061360838251,0.786550279291854,1.78634238956418
0.08335,0.999998554713399,51.2060766497148,0.786550279291854,1.78634238956418
0.0834,0.999998555200945,51.2061191521921,0.786550279291854,1.78634238956418
0.08345,0.999998555688472,51.2061133500543,0.786550279291854,1.78634238956418
0.0835,0.999998556176034,51.2060765535986,0.786550279291854,1.78634238956418
0.08355,0.999998556663605,51.2061315574097,0.786550279291854,1.78634238956418
0.0836,0.99999855715114,51.2060871753443,0.786550279291854,1.78634238956418
0.08365,0.999998557638695,51.2060911286924,0.786550279291854,1.78634238956418
0.0837,0.999998558126204,51.206128840588,0.786550279291854,1.78634238956418
0.08375,0.999998558613676,51.2060653694522,0.786550279291854,1.78634238956418
0.0838,0.99999855910113,51.2061174746412,0.786550279291854,1.78634238956418
0.08385,0.999998559588502,51.2061018522596,0.786550279291854,1.78634238956418
0.0839,0.999998560075834,51.2060695699338,0.786550279291854,1.78634238956418
0.08395,0.999998560563097,51.2061281382248,0.786550279291854,1.78634238956418
0.084,0.999998561050263,51.206073625051,0.786550293745524,1.78633832167705
0.08405,0.999998561537369,51.2060892514352,0.786550293745524,1.78633832167705
0.0841,0.999998562024431,51.2061195349107,0.786550293745524,1.78633832167705
0.08415,0.999998562511424,51.2060558056925,0.786550293745524,1.78633832167705
0.0842,0.999998562998287,51.2061151066652,0.786550293745524,1.78633832167705
0.08425,0.999998563485008,51.2060899697972,0.786550293745524,1.78633832167705
0.0843,0.999998563971616,51.2060635576881,0.786550293745524,1.78633832167705
0.08435,0.999998564458086,51.2061240523889,0.786550293745524,1.78633832167705
0.0844,0.999998564944401,51.2060598049969,0.786550293745524,1.78633832167705
0.08445,0.999998565430579,51.206088949593,0.786550293745524,1.78633832167705
0.0845,0.999998565916584,51.2061079939954,0.786550293745524,1.78633832167705
0.08455,0.999998566402424,51.2060485248278,0.786550293745524,1.78633832167705
0.0846,0.999998566888095,51.2061114122407,0.786550293745524,1.78633832167705
0.08465,0.999998567373571,51.2060783549284,0.786550293745524,1.78633832167705
0.0847,0.999998567858864,51.206058248302,0.786550293745524,1.78633832167705
0.08475,0.999998568343957,51.2061192896889,0.786550293745524,1.78633832167705
0.0848,0.99999856882884,51.2060460201976,0.786550293745524,1.78633832167705
0.08485,0.999998569313516,51.2060898406715,0.786550293745524,1.78633832167705
0.0849,0.999998569797968,51.2060943784882,0.786550293745524,1.78633832167705
0.08495,0.999998570282192,51.2060436264419,0.786550293745524,1.78633832167705
0.085,0.999998570766186,51.2061060270238,0.786550308294581,1.78633751480219
0.08505,0.999998571249935,51.206067344998,0.786550308294581,1.78633751480219
0.0851,0.999998571733506,51.2060534847387,0.786550308294581,1.78633751480219
0.08515,0.99999857221686,51.2061136057586,0.786550308294581,1.78633751480219
0.0852,0.999998572699916,51.2060328187375,0.786550308294581,1.78633751480219
0.08525,0.999998573182705,51.2060912453735,0.786550308294581,1.78633751480219
0.0853,0.999998573665225,51.206079258254,0.786550308294581,1.78633751480219
0.08535,0.99999857414746,51.2060408199416,0.786550308294581,1.78633751480219
0.0854,0.999998574629412,51.2060989778737,0.786550308294581,1.78633751480219
0.08545,0.999998575111077,51.2060570547919,0.786550308294581,1.78633751480219
0.0855,0.999998575592436,51.2060493040107,0.786550308294581,1.78633751480219
0.08555,0.999998576073502,51.2061066798936,0.786550308294581,1.78633751480219
0.0856,0.999998576554257,51.206020889966,0.786550308294581,1.78633751480219
0.08565,0.999998577034692,51.2060922997346,0.786550308294581,1.78633751480219
0.0857,0.999998577514822,51.2060634863343,0.786550308294581,1.78633751480219
0.08575,0.999998577994616,51.2060395251587,0.786550308294581,1.78633751480219
0.0858,0.999998578474085,51.2060905419214,0.786550308294581,1.78633751480219
0.08585,0.99999857895323,51.2060474191676,0.786550308294581,1.78633751480219
0.0859,0.999998579432019,51.2060457838125,0.786550308294581,1.78633751480219
0.08595,0.999998579910482,51.206098205344,0.786550308294581,1.78633751480219
0.086,0.999998580388592,51.2060108452606,0.786550322937036,1.78633303089814
0.08605,0.999998580866341,51.2060921007293,0.786550322937036,1.78633303089814
0.0861,0.999998581343826,51.2060479561579,0.786550322937036,1.78633303089814
0.08615,0.999998581820964,51.2060390059815,0.786550322937036,1.78633303089814
0.0862,0.999998582297713,51.206081085279,0.786550322937036,1.78633303089814
0.08625,0.999998582774107,51.2060383296023,0.786550322937036,1.78633303089814
0.0863,0.999998583250104,51.2060428978965,0.786550322937036,1.78633303089814
0.08635,0.999998583725754,51.2060880433999,0.786550322937036,1.78633303089814
0.0864,0.999998584201016,51.2060031454761,0.786550322937036,1.78633303089814
0.08645,0.999998584675885,51.2060900187866,0.786550322937036,1.78633303089814
0.0865,0.9999985851504,51.2060335053323,0.786550322937036,1.78633303089814
0.08655,0.999998585624498,51.2060386617874,0.786550322937036,1.78633303089814
0.0866,0.999998586098222,51.2060709966402,0.786550322937036,1.78633303089814
0.08665,0.999998586571566,51.2060298377572,0.786550322937036,1.78633303089814
0.0867,0.999998587044483,51.2060404938961,0.786550322937036,1.78633303089814
0.08675,0.99999858751704,51.2060764124758,0.786550322937036,1.78633303089814
0.0868,0.99999858798918,51.2059978284216,0.786550322937036,1.78633303089814
0.08685,0.99999858846091,51.20608568766,0.786550322937036,1.78633303089814
0.0869,0.999998588932271,51.2060206305141,0.786550322937036,1.78633303089814
0.08695,0.999998589403189,51.2060380050594,0.786550322937036,1.78633303089814
0.087,0.999998589873725,51.2060604344966,0.786550337670923,1.78632866420153
0.08705,0.999998590343861,51.2060220521998,0.786550337670923,1.78632866420153
0.0871,0.999998590813624,51.2060381079777,0.786550337670923,1.78632866420153
0.08715,0.999998591283057,51.2060637513433,0.786550337670923,1.78632866420153
0.0872,0.999998591752018,51.2059945602925,0.786550337670923,1.78632866420153
0.08725,0.999998592220563,51.2060791188944,0.786550337670923,1.78632866420153
0.0873,0.999998592688733,51.2060095202002,0.786550337670923,1.78632866420153
0.08735,0.999998593156443,51.2060367654888,0.786550337670923,1.78632866420153
0.0874,0.999998593623775,51.2060495172781,0.786550337670923,1.78632866420153
0.08745,0.999998594090695,51.2060152797932,0.786550337670923,1.78632866420153
0.0875,0.999998594557167,51.2060352224752,0.786550337670923,1.78632866420153
0.08755,0.999998595023279,51.2060508077184,0.786550337670923,1.78632866420153
0.0876,0.99999859548894,51.205992788185,0.786550337670923,1.78632866420153
0.08765,0.999998595954193,51.2060706870867,0.786550337670923,1.78632866420153
0.0877,0.99999859641907,51.206000179842,0.786550337670923,1.78632866420153
0.08775,0.999998596883482,51.2060348831692,0.786550337670923,1.78632866420153
0.0878,0.999998597347529,51.2060382444375,0.786550337670923,1.78632866420153
0.08785,0.99999859781116,51.2060097434178,0.786550337670923,1.78632866420153
0.0879,0.99999859827435,51.2060312539464,0.786550337670923,1.78632866420153
0.08795,0.999998598737191,51.2060383124559,0.786550337670923,1.78632866420153
0.088,0.999998599199579,51.2059917543225,0.786550352494307,1.78632673017386
0.08805,0.999998599661577,51.2060608466283,0.786550352494307,1.78632673017386
0.0881,0.999998600123276,51.2059924085992,0.786550352494307,1.78632673017386
0.08815,0.999998600584552,51.2060322606494,0.786550352494307,1.78632673017386
0.0882,0.999998601045449,51.2060266970165,0.786550352494307,1.78632673017386
0.08825,0.999998601505935,51.2060055311133,0.786550352494307,1.78632673017386
0.0883,0.999998601965999,51.2060257985544,0.786550352494307,1.78632673017386
0.08835,0.999998602425733,51.2060268864854,0.786550352494307,1.78632673017386
0.0884,0.999998602885022,51.2059908048556,0.786550352494307,1.78632673017386
0.08845,0.999998603343949,51.2060501078906,0.786550352494307,1.78632673017386
0.0885,0.99999860380252,51.2059860546776,0.786550352494307,1.78632673017386
0.08855,0.999998604260653,51.2060287912803,0.786550352494307,1.78632673017386
0.0886,0.999998604718472,51.2060151440089,0.786550352494307,1.78632673017386
0.08865,0.99999860517589,51.2060025111954,0.786550352494307,1.78632673017386
0.0887,0.999998605632919,51.2060187628829,0.786550352494307,1.78632673017386
0.08875,0.999998606089642,51.2060169254092,0.786550352494307,1.78632673017386
0.0888,0.999998606545939,51.2059894296188,0.786550352494307,1.78632673017386
0.08885,0.999998607001913,51.2060388484496,0.786550352494307,1.78632673017386
0.0889,0.999998607457549,51.2059810006456,0.786550352494307,1.78632673017386
0.08895,0.999998607912779,51.206024240363,0.786550352494307,1.78632673017386
0.089,0.999998608367731,51.2060039576475,0.786550367405284,1.78631918752681
0.08905,0.999998608822304,51.2060002240803,0.786550367405284,1.78631918752681
0.0891,0.9999986092766,51.2060102900076,0.786550367405284,1.78631918752681
0.08915,0.999998609730657,51.2060084704053,0.786550367405284,1.78631918752681
0.0892,0.999998610184283,51.2059873031645,0.786550367405284,1.78631918752681
0.08925,0.999998610637632,51.2060273013489,0.786550367405284,1.78631918752681
0.0893,0.999998611090671,51.2059771557357,0.786550367405284,1.78631918752681
0.08935,0.999998611543345,51.2060183010853,0.786550367405284,1.78631918752681
0.0894,0.999998611995785,51.2059937364673,0.786550367405284,1.78631918752681
0.08945,0.999998612447876,51.2059981647614,0.786550367405284,1.78631918752681
0.0895,0.999998612899671,51.2060008764647,0.786550367405284,1.78631918752681
0.08955,0.999998613351227,51.2060014605491,0.786550367405284,1.78631918752681
0.0896,0.999998613802429,51.2059843778966,0.786550367405284,1.78631918752681
0.08965,0.999998614253406,51.2060157436935,0.786550367405284,1.78631918752681
0.0897,0.999998614704106,51.205974517966,0.786550367405284,1.78631918752681
0.08975,0.999998615154495,51.2060108346182,0.786550367405284,1.78631918752681
0.0898,0.999998615604696,51.2059849191283,0.786550367405284,1.78631918752681
0.08985,0.999998616054588,51.2059956738611,0.786550367405284,1.78631918752681
0.0899,0.999998616504243,51.2059909901002,0.786550367405284,1.78631918752681
0.08995,0.9999986169537,51.205995603256,0.786550367405284,1.78631918752681
0.09,0.999998617402853,51.2059805360608,0.786550382401983,1.78631682029043
0.09005,0.99999861785184,51.2060043533385,0.786550382401983,1.78631682029043
0.0901,0.999998618300663,51.2059728267347,0.786550382401983,1.78631682029043
0.09015,0.99999861874927,51.2060017622464,0.786550382401983,1.78631682029043
0.0902,0.999998619197706,51.205977789262,0.786550382401983,1.78631682029043
0.09025,0.999998619645881,51.2059922473353,0.786550382401983,1.78631682029043
0.0903,0.999998620093886,51.2059810731055,0.786550382401983,1.78631682029043
0.09035,0.999998620541738,51.2059906458658,0.786550382401983,1.78631682029043
0.0904,0.999998620989347,51.2059757113125,0.786550382401983,1.78631682029043
0.09045,0.999998621436851,51.2059934818723,0.786550382401983,1.78631682029043
0.0905,0.999998621884168,51.2059717065902,0.786550382401983,1.78631682029043
0.09055,0.999998622331303,51.2059913414567,0.786550382401983,1.78631682029043
0.0906,0.999998622778357,51.2059723927164,0.786550382401983,1.78631682029043
0.09065,0.999998623225207,51.2059876414952,0.786550382401983,1.78631682029043
0.0907,0.999998623671957,51.2059714579584,0.786550382401983,1.78631682029043
0.09075,0.999998624118605,51.2059864459136,0.786550382401983,1.78631682029043
0.0908,0.999998624565077,51.2059697406198,0.786550382401983,1.78631682029043
0.09085,0.999998625011511,51.2059835408694,0.786550382401983,1.78631682029043
0.0909,0.99999862545781,51.2059705663589,0.786550382401983,1.78631682029043
0.09095,0.999998625904004,51.2059800414953,0.786550382401983,1.78631682029043
0.091,0.999998626350173,51.2059684333959,0.786550397482563,1.78631126873952
0.09105,0.999998626796202,51.2059817856223,0.786550397482563,1.78631126873952
0.0911,0.999998627242277,51.2059622586803,0.786550397482563,1.78631126873952
0.09115,0.999998627688342,51.2059828620849,0.786550397482563,1.78631126873952
0.0912,0.99999862813427,51.2059624332702,0.786550397482563,1.78631126873952
0.09125,0.999998628580226,51.2059749502904,0.786550397482563,1.78631126873952
0.0913,0.999998629026109,51.2059687217688,0.786550397482563,1.78631126873952
0.09135,0.999998629471965,51.2059684673654,0.786550397482563,1.78631126873952
0.0914,0.999998629917857,51.2059655300711,0.786550397482563,1.78631126873952
0.09145,0.999998630363681,51.2059748721855,0.786550397482563,1.78631126873952
0.0915,0.999998630809553,51.2059536022765,0.786550397482563,1.78631126873952
0.09155,0.999998631255439,51.2059798352916,0.786550397482563,1.78631126873952
0.0916,0.999998631701304,51.2059537764418,0.786550397482563,1.78631126873952
0.09165,0.999998632147264,51.2059680968472,0.786550397482563,1.78631126873952
0.0917,0.999998632593216,51.2059656499144,0.786550397482563,1.78631126873952
0.09175,0.999998633039224,51.2059572914504,0.786550397482563,1.78631126873952
0.0918,0.999998633485329,51.2059631734522,0.786550397482563,1.78631126873952
0.09185,0.999998633931441,51.2059670400516,0.786550397482563,1.78631126873952
0.0919,0.999998634377678,51.2059455505167,0.786550397482563,1.78631126873952
0.09195,0.999998634823992,51.2059770994819,0.786550397482563,1.78631126873952
0.092,0.999998635270367,51.2059438329584,0.786550412645204,1.78630294902213
0.09205,0.999998635716904,51.2059629925065,0.786550412645204,1.78630294902213
0.0921,0.999998636163577,51.2059609287769,0.786550412645204,1.78630294902213
0.09215,0.999998636610424,51.2059468963035,0.786550412645204,1.78630294902213
0.0922,0.999998637057395,51.2059609439335,0.786550412645204,1.78630294902213
0.09225,0.999998637504454,51.2059583476564,0.786550412645204,1.78630294902213
0.0923,0.999998637951713,51.2059382600969,0.786550412645204,1.78630294902213
0.09235,0.999998638399115,51.2059741987629,0.786550412645204,1.78630294902213
0.0924,0.999998638846663,51.2059330977811,0.786550412645204,1.78630294902213
0.09245,0.999998639294439,51.2059594879739,0.786550412645204,1.78630294902213
0.0925,0.999998639742355,51.2059546114454,0.786550412645204,1.78630294902213
0.09255,0.999998640190488,51.2059375647725,0.786550412645204,1.78630294902213
0.0926,0.999998640638846,51.2059587288217,0.786550412645204,1.78630294902213
0.09265,0.999998641087374,51.2059488538511,0.786550412645204,1.78630294902213
0.0927,0.999998641536173,51.2059321328586,0.786550412645204,1.78630294902213
0.09275,0.999998641985184,51.2059706275702,0.786550412645204,1.78630294902213
0.0928,0.999998642434425,51.2059221776169,0.786550412645204,1.78630294902213
0.09285,0.999998642883959,51.2059569954284,0.786550412645204,1.78630294902213
0.0929,0.99999864333371,51.2059469273793,0.786550412645204,1.78630294902213
0.09295,0.999998643783756,51.2059291954123,0.786550412645204,1.78630294902213
0.093,0.99999864423409,51.205956432942,0.786550427888103,1.78630071181179
0.09305,0.999998644684678,51.2059384024981,0.786550427888103,1.78630071181179
0.0931,0.999998645135678,51.2059274695453,0.786550427888103,1.78630071181179
0.09315,0.999998645586996,51.2059656849088,0.786550427888103,1.78630071181179
0.0932,0.99999864603859,51.2059118338304,0.786550427888103,1.78630071181179
0.09325,0.999998646490539,51.2059547849627,0.786550427888103,1.78630071181179
0.0933,0.999998646942784,51.2059383361628,0.786550427888103,1.78630071181179
0.09335,0.999998647395397,51.2059215702765,0.786550427888103,1.78630071181179
0.0934,0.999998647848364,51.2059541067643,0.786550427888103,1.78630071181179
0.09345,0.999998648301665,51.2059269519228,0.786550427888103,1.78630071181179
0.0935,0.99999864875537,51.2059245527811,0.786550427888103,1.78630071181179
0.09355,0.99999864920943,51.2059588550281,0.786550427888103,1.78630071181179
0.0936,0.999998649663877,51.205902800901,0.786550427888103,1.78630071181179
0.09365,0.999998650118741,51.20595216545,0.786550427888103,1.78630071181179
0.0937,0.999998650573978,51.2059293617526,0.786550427888103,1.78630071181179
0.09375,0.999998651029651,51.2059144981495,0.786550427888103,1.78630071181179
0.0938,0.999998651485742,51.2059516979666,0.786550427888103,1.78630071181179
0.09385,0.999998651942245,51.2059145924237,0.786550427888103,1.78630071181179
0.0939,0.999998652399213,51.2059233844391,0.786550427888103,1.78630071181179
0.09395,0.999998652856605,51.2059498625218,0.786550427888103,1.78630071181179
0.094,0.999998653314456,51.2058954840108,0.78655044320946,1.78629082616902
0.09405,0.999998653772784,51.2059485458498,0.78655044320946,1.78629082616902
0.0941,0.999998654231632,51.2059203158037,0.78655044320946,1.78629082616902
0.09415,0.999998654691015,51.2059078302453,0.78655044320946,1.78629082616902
0.0942,0.999998655150843,51.2059489471929,0.78655044320946,1.78629082616902
0.09425,0.999998655611156,51.2059016404818,0.78655044320946,1.78629082616902
0.0943,0.99999865607199,51.2059235928919,0.78655044320946,1.78629082616902
0.09435,0.999998656533318,51.2059387799862,0.78655044320946,1.78629082616902
0.0944,0.999998656995169,51.20589009843,0.78655044320946,1.78629082616902
0.09445,0.999998657457554,51.2059438000114,0.78655044320946,1.78629082616902
0.0945,0.999998657920456,51.2059114535302,0.78655044320946,1.78629082616902
0.09455,0.999998658383912,51.2059017632718,0.78655044320946,1.78629082616902
0.0946,0.999998658847911,51.2059455551608,0.78655044320946,1.78629082616902
0.09465,0.999998659312459,51.2058888112408,0.78655044320946,1.78629082616902
0.0947,0.99999865977758,51.2059246304216,0.78655044320946,1.78629082616902
0.09475,0.99999866024326,51.2059261936797,0.78655044320946,1.78629082616902
0.0948,0.999998660709519,51.20588634152,0.78655044320946,1.78629082616902
0.09485,0.999998661176364,51.205937934719,0.78655044320946,1.78629082616902
0.0949,0.999998661643792,51.2059026695878,0.78655044320946,1.78629082616902
0.09495,0.999998662111821,51.2058964723207,0.78655044320946,1.78629082616902
0.095,0.999998662580451,51.2059409365808,0.786550458607471,1.78628815852524
0.09505,0.999998663049687,51.2058768056865,0.786550458607471,1.78628815852524
0.0951,0.999998663519615,51.20592557279,0.786550458607471,1.78628815852524
0.09515,0.999998663990199,51.2059127850758,0.786550458607471,1.78628815852524
0.0952,0.999998664461373,51.2058836976032,0.786550458607471,1.78628815852524
0.09525,0.999998664933183,51.2059311958365,0.786550458607471,1.78628815852524
0.0953,0.999998665405632,51.2058937984975,0.786550458607471,1.78628815852524
0.09535,0.999998665878723,51.2058921856918,0.786550458607471,1.78628815852524
0.0954,0.999998666352469,51.2059346438322,0.786550458607471,1.78628815852524
0.09545,0.999998666826869,51.2058663857909,0.786550458607471,1.78628815852524
0.0955,0.999998667301929,51.2059255793289,0.786550458607471,1.78628815852524
0.09555,0.999998667777662,51.2058993924054,0.786550458607471,1.78628815852524
0.0956,0.99999866825406,51.2058816161582,0.786550458607471,1.78628815852524
0.09565,0.999998668731139,51.2059239080154,0.786550458607471,1.78628815852524
0.0957,0.999998669208903,51.2058847653521,0.786550458607471,1.78628815852524
0.09575,0.999998669687345,51.2058890254966,0.786550458607471,1.78628815852524
0.0958,0.999998670166489,51.2059264023216,0.786550458607471,1.78628815852524
0.09585,0.999998670646325,51.2058580425213,0.786550458607471,1.78628815852524
0.0959,0.999998671126856,51.2059239602377,0.786550458607471,1.78628815852524
0.09595,0.999998671608105,51.2058866782121,0.786550458607471,1.78628815852524
0.096,0.999998672090049,51.2058795674279,0.786550474080318,1.78628126604531
0.09605,0.999998672572713,51.2059162118155,0.786550474080318,1.78628126604531
0.0961,0.999998673056174,51.2058755943867,0.786550474080318,1.78628126604531
0.09615,0.999998673540377,51.2058867778458,0.786550474080318,1.78628126604531
0.0962,0.999998674025286,51.2059162565673,0.786550474080318,1.78628126604531
0.09625,0.999998674510915,51.2058518873699,0.786550474080318,1.78628126604531
0.0963,0.999998674997269,51.2059203411627,0.786550474080318,1.78628126604531
0.09635,0.999998675484378,51.2058750213611,0.786550474080318,1.78628126604531
0.0964,0.999998675972203,51.2058773524194,0.786550474080318,1.78628126604531
0.09645,0.999998676460781,51.2059081867769,0.786550474080318,1.78628126604531
0.0965,0.999998676950109,51.2058666487015,0.786550474080318,1.78628126604531
0.09655,0.999998677440163,51.2058850610707,0.786550474080318,1.78628126604531
0.0966,0.999998677930992,51.2059047176614,0.786550474080318,1.78628126604531
0.09665,0.999998678422557,51.2058477400941,0.786550474080318,1.78628126604531
0.0967,0.999998678914872,51.2059148213821,0.786550474080318,1.78628126604531
0.09675,0.999998679407966,51.2058646010428,0.786550474080318,1.78628126604531
0.0968,0.99999867990179,51.2058748785498,0.786550474080318,1.78628126604531
0.09685,0.999998680396392,51.205899636096,0.786550474080318,1.78628126604531
0.0969,0.999998680891759,51.2058583444145,0.786550474080318,1.78628126604531
0.09695,0.999998681387866,51.2058831775213,0.786550474080318,1.78628126604531
0.097,0.99999868188477,51.2058924260745,0.786550489626162,1.78627591327295
0.09705,0.999998682382418,51.2058449858551,0.786550489626162,1.78627591327295
0.0971,0.999998682880906,51.2059076538505,0.786550489626162,1.78627591327295
0.09715,0.999998683380225,51.2058552459162,0.786550489626162,1.78627591327295
0.0972,0.999998683880241,51.2058721931171,0.786550489626162,1.78627591327295
0.09725,0.999998684381053,51.2058903257717,0.786550489626162,1.78627591327295
0.0973,0.999998684882635,51.2058511277555,0.786550489626162,1.78627591327295
0.09735,0.999998685384964,51.2058804040536,0.786550489626162,1.78627591327295
0.0974,0.999998685888102,51.2058802348039,0.786550489626162,1.78627591327295
0.09745,0.999998686391982,51.2058429979763,0.786550489626162,1.78627591327295
0.0975,0.999998686896638,51.2058993454585,0.786550489626162,1.78627591327295
0.09755,0.99999868740209,51.2058468215777,0.786550489626162,1.78627591327295
0.0976,0.999998687908274,51.2058694187304,0.786550489626162,1.78627591327295
0.09765,0.999998688415262,51.2058801976351,0.786550489626162,1.78627591327295
0.0977,0.999998688923012,51.2058453763277,0.786550489626162,1.78627591327295
0.09775,0.999998689431509,51.2058762429448,0.786550489626162,1.78627591327295
0.0978,0.999998689940817,51.2058688061675,0.786550489626162,1.78627591327295
0.09785,0.999998690450854,51.2058411137164,0.786550489626162,1.78627591327295
0.0979,0.99999869096167,51.2058902898404,0.786550489626162,1.78627591327295
0.09795,0.999998691473273,51.2058391651454,0.786550489626162,1.78627591327295
0.098,0.999998691985596,51.2058664381527,0.786550505243136,1.78627134500001
0.09805,0.999998692498723,51.205869307624,0.786550505243136,1.78627134500001
0.0981,0.999998693012669,51.2058410796154,0.786550505243136,1.78627134500001
0.09815,0.999998693527391,51.2058703858241,0.786550505243136,1.78627134500001
0.0982,0.999998694042877,51.2058585564974,0.786550505243136,1.78627134500001
0.09825,0.999998694559073,51.2058388668349,0.786550505243136,1.78627134500001
0.0983,0.999998695076042,51.2058807475968,0.786550505243136,1.78627134500001
0.09835,0.999998695593777,51.2058322579653,0.786550505243136,1.78627134500001
0.0984,0.999998696112215,51.2058630528399,0.786550505243136,1.78627134500001
0.09845,0.999998696631446,51.2058580682273,0.786550505243136,1.78627134500001
0.0985,0.999998697151394,51.2058380070943,0.786550505243136,1.78627134500001
0.09855,0.999998697672067,51.2058629594489,0.786550505243136,1.78627134500001
0.0986,0.99999869819352,51.2058496715656,0.786550505243136,1.78627134500001
0.09865,0.999998698715655,51.2058360861959,0.786550505243136,1.78627134500001
0.0987,0.999998699238547,51.2058708918498,0.786550505243136,1.78627134500001
0.09875,0.999998699762175,51.2058262667371,0.786550505243136,1.78627134500001
0.0988,0.99999870028648,51.2058588549663,0.786550505243136,1.78627134500001
0.09885,0.999998700811557,51.2058470055486,0.786550505243136,1.78627134500001
0.0989,0.999998701337314,51.2058356084167,0.786550505243136,1.78627134500001
0.09895,0.999998701863776,51.2058542900962,0.786550505243136,1.78627134500001
0.099,0.999998702390985,51.2058419917515,0.786550520929346,1.78626624358799
0.09905,0.99999870291884,51.2058326784874,0.786550520929346,1.78626624358799
0.0991,0.999998703447504,51.2058607113718,0.786550520929346,1.78626624358799
0.09915,0.999998703976899,51.2058212884758,0.786550520929346,1.78626624358799
0.0992,0.999998704506905,51.2058534251835,0.786550520929346,1.78626624358799
0.09925,0.99999870503765,51.2058366909254,0.786550520929346,1.78626624358799
0.0993,0.999998705569031,51.2058332354737,0.786550520929346,1.78626624358799
0.09935,0.999998706101088,51.2058448376337,0.786550520929346,1.78626624358799
0.0994,0.99999870663385,51.2058353417962,0.786550520929346,1.78626624358799
0.09945,0.999998707167217,51.205828713841,0.786550520929346,1.78626624358799
0.0995,0.999998707701286,51.2058503271639,0.786550520929346,1.78626624358799
0.09955,0.999998708235998,51.2058174143752,0.786550520929346,1.78626624358799
0.0996,0.999998708771321,51.2058465655353,0.786550520929346,1.78626624358799
0.09965,0.999998709307341,51.2058276434631,0.786550520929346,1.78626624358799
0.0997,0.999998709843946,51.2058303928464,0.786550520929346,1.78626624358799
0.09975,0.999998710381192,51.2058351065418,0.786550520929346,1.78626624358799
0.0998,0.999998710919089,51.2058294805507,0.786550520929346,1.78626624358799
0.09985,0.999998711457545,51.2058241215917,0.786550520929346,1.78626624358799
0.0999,0.99999871199666,51.2058399122073,0.786550520929346,1.78626624358799
0.09995,0.999998712536361,51.2058144411018,0.786550520929346,1.78626624358799
0.1,0.999998713076631,51.2058382197145,0.786550536682868,1.78625941623794
0.10005,0.999998713617546,51.2058200174142,0.786550536682868,1.78625941623794
0.1001,0.999998714159064,51.2058266731783,0.786550536682868,1.78625941623794
0.10015,0.999998714701217,51.2058253509389,0.786550536682868,1.78625941623794
0.1002,0.999998715243923,51.205824262302,0.786550536682868,1.78625941623794
0.10025,0.999998715787138,51.205818715824,0.786550536682868,1.78625941623794
0.1003,0.999998716330961,51.2058297991407,0.786550536682868,1.78625941623794
0.10035,0.999998716875307,51.2058119258178,0.786550536682868,1.78625941623794
0.1004,0.999998717420173,51.2058287522408,0.786550536682868,1.78625941623794
0.10045,0.999998717965624,51.2058138145087,0.786550536682868,1.78625941623794
0.1005,0.999998718511543,51.2058220405429,0.786550536682868,1.78625941623794
0.10055,0.999998719058009,51.2058157904332,0.786550536682868,1.78625941623794
0.1006,0.999998719604997,51.2058197498133,0.786550536682868,1.78625941623794
0.10065,0.999998720152438,51.2058123281253,0.786550536682868,1.78625941623794
0.1007,0.999998720700429,51.2058205321706,0.786550536682868,1.78625941623794
0.10075,0.999998721248873,51.2058093587436,0.786550536682868,1.78625941623794
0.1008,0.999998721797786,51.2058186310897,0.786550536682868,1.78625941623794
0.10085,0.999998722347213,51.2058086996971,0.786550536682868,1.78625941623794
0.1009,0.999998722897046,51.2058165339765,0.786550536682868,1.78625941623794
0.10095,0.999998723447367,51.2058064301062,0.786550536682868,1.78625941623794
0.101,0.999998723998137,51.2058159195283,0.78655055250175,1.78625939180693
0.10105,0.999998724549302,51.2058047118687,0.78655055250175,1.78625939180693
0.1011,0.999998725101025,51.205812521997,0.78655055250175,1.78625939180693
0.10115,0.999998725653166,51.2058061118577,0.78655055250175,1.78625939180693
0.1012,0.99999872620568,51.2058084258929,0.78655055250175,1.78625939180693
0.10125,0.999998726758635,51.2058042867366,0.78655055250175,1.78625939180693
0.1013,0.999998727311928,51.2058102912043,0.78655055250175,1.78625939180693
0.10135,0.999998727865646,51.2057973193854,0.78655055250175,1.78625939180693
0.1014,0.999998728419736,51.2058126923944,0.78655055250175,1.78625939180693
0.10145,0.999998728974158,51.2057958148186,0.78655055250175,1.78625939180693
0.1015,0.999998729528992,51.2058060397825,0.78655055250175,1.78625939180693
0.10155,0.999998730084132,51.2058017415287,0.78655055250175,1.78625939180693
0.1016,0.99999873063962,51.2057986109304,0.78655055250175,1.78625939180693
0.10165,0.99999873119547,51.2058002479156,0.78655055250175,1.78625939180693
0.1017,0.99999873175159,51.2058033910315,0.78655055250175,1.78625939180693
0.10175,0.999998732308066,51.2057886185458,0.78655055250175,1.78625939180693
0.1018,0.999998732864834,51.2058098018233,0.78655055250175,1.78625939180693
0.10185,0.999998733421872,51.205785842063,0.78655055250175,1.78625939180693
0.1019,0.999998733979242,51.2058010691686,0.78655055250175,1.78625939180693
0.10195,0.999998734536845,51.2057960709441,0.78655055250175,1.78625939180693
0.102,0.99999873509473,51.2057894101386,0.786550568384024,1.78625153738032
0.10205,0.999998735652893,51.2057963679551,0.786550568384024,1.78625153738032
0.1021,0.999998736211336,51.2057957476123,0.786550568384024,1.78625153738032
0.10215,0.999998736770099,51.2057805972599,0.786550568384024,1.78625153738032
0.1022,0.999998737329036,51.2058067365627,0.786550568384024,1.78625153738032
0.10225,0.999998737888177,51.2057752345948,0.786550568384024,1.78625153738032
0.1023,0.999998738447571,51.2057972499953,0.786550568384024,1.78625153738032
0.10235,0.999998739007124,51.2057891809165,0.786550568384024,1.78625153738032
0.1024,0.999998739566889,51.2057809369188,0.786550568384024,1.78625153738032
0.10245,0.999998740126851,51.2057927182242,0.786550568384024,1.78625153738032
0.1025,0.999998740686948,51.2057872885422,0.786550568384024,1.78625153738032
0.10255,0.999998741247252,51.2057737436003,0.786550568384024,1.78625153738032
0.1026,0.999998741807688,51.2058029762245,0.786550568384024,1.78625153738032
0.10265,0.999998742368261,51.2057647309103,0.786550568384024,1.78625153738032
0.1027,0.999998742929004,51.2057941205566,0.786550568384024,1.78625153738032
0.10275,0.999998743489835,51.205781479204,0.786550568384024,1.78625153738032
0.1028,0.999998744050806,51.2057730177609,0.786550568384024,1.78625153738032
0.10285,0.999998744611891,51.2057893198483,0.786550568384024,1.78625153738032
0.1029,0.999998745173044,51.205777813266,0.786550568384024,1.78625153738032
0.10295,0.999998745734325,51.2057683881828,0.786550568384024,1.78625153738032
0.103,0.999998746295662,51.2057979012935,0.78655058432771,1.78625275793325
0.10305,0.999998746857068,51.2057549798678,0.78655058432771,1.78625275793325
0.1031,0.999998747418638,51.2057910370326,0.78655058432771,1.78625275793325
0.10315,0.999998747980262,51.2057733336253,0.78655058432771,1.78625275793325
0.1032,0.999998748541917,51.2057654974303,0.78655058432771,1.78625275793325
0.10325,0.999998749103606,51.2057861953169,0.78655058432771,1.78625275793325
0.1033,0.999998749665297,51.2057673003502,0.78655058432771,1.78625275793325
0.10335,0.999998750227037,51.2057647252098,0.78655058432771,1.78625275793325
0.1034,0.99999875078876,51.205791108556,0.78655058432771,1.78625275793325
0.10345,0.999998751350484,51.2057464952576,0.78655058432771,1.78625275793325
0.1035,0.999998751912216,51.2057874897278,0.78655058432771,1.78625275793325
0.10355,0.999998752473899,51.2057650517636,0.78655058432771,1.78625275793325
0.1036,0.999998753035578,51.2057583040679,0.78655058432771,1.78625275793325
0.10365,0.999998753597214,51.2057831898857,0.78655058432771,1.78625275793325
0.1037,0.999998754158789,51.2057559502115,0.78655058432771,1.78625275793325
0.10375,0.999998754720335,51.2057626329109,0.78655058432771,1.78625275793325
0.1038,0.999998755281796,51.2057825321832,0.78655058432771,1.78625275793325
0.10385,0.999998755843192,51.2057395255842,0.78655058432771,1.78625275793325
0.1039,0.999998756404519,51.2057832188869,0.78655058432771,1.78625275793325
0.10395,0.999998756965735,51.2057567803254,0.78655058432771,1.78625275793325
0.104,0.999998757526875,51.2057515232884,0.786550600330824,1.78624623145097
0.10405,0.999998758087902,51.2057799306494,0.786550600330824,1.78624623145097
0.1041,0.999998758648883,51.2057442181481,0.786550600330824,1.78624623145097
0.10415,0.999998759209799,51.2057616521176,0.786550600330824,1.78624623145097
0.1042,0.999998759770531,51.2057724147497,0.786550600330824,1.78624623145097
0.10425,0.999998760331132,51.2057339644209,0.786550600330824,1.78624623145097
0.1043,0.999998760891594,51.2057781831064,0.786550600330824,1.78624623145097
0.10435,0.999998761451888,51.2057484441698,0.786550600330824,1.78624623145097
0.1044,0.999998762012036,51.2057454820262,0.786550600330824,1.78624623145097
0.10445,0.999998762572008,51.205775994842,0.786550600330824,1.78624623145097
0.1045,0.9999987631318,51.2057328421838,0.786550600330824,1.78624623145097
0.10455,0.999998763691421,51.2057611785458,0.786550600330824,1.78624623145097
0.1046,0.999998764250838,51.205761365693,0.786550600330824,1.78624623145097
0.10465,0.999998764810062,51.205729553876,0.786550600330824,1.78624623145097
0.1047,0.999998765369084,51.2057726229704,0.786550600330824,1.78624623145097
0.10475,0.999998765927884,51.2057399599303,0.786550600330824,1.78624623145097
0.1048,0.999998766486474,51.2057404386638,0.786550600330824,1.78624623145097
0.10485,0.999998767044833,51.2057708396266,0.786550600330824,1.78624623145097
0.1049,0.999998767602955,51.2057224905378,0.786550600330824,1.78624623145097
0.10495,0.999998768160845,51.2057604281012,0.786550600330824,1.78624623145097
0.105,0.99999876871848,51.2057499897025,0.786550616391393,1.78624490087418
0.10505,0.999998769275865,51.2057258321228,0.786550616391393,1.78624490087418
0.1051,0.999998769833068,51.2057667143391,0.786550616391393,1.78624490087418
0.10515,0.999998770390039,51.2057311770742,0.786550616391393,1.78624490087418
0.1052,0.999998770946703,51.2057365661411,0.786550616391393,1.78624490087418
0.10525,0.999998771503088,51.2057641082572,0.786550616391393,1.78624490087418
0.1053,0.999998772059187,51.2057137082477,0.786550616391393,1.78624490087418
0.10535,0.999998772614998,51.2057587601947,0.786550616391393,1.78624490087418
0.1054,0.999998773170512,51.2057388756558,0.786550616391393,1.78624490087418
0.10545,0.999998773725724,51.2057224533819,0.786550616391393,1.78624490087418
0.1055,0.99999877428063,51.2057605959394,0.786550616391393,1.78624490087418
0.10555,0.999998774835224,51.2057221616464,0.786550616391393,1.78624490087418
0.1056,0.999998775389497,51.205733820327,0.786550616391393,1.78624490087418
0.10565,0.999998775943452,51.2057557533404,0.786550616391393,1.78624490087418
0.1057,0.999998776497076,51.2057067664058,0.786550616391393,1.78624490087418
0.10575,0.999998777050366,51.2057558116514,0.786550616391393,1.78624490087418
0.1058,0.999998777603324,51.2057283863407,0.786550616391393,1.78624490087418
0.10585,0.999998778155932,51.2057192188664,0.786550616391393,1.78624490087418
0.1059,0.999998778708199,51.2057542127476,0.786550616391393,1.78624490087418
0.10595,0.999998779260116,51.205713176806,0.786550616391393,1.78624490087418
0.106,0.99999877981167,51.2057318369936,0.78655063250746,1.78624182930783
0.10605,0.999998780362874,51.2057460257879,0.78655063250746,1.78624182930783
0.1061,0.999998780913786,51.2057015552062,0.78655063250746,1.78624182930783
0.10615,0.999998781464366,51.2057514933417,0.78655063250746,1.78624182930783
0.1062,0.999998782014547,51.2057186308589,0.78655063250746,1.78624182930783
0.10625,0.999998782564341,51.2057161089183,0.78655063250746,1.78624182930783
0.1063,0.999998783113766,51.205747341883,0.78655063250746,1.78624182930783
0.10635,0.999998783662811,51.2057046562626,0.78655063250746,1.78624182930783
0.1064,0.999998784211459,51.2057300823094,0.78655063250746,1.78624182930783
0.10645,0.999998784759737,51.2057355036323,0.78655063250746,1.78624182930783
0.1065,0.999998785307613,51.2056977319682,0.78655063250746,1.78624182930783
0.10655,0.999998785855094,51.2057460252499,0.78655063250746,1.78624182930783
0.1066,0.999998786402194,51.2057095779222,0.78655063250746,1.78624182930783
0.10665,0.999998786948876,51.2057132592005,0.78655063250746,1.78624182930783
0.1067,0.999998787495171,51.2057397469508,0.78655063250746,1.78624182930783
0.10675,0.999998788041064,51.2056971277392,0.78655063250746,1.78624182930783
0.1068,0.999998788586537,51.2057278919367,0.78655063250746,1.78624182930783
0.10685,0.999998789131626,51.2057248363118,0.78655063250746,1.78624182930783
0.1069,0.999998789676289,51.2056947597005,0.78655063250746,1.78624182930783
0.10695,0.999998790220543,51.205739703083,0.78655063250746,1.78624182930783
0.107,0.999998790764401,51.2057010683571,0.786550648677092,1.78623920137168
0.10705,0.999998791307822,51.2057107288908,0.786550648677092,1.78623920137168
0.1071,0.999998791850925,51.2057312119603,0.786550648677092,1.78623920137168
0.10715,0.999998792393647,51.2056909486723,0.786550648677092,1.78623920137168
0.1072,0.9999987929359,51.2057246990628,0.786550648677092,1.78623920137168
0.10725,0.999998793477763,51.2057146231517,0.786550648677092,1.78623920137168
0.1073,0.999998794019185,51.2056921240936,0.786550648677092,1.78623920137168
0.10735,0.999998794560195,51.2057328065535,0.786550648677092,1.78623920137168
0.1074,0.999998795100802,51.2056930635938,0.786550648677092,1.78623920137168
0.10745,0.999998795640962,51.2057084987523,0.786550648677092,1.78623920137168
0.1075,0.99999879618073,51.2057217823136,0.786550648677092,1.78623920137168
0.10755,0.999998796720071,51.2056862880101,0.786550648677092,1.78623920137168
0.1076,0.999998797258979,51.2057202137242,0.786550648677092,1.78623920137168
0.10765,0.999998797797499,51.2057053055699,0.786550648677092,1.78623920137168
0.1077,0.999998798335573,51.2056894960622,0.786550648677092,1.78623920137168
0.10775,0.999998798873242,51.205725530051,0.786550648677092,1.78623920137168
0.1078,0.999998799410509,51.2056856204764,0.786550648677092,1.78623920137168
0.10785,0.999998799947329,51.2057063134576,0.786550648677092,1.78623920137168
0.1079,0.999998800483767,51.2057117153957,0.786550648677092,1.78623920137168
0.10795,0.999998801019779,51.2056829758009,0.786550648677092,1.78623920137168
0.108,0.999998801555367,51.2057143806973,0.786550664898388,1.78623610226907
0.10805,0.999998802090579,51.2056970178391,0.786550664898388,1.78623610226907
0.1081,0.999998802625424,51.2056866765406,0.786550664898388,1.78623610226907
0.10815,0.99999880315992,51.205717873453,0.786550664898388,1.78623610226907
0.1082,0.999998803693983,51.205678920078,0.786550664898388,1.78623610226907
0.10825,0.999998804227611,51.205703761401,0.786550664898388,1.78623610226907
0.1083,0.999998804760878,51.2057014717058,0.786550664898388,1.78623610226907
0.10835,0.999998805293726,51.2056805956136,0.786550664898388,1.78623610226907
0.1084,0.999998805826171,51.2057074558265,0.786550664898388,1.78623610226907
0.10845,0.999998806358257,51.2056897472035,0.786550664898388,1.78623610226907
0.1085,0.999998806889913,51.2056836664446,0.786550664898388,1.78623610226907
0.10855,0.999998807421208,51.2057098245602,0.786550664898388,1.78623610226907
0.1086,0.999998807952124,51.2056732250458,0.786550664898388,1.78623610226907
0.10865,0.999998808482627,51.2057004345119,0.786550664898388,1.78623610226907
0.1087,0.999998809012795,51.2056916342222,0.786550664898388,1.78623610226907
0.10875,0.999998809542561,51.2056786572432,0.786550664898388,1.78623610226907
0.1088,0.999998810071956,51.2056997733707,0.786550664898388,1.78623610226907
0.10885,0.999998810601015,51.205683328424,0.786550664898388,1.78623610226907
0.1089,0.999998811129668,51.2056804509539,0.786550664898388,1.78623610226907
0.10895,0.999998811657995,51.205701360956,0.786550664898388,1.78623610226907
0.109,0.999998812185965,51.205668650705,0.786550681169481,1.78623585992681
0.10905,0.999998812713555,51.2056959829792,0.786550681169481,1.78623585992681
0.1091,0.99999881324092,51.2056826525808,0.786550681169481,1.78623585992681
0.10915,0.999998813767948,51.2056766607162,0.786550681169481,1.78623585992681
0.1092,0.999998814294606,51.2056916697284,0.786550681169481,1.78623585992681
0.10925,0.999998814820958,51.2056776328666,0.786550681169481,1.78623585992681
0.1093,0.999998815346938,51.205676956911,0.786550681169481,1.78623585992681
0.10935,0.999998815872634,51.205692617214,0.786550681169481,1.78623585992681
0.1094,0.999998816398002,51.2056651296995,0.786550681169481,1.78623585992681
0.10945,0.999998816923033,51.205690300926,0.786550681169481,1.78623585992681
0.1095,0.999998817447803,51.2056747904367,0.786550681169481,1.78623585992681
0.10955,0.999998817972229,51.2056742825382,0.786550681169481,1.78623585992681
0.1096,0.999998818496374,51.2056833709846,0.786550681169481,1.78623585992681
0.10965,0.999998819020249,51.2056726327211,0.786550681169481,1.78623585992681
0.1097,0.999998819543794,51.2056729894076,0.786550681169481,1.78623585992681
0.10975,0.999998820067103,51.2056839097484,0.786550681169481,1.78623585992681
0.1098,0.999998820590122,51.2056623543232,0.786550681169481,1.78623585992681
0.10985,0.999998821112855,51.2056835400941,0.786550681169481,1.78623585992681
0.1099,0.999998821635371,51.2056680595619,0.786550681169481,1.78623585992681
0.10995,0.999998822157588,51.205671389745,0.786550681169481,1.78623585992681
0.11,0.999998822679576,51.2056749323364,0.786550697488534,1.78622959960562
0.11005,0.999998823201338,51.2056683572097,0.786550697488534,1.78622959960562
0.1101,0.9999988237229,51.2056682258447,0.786550697488534,1.78622959960562
0.11015,0.999998824244317,51.2056756464515,0.786550697488534,1.78622959960562
0.1102,0.99999882476545,51.205659812213,0.786550697488534,1.78622959960562
0.11025,0.999998825286357,51.2056760278508,0.786550697488534,1.78622959960562
0.1103,0.999998825807096,51.2056622479042,0.786550697488534,1.78622959960562
0.11035,0.999998826327586,51.2056679654599,0.786550697488534,1.78622959960562
0.1104,0.99999882684791,51.2056664342203,0.786550697488534,1.78622959960562
0.11045,0.999998827368054,51.2056649491127,0.786550697488534,1.78622959960562
0.1105,0.999998827887981,51.2056624519722,0.786550697488534,1.78622959960562
0.11055,0.999998828407782,51.2056683337811,0.786550697488534,1.78622959960562
0.1106,0.999998828927388,51.2056570470555,0.786550697488534,1.78622959960562
0.11065,0.999998829446832,51.205668253158,0.786550697488534,1.78622959960562
0.1107,0.999998829966162,51.2056571647097,0.786550697488534,1.78622959960562
0.11075,0.999998830485302,51.2056641133218,0.786550697488534,1.78622959960562
0.1108,0.99999883100434,51.2056578921857,0.786550697488534,1.78622959960562
0.11085,0.99999883152325,51.2056623406277,0.786550697488534,1.78622959960562
0.1109,0.999998832042009,51.2056555025224,0.786550697488534,1.78622959960562
0.11095,0.999998832560703,51.2056622280918,0.786550697488534,1.78622959960562
0.111,0.999998833079259,51.2056536192525,0.786550713853741,1.78622994394976
0.11105,0.999998833597722,51.2056605353165,0.786550713853741,1.78622994394976
0.1111,0.999998834116205,51.2056525790515,0.786550713853741,1.78622994394976
0.11115,0.999998834634602,51.2056597652776,0.786550713853741,1.78622994394976
0.1112,0.999998835152925,51.2056494914168,0.786550713853741,1.78622994394976
0.11125,0.999998835671178,51.2056602970867,0.786550713853741,1.78622994394976
0.1113,0.99999883618935,51.2056474975513,0.786550713853741,1.78622994394976
0.11135,0.99999883670752,51.2056573611246,0.786550713853741,1.78622994394976
0.1114,0.999998837225614,51.2056493475443,0.786550713853741,1.78622994394976
0.11145,0.999998837743689,51.2056530400888,0.786550713853741,1.78622994394976
0.1115,0.999998838261765,51.2056484304173,0.786550713853741,1.78622994394976
0.11155,0.999998838779786,51.2056547436417,0.786550713853741,1.78622994394976
0.1116,0.999998839297841,51.2056415821066,0.786550713853741,1.78622994394976
0.11165,0.999998839815887,51.2056583555342,0.786550713853741,1.78622994394976
0.1117,0.999998840333927,51.2056388225493,0.786550713853741,1.78622994394976
0.11175,0.99999884085203,51.2056534770415,0.786550713853741,1.78622994394976
0.1118,0.999998841370123,51.2056443106043,0.786550713853741,1.78622994394976
0.11185,0.999998841888271,51.2056457429136,0.786550713853741,1.78622994394976
0.1119,0.999998842406483,51.2056448017021,0.786550713853741,1.78622994394976
0.11195,0.999998842924712,51.2056487710598,0.786550713853741,1.78622994394976
0.112,0.999998843443046,51.2056346009136,0.786550730263321,1.78622365809507
0.11205,0.999998843961436,51.2056558776549,0.786550730263321,1.78622365809507
0.1121,0.999998844479974,51.2056300273439,0.786550730263321,1.78622365809507
0.11215,0.999998844998678,51.2056500900608,0.786550730263321,1.78622365809507
0.1122,0.999998845517405,51.2056387345311,0.786550730263321,1.78622365809507
0.11225,0.999998846036263,51.2056384696799,0.786550730263321,1.78622365809507
0.1123,0.999998846555247,51.2056417917926,0.786550730263321,1.78622365809507
0.11235,0.999998847074326,51.2056415472083,0.786550730263321,1.78622365809507
0.1124,0.999998847593579,51.2056290578934,0.786550730263321,1.78622365809507
0.11245,0.999998848112954,51.2056523294115,0.786550730263321,1.78622365809507
0.1125,0.999998848632478,51.2056217857944,0.786550730263321,1.78622365809507
0.11255,0.999998849152193,51.2056467589642,0.786550730263321,1.78622365809507
0.1126,0.999998849672044,51.2056329804057,0.786550730263321,1.78622365809507
0.11265,0.999998850192098,51.2056311521129,0.786550730263321,1.78622365809507
0.1127,0.999998850712343,51.2056395077964,0.786550730263321,1.78622365809507
0.11275,0.99999885123276,51.2056330150439,0.786550730263321,1.78622365809507
0.1128,0.999998851753418,51.2056251759399,0.786550730263321,1.78622365809507
0.11285,0.999998852274268,51.2056472536683,0.786550730263321,1.78622365809507
0.1129,0.999998852795342,51.2056145261942,0.786550730263321,1.78622365809507
0.11295,0.999998853316672,51.2056430579497,0.786550730263321,1.78622365809507
0.113,0.999998853838211,51.205627194114,0.786550746715507,1.78622293188548
0.11305,0.999998854360024,51.2056237696024,0.786550746715507,1.78622293188548
0.1131,0.999998854882172,51.2056377462539,0.786550746715507,1.78622293188548
0.11315,0.999998855404606,51.2056232939481,0.786550746715507,1.78622293188548
0.1132,0.999998855927308,51.2056228961322,0.786550746715507,1.78622293188548
0.11325,0.999998856450271,51.2056405374414,0.786550746715507,1.78622293188548
0.1133,0.999998856973533,51.2056084306825,0.786550746715507,1.78622293188548
0.11335,0.999998857497112,51.2056388247036,0.786550746715507,1.78622293188548
0.1134,0.999998858020974,51.2056213651394,0.786550746715507,1.78622293188548
0.11345,0.999998858545179,51.2056165579613,0.786550746715507,1.78622293188548
0.1135,0.999998859069704,51.2056360980813,0.786550746715507,1.78622293188548
0.11355,0.999998859594551,51.2056128545537,0.786550746715507,1.78622293188548
0.1136,0.999998860119767,51.2056218281528,0.786550746715507,1.78622293188548
0.11365,0.999998860645313,51.2056324260674,0.786550746715507,1.78622293188548
0.1137,0.999998861171227,51.205603385706,0.786550746715507,1.78622293188548
0.11375,0.99999886169752,51.2056341585548,0.786550746715507,1.78622293188548
0.1138,0.999998862224167,51.2056152748761,0.786550746715507,1.78622293188548
0.11385,0.99999886275122,51.2056099192185,0.786550746715507,1.78622293188548
0.1139,0.999998863278657,51.2056339520437,0.786550746715507,1.78622293188548
0.11395,0.999998863806486,51.2056023873774,0.786550746715507,1.78622293188548
0.114,0.999998864334743,51.2056212917591,0.786550763208538,1.78621968483193
0.11405,0.999998864863397,51.2056234053057,0.786550763208538,1.78621968483193
0.1141,0.999998865392561,51.2055990218336,0.786550763208538,1.78621968483193
0.11415,0.999998865922202,51.205629297706,0.786550763208538,1.78621968483193
0.1142,0.999998866452228,51.2056085989181,0.786550763208538,1.78621968483193
0.11425,0.999998866982716,51.2056042955522,0.786550763208538,1.78621968483193
0.1143,0.999998867513651,51.2056306452634,0.786550763208538,1.78621968483193
0.11435,0.999998868045043,51.2055926373416,0.786550763208538,1.78621968483193
0.1144,0.999998868576917,51.205620569857,0.786550763208538,1.78621968483193
0.11445,0.999998869109253,51.2056141203975,0.786550763208538,1.78621968483193
0.1145,0.99999886964208,51.2055949500625,0.786550763208538,1.78621968483193
0.11455,0.999998870175399,51.2056245475816,0.786550763208538,1.78621968483193
0.1146,0.999998870709206,51.2056011278315,0.786550763208538,1.78621968483193
0.11465,0.999998871243528,51.2056000535546,0.786550763208538,1.78621968483193
0.1147,0.999998871778354,51.2056257145488,0.786550763208538,1.78621968483193
0.11475,0.999998872313697,51.2055842592748,0.786550763208538,1.78621968483193
0.1148,0.999998872849571,51.2056190020552,0.786550763208538,1.78621968483193
0.11485,0.999998873385967,51.2056050776127,0.786550763208538,1.78621968483193
0.1149,0.999998873922905,51.2055908286738,0.786550763208538,1.78621968483193
0.11495,0.999998874460388,51.2056200188595,0.786550763208538,1.78621968483193
0.115,0.999998874998414,51.2055927945022,0.786550779740653,1.78621591439297
0.11505,0.999998875537004,51.2055972180052,0.786550779740653,1.78621591439297
0.1151,0.999998876076229,51.205618935382,0.786550779740653,1.78621591439297
0.11515,0.999998876616061,51.2055775417336,0.786550779740653,1.78621591439297
0.1152,0.999998877156432,51.2056161939175,0.786550779740653,1.78621591439297
0.11525,0.999998877697378,51.2055965564851,0.786550779740653,1.78621591439297
0.1153,0.999998878238911,51.2055865311205,0.786550779740653,1.78621591439297
0.11535,0.999998878781035,51.2056155876441,0.786550779740653,1.78621591439297
0.1154,0.999998879323754,51.2055838967045,0.786550779740653,1.78621591439297
0.11545,0.999998879867075,51.2055955508505,0.786550779740653,1.78621591439297
0.1155,0.999998880411003,51.2056105332023,0.786550779740653,1.78621591439297
0.11555,0.999998880955541,51.2055724817636,0.786550779740653,1.78621591439297
0.1156,0.999998881500697,51.2056121380651,0.786550779740653,1.78621591439297
0.11565,0.999998882046475,51.2055886186801,0.786550779740653,1.78621591439297
0.1157,0.999998882592877,51.2055822234743,0.786550779740653,1.78621591439297
0.11575,0.999998883139912,51.2056109577273,0.786550779740653,1.78621591439297
0.1158,0.999998883687581,51.2055749260876,0.786550779740653,1.78621591439297
0.11585,0.999998884235888,51.2055944586481,0.786550779740653,1.78621591439297
0.1159,0.999998884784843,51.2056009979391,0.786550779740653,1.78621591439297
0.11595,0.999998885334442,51.2055686992375,0.786550779740653,1.78621591439297
0.116,0.999998885884694,51.2056070306362,0.786550796310076,1.78621356939518
0.11605,0.999998886435606,51.2055810481376,0.786550796310076,1.78621356939518
0.1161,0.999998886987249,51.2055781504517,0.786550796310076,1.78621356939518
0.11615,0.9999988875396,51.2056056499067,0.786550796310076,1.78621356939518
0.1162,0.999998888092579,51.2055665028653,0.786550796310076,1.78621356939518
0.11625,0.999998888646221,51.2055932125543,0.786550796310076,1.78621356939518
0.1163,0.999998889200547,51.2055910015845,0.786550796310076,1.78621356939518
0.11635,0.999998889755542,51.2055656523606,0.786550796310076,1.78621356939518
0.1164,0.999998890311217,51.205601261361,0.786550796310076,1.78621356939518
0.11645,0.999998890867583,51.2055736175039,0.786550796310076,1.78621356939518
0.1165,0.999998891424622,51.2055746118143,0.786550796310076,1.78621356939518
0.11655,0.999998891982358,51.2055992935309,0.786550796310076,1.78621356939518
0.1166,0.999998892540783,51.2055592184397,0.786550796310076,1.78621356939518
0.11665,0.999998893099893,51.2055911670484,0.786550796310076,1.78621356939518
0.1167,0.999998893659711,51.205581232193,0.786550796310076,1.78621356939518
0.11675,0.999998894220215,51.2055628420788,0.786550796310076,1.78621356939518
0.1168,0.999998894781419,51.2055951523725,0.786550796310076,1.78621356939518
0.11685,0.999998895343335,51.2055661468529,0.786550796310076,1.78621356939518
0.1169,0.999998895905935,51.2055717164697,0.786550796310076,1.78621356939518
0.11695,0.999998896469254,51.2055916915606,0.786550796310076,1.78621356939518
0.117,0.999998897033275,51.2055533764041,0.786550812915016,1.78621020764509
0.11705,0.999998897597992,51.2055878447291,0.786550812915016,1.78621020764509
0.1171,0.999998898163515,51.2055721385153,0.786550812915016,1.78621020764509
0.11715,0.999998898729768,51.2055598755244,0.786550812915016,1.78621020764509
0.1172,0.999998899296697,51.2055888658538,0.786550812915016,1.78621020764509
0.11725,0.999998899864347,51.205558643863,0.786550812915016,1.78621020764509
0.1173,0.999998900432687,51.2055693248099,0.786550812915016,1.78621020764509
0.11735,0.999998901001758,51.2055829422995,0.786550812915016,1.78621020764509
0.1174,0.999998901571533,51.205549023904,0.786550812915016,1.78621020764509
0.11745,0.99999890214201,51.2055831438146,0.786550812915016,1.78621020764509
0.1175,0.999998902713222,51.2055639657569,0.786550812915016,1.78621020764509
0.11755,0.999998903285122,51.2055566445665,0.786550812915016,1.78621020764509
0.1176,0.999998903857744,51.2055824227547,0.786550812915016,1.78621020764509
0.11765,0.999998904431085,51.2055513650826,0.786550812915016,1.78621020764509
0.1177,0.999998905005114,51.2055671131809,0.786550812915016,1.78621020764509
0.11775,0.999998905579878,51.205573469583,0.786550812915016,1.78621020764509
0.1178,0.999998906155337,51.2055458528538,0.786550812915016,1.78621020764509
0.11785,0.999998906731498,51.205577196272,0.786550812915016,1.78621020764509
0.1179,0.999998907308389,51.2055566626481,0.786550812915016,1.78621020764509
0.11795,0.999998907885958,51.2055531699396,0.786550812915016,1.78621020764509
0.118,0.999998908464248,51.2055756337081,0.786550829553656,1.7862057419017
0.11805,0.999998909043245,51.2055446087021,0.786550829553656,1.7862057419017
0.1181,0.999998909622999,51.2055645524751,0.786550829553656,1.7862057419017
0.11815,0.99999891020352,51.2055637871423,0.786550829553656,1.7862057419017
0.1182,0.999998910784682,51.2055433653235,0.786550829553656,1.7862057419017
0.11825,0.999998911366536,51.2055703111027,0.786550829553656,1.7862057419017
0.1183,0.999998911949107,51.2055500371506,0.786550829553656,1.7862057419017
0.11835,0.999998912532339,51.2055495426806,0.786550829553656,1.7862057419017
0.1184,0.999998913116279,51.2055683875881,0.786550829553656,1.7862057419017
0.11845,0.999998913700907,51.2055387352888,0.786550829553656,1.7862057419017
0.1185,0.999998914286195,51.2055612270272,0.786550829553656,1.7862057419017
0.11855,0.999998914872195,51.2055544919537,0.786550829553656,1.7862057419017
0.1186,0.99999891545885,51.2055411079189,0.786550829553656,1.7862057419017
0.11865,0.99999891604618,51.2055628912738,0.786550829553656,1.7862057419017
0.1187,0.999998916634203,51.205543964329,0.786550829553656,1.7862057419017
0.11875,0.999998917222859,51.2055458605047,0.786550829553656,1.7862057419017
0.1188,0.999998917812207,51.2055606212079,0.786550829553656,1.7862057419017
0.11885,0.99999891840221,51.2055338665196,0.786550829553656,1.7862057419017
0.1189,0.99999891899285,51.2055568252242,0.786550829553656,1.7862057419017
0.11895,0.999998919584177,51.2055459563347,0.786550829553656,1.7862057419017
0.119,0.999998920176123,51.2055386647895,0.786550846224154,1.78620427523871
0.11905,0.999998920768721,51.2055551703321,0.786550846224154,1.78620427523871
0.1191,0.999998921362057,51.2055383421271,0.786550846224154,1.78620427523871
0.11915,0.999998921956034,51.20554200612,0.786550846224154,1.78620427523871
0.1192,0.999998922550633,51.2055524824204,0.786550846224154,1.78620427523871
0.11925,0.99999892314585,51.2055299021887,0.786550846224154,1.78620427523871
0.1193,0.999998923741672,51.2055513043548,0.786550846224154,1.78620427523871
0.11935,0.999998924338145,51.2055383393559,0.786550846224154,1.78620427523871
0.1194,0.999998924935198,51.2055358531981,0.786550846224154,1.78620427523871
0.11945,0.99999892553287,51.2055472840128,0.786550846224154,1.78620427523871
0.1195,0.999998926131159,51.2055332415386,0.786550846224154,1.78620427523871
0.11955,0.999998926730009,51.2055377648359,0.786550846224154,1.78620427523871
0.1196,0.999998927329486,51.2055443232607,0.786550846224154,1.78620427523871
0.11965,0.999998927929532,51.2055265430948,0.786550846224154,1.78620427523871
0.1197,0.999998928530146,51.2055448784284,0.786550846224154,1.78620427523871
0.11975,0.999998929131367,51.2055316071111,0.786550846224154,1.78620427523871
0.1198,0.99999892973312,51.2055326303696,0.786550846224154,1.78620427523871
0.11985,0.999998930335454,51.2055392364347,0.786550846224154,1.78620427523871
0.1199,0.999998930938353,51.2055287779285,0.786550846224154,1.78620427523871
0.11995,0.999998931541769,51.205532837011,0.786550846224154,1.78620427523871
0.12,0.999998932145766,51.2055365325973,0.786550862924641,1.78619978316477
0.12005,0.999998932750279,51.2055233286601,0.786550862924641,1.78619978316477
0.1201,0.999998933355394,51.2055378491879,0.786550862924641,1.78619978316477
0.12015,0.999998933961105,51.2055255627967,0.786550862924641,1.78619978316477
0.1202,0.999998934567255,51.205529010307,0.786550862924641,1.78619978316477
0.12025,0.99999893517394,51.2055310100329,0.786550862924641,1.78619978316477
0.1203,0.999998935781133,51.2055250083442,0.786550862924641,1.78619978316477
0.12035,0.999998936388792,51.2055269782213,0.786550862924641,1.78619978316477
0.1204,0.999998936996981,51.2055295192917,0.786550862924641,1.78619978316477
0.12045,0.999998937605625,51.2055199064465,0.786550862924641,1.78619978316477
0.1205,0.999998938214744,51.2055305900159,0.786550862924641,1.78619978316477
0.12055,0.999998938824358,51.20552009171,0.786550862924641,1.78619978316477
0.1206,0.999998939434395,51.2055250362211,0.786550862924641,1.78619978316477
0.12065,0.999998940044913,51.2055227482223,0.786550862924641,1.78619978316477
0.1207,0.999998940655874,51.2055219055829,0.786550862924641,1.78619978316477
0.12075,0.999998941267248,51.205520191713,0.786550862924641,1.78619978316477
0.1208,0.99999894187909,51.2055234380613,0.786550862924641,1.78619978316477
0.12085,0.999998942491325,51.205516001278,0.786550862924641,1.78619978316477
0.1209,0.99999894310398,51.2055232871461,0.786550862924641,1.78619978316477
0.12095,0.999998943717064,51.2055151051895,0.786550862924641,1.78619978316477
0.121,0.999998944330509,51.2055205612673,0.786550879653225,1.78619872731763
0.12105,0.999998944944377,51.2055146745567,0.786550879653225,1.78619872731763
0.1211,0.999998945558698,51.2055191627502,0.786550879653225,1.78619872731763
0.12115,0.999998946173414,51.2055126440619,0.786550879653225,1.78619872731763
0.1212,0.999998946788492,51.2055182262649,0.786550879653225,1.78619872731763
0.12125,0.999998947403896,51.2055115612866,0.786550879653225,1.78619872731763
0.1213,0.999998948019661,51.2055159894049,0.786550879653225,1.78619872731763
0.12135,0.999998948635783,51.2055106519684,0.786550879653225,1.78619872731763
0.1214,0.999998949252203,51.2055153724197,0.786550879653225,1.78619872731763
0.12145,0.999998949868982,51.2055071805844,0.786550879653225,1.78619872731763
0.1215,0.999998950486062,51.2055163487603,0.786550879653225,1.78619872731763
0.12155,0.999998951103436,51.2055047360208,0.786550879653225,1.78619872731763
0.1216,0.999998951721142,51.2055136415211,0.786550879653225,1.78619872731763
0.12165,0.999998952339103,51.2055067148123,0.786550879653225,1.78619872731763
0.1217,0.999998952957362,51.2055086523324,0.786550879653225,1.78619872731763
0.12175,0.999998953575904,51.2055068512927,0.786550879653225,1.78619872731763
0.1218,0.999998954194679,51.2055092168664,0.786550879653225,1.78619872731763
0.12185,0.999998954813742,51.2055006638786,0.786550879653225,1.78619872731763
0.1219,0.999998955433034,51.2055129686552,0.786550879653225,1.78619872731763
0.12195,0.999998956052556,51.2054969263937,0.786550879653225,1.78619872731763
0.122,0.999998956672334,51.2055093292122,0.786550896407999,1.78619599581683
0.12205,0.999998957292299,51.2055016165899,0.786550896407999,1.78619599581683
0.1221,0.999998957912573,51.2055011991237,0.786550896407999,1.78619599581683
0.12215,0.999998958533094,51.2055037344397,0.786550896407999,1.78619599581683
0.1222,0.999998959153742,51.2055019392168,0.786550896407999,1.78619599581683
0.12225,0.999998959774606,51.2054953960963,0.786550896407999,1.78619599581683
0.1223,0.999998960395625,51.205508624488,0.786550896407999,1.78619599581683
0.12235,0.999998961016807,51.2054895917856,0.786550896407999,1.78619599581683
0.1224,0.99999896163817,51.2055050423774,0.786550896407999,1.78619599581683
0.12245,0.999998962259649,51.2054964011123,0.786550896407999,1.78619599581683
0.1225,0.999998962881289,51.2054937121441,0.786550896407999,1.78619599581683
0.12255,0.999998963503059,51.2055012117199,0.786550896407999,1.78619599581683
0.1226,0.99999896412493,51.2054936453655,0.786550896407999,1.78619599581683
0.12265,0.999998964746942,51.2054914481574,0.786550896407999,1.78619599581683
0.1227,0.999998965369035,51.2055031895684,0.786550896407999,1.78619599581683
0.12275,0.999998965991225,51.2054829517584,0.786550896407999,1.78619599581683
0.1228,0.999998966613518,51.2055006548432,0.786550896407999,1.78619599581683
0.12285,0.999998967235859,51.2054910037398,0.786550896407999,1.78619599581683
0.1229,0.999998967858289,51.2054864067725,0.786550896407999,1.78619599581683
0.12295,0.999998968480774,51.205498931278,0.786550896407999,1.78619599581683
0.123,0.999998969103293,51.205484641831,0.786550913187046,1.78619224166112
0.12305,0.999998969725879,51.2054885456968,0.786550913187046,1.78619224166112
0.1231,0.999998970348554,51.2054967504743,0.786550913187046,1.78619224166112
0.12315,0.999998970971298,51.2054769317892,0.786550913187046,1.78619224166112
0.1232,0.99999897159403,51.2054962251259,0.786550913187046,1.78619224166112
0.12325,0.999998972216743,51.2054852028629,0.786550913187046,1.78619224166112
0.1233,0.999998972839475,51.2054796475096,0.786550913187046,1.78619224166112
0.12335,0.999998973462188,51.2054963640238,0.786550913187046,1.78619224166112
0.1234,0.99999897408487,51.2054755190989,0.786550913187046,1.78619224166112
0.12345,0.999998974707546,51.2054862597282,0.786550913187046,1.78619224166112
0.1235,0.999998975330162,51.2054896857911,0.786550913187046,1.78619224166112
0.12355,0.999998975952741,51.2054713523046,0.786550913187046,1.78619224166112
0.1236,0.999998976575274,51.2054919903907,0.786550913187046,1.78619224166112
0.12365,0.999998977197725,51.2054787631816,0.786550913187046,1.78619224166112
0.1237,0.999998977820124,51.205473899959,0.786550913187046,1.78619224166112
0.12375,0.999998978442434,51.2054929867254,0.786550913187046,1.78619224166112
0.1238,0.99999897906465,51.205466879329,0.786550913187046,1.78619224166112
0.12385,0.999998979686788,51.2054840092916,0.786550913187046,1.78619224166112
0.1239,0.999998980308803,51.2054824012167,0.786550913187046,1.78619224166112
0.12395,0.999998980930715,51.2054659254267,0.786550913187046,1.78619224166112
0.124,0.999998981552511,51.2054881163179,0.786550929988448,1.78619206637879
0.12405,0.999998982174164,51.2054714641503,0.786550929988448,1.78619206637879
0.1241,0.999998982795777,51.2054694578317,0.786550929988448,1.78619206637879
0.12415,0.999998983417277,51.2054883405028,0.786550929988448,1.78619206637879
0.1242,0.999998984038582,51.2054592405425,0.786550929988448,1.78619206637879
0.12425,0.999998984659741,51.2054813145971,0.786550929988448,1.78619206637879
0.1243,0.999998985280718,51.2054752480605,0.786550929988448,1.78619206637879
0.12435,0.999998985901529,51.2054604805982,0.786550929988448,1.78619206637879
0.1244,0.99999898652216,51.2054846457252,0.786550929988448,1.78619206637879
0.12445,0.999998987142591,51.2054633136596,0.786550929988448,1.78619206637879
0.1245,0.999998987762839,51.2054663882932,0.786550929988448,1.78619206637879
0.12455,0.999998988382875,51.2054822543163,0.786550929988448,1.78619206637879
0.1246,0.999998989002699,51.2054528750013,0.786550929988448,1.78619206637879
0.12465,0.999998989622314,51.2054779176636,0.786550929988448,1.78619206637879
0.1247,0.999998990241693,51.2054683865469,0.786550929988448,1.78619206637879
0.12475,0.999998990860848,51.2054550463859,0.786550929988448,1.78619206637879
0.1248,0.999998991479764,51.2054813931387,0.786550929988448,1.78619206637879
0.12485,0.999998992098429,51.2054545898448,0.786550929988448,1.78619206637879
0.1249,0.999998992716851,51.2054644432418,0.786550929988448,1.78619206637879
0.12495,0.999998993335009,51.2054748826778,0.786550929988448,1.78619206637879
0.125,0.999998993952903,51.2054477247426,0.786550946810299,1.78618852380168
0.12505,0.999998994570531,51.2054738095569,0.786550946810299,1.78618852380168
0.1251,0.999998995187955,51.2054617303642,0.786550946810299,1.78618852380168
0.12515,0.999998995805141,51.2054498355918,0.786550946810299,1.78618852380168
0.1252,0.999998996421998,51.205477947109,0.786550946810299,1.78618852380168
0.12525,0.999998997038558,51.2054457943839,0.786550946810299,1.78618852380168
0.1253,0.999998997654821,51.2054630889337,0.786550946810299,1.78618852380168
0.12535,0.999998998270776,51.2054666477697,0.786550946810299,1.78618852380168
0.1254,0.99999899888642,51.2054435251033,0.786550946810299,1.78618852380168
0.12545,0.999998999501749,51.2054692559812,0.786550946810299,1.78618852380168
0.1255,0.999999000116753,51.2054550881455,0.786550946810299,1.78618852380168
0.12555,0.999999000731432,51.2054452323846,0.786550946810299,1.78618852380168
0.1256,0.999999001345778,51.2054738522402,0.786550946810299,1.78618852380168
0.12565,0.999999001959786,51.20543758914,0.786550946810299,1.78618852380168
0.1257,0.999999002573453,51.2054617140611,0.786550946810299,1.78618852380168
0.12575,0.999999003186774,51.2054581657874,0.786550946810299,1.78618852380168
0.1258,0.999999003799741,51.2054398255706,0.786550946810299,1.78618852380168
0.12585,0.999999004412354,51.2054645479959,0.786550946810299,1.78618852380168
0.1259,0.999999005024608,51.2054481904263,0.786550946810299,1.78618852380168
0.12595,0.999999005636494,51.205441529413,0.786550946810299,1.78618852380168
0.126,0.999999006248015,51.205468661435,0.786550963650709,1.78618817621673
0.12605,0.999999006859163,51.2054305110527,0.786550963650709,1.78618817621673
0.1261,0.999999007470011,51.2054597007912,0.786550963650709,1.78618817621673
0.12615,0.999999008080525,51.2054499635728,0.786550963650709,1.78618817621673
0.1262,0.99999900869061,51.2054362305955,0.786550963650709,1.78618817621673
0.12625,0.999999009300309,51.2054599230348,0.786550963650709,1.78618817621673
0.1263,0.999999009909622,51.205440911096,0.786550963650709,1.78618817621673
0.12635,0.999999010518535,51.2054388524566,0.786550963650709,1.78618817621673
0.1264,0.999999011127057,51.2054621752905,0.786550963650709,1.78618817621673
0.12645,0.999999011735178,51.2054248892635,0.786550963650709,1.78618817621673
0.1265,0.999999012342892,51.2054566686912,0.786550963650709,1.78618817621673
0.12655,0.99999901295021,51.2054424053514,0.786550963650709,1.78618817621673
0.1266,0.999999013557112,51.2054325215035,0.786550963650709,1.78618817621673
0.12665,0.999999014163606,51.2054554392681,0.786550963650709,1.78618817621673
0.1267,0.999999014769694,51.2054333515367,0.786550963650709,1.78618817621673
0.12675,0.999999015375357,51.2054370611158,0.786550963650709,1.78618817621673
0.1268,0.999999015980614,51.2054544956598,0.786550963650709,1.78618817621673
0.12685,0.999999016585449,51.2054207311639,0.786550963650709,1.78618817621673
0.1269,0.999999017189858,51.2054525247907,0.786550963650709,1.78618817621673
0.12695,0.999999017793859,51.2054355947128,0.786550963650709,1.78618817621673
0.127,0.999999018397424,51.2054286862835,0.786550980507815,1.78618679158445
0.12705,0.99999901900057,51.2054509340051,0.786550980507815,1.78618679158445
0.1271,0.999999019603376,51.2054258237036,0.786550980507815,1.78618679158445
0.12715,0.999999020205782,51.2054357457976,0.786550980507815,1.78618679158445
0.1272,0.999999020807735,51.2054460044445,0.786550980507815,1.78618679158445
0.12725,0.999999021409253,51.2054177468215,0.786550980507815,1.78618679158445
0.1273,0.999999022010338,51.2054474378026,0.786550980507815,1.78618679158445
0.12735,0.999999022611008,51.2054294105187,0.786550980507815,1.78618679158445
0.1274,0.999999023211233,51.2054249036751,0.786550980507815,1.78618679158445
0.12745,0.999999023811036,51.2054461338099,0.786550980507815,1.78618679158445
0.1275,0.999999024410414,51.2054187889701,0.786550980507815,1.78618679158445
0.12755,0.999999025009347,51.2054343747188,0.786550980507815,1.78618679158445
0.1276,0.999999025607869,51.2054372706956,0.786550980507815,1.78618679158445
0.12765,0.999999026205951,51.2054154914708,0.786550980507815,1.78618679158445
0.1277,0.999999026803601,51.2054417483834,0.786550980507815,1.78618679158445
0.12775,0.999999027400839,51.2054236468343,0.786550980507815,1.78618679158445
0.1278,0.99999902799763,51.2054213728657,0.786550980507815,1.78618679158445
0.12785,0.999999028594008,51.2054407461994,0.786550980507815,1.78618679158445
0.1279,0.999999029189962,51.2054126581834,0.786550980507815,1.78618679158445
0.12795,0.999999029785476,51.2054324149432,0.786550980507815,1.78618679158445
0.128,0.999999030380588,51.2054288298525,0.786550997379784,1.78618530930071
0.12805,0.999999030975265,51.2054134804729,0.786550997379784,1.78618530930071
0.1281,0.9999990315696,51.2054357657332,0.786550997379784,1.78618530930071
0.12815,0.999999032163574,51.2054181087047,0.786550997379784,1.78618530930071
0.1282,0.999999032757069,51.205418195526,0.786550997379784,1.78618530930071
0.12825,0.999999033350167,51.2054346270295,0.786550997379784,1.78618530930071
0.1283,0.999999033942852,51.2054076625241,0.786550997379784,1.78618530930071
0.12835,0.99999903453511,51.2054295116839,0.786550997379784,1.78618530930071
0.1284,0.999999035126986,51.2054210899349,0.786550997379784,1.78618530930071
0.12845,0.999999035718437,51.205411391595,0.786550997379784,1.78618530930071
0.1285,0.999999036309489,51.2054297017866,0.786550997379784,1.78618530930071
0.12855,0.999999036900157,51.2054127764368,0.786550997379784,1.78618530930071
0.1286,0.999999037490402,51.205415306141,0.786550997379784,1.78618530930071
0.12865,0.999999038080276,51.2054278872719,0.786550997379784,1.78618530930071
0.1287,0.999999038669753,51.2054037900586,0.786550997379784,1.78618530930071
0.12875,0.999999039258829,51.2054255943266,0.786550997379784,1.78618530930071
0.1288,0.999999039847548,51.2054141961506,0.786550997379784,1.78618530930071
0.12885,0.999999040435862,51.2054090767825,0.786550997379784,1.78618530930071
0.1289,0.999999041023807,51.2054235712042,0.786550997379784,1.78618530930071
0.12895,0.999999041611392,51.205407774908,0.786550997379784,1.78618530930071
0.129,0.999999042198582,51.2054124163283,0.786551014264819,1.78618421159597
0.12905,0.999999042785432,51.2054208345134,0.786551014264819,1.78618421159597
0.1291,0.999999043371991,51.205400747985,0.786551014264819,1.78618421159597
0.12915,0.999999043958221,51.2054208127779,0.786551014264819,1.78618421159597
0.1292,0.999999044544087,51.20540807568,0.786551014264819,1.78618421159597
0.12925,0.999999045129577,51.2054065608494,0.786551014264819,1.78618421159597
0.1293,0.999999045714736,51.2054172643517,0.786551014264819,1.78618421159597
0.12935,0.999999046299566,51.2054033315582,0.786551014264819,1.78618421159597
0.1294,0.999999046884037,51.2054091584419,0.786551014264819,1.78618421159597
0.12945,0.999999047468206,51.2054139245557,0.786551014264819,1.78618421159597
0.1295,0.999999048052038,51.2053981223203,0.786551014264819,1.78618421159597
0.12955,0.999999048635543,51.2054154855299,0.786551014264819,1.78618421159597
0.1296,0.99999904921876,51.2054025543946,0.786551014264819,1.78618421159597
0.12965,0.99999904980164,51.2054039496572,0.786551014264819,1.78618421159597
0.1297,0.999999050384233,51.2054106760068,0.786551014264819,1.78618421159597
0.12975,0.999999050966536,51.2053996596112,0.786551014264819,1.78618421159597
0.1298,0.999999051548521,51.2054051870808,0.786551014264819,1.78618421159597
0.12985,0.999999052130252,51.205407564639,0.786551014264819,1.78618421159597
0.1299,0.999999052711684,51.205395489667,0.786551014264819,1.78618421159597
0.12995,0.999999053292839,51.2054099114327,0.786551014264819,1.78618421159597
0.13,0.999999053873749,51.2053974498408,0.786551031161153,1.78618265560534
0.13005,0.999999054454367,51.2054012622839,0.786551031161153,1.78618265560534
0.1301,0.99999905503483,51.2054037899653,0.786551031161153,1.78618265560534
0.13015,0.999999055615085,51.2053967873744,0.786551031161153,1.78618265560534
0.1302,0.999999056195035,51.2054003331873,0.786551031161153,1.78618265560534
0.13025,0.99999905677478,51.2054019892622,0.786551031161153,1.78618265560534
0.1303,0.999999057354273,51.2053925696964,0.786551031161153,1.78618265560534
0.13035,0.999999057933544,51.2054042630302,0.786551031161153,1.78618265560534
0.1304,0.99999905851262,51.2053927326683,0.786551031161153,1.78618265560534
0.13045,0.999999059091454,51.20539839829,0.786551031161153,1.78618265560534
0.1305,0.999999059670111,51.2053968104746,0.786551031161153,1.78618265560534
0.13055,0.999999060248568,51.2053945398777,0.786551031161153,1.78618265560534
0.1306,0.999999060826818,51.2053947027296,0.786551031161153,1.78618265560534
0.13065,0.999999061404918,51.2053972122723,0.786551031161153,1.78618265560534
0.1307,0.999999061982817,51.2053893153063,0.786551031161153,1.78618265560534
0.13075,0.999999062560556,51.2053985608271,0.786551031161153,1.78618265560534
0.1308,0.999999063138152,51.2053884990368,0.786551031161153,1.78618265560534
0.13085,0.999999063715565,51.2053950763677,0.786551031161153,1.78618265560534
0.1309,0.999999064292861,51.2053900960932,0.786551031161153,1.78618265560534
0.13095,0.999999064870011,51.2053925064953,0.786551031161153,1.78618265560534
0.131,0.999999065447016,51.205388591004,0.786551048067051,1.78618038718812
0.13105,0.999999066023929,51.2053929965039,0.786551048067051,1.78618038718812
0.1311,0.99999906660078,51.2053858212527,0.786551048067051,1.78618038718812
0.13115,0.999999067177575,51.2053926615881,0.786551048067051,1.78618038718812
0.1312,0.999999067754244,51.2053849294485,0.786551048067051,1.78618038718812
0.13125,0.999999068330794,51.2053909434752,0.786551048067051,1.78618038718812
0.1313,0.999999068907289,51.2053840790616,0.786551048067051,1.78618038718812
0.13135,0.999999069483696,51.2053901774922,0.786551048067051,1.78618038718812
0.1314,0.999999070060027,51.2053824484076,0.786551048067051,1.78618038718812
0.13145,0.999999070636325,51.2053890462038,0.786551048067051,1.78618038718812
0.1315,0.999999071212544,51.2053822918847,0.786551048067051,1.78618038718812
0.13155,0.999999071788735,51.2053864517567,0.786551048067051,1.78618038718812
0.1316,0.999999072364898,51.2053822005118,0.786551048067051,1.78618038718812
0.13165,0.99999907294101,51.2053857509089,0.786551048067051,1.78618038718812
0.1317,0.999999073517133,51.2053791487553,0.786551048067051,1.78618038718812
0.13175,0.999999074093229,51.2053871384496,0.786551048067051,1.78618038718812
0.1318,0.999999074669318,51.2053766426082,0.786551048067051,1.78618038718812
0.13185,0.999999075245437,51.2053850740553,0.786551048067051,1.78618038718812
0.1319,0.999999075821543,51.205378824548,0.786551048067051,1.78618038718812
0.13195,0.99999907639769,51.2053798999447,0.786551048067051,1.78618038718812
0.132,0.999999076973871,51.2053802894187,0.786551064980802,1.78618193065838
0.13205,0.99999907755007,51.2053794329227,0.786551064980802,1.78618193065838
0.1321,0.999999078126426,51.2053754454869,0.786551064980802,1.78618193065838
0.13215,0.999999078702859,51.205383156013,0.786551064980802,1.78618193065838
0.1322,0.999999079279318,51.2053713785781,0.786551064980802,1.78618193065838
0.13225,0.999999079855869,51.2053809791676,0.786551064980802,1.78618193065838
0.1323,0.999999080432475,51.205375363059,0.786551064980802,1.78618193065838
0.13235,0.999999081009191,51.2053731986617,0.786551064980802,1.78618193065838
0.1324,0.999999081586004,51.2053789154792,0.786551064980802,1.78618193065838
0.13245,0.999999082162908,51.205372192449,0.786551064980802,1.78618193065838
0.1325,0.999999082739954,51.205372807127,0.786551064980802,1.78618193065838
0.13255,0.999999083317104,51.2053782603704,0.786551064980802,1.78618193065838
0.1326,0.99999908389439,51.2053665979794,0.786551064980802,1.78618193065838
0.13265,0.999999084471832,51.2053768459144,0.786551064980802,1.78618193065838
0.1327,0.999999085049398,51.2053716377447,0.786551064980802,1.78618193065838
0.13275,0.999999085627144,51.205366719259,0.786551064980802,1.78618193065838
0.1328,0.999999086205051,51.2053775975583,0.786551064980802,1.78618193065838
0.13285,0.99999908678312,51.205364511016,0.786551064980802,1.78618193065838
0.1329,0.999999087361395,51.2053708369612,0.786551064980802,1.78618193065838
0.13295,0.999999087939841,51.205372747125,0.786551064980802,1.78618193065838
0.133,0.999999088518495,51.2053620549268,0.786551081900713,1.78617867654599
0.13305,0.999999089097366,51.2053729139942,0.786551081900713,1.78617867654599
0.1331,0.999999089676514,51.2053672774029,0.786551081900713,1.78617867654599
0.13315,0.999999090255946,51.2053609401446,0.786551081900713,1.78617867654599
0.1332,0.999999090835564,51.2053757224859,0.786551081900713,1.78617867654599
0.13325,0.999999091415415,51.2053569743416,0.786551081900713,1.78617867654599
0.1333,0.999999091995534,51.20536898281,0.786551081900713,1.78617867654599
0.13335,0.999999092575892,51.20536700417,0.786551081900713,1.78617867654599
0.1334,0.999999093156525,51.20535747646,0.786551081900713,1.78617867654599
0.13345,0.999999093737438,51.2053694829995,0.786551081900713,1.78617867654599
0.1335,0.999999094318616,51.2053619876789,0.786551081900713,1.78617867654599
0.13355,0.999999094900102,51.2053563208365,0.786551081900713,1.78617867654599
0.1336,0.999999095481876,51.205372792631,0.786551081900713,1.78617867654599
0.13365,0.999999096063952,51.2053501647053,0.786551081900713,1.78617867654599
0.1337,0.999999096646356,51.2053667841471,0.786551081900713,1.78617867654599
0.13375,0.999999097229065,51.2053614161008,0.786551081900713,1.78617867654599
0.1338,0.999999097812112,51.2053526236253,0.786551081900713,1.78617867654599
0.13385,0.999999098395499,51.2053666627279,0.786551081900713,1.78617867654599
0.1339,0.999999098979217,51.2053556127511,0.786551081900713,1.78617867654599
0.13395,0.999999099563303,51.2053530478297,0.786551081900713,1.78617867654599
0.134,0.999999100147739,51.205368492661,0.786551098825097,1.78617962708074
0.13405,0.99999910073254,51.2053444074343,0.786551098825097,1.78617962708074
0.1341,0.999999101317807,51.2053639285422,0.786551098825097,1.78617962708074
0.13415,0.999999101903481,51.2053561377972,0.786551098825097,1.78617962708074
0.1342,0.999999102489513,51.2053474843162,0.786551098825097,1.78617962708074
0.13425,0.999999103075942,51.2053643453967,0.786551098825097,1.78617962708074
0.1343,0.999999103662764,51.2053483045813,0.786551098825097,1.78617962708074
0.13435,0.99999910425001,51.2053510154672,0.786551098825097,1.78617962708074
0.1344,0.999999104837663,51.2053628323158,0.786551098825097,1.78617962708074
0.13445,0.999999105425742,51.2053397302224,0.786551098825097,1.78617962708074
0.1345,0.999999106014259,51.2053603761223,0.786551098825097,1.78617962708074
0.13455,0.999999106603202,51.2053510867594,0.786551098825097,1.78617962708074
0.1346,0.999999107192598,51.2053422679564,0.786551098825097,1.78617962708074
0.13465,0.999999107782443,51.2053621602781,0.786551098825097,1.78617962708074
0.1347,0.99999910837274,51.205340482073,0.786551098825097,1.78617962708074
0.13475,0.999999108963511,51.2053498032828,0.786551098825097,1.78617962708074
0.1348,0.999999109554743,51.2053561425645,0.786551098825097,1.78617962708074
0.13485,0.999999110146454,51.2053358987443,0.786551098825097,1.78617962708074
0.1349,0.999999110738652,51.2053563389897,0.786551098825097,1.78617962708074
0.13495,0.999999111331331,51.2053460062139,0.786551098825097,1.78617962708074
0.135,0.99999911192451,51.2053373491698,0.786551115752268,1.78617685302662
0.13505,0.999999112518189,51.205359580198,0.786551115752268,1.78617685302662
0.1351,0.99999911311245,51.2053327387616,0.786551115752268,1.78617685302662
0.13515,0.99999911370727,51.2053488054027,0.786551115752268,1.78617685302662
0.1352,0.999999114302562,51.205348924245,0.786551115752268,1.78617685302662
0.13525,0.999999114898378,51.2053325005108,0.786551115752268,1.78617685302662
0.1353,0.999999115494726,51.2053521260743,0.786551115752268,1.78617685302662
0.13535,0.999999116091603,51.2053405638693,0.786551115752268,1.78617685302662
0.1354,0.999999116689022,51.2053331576331,0.786551115752268,1.78617685302662
0.13545,0.999999117286984,51.2053561234225,0.786551115752268,1.78617685302662
0.1355,0.999999117885494,51.2053257039345,0.786551115752268,1.78617685302662
0.13555,0.99999911848456,51.2053474450507,0.786551115752268,1.78617685302662
0.1356,0.999999119084182,51.2053417362137,0.786551115752268,1.78617685302662
0.13565,0.999999119684368,51.2053291672789,0.786551115752268,1.78617685302662
0.1357,0.999999120285123,51.2053480449915,0.786551115752268,1.78617685302662
0.13575,0.999999120886449,51.2053345660712,0.786551115752268,1.78617685302662
0.1358,0.999999121488352,51.2053299326793,0.786551115752268,1.78617685302662
0.13585,0.999999122090836,51.205351437603,0.786551115752268,1.78617685302662
0.1359,0.999999122693903,51.205319787836,0.786551115752268,1.78617685302662
0.13595,0.99999912329756,51.2053452632309,0.786551115752268,1.78617685302662
0.136,0.99999912390181,51.2053349436044,0.786551132680531,1.7861762014069
0.13605,0.999999124506654,51.2053256352414,0.786551132680531,1.7861762014069
0.1361,0.99999912511218,51.2053441828814,0.786551132680531,1.7861762014069
0.13615,0.99999912571835,51.2053279918121,0.786551132680531,1.7861762014069
0.1362,0.999999126325083,51.205327666494,0.786551132680531,1.7861762014069
0.13625,0.99999912693243,51.2053454694883,0.786551132680531,1.7861762014069
0.1363,0.999999127540388,51.2053151264268,0.786551132680531,1.7861762014069
0.13635,0.999999128148961,51.205342079313,0.786551132680531,1.7861762014069
0.1364,0.999999128758157,51.2053287010387,0.786551132680531,1.7861762014069
0.13645,0.99999912936797,51.2053218846505,0.786551132680531,1.7861762014069
0.1365,0.99999912997841,51.2053404307164,0.786551132680531,1.7861762014069
0.13655,0.999999130589479,51.2053210910942,0.786551132680531,1.7861762014069
0.1366,0.999999131201171,51.2053260852319,0.786551132680531,1.7861762014069
0.13665,0.9999991318135,51.2053384738368,0.786551132680531,1.7861762014069
0.1367,0.999999132426461,51.2053115715726,0.786551132680531,1.7861762014069
0.13675,0.999999133040054,51.2053379897192,0.786551132680531,1.7861762014069
0.1368,0.999999133654292,51.2053229274817,0.786551132680531,1.7861762014069
0.13685,0.999999134269161,51.2053180743715,0.786551132680531,1.7861762014069
0.1369,0.999999134884675,51.2053364993272,0.786551132680531,1.7861762014069
0.13695,0.999999135500834,51.2053142787167,0.786551132680531,1.7861762014069
0.137,0.999999136117627,51.2053247046118,0.786551149608174,1.78617469909288
0.13705,0.999999136735076,51.205330896096,0.786551149608174,1.78617469909288
0.1371,0.999999137353245,51.2053087541206,0.786551149608174,1.78617469909288
0.13715,0.999999137972098,51.205333248846,0.786551149608174,1.78617469909288
0.1372,0.999999138591569,51.2053174107928,0.786551149608174,1.78617469909288
0.13725,0.999999139211676,51.2053144385671,0.786551149608174,1.78617469909288
0.1373,0.999999139832439,51.2053320520181,0.786551149608174,1.78617469909288
0.13735,0.999999140453854,51.2053079997967,0.786551149608174,1.78617469909288
0.1374,0.999999141075908,51.2053230259024,0.786551149608174,1.78617469909288
0.13745,0.999999141698625,51.2053232641879,0.786551149608174,1.78617469909288
0.1375,0.999999142321983,51.2053062760187,0.786551149608174,1.78617469909288
0.13755,0.999999142945989,51.2053281707274,0.786551149608174,1.78617469909288
0.1376,0.999999143570656,51.2053119726442,0.786551149608174,1.78617469909288
0.13765,0.999999144195957,51.2053111715977,0.786551149608174,1.78617469909288
0.1377,0.999999144821917,51.2053268775999,0.786551149608174,1.78617469909288
0.13775,0.999999145448525,51.2053025995608,0.786551149608174,1.78617469909288
0.1378,0.999999146075769,51.2053206426791,0.786551149608174,1.78617469909288
0.13785,0.999999146703675,51.205315981399,0.786551149608174,1.78617469909288
0.1379,0.999999147332215,51.2053038037721,0.786551149608174,1.78617469909288
0.13795,0.999999147961399,51.2053229491683,0.786551149608174,1.78617469909288
0.138,0.999999148591237,51.2053065304941,0.786551166533465,1.78617355338076
0.13805,0.999999149221699,51.2053082706204,0.786551166533465,1.78617355338076
0.1381,0.999999149852894,51.2053209422163,0.786551166533465,1.78617355338076
0.13815,0.999999150484766,51.2052981690611,0.786551166533465,1.78617355338076
0.1382,0.999999151117222,51.2053173704839,0.786551166533465,1.78617355338076
0.13825,0.999999151750331,51.20530925785,0.786551166533465,1.78617355338076
0.1383,0.999999152384057,51.2053011761572,0.786551166533465,1.78617355338076
0.13835,0.999999153018416,51.2053176223369,0.786551166533465,1.78617355338076
0.1384,0.999999153653414,51.2053011964266,0.786551166533465,1.78617355338076
0.13845,0.999999154289017,51.205305562493,0.786551166533465,1.78617355338076
0.1385,0.99999915492526,51.2053144632437,0.786551166533465,1.78617355338076
0.13855,0.999999155562117,51.2052945830816,0.786551166533465,1.78617355338076
0.1386,0.999999156199581,51.2053132749477,0.786551166533465,1.78617355338076
0.13865,0.999999156837679,51.2053031179313,0.786551166533465,1.78617355338076
0.1387,0.999999157476369,51.2052984120283,0.786551166533465,1.78617355338076
0.13875,0.999999158115674,51.2053121116241,0.786551166533465,1.78617355338076
0.1388,0.999999158755591,51.2052961866355,0.786551166533465,1.78617355338076
0.13885,0.999999159396089,51.2053027209643,0.786551166533465,1.78617355338076
0.1389,0.999999160037204,51.2053077933621,0.786551166533465,1.78617355338076
0.13895,0.999999160678904,51.205291531625,0.786551166533465,1.78617355338076
0.139,0.999999161321186,51.2053085523127,0.786551183454649,1.78617204593602
0.13905,0.999999161964073,51.2052974356517,0.786551183454649,1.78617204593602
0.1391,0.9999991626076,51.2052955833279,0.786551183454649,1.78617204593602
0.13915,0.999999163251756,51.2053062770623,0.786551183454649,1.78617204593602
0.1392,0.99999916389645,51.2052917269457,0.786551183454649,1.78617204593602
0.13925,0.999999164541693,51.205299409329,0.786551183454649,1.78617204593602
0.1393,0.999999165187523,51.2053013062339,0.786551183454649,1.78617204593602
0.13935,0.999999165833899,51.2052886680283,0.786551183454649,1.78617204593602
0.1394,0.999999166480826,51.2053034610141,0.786551183454649,1.78617204593602
0.13945,0.999999167128321,51.2052921074839,0.786551183454649,1.78617204593602
0.1395,0.999999167776337,51.2052927546153,0.786551183454649,1.78617204593602
0.13955,0.999999168424908,51.2053000889892,0.786551183454649,1.78617204593602
0.1396,0.999999169074016,51.2052879527827,0.786551183454649,1.78617204593602
0.13965,0.999999169723633,51.2052954338921,0.786551183454649,1.78617204593602
0.1397,0.999999170373799,51.2052952881355,0.786551183454649,1.78617204593602
0.13975,0.999999171024467,51.2052857574592,0.786551183454649,1.78617204593602
0.1398,0.999999171675646,51.205298153125,0.786551183454649,1.78617204593602
0.13985,0.999999172327349,51.2052870973077,0.786551183454649,1.78617204593602
0.1399,0.999999172979528,51.2052898423986,0.786551183454649,1.78617204593602
0.13995,0.99999917363222,51.2052936558714,0.786551183454649,1.78617204593602
0.14,0.9999991742854,51.2052847831847,0.786551200369948,1.78617235887524
0.14005,0.999999174939046,51.2052907814244,0.786551200369948,1.78617235887524
0.1401,0.999999175593274,51.2052898147039,0.786551200369948,1.78617235887524
0.14015,0.999999176247992,51.2052827034667,0.786551200369948,1.78617235887524
0.1402,0.999999176903137,51.2052926548884,0.786551200369948,1.78617235887524
0.14025,0.999999177558754,51.2052825050305,0.786551200369948,1.78617235887524
0.1403,0.999999178214797,51.2052866323513,0.786551200369948,1.78617235887524
0.14035,0.999999178871305,51.2052872615471,0.786551200369948,1.78617235887524
0.1404,0.999999179528245,51.2052819500965,0.786551200369948,1.78617235887524
0.14045,0.999999180185601,51.205285637486,0.786551200369948,1.78617235887524
0.1405,0.999999180843406,51.2052847857181,0.786551200369948,1.78617235887524
0.14055,0.999999181501605,51.2052795555495,0.786551200369948,1.78617235887524
0.1406,0.999999182160221,51.2052868831049,0.786551200369948,1.78617235887524
0.14065,0.999999182819251,51.2052785039134,0.786551200369948,1.78617235887524
0.1407,0.999999183478651,51.2052828323484,0.786551200369948,1.78617235887524
0.14075,0.999999184138463,51.2052812705329,0.786551200369948,1.78617235887524
0.1408,0.999999184798645,51.2052790878809,0.786551200369948,1.78617235887524
0.14085,0.999999185459191,51.2052803002229,0.786551200369948,1.78617235887524
0.1409,0.999999186120125,51.205280014793,0.786551200369948,1.78617235887524
0.14095,0.999999186781393,51.2052764213102,0.786551200369948,1.78617235887524
0.141,0.999999187443022,51.2052807348481,0.786551217277562,1.78616887206947
0.14105,0.999999188105002,51.2052752223184,0.786551217277562,1.78616887206947
0.1411,0.999999188767374,51.205278188481,0.786551217277562,1.78616887206947
0.14115,0.999999189430138,51.2052759869119,0.786551217277562,1.78616887206947
0.1412,0.999999190093168,51.2052758461351,0.786551217277562,1.78616887206947
0.14125,0.999999190756503,51.205275024864,0.786551217277562,1.78616887206947
0.1413,0.999999191420163,51.2052753312584,0.786551217277562,1.78616887206947
0.14135,0.999999192084094,51.2052733260692,0.786551217277562,1.78616887206947
0.1414,0.999999192748326,51.205274268798,0.786551217277562,1.78616887206947
0.14145,0.999999193412841,51.2052726925764,0.786551217277562,1.78616887206947
0.1415,0.999999194077607,51.2052726725936,0.786551217277562,1.78616887206947
0.14155,0.99999919474266,51.205271591009,0.786551217277562,1.78616887206947
0.1416,0.999999195407952,51.2052720886361,0.786551217277562,1.78616887206947
0.14165,0.999999196073488,51.205269974209,0.786551217277562,1.78616887206947
0.1417,0.99999919673928,51.2052707550712,0.786551217277562,1.78616887206947
0.14175,0.999999197405278,51.2052701914004,0.786551217277562,1.78616887206947
0.1418,0.999999198071512,51.2052676728477,0.786551217277562,1.78616887206947
0.14185,0.99999919873796,51.2052706690876,0.786551217277562,1.78616887206947
0.1419,0.999999199404595,51.2052664443883,0.786551217277562,1.78616887206947
0.14195,0.99999920007145,51.205267964641,0.786551217277562,1.78616887206947
0.142,0.999999200738474,51.2052678484848,0.786551234175679,1.7861696158418
0.14205,0.999999201405679,51.2052650708801,0.786551234175679,1.7861696158418
0.1421,0.999999202073148,51.205266422971,0.786551234175679,1.7861696158418
0.14215,0.999999202740796,51.2052667268081,0.786551234175679,1.7861696158418
0.1422,0.999999203408575,51.2052613356754,0.786551234175679,1.7861696158418
0.14225,0.999999204076495,51.2052687271403,0.786551234175679,1.7861696158418
0.1423,0.999999204744538,51.2052599042055,0.786551234175679,1.7861696158418
0.14235,0.99999920541273,51.2052647974905,0.786551234175679,1.7861696158418
0.1424,0.999999206081022,51.2052633551319,0.786551234175679,1.7861696158418
0.14245,0.999999206749429,51.2052600958599,0.786551234175679,1.7861696158418
0.1425,0.999999207417948,51.205262588955,0.786551234175679,1.7861696158418
0.14255,0.99999920808654,51.2052625633938,0.786551234175679,1.7861696158418
0.1426,0.999999208755234,51.2052557174452,0.786551234175679,1.7861696158418
0.14265,0.999999209423997,51.2052663391295,0.786551234175679,1.7861696158418
0.1427,0.999999210092818,51.2052535453631,0.786551234175679,1.7861696158418
0.14275,0.999999210761717,51.2052616701288,0.786551234175679,1.7861696158418
0.1428,0.999999211430646,51.2052589234647,0.786551234175679,1.7861696158418
0.14285,0.999999212099625,51.20525481425,0.786551234175679,1.7861696158418
0.1429,0.999999212768643,51.2052595001117,0.786551234175679,1.7861696158418
0.14295,0.999999213437668,51.2052574006521,0.786551234175679,1.7861696158418
0.143,0.999999214106726,51.2052512072081,0.78655125106248,1.78616724601446
0.14305,0.999999214775783,51.2052630459932,0.78655125106248,1.78616724601446
0.1431,0.999999215444913,51.2052478027825,0.78655125106248,1.78616724601446
0.14315,0.99999921611409,51.2052582218648,0.78655125106248,1.78616724601446
0.1432,0.999999216783191,51.2052547759876,0.78655125106248,1.78616724601446
0.14325,0.999999217452274,51.2052490924704,0.78655125106248,1.78616724601446
0.1433,0.999999218121327,51.2052572262297,0.78655125106248,1.78616724601446
0.14335,0.999999218790322,51.2052511264979,0.78655125106248,1.78616724601446
0.1434,0.999999219459282,51.2052480045324,0.78655125106248,1.78616724601446
0.14345,0.999999220128173,51.2052586455465,0.78655125106248,1.78616724601446
0.1435,0.999999220796993,51.2052429358719,0.78655125106248,1.78616724601446
0.14355,0.99999922146575,51.2052543211458,0.78655125106248,1.78616724601446
0.1436,0.999999222134407,51.2052509734711,0.78655125106248,1.78616724601446
0.14365,0.999999222802982,51.2052430530935,0.78655125106248,1.78616724601446
0.1437,0.999999223471458,51.205255616657,0.78655125106248,1.78616724601446
0.14375,0.999999224139814,51.2052439539448,0.78655125106248,1.78616724601446
0.1438,0.999999224808068,51.2052459625904,0.78655125106248,1.78616724601446
0.14385,0.999999225476189,51.2052532010277,0.78655125106248,1.78616724601446
0.1439,0.999999226144177,51.2052388860677,0.78655125106248,1.78616724601446
0.14395,0.999999226812036,51.2052500528669,0.78655125106248,1.78616724601446
0.144,0.999999227479734,51.2052473050013,0.786551267936147,1.78616781462777
0.14405,0.999999228147286,51.2052370253245,0.786551267936147,1.78616781462777
0.1441,0.999999228814755,51.2052542293419,0.786551267936147,1.78616781462777
0.14415,0.999999229482086,51.2052363432258,0.786551267936147,1.78616781462777
0.1442,0.999999230149212,51.2052446602707,0.786551267936147,1.78616781462777
0.14425,0.999999230816143,51.205247071837,0.786551267936147,1.78616781462777
0.1443,0.999999231482884,51.2052353617398,0.786551267936147,1.78616781462777
0.14435,0.999999232149432,51.2052457258027,0.786551267936147,1.78616781462777
0.1444,0.999999232815763,51.2052433923402,0.786551267936147,1.78616781462777
0.14445,0.999999233481889,51.205231495301,0.786551267936147,1.78616781462777
0.1445,0.999999234147792,51.2052524739094,0.786551267936147,1.78616781462777
0.14455,0.999999234813463,51.2052289218467,0.786551267936147,1.78616781462777
0.1446,0.999999235478909,51.2052435001203,0.786551267936147,1.78616781462777
0.14465,0.999999236144105,51.2052407659413,0.786551267936147,1.78616781462777
0.1447,0.999999236809057,51.2052319411832,0.786551267936147,1.78616781462777
0.14475,0.999999237473758,51.2052417154865,0.786551267936147,1.78616781462777
0.1448,0.999999238138191,51.2052388404684,0.786551267936147,1.78616781462777
0.14485,0.999999238802364,51.2052269522191,0.786551267936147,1.78616781462777
0.1449,0.999999239466261,51.2052497895127,0.786551267936147,1.78616781462777
0.14495,0.999999240129876,51.205222309163,0.786551267936147,1.78616781462777
0.145,0.999999240793211,51.205241904797,0.786551284794873,1.78616723793438
0.14505,0.999999241456248,51.2052347760113,0.786551284794873,1.78616723793438
0.1451,0.99999924211907,51.2052282585578,0.786551284794873,1.78616723793438
0.14515,0.999999242781631,51.2052383096061,0.786551284794873,1.78616723793438
0.1452,0.999999243443838,51.2052333918203,0.786551284794873,1.78616723793438
0.14525,0.999999244105735,51.2052236984408,0.786551284794873,1.78616723793438
0.1453,0.999999244767309,51.2052458093114,0.786551284794873,1.78616723793438
0.14535,0.999999245428557,51.2052169209195,0.786551284794873,1.78616723793438
0.1454,0.999999246089477,51.2052394912092,0.786551284794873,1.78616723793438
0.14545,0.999999246750058,51.2052294171976,0.786551284794873,1.78616723793438
0.1455,0.999999247410299,51.2052241507545,0.786551284794873,1.78616723793438
0.14555,0.999999248070194,51.2052355740187,0.786551284794873,1.78616723793438
0.1456,0.999999248729737,51.2052270655856,0.786551284794873,1.78616723793438
0.14565,0.999999249388925,51.2052217429378,0.786551284794873,1.78616723793438
0.1457,0.999999250047753,51.2052404926653,0.786551284794873,1.78616723793438
0.14575,0.999999250706215,51.2052128697537,0.786551284794873,1.78616723793438
0.1458,0.999999251364309,51.2052361577346,0.786551284794873,1.78616723793438
0.14585,0.999999252022029,51.2052247250803,0.786551284794873,1.78616723793438
0.1459,0.99999925267937,51.2052197078819,0.786551284794873,1.78616723793438
0.14595,0.999999253336331,51.2052332921277,0.786551284794873,1.78616723793438
0.146,0.999999253992905,51.2052201661714,0.786551301636872,1.78616679993193
0.14605,0.999999254649089,51.2052207635487,0.786551301636872,1.78616679993193
0.1461,0.999999255304961,51.2052341162495,0.786551301636872,1.78616679993193
0.14615,0.999999255960475,51.2052099414829,0.786551301636872,1.78616679993193
0.1462,0.999999256615549,51.2052320883215,0.786551301636872,1.78616679993193
0.14625,0.999999257270221,51.2052204880997,0.786551301636872,1.78616679993193
0.1463,0.999999257924483,51.2052152406391,0.786551301636872,1.78616679993193
0.14635,0.999999258578337,51.2052310387068,0.786551301636872,1.78616679993193
0.1464,0.999999259231779,51.2052132232441,0.786551301636872,1.78616679993193
0.14645,0.999999259884803,51.2052202204874,0.786551301636872,1.78616679993193
0.1465,0.999999260537412,51.2052271962544,0.786551301636872,1.78616679993193
0.14655,0.999999261189597,51.2052077176066,0.786551301636872,1.78616679993193
0.1466,0.999999261841359,51.2052276505314,0.786551301636872,1.78616679993193
0.14665,0.999999262492699,51.2052163701051,0.786551301636872,1.78616679993193
0.1467,0.999999263143605,51.205211153917,0.786551301636872,1.78616679993193
0.14675,0.999999263794085,51.2052283325228,0.786551301636872,1.78616679993193
0.1468,0.999999264444135,51.2052068132725,0.786551301636872,1.78616679993193
0.14685,0.999999265093745,51.2052195075867,0.786551301636872,1.78616679993193
0.1469,0.999999265742927,51.2052203017177,0.786551301636872,1.78616679993193
0.14695,0.999999266391668,51.2052057247692,0.786551301636872,1.78616679993193
0.147,0.99999926703997,51.2052232192834,0.786551318460382,1.78616695081392
0.14705,0.999999267687838,51.2052120605609,0.786551318460382,1.78616695081392
0.1471,0.999999268335337,51.2052077665658,0.786551318460382,1.78616695081392
0.14715,0.99999926898244,51.2052247982742,0.786551318460382,1.78616695081392
0.1472,0.999999269629061,51.2052013892795,0.786551318460382,1.78616695081392
0.14725,0.999999270275232,51.2052181432518,0.786551318460382,1.78616695081392
0.1473,0.999999270920968,51.2052138891797,0.786551318460382,1.78616695081392
0.14735,0.999999271566254,51.2052036084905,0.786551318460382,1.78616695081392
0.1474,0.999999272211095,51.2052190319336,0.786551318460382,1.78616695081392
0.14745,0.999999272855498,51.2052074204673,0.786551318460382,1.78616695081392
0.1475,0.999999273499445,51.2052051831812,0.786551318460382,1.78616695081392
0.14755,0.999999274142956,51.2052203041484,0.786551318460382,1.78616695081392
0.1476,0.999999274786021,51.2051971447466,0.786551318460382,1.78616695081392
0.14765,0.999999275428634,51.2052158909246,0.786551318460382,1.78616695081392
0.1477,0.999999276070815,51.2052081819865,0.786551318460382,1.78616695081392
0.14775,0.999999276712544,51.2052012264888,0.786551318460382,1.78616695081392
0.1478,0.999999277353831,51.205215111161,0.786551318460382,1.78616695081392
0.14785,0.999999277994684,51.2052025461324,0.786551318460382,1.78616695081392
0.1479,0.999999278635083,51.2052032483734,0.786551318460382,1.78616695081392
0.14795,0.999999279275053,51.2052150037225,0.786551318460382,1.78616695081392
0.148,0.999999279914582,51.2051939837473,0.786551335263674,1.78616687014388
0.14805,0.999999280553667,51.2052127900651,0.786551335263674,1.78616687014388
0.1481,0.999999281192409,51.2052031585662,0.786551335263674,1.78616687014388
0.14815,0.999999281830744,51.2051986516416,0.786551335263674,1.78616687014388
0.1482,0.999999282468612,51.2052112821147,0.786551335263674,1.78616687014388
0.14825,0.999999283106055,51.2051977248122,0.786551335263674,1.78616687014388
0.1483,0.999999283743056,51.2052015989112,0.786551335263674,1.78616687014388
0.14835,0.999999284379645,51.2052092667519,0.786551335263674,1.78616687014388
0.1484,0.999999285015804,51.2051915896743,0.786551335263674,1.78616687014388
0.14845,0.999999285651535,51.2052090804657,0.786551335263674,1.78616687014388
0.1485,0.999999286286861,51.2051986313444,0.786551335263674,1.78616687014388
0.14855,0.999999286921756,51.205196078611,0.786551335263674,1.78616687014388
0.1486,0.999999287556244,51.2052072817721,0.786551335263674,1.78616687014388
0.14865,0.999999288190327,51.2051933142657,0.786551335263674,1.78616687014388
0.1487,0.999999288823987,51.2051998008558,0.786551335263674,1.78616687014388
0.14875,0.999999289457257,51.2052035407637,0.786551335263674,1.78616687014388
0.1488,0.999999290090119,51.205189564064,0.786551335263674,1.78616687014388
0.14885,0.999999290722577,51.205205062643,0.786551335263674,1.78616687014388
0.1489,0.999999291354655,51.2051943808629,0.786551335263674,1.78616687014388
0.14895,0.999999291986326,51.2051936843629,0.786551335263674,1.78616687014388
0.149,0.999999292617618,51.2052028941853,0.786551352045054,1.78616571530436
0.14905,0.99999929324853,51.2051895831827,0.786551352045054,1.78616571530436
0.1491,0.999999293879127,51.2051974982258,0.786551352045054,1.78616571530436
0.14915,0.999999294509407,51.2051981861976,0.786551352045054,1.78616571530436
0.1492,0.999999295139263,51.2051875732068,0.786551352045054,1.78616571530436
0.14925,0.999999295768751,51.2052009546825,0.786551352045054,1.78616571530436
0.1493,0.99999929639789,51.2051902801635,0.786551352045054,1.78616571530436
0.14935,0.999999297026652,51.2051915048096,0.786551352045054,1.78616571530436
0.1494,0.999999297655072,51.2051980925015,0.786551352045054,1.78616571530436
0.14945,0.999999298283145,51.2051866216269,0.786551352045054,1.78616571530436
0.1495,0.999999298910859,51.2051945524333,0.786551352045054,1.78616571530436
0.14955,0.999999299538253,51.2051933923378,0.786551352045054,1.78616571530436
0.1496,0.999999300165299,51.205185469346,0.786551352045054,1.78616571530436
0.14965,0.999999300792016,51.2051968316743,0.786551352045054,1.78616571530436
0.1497,0.999999301418422,51.2051863821284,0.786551352045054,1.78616571530436
0.14975,0.99999930204449,51.2051894068235,0.786551352045054,1.78616571530436
0.1498,0.999999302670259,51.2051930403889,0.786551352045054,1.78616571530436
0.14985,0.999999303295719,51.2051842707941,0.786551352045054,1.78616571530436
0.1499,0.999999303920863,51.2051910341169,0.786551352045054,1.78616571530436
0.14995,0.999999304545732,51.2051891194263,0.786551352045054,1.78616571530436
0.15,0.999999305170292,51.2051832717556,0.786551368802859,1.78616725930937
0.15005,0.999999305794572,35.4951062471625,0.786551368802859,1.78616725930937
0.1501,0.99999920374379,42.2785264786281,0.786551368802859,1.78616725930937
0.15015,0.999998891398783,34.163300672646,0.786551368802859,1.78616725930937
0.1502,0.999998375391178,42.4644825351886,0.786551368802859,1.78616725930937
0.15025,0.999997675319029,31.9993680903354,0.786551368802859,1.78616725930937
0.1503,0.999996800051364,42.7266714355061,0.786551368802859,1.78616725930937
0.15035,0.999995750324961,30.1735765796431,0.786551368802859,1.78616725930937
0.1504,0.999994527050862,43.0403829224855,0.786551368802859,1.78616725930937
0.15045,0.999993131262273,28.6238457903565,0.786551368802859,1.78616725930937
0.1505,0.99999156411734,43.387839419287,0.786551368802859,1.78616725930937
0.15055,0.999989826858616,27.2906098077082,0.786551368802859,1.78616725930937
0.1506,0.999987920823064,43.7567018317876,0.786551368802859,1.78616725930937
0.15065,0.99998584740894,26.1257825935272,0.786551368802859,1.78616725930937
0.1507,0.999983608089803,44.1385949247942,0.786551368802859,1.78616725930937
0.15075,0.999981204386287,25.0935397097236,0.786551368802859,1.78616725930937
0.1508,0.999978637882173,44.5279141730696,0.786551368802859,1.78616725930937
0.15085,0.999975910199491,24.1682010145401,0.786551368802859,1.78616725930937
0.1509,0.999973023015479,44.9209426310313,0.786551368802859,1.78616725930937
0.15095,0.999969978040065,23.3316178133264,0.786551368802859,1.78616725930937
0.151,0.999966777033012,45.3152278869717,0.786551385535459,1.78616696745486
0.15105,0.999963421783179,22.5709255819259,0.786551385535459,1.78616696745486
0.1511,0.999959914125509,45.7091548730786,0.786551385535459,1.78616696745486
0.15115,0.999956255921527,21.8768511577031,0.786551385535459,1.78616696745486
0.1512,0.999952449075826,46.101658192227,0.786551385535459,1.78616696745486
0.15125,0.999948495518124,21.2425200595607,0.786551385535459,1.78616696745486
0.1513,0.99994439721888,46.492030783665,0.786551385535459,1.78616696745486
0.15135,0.999940156172288,20.662648626281,0.786551385535459,1.78616696745486
0.1514,0.999935774411332,46.8797977378148,0.786551385535459,1.78616696745486
0.15145,0.999931253991703,20.1330102718737,0.786551385535459,1.78616696745486
0.1515,0.999926597006099,47.2646336221152,0.786551385535459,1.78616696745486
0.15155,0.999921805569041,19.6500887948364,0.786551385535459,1.78616696745486
0.1516,0.999916881830388,47.646308587864,0.786551385535459,1.78616696745486
0.15165,0.999911827961018,19.2108557451354,0.786551385535459,1.78616696745486
0.1517,0.999906646165558,48.0246533851583,0.786551385535459,1.78616696745486
0.15175,0.999901338668881,18.8126284526819,0.786551385535459,1.78616696745486
0.1518,0.999895907728065,48.3995367339572,0.786551385535459,1.78616696745486
0.15185,0.999890355619683,18.452979713142,0.786551385535459,1.78616696745486
0.1519,0.999884684650993,48.7708507345272,0.786551385535459,1.78616696745486
0.15195,0.999878897147997,18.1296801512963,0.786551385535459,1.78616696745486
0.152,0.999872995465883,49.1399274090825,0.786551406566279,1.9429074540107
0.15205,0.999866981972224,17.8456467426993,0.786551406566279,1.9429074540107
0.1521,0.999860859059646,49.5037957010423,0.786551406566279,1.9429074540107
0.15215,0.999854629146289,17.58891979577,0.786551406566279,1.9429074540107
0.1522,0.999848294679216,49.8638228887894,0.786551406566279,1.9429074540107
0.15225,0.999841858119302,17.3627063269624,0.786551406566279,1.9429074540107
0.1523,0.999835321952099,50.219932301634,0.786551406566279,1.9429074540107
0.15235,0.999828688678842,17.1653104884384,0.786551406566279,1.9429074540107
0.1524,0.999821960824018,50.5720462158736,0.786551406566279,1.9429074540107
0.15245,0.999815140926998,16.9951312963531,0.786551406566279,1.9429074540107
0.1525,0.999808231548933,50.9200853349978,0.786551406566279,1.9429074540107
0.15255,0.999801235265054,16.8506569703266,0.786551406566279,1.9429074540107
0.1526,0.999794154670896,51.2639684734425,0.786551406566279,1.9429074540107
0.15265,0.999786992375259,16.7304598209923,0.786551406566279,1.9429074540107
0.1527,0.999779751005775,51.6036123705386,0.786551406566279,1.9429074540107
0.15275,0.999772433202515,16.6331915035212,0.786551406566279,1.9429074540107
0.1528,0.999765041622913,51.938931587881,0.786551406566279,1.9429074540107
0.15285,0.999757578935999,16.5575785416223,0.786551406566279,1.9429074540107
0.1529,0.999750047826707,52.2698384599287,0.786551406566279,1.9429074540107
0.15295,0.999742450990712,16.5024180717631,0.786551406566279,1.9429074540107
0.153,0.999734791138133,52.5975713792959,0.786551444332731,2.09200361683318
0.15305,0.999727070983975,16.4707191562958,0.786551444332731,2.09200361683318
0.1531,0.999719293254041,52.9193447396792,0.786551444332731,2.09200361683318
0.15315,0.999711460690459,16.45307764019,0.786551444332731,2.09200361683318
0.1532,0.999703576049236,53.2364197773674,0.786551444332731,2.09200361683318
0.15325,0.999695642092271,16.4526454612389,0.786551444332731,2.09200361683318
0.1533,0.999687661591455,53.5487030560198,0.786551444332731,2.09200361683318
0.15335,0.999679637325924,16.4684714484716,0.786551444332731,2.09200361683318
0.1534,0.999671572083449,53.856097854466,0.786551444332731,2.09200361683318
0.15345,0.999663468658147,16.4996534558015,0.786551444332731,2.09200361683318
0.1535,0.999655329851325,54.1585046140586,0.786551444332731,2.09200361683318
0.15355,0.999647158469732,16.545336454141,0.786551444332731,2.09200361683318
0.1536,0.999638957325865,54.4558212414694,0.786551444332731,2.09200361683318
0.15365,0.999630729236748,16.6047103250188,0.786551444332731,2.09200361683318
0.1537,0.999622477023715,54.7479433174341,0.786551444332731,2.09200361683318
0.15375,0.999614203511708,16.6770075353346,0.786551444332731,2.09200361683318
0.1538,0.999605911528543,55.034764246343,0.786551444332731,2.09200361683318
0.15385,0.999597603904715,16.7615008011254,0.786551444332731,2.09200361683318
0.1539,0.999589283472159,55.3161753672415,0.786551444332731,2.09200361683318
0.15395,0.999580953064559,16.8575008040113,0.786551444332731,2.09200361683318
0.154,0.999572615515607,55.593310958256,0.786551517097912,2.23382827399007
0.15405,0.99956427365582,16.9678427623565,0.786551517097912,2.23382827399007
0.1541,0.999555930312841,55.8635291655675,0.786551517097912,2.23382827399007
0.15415,0.999547588319767,17.0848992449253,0.786551517097912,2.23382827399007
0.1542,0.999539250508605,56.1279910186427,0.786551517097912,2.23382827399007
0.15425,0.99953091970877,17.2115846085133,0.786551517097912,2.23382827399007
0.1543,0.999522598745258,56.3865832342296,0.786551517097912,2.23382827399007
0.15435,0.999514290441015,17.3473472450597,0.786551517097912,2.23382827399007
0.1544,0.999505997613327,56.6391897418388,0.786551517097912,2.23382827399007
0.15445,0.999497723076468,17.4916610260294,0.786551517097912,2.23382827399007
0.1545,0.999489469637642,56.8856921052312,0.786551517097912,2.23382827399007
0.15455,0.999481240100077,17.6440246962127,0.786551517097912,2.23382827399007
0.1546,0.999473037258523,57.1259698104298,0.786551517097912,2.23382827399007
0.15465,0.99946486390279,17.8039609772517,0.786551517097912,2.23382827399007
0.1547,0.999456722812803,57.359900466337,0.786551517097912,2.23382827399007
0.15475,0.999448616762576,17.9710155288013,0.786551517097912,2.23382827399007
0.1548,0.999440548514844,57.5873599500451,0.786551517097912,2.23382827399007
0.15485,0.999432520825453,18.1447558547945,0.786551517097912,2.23382827399007
0.1549,0.999424536437577,57.8082225170403,0.786551517097912,2.23382827399007
0.15495,0.999416598086527,18.3247702065905,0.786551517097912,2.23382827399007
0.155,0.999408708493552,58.0235409212479,0.786551646195454,2.36873606099743
0.15505,0.999400870368353,18.5136423413276,0.786551646195454,2.36873606099743
0.1551,0.999393086404672,58.2307854288336,0.786551646195454,2.36873606099743
0.15515,0.999385359289738,18.7050224505026,0.786551646195454,2.36873606099743
0.1552,0.999377691694921,58.4310384296929,0.786551646195454,2.36873606099743
0.15525,0.999370086280327,18.9015410757236,0.786551646195454,2.36873606099743
0.1553,0.999362545687568,58.6241711982581,0.786551646195454,2.36873606099743
0.15535,0.999355072546481,19.1028649292535,0.786551646195454,2.36873606099743
0.1554,0.999347669467352,58.8100527682549,0.786551646195454,2.36873606099743
0.15545,0.999340339047717,19.3086743767542,0.786551646195454,2.36873606099743
0.1555,0.999333083864205,58.9885503384994,0.786551646195454,2.36873606099743
0.15555,0.999325906479725,19.5186634818782,0.786551646195454,2.36873606099743
0.1556,0.999318809434926,59.1595295597502,0.786551646195454,2.36873606099743
0.15565,0.999311795255769,19.7325397687726,0.786551646195454,2.36873606099743
0.1557,0.999304866444617,59.3228547458087,0.786551646195454,2.36873606099743
0.15575,0.999298025488178,19.950023827571,0.786551646195454,2.36873606099743
0.1558,0.999291274848231,59.4783890361165,0.786551646195454,2.36873606099743
0.15585,0.999284616969941,20.1708488391329,0.786551646195454,2.36873606099743
0.1559,0.999278054272222,59.6259945302027,0.786551646195454,2.36873606099743
0.15595,0.999271589156418,20.3947600644179,0.786551646195454,2.36873606099743
0.156,0.999265223996317,59.7666715142788,0.786551853054053,2.4970643175931
0.15605,0.999258961145872,20.6240832279082,0.786551853054053,2.4970643175931
0.1561,0.999252802930743,59.8979611136082,0.786551853054053,2.4970643175931
0.15615,0.999246751657812,20.8534265263893,0.786551853054053,2.4970643175931
0.1562,0.999240809603888,60.0208950844574,0.786551853054053,2.4970643175931
0.15625,0.999234979026171,21.0851466265832,0.786551853054053,2.4970643175931
0.1563,0.999229262149963,60.1353351012809,0.786551853054053,2.4970643175931
0.15635,0.999223661179248,21.3190369602709,0.786551853054053,2.4970643175931
0.1564,0.999218178285351,60.2411414340343,0.786551853054053,2.4970643175931
0.15645,0.999212815617373,21.5548986784948,0.786551853054053,2.4970643175931
0.1565,0.999207575290512,60.3381733873338,0.786551853054053,2.4970643175931
0.15655,0.999202459396847,21.7925409569329,0.786551853054053,2.4970643175931
0.1566,0.999197469993336,60.4262896357364,0.786551853054053,2.4970643175931
0.15665,0.999192609112932,22.0317810413905,0.786551853054053,2.4970643175931
0.1567,0.999187878752261,60.5053484954615,0.786551853054053,2.4970643175931
0.15675,0.999183280883081,22.2724441406881,0.786551853054053,2.4970643175931
0.1568,0.999178817439639,60.5752081581199,0.786551853054053,2.4970643175931
0.15685,0.99917449033046,22.51436323296,0.786551853054053,2.4970643175931
0.1569,0.999170301425396,60.6357269046014,0.786551853054053,2.4970643175931
0.15695,0.999166252567744,22.7573788251954,0.786551853054053,2.4970643175931
0.157,0.999162345560987,60.6878917067825,0.786552156252205,2.61913393126178
0.15705,0.999158582181292,23.00358009546,0.786552156252205,2.61913393126178
0.1571,0.999154964165592,60.7292653334653,0.786552156252205,2.61913393126178
0.15715,0.999151493220591,23.2483187974181,0.786552156252205,2.61913393126178
0.1572,0.999148171010134,60.7608677348298,0.786552156252205,2.61913393126178
0.15725,0.999144999171272,23.4937069742151,0.786552156252205,2.61913393126178
0.1573,0.999141979297249,60.7825622051324,0.786552156252205,2.61913393126178
0.15735,0.999139112951624,23.7396168680609,0.786552156252205,2.61913393126178
0.1574,0.999136401653827,60.7942123292239,0.786552156252205,2.61913393126178
0.15745,0.999133846892881,23.9859252692523,0.786552156252205,2.61913393126178
0.1575,0.999131450112672,60.7956825431682,0.786552156252205,2.61913393126178
0.15755,0.999129212725981,24.2325139014821,0.786552156252205,2.61913393126178
0.1576,0.999127136099479,60.78683860827,0.786552156252205,2.61913393126178
0.15765,0.99912522156806,24.4792695739572,0.786552156252205,2.61913393126178
0.1577,0.999123470419564,60.7675480352543,0.786552156252205,2.61913393126178
0.15775,0.999121883909416,24.7260841933137,0.786552156252205,2.61913393126178
0.1578,0.999120463245074,60.7376804839565,0.786552156252205,2.61913393126178
0.15785,0.999119209600974,24.9728546922952,0.786552156252205,2.61913393126178
0.1579,0.999118124102707,60.6971081551992,0.786552156252205,2.61913393126178
0.15795,0.999117207842269,25.219482910472,0.786552156252205,2.61913393126178
0.158,0.999116461861971,60.6468603558014,0.786552568853443,2.73525013962087
0.15805,0.999115887171251,25.4678507585841,0.786552568853443,2.73525013962087
0.1581,0.999115484731862,60.5844709909616,0.786552568853443,2.73525013962087
0.15815,0.999115255466222,25.7138997428997,0.786552568853443,2.73525013962087
0.1582,0.999115200243815,60.5110050549816,0.786552568853443,2.73525013962087
0.15825,0.999115319902529,25.959530069187,0.786552568853443,2.73525013962087
0.1583,0.999115615227314,60.4263515929891,0.786552568853443,2.73525013962087
0.15835,0.999116086967558,26.2046654241114,0.786552568853443,2.73525013962087
0.1584,0.999116735820016,60.3304034458917,0.786552568853443,2.73525013962087
0.15845,0.999117562445484,26.4492321568791,0.786552568853443,2.73525013962087
0.1585,0.999118567451495,60.2230580461426,0.786552568853443,2.73525013962087
0.15855,0.999119751409269,26.6931596720797,0.786552568853443,2.73525013962087
0.1586,0.999121114836183,60.1042181383904,0.786552568853443,2.73525013962087
0.15865,0.999122658212982,26.9363806163938,0.786552568853443,2.73525013962087
0.1587,0.999124381966036,59.9737924571278,0.786552568853443,2.73525013962087
0.15875,0.999126286484812,27.1788309396525,0.786552568853443,2.73525013962087
0.1588,0.999128372103914,59.8316963859644,0.786552568853443,2.73525013962087
0.15885,0.999130639120818,27.4204498801267,0.786552568853443,2.73525013962087
0.1589,0.999133087777699,59.6778526133644,0.786552568853443,2.73525013962087
0.15895,0.999135718279423,27.661179904682,0.786552568853443,2.73525013962087
0.159,0.999138530775168,59.5134129290483,0.78655309626282,2.84570329367348
0.15905,0.999141525378896,27.9027246931621,0.78655309626282,2.84570329367348
0.1591,0.999144702152329,59.3358432435757,0.78655309626282,2.84570329367348
0.15915,0.999148061112689,28.1414985727374,0.78655309626282,2.84570329367348
0.1592,0.999151602218459,59.1463366681404,0.78655309626282,2.84570329367348
0.15925,0.999155325395378,28.379220589285,0.78655309626282,2.84570329367348
0.1593,0.999159230511411,58.9448545676885,0.78655309626282,2.84570329367348
0.15935,0.999163317396952,28.6158485030437,0.78655309626282,2.84570329367348
0.1594,0.9991675858257,58.7313681490406,0.78655309626282,2.84570329367348
0.15945,0.999172035533842,28.8513415081533,0.78655309626282,2.84570329367348
0.1595,0.999176666200761,58.5058595135779,0.78655309626282,2.84570329367348
0.15955,0.999181477468436,29.0856606080269,0.78655309626282,2.84570329367348
0.1596,0.999186468921989,58.2683226192495,0.78655309626282,2.84570329367348
0.15965,0.999191640109299,29.3187688082594,0.78655309626282,2.84570329367348
0.1597,0.999196990521392,58.0187641829343,0.78655309626282,2.84570329367348
0.15975,0.999202519612262,29.5506311970877,0.78655309626282,2.84570329367348
0.1598,0.999208226779116,57.7572045431551,0.78655309626282,2.84570329367348
0.15985,0.999214111382393,29.7812149574251,0.78655309626282,2.84570329367348
0.1599,0.999220172725868,57.4836784955375,0.78655309626282,2.84570329367348
0.15995,0.999226410076864,30.0104893374132,0.78655309626282,2.84570329367348
0.16,0.999232822646225,57.1995653141972,0.786553734818789,2.95076958383725
0.16005,0.999239409611578,30.240006126162,0.786553734818789,2.95076958383725
0.1601,0.999246170098898,56.9022482349549,0.786553734818789,2.95076958383725
0.16015,0.999253103189736,30.4665600585937,0.786553734818789,2.95076958383725
0.1602,0.999260207906707,56.593155791669,0.786553734818789,2.95076958383725
0.16025,0.999267483243186,30.6917161864596,0.786553734818789,2.95076958383725
0.1603,0.999274928135468,56.272391445782,0.786553734818789,2.95076958383725
0.16035,0.999282541485183,30.9154543669519,0.786553734818789,2.95076958383725
0.1604,0.999290322138821,55.9400759641156,0.786553734818789,2.95076958383725
0.16045,0.999298268908787,31.1377550218994,0.786553734818789,2.95076958383725
0.1605,0.999306380552838,55.5963484386843,0.786553734818789,2.95076958383725
0.16055,0.999314655795277,31.3585994878901,0.786553734818789,2.95076958383725
0.1606,0.999323093306313,55.2413671500047,0.786553734818789,2.95076958383725
0.16065,0.99933169172338,31.5779702047255,0.786553734818789,2.95076958383725
0.1607,0.999340449630438,54.8753103036696,0.786553734818789,2.95076958383725
0.16075,0.999349365579404,31.7958508037496,0.786553734818789,2.95076958383725
0.1608,0.999358438069392,54.4983766571559,0.786553734818789,2.95076958383725
0.16085,0.999367665568265,32.0122261343894,0.786553734818789,2.95076958383725
0.1609,0.999377046491815,54.1107860458208,0.786553734818789,2.95076958383725
0.16095,0.999386579225417,32.2270822535303,0.786553734818789,2.95076958383725
0.161,0.999396262103171,53.7142484330319,0.786554471282888,3.05071173056414
0.16105,0.999406093432812,32.4418420819612,0.786554471282888,3.05071173056414
0.1611,0.999416071476785,53.3060724866673,0.786554471282888,3.05071173056414
0.16115,0.999426194459005,32.6536058891558,0.786554471282888,3.05071173056414
0.1612,0.999436460550503,52.8880206151784,0.786554471282888,3.05071173056414
0.16125,0.999446867901495,32.8638082381512,0.786554471282888,3.05071173056414
0.1613,0.999457414611903,52.4604034570202,0.786554471282888,3.05071173056414
0.16135,0.999468098755061,33.0724422955184,0.786554471282888,3.05071173056414
0.1614,0.999478918356775,52.0235527371865,0.786554471282888,3.05071173056414
0.16145,0.999489871417339,33.2795011556894,0.786554471282888,3.05071173056414
0.1615,0.9995009558906,51.5778215386157,0.786554471282888,3.05071173056414
0.16155,0.99951216970601,33.4849781682155,0.786554471282888,3.05071173056414
0.1616,0.999523510747709,51.1235843231293,0.786554471282888,3.05071173056414
0.16165,0.999534976876605,33.68886711904,0.786554471282888,3.05071173056414
0.1617,0.999546565909479,50.6612367395096,0.786554471282888,3.05071173056414
0.16175,0.999558275641082,33.8911623219547,0.786554471282888,3.05071173056414
0.1618,0.999570103823277,50.1911952444906,0.786554471282888,3.05071173056414
0.16185,0.999582048187139,34.091858653408,0.786554471282888,3.05071173056414
0.1619,0.999594106422142,49.7138965530997,0.786554471282888,3.05071173056414
0.16195,0.99960627619825,34.2909515529694,0.786554471282888,3.05071173056414
0.162,0.999618555145163,49.2314128259894,0.786555283309043,3.14577964127854
0.16205,0.999630940877507,34.4897550128965,0.786555283309043,3.14577964127854
0.1621,0.999643430976443,48.7409762411372,0.786555283309043,3.14577964127854
0.16215,0.999656022995845,34.6856134093576,0.786555283309043,3.14577964127854
0.1622,0.999668714448615,48.2446968294756,0.786555283309043,3.14577964127854
0.16225,0.999681502839518,34.8798510874045,0.786555283309043,3.14577964127854
0.1623,0.999694385635398,47.7430873528897,0.786555283309043,3.14577964127854
0.16235,0.999707360289046,35.072467915737,0.786555283309043,3.14577964127854
0.1624,0.999720424218766,47.2366746169489,0.786555283309043,3.14577964127854
0.16245,0.999733574830247,35.2634632022713,0.786555283309043,3.14577964127854
0.1625,0.999746809496241,46.7259985193603,0.786555283309043,3.14577964127854
0.16255,0.999760125578352,35.4528359973265,0.786555283309043,3.14577964127854
0.1626,0.999773520406828,46.2116108387174,0.786555283309043,3.14577964127854
0.16265,0.99978699130226,35.6405852646295,0.786555283309043,3.14577964127854
0.1627,0.999800535555502,45.6940738239819,0.786555283309043,3.14577964127854
0.16275,0.99981415044926,35.8267099706631,0.786555283309043,3.14577964127854
0.1628,0.999827833238155,45.1739586298601,0.786555283309043,3.14577964127854
0.16285,0.999841581170189,36.0112091232518,0.786555283309043,3.14577964127854
0.1629,0.999855391466955,44.6518436330036,0.786555283309043,3.14577964127854
0.16295,0.999869261344977,36.1940817779168,0.786555283309043,3.14577964127854
0.163,0.999883187996073,44.1300495243887,0.786556140869415,3.23621103527588
0.16305,0.999897168611329,36.3765500382682,0.786556140869415,3.23621103527588
0.1631,0.999911200364268,43.6056830760586,0.786556140869415,3.23621103527588
0.16315,0.999925280416196,36.5561514090521,0.786556140869415,3.23621103527588
0.1632,0.999939405903762,43.0810669971406,0.786556140869415,3.23621103527588
0.16325,0.999953573970743,36.7341172751052,0.786556140869415,3.23621103527588
0.1633,0.999967781739419,42.5567941428159,0.786556140869415,3.23621103527588
0.16335,0.999982026333311,36.9104489626433,0.786556140869415,3.23621103527588
0.1634,0.999996304858255,42.0334538845487,0.786556140869415,3.23621103527588
0.16345,1.00001061442292,37.0851468449596,0.786556140869415,3.23621103527588
0.1635,1.00002495212009,41.5116306998489,0.786556140869415,3.23621103527588
0.16355,1.00003931504699,37.258210626818,0.786556140869415,3.23621103527588
0.1636,1.00005370028676,40.9919026199023,0.786556140869415,3.23621103527588
0.16365,1.00006810492856,37.429639508757,0.786556140869415,3.23621103527588
0.1637,1.00008252604931,40.4748396112365,0.786556140869415,3.23621103527588
0.16375,1.00009696073354,37.5994322758151,0.786556140869415,3.23621103527588
0.1638,1.00011140605536,39.9610019455166,0.786556140869415,3.23621103527588
0.16385,1.00012585909806,37.767587339879,0.786556140869415,3.23621103527588
0.1639,1.00014031693634,39.4509385965204,0.786556140869415,3.23621103527588
0.16395,1.00015477665568,37.934102752196,0.786556140869415,3.23621103527588
0.164,1.0001692353348,38.9469862103283,0.786557008497969,3.32223203814476
0.16405,1.00018369006692,38.1001232310666,0.786557008497969,3.32223203814476
0.1641,1.00019813794548,38.4460603953887,0.786557008497969,3.32223203814476
0.16415,1.00021257606829,38.2633368633096,0.786557008497969,3.32223203814476
0.1642,1.00022700152688,37.9504623142844,0.786557008497969,3.32223203814476
0.16425,1.00024141143551,38.4248967868214,0.786557008497969,3.32223203814476
0.1643,1.00025580290501,37.4606852789337,0.786557008497969,3.32223203814476
0.16435,1.00027017306321,38.58480160948,0.786557008497969,3.32223203814476
0.1644,1.00028451903839,36.9772030353747,0.786557008497969,3.32223203814476
0.16445,1.00029883797728,38.7430486731018,0.786557008497969,3.32223203814476
0.1645,1.00031312702888,36.5004692878886,0.786557008497969,3.32223203814476
0.16455,1.00032738336213,38.8996343201374,0.786557008497969,3.32223203814476
0.1646,1.00034160414997,36.0309171626605,0.786557008497969,3.32223203814476
0.16465,1.00035578658675,39.0545540495199,0.786557008497969,3.32223203814476
0.1647,1.00036992787259,35.5689586788349,0.786557008497969,3.32223203814476
0.16475,1.00038402523042,39.207802602345,0.786557008497969,3.32223203814476
0.1648,1.00039807589068,35.1149842736259,0.786557008497969,3.32223203814476
0.16485,1.00041207710801,39.3593740042071,0.786557008497969,3.32223203814476
0.1649,1.00042602614629,34.6693624067604,0.786557008497969,3.32223203814476
0.16495,1.00043992029494,39.5092615800832,0.786557008497969,3.32223203814476
0.165,1.00045375685429,34.2342341922793,0.786557848106275,3.40405774719871
0.16505,1.00046753315301,39.6585450056337,0.786557848106275,3.40405774719871
0.1651,1.00048124653697,33.8063287440248,0.786557848106275,3.40405774719871
0.16515,1.00049489437195,39.8050272571647,0.786557848106275,3.40405774719871
0.1652,1.00050847403528,33.3877361802444,0.786557848106275,3.40405774719871
0.16525,1.00052198294037,39.9497957123657,0.786557848106275,3.40405774719871
0.1653,1.00053541851445,32.9787392661616,0.786557848106275,3.40405774719871
0.16535,1.0005487782154,40.0928428175994,0.786557848106275,3.40405774719871
0.1654,1.00056205951843,32.5795968025759,0.786557848106275,3.40405774719871
0.16545,1.00057525993056,40.2341594872534,0.786557848106275,3.40405774719871
0.1655,1.00058837697771,32.190544403126,0.786557848106275,3.40405774719871
0.16555,1.0006014082187,40.3737353590957,0.786557848106275,3.40405774719871
0.1656,1.00061435123276,31.8117951562069,0.786557848106275,3.40405774719871
0.16565,1.00062720363311,40.5115589469656,0.786557848106275,3.40405774719871
0.1657,1.00063996305479,31.4435402356505,0.786557848106275,3.40405774719871
0.16575,1.0006526271679,40.6476177290215,0.786557848106275,3.40405774719871
0.1658,1.00066519366578,31.0859495022824,0.786557848106275,3.40405774719871
0.16585,1.00067766027778,40.7818981955141,0.786557848106275,3.40405774719871
0.1659,1.0006900247579,30.7391721166562,0.786557848106275,3.40405774719871
0.16595,1.00070228489706,40.9143858715013,0.786557848106275,3.40405774719871
0.166,1.00071443851215,30.4050676208763,0.786558622049348,3.48189276933145
0.16605,1.00072648345854,41.0461058945771,0.786558622049348,3.48189276933145
0.1661,1.0007384176227,30.0802802752772,0.786558622049348,3.48189276933145
0.16615,1.00075023892327,41.1749461454441,0.786558622049348,3.48189276933145
0.1662,1.00076194530517,29.7666256864976,0.786558622049348,3.48189276933145
0.16625,1.00077353475865,41.3019389537167,0.786558622049348,3.48189276933145
0.1663,1.00078500530174,29.4641809022897,0.786558622049348,3.48189276933145
0.16635,1.00079635499273,41.4270679208105,0.786558622049348,3.48189276933145
0.1664,1.00080758192062,29.1730041900251,0.786558622049348,3.48189276933145
0.16645,1.00081868421534,41.5503149455578,0.786558622049348,3.48189276933145
0.1665,1.00082966003864,28.8931363533991,0.786558622049348,3.48189276933145
0.16655,1.00084050759383,41.6716604776099,0.786558622049348,3.48189276933145
0.1666,1.00085122511708,28.6246018516563,0.786558622049348,3.48189276933145
0.16665,1.00086181088667,41.7910836739187,0.786558622049348,3.48189276933145
0.1667,1.00087226321473,28.3674097915101,0.786558622049348,3.48189276933145
0.16675,1.00088258045605,41.9085624948722,0.786558622049348,3.48189276933145
0.1668,1.00089276100014,28.1215548355621,0.786558622049348,3.48189276933145
0.16685,1.00090280327968,42.0240737625423,0.786558622049348,3.48189276933145
0.1669,1.00091270576297,27.8870180541334,0.786558622049348,3.48189276933145
0.16695,1.00092246696184,42.1375931952937,0.786558622049348,3.48189276933145
0.167,1.00093208542456,27.6653965447422,0.78655929608891,3.55593173264078
0.16705,1.0009415597432,42.2501009160789,0.78655929608891,3.55593173264078
0.1671,1.00095088854999,27.4533847362205,0.78655929608891,3.55593173264078
0.16715,1.00096007051678,42.35954509881,0.78655929608891,3.55593173264078
0.1672,1.00096910435183,27.25255085803,0.78655929608891,3.55593173264078
0.16725,1.00097798881261,42.4669128346282,0.78655929608891,3.55593173264078
0.1673,1.00098672269353,27.0628332428215,0.78655929608891,3.55593173264078
0.16735,1.00099530483374,42.5721774365571,0.78655929608891,3.55593173264078
0.1674,1.00100373411149,26.8841589231425,0.78655929608891,3.55593173264078
0.16745,1.00101200944992,42.6753104815998,0.78655929608891,3.55593173264078
0.1675,1.00102012981184,26.7164448458802,0.78655929608891,3.55593173264078
0.16755,1.00102809420502,42.7762820711885,0.78655929608891,3.55593173264078
0.1676,1.00103590167743,26.5595988558624,0.78655929608891,3.55593173264078
0.16765,1.001043551322,42.8750610005724,0.78655929608891,3.55593173264078
0.1677,1.00105104227232,26.4135205239734,0.78655929608891,3.55593173264078
0.16775,1.00105837370695,42.9716148718864,0.78655929608891,3.55593173264078
0.1678,1.00106554484546,26.2781018667624,0.78655929608891,3.55593173264078
0.16785,1.00107255495236,43.0659101726374,0.78655929608891,3.55593173264078
0.1679,1.0010794033335,26.1532279871752,0.78655929608891,3.55593173264078
0.16795,1.00108608933955,43.1579123331809,0.78655929608891,3.55593173264078
0.168,1.00109261236281,26.0402884469752,0.786559841923334,3.62635977310015
0.16805,1.00109897183938,43.2485657890861,0.786559841923334,3.62635977310015
0.1681,1.0011051672493,25.9361307095524,0.786559841923334,3.62635977310015
0.16815,1.0011111981144,43.3358596770969,0.786559841923334,3.62635977310015
0.1682,1.00111706399768,25.842127931864,0.786559841923334,3.62635977310015
0.16825,1.00112276450986,43.4207456020989,0.786559841923334,3.62635977310015
0.1683,1.00112829930249,25.7581465125042,0.786559841923334,3.62635977310015
0.16835,1.00113366807106,43.5031869903827,0.786559841923334,3.62635977310015
0.1684,1.00113887055329,25.6840470626027,0.786559841923334,3.62635977310015
0.16845,1.00114390653049,43.5831457416632,0.786559841923334,3.62635977310015
0.1685,1.00114877582622,25.6196853170636,0.786559841923334,3.62635977310015
0.16855,1.00115347830725,43.6605825129262,0.786559841923334,3.62635977310015
0.1686,1.00115801388261,25.5649128254122,0.786559841923334,3.62635977310015
0.16865,1.00116238250409,43.7354569163804,0.786559841923334,3.62635977310015
0.1687,1.00116658416566,25.5195774960756,0.786559841923334,3.62635977310015
0.16875,1.00117061890362,43.8077276639408,0.786559841923334,3.62635977310015
0.1688,1.00117448679633,25.483524040752,0.786559841923334,3.62635977310015
0.16885,1.00117818796396,43.8773526791514,0.786559841923334,3.62635977310015
0.1689,1.00118172256861,25.4565943486053,0.786559841923334,3.62635977310015
0.16895,1.00118509081363,43.9442891898229,0.786559841923334,3.62635977310015
0.169,1.00118829294412,25.4400182714839,0.786560239022448,3.69335299749503
0.16905,1.0011913292444,44.0094563821085,0.786560239022448,3.69335299749503
0.1691,1.00119420004143,25.430848222518,0.786560239022448,3.69335299749503
0.16915,1.00119690570148,44.0708710682716,0.786560239022448,3.69335299749503
0.1692,1.0011994466318,25.4303051148884,0.786560239022448,3.69335299749503
0.16925,1.00120182328118,44.1294604457304,0.786560239022448,3.69335299749503
0.1693,1.00120403613841,25.4382257313775,0.786560239022448,3.69335299749503
0.16935,1.00120608573096,44.185181519458,0.786560239022448,3.69335299749503
0.1694,1.0012079726269,25.4544440654504,0.786560239022448,3.69335299749503
0.16945,1.00120969743229,44.2379903333118,0.786560239022448,3.69335299749503
0.1695,1.00121126079337,25.4787919852441,0.786560239022448,3.69335299749503
0.16955,1.00121266339365,44.2878422872332,0.786560239022448,3.69335299749503
0.1696,1.00121390595639,25.5110997008595,0.786560239022448,3.69335299749503
0.16965,1.00121498924134,44.3346923717997,0.786560239022448,3.69335299749503
0.1697,1.00121591404756,25.5511961043757,0.786560239022448,3.69335299749503
0.16975,1.0012166812098,44.3784953513465,0.786560239022448,3.69335299749503
0.1698,1.00121729160162,25.5989090257534,0.786560239022448,3.69335299749503
0.16985,1.00121774613145,44.4192059162168,0.786560239022448,3.69335299749503
0.1699,1.00121804574602,25.6540654324401,0.786560239022448,3.69335299749503
0.16995,1.00121819142608,44.4567788165774,0.786560239022448,3.69335299749503
0.17,1.00121818419012,25.717766866039,0.786560475605535,3.75707892378161
0.17005,1.00121802508802,44.4921206288598,0.786560475605535,3.75707892378161
0.1701,1.00121771520698,25.7872843998684,0.786560475605535,3.75707892378161
0.17015,1.00121725566748,44.5232694106139,0.786560475605535,3.75707892378161
0.1702,1.00121664762686,25.8637146397059,0.786560475605535,3.75707892378161
0.17025,1.00121589227464,44.5511413244803,0.786560475605535,3.75707892378161
0.1703,1.00121499083572,25.9468855090027,0.786560475605535,3.75707892378161
0.17035,1.00121394456542,44.5756943238262,0.786560475605535,3.75707892378161
0.1704,1.00121275475436,26.0366235046706,0.786560475605535,3.75707892378161
0.17045,1.00121142272265,44.5968863797162,0.786560475605535,3.75707892378161
0.1705,1.00120994982499,26.1327542129814,0.786560475605535,3.75707892378161
0.17055,1.00120833744464,44.6146758359049,0.786560475605535,3.75707892378161
0.1706,1.00120658699874,26.2351026520652,0.786560475605535,3.75707892378161
0.17065,1.00120469993204,44.6290216821739,0.786560475605535,3.75707892378161
0.1707,1.00120267772242,26.3434935054766,0.786560475605535,3.75707892378161
0.17075,1.00120052187439,44.6398837761373,0.786560475605535,3.75707892378161
0.1708,1.00119823392489,26.4577512860994,0.786560475605535,3.75707892378161
0.17085,1.00119581543645,44.6472230331622,0.786560475605535,3.75707892378161
0.1709,1.00119326800327,26.5777004553591,0.786560475605535,3.75707892378161
0.17095,1.00119059324416,44.6510015966568,0.786560475605535,3.75707892378161
0.171,1.00118779280884,26.7043337910472,0.78656054871151,3.81769689996897
0.17105,1.00118486836862,44.6521286223576,0.78656054871151,3.81769689996897
0.1711,1.00118182162431,26.835134740039,0.78656054871151,3.81769689996897
0.17115,1.00117865430167,44.6486643685977,0.78656054871151,3.81769689996897
0.1712,1.00117536815656,26.9710935777398,0.78656054871151,3.81769689996897
0.17125,1.00117196496591,44.6415298059471,0.78656054871151,3.81769689996897
0.1713,1.00116844653498,27.1120381004384,0.78656054871151,3.81769689996897
0.17135,1.00116481468951,44.6306952580935,0.78656054871151,3.81769689996897
0.1714,1.00116107128287,27.2577953191304,0.78656054871151,3.81769689996897
0.17145,1.00115721818793,44.6161323835537,0.78656054871151,3.81769689996897
0.1715,1.0011532573043,27.4081919046597,0.78656054871151,3.81769689996897
0.17155,1.00114919055005,44.5978145468642,0.78656054871151,3.81769689996897
0.1716,1.00114501986915,27.5630544793376,0.78656054871151,3.81769689996897
0.17165,1.00114074722296,44.5757171055319,0.78656054871151,3.81769689996897
0.1717,1.00113637459787,27.7222098124311,0.78656054871151,3.81769689996897
0.17175,1.00113190399663,44.5498176424527,0.78656054871151,3.81769689996897
0.1718,1.00112733744612,27.8854849563913,0.78656054871151,3.81769689996897
0.17185,1.00112267698852,44.5200961619325,0.78656054871151,3.81769689996897
0.1719,1.00111792468927,28.0527073451262,0.78656054871151,3.81769689996897
0.17195,1.00111308262802,44.4865352627983,0.78656054871151,3.81769689996897
0.172,1.00110815290683,28.2247751153348,0.786560463411347,3.87535850257208
0.17205,1.00110313763896,44.4500629370605,0.786560463411347,3.87535850257208
0.1721,1.00109803895783,28.3993708317483,0.786560463411347,3.87535850257208
0.17215,1.00109285901241,44.4087690681896,0.786560463411347,3.87535850257208
0.1722,1.00108759997342,28.5773922284952,0.786560463411347,3.87535850257208
0.17225,1.00108226402104,44.3635957637382,0.786560463411347,3.87535850257208
0.1723,1.00107685335531,28.7586714544349,0.786560463411347,3.87535850257208
0.17235,1.00107137018622,44.3145392027957,0.786560463411347,3.87535850257208
0.1724,1.0010658167425,28.9430403525154,0.786560463411347,3.87535850257208
0.17245,1.00106019526178,44.2615982143013,0.786560463411347,3.87535850257208
0.1725,1.0010545079995,29.1303308677649,0.786560463411347,3.87535850257208
0.17255,1.00104875721894,44.2047746218986,0.786560463411347,3.87535850257208
0.1726,1.00104294520024,29.3203753170554,0.786560463411347,3.87535850257208
0.17265,1.00103707423033,44.1440734990031,0.786560463411347,3.87535850257208
0.1727,1.00103114661207,29.513006572287,0.786560463411347,3.87535850257208
0.17275,1.00102516465404,44.0795033649551,0.786560463411347,3.87535850257208
0.1728,1.00101913067981,29.708058190277,0.786560463411347,3.87535850257208
0.17285,1.00101304701761,44.0110763386549,0.786560463411347,3.87535850257208
0.1729,1.00100691600972,29.9053645092839,0.786560463411347,3.87535850257208
0.17295,1.00100074000201,43.9388082637325,0.786560463411347,3.87535850257208
0.173,1.00099452135347,30.1057418519296,0.786560231290774,3.93020791563201
0.17305,1.0009882624239,43.8636591822439,0.786560231290774,3.93020791563201
0.1731,1.00098196558333,30.3070579310633,0.786560231290774,3.93020791563201
0.17315,1.00097563320756,43.7837594648542,0.786560231290774,3.93020791563201
0.1732,1.00096926768494,30.510130807002,0.786560231290774,3.93020791563201
0.17325,1.00096287140177,43.7000847033972,0.786560231290774,3.93020791563201
0.1733,1.00095644675511,30.7148009475087,0.786560231290774,3.93020791563201
0.17335,1.00094999614145,43.6126682361452,0.786560231290774,3.93020791563201
0.1734,1.00094352196651,30.9209090179384,0.786560231290774,3.93020791563201
0.17345,1.00093702663439,43.5215468480591,0.786560231290774,3.93020791563201
0.1735,1.00093051255746,31.128296263903,0.786560231290774,3.93020791563201
0.17355,1.00092398214546,43.4267610301382,0.786560231290774,3.93020791563201
0.1736,1.00091743781538,31.3368047676988,0.786560231290774,3.93020791563201
0.17365,1.00091088198057,43.3283551427219,0.786560231290774,3.93020791563201
0.1737,1.00090431706067,31.5462776268266,0.786560231290774,3.93020791563201
0.17375,1.00089774547061,43.2263775142522,0.786560231290774,3.93020791563201
0.1738,1.00089116963065,31.7565590826854,0.786560231290774,3.93020791563201
0.17385,1.00088459195535,43.1208804929108,0.786560231290774,3.93020791563201
0.1739,1.00087801486356,31.9674946189907,0.786560231290774,3.93020791563201
0.17395,1.00087144076744,43.0119204638691,0.786560231290774,3.93020791563201
0.174,1.00086487208246,32.1798318122908,0.786559868381248,3.98238229125122
0.17405,1.00085831121499,42.9004939088268,0.786559868381248,3.98238229125122
0.1741,1.00085176057142,32.3916104385918,0.786559868381248,3.98238229125122
0.17415,1.00084522255405,42.7847813380492,0.786559868381248,3.98238229125122
0.1742,1.00083869956804,32.6035819686025,0.786559868381248,3.98238229125122
0.17425,1.00083219400554,42.6657942290765,0.786559868381248,3.98238229125122
0.1743,1.00082570825994,32.8155996932529,0.786559868381248,3.98238229125122
0.17435,1.00081924471383,42.5436065643813,0.786559868381248,3.98238229125122
0.1744,1.00081280574921,33.0275176477616,0.786559868381248,3.98238229125122
0.17445,1.00080639373629,42.4182955023674,0.786559868381248,3.98238229125122
0.1745,1.00080001104368,33.2391909639068,0.786559868381248,3.98238229125122
0.17455,1.00079366002723,42.2899415154426,0.786559868381248,3.98238229125122
0.1746,1.00078734304017,33.4504761057975,0.786559868381248,3.98238229125122
0.17465,1.00078106242199,42.1586284319902,0.786559868381248,3.98238229125122
0.1747,1.00077482050857,33.6612310331063,0.786559868381248,3.98238229125122
0.17475,1.00076861962106,42.0244434134911,0.786559868381248,3.98238229125122
0.1748,1.00076246207601,33.8713153178802,0.786559868381248,3.98238229125122
0.17485,1.00075635017425,41.8874768867264,0.786559868381248,3.98238229125122
0.1749,1.00075028621103,34.0805902313239,0.786559868381248,3.98238229125122
0.17495,1.00074427246489,41.7478224435363,0.786559868381248,3.98238229125122
0.175,1.00073831120781,34.2897480218314,0.786559392742826,4.03201209254517
0.17505,1.00073240469316,41.6065035826592,0.786559392742826,4.03201209254517
0.1751,1.00072655516412,34.4969877164302,0.786559392742826,4.03201209254517
0.17515,1.00072076485004,41.4617550840633,0.786559392742826,4.03201209254517
0.1752,1.0007150359733,34.7030073177832,0.786559392742826,4.03201209254517
0.17525,1.0007093707328,41.3146124990943,0.786559392742826,4.03201209254517
0.1753,1.00070377131906,34.9076774478839,0.786559392742826,4.03201209254517
0.17535,1.00069823990206,41.165182393474,0.786559392742826,4.03201209254517
0.1754,1.00069277864122,35.1108699404391,0.786559392742826,4.03201209254517
0.17545,1.00068738967451,41.0135730975242,0.786559392742826,4.03201209254517
0.1755,1.00068207512838,35.3124581539033,0.786559392742826,4.03201209254517
0.17555,1.00067683710686,40.8598947472146,0.786559392742826,4.03201209254517
0.1756,1.0006716777015,35.5123171788093,0.786559392742826,4.03201209254517
0.17565,1.00066659898049,40.7042592356917,0.786559392742826,4.03201209254517
0.1757,1.00066160299859,35.7103239775343,0.786559392742826,4.03201209254517
0.17575,1.00065669178628,40.5467801049117,0.786559392742826,4.03201209254517
0.1758,1.00065186735961,35.9063574825504,0.786559392742826,4.03201209254517
0.17585,1.00064713170948,40.3875723987485,0.786559392742826,4.03201209254517
0.1759,1.00064248681137,36.1002986668145,0.786559392742826,4.03201209254517
0.17595,1.00063793461475,40.226752489816,0.786559392742826,4.03201209254517
0.176,1.00063347705268,36.2927972344562,0.786558821911814,4.07922141986809
0.17605,1.00062911603087,40.0653482825641,0.786558821911814,4.07922141986809
0.1761,1.00062485343488,36.4821974064028,0.786558821911814,4.07922141986809
0.17615,1.00062069112722,39.9016471809017,0.786558821911814,4.07922141986809
0.1762,1.00061663095372,36.669155961443,0.786558821911814,4.07922141986809
0.17625,1.00061267472724,39.7366845513474,0.786558821911814,4.07922141986809
0.1763,1.00060882424283,36.8535642963077,0.786558821911814,4.07922141986809
0.17635,1.000605081266,39.5705817903209,0.786558821911814,4.07922141986809
0.1764,1.00060144754218,37.0353153543519,0.786558821911814,4.07922141986809
0.17645,1.00059792478645,39.4034599807638,0.786558821911814,4.07922141986809
0.1765,1.00059451469288,37.214303903031,0.786558821911814,4.07922141986809
0.17655,1.00059121892438,39.2354399079787,0.786558821911814,4.07922141986809
0.1766,1.00058803912194,37.3904267145311,0.786558821911814,4.07922141986809
0.17665,1.00058497689461,39.0666419950806,0.786558821911814,4.07922141986809
0.1767,1.00058203382865,37.563582684953,0.786558821911814,4.07922141986809
0.17675,1.00057921147755,38.8971861886739,0.786558821911814,4.07922141986809
0.1768,1.00057651137117,37.7336729148873,0.786558821911814,4.07922141986809
0.17685,1.00057393500586,38.7271918149093,0.786558821911814,4.07922141986809
0.1769,1.00057148385341,37.9006007649149,0.786558821911814,4.07922141986809
0.17695,1.00056915935145,38.5567774196607,0.786558821911814,4.07922141986809
0.177,1.00056696291216,38.0649851726871,0.786558170426695,4.12412832112854
0.17705,1.00056489591284,38.3869460484478,0.786558170426695,4.12412832112854
0.1771,1.00056295970158,38.2252998446286,0.786558170426695,4.12412832112854
0.17715,1.0005611555955,38.2160337973258,0.786558170426695,4.12412832112854
0.1772,1.00055948488616,38.3821715466331,0.786558170426695,4.12412832112854
0.17725,1.00055794882424,38.0450465023407,0.786558170426695,4.12412832112854
0.1773,1.00055654863412,38.53551467511,0.786558170426695,4.12412832112854
0.17735,1.00055528550324,37.8740995668092,0.786558170426695,4.12412832112854
0.1774,1.00055416059047,38.6852453821406,0.786558170426695,4.12412832112854
0.17745,1.00055317501711,37.7033061812774,0.786558170426695,4.12412832112854
0.1775,1.00055232987513,38.8312818217826,0.786558170426695,4.12412832112854
0.17755,1.00055162621835,37.5327773987208,0.786558170426695,4.12412832112854
0.1776,1.00055106507053,38.9735443090357,0.786558170426695,4.12412832112854
0.17765,1.00055064741674,37.3626221356746,0.786558170426695,4.12412832112854
0.1777,1.00055037421127,39.111955423179,0.786558170426695,4.12412832112854
0.17775,1.00055024636918,37.1929471301798,0.786558170426695,4.12412832112854
0.1778,1.00055026477408,39.2464400762168,0.786558170426695,4.12412832112854
0.17785,1.00055043026986,37.0238568756478,0.786558170426695,4.12412832112854
0.1779,1.00055074366834,39.3769255596939,0.786558170426695,4.12412832112854
0.17795,1.00055120574109,36.8554535427249,0.786558170426695,4.12412832112854
0.178,1.00055181722701,39.504010807861,0.786557447641516,4.16684508697062
0.17805,1.0005525788248,36.6886892669409,0.786557447641516,4.16684508697062
0.1781,1.00055349119673,39.6262820275691,0.786557447641516,4.16684508697062
0.17815,1.00055455496854,36.5219478920853,0.786557447641516,4.16684508697062
0.1782,1.0005557707336,39.7443462553432,0.786557447641516,4.16684508697062
0.17825,1.00055713903894,36.3561811002564,0.786557447641516,4.16684508697062
0.1783,1.00055866039893,39.85814214385,0.786557447641516,4.16684508697062
0.17835,1.00056033528619,36.1914825739707,0.786557447641516,4.16684508697062
0.1784,1.00056216413849,39.9676102531004,0.786557447641516,4.16684508697062
0.17845,1.00056414735156,36.0279427105201,0.786557447641516,4.16684508697062
0.1785,1.00056628528582,40.0726932824667,0.786557447641516,4.16684508697062
0.17855,1.00056857825939,35.865648786321,0.786557447641516,4.16684508697062
0.1786,1.00057102655466,40.1733362230544,0.786557447641516,4.16684508697062
0.17865,1.00057363041152,35.7046850492834,0.786557447641516,4.16684508697062
0.1787,1.00057639003375,40.2694864601257,0.786557447641516,4.16684508697062
0.17875,1.00057930558244,35.545132769041,0.786557447641516,4.16684508697062
0.1788,1.00058237718222,40.3610938440928,0.786557447641516,4.16684508697062
0.17885,1.00058560491493,35.3870702636005,0.786557447641516,4.16684508697062
0.1789,1.00058898882565,40.4481107423757,0.786557447641516,4.16684508697062
0.17895,1.00059252891653,35.2305729142005,0.786557447641516,4.16684508697062
0.179,1.00059622515275,40.5311264247198,0.786556656024264,4.20747853155912
0.17905,1.00060007745725,35.0765260575739,0.786556656024264,4.20747853155912
0.1791,1.0006040857125,40.60882272922,0.786556656024264,4.20747853155912
0.17915,1.00060824976248,34.9233655946646,0.786556656024264,4.20747853155912
0.1792,1.0006125694152,40.6817971022613,0.786556656024264,4.20747853155912
0.17925,1.00061704443058,34.7719750234895,0.786556656024264,4.20747853155912
0.1793,1.0006216745328,40.7500138103866,0.786556656024264,4.20747853155912
0.17935,1.00062645940327,34.6224196169766,0.786556656024264,4.20747853155912
0.1794,1.00063139868574,40.8134392436056,0.786556656024264,4.20747853155912
0.17945,1.00063649198128,34.4747612177417,0.786556656024264,4.20747853155912
0.1795,1.00064173885327,40.8720421443006,0.786556656024264,4.20747853155912
0.17955,1.0006471388226,34.3290584765573,0.786556656024264,4.20747853155912
0.1796,1.00065269137248,40.9257937622658,0.786556656024264,4.20747853155912
0.17965,1.00065839594385,34.1853670184715,0.786556656024264,4.20747853155912
0.1797,1.00066425194001,40.9746679634253,0.786556656024264,4.20747853155912
0.17975,1.00067025872228,34.0437395647728,0.786556656024264,4.20747853155912
0.1798,1.00067641561442,41.0186413096925,0.786556656024264,4.20747853155912
0.17985,1.00068272189858,33.904226028652,0.786556656024264,4.20747853155912
0.1799,1.00068917681943,41.057693121331,0.786556656024264,4.20747853155912
0.17995,1.00069577958045,33.7668735955812,0.786556656024264,4.20747853155912
0.18,1.00070252934784,41.0924136824057,0.786555790112415,4.24613025967052
0.18005,1.00070942524796,33.6324962929548,0.786555790112415,4.24613025967052
0.1801,1.00071646636663,41.121565371656,0.786555790112415,4.24613025967052
0.18015,1.00072365175399,33.4995900381253,0.786555790112415,4.24613025967052
0.1802,1.00073098042499,41.1457467034442,0.786555790112415,4.24613025967052
0.18025,1.00073845134912,33.3689671024204,0.786555790112415,4.24613025967052
0.1803,1.00074606346148,41.1649499174162,0.786555790112415,4.24613025967052
0.18035,1.00075381565798,33.2406658918743,0.786555790112415,4.24613025967052
0.1804,1.00076170679846,41.1791697103774,0.786555790112415,4.24613025967052
0.18045,1.00076973570418,33.1147218828311,0.786555790112415,4.24613025967052
0.1805,1.00077790116078,41.1884034685158,0.786555790112415,4.24613025967052
0.18055,1.00078620191598,32.9911678901852,0.786555790112415,4.24613025967052
0.1806,1.00079463668235,41.192651430092,0.786555790112415,4.24613025967052
0.18065,1.00080320413527,32.8700342616738,0.786555790112415,4.24613025967052
0.1807,1.0008119029155,41.191916804244,0.786555790112415,4.24613025967052
0.18075,1.00082073162738,32.7513490259168,0.786555790112415,4.24613025967052
0.1808,1.00082968884116,41.1862058618217,0.786555790112415,4.24613025967052
0.18085,1.00083877309154,32.6351380118408,0.786555790112415,4.24613025967052
0.1809,1.00084798287972,41.1755280090801,0.786555790112415,4.24613025967052
0.18095,1.00085731667222,32.5214249498664,0.786555790112415,4.24613025967052
0.181,1.00086677290273,41.1604856619943,0.786554836251674,4.28289692075789
0.18105,1.00087634997224,32.4109563878398,0.786554836251674,4.28289692075789
0.1811,1.0008860462457,41.1399095847239,0.786554836251674,4.28289692075789
0.18115,1.00089586006036,32.3022962730914,0.786554836251674,4.28289692075789
0.1812,1.00090578972379,41.1144105427547,0.786554836251674,4.28289692075789
0.18125,1.00091583350554,32.1961901142592,0.786554836251674,4.28289692075789
0.1813,1.00092598964683,41.0840124178136,0.786554836251674,4.28289692075789
0.18135,1.00093625635807,32.0926554458382,0.786554836251674,4.28289692075789
0.1814,1.00094663182,41.0487419870047,0.786554836251674,4.28289692075789
0.18145,1.00095711418361,31.9917075940499,0.786554836251674,4.28289692075789
0.1815,1.00096770157106,41.0086291504563,0.786554836251674,4.28289692075789
0.18155,1.00097839207594,31.8933599388673,0.786554836251674,4.28289692075789
0.1816,1.00098918376391,40.9637070899495,0.786554836251674,4.28289692075789
0.18165,1.00100007467325,31.7976241043702,0.786554836251674,4.28289692075789
0.1817,1.00101106281524,40.9140123831504,0.786554836251674,4.28289692075789
0.18175,1.00102214617499,31.7045101022452,0.786554836251674,4.28289692075789
0.1818,1.00103332271164,40.8595850882403,0.786554836251674,4.28289692075789
0.18185,1.00104459035936,31.6140264467954,0.786554836251674,4.28289692075789
0.1819,1.00105594702743,40.8004688094709,0.786554836251674,4.28289692075789
0.18195,1.00106739060142,31.526180249694,0.786554836251674,4.28289692075789
0.182,1.00107891894307,40.7372888162193,0.786553773173702,4.31787045062484
0.18205,1.00109052989281,31.4416583651556,0.786553773173702,4.31787045062484
0.1821,1.00110222126386,40.6689352612484,0.786553773173702,4.31787045062484
0.18215,1.00111399085434,31.3590977984373,0.786553773173702,4.31787045062484
0.1822,1.00112583644272,40.5960417122865,0.786553773173702,4.31787045062484
0.18225,1.00113775578084,31.279185129018,0.786553773173702,4.31787045062484
0.1823,1.0011497466026,40.5186677320402,0.786553773173702,4.31787045062484
0.18235,1.00116180662365,31.2019238788184,0.786553773173702,4.31787045062484
0.1824,1.00117393354043,40.4368761256814,0.786553773173702,4.31787045062484
0.18245,1.00118612503253,31.1273160309812,0.786553773173702,4.31787045062484
0.1825,1.00119837876156,40.3507331406976,0.786553773173702,4.31787045062484
0.18255,1.00121069237374,31.0553622638066,0.786553773173702,4.31787045062484
0.1826,1.00122306349855,40.2603085963166,0.786553773173702,4.31787045062484
0.18265,1.00123548975156,30.9860621154345,0.786553773173702,4.31787045062484
0.1827,1.0012479687329,40.1656759670109,0.786553773173702,4.31787045062484
0.18275,1.00126049803025,30.9194141025485,0.786553773173702,4.31787045062484
0.1828,1.00127307521716,40.0669124348129,0.786553773173702,4.31787045062484
0.18285,1.00128569785626,30.8554158101678,0.786553773173702,4.31787045062484
0.1829,1.00129836349733,39.9640989191493,0.786553773173702,4.31787045062484
0.18295,1.0013110696808,30.7940639623243,0.786553773173702,4.31787045062484
0.183,1.00132381393557,39.857891335454,0.786552573378347,4.35113830131293
0.18305,1.00133659378367,30.7359942336882,0.786552573378347,4.35113830131293
0.1831,1.00134940673176,39.7472319841719,0.786552573378347,4.35113830131293
0.18315,1.0013622502873,30.6799175645447,0.786552573378347,4.35113830131293
0.1832,1.00137512195129,39.6327843979199,0.786552573378347,4.35113830131293
0.18325,1.00138801921198,30.626469797133,0.786552573378347,4.35113830131293
0.1833,1.00140093955308,39.514645785205,0.786552573378347,4.35113830131293
0.18335,1.00141388045508,30.5756459010027,0.786552573378347,4.35113830131293
0.1834,1.0014268393925,39.3929165703482,0.786552573378347,4.35113830131293
0.18345,1.00143981383823,30.5274397525595,0.786552573378347,4.35113830131293
0.1835,1.00145280126055,39.2677005348221,0.786552573378347,4.35113830131293
0.18355,1.00146579912771,30.4818443334904,0.786552573378347,4.35113830131293
0.1836,1.00147880490475,39.1391048853681,0.786552573378347,4.35113830131293
0.18365,1.00149181605821,30.4388518644549,0.786552573378347,4.35113830131293
0.1837,1.00150483005286,39.0072402727231,0.786552573378347,4.35113830131293
0.18375,1.00151784435654,30.3984538966728,0.786552573378347,4.35113830131293
0.1838,1.0015308564367,38.8722207755911,0.786552573378347,4.35113830131293
0.18385,1.00154386376541,30.3606413759114,0.786552573378347,4.35113830131293
0.1839,1.00155686381579,38.7341638595254,0.786552573378347,4.35113830131293
0.18395,1.00156985406712,30.3254046894323,0.786552573378347,4.35113830131293
0.184,1.00158283200109,38.593757621887,0.786551205187259,4.38278365977735
0.18405,1.0015957951079,30.2933354895789,0.786551205187259,4.38278365977735
0.1841,1.0016087408754,38.4499887190243,0.786551205187259,4.38278365977735
0.18415,1.00162166680928,30.2632154383078,0.786551205187259,4.38278365977735
0.1842,1.00163457042323,38.3035509565965,0.786551205187259,4.38278365977735
0.18425,1.00164744923245,30.2356364254898,0.786551205187259,4.38278365977735
0.1843,1.00166030076187,38.1545759008672,0.786551205187259,4.38278365977735
0.18435,1.00167312254873,30.2105880024007,0.786551205187259,4.38278365977735
0.1844,1.00168591213815,38.0031975875552,0.786551205187259,4.38278365977735
0.18445,1.00169866708903,30.1880588503093,0.786551205187259,4.38278365977735
0.1845,1.0017113849695,37.8495525759841,0.786551205187259,4.38278365977735
0.18455,1.00172406336289,30.1680369487006,0.786551205187259,4.38278365977735
0.1846,1.00173669986313,37.6937799302546,0.786551205187259,4.38278365977735
0.18465,1.00174929208076,30.1505096817496,0.786551205187259,4.38278365977735
0.1847,1.00176183763824,37.5360211507716,0.786551205187259,4.38278365977735
0.18475,1.00177433417606,30.1354639054873,0.786551205187259,4.38278365977735
0.1848,1.00178677934785,37.3764200711757,0.786551205187259,4.38278365977735
0.18485,1.00179917082672,30.1228859884354,0.786551205187259,4.38278365977735
0.1849,1.00181150630018,37.2151227310365,0.786551205187259,4.38278365977735
0.18495,1.00182378347651,30.1127618360059,0.786551205187259,4.38278365977735
0.185,1.00183600007968,37.0528412439521,0.786549635246075,4.41288565589757
0.18505,1.00184815385623,30.1056444079602,0.786549635246075,4.41288565589757
0.1851,1.00186024256241,36.888595540701,0.786549635246075,4.41288565589757
0.18515,1.00187226398816,30.1003800445148,0.786549635246075,4.41288565589757
0.1852,1.00188421594499,36.7230999552307,0.786549635246075,4.41288565589757
0.18525,1.00189609625813,30.0975217040609,0.786549635246075,4.41288565589757
0.1853,1.00190790277575,36.5565090627863,0.786549635246075,4.41288565589757
0.18535,1.00191963337185,30.0970545555889,0.786549635246075,4.41288565589757
0.1854,1.0019312859408,36.388978321103,0.786549635246075,4.41288565589757
0.18545,1.00194285840393,30.0989629115546,0.786549635246075,4.41288565589757
0.1855,1.00195434870403,36.2206640505485,0.786549635246075,4.41288565589757
0.18555,1.00196575481202,30.1032303675854,0.786549635246075,4.41288565589757
0.1856,1.00197707472133,36.0517233430504,0.786549635246075,4.41288565589757
0.18565,1.00198830645457,30.10983988385,0.786549635246075,4.41288565589757
0.1857,1.00199944805791,35.8823139251757,0.786549635246075,4.41288565589757
0.18575,1.00201049760776,30.118773830219,0.786549635246075,4.41288565589757
0.1858,1.00202145320503,35.7125939899982,0.786549635246075,4.41288565589757
0.18585,1.00203231298192,30.1300140079632,0.786549635246075,4.41288565589757
0.1859,1.00204307509605,35.5427220079378,0.786549635246075,4.41288565589757
0.18595,1.00205373773728,30.1435416565404,0.786549635246075,4.41288565589757
0.186,1.00206429912182,35.3734157497302,0.786547831189885,4.44151956034333
0.18605,1.00207475749923,30.1598742872991,0.786547831189885,4.44151956034333
0.1861,1.00208511113784,35.2037136859609,0.786547831189885,4.44151956034333
0.18615,1.00209535835241,30.1779150045766,0.786547831189885,4.44151956034333
0.1862,1.00210549748989,35.0343311497747,0.786547831189885,4.44151956034333
0.18625,1.00211552691937,30.1981808389055,0.786547831189885,4.44151956034333
0.1863,1.00212544504305,34.8654268945515,0.786547831189885,4.44151956034333
0.18635,1.0021352502987,30.2206516976467,0.786547831189885,4.44151956034333
0.1864,1.00214494115364,34.6971583873986,0.786547831189885,4.44151956034333
0.18645,1.00215451611149,30.2453064911371,0.786547831189885,4.44151956034333
0.1865,1.00216397370616,34.5296817564148,0.786547831189885,4.44151956034333
0.18655,1.00217331250849,30.2721232542013,0.786547831189885,4.44151956034333
0.1866,1.00218253112024,34.3631516724025,0.786547831189885,4.44151956034333
0.18665,1.00219162818076,30.3010792140859,0.786547831189885,4.44151956034333
0.1867,1.00220060236091,34.1977211912133,0.786547831189885,4.44151956034333
0.18675,1.00220945236971,30.3321508239891,0.786547831189885,4.44151956034333
0.1868,1.00221817694825,34.0335415713304,0.786547831189885,4.44151956034333
0.18685,1.00222677487628,30.3653137755544,0.786547831189885,4.44151956034333
0.1869,1.00223524496616,33.8707620776674,0.786547831189885,4.44151956034333
0.18695,1.00224358606937,30.4005429972767,0.786547831189885,4.44151956034333
0.187,1.00225179707046,33.7100810183909,0.786545764165055,4.46875697279048
0.18705,1.00225987689348,30.4383220993803,0.786545764165055,4.46875697279048
0.1871,1.00226782448614,33.5505394591333,0.786545764165055,4.46875697279048
0.18715,1.00227563885075,30.4776024253906,0.786545764165055,4.46875697279048
0.1872,1.0022833190284,33.3928284325199,0.786545764165055,4.46875697279048
0.18725,1.00229086408574,30.5188665689002,0.786545764165055,4.46875697279048
0.1873,1.00229827312854,33.2370884597307,0.786545764165055,4.46875697279048
0.18735,1.00230554530301,30.562087200705,0.786545764165055,4.46875697279048
0.1874,1.00231267978989,33.0834565805834,0.786545764165055,4.46875697279048
0.18745,1.00231967581058,30.6072357817376,0.786545764165055,4.46875697279048
0.1875,1.00232653262125,32.9320663358642,0.786545764165055,4.46875697279048
0.18755,1.00233324951892,30.6542826719718,0.786545764165055,4.46875697279048
0.1876,1.00233982583554,32.783047691151,0.786545764165055,4.46875697279048
0.18765,1.00234626094404,30.7031971890901,0.786545764165055,4.46875697279048
0.1877,1.00235255425245,32.6365269273585,0.786545764165055,4.46875697279048
0.18775,1.00235870520982,30.7539476358433,0.786545764165055,4.46875697279048
0.1878,1.00236471330042,32.492626512815,0.786545764165055,4.46875697279048
0.18785,1.00237057804956,30.8065013076596,0.786545764165055,4.46875697279048
0.1879,1.00237629901785,32.3514649670377,0.786545764165055,4.46875697279048
0.18795,1.00238187580689,30.8608244884912,0.786545764165055,4.46875697279048
0.188,1.00238730805359,32.2136957880848,0.786543410924813,4.49466600095747
0.18805,1.00239259543554,30.9173673170996,0.786543410924813,4.49466600095747
0.1881,1.00239773765428,32.0783501137244,0.786543410924813,4.49466600095747
0.18815,1.00240273446928,30.9751212425208,0.786543410924813,4.49466600095747
0.1882,1.00240758568094,31.9460704800367,0.786543410924813,4.49466600095747
0.18825,1.00241229111352,31.034534896037,0.786543410924813,4.49466600095747
0.1883,1.00241685063196,31.8169595124121,0.786543410924813,4.49466600095747
0.18835,1.00242126414166,31.0955712668233,0.786543410924813,4.49466600095747
0.1884,1.00242553158298,31.6911147736297,0.786543410924813,4.49466600095747
0.18845,1.00242965293652,31.1581919126045,0.786543410924813,4.49466600095747
0.1885,1.00243362821765,31.5686288276734,0.786543410924813,4.49466600095747
0.18855,1.00243745748169,31.2223570680345,0.786543410924813,4.49466600095747
0.1886,1.00244114081853,31.4495892487258,0.786543410924813,4.49466600095747
0.18865,1.00244467835766,31.2880257066956,0.786543410924813,4.49466600095747
0.1887,1.00244807026288,31.3340785991223,0.786543410924813,4.49466600095747
0.18875,1.00245131673724,31.3551555746234,0.786543410924813,4.49466600095747
0.1888,1.00245441801783,31.2221743913835,0.786543410924813,4.49466600095747
0.18885,1.00245737438052,31.4237032065113,0.786543410924813,4.49466600095747
0.1889,1.00246018613495,31.1139490438398,0.786543410924813,4.49466600095747
0.18895,1.00246285362911,31.4936239316188,0.786543410924813,4.49466600095747
0.189,1.00246537724435,31.0099923330737,0.786540755280741,4.51931143091013
0.18905,1.00246775739944,31.5653344371997,0.786540755280741,4.51931143091013
0.1891,1.00246999453332,30.9093204469501,0.786540755280741,4.51931143091013
0.18915,1.00247208914183,31.6378594891708,0.786540755280741,4.51931143091013
0.1892,1.00247404175987,30.8125104442735,0.786540755280741,4.51931143091013
0.18925,1.00247585294016,31.7116140398096,0.786540755280741,4.51931143091013
0.1893,1.00247752327379,30.7196151817734,0.786540755280741,4.51931143091013
0.18935,1.00247905338812,31.7865494325284,0.786540755280741,4.51931143091013
0.1894,1.00248044394213,30.6306817980803,0.786540755280741,4.51931143091013
0.18945,1.00248169563049,31.8626154692044,0.786540755280741,4.51931143091013
0.1895,1.00248280917897,30.5457518714208,0.786540755280741,4.51931143091013
0.18955,1.00248378534839,31.9397605280963,0.786540755280741,4.51931143091013
0.1896,1.00248462493015,30.4648615238576,0.786540755280741,4.51931143091013
0.18965,1.00248532875004,32.0179316387065,0.786540755280741,4.51931143091013
0.1897,1.00248589766387,30.388041494677,0.786540755280741,4.51931143091013
0.18975,1.00248633256117,32.0970745302967,0.786540755280741,4.51931143091013
0.1898,1.00248663436091,30.3153171974618,0.786540755280741,4.51931143091013
0.18985,1.00248680401502,32.177133664823,0.786540755280741,4.51931143091013
0.1899,1.00248684250435,30.2467087699858,0.786540755280741,4.51931143091013
0.18995,1.00248675084192,32.2580522611522,0.786540755280741,4.51931143091013
0.19,1.00248653006907,30.1827331039599,0.786537788783333,4.54275488906057
0.19005,1.00248618125794,32.3402143023155,0.786537788783333,4.54275488906057
0.1901,1.00248570549402,30.1223949543974,0.786537788783333,4.54275488906057
0.19015,1.00248510391536,32.4226734979572,0.786537788783333,4.54275488906057
0.1902,1.00248437769431,30.0661987964634,0.786537788783333,4.54275488906057
0.19025,1.0024835280118,32.5058122933435,0.786537788783333,4.54275488906057
0.1903,1.00248255608207,30.0141453461822,0.786537788783333,4.54275488906057
0.19035,1.00248146314842,32.589569940754,0.786537788783333,4.54275488906057
0.1904,1.00248025047976,29.9662298786163,0.786537788783333,4.54275488906057
0.19045,1.00247891937326,32.6738842385891,0.786537788783333,4.54275488906057
0.1905,1.00247747115098,29.9224424604885,0.786537788783333,4.54275488906057
0.19055,1.00247590716238,32.7586916692537,0.786537788783333,4.54275488906057
0.1906,1.00247422878109,29.8827681290218,0.786537788783333,4.54275488906057
0.19065,1.00247243740731,32.8439274978868,0.786537788783333,4.54275488906057
0.1907,1.00247053446465,29.8471870372715,0.786537788783333,4.54275488906057
0.19075,1.00246852140242,32.9295258468947,0.786537788783333,4.54275488906057
0.1908,1.00246639969259,29.8156745810502,0.786537788783333,4.54275488906057
0.19085,1.00246417083198,33.015419756721,0.786537788783333,4.54275488906057
0.1909,1.00246183633927,29.7882015159303,0.786537788783333,4.54275488906057
0.19095,1.0024593977571,33.1015412396026,0.786537788783333,4.54275488906057
0.191,1.00245685664925,29.7652124437744,0.786534510603357,4.56505499626532
0.19105,1.00245421460182,33.1882440385145,0.786534510603357,4.56505499626532
0.1911,1.00245147320549,29.7457112325379,0.786534510603357,4.56505499626532
0.19115,1.00244863409726,33.2746096102616,0.786534510603357,4.56505499626532
0.1912,1.00244569894173,29.7301319599314,0.786534510603357,4.56505499626532
0.19125,1.00244266940122,33.3609909567323,0.786534510603357,4.56505499626532
0.1913,1.00243954716451,29.7184290650576,0.786534510603357,4.56505499626532
0.19135,1.00243633394068,33.4473172569614,0.786534510603357,4.56505499626532
0.1914,1.00243303145677,29.7105524944162,0.786534510603357,4.56505499626532
0.19145,1.00242964145916,33.5335166205585,0.786534510603357,4.56505499626532
0.1915,1.0024261657114,29.706447978615,0.786534510603357,4.56505499626532
0.19155,1.00242260599546,33.6195162517454,0.786534510603357,4.56505499626532
0.1916,1.00241896410962,29.7060572557651,0.786534510603357,4.56505499626532
0.19165,1.00241524186967,33.705242575276,0.786534510603357,4.56505499626532
0.1917,1.0024114411069,29.7093182609191,0.786534510603357,4.56505499626532
0.19175,1.00240756366913,33.7906213395529,0.786534510603357,4.56505499626532
0.1918,1.0024036114189,29.7161652946871,0.786534510603357,4.56505499626532
0.19185,1.00239958623432,33.8755777062211,0.786534510603357,4.56505499626532
0.1919,1.00239549000737,29.7265291810901,0.786534510603357,4.56505499626532
0.19195,1.00239132464467,33.9600363316912,0.786534510603357,4.56505499626532
0.192,1.00238709206588,29.740790122864,0.786530926674302,4.586267514408
0.19205,1.0023827942037,34.0443258591484,0.786530926674302,4.586267514408
0.1921,1.00237843298579,29.7579656149317,0.786530926674302,4.586267514408
0.19215,1.0023740103789,34.1275579778923,0.786530926674302,4.586267514408
0.1922,1.00236952836996,29.7784282175474,0.786530926674302,4.586267514408
0.19225,1.00236498893197,34.2100619957291,0.786530926674302,4.586267514408
0.1923,1.00236039405693,29.802097398139,0.786530926674302,4.586267514408
0.19235,1.00235574574767,34.2917620703047,0.786530926674302,4.586267514408
0.1924,1.00235104601673,29.8288894848187,0.786530926674302,4.586267514408
0.19245,1.00234629688652,34.372581960355,0.786530926674302,4.586267514408
0.1925,1.00234150038833,29.8587179602887,0.786530926674302,4.586267514408
0.19255,1.00233665856236,34.4524452102315,0.786530926674302,4.586267514408
0.1926,1.00233177345684,29.8914937028741,0.786530926674302,4.586267514408
0.19265,1.002326847128,34.5312752979631,0.786530926674302,4.586267514408
0.1927,1.00232188163924,29.9271251918886,0.786530926674302,4.586267514408
0.19275,1.00231687906098,34.6089957604412,0.786530926674302,4.586267514408
0.1928,1.00231184147,29.9655186904743,0.786530926674302,4.586267514408
0.19285,1.00230677094918,34.6855303057906,0.786530926674302,4.586267514408
0.1929,1.00230166958687,30.0065784151567,0.786530926674302,4.586267514408
0.19295,1.0022965394766,34.7608029173841,0.786530926674302,4.586267514408
0.193,1.00229138271653,30.0506327095493,0.786527048222823,4.60644548583307
0.19305,1.00228620140847,34.8351248928615,0.786527048222823,4.60644548583307
0.1931,1.00228099763945,30.0967285009931,0.786527048222823,4.60644548583307
0.19315,1.00227577352811,34.9076437242243,0.786527048222823,4.60644548583307
0.1932,1.00227053120551,30.1451897705865,0.786527048222823,4.60644548583307
0.19325,1.00226527277731,34.978673234426,0.786527048222823,4.60644548583307
0.1933,1.00226000036045,30.1959151020737,0.786527048222823,4.60644548583307
0.19335,1.00225471607326,35.0481402094255,0.786527048222823,4.60644548583307
0.1934,1.00224942203541,30.2488014121438,0.786527048222823,4.60644548583307
0.19345,1.002244120367,35.115971928333,0.786527048222823,4.60644548583307
0.1935,1.00223881318862,30.3037442334003,0.786527048222823,4.60644548583307
0.19355,1.00223350262039,35.182096358546,0.786527048222823,4.60644548583307
0.1936,1.00222819078208,30.3606379447927,0.786527048222823,4.60644548583307
0.19365,1.00222287979206,35.2464423146076,0.786527048222823,4.60644548583307
0.1937,1.00221757176753,30.4193759673974,0.786527048222823,4.60644548583307
0.19375,1.00221226882334,35.3089395922345,0.786527048222823,4.60644548583307
0.1938,1.00220697307236,30.479850937483,0.786527048222823,4.60644548583307
0.19385,1.00220168662418,35.3695190886818,0.786527048222823,4.60644548583307
0.1939,1.00219641158561,30.5419548644844,0.786527048222823,4.60644548583307
0.19395,1.00219115005923,35.4281129123503,0.786527048222823,4.60644548583307
0.194,1.00218590414402,30.6059785548865,0.786522889855021,4.62563936597934
0.19405,1.00218067593337,35.4850247397766,0.786522889855021,4.62563936597934
0.1941,1.00217546749638,30.6710128226492,0.786522889855021,4.62563936597934
0.19415,1.00217028092631,35.5394453957163,0.786522889855021,4.62563936597934
0.1942,1.00216511832115,30.7373472483081,0.786522889855021,4.62563936597934
0.19425,1.00215998174232,35.591683090639,0.786522889855021,4.62563936597934
0.1943,1.00215487325492,30.8048737045007,0.786522889855021,4.62563936597934
0.19435,1.00214979491629,35.6416764520841,0.786522889855021,4.62563936597934
0.1944,1.0021447487768,30.873483772555,0.786522889855021,4.62563936597934
0.19445,1.00213973687814,35.689365537572,0.786522889855021,4.62563936597934
0.1945,1.00213476125424,30.9430689998283,0.786522889855021,4.62563936597934
0.19455,1.00212982392944,35.734692015614,0.786522889855021,4.62563936597934
0.1946,1.00212492691955,31.0135211060785,0.786522889855021,4.62563936597934
0.19465,1.00212007222986,35.7775993102395,0.786522889855021,4.62563936597934
0.1947,1.00211526185631,31.0847321552911,0.786522889855021,4.62563936597934
0.19475,1.00211049778348,35.8180327200498,0.786522889855021,4.62563936597934
0.1948,1.00210578198577,31.1565947045368,0.786522889855021,4.62563936597934
0.19485,1.00210111642535,35.8559395218566,0.786522889855021,4.62563936597934
0.1949,1.00209650305339,31.2290019373261,0.786522889855021,4.62563936597934
0.19495,1.00209194380798,35.8912690626709,0.786522889855021,4.62563936597934
0.195,1.00208744061541,31.3022211291236,0.786518467385095,4.6438971495448
0.19505,1.00208299538768,35.9243272612154,0.786518467385095,4.6438971495448
0.1951,1.00207861000323,31.3753984285949,0.786518467385095,4.6438971495448
0.19515,1.00207428635744,35.9543555601457,0.786518467385095,4.6438971495448
0.1952,1.00207002634292,31.4488025457053,0.786518467385095,4.6438971495448
0.19525,1.00206583180512,35.9816660809109,0.786518467385095,4.6438971495448
0.1953,1.00206170458577,31.5223311980132,0.786518467385095,4.6438971495448
0.19535,1.00205764651006,36.0062178971794,0.786518467385095,4.6438971495448
0.1954,1.00205365938827,31.5958829400051,0.786518467385095,4.6438971495448
0.19545,1.00204974501327,36.0279722768508,0.786518467385095,4.6438971495448
0.1955,1.00204590516226,31.6693573773145,0.786518467385095,4.6438971495448
0.19555,1.00204214159419,36.0468928343956,0.786518467385095,4.6438971495448
0.1956,1.00203845605156,31.7426553326937,0.786518467385095,4.6438971495448
0.19565,1.00203485025782,36.0629456463917,0.786518467385095,4.6438971495448
0.1957,1.00203132591921,31.8156789784486,0.786518467385095,4.6438971495448
0.19575,1.00202788472209,36.076099342251,0.786518467385095,4.6438971495448
0.1958,1.00202452833483,31.8883319463692,0.786518467385095,4.6438971495448
0.19585,1.00202125840515,36.0863251771805,0.786518467385095,4.6438971495448
0.1959,1.00201807656204,31.9605194230176,0.786518467385095,4.6438971495448
0.19595,1.00201498441301,36.0935970934923,0.786518467385095,4.6438971495448
0.196,1.00201198354613,32.0324971630241,0.786513795596771,4.66126449049844
0.19605,1.00200907552703,36.0982312726907,0.786513795596771,4.66126449049844
0.1961,1.00200626187909,32.1034738430673,0.786513795596771,4.66126449049844
0.19615,1.00200354413594,36.0995248566257,0.786513795596771,4.66126449049844
0.1962,1.00200092382141,32.1737085257846,0.786513795596771,4.66126449049844
0.19625,1.00199840240239,36.0978012529277,0.786513795596771,4.66126449049844
0.1963,1.00199598133513,32.2431142108694,0.786513795596771,4.66126449049844
0.19635,1.00199366205139,36.0930462312805,0.786513795596771,4.66126449049844
0.1964,1.00199144596058,32.3116054995138,0.786513795596771,4.66126449049844
0.19645,1.00198933444683,36.0852482050963,0.786513795596771,4.66126449049844
0.1965,1.00198732887126,32.3790987653613,0.786513795596771,4.66126449049844
0.19655,1.00198543056901,36.0743983396784,0.786513795596771,4.66126449049844
0.1966,1.00198364085151,32.4455122805445,0.786513795596771,4.66126449049844
0.19665,1.0019819610035,36.0604906237448,0.786513795596771,4.66126449049844
0.1967,1.00198039228538,32.5107663110146,0.786513795596771,4.66126449049844
0.19675,1.00197893593013,36.0435219159368,0.786513795596771,4.66126449049844
0.1968,1.00197759314577,32.5747831910995,0.786513795596771,4.66126449049844
0.19685,1.00197636511223,36.0234919736839,0.786513795596771,4.66126449049844
0.1969,1.00197525298382,32.6374873847061,0.786513795596771,4.66126449049844
0.19695,1.00197425788615,36.0004034693098,0.786513795596771,4.66126449049844
0.197,1.00197338091855,32.6991321005562,0.786508886124269,4.67778481623887
0.19705,1.00197262315106,35.974587522928,0.786508886124269,4.67778481623887
0.1971,1.0019719856037,32.7589911143758,0.786508886124269,4.67778481623887
0.19715,1.0019714693013,35.9453984905321,0.786508886124269,4.67778481623887
0.1972,1.00197107525283,32.8173220382642,0.786508886124269,4.67778481623887
0.19725,1.00197080440195,35.9131748242509,0.786508886124269,4.67778481623887
0.1973,1.00197065767593,32.874059070289,0.786508886124269,4.67778481623887
0.19735,1.0019706359709,35.877931463562,0.786508886124269,4.67778481623887
0.1974,1.00197074015447,32.9291384444742,0.786508886124269,4.67778481623887
0.19745,1.00197097106256,35.8396860077265,0.786508886124269,4.67778481623887
0.1975,1.00197132950208,32.9824985636312,0.786508886124269,4.67778481623887
0.19755,1.0019718162477,35.7984587780842,0.786508886124269,4.67778481623887
0.1976,1.00197243204457,33.0340800893941,0.786508886124269,4.67778481623887
0.19765,1.00197317760514,35.7542728456022,0.786508886124269,4.67778481623887
0.1977,1.00197405361184,33.0838260042436,0.786508886124269,4.67778481623887
0.19775,1.00197506071393,35.7071540348709,0.786508886124269,4.67778481623887
0.1978,1.00197619953021,33.131681654243,0.786508886124269,4.67778481623887
0.19785,1.00197747064585,35.6571309122211,0.786508886124269,4.67778481623887
0.1979,1.00197887461515,33.1775947795012,0.786508886124269,4.67778481623887
0.19795,1.00198041195837,35.6042347622959,0.786508886124269,4.67778481623887
0.198,1.00198208316448,33.2218221176167,0.786503745631541,4.69349943618551
0.19805,1.00198388868819,35.5488119899122,0.786503745631541,4.69349943618551
0.1981,1.00198582892839,33.263701245859,0.786503745631541,4.69349943618551
0.19815,1.00198790428539,35.4902715126582,0.786503745631541,4.69349943618551
0.1982,1.00199011513951,33.3034937065636,0.786503745631541,4.69349943618551
0.19825,1.00199246179967,35.4289662916352,0.786503745631541,4.69349943618551
0.1983,1.00199494455463,33.3411577006484,0.786503745631541,4.69349943618551
0.19835,1.00199756365771,35.3649386896337,0.786503745631541,4.69349943618551
0.1984,1.00200031932969,33.3766536118551,0.786503745631541,4.69349943618551
0.19845,1.00200321175565,35.2982333566235,0.786503745631541,4.69349943618551
0.1985,1.00200624108787,33.4099441098717,0.786503745631541,4.69349943618551
0.19855,1.00200940744272,35.2288972535775,0.786503745631541,4.69349943618551
0.1986,1.00201271090353,33.4409942142326,0.786503745631541,4.69349943618551
0.19865,1.00201615151756,35.1569796435493,0.786503745631541,4.69349943618551
0.1987,1.00201972929882,33.4697713329402,0.786503745631541,4.69349943618551
0.19875,1.0020234442251,35.0825320605494,0.786503745631541,4.69349943618551
0.1988,1.00202729624082,33.4962452846896,0.786503745631541,4.69349943618551
0.19885,1.00203128525402,35.0056082637284,0.786503745631541,4.69349943618551
0.1989,1.00203541113929,33.5203883103683,0.786503745631541,4.69349943618551
0.19895,1.00203967373475,34.9262641812831,0.786503745631541,4.69349943618551
0.199,1.00204407284497,33.542464193804,0.786498374454621,4.7084476450736
0.19905,1.00204860823831,34.8448579312709,0.786498374454621,4.7084476450736
0.1991,1.00205327962434,33.5618701330388,0.786498374454621,4.7084476450736
0.19915,1.00205808671377,34.7608468905137,0.786498374454621,4.7084476450736
0.1992,1.00206302919624,33.5788746271956,0.786498374454621,4.7084476450736
0.19925,1.00206810668704,34.6745942463003,0.786498374454621,4.7084476450736
0.1993,1.0020733187806,33.593460288723,0.786498374454621,4.7084476450736
0.19935,1.00207866503494,34.5861644822805,0.786498374454621,4.7084476450736
0.1994,1.00208414497463,33.605611882023,0.786498374454621,4.7084476450736
0.19945,1.00208975808794,34.4956236849799,0.786498374454621,4.7084476450736
0.1995,1.0020955038298,33.6153164082459,0.786498374454621,4.7084476450736
0.19955,1.00210138161902,34.4030395411787,0.786498374454621,4.7084476450736
0.1996,1.00210739084121,33.6225631530002,0.786498374454621,4.7084476450736
0.19965,1.00211353084607,34.3084813053205,0.786498374454621,4.7084476450736
0.1997,1.00211980095028,33.6273437105201,0.786498374454621,4.7084476450736
0.19975,1.00212620043487,34.2120197475557,0.786498374454621,4.7084476450736
0.1998,1.00213272854807,33.6296519926214,0.786498374454621,4.7084476450736
0.19985,1.00213938450274,34.113727089763,0.786498374454621,4.7084476450736
0.1999,1.00214616747925,33.6294842276962,0.786498374454621,4.7084476450736
0.19995,1.0021530766229,34.0136769333172,0.786498374454621,4.7084476450736
0.2,1.00216011104682,33.6271130724701,0.786492765846418,4.72266682121153
0.20005,1.00216726982979,33.9122324779074,0.786492765846418,4.72266682121153
0.2001,1.0021745519925,33.6219896870278,0.786492765846418,4.72266682121153
0.20015,1.00218195656054,33.8088910538734,0.786492765846418,4.72266682121153
0.2002,1.00218948254115,33.6143910472944,0.786492765846418,4.72266682121153
0.20025,1.00219712886821,33.7040190348947,0.786492765846418,4.72266682121153
0.2003,1.00220489445788,33.6043231787482,0.786492765846418,4.72266682121153
0.20035,1.00221277819297,33.5976952788508,0.786492765846418,4.72266682121153
0.2004,1.00222077892581,33.5917941113058,0.786492765846418,4.72266682121153
0.20045,1.00222889547595,33.4899994142769,0.786492765846418,4.72266682121153
0.2005,1.00223712663297,33.5768139498665,0.786492765846418,4.72266682121153
0.20055,1.00224547115423,33.3810118296175,0.786492765846418,4.72266682121153
0.2006,1.00225392776772,33.5593949095655,0.786492765846418,4.72266682121153
0.20065,1.00226249516985,33.2708136344991,0.786492765846418,4.72266682121153
0.2007,1.0022711720282,33.5395513294345,0.786492765846418,4.72266682121153
0.20075,1.00227995697948,33.1594866032368,0.786492765846418,4.72266682121153
0.2008,1.00228884863222,33.5172996725309,0.786492765846418,4.72266682121153
0.20085,1.00229784556478,33.0471131081309,0.786492765846418,4.72266682121153
0.2009,1.00230694632802,33.4926585167596,0.786492765846418,4.72266682121153
0.20095,1.00231614944336,32.9337760454247,0.786492765846418,4.72266682121153
0.201,1.00232545340547,33.4659099331194,0.786486905920324,4.73619251994609
0.20105,1.00233485668076,32.8198356523146,0.786486905920324,4.73619251994609
0.2011,1.00234435768216,33.4365527135054,0.786486905920324,4.73619251994609
0.20115,1.00235395483571,32.7048199595666,0.786486905920324,4.73619251994609
0.2012,1.00236364655586,33.4048726442151,0.786486905920324,4.73619251994609
0.20125,1.00237343118884,32.5890904150348,0.786486905920324,4.73619251994609
0.2013,1.00238330707033,33.370897198036,0.786486905920324,4.73619251994609
0.20135,1.00239327250995,32.4727317331278,0.786486905920324,4.73619251994609
0.2014,1.00240332579382,33.3346556312099,0.786486905920324,4.73619251994609
0.20145,1.00241346518295,32.3558285600092,0.786486905920324,4.73619251994609
0.2015,1.00242368891577,33.2961790444201,0.786486905920324,4.73619251994609
0.20155,1.00243399520655,32.2384654657611,0.786486905920324,4.73619251994609
0.2016,1.0024443822479,33.2555004093099,0.786486905920324,4.73619251994609
0.20165,1.00245484820933,32.1207269109214,0.786486905920324,4.73619251994609
0.2017,1.00246539123963,33.2126545736329,0.786486905920324,4.73619251994609
0.20175,1.00247600946553,32.0026971980062,0.786486905920324,4.73619251994609
0.2018,1.00248670099403,33.1676782530434,0.786486905920324,4.73619251994609
0.20185,1.00249746391117,31.8844604138908,0.786486905920324,4.73619251994609
0.2019,1.00250829628429,33.1206100137401,0.786486905920324,4.73619251994609
0.20195,1.00251919616085,31.7661003678762,0.786486905920324,4.73619251994609
0.202,1.00253016157067,33.0717408756572,0.78648077432596,4.74905856256934
0.20205,1.0025411905252,31.6479662837624,0.78648077432596,4.74905856256934
0.2021,1.00255228099063,33.0206108514108,0.78648077432596,4.74905856256934
0.20215,1.00256343095835,31.5296081121791,0.78648077432596,4.74905856256934
0.2022,1.00257463841861,32.9675139112319,0.78648077432596,4.74905856256934
0.20225,1.00258590130206,31.411374518673,0.78648077432596,4.74905856256934
0.2023,1.00259721753949,32.9124963339319,0.78648077432596,4.74905856256934
0.20235,1.00260858504652,31.2933480491023,0.78648077432596,4.74905856256934
0.2024,1.00262000172561,32.8556058751523,0.78648077432596,4.74905856256934
0.20245,1.00263146546524,31.1756104666116,0.78648077432596,4.74905856256934
0.2025,1.00264297414195,32.7968918127278,0.78648077432596,4.74905856256934
0.20255,1.00265452561955,31.0582427601412,0.78648077432596,4.74905856256934
0.2026,1.00266611775107,32.7364049585133,0.78648077432596,4.74905856256934
0.20265,1.00267774837811,30.9413251288007,0.78648077432596,4.74905856256934
0.2027,1.00268941533269,32.6741976493101,0.78648077432596,4.74905856256934
0.20275,1.0027011164367,30.8249369521938,0.78648077432596,4.74905856256934
0.2028,1.00271284950366,32.6103237251606,0.78648077432596,4.74905856256934
0.20285,1.00272461233825,30.7091567514878,0.78648077432596,4.74905856256934
0.2029,1.00273640273806,32.5448384992282,0.78648077432596,4.74905856256934
0.20295,1.00274821849314,30.5940621463107,0.78648077432596,4.74905856256934
0.203,1.00276005738766,32.4780401652347,0.786474345611047,4.76129712088945
0.20305,1.00277191719995,30.4799846362578,0.786474345611047,4.76129712088945
0.2031,1.00278379567357,32.4095033041127,0.786474345611047,4.76129712088945
0.20315,1.00279569059218,30.3664889142385,0.786474345611047,4.76129712088945
0.2032,1.00280759975111,32.3395280539508,0.786474345611047,4.76129712088945
0.20325,1.00281952089687,30.2539045559633,0.786474345611047,4.76129712088945
0.2033,1.00283145178903,32.2681757857131,0.786474345611047,4.76129712088945
0.20335,1.00284339018502,30.142305586316,0.786474345611047,4.76129712088945
0.2034,1.00285533384146,32.1955089187237,0.786474345611047,4.76129712088945
0.20345,1.00286728051415,30.0317647209562,0.786474345611047,4.76129712088945
0.2035,1.00287922795939,32.1215909522386,0.786474345611047,4.76129712088945
0.20355,1.00289117393398,29.9223533890399,0.786474345611047,4.76129712088945
0.2036,1.0029031161965,32.0464864643439,0.786474345611047,4.76129712088945
0.20365,1.00291505250741,29.8141417324495,0.786474345611047,4.76129712088945
0.2037,1.00292698063021,31.9702610908702,0.786474345611047,4.76129712088945
0.20375,1.00293889833159,29.7071985908042,0.786474345611047,4.76129712088945
0.2038,1.00295080338258,31.8929814915898,0.786474345611047,4.76129712088945
0.20385,1.00296269355876,29.6015914787817,0.786474345611047,4.76129712088945
0.2039,1.00297456664129,31.8147153082027,0.786474345611047,4.76129712088945
0.20395,1.00298642041719,29.4973865584184,0.786474345611047,4.76129712088945
0.204,1.00299825268035,31.7357645491041,0.786467591138228,4.77293879767701
0.20405,1.0030100612321,29.3948927206745,0.786467591138228,4.77293879767701
0.2041,1.00302184385012,31.655731347581,0.786467591138228,4.77293879767701
0.20415,1.003033598368,29.2936840069388,0.786467591138228,4.77293879767701
0.2042,1.00304532264443,31.5749184363685,0.786467591138228,4.77293879767701
0.20425,1.00305701450025,29.1940663886288,0.786467591138228,4.77293879767701
0.2043,1.0030686717828,31.4933974016798,0.786467591138228,4.77293879767701
0.20435,1.00308029235046,29.0961007755706,0.786467591138228,4.77293879767701
0.2044,1.00309187407339,31.4112403262715,0.786467591138228,4.77293879767701
0.20445,1.00310341483406,28.9998464096014,0.786467591138228,4.77293879767701
0.2045,1.0031149125279,31.3285198037687,0.786467591138228,4.77293879767701
0.20455,1.00312636506391,28.9053609024498,0.786467591138228,4.77293879767701
0.2046,1.00313777036519,31.2453089195148,0.786467591138228,4.77293879767701
0.20465,1.00314912636963,28.8127002511198,0.786467591138228,4.77293879767701
0.2047,1.00316043103038,31.1616812128357,0.786467591138228,4.77293879767701
0.20475,1.0031716823166,28.7219188395193,0.786467591138228,4.77293879767701
0.2048,1.00318287821378,31.0777106261877,0.786467591138228,4.77293879767701
0.20485,1.00319401672463,28.6330694317445,0.786467591138228,4.77293879767701
0.2049,1.00320509586926,30.9934714469653,0.786467591138228,4.77293879767701
0.20495,1.00321611368617,28.546203161055,0.786467591138228,4.77293879767701
0.205,1.00322706823234,30.9092644340821,0.786460481350009,4.78401270318786
0.20505,1.00323795758437,28.461603165789,0.786460481350009,4.78401270318786
0.2051,1.00324877980499,30.8247117169497,0.786460481350009,4.78401270318786
0.20515,1.00325953302749,28.3788490523892,0.786460481350009,4.78401270318786
0.2052,1.00327021542236,30.7401132832986,0.786460481350009,4.78401270318786
0.20525,1.00328082513157,28.2982204187276,0.786460481350009,4.78401270318786
0.2053,1.00329136033533,30.6555446474845,0.786460481350009,4.78401270318786
0.20535,1.00330181923652,28.2197621571284,0.786460481350009,4.78401270318786
0.2054,1.0033122000605,30.5710811185123,0.786460481350009,4.78401270318786
0.20545,1.00332250105624,28.1435172876325,0.786460481350009,4.78401270318786
0.2055,1.00333272049614,30.4867978004971,0.786460481350009,4.78401270318786
0.20555,1.00334285667716,28.0695270035427,0.786460481350009,4.78401270318786
0.2056,1.00335290792056,30.4027695624425,0.786460481350009,4.78401270318786
0.20565,1.00336287257306,27.9978306932632,0.786460481350009,4.78401270318786
0.2057,1.00337274900657,30.3190709908952,0.786460481350009,4.78401270318786
0.20575,1.00338253561932,27.9284659486747,0.786460481350009,4.78401270318786
0.2058,1.00339223083552,30.235776330795,0.786460481350009,4.78401270318786
0.20585,1.00340183310658,27.8614685641821,0.786460481350009,4.78401270318786
0.2059,1.00341134091063,30.1529594205772,0.786460481350009,4.78401270318786
0.20595,1.0034207527538,27.7968725308585,0.786460481350009,4.78401270318786
0.206,1.00343006716969,30.0709129696475,0.786452988124542,4.79454652795392
0.20605,1.00343928272074,27.7349335213318,0.786452988124542,4.79454652795392
0.2061,1.00344839796223,29.9892709697642,0.786452988124542,4.79454652795392
0.20615,1.00345741153181,27.6752341200794,0.786452988124542,4.79454652795392
0.2062,1.00346632211352,29.9083237262249,0.786452988124542,4.79454652795392
0.20625,1.00347512836867,27.618026041368,0.786452988124542,4.79454652795392
0.2063,1.00348382900561,29.8281432328894,0.786452988124542,4.79454652795392
0.20635,1.00349242276351,27.5633363715923,0.786452988124542,4.79454652795392
0.2064,1.00350090841151,29.7488005116872,0.786452988124542,4.79454652795392
0.20645,1.00350928475017,27.5111901814616,0.786452988124542,4.79454652795392
0.2065,1.00351755061053,29.6703656080644,0.786452988124542,4.79454652795392
0.20655,1.00352570485559,27.4616105731936,0.786452988124542,4.79454652795392
0.2066,1.00353374637935,29.5929075570821,0.786452988124542,4.79454652795392
0.20665,1.00354167410824,27.4146187056178,0.786452988124542,4.79454652795392
0.2067,1.00354948700016,29.5164943332607,0.786452988124542,4.79454652795392
0.20675,1.0035571840459,27.3702338061564,0.786452988124542,4.79454652795392
0.2068,1.0035647642681,29.4411927897456,0.786452988124542,4.79454652795392
0.20685,1.00357222672273,27.3284731746082,0.786452988124542,4.79454652795392
0.2069,1.00357957049794,29.3670685913404,0.786452988124542,4.79454652795392
0.20695,1.0035867947156,27.2893521821789,0.786452988124542,4.79454652795392
0.207,1.00359389853009,29.2943987360745,0.786445086951407,4.80456661202394
0.20705,1.0036008811298,27.2530979399464,0.786445086951407,4.80456661202394
0.2071,1.00360774169865,29.2228210866875,0.786445086951407,4.80456661202394
0.20715,1.00361447951074,27.2192939119282,0.786445086951407,4.80456661202394
0.2072,1.00362109389181,29.1526086166722,0.786445086951407,4.80456661202394
0.20725,1.00362758414631,27.1881629748304,0.786445086951407,4.80456661202394
0.2073,1.00363394963051,29.0838220083607,0.786445086951407,4.80456661202394
0.20735,1.00364018973541,27.1597131266079,0.786445086951407,4.80456661202394
0.2074,1.0036463038854,29.0165202042117,0.786445086951407,4.80456661202394
0.20745,1.00365229153972,27.1339502565326,0.786445086951407,4.80456661202394
0.2075,1.00365815219112,28.9507604044927,0.786445086951407,4.80456661202394
0.20755,1.00366388536731,27.1108781938636,0.786445086951407,4.80456661202394
0.2076,1.00366949062955,28.886598039318,0.786445086951407,4.80456661202394
0.20765,1.00367496757416,27.0904987352381,0.786445086951407,4.80456661202394
0.2077,1.00368031583102,28.8240867258543,0.786445086951407,4.80456661202394
0.20775,1.00368553506509,27.0728116592563,0.786445086951407,4.80456661202394
0.2078,1.00369062497487,28.763278217374,0.786445086951407,4.80456661202394
0.20785,1.00369558529392,27.057814732615,0.786445086951407,4.80456661202394
0.2079,1.00370041578931,28.7042223477001,0.786445086951407,4.80456661202394
0.20795,1.00370511626308,27.0455037116003,0.786445086951407,4.80456661202394
0.208,1.00370968655068,28.6471726573031,0.786436758683474,4.8140980108273
0.20805,1.00371412652237,27.0360765254993,0.786436758683474,4.8140980108273
0.2081,1.00371843604235,28.5917636205159,0.786436758683474,4.8140980108273
0.20815,1.00372261506861,27.029115888963,0.786436758683474,4.8140980108273
0.2082,1.00372666361188,28.5382433556448,0.786436758683474,4.8140980108273
0.20825,1.0037305816586,27.0248153383655,0.786436758683474,4.8140980108273
0.2083,1.00373436924769,28.4866539216153,0.786436758683474,4.8140980108273
0.20835,1.00373802645246,27.0231629374192,0.786436758683474,4.8140980108273
0.2084,1.00374155337887,28.4370349943297,0.786436758683474,4.8140980108273
0.20845,1.00374495016697,27.0241445804535,0.786436758683474,4.8140980108273
0.2085,1.00374821698923,28.3894238811168,0.786436758683474,4.8140980108273
0.20855,1.0037513540519,27.0277440426426,0.786436758683474,4.8140980108273
0.2086,1.00375436159333,28.3438555123617,0.786436758683474,4.8140980108273
0.20865,1.00375723988538,27.0339430110094,0.786436758683474,4.8140980108273
0.2087,1.0037599892316,28.3003624196498,0.786436758683474,4.8140980108273
0.20875,1.00376260996874,27.0427211039483,0.786436758683474,4.8140980108273
0.2088,1.00376510246487,28.2589747063725,0.786436758683474,4.8140980108273
0.20885,1.00376746712084,27.0540558840491,0.786436758683474,4.8140980108273
0.2089,1.00376970436844,28.2197200147155,0.786436758683474,4.8140980108273
0.20895,1.00377181467181,27.0679228670875,0.786436758683474,4.8140980108273
0.209,1.00377379852563,28.1828219508622,0.786427990682867,4.82316455782572
0.20905,1.00377565645628,27.0844905277212,0.786427990682867,4.82316455782572
0.2091,1.00377738897881,28.1479062315004,0.786427990682867,4.82316455782572
0.20915,1.00377899670189,27.1033396735163,0.786427990682867,4.82316455782572
0.2092,1.00378048028453,28.1151901166534,0.786427990682867,4.82316455782572
0.20925,1.00378184035458,27.1246343967618,0.786427990682867,4.82316455782572
0.2093,1.00378307758963,28.0846915290555,0.786427990682867,4.82316455782572
0.20935,1.00378419269764,27.1483424589935,0.786427990682867,4.82316455782572
0.2094,1.0037851864151,28.0564255970745,0.786427990682867,4.82316455782572
0.20945,1.00378605950832,27.1744294777339,0.786427990682867,4.82316455782572
0.2095,1.00378681277158,28.0304046933771,0.786427990682867,4.82316455782572
0.20955,1.00378744702842,27.2028589876022,0.786427990682867,4.82316455782572
0.2096,1.00378796312973,28.0066384535951,0.786427990682867,4.82316455782572
0.20965,1.00378836195507,27.2335924838791,0.786427990682867,4.82316455782572
0.2097,1.00378864441078,27.985133783251,0.786427990682867,4.82316455782572
0.20975,1.0037888114312,27.2665894556411,0.786427990682867,4.82316455782572
0.2098,1.00378886397683,27.9658948586443,0.786427990682867,4.82316455782572
0.20985,1.00378880303556,27.3018074130268,0.786427990682867,4.82316455782572
0.2099,1.00378862962077,27.9489231255231,0.786427990682867,4.82316455782572
0.20995,1.00378834477257,27.3392019111163,0.786427990682867,4.82316455782572
0.21,1.00378794955591,27.9344081300791,0.786418777262781,4.83178892410923
0.21005,1.00378744506156,27.3789126330175,0.786418777262781,4.83178892410923
0.2101,1.00378683236094,27.9219641674197,0.786418777262781,4.83178892410923
0.21015,1.00378611261624,27.4205185000546,0.786418777262781,4.83178892410923
0.2102,1.00378528703494,27.9117741537222,0.786418777262781,4.83178892410923
0.21025,1.0037843567839,27.4641551452553,0.786418777262781,4.83178892410923
0.2103,1.0037833230745,27.9038290636709,0.786418777262781,4.83178892410923
0.21035,1.00378218714198,27.5097708793053,0.786418777262781,4.83178892410923
0.2104,1.00378095024364,27.8981169925924,0.786418777262781,4.83178892410923
0.21045,1.00377961365995,27.5573120496686,0.786418777262781,4.83178892410923
0.2105,1.00377817869267,27.8946232295466,0.786418777262781,4.83178892410923
0.21055,1.00377664666599,27.6067231171234,0.786418777262781,4.83178892410923
0.2106,1.00377501892467,27.8933303136266,0.786418777262781,4.83178892410923
0.21065,1.00377329683508,27.6579467173752,0.786418777262781,4.83178892410923
0.2107,1.00377148178345,27.8942180780181,0.786418777262781,4.83178892410923
0.21075,1.00376957517685,27.7109237137945,0.786418777262781,4.83178892410923
0.2108,1.00376757844141,27.8972636893919,0.786418777262781,4.83178892410923
0.21085,1.00376549302335,27.7655932447569,0.786418777262781,4.83178892410923
0.2109,1.00376332038718,27.9024416846021,0.786418777262781,4.83178892410923
0.21095,1.00376106201667,27.8218927700382,0.786418777262781,4.83178892410923
0.211,1.00375871941313,27.9099067930801,0.786409119415679,4.83999267508578
0.21105,1.00375629409612,27.8799354373429,0.786409119415679,4.83999267508578
0.2111,1.0037537875563,27.9192627372378,0.786409119415679,4.83999267508578
0.21115,1.0037512013706,27.9393001173665,0.786409119415679,4.83999267508578
0.2112,1.00374853715479,27.9306581254366,0.786409119415679,4.83999267508578
0.21125,1.00374579647309,28.0000966762995,0.786409119415679,4.83999267508578
0.2113,1.00374298092766,27.9440577843024,0.786409119415679,4.83999267508578
0.21135,1.00374009213666,28.0622566615519,0.786409119415679,4.83999267508578
0.2114,1.00373713173267,27.9594239554676,0.786409119415679,4.83999267508578
0.21145,1.00373410136341,28.1257100652978,0.786409119415679,4.83999267508578
0.2115,1.00373100269023,27.9767164013583,0.786409119415679,4.83999267508578
0.21155,1.0037278373888,28.1903854270183,0.786409119415679,4.83999267508578
0.2116,1.0037246071476,27.9958924946618,0.786409119415679,4.83999267508578
0.21165,1.00372131366864,28.2562099206182,0.786409119415679,4.83999267508578
0.2117,1.0037179586659,28.0169072977893,0.786409119415679,4.83999267508578
0.21175,1.00371454386605,28.3231094339912,0.786409119415679,4.83999267508578
0.2118,1.00371107100695,28.0397136358057,0.786409119415679,4.83999267508578
0.21185,1.00370754183832,28.3910086436884,0.786409119415679,4.83999267508578
0.2119,1.00370395812024,28.0642621679649,0.786409119415679,4.83999267508578
0.21195,1.00370032162383,28.4598310877458,0.786409119415679,4.83999267508578
0.212,1.00369663412975,28.0906758285682,0.786399023896589,4.84779632440594
0.21205,1.00369289742866,28.529667991158,0.786399023896589,4.84779632440594
0.2121,1.00368911327226,28.1185522340791,0.786399023896589,4.84779632440594
0.21215,1.00368528349333,28.6001025279995,0.786399023896589,4.84779632440594
0.2122,1.00368140995646,28.1480094382199,0.786399023896589,4.84779632440594
0.21225,1.00367749446332,28.6712239593926,0.786399023896589,4.84779632440594
0.2123,1.00367353884651,28.1789905701876,0.786399023896589,4.84779632440594
0.21235,1.00366954494629,28.7429523115701,0.786399023896589,4.84779632440594
0.2124,1.00366551460929,28.2114368178923,0.786399023896589,4.84779632440594
0.21245,1.00366144968898,28.8152067246789,0.786399023896589,4.84779632440594
0.2125,1.00365735204437,28.2452875629692,0.786399023896589,4.84779632440594
0.21255,1.00365322354048,28.8879055751059,0.786399023896589,4.84779632440594
0.2126,1.00364906604708,28.2804805021039,0.786399023896589,4.84779632440594
0.21265,1.00364488143911,28.9609665815311,0.786399023896589,4.84779632440594
0.2127,1.00364067159548,28.3169517573029,0.786399023896589,4.84779632440594
0.21275,1.00363643839945,29.0343069038034,0.786399023896589,4.84779632440594
0.2128,1.0036321837374,28.3546359789535,0.786399023896589,4.84779632440594
0.21285,1.00362790949927,29.107843235751,0.786399023896589,4.84779632440594
0.2129,1.00362361757735,28.393466446684,0.786399023896589,4.84779632440594
0.21295,1.00361930986663,29.18149189594,0.786399023896589,4.84779632440594
0.213,1.00361498826367,28.4335408651852,0.78638850178764,4.85521938525777
0.21305,1.00361065466671,29.2553292862209,0.78638850178764,4.85521938525777
0.2131,1.00360631092512,28.4744583935381,0.78638850178764,4.85521938525777
0.21315,1.00360195896397,29.3289496414743,0.78638850178764,4.85521938525777
0.2132,1.00359760073325,28.5163137226795,0.78638850178764,4.85521938525777
0.21325,1.0035932381087,29.402429118395,0.78638850178764,4.85521938525777
0.2133,1.0035888729901,28.5590360180038,0.78638850178764,4.85521938525777
0.21335,1.00358450727664,29.4756837300418,0.78638850178764,4.85521938525777
0.2134,1.00358014286598,28.6025534243251,0.78638850178764,4.85521938525777
0.21345,1.00357578165439,29.5486294535291,0.78638850178764,4.85521938525777
0.2135,1.00357142553581,28.646793213765,0.78638850178764,4.85521938525777
0.21355,1.00356707640202,29.6211823647144,0.78638850178764,4.85521938525777
0.2136,1.00356273614169,28.6916819206356,0.78638850178764,4.85521938525777
0.21365,1.00355840664052,29.6932587560416,0.78638850178764,4.85521938525777
0.2137,1.00355408978034,28.7371454619164,0.78638850178764,4.85521938525777
0.21375,1.00354978743921,29.7647752477118,0.78638850178764,4.85521938525777
0.2138,1.00354550149056,28.783109249947,0.78638850178764,4.85521938525777
0.21385,1.00354123380327,29.8356488907336,0.78638850178764,4.85521938525777
0.2139,1.00353698624081,28.8294982998591,0.78638850178764,4.85521938525777
0.21395,1.00353276066132,29.9057972677455,0.78638850178764,4.85521938525777
0.214,1.0035285589168,28.8763942642817,0.786377566703664,4.86228041915989
0.21405,1.00352438285294,29.9752908141568,0.786377566703664,4.86228041915989
0.2141,1.00352023425695,28.9234074542935,0.786377566703664,4.86228041915989
0.21415,1.00351611498667,30.0437431056065,0.786377566703664,4.86228041915989
0.2142,1.00351202691812,28.9706186144733,0.786377566703664,4.86228041915989
0.21425,1.00350797184229,30.1112262707019,0.786377566703664,4.86228041915989
0.2143,1.00350395156752,29.0179525605462,0.786377566703664,4.86228041915989
0.21435,1.00349996789373,30.177661260756,0.786377566703664,4.86228041915989
0.2144,1.0034960226117,29.0653340805709,0.786377566703664,4.86228041915989
0.21445,1.00349211750299,30.2429699245127,0.786377566703664,4.86228041915989
0.2145,1.00348825433933,29.1126880788251,0.786377566703664,4.86228041915989
0.21455,1.00348443488245,30.3070751375401,0.786377566703664,4.86228041915989
0.2146,1.0034806608835,29.1599397056539,0.786377566703664,4.86228041915989
0.21465,1.00347693408292,30.3699009148753,0.786377566703664,4.86228041915989
0.2147,1.00347325620982,29.2070144727481,0.786377566703664,4.86228041915989
0.21475,1.00346962898185,30.4313725125751,0.786377566703664,4.86228041915989
0.2148,1.00346605410464,29.2538383602714,0.786377566703664,4.86228041915989
0.21485,1.00346253327157,30.4914165218054,0.786377566703664,4.86228041915989
0.2149,1.00345906816333,29.3003379174947,0.786377566703664,4.86228041915989
0.21495,1.00345566044762,30.549960956923,0.786377566703664,4.86228041915989
0.215,1.0034523117787,29.3465886177987,0.786366232812066,4.86899708237498
0.21505,1.00344902379704,30.6070797453435,0.786366232812066,4.86899708237498
0.2151,1.00344579807554,29.3922214959978,0.786366232812066,4.86899708237498
0.21515,1.00344263625293,30.662414248474,0.786366232812066,4.86899708237498
0.2152,1.00343953997987,29.4373131180943,0.786366232812066,4.86899708237498
0.21525,1.00343651081174,30.7160418588851,0.786366232812066,4.86899708237498
0.2153,1.00343355031507,29.4817935826097,0.786366232812066,4.86899708237498
0.21535,1.00343066004057,30.7678973571058,0.786366232812066,4.86899708237498
0.2154,1.00342784152276,29.5255938783128,0.786366232812066,4.86899708237498
0.21545,1.00342509627957,30.8179172340449,0.786366232812066,4.86899708237498
0.2155,1.00342242581212,29.568646008516,0.786366232812066,4.86899708237498
0.21555,1.00341983160423,30.8660397968362,0.786366232812066,4.86899708237498
0.2156,1.00341731512221,29.6108831016372,0.786366232812066,4.86899708237498
0.21565,1.00341487781445,30.9122052595423,0.786366232812066,4.86899708237498
0.2157,1.00341252111113,29.6522395044904,0.786366232812066,4.86899708237498
0.21575,1.00341024642383,30.9563558218802,0.786366232812066,4.86899708237498
0.2158,1.00340805514529,29.6926508672883,0.786366232812066,4.86899708237498
0.21585,1.00340594864898,30.9984357401381,0.786366232812066,4.86899708237498
0.2159,1.00340392828888,29.7320542189851,0.786366232812066,4.86899708237498
0.21595,1.00340199539903,31.0383913924428,0.786366232812066,4.86899708237498
0.216,1.0034001512934,29.7705279197568,0.786354512840122,4.87538617005964
0.21605,1.00339839726529,31.0763083514284,0.786354512840122,4.87538617005964
0.2161,1.00339673453205,29.8077317539626,0.786354512840122,4.87538617005964
0.21615,1.00339516437273,31.1118624626154,0.786354512840122,4.87538617005964
0.2162,1.0033936880727,29.8437467431506,0.786354512840122,4.87538617005964
0.21625,1.00339230681258,31.1451440711193,0.786354512840122,4.87538617005964
0.2163,1.00339102177872,29.8785164168619,0.786354512840122,4.87538617005964
0.21635,1.00338983413497,31.1761088580357,0.786354512840122,4.87538617005964
0.2164,1.00338874502272,29.9119858709452,0.786354512840122,4.87538617005964
0.21645,1.00338775556025,31.2047147934445,0.786354512840122,4.87538617005964
0.2165,1.00338686684281,29.9441018598941,0.786354512840122,4.87538617005964
0.21655,1.00338607994197,31.2309222135415,0.786354512840122,4.87538617005964
0.2166,1.00338539590569,29.974812874713,0.786354512840122,4.87538617005964
0.21665,1.00338481575769,31.2546938812207,0.786354512840122,4.87538617005964
0.2167,1.00338434049754,30.0040692047908,0.786354512840122,4.87538617005964
0.21675,1.00338397110002,31.2759950354236,0.786354512840122,4.87538617005964
0.2168,1.00338370851522,30.0318229914066,0.786354512840122,4.87538617005964
0.21685,1.00338355366789,31.2947934310391,0.786354512840122,4.87538617005964
0.2169,1.00338350745761,30.0580282732437,0.786354512840122,4.87538617005964
0.21695,1.0033835707581,31.3110593723978,0.786354512840122,4.87538617005964
0.217,1.00338374441737,30.0827729963217,0.786342416235916,4.881463658261
0.21705,1.0033840292571,31.3248958688625,0.786342416235916,4.881463658261
0.2171,1.0033844260158,30.105750731244,0.786342416235916,4.881463658261
0.21715,1.00338493549066,31.3360172635866,0.786342416235916,4.881463658261
0.2172,1.00338555848071,30.1270530231731,0.786342416235916,4.881463658261
0.21725,1.00338629567219,31.3445320254925,0.786342416235916,4.881463658261
0.2173,1.00338714775276,30.1466421736805,0.786342416235916,4.881463658261
0.21735,1.00338811538233,31.3504211305527,0.786342416235916,4.881463658261
0.2174,1.00338919919333,30.1644824307883,0.786342416235916,4.881463658261
0.21745,1.00339039979001,31.3536681087042,0.786342416235916,4.881463658261
0.2175,1.00339171774872,30.1805400527806,0.786342416235916,4.881463658261
0.21755,1.00339315361724,31.3542590847327,0.786342416235916,4.881463658261
0.2176,1.0033947079151,30.1947833565014,0.786342416235916,4.881463658261
0.21765,1.00339638113284,31.3521828040797,0.786342416235916,4.881463658261
0.2177,1.00339817373242,30.2071827513905,0.786342416235916,4.881463658261
0.21775,1.00340008614644,31.3474306471944,0.786342416235916,4.881463658261
0.2178,1.00340211877859,30.217710764772,0.786342416235916,4.881463658261
0.21785,1.00340427200289,31.3399966364682,0.786342416235916,4.881463658261
0.2179,1.00340654616413,30.2263420600762,0.786342416235916,4.881463658261
0.21795,1.00340894157713,31.3298774364973,0.786342416235916,4.881463658261
0.218,1.00341145852717,30.2331780993505,0.786329947638308,4.88724474386519
0.21805,1.00341409726938,31.3171961449037,0.786329947638308,4.88724474386519
0.2181,1.00341685797035,30.2379481481676,0.786329947638308,4.88724474386519
0.21815,1.00341974085427,31.3017062930478,0.786329947638308,4.88724474386519
0.2182,1.00342274614466,30.2407576227939,0.786329947638308,4.88724474386519
0.21825,1.0034258739462,31.2835364345006,0.786329947638308,4.88724474386519
0.2183,1.00342912436277,30.241590115249,0.786329947638308,4.88724474386519
0.21835,1.00343249746731,31.2626939569285,0.786329947638308,4.88724474386519
0.2184,1.00343599330241,30.2404312721718,0.786329947638308,4.88724474386519
0.21845,1.00343961187957,31.239188749117,0.786329947638308,4.88724474386519
0.2185,1.00344335317978,30.237268831871,0.786329947638308,4.88724474386519
0.21855,1.00344721715282,31.2130332130618,0.786329947638308,4.88724474386519
0.2186,1.00345120371785,30.2320926446546,0.786329947638308,4.88724474386519
0.21865,1.00345531276269,31.1842422615991,0.786329947638308,4.88724474386519
0.2187,1.0034595441445,30.2248946812156,0.786329947638308,4.88724474386519
0.21875,1.003463897689,31.152833305792,0.786329947638308,4.88724474386519
0.2188,1.00346837319121,30.2156690330106,0.786329947638308,4.88724474386519
0.21885,1.0034729704147,31.1188262350056,0.786329947638308,4.88724474386519
0.2189,1.00347768909228,30.2044119069318,0.786329947638308,4.88724474386519
0.21895,1.00348252892531,31.0822433914688,0.786329947638308,4.88724474386519
0.219,1.00348748958444,30.1912396063944,0.786317105795136,4.89274388259746
0.21905,1.00349257070898,31.0432275532368,0.786317105795136,4.89274388259746
0.2191,1.00349777184711,30.1759162098263,0.786317105795136,4.89274388259746
0.21915,1.00350309260629,31.0015691264483,0.786317105795136,4.89274388259746
0.2192,1.00350853259358,30.1585618129856,0.786317105795136,4.89274388259746
0.21925,1.00351409129406,30.9574157801259,0.786317105795136,4.89274388259746
0.2193,1.00351976819262,30.1391812430638,0.786317105795136,4.89274388259746
0.21935,1.00352556274298,30.9107995547548,0.786317105795136,4.89274388259746
0.2194,1.0035314743686,30.1177812662046,0.786317105795136,4.89274388259746
0.21945,1.00353750246194,30.861754679433,0.786317105795136,4.89274388259746
0.2195,1.00354364638535,30.0943706077035,0.786317105795136,4.89274388259746
0.21955,1.00354990547043,30.8103175584595,0.786317105795136,4.89274388259746
0.2196,1.00355627901889,30.0689599548644,0.786317105795136,4.89274388259746
0.21965,1.00356276630193,30.7565267440883,0.786317105795136,4.89274388259746
0.2197,1.0035693665611,30.041561949554,0.786317105795136,4.89274388259746
0.21975,1.00357607900773,30.7004229002937,0.786317105795136,4.89274388259746
0.2198,1.00358290282384,30.0121911737765,0.786317105795136,4.89274388259746
0.21985,1.00358983716149,30.6420487599429,0.786317105795136,4.89274388259746
0.2199,1.00359688114379,29.980864130116,0.786317105795136,4.89274388259746
0.21995,1.00360403386424,30.5814490778966,0.786317105795136,4.89274388259746
0.22,1.00361129438776,29.9477112226015,0.786303883042726,4.897974825169
0.22005,1.00361866175018,30.5187833202739,0.786303883042726,4.897974825169
0.2201,1.00362613489692,29.912528440977,0.786303883042726,4.897974825169
0.22015,1.00363371283787,30.453874032194,0.786303883042726,4.897974825169
0.2202,1.0036413945863,29.8754494888677,0.786303883042726,4.897974825169
0.22025,1.00364917903375,30.3868845394396,0.786303883042726,4.897974825169
0.2203,1.00365706507568,29.8364985601447,0.786303883042726,4.897974825169
0.22035,1.00366505157971,30.3178673701489,0.786303883042726,4.897974825169
0.2204,1.00367313738673,29.7957015294842,0.786303883042726,4.897974825169
0.22045,1.00368132131036,30.2468767240898,0.786303883042726,4.897974825169
0.2205,1.00368960213802,29.753085958858,0.786303883042726,4.897974825169
0.22055,1.00369797863045,30.1739684440708,0.786303883042726,4.897974825169
0.2206,1.00370644952277,29.7086810861192,0.786303883042726,4.897974825169
0.22065,1.00371501352402,30.0991999741907,0.786303883042726,4.897974825169
0.2207,1.00372366931826,29.6625178038208,0.786303883042726,4.897974825169
0.22075,1.0037324155641,30.0226303110181,0.786303883042726,4.897974825169
0.2208,1.00374125089584,29.6146286320053,0.786303883042726,4.897974825169
0.22085,1.00375017392302,29.9443199489542,0.786303883042726,4.897974825169
0.2209,1.00375918323154,29.5650476860924,0.786303883042726,4.897974825169
0.22095,1.00376827738325,29.8643308220751,0.786303883042726,4.897974825169
0.221,1.00377745491712,29.5139172968732,0.786290265418619,4.90295065166092
0.22105,1.00378671434892,29.7828341458396,0.786290265418619,4.90295065166092
0.2211,1.00379605410821,29.4610611649081,0.786290265418619,4.90295065166092
0.22115,1.00380547269807,29.6996782267948,0.786290265418619,4.90295065166092
0.2212,1.00381496863221,29.4066241685521,0.786290265418619,4.90295065166092
0.22125,1.00382454030649,29.6150368449951,0.786290265418619,4.90295065166092
0.2213,1.00383418612831,29.3506466957681,0.786290265418619,4.90295065166092
0.22135,1.00384390448419,29.5289772666935,0.786290265418619,4.90295065166092
0.2214,1.003853693741,29.293170444645,0.786290265418619,4.90295065166092
0.22145,1.00386355224559,29.4415678006592,0.786290265418619,4.90295065166092
0.2215,1.00387347832602,29.2342384222954,0.786290265418619,4.90295065166092
0.22155,1.00388347029127,29.3528777587707,0.786290265418619,4.90295065166092
0.2216,1.00389352643241,29.1738949259041,0.786290265418619,4.90295065166092
0.22165,1.00390364502238,29.2629774049036,0.786290265418619,4.90295065166092
0.2217,1.00391382431715,29.1121855142939,0.786290265418619,4.90295065166092
0.22175,1.00392406255547,29.1719378966858,0.786290265418619,4.90295065166092
0.2218,1.00393435796014,29.0491569755981,0.786290265418619,4.90295065166092
0.22185,1.00394470873771,29.0798312222864,0.786290265418619,4.90295065166092
0.2219,1.00395511307973,28.9848572896666,0.786290265418619,4.90295065166092
0.22195,1.00396556916254,28.9867301341994,0.786290265418619,4.90295065166092
0.222,1.00397607514849,28.9194374604438,0.786276233421547,4.90768380423125
0.22205,1.00398662918587,28.8928114998743,0.786276233421547,4.90768380423125
0.2221,1.00399722934399,28.8527438805806,0.786276233421547,4.90768380423125
0.22215,1.00400787377795,28.7979421442548,0.786276233421547,4.90768380423125
0.2222,1.00401856066395,28.7849292163018,0.786276233421547,4.90768380423125
0.22225,1.00402928806702,28.7023000414755,0.786276233421547,4.90768380423125
0.2223,1.00404005407443,28.7160460457503,0.786276233421547,4.90768380423125
0.22235,1.00405085676246,28.6059605094621,0.786276233421547,4.90768380423125
0.2224,1.00406169419765,28.6461478312075,0.786276233421547,4.90768380423125
0.22245,1.00407256443666,28.5089992134988,0.786276233421547,4.90768380423125
0.2225,1.00408346552752,28.5752889118846,0.786276233421547,4.90768380423125
0.22255,1.00409439550951,28.4114921253138,0.786276233421547,4.90768380423125
0.2226,1.00410535241438,28.5035244766568,0.786276233421547,4.90768380423125
0.22265,1.00411633426627,28.3135154717622,0.786276233421547,4.90768380423125
0.2227,1.00412733908293,28.4309105284364,0.786276233421547,4.90768380423125
0.22275,1.00413836487565,28.2151456777318,0.786276233421547,4.90768380423125
0.2228,1.00414940965046,28.3575038442385,0.786276233421547,4.90768380423125
0.22285,1.0041604714081,28.1164593053736,0.786276233421547,4.90768380423125
0.2229,1.00417154814519,28.2833619293832,0.786276233421547,4.90768380423125
0.22295,1.00418263785424,28.0175329926856,0.786276233421547,4.90768380423125
0.223,1.00419373852478,28.2086405360743,0.786261763361832,4.9121861182268
0.22305,1.00420484814352,27.9185425964002,0.786261763361832,4.9121861182268
0.2231,1.00421596462729,28.1332033209744,0.786261763361832,4.9121861182268
0.22315,1.00422708599319,27.8193659779124,0.786261763361832,4.9121861182268
0.2232,1.00423821029172,28.0572066816009,0.786261763361832,4.9121861182268
0.22325,1.0042493354706,27.720178676601,0.786261763361832,4.9121861182268
0.2233,1.00426045951221,27.9807107805771,0.786261763361832,4.9121861182268
0.22335,1.0042715803995,27.6210571829261,0.786261763361832,4.9121861182268
0.2234,1.00428269611715,27.903776167815,0.786261763361832,4.9121861182268
0.22345,1.00429380465161,27.5220776760591,0.786261763361832,4.9121861182268
0.2235,1.0043049039922,27.8264637667058,0.786261763361832,4.9121861182268
0.22355,1.00431599213124,27.4233159875281,0.786261763361832,4.9121861182268
0.2236,1.00432706706506,27.7488348409257,0.786261763361832,4.9121861182268
0.22365,1.00433812679415,27.3248475554471,0.786261763361832,4.9121861182268
0.2237,1.0043491693242,27.670950954131,0.786261763361832,4.9121861182268
0.22375,1.00436019266621,27.2267473722169,0.786261763361832,4.9121861182268
0.2238,1.00437119483755,27.592873925996,0.786261763361832,4.9121861182268
0.22385,1.00438217386205,27.1290899289942,0.786261763361832,4.9121861182268
0.2239,1.00439312777106,27.5146657846532,0.786261763361832,4.9121861182268
0.22395,1.00440405460355,27.0319491580513,0.786261763361832,4.9121861182268
0.224,1.00441495240713,27.4364823610385,0.786246829171207,4.9164688517777
0.22405,1.00442581923828,26.935493577118,0.786246829171207,4.9164688517777
0.2241,1.00443665309295,27.3581987022938,0.786246829171207,4.9164688517777
0.22415,1.00444745208236,26.8396051789392,0.786246829171207,4.9164688517777
0.2242,1.00445821436365,27.2799701918284,0.786246829171207,4.9164688517777
0.22425,1.00446893799963,26.7444508603996,0.786246829171207,4.9164688517777
0.2243,1.00447962110017,27.2018594117147,0.786246829171207,4.9164688517777
0.22435,1.00449026178728,26.6501019141708,0.786246829171207,4.9164688517777
0.2244,1.00450085819601,27.1239288102185,0.786246829171207,4.9164688517777
0.22445,1.00451140847459,26.5566287174712,0.786246829171207,4.9164688517777
0.2245,1.00452191078536,27.0462406859199,0.786246829171207,4.9164688517777
0.22455,1.00453236330491,26.4641007019624,0.786246829171207,4.9164688517777
0.2246,1.00454276422495,26.9688571531107,0.786246829171207,4.9164688517777
0.22465,1.00455311175251,26.3725863144657,0.786246829171207,4.9164688517777
0.2247,1.00456340411073,26.8918401005737,0.786246829171207,4.9164688517777
0.22475,1.0045736395391,26.2821529730551,0.786246829171207,4.9164688517777
0.2248,1.00458381629422,26.815251144986,0.786246829171207,4.9164688517777
0.22485,1.00459393265001,26.1928670211658,0.786246829171207,4.9164688517777
0.2249,1.00460398689845,26.7391515818399,0.786246829171207,4.9164688517777
0.22495,1.00461397734986,26.1047936799916,0.786246829171207,4.9164688517777
0.225,1.00462390233354,26.6636923464669,0.786231404477163,4.92054271394862
0.22505,1.00463376019808,26.0180883573741,0.786231404477163,4.92054271394862
0.2251,1.00464354923944,26.5887540032269,0.786231404477163,4.92054271394862
0.22515,1.00465326788253,25.932631000431,0.786231404477163,4.92054271394862
0.2252,1.00466291460932,26.5144859323697,0.786231404477163,4.92054271394862
0.22525,1.00467248781399,25.8485742809553,0.786231404477163,4.92054271394862
0.2253,1.00468198594861,26.4409478275464,0.786231404477163,4.92054271394862
0.22535,1.00469140748719,25.7659786388138,0.786231404477163,4.92054271394862
0.2254,1.00470075092617,26.3681987078243,0.786231404477163,4.92054271394862
0.22545,1.00471001478474,25.6849030993702,0.786231404477163,4.92054271394862
0.2255,1.0047191976053,26.2962968982542,0.786231404477163,4.92054271394862
0.22555,1.00472829795379,25.6054052557989,0.786231404477163,4.92054271394862
0.2256,1.00473731442012,26.2252999914069,0.786231404477163,4.92054271394862
0.22565,1.00474624561849,25.5275412421124,0.786231404477163,4.92054271394862
0.2257,1.00475509018778,26.1552648046696,0.786231404477163,4.92054271394862
0.22575,1.00476384679189,25.4513657015238,0.786231404477163,4.92054271394862
0.2258,1.0047725141201,26.0862473322143,0.786231404477163,4.92054271394862
0.22585,1.00478109088734,25.3769317522676,0.786231404477163,4.92054271394862
0.2259,1.00478957583461,26.0183026959058,0.786231404477163,4.92054271394862
0.22595,1.00479796772921,25.3042909515246,0.786231404477163,4.92054271394862
0.226,1.00480626536509,25.9515716866141,0.786215464706973,4.92441789151696
0.22605,1.00481446756316,25.2335808933,0.786215464706973,4.92441789151696
0.2261,1.00482257309653,25.8859344795596,0.786215464706973,4.92441789151696
0.22615,1.0048305808783,25.1646745045979,0.786215464706973,4.92441789151696
0.2262,1.00483848988683,25.8215291958818,0.786215464706973,4.92441789151696
0.22625,1.004846299016,25.0977057848223,0.786215464706973,4.92441789151696
0.2263,1.00485400722544,25.7584071617916,0.786215464706973,4.92441789151696
0.22635,1.00486161350332,25.0327198470633,0.786215464706973,4.92441789151696
0.2264,1.00486911686651,25.6966184965831,0.786215464706973,4.92441789151696
0.22645,1.00487651636088,24.9697600018053,0.786215464706973,4.92441789151696
0.2265,1.00488381106142,25.6362120957981,0.786215464706973,4.92441789151696
0.22655,1.00489100007251,24.908867746135,0.786215464706973,4.92441789151696
0.2266,1.00489808252806,25.5772355985251,0.786215464706973,4.92441789151696
0.22665,1.00490505759174,24.8500827447063,0.786215464706973,4.92441789151696
0.2267,1.00491192445708,25.5197353501908,0.786215464706973,4.92441789151696
0.22675,1.00491868234772,24.7934428060392,0.786215464706973,4.92441789151696
0.2268,1.00492533051743,25.4637563612659,0.786215464706973,4.92441789151696
0.22685,1.00493186825043,24.7389838566229,0.786215464706973,4.92441789151696
0.2269,1.00493829486132,25.4093422640417,0.786215464706973,4.92441789151696
0.22695,1.00494460969537,24.6867399142785,0.786215464706973,4.92441789151696
0.227,1.0049508121285,25.3566185788761,0.786198988980185,4.92810407444512
0.22705,1.00495690156749,24.6368270766392,0.786198988980185,4.92810407444512
0.2271,1.00496287737241,25.3054595874195,0.786198988980185,4.92810407444512
0.22715,1.00496873905067,24.589107333444,0.786198988980185,4.92810407444512
0.2272,1.00497448617943,25.255987155326,0.786198988980185,4.92810407444512
0.22725,1.00498011825075,24.5436925260389,0.786198988980185,4.92810407444512
0.2273,1.00498563482651,25.2082391510489,0.786198988980185,4.92810407444512
0.22735,1.0049910354999,24.5006089306667,0.786198988980185,4.92810407444512
0.2274,1.00499631989523,25.1622517666161,0.786198988980185,4.92810407444512
0.22745,1.00500148766818,24.4598807293292,0.786198988980185,4.92810407444512
0.2275,1.00500653850557,25.1180595036398,0.786198988980185,4.92810407444512
0.22755,1.00501147212563,24.4215300099559,0.786198988980185,4.92810407444512
0.2276,1.00501628827769,25.0756951473165,0.786198988980185,4.92810407444512
0.22765,1.00502098674251,24.3855767590921,0.786198988980185,4.92810407444512
0.2277,1.00502556733189,25.0351897353016,0.786198988980185,4.92810407444512
0.22775,1.00503002988899,24.3520388507107,0.786198988980185,4.92810407444512
0.2278,1.00503437428796,24.9965725236157,0.786198988980185,4.92810407444512
0.22785,1.00503860043419,24.3209320327061,0.786198988980185,4.92810407444512
0.2279,1.00504270826396,24.9598709513297,0.786198988980185,4.92810407444512
0.22795,1.00504669774466,24.2922699126908,0.786198988980185,4.92810407444512
0.228,1.00505056887441,24.9251907138905,0.786181961577967,4.93161048011049
0.22805,1.00505432168225,24.2661444233966,0.786181961577967,4.93161048011049
0.2281,1.00505795614764,24.8923954612735,0.786181961577967,4.93161048011049
0.22815,1.00506147240099,24.2424038030183,0.786181961577967,4.93161048011049
0.2282,1.00506487064315,24.8615864155988,0.786181961577967,4.93161048011049
0.22825,1.00506815098527,24.2211353260284,0.786181961577967,4.93161048011049
0.2283,1.00507131360867,24.8327835864755,0.786181961577967,4.93161048011049
0.22835,1.0050743587249,24.2023440459934,0.786181961577967,4.93161048011049
0.2284,1.00507728657533,24.8060049277952,0.786181961577967,4.93161048011049
0.22845,1.00508009743128,24.1860327529444,0.786181961577967,4.93161048011049
0.2285,1.00508279159355,24.7812663342602,0.786181961577967,4.93161048011049
0.22855,1.00508536939259,24.1722019834679,0.786181961577967,4.93161048011049
0.2286,1.00508783118798,24.7585816304177,0.786181961577967,4.93161048011049
0.22865,1.0050901773686,24.1608500243237,0.786181961577967,4.93161048011049
0.2287,1.00509240835206,24.7379625551424,0.786181961577967,4.93161048011049
0.22875,1.00509452458491,24.1519729123387,0.786181961577967,4.93161048011049
0.2288,1.00509652654203,24.7194187441611,0.786181961577967,4.93161048011049
0.22885,1.00509841472682,24.1455644326797,0.786181961577967,4.93161048011049
0.2289,1.00510018967058,24.7029577119689,0.786181961577967,4.93161048011049
0.22895,1.00510185193271,24.1416161167247,0.786181961577967,4.93161048011049
0.229,1.00510340210004,24.6886617733585,0.786164372837518,4.93494587635362
0.22905,1.00510484078697,24.1401942498906,0.786164372837518,4.93494587635362
0.2291,1.00510616855208,24.6763804314078,0.786164372837518,4.93494587635362
0.22915,1.0051073861053,24.1411317466774,0.786164372837518,4.93494587635362
0.2292,1.00510849422445,24.6661910369407,0.786164372837518,4.93494587635362
0.22925,1.00510949358979,24.1444900914499,0.786164372837518,4.93494587635362
0.2293,1.00511038494891,24.6580926323941,0.786164372837518,4.93494587635362
0.22935,1.00511116907549,24.1502519387926,0.786164372837518,4.93494587635362
0.2294,1.00511184676861,24.6520819981157,0.786164372837518,4.93494587635362
0.22945,1.00511241885288,24.1583976429067,0.786164372837518,4.93494587635362
0.2295,1.00511288617774,24.6481536647712,0.786164372837518,4.93494587635362
0.22955,1.00511324961759,24.1689052835936,0.786164372837518,4.93494587635362
0.2296,1.00511351007108,24.6462999219405,0.786164372837518,4.93494587635362
0.22965,1.00511366846122,24.1817506880195,0.786164372837518,4.93494587635362
0.2297,1.00511372573465,24.6465108219958,0.786164372837518,4.93494587635362
0.22975,1.00511368286178,24.1969074496763,0.786164372837518,4.93494587635362
0.2298,1.00511354083604,24.6487741827289,0.786164372837518,4.93494587635362
0.22985,1.00511330067398,24.2143469464158,0.786164372837518,4.93494587635362
0.2299,1.00511296341453,24.6530755904252,0.786164372837518,4.93494587635362
0.22995,1.00511253011912,24.2340383587712,0.786164372837518,4.93494587635362
0.23,1.00511200187088,24.6594721677116,0.786146219397469,4.93811860340246
0.23005,1.00511137977471,24.2560222752854,0.786146219397469,4.93811860340246
0.2301,1.00511066487113,24.667797661416,0.786146219397469,4.93811860340246
0.23015,1.00510985835004,24.2801162687949,0.786146219397469,4.93811860340246
0.2302,1.00510896146444,24.6781041617045,0.786146219397469,4.93811860340246
0.23025,1.00510797535967,24.3063563759654,0.786146219397469,4.93811860340246
0.2303,1.00510690124346,24.6903685566852,0.786146219397469,4.93811860340246
0.23035,1.00510574034334,24.3347033331704,0.786146219397469,4.93811860340246
0.2304,1.00510449390579,24.7045654840386,0.786146219397469,4.93811860340246
0.23045,1.0051031631964,24.3651157432992,0.786146219397469,4.93811860340246
0.2305,1.00510174949901,24.720667366651,0.786146219397469,4.93811860340246
0.23055,1.00510025411583,24.3975501217816,0.786146219397469,4.93811860340246
0.2306,1.00509867836662,24.7386444484603,0.786146219397469,4.93811860340246
0.23065,1.00509702358879,24.4319609397422,0.786146219397469,4.93811860340246
0.2307,1.00509529113655,24.7584648269015,0.786146219397469,4.93811860340246
0.23075,1.00509348238103,24.4683006642691,0.786146219397469,4.93811860340246
0.2308,1.00509159870947,24.7800944843793,0.786146219397469,4.93811860340246
0.23085,1.00508964152523,24.5065197981191,0.786146219397469,4.93811860340246
0.2309,1.00508761224705,24.8034973218787,0.786146219397469,4.93811860340246
0.23095,1.00508551230909,24.5465669198856,0.786146219397469,4.93811860340246
0.231,1.00508334316011,24.8287057538473,0.786127503800576,4.94113659472722
0.23105,1.00508110626345,24.5884589208064,0.786127503800576,4.94113659472722
0.2311,1.00507880300822,24.855538606816,0.786127503800576,4.94113659472722
0.23115,1.00507643492965,24.6320001429406,0.786127503800576,4.94113659472722
0.2312,1.00507400362011,24.884023768886,0.786127503800576,4.94113659472722
0.23125,1.00507151055302,24.6772036259133,0.786127503800576,4.94113659472722
0.2313,1.00506895725819,24.9141173415048,0.786127503800576,4.94113659472722
0.23135,1.00506634527778,24.7240108196597,0.786127503800576,4.94113659472722
0.2314,1.00506367616557,24.9457734845514,0.786127503800576,4.94113659472722
0.23145,1.00506095148695,24.7723614332113,0.786127503800576,4.94113659472722
0.2315,1.00505817281813,24.9789444787214,0.786127503800576,4.94113659472722
0.23155,1.0050553417462,24.8221935061246,0.786127503800576,4.94113659472722
0.2316,1.00505245986828,25.0135807902313,0.786127503800576,4.94113659472722
0.23165,1.00504952879162,24.8734434765952,0.786127503800576,4.94113659472722
0.2317,1.00504655013273,25.0496311326846,0.786127503800576,4.94113659472722
0.23175,1.00504352551747,24.9260462481094,0.786127503800576,4.94113659472722
0.2318,1.00504045658023,25.0870425256944,0.786127503800576,4.94113659472722
0.23185,1.00503734496395,24.9799352564296,0.786127503800576,4.94113659472722
0.2319,1.00503419231935,25.1257603564022,0.786127503800576,4.94113659472722
0.23195,1.00503100030495,25.0350425370868,0.786127503800576,4.94113659472722
0.232,1.00502777058624,25.1657957624204,0.786108233529377,4.94400739687822
0.23205,1.00502450483571,25.0913656266253,0.786108233529377,4.94400739687822
0.2321,1.00502120464135,25.2069564711241,0.786108233529377,4.94400739687822
0.23215,1.00501787173356,25.1487001504019,0.786108233529377,4.94400739687822
0.2322,1.00501450789358,25.249250182093,0.786108233529377,4.94400739687822
0.23225,1.00501111477212,25.2070410248135,0.786108233529377,4.94400739687822
0.2323,1.00500769406995,25.2926165321951,0.786108233529377,4.94400739687822
0.23235,1.00500424749258,25.2663155201162,0.786108233529377,4.94400739687822
0.2324,1.0050007767495,25.3369937984015,0.786108233529377,4.94400739687822
0.23245,1.00499728355417,25.3264498269362,0.786108233529377,4.94400739687822
0.2325,1.00499376962329,25.3823189827718,0.786108233529377,4.94400739687822
0.23255,1.00499023667678,25.3873691507377,0.786108233529377,4.94400739687822
0.2326,1.00498668643703,25.4285279016578,0.786108233529377,4.94400739687822
0.23265,1.00498312062892,25.4489978029926,0.786108233529377,4.94400739687822
0.2327,1.00497954097903,25.4755552709426,0.786108233529377,4.94400739687822
0.23275,1.00497594921571,25.5112592895313,0.786108233529377,4.94400739687822
0.2328,1.00497234706825,25.5233347895523,0.786108233529377,4.94400739687822
0.23285,1.00496873626696,25.5740763975398,0.786108233529377,4.94400739687822
0.2329,1.00496511854238,25.5717992238844,0.786108233529377,4.94400739687822
0.23295,1.00496149562529,25.6373712822821,0.786108233529377,4.94400739687822
0.233,1.00495786924599,25.6209445531631,0.786088419600028,4.94673818835617
0.23305,1.00495424113421,25.7011290591121,0.786088419600028,4.94673818835617
0.2331,1.00495061292522,25.6705738382891,0.786088419600028,4.94673818835617
0.23315,1.00494698639298,25.7651436795541,0.786088419600028,4.94673818835617
0.2332,1.00494336335618,25.7206811971756,0.786088419600028,4.94673818835617
0.23325,1.00493974549167,25.8293993015215,0.786088419600028,4.94673818835617
0.2333,1.00493613452023,25.7711966683409,0.786088419600028,4.94673818835617
0.23335,1.00493253215999,25.8938165383123,0.786088419600028,4.94673818835617
0.2334,1.00492894012567,25.8220497437833,0.786088419600028,4.94673818835617
0.23345,1.00492536012862,25.9583157655065,0.786088419600028,4.94673818835617
0.2335,1.00492179387607,25.8731694710352,0.786088419600028,4.94673818835617
0.23355,1.00491824307114,26.0228172256056,0.786088419600028,4.94673818835617
0.2336,1.00491470941217,25.9244845576442,0.786088419600028,4.94673818835617
0.23365,1.00491119459265,26.0872411287157,0.786088419600028,4.94673818835617
0.2337,1.00490770030057,25.9759234707561,0.786088419600028,4.94673818835617
0.23375,1.0049042282184,26.1515077489995,0.786088419600028,4.94673818835617
0.2338,1.0049007800224,26.0274145335677,0.786088419600028,4.94673818835617
0.23385,1.00489735738261,26.215537519314,0.786088419600028,4.94673818835617
0.2339,1.00489396196218,26.0788860187325,0.786088419600028,4.94673818835617
0.23395,1.00489059541731,26.279251125764,0.786088419600028,4.94673818835617
0.234,1.00488725939665,26.1303270471745,0.786068074867214,4.94933579756218
0.23405,1.00488395554116,26.3426298427744,0.786068074867214,4.94933579756218
0.2341,1.0048806853878,26.1815444448043,0.786068074867214,4.94933579756218
0.23415,1.0048774506089,26.4054744401108,0.786068074867214,4.94933579756218
0.2342,1.00487425291575,26.2325273221874,0.786068074867214,4.94933579756218
0.23425,1.00487109386704,26.4677670746429,0.786068074867214,4.94933579756218
0.2343,1.00486797505972,26.2832048004878,0.786068074867214,4.94933579756218
0.23435,1.00486489808108,26.529430477426,0.786068074867214,4.94933579756218
0.2344,1.00486186450815,26.3335063551385,0.786068074867214,4.94933579756218
0.23445,1.00485887590763,26.590388051094,0.786068074867214,4.94933579756218
0.2345,1.00485593383533,26.383361913349,0.786068074867214,4.94933579756218
0.23455,1.00485303983601,26.6505639734734,0.786068074867214,4.94933579756218
0.2346,1.00485019544293,26.4327019541475,0.786068074867214,4.94933579756218
0.23465,1.00484740217766,26.7098832963144,0.786068074867214,4.94933579756218
0.2347,1.00484466154957,26.4814576002606,0.786068074867214,4.94933579756218
0.23475,1.00484197505573,26.7682720393882,0.786068074867214,4.94933579756218
0.2348,1.00483934418038,26.5295607062946,0.786068074867214,4.94933579756218
0.23485,1.00483677039478,26.8256572790002,0.786068074867214,4.94933579756218
0.2349,1.00483425515677,26.5769439440191,0.786068074867214,4.94933579756218
0.23495,1.00483179991055,26.8819672352528,0.786068074867214,4.94933579756218
0.235,1.00482940608626,26.6235984885995,0.786047212202163,4.95180671987228
0.23505,1.00482707509978,26.9371884355742,0.786047212202163,4.95180671987228
0.2351,1.00482480825409,26.6693436441466,0.786047212202163,4.95180671987228
0.23515,1.00482260698466,26.9911372439017,0.786047212202163,4.95180671987228
0.2352,1.00482047276072,26.7141723041164,0.786047212202163,4.95180671987228
0.23525,1.00481840688879,27.0438028278987,0.786047212202163,4.95180671987228
0.2353,1.00481641070856,26.7580213416318,0.786047212202163,4.95180671987228
0.23535,1.00481448554365,27.095118893579,0.786047212202163,4.95180671987228
0.2354,1.00481263270117,26.8008287945966,0.786047212202163,4.95180671987228
0.23545,1.00481085347158,27.1450206419032,0.786047212202163,4.95180671987228
0.2355,1.00480914912823,26.8425339487954,0.786047212202163,4.95180671987228
0.23555,1.00480752092725,27.1934448527857,0.786047212202163,4.95180671987228
0.2356,1.00480597010708,26.8830774216692,0.786047212202163,4.95180671987228
0.23565,1.00480449788833,27.2403299612475,0.786047212202163,4.95180671987228
0.2357,1.00480310547338,26.9224012378039,0.786047212202163,4.95180671987228
0.23575,1.00480179404624,27.2856161285669,0.786047212202163,4.95180671987228
0.2358,1.00480056477208,26.9604488992234,0.786047212202163,4.95180671987228
0.23585,1.00479941879716,27.3292453071997,0.786047212202163,4.95180671987228
0.2359,1.00479835724836,26.9971654511504,0.786047212202163,4.95180671987228
0.23595,1.00479738123309,27.3711613029401,0.786047212202163,4.95180671987228
0.236,1.00479649183887,27.0325520511939,0.786025842702784,4.95415713387931
0.23605,1.00479569013316,27.4113638928634,0.786025842702784,4.95415713387931
0.2361,1.00479497706245,27.0664479454109,0.786025842702784,4.95415713387931
0.23615,1.00479435370356,27.4496924048875,0.786025842702784,4.95415713387931
0.2362,1.00479382116265,27.098857390448,0.786025842702784,4.95415713387931
0.23625,1.00479338037396,27.4861505682158,0.786025842702784,4.95415713387931
0.2363,1.00479303230061,27.1297323136757,0.786025842702784,4.95415713387931
0.23635,1.00479277788412,27.5206902505203,0.786025842702784,4.95415713387931
0.2364,1.00479261804412,27.15902641826,0.786025842702784,4.95415713387931
0.23645,1.00479255367815,27.553265395992,0.786025842702784,4.95415713387931
0.2365,1.00479258566141,27.186695239462,0.786025842702784,4.95415713387931
0.23655,1.00479271484652,27.5838320823333,0.786025842702784,4.95415713387931
0.2366,1.00479294206329,27.212696198858,0.786025842702784,4.95415713387931
0.23665,1.00479326811852,27.6123485700424,0.786025842702784,4.95415713387931
0.2367,1.00479369379573,27.2369886499823,0.786025842702784,4.95415713387931
0.23675,1.00479421985497,27.6387753459333,0.786025842702784,4.95415713387931
0.2368,1.00479484703263,27.25953391828,0.786025842702784,4.95415713387931
0.23685,1.00479557604117,27.6630751615957,0.786025842702784,4.95415713387931
0.2369,1.00479640756897,27.280295335596,0.786025842702784,4.95415713387931
0.23695,1.0047973422801,27.6852130675048,0.786025842702784,4.95415713387931
0.237,1.00479838081411,27.2992898347264,0.786003974085596,4.95639291684255
0.23705,1.00479952378589,27.7052076637558,0.786003974085596,4.95639291684255
0.2371,1.00480077168251,27.316381666236,0.786003974085596,4.95639291684255
0.23715,1.00480212512035,27.7229260170577,0.786003974085596,4.95639291684255
0.2372,1.004803584742,27.3315916568671,0.786003974085596,4.95639291684255
0.23725,1.00480515101023,27.7383914378973,0.786003974085596,4.95639291684255
0.2373,1.00480682441371,27.3448915607146,0.786003974085596,4.95639291684255
0.23735,1.00480860541533,27.7515785332866,0.786003974085596,4.95639291684255
0.2374,1.00481049445207,27.356255218648,0.786003974085596,4.95639291684255
0.23745,1.00481249193484,27.7624642895864,0.786003974085596,4.95639291684255
0.2375,1.00481459824832,27.3656585873327,0.786003974085596,4.95639291684255
0.23755,1.00481681375082,27.7710280985093,0.786003974085596,4.95639291684255
0.2376,1.00481913877417,27.3730797639233,0.786003974085596,4.95639291684255
0.23765,1.00482157362354,27.7772517752506,0.786003974085596,4.95639291684255
0.2377,1.00482411857734,27.3784990035811,0.786003974085596,4.95639291684255
0.23775,1.0048267738871,27.7811195702592,0.786003974085596,4.95639291684255
0.2378,1.00482953977733,27.3818987319055,0.786003974085596,4.95639291684255
0.23785,1.00483241644545,27.7826181762862,0.786003974085596,4.95639291684255
0.2379,1.00483540406165,27.3832635531653,0.786003974085596,4.95639291684255
0.23795,1.00483850276879,27.7817367309434,0.786003974085596,4.95639291684255
0.238,1.00484171268236,27.3826290651882,0.78598160939595,4.95851965938398
0.23805,1.00484503389034,27.7785154030073,0.78598160939595,4.95851965938398
0.2381,1.00484846634795,27.3798865705953,0.78598160939595,4.95851965938398
0.23815,1.00485201014053,27.7728508302342,0.78598160939595,4.95851965938398
0.2382,1.00485566537841,27.3750757861968,0.78598160939595,4.95851965938398
0.23825,1.00485943198622,27.7647880266287,0.78598160939595,4.95851965938398
0.2383,1.00486330991342,27.3681901645618,0.78598160939595,4.95851965938398
0.23835,1.00486729908158,27.7543259602881,0.78598160939595,4.95851965938398
0.2384,1.00487139938441,27.3592252895141,0.78598160939595,4.95851965938398
0.23845,1.00487561068759,27.7414659766403,0.78598160939595,4.95851965938398
0.2385,1.00487993282892,27.3481788824369,0.78598160939595,4.95851965938398
0.23855,1.00488436561814,27.7262117967274,0.78598160939595,4.95851965938398
0.2386,1.00488890883705,27.3350508010494,0.78598160939595,4.95851965938398
0.23865,1.0048935622394,27.7085695085725,0.78598160939595,4.95851965938398
0.2387,1.00489832555099,27.3198430317424,0.78598160939595,4.95851965938398
0.23875,1.00490319846957,27.6885475534984,0.78598160939595,4.95851965938398
0.2388,1.00490818066497,27.3025596771856,0.78598160939595,4.95851965938398
0.23885,1.00491327177904,27.6661567084039,0.78598160939595,4.95851965938398
0.2389,1.00491847142575,27.2832069403582,0.78598160939595,4.95851965938398
0.23895,1.00492377919114,27.6414100648702,0.78598160939595,4.95851965938398
0.239,1.00492919463351,27.2618393739313,0.785958746155016,4.96054267946773
0.23905,1.00493471728333,27.6143691746225,0.785958746155016,4.96054267946773
0.2391,1.00494034653589,27.238374750054,0.785958746155016,4.96054267946773
0.23915,1.00494608192009,27.5849591632262,0.785958746155016,4.96054267946773
0.2392,1.00495192299112,27.212871465756,0.785958746155016,4.96054267946773
0.23925,1.00495786911528,27.553246042774,0.785958746155016,4.96054267946773
0.2393,1.00496391968534,27.1853440219091,0.785958746155016,4.96054267946773
0.23935,1.00497007406676,27.5192519888896,0.785958746155016,4.96054267946773
0.2394,1.00497633159788,27.1558088593567,0.785958746155016,4.96054267946773
0.23945,1.00498269158995,27.4830013170289,0.785958746155016,4.96054267946773
0.2395,1.00498915332737,27.1242843481671,0.785958746155016,4.96054267946773
0.23955,1.00499571606769,27.4445204602679,0.785958746155016,4.96054267946773
0.2396,1.0050023790419,27.0907907665345,0.785958746155016,4.96054267946773
0.23965,1.00500914145443,27.4038379397436,0.785958746155016,4.96054267946773
0.2397,1.00501600248347,27.0553502756722,0.785958746155016,4.96054267946773
0.23975,1.00502296128095,27.3609843305014,0.785958746155016,4.96054267946773
0.2398,1.00503001697293,27.0179868909266,0.785958746155016,4.96054267946773
0.23985,1.00503716865958,27.3159922235631,0.785958746155016,4.96054267946773
0.2399,1.00504441541553,26.9787264505317,0.785958746155016,4.96054267946773
0.23995,1.00505175628995,27.2688961852198,0.785958746155016,4.96054267946773
0.24,1.00505919030688,26.9376405253186,0.785935376034853,4.96246703569775
0.24005,1.00506671646533,27.2197766732003,0.785935376034853,4.96246703569775
0.2401,1.00507433362973,26.8946706000497,0.785935376034853,4.96246703569775
0.24015,1.00508204080474,27.168584000812,0.785935376034853,4.96246703569775
0.2402,1.00508983702581,26.8498914594955,0.785935376034853,4.96246703569775
0.24025,1.00509772113933,27.1154022923595,0.785935376034853,4.96246703569775
0.2403,1.00510569202299,26.8033359932653,0.785935376034853,4.96246703569775
0.24035,1.00511374853085,27.0602736473512,0.785935376034853,4.96246703569775
0.2404,1.00512188949387,26.7550386898204,0.785935376034853,4.96246703569775
0.24045,1.00513011371991,27.0032418754363,0.785935376034853,4.96246703569775
0.2405,1.00513841999427,26.7050356165176,0.785935376034853,4.96246703569775
0.24055,1.00514680707976,26.9443524588079,0.785935376034853,4.96246703569775
0.2406,1.00515527371724,26.6533643864354,0.785935376034853,4.96246703569775
0.24065,1.00516381862566,26.8836525079847,0.785935376034853,4.96246703569775
0.2407,1.00517244050268,26.6000641215531,0.785935376034853,4.96246703569775
0.24075,1.00518113802469,26.8211907137468,0.785935376034853,4.96246703569775
0.2408,1.00518990984743,26.5451754130419,0.785935376034853,4.96246703569775
0.24085,1.00519875460607,26.7570172971436,0.785935376034853,4.96246703569775
0.2409,1.0052076709158,26.4887402786096,0.785935376034853,4.96246703569775
0.24095,1.00521665737194,26.6911839576052,0.785935376034853,4.96246703569775
0.241,1.00522571255057,26.4308439408177,0.785911485112885,4.96429753996697
0.24105,1.00523483500866,26.6237857586676,0.785911485112885,4.96429753996697
0.2411,1.00524402317232,26.3714475035104,0.785911485112885,4.96429753996697
0.24115,1.00525327561779,26.5547931986509,0.785911485112885,4.96429753996697
0.2412,1.00526259095974,26.3106385421949,0.785911485112885,4.96429753996697
0.24125,1.0052719676267,26.4843039452489,0.785911485112885,4.96429753996697
0.2413,1.00528140408645,26.2484644272979,0.785911485112885,4.96429753996697
0.24135,1.00529089878997,26.412375149566,0.785911485112885,4.96429753996697
0.2414,1.00530045017216,26.1849736780655,0.785911485112885,4.96429753996697
0.24145,1.00531005665195,26.3390651358991,0.785911485112885,4.96429753996697
0.2415,1.00531971663302,26.1202159350285,0.785911485112885,4.96429753996697
0.24155,1.00532942850396,26.2644333566844,0.785911485112885,4.96429753996697
0.2416,1.00533919063896,26.054241917818,0.785911485112885,4.96429753996697
0.24165,1.00534900139801,26.188540341237,0.785911485112885,4.96429753996697
0.2417,1.00535885912762,25.9871033805184,0.785911485112885,4.96429753996697
0.24175,1.00536876216098,26.1114476415811,0.785911485112885,4.96429753996697
0.2418,1.00537870881871,25.91885306497,0.785911485112885,4.96429753996697
0.24185,1.00538869740905,26.0332177746802,0.785911485112885,4.96429753996697
0.2419,1.0053987262286,25.8495446526764,0.785911485112885,4.96429753996697
0.24195,1.00540879356252,25.9539141650147,0.785911485112885,4.96429753996697
0.242,1.00541889768529,25.7792726034324,0.785887054703077,4.96603876948952
0.24205,1.00542903686096,25.8736411647205,0.785887054703077,4.96603876948952
0.2421,1.00543920922898,25.7080125937024,0.785887054703077,4.96603876948952
0.24215,1.00544941309161,25.7923835820201,0.785887054703077,4.96603876948952
0.2422,1.00545964679977,25.6358604291057,0.785887054703077,4.96603876948952
0.24225,1.00546990852361,25.7102471725575,0.785887054703077,4.96603876948952
0.2423,1.00548019648294,25.5628731559761,0.785887054703077,4.96603876948952
0.24235,1.00549050889014,25.6272984550498,0.785887054703077,4.96603876948952
0.2424,1.00550084395082,25.4891084691309,0.785887054703077,4.96603876948952
0.24245,1.00551119986416,25.5436045175651,0.785887054703077,4.96603876948952
0.2425,1.00552157482364,25.4146246839977,0.785887054703077,4.96603876948952
0.24255,1.00553196701731,25.4592329669111,0.785887054703077,4.96603876948952
0.2426,1.00554237462856,25.3394806932028,0.785887054703077,4.96603876948952
0.24265,1.00555279583639,25.3742518720257,0.785887054703077,4.96603876948952
0.2427,1.00556322881619,25.2637359211536,0.785887054703077,4.96603876948952
0.24275,1.00557367174001,25.2887297051813,0.785887054703077,4.96603876948952
0.2428,1.00558412277735,25.187450276154,0.785887054703077,4.96603876948952
0.24285,1.00559458009542,25.2027352820744,0.785887054703077,4.96603876948952
0.2429,1.00560504185992,25.1106841010682,0.785887054703077,4.96603876948952
0.24295,1.00561550623533,25.1163377010884,0.785887054703077,4.96603876948952
0.243,1.0056259713857,25.0335362365331,0.785862062697134,4.96769507824618
0.24305,1.00563643547495,25.0296446399056,0.785862062697134,4.96769507824618
0.2431,1.00564689655013,24.9559915787133,0.785862062697134,4.96769507824618
0.24315,1.00565735283542,24.9426488093843,0.785862062697134,4.96769507824618
0.2432,1.00566780261541,24.8781492810005,0.785862062697134,4.96769507824618
0.24325,1.00567824400042,24.8554580215975,0.785862062697134,4.96769507824618
0.2433,1.00568867516227,24.800071008161,0.785862062697134,4.96769507824618
0.24335,1.00569909427584,24.768141974076,0.785862062697134,4.96769507824618
0.2434,1.00570949951979,24.7218185581879,0.785862062697134,4.96769507824618
0.24345,1.00571988907691,24.680770317954,0.785862062697134,4.96769507824618
0.2435,1.00573026113482,24.6434538312584,0.785862062697134,4.96769507824618
0.24355,1.00574061388633,24.5934126117263,0.785862062697134,4.96769507824618
0.2436,1.00575094553015,24.5650387828701,0.785862062697134,4.96769507824618
0.24365,1.0057612542712,24.5061382693429,0.785862062697134,4.96769507824618
0.2437,1.00577153832136,24.4866353751527,0.785862062697134,4.96769507824618
0.24375,1.00578179589977,24.419016505981,0.785862062697134,4.96769507824618
0.2438,1.00579202523354,24.4083055269002,0.785862062697134,4.96769507824618
0.24385,1.00580222455807,24.3321162838517,0.785862062697134,4.96769507824618
0.2439,1.00581239211778,24.3301110619288,0.785862062697134,4.96769507824618
0.24395,1.00582252616641,24.2455062563971,0.785862062697134,4.96769507824618
0.244,1.00583262496768,24.2521501316173,0.785836485284115,4.96927060787157
0.24405,1.00584268679569,24.1592914543868,0.785836485284115,4.96927060787157
0.2441,1.00585270981533,24.1744113525376,0.785836485284115,4.96927060787157
0.24415,1.00586269238309,24.0734662338923,0.785836485284115,4.96927060787157
0.2442,1.00587263292759,24.0969921170068,0.785836485284115,4.96927060787157
0.24425,1.00588252970939,23.988134582976,0.785836485284115,4.96927060787157
0.2443,1.00589238106212,24.019953447165,0.785836485284115,4.96927060787157
0.24435,1.00590218533268,23.9033634331928,0.785836485284115,4.96927060787157
0.2444,1.00591194088185,23.9433559738704,0.785836485284115,4.96927060787157
0.24445,1.00592164608463,23.8192191017824,0.785836485284115,4.96927060787157
0.2445,1.00593129933085,23.8672599092987,0.785836485284115,4.96927060787157
0.24455,1.00594089902543,23.7357672475148,0.785836485284115,4.96927060787157
0.2446,1.00595044358907,23.7917250030722,0.785836485284115,4.96927060787157
0.24465,1.00595993145846,23.6530728225789,0.785836485284115,4.96927060787157
0.2447,1.00596936108691,23.7168104985713,0.785836485284115,4.96927060787157
0.24475,1.00597873094464,23.5712000212024,0.785836485284115,4.96927060787157
0.2448,1.00598803951935,23.6425750876636,0.785836485284115,4.96927060787157
0.24485,1.00599728531647,23.4902122284983,0.785836485284115,4.96927060787157
0.2449,1.00600646685977,23.5690768645597,0.785836485284115,4.96927060787157
0.24495,1.00601558269157,23.4101719689754,0.785836485284115,4.96927060787157
0.245,1.00602463137335,23.4964082234003,0.785810298863133,4.97076929801042
0.24505,1.00603361148594,23.3311760671454,0.785810298863133,4.97076929801042
0.2451,1.00604252150705,23.4245561373742,0.785810298863133,4.97076929801042
0.24515,1.0060513601191,23.2532147387537,0.785810298863133,4.97076929801042
0.2452,1.00606012608672,23.3536112545387,0.785810298863133,4.97076929801042
0.24525,1.0060688180108,23.176382672067,0.785810298863133,4.97076929801042
0.2453,1.0060774345752,23.2836289017177,0.785810298863133,4.97076929801042
0.24535,1.00608597448533,23.1007385079145,0.785810298863133,4.97076929801042
0.2454,1.00609443646873,23.2146635375225,0.785810298863133,4.97076929801042
0.24545,1.0061028192752,23.0263397516259,0.785810298863133,4.97076929801042
0.2455,1.00611112167731,23.1467687263291,0.785810298863133,4.97076929801042
0.24555,1.00611934247056,22.9532427360557,0.785810298863133,4.97076929801042
0.2456,1.00612748047381,23.0799970974205,0.785810298863133,4.97076929801042
0.24565,1.00613553452952,22.8815025827006,0.785810298863133,4.97076929801042
0.2457,1.0061435035041,23.0144003034614,0.785810298863133,4.97076929801042
0.24575,1.00615138628811,22.8111731599864,0.785810298863133,4.97076929801042
0.2458,1.00615918179667,22.9500289774564,0.785810298863133,4.97076929801042
0.24585,1.00616688896959,22.7423070422582,0.785810298863133,4.97076929801042
0.2459,1.00617450677175,22.8869326889592,0.785810298863133,4.97076929801042
0.24595,1.00618203419326,22.6749554688978,0.785810298863133,4.97076929801042
0.246,1.0061894702498,22.8251934018655,0.785783481933134,4.9721948961687
0.24605,1.00619681398277,22.6092020560622,0.785783481933134,4.9721948961687
0.2461,1.00620406433356,22.7647915335989,0.785783481933134,4.9721948961687
0.24615,1.00621122045876,22.5450277535895,0.785783481933134,4.9721948961687
0.2462,1.00621828160442,22.7058063809888,0.785783481933134,4.9721948961687
0.24625,1.00622524685414,22.4825131381119,0.785783481933134,4.9721948961687
0.2463,1.00623211538137,22.6482829023003,0.785783481933134,4.9721948961687
0.24635,1.0062388863865,22.421703772342,0.785783481933134,4.9721948961687
0.2464,1.00624555909714,22.5922647407583,0.785783481933134,4.9721948961687
0.24645,1.0062521327682,22.3626436629271,0.785783481933134,4.9721948961687
0.2465,1.00625860668207,22.5377941996754,0.785783481933134,4.9721948961687
0.24655,1.00626498014878,22.3053752326201,0.785783481933134,4.9721948961687
0.2466,1.00627125250615,22.4849122081241,0.785783481933134,4.9721948961687
0.24665,1.00627742311987,22.2499392890543,0.785783481933134,4.9721948961687
0.2467,1.00628349138366,22.4336582856722,0.785783481933134,4.9721948961687
0.24675,1.00628945671936,22.196374992243,0.785783481933134,4.9721948961687
0.2468,1.00629531857706,22.3840705063163,0.785783481933134,4.9721948961687
0.24685,1.00630107643515,22.1447198212476,0.785783481933134,4.9721948961687
0.2469,1.00630672980046,22.3361854629698,0.785783481933134,4.9721948961687
0.24695,1.00631227820825,22.0950095408946,0.785783481933134,4.9721948961687
0.247,1.00631772122238,22.2900703612946,0.785756016743884,4.97355096708437
0.24705,1.00632305843527,22.0473105167277,0.785756016743884,4.97355096708437
0.2471,1.00632828933894,22.2456945832239,0.785756016743884,4.97355096708437
0.24715,1.00633341364769,22.0015903073127,0.785756016743884,4.97355096708437
0.2472,1.00633843116907,22.2031218804444,0.785756016743884,4.97355096708437
0.24725,1.00634334154579,21.9579115162396,0.785756016743884,4.97355096708437
0.2473,1.00634814451381,22.1623826475215,0.785756016743884,4.97355096708437
0.24735,1.00635283983787,21.9163027901209,0.785756016743884,4.97355096708437
0.2474,1.00635742731145,22.1235055959988,0.785756016743884,4.97355096708437
0.24745,1.00636190675677,21.876790882282,0.785756016743884,4.97355096708437
0.2475,1.00636627802474,22.0865177351403,0.785756016743884,4.97355096708437
0.24755,1.00637054099498,21.8394006337783,0.785756016743884,4.97355096708437
0.2476,1.00637469557572,22.0514443468112,0.785756016743884,4.97355096708437
0.24765,1.00637874170381,21.8041549521238,0.785756016743884,4.97355096708437
0.2477,1.00638267934462,22.0183089591295,0.785756016743884,4.97355096708437
0.24775,1.00638650849199,21.7710747894025,0.785756016743884,4.97355096708437
0.2478,1.00639022916818,21.9871333192457,0.785756016743884,4.97355096708437
0.24785,1.00639384142375,21.7401791206187,0.785756016743884,4.97355096708437
0.2479,1.0063973453375,21.9579373660724,0.785756016743884,4.97355096708437
0.24795,1.00640074101635,21.7114849227109,0.785756016743884,4.97355096708437
0.248,1.00640402859527,21.9307700122785,0.785727890524491,4.97484090164106
0.24805,1.00640720823713,21.6850381411974,0.785727890524491,4.97484090164106
0.2481,1.00641028000042,21.9055859992816,0.785727890524491,4.97484090164106
0.24815,1.00641324416959,21.6607897434982,0.785727890524491,4.97484090164106
0.2482,1.00641610112266,21.88243018552,0.785727890524491,4.97484090164106
0.24825,1.00641885106686,21.63878141463,0.785727890524491,4.97484090164106
0.2483,1.00642149430271,21.8613150866312,0.785727890524491,4.97484090164106
0.24835,1.00642403115786,21.6190220075814,0.785727890524491,4.97484090164106
0.2484,1.00642646198684,21.8422512587525,0.785727890524491,4.97484090164106
0.24845,1.00642878717099,21.6015182677845,0.785727890524491,4.97484090164106
0.2485,1.00643100711821,21.8252472855156,0.785727890524491,4.97484090164106
0.24855,1.0064331222628,21.5862748273276,0.785727890524491,4.97484090164106
0.2486,1.00643513306528,21.8103097651592,0.785727890524491,4.97484090164106
0.24865,1.0064370400122,21.5732941974256,0.785727890524491,4.97484090164106
0.2487,1.0064388436159,21.7974432963583,0.785727890524491,4.97484090164106
0.24875,1.00644054441435,21.5625767604535,0.785727890524491,4.97484090164106
0.2488,1.00644214297091,21.7866504646393,0.785727890524491,4.97484090164106
0.24885,1.00644363987411,21.5541207621047,0.785727890524491,4.97484090164106
0.2489,1.00644503573742,21.7779318295135,0.785727890524491,4.97484090164106
0.24895,1.00644633119906,21.5479223040583,0.785727890524491,4.97484090164106
0.249,1.00644752692169,21.7713154370496,0.785699096163885,4.97606792534707
0.24905,1.00644862359224,21.5440049962444,0.785699096163885,4.97606792534707
0.2491,1.00644962178627,21.7667388248169,0.785699096163885,4.97606792534707
0.24915,1.00645052230611,21.5423013355144,0.785699096163885,4.97606792534707
0.2492,1.00645132604517,21.7642256455531,0.785699096163885,4.97606792534707
0.24925,1.00645203371718,21.5428304580321,0.785699096163885,4.97606792534707
0.2493,1.00645264612643,21.7637683225015,0.785699096163885,4.97606792534707
0.24935,1.00645316409994,21.5455798958629,0.785699096163885,4.97606792534707
0.2494,1.00645358848709,21.7653571918139,0.785699096163885,4.97606792534707
0.24945,1.00645392015944,21.550535001485,0.785699096163885,4.97606792534707
0.2495,1.00645416001032,21.7689805038955,0.785699096163885,4.97606792534707
0.24955,1.00645430895469,21.557678956951,0.785699096163885,4.97606792534707
0.2496,1.00645436792871,21.7746244302253,0.785699096163885,4.97606792534707
0.24965,1.00645433788955,21.5669927833223,0.785699096163885,4.97606792534707
0.2497,1.006454219815,21.7822730684129,0.785699096163885,4.97606792534707
0.24975,1.00645401470327,21.5784553502175,0.785699096163885,4.97606792534707
0.2498,1.00645372357255,21.7919084478584,0.785699096163885,4.97606792534707
0.24985,1.00645334746084,21.592043387096,0.785699096163885,4.97606792534707
0.2499,1.00645288742552,21.8035105367128,0.785699096163885,4.97606792534707
0.24995,1.00645234454313,21.6077314954914,0.785699096163885,4.97606792534707
0.25,1.00645171990895,21.8170855109684,0.785669632290165,4.97723510640079
0.25005,1.00645101463675,21.6255205168064,0.785669632290165,4.97723510640079
0.2501,1.00645022971997,21.8325528192084,0.785669632290165,4.97723510640079
0.25015,1.00644936637758,21.6453241486095,0.785669632290165,4.97723510640079
0.2502,1.00644842591522,21.8499142918208,0.785669632290165,4.97723510640079
0.25025,1.00644740944809,21.6671389129267,0.785669632290165,4.97723510640079
0.2503,1.00644631817735,21.8691418111471,0.785669632290165,4.97723510640079
0.25035,1.00644515332072,21.6909311224273,0.785669632290165,4.97723510640079
0.2504,1.00644391611197,21.8902052409957,0.785669632290165,4.97723510640079
0.25045,1.00644260780077,21.7166650412714,0.785669632290165,4.97723510640079
0.2505,1.00644122965216,21.9130724455338,0.785669632290165,4.97723510640079
0.25055,1.00643978294637,21.7443029171984,0.785669632290165,4.97723510640079
0.2506,1.00643826897832,21.9377093175543,0.785669632290165,4.97723510640079
0.25065,1.00643668905742,21.7738050158959,0.785669632290165,4.97723510640079
0.2507,1.00643504450709,21.9640798063763,0.785669632290165,4.97723510640079
0.25075,1.00643333666452,21.8051296545464,0.785669632290165,4.97723510640079
0.2508,1.00643156688022,21.9921459468262,0.785669632290165,4.97723510640079
0.25085,1.00642973651775,21.8382332373452,0.785669632290165,4.97723510640079
0.2509,1.00642784695331,22.0218678903608,0.785669632290165,4.97723510640079
0.25095,1.00642589957542,21.8730702923606,0.785669632290165,4.97723510640079
0.251,1.00642389578452,22.0532309483543,0.785639502768689,4.9783453633628
0.25105,1.00642183699265,21.9096205718476,0.785639502768689,4.9783453633628
0.2511,1.00641972448149,22.0861376732185,0.785639502768689,4.9783453633628
0.25115,1.00641755975599,21.9477808454761,0.785639502768689,4.9783453633628
0.2512,1.0064153444024,22.1205695400011,0.785639502768689,4.9783453633628
0.25125,1.0064130798048,21.9875271843203,0.785639502768689,4.9783453633628
0.2513,1.0064107674278,22.1564795833021,0.785639502768689,4.9783453633628
0.25135,1.00640840874554,22.0288070672056,0.785639502768689,4.9783453633628
0.2514,1.00640600524114,22.1938191350449,0.785639502768689,4.9783453633628
0.25145,1.00640355840654,22.0715662938921,0.785639502768689,4.9783453633628
0.2515,1.00640106974195,22.2325378690762,0.785639502768689,4.9783453633628
0.25155,1.00639854075568,22.1157490395376,0.785639502768689,4.9783453633628
0.2516,1.00639597296358,22.2725838584398,0.785639502768689,4.9783453633628
0.25165,1.00639336788888,22.1612979117363,0.785639502768689,4.9783453633628
0.2517,1.00639072706167,22.3139036314454,0.785639502768689,4.9783453633628
0.25175,1.00638805201865,22.2081540069984,0.785639502768689,4.9783453633628
0.2518,1.00638534430267,22.3564422293104,0.785639502768689,4.9783453633628
0.25185,1.00638260546251,22.2562569694901,0.785639502768689,4.9783453633628
0.2519,1.00637983705236,22.4001432643776,0.785639502768689,4.9783453633628
0.25195,1.00637704063161,22.3055450517905,0.785639502768689,4.9783453633628
0.252,1.00637421776437,22.4449747442509,0.78560871570029,4.97940147245383
0.25205,1.00637137001919,22.3559809592681,0.78560871570029,4.97940147245383
0.2521,1.00636849882398,22.4908261469518,0.78560871570029,4.97940147245383
0.25215,1.00636560582742,22.4074487742247,0.78560871570029,4.97940147245383
0.2522,1.00636269275385,22.5376627087581,0.78560871570029,4.97940147245383
0.25225,1.00635976111365,22.4599086310131,0.78560871570029,4.97940147245383
0.2523,1.00635681249214,22.5854229988789,0.78560871570029,4.97940147245383
0.25235,1.00635384847698,22.5132939119953,0.78560871570029,4.97940147245383
0.2524,1.00635087065773,22.6340444655736,0.78560871570029,4.97940147245383
0.25245,1.0063478806256,22.5675369299733,0.78560871570029,4.97940147245383
0.2525,1.00634487997298,22.6834634998747,0.78560871570029,4.97940147245383
0.25255,1.00634187029324,22.6225690064152,0.78560871570029,4.97940147245383
0.2526,1.00633885318023,22.7336155137583,0.78560871570029,4.97940147245383
0.25265,1.00633583022807,22.6783205525889,0.78560871570029,4.97940147245383
0.2527,1.00633280303066,22.7844350156605,0.78560871570029,4.97940147245383
0.25275,1.00632977318152,22.7347211505208,0.78560871570029,4.97940147245383
0.2528,1.00632674227324,22.8358556868262,0.78560871570029,4.97940147245383
0.25285,1.00632371189733,22.7916996338022,0.78560871570029,4.97940147245383
0.2529,1.00632068364373,22.8878104578882,0.78560871570029,4.97940147245383
0.25295,1.00631765910058,22.8491841712424,0.78560871570029,4.97940147245383
0.253,1.00631463985379,22.9402561093873,0.785577282043673,4.98040607449669
0.25305,1.00631162748678,22.9071268635011,0.785577282043673,4.98040607449669
0.2531,1.00630862343234,22.9930753105716,0.785577282043673,4.98040607449669
0.25315,1.00630562934171,22.9654057426666,0.785577282043673,4.98040607449669
0.2532,1.00630264693642,23.0462235381149,0.785577282043673,4.98040607449669
0.25325,1.00629967771263,23.0239719058429,0.785577282043673,4.98040607449669
0.2533,1.00629672323611,23.0996315596913,0.785577282043673,4.98040607449669
0.25335,1.00629378506818,23.0827517421663,0.785577282043673,4.98040607449669
0.2534,1.00629086476524,23.1532297852444,0.785577282043673,4.98040607449669
0.25345,1.00628796387859,23.1416713831471,0.785577282043673,4.98040607449669
0.2535,1.00628508395399,23.2069483449301,0.785577282043673,4.98040607449669
0.25355,1.00628222653142,23.2006567925794,0.785577282043673,4.98040607449669
0.2536,1.00627939314468,23.2607171813877,0.785577282043673,4.98040607449669
0.25365,1.00627658532115,23.2596338564898,0.785577282043673,4.98040607449669
0.2537,1.00627380458139,23.3144661393085,0.785577282043673,4.98040607449669
0.25375,1.00627105243891,23.3185284716126,0.785577282043673,4.98040607449669
0.2538,1.00626833039977,23.3681250539964,0.785577282043673,4.98040607449669
0.25385,1.00626563996233,23.3772666327063,0.785577282043673,4.98040607449669
0.2539,1.00626298261688,23.4216238393419,0.785577282043673,4.98040607449669
0.25395,1.0062603598454,23.4357745199328,0.785577282043673,4.98040607449669
0.254,1.00625777312116,23.4749158700562,0.785545214008466,4.98136168151978
0.25405,1.00625522390849,23.4940018517009,0.785545214008466,4.98136168151978
0.2541,1.00625271351171,23.5278849277294,0.785545214008466,4.98136168151978
0.25415,1.00625024345164,23.5518288640128,0.785545214008466,4.98136168151978
0.2542,1.00624781531456,23.5804848067909,0.785545214008466,4.98136168151978
0.25425,1.00624543045054,23.6092060008091,0.785545214008466,4.98136168151978
0.2543,1.00624309027447,23.6326466545109,0.785545214008466,4.98136168151978
0.25435,1.00624079619049,23.6660610821784,0.785545214008466,4.98136168151978
0.2544,1.00623854959162,23.6843021210582,0.785545214008466,4.98136168151978
0.25445,1.00623635185955,23.7223225263255,0.785545214008466,4.98136168151978
0.2545,1.00623420436426,23.7353834370654,0.785545214008466,4.98136168151978
0.25455,1.00623210846381,23.7779194379381,0.785545214008466,4.98136168151978
0.2546,1.00623006550393,23.7858235031189,0.785545214008466,4.98136168151978
0.25465,1.00622807681791,23.832781694825,0.785545214008466,4.98136168151978
0.2547,1.00622614372614,23.8355559746248,0.785545214008466,4.98136168151978
0.25475,1.00622426753593,23.8868400327237,0.785545214008466,4.98136168151978
0.2548,1.00622244954117,23.8845153427909,0.785545214008466,4.98136168151978
0.25485,1.00622069102214,23.9400261284236,0.785545214008466,4.98136168151978
0.2549,1.00621899324508,23.9326370134434,0.785545214008466,4.98136168151978
0.25495,1.00621735746209,23.9922726812047,0.785545214008466,4.98136168151978
0.255,1.0062157849107,23.979879473571,0.785512523371082,4.9822706830384
0.25505,1.00621427681369,24.0435355441298,0.785512523371082,4.9822706830384
0.2551,1.00621283422513,24.0261360317763,0.785512523371082,4.9822706830384
0.25515,1.0062114584143,24.093705545802,0.785512523371082,4.9822706830384
0.2552,1.00621015071163,24.0713672237513,0.785512523371082,4.9822706830384
0.25525,1.00620891220134,24.1427409129652,0.785512523371082,4.9822706830384
0.2553,1.0062077440283,24.1155129061223,0.785512523371082,4.9822706830384
0.25535,1.00620664732107,24.1905792476404,0.785512523371082,4.9822706830384
0.2554,1.00620562319153,24.1585142039536,0.785512523371082,4.9822706830384
0.25545,1.00620467273474,24.2371595379864,0.785512523371082,4.9822706830384
0.2555,1.00620379702857,24.2003135731554,0.785512523371082,4.9822706830384
0.25555,1.00620299713359,24.282422231064,0.785512523371082,4.9822706830384
0.2556,1.00620227409266,24.2408548717544,0.785512523371082,4.9822706830384
0.25565,1.00620162893084,24.3263093022651,0.785512523371082,4.9822706830384
0.2557,1.00620106265504,24.2800834255652,0.785512523371082,4.9822706830384
0.25575,1.00620057625383,24.3687643212556,0.785512523371082,4.9822706830384
0.2558,1.00620017069718,24.3179460906889,0.785512523371082,4.9822706830384
0.25585,1.00619984693626,24.4097325138922,0.785512523371082,4.9822706830384
0.2559,1.00619960590316,24.3543913127744,0.785512523371082,4.9822706830384
0.25595,1.00619944851072,24.449160820984,0.785512523371082,4.9822706830384
0.256,1.00619937565223,24.3893901085534,0.785479219860191,4.98313535202982
0.25605,1.00619938820129,24.4870188391471,0.785479219860191,4.98313535202982
0.2561,1.00619948685501,24.4228524388946,0.785479219860191,4.98313535202982
0.25615,1.00619967252512,24.5232152810567,0.785479219860191,4.98313535202982
0.2562,1.00619994618121,24.4547526306066,0.785479219860191,4.98313535202982
0.25625,1.00620030853755,24.5577233869696,0.785479219860191,4.98313535202982
0.2563,1.00620076036584,24.4850460737125,0.785479219860191,4.98313535202982
0.25635,1.00620130241679,24.5904975182109,0.785479219860191,4.98313535202982
0.2564,1.0062019354199,24.5136899941658,0.785479219860191,4.98313535202982
0.25645,1.00620266008332,24.6214939848654,0.785479219860191,4.98313535202982
0.2565,1.00620347709355,24.5406434949185,0.785479219860191,4.98313535202982
0.25655,1.00620438711536,24.650671090279,0.785479219860191,4.98313535202982
0.2566,1.00620539079155,24.5658676023693,0.785479219860191,4.98313535202982
0.25665,1.00620648874277,24.6779891722713,0.785479219860191,4.98313535202982
0.2567,1.00620768156734,24.5893253057186,0.785479219860191,4.98313535202982
0.25675,1.00620896984113,24.703410640835,0.785479219860191,4.98313535202982
0.2568,1.00621035411728,24.6109815928666,0.785479219860191,4.98313535202982
0.25685,1.00621183492616,24.7269000117778,0.785479219860191,4.98313535202982
0.2569,1.00621341277512,24.6308034819996,0.785479219860191,4.98313535202982
0.25695,1.00621508814837,24.748423937583,0.785479219860191,4.98313535202982
0.257,1.00621686150682,24.6487798633549,0.785445309747368,4.98395785061692
0.25705,1.00621873328793,24.7679710151723,0.785445309747368,4.98395785061692
0.2571,1.00622070374621,24.6648422846006,0.785445309747368,4.98395785061692
0.25715,1.00622277335149,24.7854726405687,0.785445309747368,4.98395785061692
0.2572,1.00622494262938,24.6789836899916,0.785445309747368,4.98395785061692
0.25725,1.00622721184248,24.8009217649732,0.785445309747368,4.98395785061692
0.2573,1.00622958130893,24.6911795122908,0.785445309747368,4.98395785061692
0.25735,1.00623205132265,24.8142938723211,0.785445309747368,4.98395785061692
0.2574,1.00623462215318,24.701407309634,0.785445309747368,4.98395785061692
0.25745,1.0062372940456,24.8255666804631,0.785445309747368,4.98395785061692
0.2575,1.00624006722041,24.7096467800359,0.785445309747368,4.98395785061692
0.25755,1.00624294187345,24.8347201590548,0.785445309747368,4.98395785061692
0.2576,1.00624591817577,24.7158797763309,0.785445309747368,4.98395785061692
0.25765,1.00624899627358,24.8417365434758,0.785445309747368,4.98395785061692
0.2577,1.00625217628812,24.7200903157996,0.785445309747368,4.98395785061692
0.25775,1.00625545831566,24.8466003447413,0.785445309747368,4.98395785061692
0.2578,1.00625884242731,24.7222645865221,0.785445309747368,4.98395785061692
0.25785,1.00626232866907,24.8492983554858,0.785445309747368,4.98395785061692
0.2579,1.00626591706168,24.7223909506708,0.785445309747368,4.98395785061692
0.25795,1.00626960760063,24.8498196526298,0.785445309747368,4.98395785061692
0.258,1.00627340025605,24.720478713406,0.785410794763559,4.98474023547458
0.25805,1.00627729497272,24.8481743437408,0.785410794763559,4.98474023547458
0.2581,1.00628129150783,24.7164830627512,0.785410794763559,4.98474023547458
0.25815,1.00628538983639,24.8443185312502,0.785410794763559,4.98474023547458
0.2582,1.00628958998902,24.7104175132646,0.785410794763559,4.98474023547458
0.25825,1.00629389172759,24.8382668310547,0.785410794763559,4.98474023547458
0.2583,1.00629829486954,24.7022791481815,0.785410794763559,4.98474023547458
0.25835,1.00630279920682,24.8300174581145,0.785410794763559,4.98474023547458
0.2584,1.00630740450584,24.692067186598,0.785410794763559,4.98474023547458
0.25845,1.00631211050753,24.8195708674337,0.785410794763559,4.98474023547458
0.2585,1.00631691692733,24.6797829784694,0.785410794763559,4.98474023547458
0.25855,1.00632182345518,24.8069297449347,0.785410794763559,4.98474023547458
0.2586,1.00632682975558,24.6654299950009,0.785410794763559,4.98474023547458
0.25865,1.00633193546763,24.7920989942761,0.785410794763559,4.98474023547458
0.2587,1.00633714020504,24.6490138154042,0.785410794763559,4.98474023547458
0.25875,1.00634244355618,24.7750857200435,0.785410794763559,4.98474023547458
0.2588,1.00634784508416,24.6305421105812,0.785410794763559,4.98474023547458
0.25885,1.00635334432684,24.7558992084249,0.785410794763559,4.98474023547458
0.2589,1.00635894079696,24.6100246237828,0.785410794763559,4.98474023547458
0.25895,1.00636463398217,24.7345509056443,0.785410794763559,4.98474023547458
0.259,1.0063704233451,24.5874909451385,0.785375671442207,4.98548446297247
0.25905,1.0063763083235,24.7110721841611,0.785375671442207,4.98548446297247
0.2591,1.00638228816528,24.5629193227454,0.785375671442207,4.98548446297247
0.25915,1.00638836234115,24.6854431184761,0.785375671442207,4.98548446297247
0.2592,1.00639453037973,24.5363432412215,0.785375671442207,4.98548446297247
0.25925,1.00640079153761,24.6576992251697,0.785375671442207,4.98548446297247
0.2593,1.00640714512953,24.5077805377026,0.785375671442207,4.98548446297247
0.25935,1.00641359044596,24.6278603673168,0.785375671442207,4.98548446297247
0.2594,1.00642012675332,24.4772509708958,0.785375671442207,4.98548446297247
0.25945,1.00642675329403,24.5959484176725,0.785375671442207,4.98548446297247
0.2595,1.00643346928674,24.444776199406,0.785375671442207,4.98548446297247
0.25955,1.00644027392644,24.5619872317965,0.785375671442207,4.98548446297247
0.2596,1.00644716638464,24.4103797506568,0.785375671442207,4.98548446297247
0.25965,1.00645414580954,24.5260026169685,0.785375671442207,4.98548446297247
0.2597,1.00646121132624,24.3740869881385,0.785375671442207,4.98548446297247
0.25975,1.00646836203689,24.4880222983273,0.785375671442207,4.98548446297247
0.2598,1.0064755970209,24.3359250757607,0.785375671442207,4.98548446297247
0.25985,1.00648291533515,24.448075882775,0.785375671442207,4.98548446297247
0.2599,1.00649031601419,24.295922941056,0.785375671442207,4.98548446297247
0.25995,1.00649779807045,24.4061948209362,0.785375671442207,4.98548446297247
0.26,1.0065053604945,24.254128135154,0.78533993096183,4.98619239406698
0.26005,1.00651300225524,24.3624292769564,0.78533993096183,4.98619239406698
0.2601,1.0065207221323,24.2105392261537,0.78533993096183,4.98619239406698
0.26015,1.00652851913593,24.3167804186417,0.78533993096183,4.98619239406698
0.2602,1.00653639233945,24.1652069595668,0.78533993096183,4.98619239406698
0.26025,1.00654434054364,24.2693018356947,0.78533993096183,4.98619239406698
0.2603,1.00655236261286,24.1181669665201,0.78533993096183,4.98619239406698
0.26035,1.00656045739135,24.220031968449,0.78533993096183,4.98619239406698
0.2604,1.00656862370351,24.0694564166379,0.78533993096183,4.98619239406698
0.26045,1.0065768603542,24.1690108710199,0.78533993096183,4.98619239406698
0.2605,1.00658516612901,24.0191139885424,0.78533993096183,4.98619239406698
0.26055,1.0065935397946,24.1162801694455,0.78533993096183,4.98619239406698
0.2606,1.00660198009896,23.967179828735,0.78533993096183,4.98619239406698
0.26065,1.00661048577175,24.0618830152234,0.78533993096183,4.98619239406698
0.2607,1.00661905552463,23.9136955089422,0.78533993096183,4.98619239406698
0.26075,1.00662768805157,24.0058640372698,0.78533993096183,4.98619239406698
0.2608,1.00663638202919,23.8587039817849,0.78533993096183,4.98619239406698
0.26085,1.00664513611707,23.9482692922683,0.78533993096183,4.98619239406698
0.2609,1.00665394895817,23.8022495354581,0.78533993096183,4.98619239406698
0.26095,1.00666281917909,23.8891462137462,0.78533993096183,4.98619239406698
0.261,1.00667174539051,23.7443938193328,0.785303559521512,4.9868657989546
0.26105,1.00668072618748,23.828559661441,0.785303559521512,4.9868657989546
0.2611,1.00668975997904,23.6851515428038,0.785303559521512,4.9868657989546
0.26115,1.00669884541559,23.7665274466,0.785303559521512,4.9868657989546
0.2612,1.00670798121849,23.6245866491069,0.785303559521512,4.9868657989546
0.26125,1.00671716583874,23.7031168594736,0.785303559521512,4.9868657989546
0.2613,1.00672639779909,23.5627483378302,0.785303559521512,4.9868657989546
0.26135,1.00673567560896,23.6383803495504,0.785303559521512,4.9868657989546
0.2614,1.00674499776491,23.4996868763832,0.785303559521512,4.9868657989546
0.26145,1.00675436275098,23.5723714661254,0.785303559521512,4.9868657989546
0.2615,1.00676376903917,23.4354535657627,0.785303559521512,4.9868657989546
0.26155,1.00677321508977,23.5051448110736,0.785303559521512,4.9868657989546
0.2616,1.00678269935187,23.3701006902147,0.785303559521512,4.9868657989546
0.26165,1.00679222026372,23.4367559874403,0.785303559521512,4.9868657989546
0.2617,1.0068017762532,23.3036814664232,0.785303559521512,4.9868657989546
0.26175,1.0068113657382,23.3672615473392,0.785303559521512,4.9868657989546
0.2618,1.00682098712716,23.2362499911672,0.785303559521512,4.9868657989546
0.26185,1.00683063881938,23.2967189387049,0.785303559521512,4.9868657989546
0.2619,1.00684031920559,23.1678611890079,0.785303559521512,4.9868657989546
0.26195,1.00685002666827,23.2251864511266,0.785303559521512,4.9868657989546
0.262,1.00685975958226,23.098586069555,0.785266539231877,4.98750636149831
0.26205,1.00686951631506,23.1527385179935,0.785266539231877,4.98750636149831
0.2621,1.00687929505356,23.0284504730547,0.785266539231877,4.98750636149831
0.26215,1.00688909423905,23.0794042300556,0.785266539231877,4.98750636149831
0.2622,1.00689891239385,22.9575266516602,0.785266539231877,4.98750636149831
0.26225,1.00690874777407,23.0052593613994,0.785266539231877,4.98750636149831
0.2623,1.00691859871784,22.8858723490357,0.785266539231877,4.98750636149831
0.26235,1.00692846355874,22.930365050682,0.785266539231877,4.98750636149831
0.2624,1.00693834062643,22.8135458427619,0.785266539231877,4.98750636149831
0.26245,1.00694822824697,22.8547829882415,0.785266539231877,4.98750636149831
0.2625,1.00695812474342,22.7406059098891,0.785266539231877,4.98750636149831
0.26255,1.00696802843623,22.778575365754,0.785266539231877,4.98750636149831
0.2626,1.00697793764379,22.6671117752873,0.785266539231877,4.98750636149831
0.26265,1.00698785068285,22.7018048211025,0.785266539231877,4.98750636149831
0.2627,1.00699776586908,22.5931230614904,0.785266539231877,4.98750636149831
0.26275,1.00700768151745,22.6245343825748,0.785266539231877,4.98750636149831
0.2628,1.00701759594283,22.5186997371236,0.785266539231877,4.98750636149831
0.26285,1.00702750746038,22.5468274119653,0.785266539231877,4.98750636149831
0.2629,1.00703741438609,22.4439020664635,0.785266539231877,4.98750636149831
0.26295,1.00704731503724,22.4687475473904,0.785266539231877,4.98750636149831
0.263,1.00705720773292,22.3688051657041,0.785228849446012,4.98811568343812
0.26305,1.00706709079446,22.3903733112592,0.785228849446012,4.98811568343812
0.2631,1.00707696236903,22.2934405725942,0.785228849446012,4.98811568343812
0.26315,1.00708682087244,22.3117393929189,0.785228849446012,4.98811568343812
0.2632,1.00709666481273,22.2178835918771,0.785228849446012,4.98811568343812
0.26325,1.00710649243668,22.2329245044013,0.785228849446012,4.98811568343812
0.2633,1.00711630208426,22.1421952041586,0.785228849446012,4.98811568343812
0.26335,1.00712609210058,22.1539928436599,0.785228849446012,4.98811568343812
0.2634,1.00713586083645,22.0664364051789,0.785228849446012,4.98811568343812
0.26345,1.00714560664876,22.0750085864043,0.785228849446012,4.98811568343812
0.2635,1.00715532790102,21.9906681747541,0.785228849446012,4.98811568343812
0.26355,1.00716502296382,21.996035836021,0.785228849446012,4.98811568343812
0.2636,1.00717469021529,21.9149514267806,0.785228849446012,4.98811568343812
0.26365,1.00718432804156,21.9171385711117,0.785228849446012,4.98811568343812
0.2637,1.0071939348373,21.839346959109,0.785228849446012,4.98811568343812
0.26375,1.00720350900604,21.8383805930786,0.785228849446012,4.98811568343812
0.2638,1.0072130489608,21.7639154042266,0.785228849446012,4.98811568343812
0.26385,1.0072225531244,21.7598254721844,0.785228849446012,4.98811568343812
0.2639,1.00723201993002,21.688717178813,0.785228849446012,4.98811568343812
0.26395,1.00724144782159,21.68153649653,0.785228849446012,4.98811568343812
0.264,1.00725083525426,21.6138263867458,0.785190468397919,4.98869528839626
0.26405,1.00726018069485,21.6035906410654,0.785190468397919,4.98869528839626
0.2641,1.00726948244212,21.5392750089317,0.785190468397919,4.98869528839626
0.26415,1.00727873907758,21.5260224415971,0.785190468397919,4.98869528839626
0.2642,1.00728794928585,21.4651363147932,0.785190468397919,4.98869528839626
0.26425,1.00729711149462,21.4489079711032,0.785190468397919,4.98869528839626
0.2643,1.00730622423553,21.3914693921068,0.785190468397919,4.98869528839626
0.26435,1.00731528605441,21.372308902831,0.785190468397919,4.98869528839626
0.2644,1.00732429551179,21.3183328362845,0.785190468397919,4.98869528839626
0.26445,1.00733325118319,21.2962863619101,0.785190468397919,4.98869528839626
0.2645,1.00734215165965,21.2457847196979,0.785190468397919,4.98869528839626
0.26455,1.00735099554799,21.2209008814117,0.785190468397919,4.98869528839626
0.2646,1.00735978147135,21.173882543713,0.785190468397919,4.98869528839626
0.26465,1.00736850806944,21.1462123562309,0.785190468397919,4.98869528839626
0.2647,1.00737717399901,21.1026831922689,0.785190468397919,4.98869528839626
0.26475,1.00738577793416,21.0722799957249,0.785190468397919,4.98869528839626
0.2648,1.00739431856679,21.0322428863274,0.785190468397919,4.98869528839626
0.26485,1.00740279460687,20.9991622756707,0.785190468397919,4.98869528839626
0.2649,1.00741120478287,20.9626171381934,0.785190468397919,4.98869528839626
0.26495,1.00741954784205,20.9269168913451,0.785190468397919,4.98869528839626
0.265,1.00742782255085,20.8938740498823,0.785151374971413,4.98924662568702
0.26505,1.00743602769518,20.8556141258422,0.785151374971413,4.98924662568702
0.2651,1.00744416189735,20.826040956613,0.785151374971413,4.98924662568702
0.26515,1.00745222407497,20.7852831550755,0.785151374971413,4.98924662568702
0.2652,1.00746021325792,20.7591841738968,0.785151374971413,4.98924662568702
0.26525,1.00746812822156,20.715992381098,0.785151374971413,4.98924662568702
0.2653,1.00747596785412,20.6933559760769,0.785151374971413,4.98924662568702
0.26535,1.00748373106515,20.6477959305122,0.785151374971413,4.98924662568702
0.2654,1.00749141678589,20.6286076905487,0.785151374971413,4.98924662568702
0.26545,1.00749902396948,20.5807469041335,0.785151374971413,4.98924662568702
0.2655,1.00750655159128,20.5649896716573,0.785151374971413,4.98924662568702
0.26555,1.00751399864911,20.5148973368935,0.785151374971413,4.98924662568702
0.2656,1.00752136416352,20.5025512610035,0.785151374971413,4.98924662568702
0.26565,1.007528647178,20.4502981560677,0.785151374971413,4.98924662568702
0.2657,1.0075358467593,20.4413407481476,0.785151374971413,4.98924662568702
0.26575,1.00754296199758,20.3869991395228,0.785151374971413,4.98924662568702
0.2658,1.00754999200667,20.3814053321901,0.785151374971413,4.98924662568702
0.26585,1.00755693592428,20.3250488737959,0.785151374971413,4.98924662568702
0.2659,1.00756379291224,20.3227910824001,0.785151374971413,4.98924662568702
0.26595,1.00757056215665,20.2644947137593,0.785151374971413,4.98924662568702
0.266,1.00757724286809,20.2655556682773,0.785111550400046,4.98977107394083
0.26605,1.00758383428183,20.2053955854694,0.785111550400046,4.98977107394083
0.2661,1.00759033547109,20.2097173090051,0.785111550400046,4.98977107394083
0.26615,1.00759674581442,20.147770596339,0.785111550400046,4.98977107394083
0.2662,1.00760306480901,20.155331077117,0.785111550400046,4.98977107394083
0.26625,1.00760929169702,20.0916759293564,0.785111550400046,4.98977107394083
0.2663,1.00761542583954,20.1024381716348,0.785111550400046,4.98977107394083
0.26635,1.00762146662323,20.0371536477672,0.785111550400046,4.98977107394083
0.2664,1.00762741346051,20.0510784536337,0.785111550400046,4.98977107394083
0.26645,1.0076332657896,19.9842443832977,0.785111550400046,4.98977107394083
0.2665,1.00763902307473,20.0012904203165,0.785111550400046,4.98977107394083
0.26655,1.00764468480611,19.9329873058292,0.785111550400046,4.98977107394083
0.2666,1.00765025050017,19.9531111701524,0.785111550400046,4.98977107394083
0.26665,1.00765571969951,19.8834200915055,0.785111550400046,4.98977107394083
0.2667,1.00766109197308,19.90657636926,0.785111550400046,4.98977107394083
0.26675,1.00766636691615,19.8355788905632,0.785111550400046,4.98977107394083
0.2668,1.00767154415047,19.8617202179,0.785111550400046,4.98977107394083
0.26685,1.00767662332425,19.789498295827,0.785111550400046,4.98977107394083
0.2669,1.00768160411223,19.8185754172516,0.785111550400046,4.98977107394083
0.26695,1.00768648621569,19.7452113114635,0.785111550400046,4.98977107394083
0.267,1.00769126936253,19.7771853614778,0.785070979704683,4.99026994455147
0.26705,1.00769595330719,19.702761618801,0.785070979704683,4.99026994455147
0.2671,1.00770053764042,19.7375552727505,0.785070979704683,4.99026994455147
0.26715,1.00770502226508,19.6621543827486,0.785070979704683,4.99026994455147
0.2672,1.00770940720587,19.6997252520247,0.785070979704683,4.99026994455147
0.26725,1.0077136922285,19.6234298731683,0.785070979704683,4.99026994455147
0.2673,1.00771787722045,19.6637217226046,0.785070979704683,4.99026994455147
0.26735,1.0077219620957,19.5866144610321,0.785070979704683,4.99026994455147
0.2674,1.00772594679478,19.629569445948,0.785070979704683,4.99026994455147
0.26745,1.00772983128464,19.5517327724572,0.785070979704683,4.99026994455147
0.2675,1.00773361555865,19.5972915004994,0.785070979704683,4.99026994455147
0.26755,1.00773729963652,19.5188076652507,0.785070979704683,4.99026994455147
0.2676,1.00774088356421,19.5669092582079,0.785070979704683,4.99026994455147
0.26765,1.0077443674139,19.487860204856,0.785070979704683,4.99026994455147
0.2677,1.00774775128387,19.5384423614383,0.785070979704683,4.99026994455147
0.26775,1.00775103529842,19.4589096406421,0.785070979704683,4.99026994455147
0.2678,1.00775421960777,19.5119087002575,0.785070979704683,4.99026994455147
0.26785,1.00775730438797,19.4319733829211,0.785070979704683,4.99026994455147
0.2679,1.00776028984075,19.4873243903924,0.785070979704683,4.99026994455147
0.26795,1.00776317619345,19.4070669809689,0.785070979704683,4.99026994455147
0.268,1.00776596369885,19.464715455536,0.785029652709981,4.99074448495534
0.26805,1.00776865263506,19.3842158740914,0.785029652709981,4.99074448495534
0.2681,1.00777124311147,19.4440710522026,0.785029652709981,4.99074448495534
0.26815,1.00777373555336,19.3634083082879,0.785029652709981,4.99074448495534
0.2682,1.00777613050788,19.4254134219227,0.785029652709981,4.99074448495534
0.26825,1.00777842825602,19.3446658231421,0.785029652709981,4.99074448495534
0.2683,1.0077806292003,19.4087514031461,0.785029652709981,4.99074448495534
0.26835,1.00778273376761,19.3279963516436,0.785029652709981,4.99074448495534
0.2684,1.00778474240908,19.3940919551686,0.785029652709981,4.99074448495534
0.26845,1.00778665559985,19.3134058687857,0.785029652709981,4.99074448495534
0.2685,1.00778847383891,19.3814401415511,0.785029652709981,4.99074448495534
0.26855,1.00779019764889,19.3008983810183,0.785029652709981,4.99074448495534
0.2686,1.00779182757584,19.3707991181455,0.785029652709981,4.99074448495534
0.26865,1.00779336418909,19.2904759163991,0.785029652709981,4.99074448495534
0.2687,1.00779480808097,19.3621701206537,0.785029652709981,4.99074448495534
0.26875,1.0077961598666,19.2821385158919,0.785029652709981,4.99074448495534
0.2688,1.00779742018371,19.3555524530919,0.785029652709981,4.99074448495534
0.26885,1.00779858969238,19.2758842255027,0.785029652709981,4.99074448495534
0.2689,1.00779966907482,19.3509434777609,0.785029652709981,4.99074448495534
0.26895,1.00780065903512,19.2717090895132,0.785029652709981,4.99074448495534
0.269,1.00780156029901,19.3483498082933,0.784987564537573,4.99119588175061
0.26905,1.00780237361361,19.2696184090807,0.784987564537573,4.99119588175061
0.2691,1.00780309954973,19.3477425504124,0.784987564537573,4.99119588175061
0.26915,1.00780373899527,19.2695817055365,0.784987564537573,4.99119588175061
0.2692,1.00780429295753,19.3491242771015,0.784987564537573,4.99119588175061
0.26925,1.00780476216793,19.2716001818032,0.784987564537573,4.99119588175061
0.2693,1.00780514747675,19.352484533782,0.784987564537573,4.99119588175061
0.26935,1.00780544975411,19.275661857221,0.784987564537573,4.99119588175061
0.2694,1.00780566988964,19.3578108965616,0.784987564537573,4.99119588175061
0.26945,1.00780580879229,19.2817527312722,0.784987564537573,4.99119588175061
0.2695,1.00780586738999,19.3650889676991,0.784987564537573,4.99119588175061
0.26955,1.00780584662935,19.2898567875121,0.784987564537573,4.99119588175061
0.2696,1.00780574747543,19.3743023825302,0.784987564537573,4.99119588175061
0.26965,1.00780557091139,19.2999559994779,0.784987564537573,4.99119588175061
0.2697,1.00780531793823,19.38543281619,0.784987564537573,4.99119588175061
0.26975,1.00780498957449,19.3120303376938,0.784987564537573,4.99119588175061
0.2698,1.0078045868559,19.3984599920856,0.784987564537573,4.99119588175061
0.26985,1.00780411083515,19.3260577780785,0.784987564537573,4.99119588175061
0.2699,1.00780356258154,19.4133616919226,0.784987564537573,4.99119588175061
0.26995,1.00780294318067,19.3420143124007,0.784987564537573,4.99119588175061
0.27,1.00780225373414,19.4301244808211,0.784944715541505,4.99162526366439
0.27005,1.00780149535922,19.3598847281864,0.784944715541505,4.99162526366439
0.2701,1.00780066898749,19.448700916914,0.784944715541505,4.99162526366439
0.27015,1.00779977586717,19.3796195720439,0.784944715541505,4.99162526366439
0.2702,1.00779881736175,19.4690736397491,0.784944715541505,4.99162526366439
0.27025,1.00779779454752,19.4011996668245,0.784944715541505,4.99162526366439
0.2703,1.00779670861538,19.4912128174926,0.784944715541505,4.99162526366439
0.27035,1.00779556077002,19.4245932335148,0.784944715541505,4.99162526366439
0.2704,1.00779435222952,19.5150867576155,0.784944715541505,4.99162526366439
0.27045,1.00779308422508,19.4497665897439,0.784944715541505,4.99162526366439
0.2705,1.00779175800066,19.5406619177666,0.784944715541505,4.99162526366439
0.27055,1.00779037481267,19.4766841751461,0.784944715541505,4.99162526366439
0.2706,1.00778893592963,19.5679029340879,0.784944715541505,4.99162526366439
0.27065,1.00778744263183,19.5053085809726,0.784944715541505,4.99162526366439
0.2707,1.00778589621099,19.5967726481187,0.784944715541505,4.99162526366439
0.27075,1.00778429796996,19.5356005809296,0.784944715541505,4.99162526366439
0.2708,1.00778264922232,19.6272321358527,0.784944715541505,4.99162526366439
0.27085,1.00778095129213,19.5675191646585,0.784944715541505,4.99162526366439
0.2709,1.0077792055135,19.659240738293,0.784944715541505,4.99162526366439
0.27095,1.00777741323034,19.6010215732208,0.784944715541505,4.99162526366439
0.271,1.00777557579593,19.692766327974,0.784901110717694,4.99203370437514
0.27105,1.00777369457267,19.6360736163034,0.784901110717694,4.99203370437514
0.2711,1.00777177072705,19.7277444510556,0.784901110717694,4.99203370437514
0.27115,1.00776980574091,19.6726086090068,0.784901110717694,4.99203370437514
0.2712,1.00776780120644,19.7641395852609,0.784901110717694,4.99203370437514
0.27125,1.00776575841666,19.7105890028118,0.784901110717694,4.99203370437514
0.2713,1.00776367877424,19.8019044945469,0.784901110717694,4.99203370437514
0.27135,1.00776156368894,19.7499654629458,0.784901110717694,4.99203370437514
0.2714,1.00775941457719,19.8409904022598,0.784901110717694,4.99203370437514
0.27145,1.00775723286179,19.7906871134298,0.784901110717694,4.99203370437514
0.2715,1.00775501997156,19.8813470212759,0.784901110717694,4.99203370437514
0.27155,1.00775277734102,19.8327015857748,0.784901110717694,4.99203370437514
0.2716,1.00775050641003,19.9229226077252,0.784901110717694,4.99203370437514
0.27165,1.00774820862347,19.8759550711732,0.784901110717694,4.99203370437514
0.2717,1.00774588543086,19.9656640131668,0.784901110717694,4.99203370437514
0.27175,1.00774353828609,19.9203923740063,0.784901110717694,4.99203370437514
0.2718,1.00774116864702,20.0095167391985,0.784901110717694,4.99203370437514
0.27185,1.00773877797519,19.9659569665481,0.784901110717694,4.99203370437514
0.2719,1.00773636773546,20.0544249936077,0.784901110717694,4.99203370437514
0.27195,1.00773393939569,20.0125910468348,0.784901110717694,4.99203370437514
0.272,1.00773149442638,20.1003415097562,0.784856758673516,4.99242222519736
0.27205,1.00772903430036,20.0602453925471,0.784856758673516,4.99242222519736
0.2721,1.00772656028433,20.1471886020333,0.784856758673516,4.99242222519736
0.27215,1.00772407395884,20.1088402425729,0.784856758673516,4.99242222519736
0.2722,1.00772157700983,20.1949166330634,0.784856758673516,4.99242222519736
0.27225,1.00771907081207,20.1583240731958,0.784856758673516,4.99242222519736
0.2723,1.00771655684504,20.2434652560286,0.784856758673516,4.99242222519736
0.27235,1.00771403658861,20.2086346015585,0.784856758673516,4.99242222519736
0.2724,1.00771151152262,20.2927731538522,0.784856758673516,4.99242222519736
0.27245,1.00770898312664,20.259708578499,0.784856758673516,4.99242222519736
0.2725,1.00770645287958,20.3427780904648,0.784856758673516,4.99242222519736
0.27255,1.00770392225944,20.3114818559652,0.784856758673516,4.99242222519736
0.2726,1.00770139274291,20.3934169866818,0.784856758673516,4.99242222519736
0.27265,1.00769886580509,20.363889459195,0.784856758673516,4.99242222519736
0.2727,1.00769634291918,20.4446259927212,0.784856758673516,4.99242222519736
0.27275,1.00769382555615,20.4168656599259,0.784856758673516,4.99242222519736
0.2728,1.00769131518439,20.4963405609959,0.784856758673516,4.99242222519736
0.27285,1.00768881326947,20.4703440518688,0.784856758673516,4.99242222519736
0.2729,1.00768632127374,20.5484955203011,0.784856758673516,4.99242222519736
0.27295,1.00768384065611,20.5242576264606,0.784856758673516,4.99242222519736
0.273,1.00768137287162,20.6010344425618,0.784811670280099,4.99279179763549
0.27305,1.00767891937126,20.5785481706403,0.784811670280099,4.99279179763549
0.2731,1.00767648138997,20.6538725796756,0.784811670280099,4.99279179763549
0.27315,1.00767406047536,20.633129067998,0.784811670280099,4.99279179763549
0.2732,1.0076716582758,20.7069525562364,0.784811670280099,4.99279179763549
0.27325,1.00766927611696,20.6879412510981,0.784811670280099,4.99279179763549
0.2733,1.00766691542464,20.7602074701346,0.784811670280099,4.99279179763549
0.27335,1.00766457761871,20.7429161073784,0.784811670280099,4.99279179763549
0.2734,1.00766226411281,20.8135701855859,0.784811670280099,4.99279179763549
0.27345,1.00765997631402,20.7979848191904,0.784811670280099,4.99279179763549
0.2735,1.00765771562261,20.8669733942389,0.784811670280099,4.99279179763549
0.27355,1.0076554834317,20.8530784459236,0.784811670280099,4.99279179763549
0.2736,1.007653281127,20.9203496993102,0.784811670280099,4.99279179763549
0.27365,1.00765111008651,20.9081280079674,0.784811670280099,4.99279179763549
0.2737,1.00764897168022,20.9736316969792,0.784811670280099,4.99279179763549
0.27375,1.00764686726982,20.9630645703712,0.784811670280099,4.99279179763549
0.2738,1.00764479820844,21.0267520567103,0.784811670280099,4.99279179763549
0.27385,1.00764276584033,21.0178193264396,0.784811670280099,4.99279179763549
0.2739,1.00764077150061,21.0796436027476,0.784811670280099,4.99279179763549
0.27395,1.00763881651497,21.0723236802349,0.784811670280099,4.99279179763549
0.274,1.00763690219936,21.1322482247185,0.784765857147644,4.99314334581312
0.27405,1.00763502985979,21.1265181789979,0.784765857147644,4.99314334581312
0.2741,1.00763320057698,21.184481663115,0.784765857147644,4.99314334581312
0.27415,1.00763141574362,21.1803171886787,0.784765857147644,4.99314334581312
0.2742,1.00762967684909,21.2362864538469,0.784765857147644,4.99314334581312
0.27425,1.00762798504921,21.2336620468389,0.784765857147644,4.99314334581312
0.2743,1.00762634159591,21.2875968599231,0.784765857147644,4.99314334581312
0.27435,1.00762474772956,21.2864858249898,0.784765857147644,4.99314334581312
0.2744,1.00762320467861,21.3383477117251,0.784765857147644,4.99314334581312
0.27445,1.00762171365939,21.3387222041631,0.784765857147644,4.99314334581312
0.2745,1.0076202758758,21.3884744711738,0.784765857147644,4.99314334581312
0.27455,1.0076188925191,21.3903055511746,0.784765857147644,4.99314334581312
0.2746,1.0076175647676,21.4379133158657,0.784765857147644,4.99314334581312
0.27465,1.00761629378649,21.4411709968182,0.784765857147644,4.99314334581312
0.2747,1.00761508072746,21.4866012182508,0.784765857147644,4.99314334581312
0.27475,1.00761392672857,21.4912545121776,0.784765857147644,4.99314334581312
0.2748,1.00761283291392,21.5344760225636,0.784765857147644,4.99314334581312
0.27485,1.00761180039346,21.5404929838123,0.784765857147644,4.99314334581312
0.2749,1.00761083026269,21.5814765203494,0.784765857147644,4.99314334581312
0.27495,1.00760992360247,21.5888242868809,0.784765857147644,4.99314334581312
0.275,1.00760908147875,21.6275509021602,0.784719330066797,4.99347774878381
0.27505,1.00760830494232,21.6361957504985,0.784719330066797,4.99347774878381
0.2751,1.00760759481026,21.6726233364008,0.784719330066797,4.99347774878381
0.27515,1.00760695221157,21.6825306499611,0.784719330066797,4.99347774878381
0.2752,1.00760637836854,21.716644203719,0.784719330066797,4.99347774878381
0.27525,1.00760587415993,21.7277786138957,0.784719330066797,4.99347774878381
0.2753,1.00760544055731,21.7595568093991,0.784719330066797,4.99347774878381
0.27535,1.00760507851579,21.7718821921738,0.784719330066797,4.99347774878381
0.2754,1.00760478897369,21.8013057577088,0.784719330066797,4.99347774878381
0.27545,1.0076045728524,21.814785265962,0.784719330066797,4.99347774878381
0.2755,1.0076044310561,21.8418370018663,0.784719330066797,4.99347774878381
0.27555,1.00760436447161,21.8564331109592,0.784719330066797,4.99347774878381
0.2756,1.00760437396814,21.8810979088584,0.784719330066797,4.99347774878381
0.27565,1.00760446039708,21.8967724609865,0.784719330066797,4.99347774878381
0.2757,1.0076046245918,21.9190373183972,0.784719330066797,4.99347774878381
0.27575,1.00760486736748,21.9357515687222,0.784719330066797,4.99347774878381
0.2758,1.00760518952086,21.9556055986818,0.784719330066797,4.99347774878381
0.27585,1.00760559183007,21.9733202636135,0.784719330066797,4.99347774878381
0.2759,1.00760607505444,21.9907547005246,0.784719330066797,4.99347774878381
0.27595,1.00760663993429,22.0094300071053,0.784719330066797,4.99347774878381
0.276,1.00760728719076,22.0244461484148,0.78467209755185,4.99379584272918
0.27605,1.00760801752562,22.0440418971416,0.78467209755185,4.99379584272918
0.2761,1.00760883139944,22.0566193450143,0.78467209755185,4.99379584272918
0.27615,1.00760972958553,22.0770949018371,0.78467209755185,4.99379584272918
0.2762,1.00761071294814,22.0872391643882,0.78467209755185,4.99379584272918
0.27625,1.00761178199896,22.1085536037901,0.78467209755185,4.99379584272918
0.2763,1.00761293734026,22.116264385649,0.78467209755185,4.99379584272918
0.27635,1.00761417955389,22.1383765006218,0.78467209755185,4.99379584272918
0.2764,1.00761550920116,22.1436556035629,0.78467209755185,4.99379584272918
0.27645,1.00761692682264,22.1665239512585,0.78467209755185,4.99379584272918
0.2765,1.00761843293802,22.1693752596536,0.78467209755185,4.99379584272918
0.27655,1.00762002804597,22.1929582136652,0.78467209755185,4.99379584272918
0.2766,1.00762171262397,22.1933876826146,0.78467209755185,4.99379584272918
0.27665,1.00762348712821,22.2176434808747,0.78467209755185,4.99379584272918
0.2767,1.00762535199341,22.2156591231071,0.78467209755185,4.99379584272918
0.27675,1.0076273076327,22.2405459138242,0.78467209755185,4.99379584272918
0.2768,1.00762935443749,22.2361577857902,0.78467209755185,4.99379584272918
0.27685,1.00763149277737,22.2616336705695,0.78467209755185,4.99379584272918
0.2769,1.00763372299993,22.2548538585607,0.78467209755185,4.99379584272918
0.27695,1.00763604543071,22.2808769328044,0.78467209755185,4.99379584272918
0.277,1.00763846037301,22.2717270607054,0.784624164608804,4.99409842304976
0.27705,1.00764096810789,22.2982554617432,0.784624164608804,4.99409842304976
0.2771,1.00764356866899,22.2867365939294,0.784624164608804,4.99409842304976
0.27715,1.00764626240491,22.3137284826011,0.784624164608804,4.99409842304976
0.2772,1.00764904975408,22.2998662016793,0.784624164608804,4.99409842304976
0.27725,1.00765193079483,22.3272798820115,0.784624164608804,4.99409842304976
0.2773,1.00765490569519,22.3110942503144,0.784624164608804,4.99409842304976
0.27735,1.00765797460032,22.3388881586394,0.784624164608804,4.99409842304976
0.2774,1.00766113763245,22.3204011872949,0.784624164608804,4.99409842304976
0.27745,1.00766439489079,22.3485339218795,0.784624164608804,4.99409842304976
0.2775,1.00766774645148,22.3277695501624,0.784624164608804,4.99409842304976
0.27755,1.00767119236753,22.3561999038127,0.784624164608804,4.99409842304976
0.2776,1.00767473266875,22.333183977253,0.784624164608804,4.99409842304976
0.27765,1.0076783673617,22.3618709688399,0.784624164608804,4.99409842304976
0.2777,1.00768209642968,22.3366312139868,0.784624164608804,4.99409842304976
0.27775,1.00768591983263,22.3655341202894,0.784624164608804,4.99409842304976
0.2778,1.00768983750713,22.3381001161906,0.784624164608804,4.99409842304976
0.27785,1.00769384936639,22.3671785042986,0.784624164608804,4.99409842304976
0.2779,1.00769795530018,22.3375816504583,0.784624164608804,4.99409842304976
0.27795,1.00770215517484,22.3667954110299,0.784624164608804,4.99409842304976
0.278,1.00770644883326,22.3350760190944,0.784575531834942,4.99438624635398
0.27805,1.00771083609489,22.3643854106631,0.784575531834942,4.99438624635398
0.2781,1.00771531652749,22.3305641640939,0.784575531834942,4.99438624635398
0.27815,1.00771989001772,22.359929794236,0.784575531834942,4.99438624635398
0.2782,1.00772455654284,22.3240504252881,0.784575531834942,4.99438624635398
0.27825,1.00772931571442,22.353433372762,0.784575531834942,4.99438624635398
0.2783,1.00773416723471,22.3155341827166,0.784575531834942,4.99438624635398
0.27835,1.00773911078259,22.3448959857631,0.784575531834942,4.99438624635398
0.2784,1.00774414601358,22.3050168844027,0.784575531834942,4.99438624635398
0.27845,1.00774927255994,22.3343195784001,0.784575531834942,4.99438624635398
0.2785,1.00775449003062,22.2925020366474,0.784575531834942,4.99438624635398
0.27855,1.0077597980114,22.3217081894952,0.784575531834942,4.99438624635398
0.2786,1.00776519606491,22.2779951899116,0.784575531834942,4.99438624635398
0.27865,1.00777068373069,22.3070679359913,0.784575531834942,4.99438624635398
0.2787,1.00777626052528,22.2615039224456,0.784575531834942,4.99438624635398
0.27875,1.00778192594229,22.2904069946933,0.784575531834942,4.99438624635398
0.2788,1.00778767945246,22.2430378215313,0.784575531834942,4.99438624635398
0.27885,1.00779352050381,22.2717355815234,0.784575531834942,4.99438624635398
0.2789,1.00779944852166,22.2226084629917,0.784575531834942,4.99438624635398
0.27895,1.00780546290879,22.2510659284006,0.784575531834942,4.99438624635398
0.279,1.00781156304553,22.2002361463395,0.784526194935235,4.99466003235001
0.27905,1.00781774828989,22.2284190276467,0.784526194935235,4.99466003235001
0.2791,1.00782401774615,22.1759228588232,0.784526194935235,4.99466003235001
0.27915,1.00783037084378,22.2037975244258,0.784526194935235,4.99466003235001
0.2792,1.00783680710599,22.1496926902577,0.784526194935235,4.99466003235001
0.27925,1.00784332568701,22.1772262785336,0.784526194935235,4.99466003235001
0.2793,1.00784992583512,22.1215649455805,0.784526194935235,4.99466003235001
0.27935,1.0078566067771,22.1487253303491,0.784526194935235,4.99466003235001
0.2794,1.00786336771841,22.0915607735765,0.784526194935235,4.99466003235001
0.27945,1.00787020784331,22.1183165870236,0.784526194935235,4.99466003235001
0.2795,1.00787712631508,22.0597031443844,0.784526194935235,4.99466003235001
0.27955,1.00788412227618,22.0860237926636,0.784526194935235,4.99466003235001
0.2796,1.00789119484843,22.0260168160278,0.784526194935235,4.99466003235001
0.27965,1.00789834313322,22.0518724946829,0.784526194935235,4.99466003235001
0.2797,1.0079055662117,21.9905282996805,0.784526194935235,4.99466003235001
0.27975,1.00791286314501,22.0158900092473,0.784526194935235,4.99466003235001
0.2798,1.00792023297444,21.9532658225052,0.784526194935235,4.99466003235001
0.27985,1.00792767472172,21.9781053849047,0.784526194935235,4.99466003235001
0.2799,1.00793518738917,21.91425928963,0.784526194935235,4.99466003235001
0.27995,1.00794276996001,21.93854936492,0.784526194935235,4.99466003235001
0.28,1.00795042139854,21.8735466584908,0.784476144711996,4.99492046564544
0.28005,1.00795814065042,21.8972607772001,0.784476144711996,4.99492046564544
0.2801,1.0079659264081,21.831148261924,0.784476144711996,4.99492046564544
0.28015,1.0079737776981,21.8542607804878,0.784476144711996,4.99492046564544
0.2802,1.00798169364642,21.7871051377523,0.784476144711996,4.99492046564544
0.28025,1.00798967300929,21.8095913594802,0.784476144711996,4.99492046564544
0.2803,1.00799771464296,21.7414535121173,0.784476144711996,4.99492046564544
0.28035,1.00800581738668,21.7632896506787,0.784476144711996,4.99492046564544
0.2804,1.00801398006288,21.694231059786,0.784476144711996,4.99492046564544
0.28045,1.00802220147754,21.715394272493,0.784476144711996,4.99492046564544
0.2805,1.00803048042048,21.6454768740087,0.784476144711996,4.99492046564544
0.28055,1.00803881566563,21.6659452846963,0.784476144711996,4.99492046564544
0.2806,1.00804720597138,21.5952314197889,0.784476144711996,4.99492046564544
0.28065,1.00805565008085,21.6149841428646,0.784476144711996,4.99492046564544
0.2807,1.00806414672227,21.543536488689,0.784476144711996,4.99492046564544
0.28075,1.00807269460926,21.5625536521376,0.784476144711996,4.99492046564544
0.2808,1.00808129244119,21.4904351518193,0.784476144711996,4.99492046564544
0.28085,1.0080899389035,21.5086979195477,0.784476144711996,4.99492046564544
0.2809,1.00809863266806,21.4359717135037,0.784476144711996,4.99492046564544
0.28095,1.00810737239349,21.4534623043231,0.784476144711996,4.99492046564544
0.281,1.00811615672556,21.3801977609179,0.784425367545347,4.99516819745918
0.28105,1.0081249842975,21.3968994819793,0.784425367545347,4.99516819745918
0.2811,1.00813385349223,21.3231477540752,0.784425367545347,4.99516819745918
0.28115,1.00814276303811,21.3390449426454,0.784425367545347,4.99516819745918
0.2812,1.00815171177119,21.2648754351449,0.784425367545347,4.99516819745918
0.28125,1.0081606981592,21.2799535756911,0.784425367545347,4.99516819745918
0.2813,1.00816972077831,21.2054295884721,0.784425367545347,4.99516819745918
0.28135,1.0081787781944,21.2196752551508,0.784425367545347,4.99516819745918
0.2814,1.00818786896346,21.1448599703915,0.784425367545347,4.99516819745918
0.28145,1.00819699163199,21.1582608423012,0.784425367545347,4.99516819745918
0.2815,1.00820614473741,21.0832172786414,0.784425367545347,4.99516819745918
0.28155,1.0082153268084,21.0957621373585,0.784425367545347,4.99516819745918
0.2816,1.00822453636538,21.0205531013055,0.784425367545347,4.99516819745918
0.28165,1.00823377192088,21.0322318267936,0.784425367545347,4.99516819745918
0.2817,1.00824303197993,20.9569198663793,0.784425367545347,4.99516819745918
0.28175,1.00825231504051,20.9677234314705,0.784425367545347,4.99516819745918
0.2818,1.00826161959396,20.8923707908052,0.784425367545347,4.99516819745918
0.28185,1.0082709441254,20.902291253841,0.784425367545347,4.99516819745918
0.2819,1.00828028711413,20.8269598292924,0.784425367545347,4.99516819745918
0.28195,1.00828964703406,20.835990324966,0.784425367545347,4.99516819745918
0.282,1.00829902235419,20.7607474245126,0.784373846333958,4.9954038472498
0.28205,1.00830841153897,20.7688821753826,0.784373846333958,4.9954038472498
0.2821,1.00831781280716,20.6937772722435,0.784373846333958,4.9954038472498
0.28215,1.00832722473629,20.7010114994528,0.784373846333958,4.9954038472498
0.2822,1.00833664602145,20.6261109523644,0.784373846333958,4.9954038472498
0.28225,1.00834607499256,20.6324409841651,0.784373846333958,4.9954038472498
0.2823,1.00835551009798,20.5578048687365,0.784373846333958,4.9954038472498
0.28235,1.00836494978417,20.5632280668184,0.784373846333958,4.9954038472498
0.2824,1.00837439249616,20.4889158756669,0.784373846333958,4.9954038472498
0.28245,1.00838383667791,20.4934306452185,0.784373846333958,4.9954038472498
0.2825,1.00839328077287,20.419501245464,0.784373846333958,4.9954038472498
0.28255,1.00840272322431,20.4231070304421,0.784373846333958,4.9954038472498
0.2826,1.00841216247585,20.3496186133103,0.784373846333958,4.9954038472498
0.28265,1.00842159697184,20.3523158958782,0.784373846333958,4.9954038472498
0.2827,1.00843102515786,20.2793259237608,0.784373846333958,4.9954038472498
0.28275,1.00844044548114,20.2811162260612,0.784373846333958,4.9954038472498
0.2828,1.00844985639102,20.2086813788532,0.784373846333958,4.9954038472498
0.28285,1.00845925633935,20.2095672645641,0.784373846333958,4.9954038472498
0.2829,1.00846864378101,20.1377433856717,0.784373846333958,4.9954038472498
0.28295,1.00847801717429,20.1377284619502,0.784373846333958,4.9954038472498
0.283,1.00848737498137,20.0665760342937,0.784321561812587,4.99562800426451
0.28305,1.00849671566874,20.0656649766553,0.784321561812587,4.99562800426451
0.2831,1.00850603746252,19.9952269577431,0.784321561812587,4.99562800426451
0.28315,1.00851533896175,19.9934254222735,0.784321561812587,4.99562800426451
0.2832,1.00852461889368,19.9237603246485,0.784321561812587,4.99562800426451
0.28325,1.00853387562392,19.9210750680455,0.784321561812587,4.99562800426451
0.2833,1.00854310764717,19.8522348752136,0.784321561812587,4.99562800426451
0.28335,1.00855231346508,19.8486736822016,0.784321561812587,4.99562800426451
0.2834,1.00856149158667,19.7807092803325,0.784321561812587,4.99562800426451
0.28345,1.00857064052879,19.7762809696091,0.784321561812587,4.99562800426451
0.2835,1.00857975881652,19.7092421140473,0.784321561812587,4.99562800426451
0.28355,1.0085888449836,19.7039565245768,0.784321561812587,4.99562800426451
0.2836,1.00859789757286,19.6378918033482,0.784321561812587,4.99562800426451
0.28365,1.00860691513662,19.6317597791734,0.784321561812587,4.99562800426451
0.2837,1.00861589623715,19.5667165804402,0.784321561812587,4.99562800426451
0.28375,1.00862483944701,19.5597499523363,0.784321561812587,4.99562800426451
0.2838,1.00863374334954,19.495774436226,0.784321561812587,4.99562800426451
0.28385,1.00864260653921,19.4879859981905,0.784321561812587,4.99562800426451
0.2839,1.00865142762204,19.425123073468,0.784321561812587,4.99562800426451
0.28395,1.00866020521601,19.4165265561603,0.784321561812587,4.99562800426451
0.284,1.00866893795143,19.3548251353974,0.784268494113405,4.99584122901261
0.28405,1.00867762447135,19.3454352019668,0.784268494113405,4.99584122901261
0.2841,1.00868626318318,19.284927087614,0.784268494113405,4.99584122901261
0.28415,1.00869485288097,19.2747592076574,0.784268494113405,4.99584122901261
0.2842,1.00870339249705,19.2154906900354,0.784268494113405,4.99584122901261
0.28425,1.00871188060484,19.2045612315968,0.784268494113405,4.99584122901261
0.2843,1.00872031591676,19.1465720480646,0.784268494113405,4.99584122901261
0.28435,1.0087286971602,19.1348981762203,0.784268494113405,4.99584122901261
0.2844,1.00873702307793,19.0782267268159,0.784268494113405,4.99584122901261
0.28445,1.00874529242836,19.065826381074,0.784268494113405,4.99584122901261
0.2845,1.00875350398599,19.0105097238784,0.784268494113405,4.99584122901261
0.28455,1.00876165654167,18.997401581871,0.784268494113405,4.99584122901261
0.2846,1.00876974890298,18.9434754215485,0.784268494113405,4.99584122901261
0.28465,1.00877777989455,18.9296788668043,0.784268494113405,4.99584122901261
0.2847,1.00878574835838,18.8771775416087,0.784268494113405,4.99584122901261
0.28475,1.00879365315416,18.8627126328659,0.784268494113405,4.99584122901261
0.2848,1.0088014931596,18.8116691012399,0.784268494113405,4.99584122901261
0.28485,1.0088092672707,18.7965565426224,0.784268494113405,4.99584122901261
0.2849,1.00881697440209,18.7470023684447,0.784268494113405,4.99584122901261
0.28495,1.0088246134873,18.7312634820362,0.784268494113405,4.99584122901261
0.285,1.00883218347906,18.6832338570872,0.784214624401647,4.99604405466703
0.28505,1.00883968334957,18.6668905830218,0.784214624401647,4.99604405466703
0.2851,1.00884711183828,18.6204041612896,0.784214624401647,4.99604405466703
0.28515,1.00885446808343,18.6034789360255,0.784214624401647,4.99604405466703
0.2852,1.00886175136975,18.558568011268,0.784214624401647,4.99604405466703
0.28525,1.00886896062377,18.5410838697172,0.784214624401647,4.99604405466703
0.2853,1.00887609491907,18.4977742689214,0.784214624401647,4.99604405466703
0.28535,1.00888315335022,18.4797547571007,0.784214624401647,4.99604405466703
0.2854,1.00889013503307,18.4380708212548,0.784214624401647,4.99604405466703
0.28545,1.00889703910492,18.4195399814974,0.784214624401647,4.99604405466703
0.2855,1.0089038647248,18.3795045551806,0.784214624401647,4.99604405466703
0.28555,1.00891061107363,18.3604869001376,0.784214624401647,4.99604405466703
0.2856,1.00891727735447,18.3221213180725,0.784214624401647,4.99604405466703
0.28565,1.00892386279265,18.302641805061,0.784214624401647,4.99604405466703
0.2857,1.00893036663603,18.2659658807081,0.784214624401647,4.99604405466703
0.28575,1.00893678815515,18.24604988401,0.784214624401647,4.99604405466703
0.2858,1.0089431266434,18.2110819013688,0.784214624401647,4.99604405466703
0.28585,1.00894938141719,18.1907551819774,0.784214624401647,4.99604405466703
0.2859,1.00895555181613,18.1575118896956,0.784214624401647,4.99604405466703
0.28595,1.00896163720314,18.1368005632624,0.784214624401647,4.99604405466703
0.286,1.00896763696464,18.1053019881796,0.784159936401393,4.99623698839757
0.28605,1.00897355051064,18.0842325167069,0.784159936401393,4.99623698839757
0.2861,1.00897937701862,18.0544827051066,0.784159936401393,4.99623698839757
0.28615,1.00898511607435,18.0330817618654,0.784159936401393,4.99623698839757
0.2862,1.00899076741575,18.0050976497885,0.784159936401393,4.99623698839757
0.28625,1.00899633042033,17.9833922026516,0.784159936401393,4.99623698839757
0.2863,1.00900180461799,17.9571844111857,0.784159936401393,4.99623698839757
0.28635,1.00900718956283,17.9352016237743,0.784159936401393,4.99623698839757
0.2864,1.00901248483335,17.9107792511073,0.784159936401393,4.99623698839757
0.28645,1.00901769003246,17.888546445663,0.784159936401393,4.99623698839757
0.2865,1.00902280478756,17.8659170803143,0.784159936401393,4.99623698839757
0.28655,1.0090278287506,17.8434616944305,0.784159936401393,4.99623698839757
0.2866,1.00903276159814,17.8226314268782,0.784159936401393,4.99623698839757
0.28665,1.00903760303137,17.7999809709737,0.784159936401393,4.99623698839757
0.2867,1.00904235277617,17.7809544055043,0.784159936401393,4.99623698839757
0.28675,1.00904701058313,17.7581364207537,0.784159936401393,4.99623698839757
0.2868,1.00905157622757,17.7409166874581,0.784159936401393,4.99623698839757
0.28685,1.00905604950955,17.7179587046785,0.784159936401393,4.99623698839757
0.2869,1.00906043025388,17.7025474706872,0.784159936401393,4.99623698839757
0.28695,1.00906471831011,17.679476970762,0.784159936401393,4.99623698839757
0.287,1.00906891355254,17.6658790562895,0.784104417638812,4.99642051263903
0.28705,1.00907301588017,17.6427234593014,0.784104417638812,4.99642051263903
0.2871,1.00907702495655,17.6309284274085,0.784104417638812,4.99642051263903
0.28715,1.00908094086013,17.60771496028,0.784104417638812,4.99642051263903
0.2872,1.00908476382406,17.5977247386822,0.784104417638812,4.99642051263903
0.28725,1.00908849371585,17.5744805178582,0.784104417638812,4.99642051263903
0.2873,1.00909213055759,17.5662910231085,0.784104417638812,4.99642051263903
0.28735,1.00909567439584,17.5430429716714,0.784104417638812,4.99642051263903
0.2874,1.00909912530156,17.5366486993465,0.784104417638812,4.99642051263903
0.28745,1.00910248337005,17.5134235165078,0.784104417638812,4.99642051263903
0.2875,1.00910574872083,17.5088175490917,0.784104417638812,4.99642051263903
0.28755,1.00910892149758,17.4856416804292,0.784104417638812,4.99642051263903
0.2876,1.00911200186804,17.4828156950618,0.784104417638812,4.99642051263903
0.28765,1.00911499002393,17.4597153030443,0.784104417638812,4.99642051263903
0.2877,1.00911788618078,17.4586595797448,0.784104417638812,4.99642051263903
0.28775,1.0091206905779,17.4356605143814,0.784104417638812,4.99642051263903
0.2878,1.00912340347817,17.4363639453229,0.784104417638812,4.99642051263903
0.28785,1.009126025168,17.4134917143214,0.784104417638812,4.99642051263903
0.2879,1.00912855595712,17.4159418147771,0.784104417638812,4.99642051263903
0.28795,1.00913099617851,17.3932215529299,0.784104417638812,4.99642051263903
0.288,1.00913334618819,17.3974088793359,0.78404806026686,4.99659508629761
0.28805,1.0091356063651,17.3748653436679,0.78404806026686,4.99659508629761
0.2881,1.00913777684688,17.3807658869788,0.78404806026686,4.99659508629761
0.28815,1.00913985818986,17.3584233318906,0.78404806026686,4.99659508629761
0.2882,1.00914185110487,17.3660249565222,0.78404806026686,4.99659508629761
0.28825,1.00914375592885,17.3439072089077,0.78404806026686,4.99659508629761
0.2883,1.00914557315285,17.3531920739957,0.78404806026686,4.99659508629761
0.28835,1.00914730328983,17.3313224576891,0.78404806026686,4.99659508629761
0.2884,1.00914894687443,17.3422714311869,0.78404806026686,4.99659508629761
0.28845,1.00915050446279,17.320672728053,0.78404806026686,4.99659508629761
0.2885,1.00915197663237,17.3332654082917,0.78404806026686,4.99659508629761
0.28855,1.00915336398169,17.3119598248852,0.78404806026686,4.99659508629761
0.2886,1.00915466713019,17.3261745652163,0.78404806026686,4.99659508629761
0.28865,1.00915588671795,17.3051836985898,0.78404806026686,4.99659508629761
0.2887,1.00915702340552,17.3209976325528,0.78404806026686,4.99659508629761
0.28875,1.00915807787364,17.3003424368225,0.78404806026686,4.99659508629761
0.2888,1.00915905082309,17.3177315037689,0.78404806026686,4.99659508629761
0.28885,1.00915994297437,17.2974322577914,0.78404806026686,4.99659508629761
0.2889,1.00916075506753,17.3163712279742,0.78404806026686,4.99659508629761
0.28895,1.00916148786186,17.2964475056997,0.78404806026686,4.99659508629761
0.289,1.00916214213574,17.3169142177291,0.783990861390609,4.99676114589841
0.28905,1.00916271868629,17.2973848856073,0.783990861390609,4.99676114589841
0.2891,1.00916321806116,17.3193434142343,0.783990861390609,4.99676114589841
0.28915,1.0091636412283,17.3002265199569,0.783990861390609,4.99676114589841
0.2892,1.00916398930767,17.3236524769237,0.783990861390609,4.99676114589841
0.28925,1.00916426303498,17.3049653262723,0.783990861390609,4.99676114589841
0.2893,1.00916446329741,17.3298290365888,0.783990861390609,4.99676114589841
0.28935,1.00916459099934,17.3115881427276,0.783990861390609,4.99676114589841
0.2894,1.00916464706212,17.3378588741388,0.783990861390609,4.99676114589841
0.28945,1.00916463242372,17.3200799335633,0.783990861390609,4.99676114589841
0.2895,1.00916454803853,17.3477259109836,0.783990861390609,4.99676114589841
0.28955,1.009164394877,17.330423793504,0.783990861390609,4.99676114589841
0.2896,1.00916417392542,17.3594122165898,0.783990861390609,4.99676114589841
0.28965,1.00916388618558,17.3426009553408,0.783990861390609,4.99676114589841
0.2897,1.00916353267453,17.3728980157996,0.783990861390609,4.99676114589841
0.28975,1.00916311442423,17.3565907990073,0.783990861390609,4.99676114589841
0.2898,1.00916263248131,17.3881616982473,0.783990861390609,4.99676114589841
0.28985,1.00916208790674,17.372370861957,0.783990861390609,4.99676114589841
0.2899,1.00916148177553,17.4051798294629,0.783990861390609,4.99676114589841
0.28995,1.00916081517645,17.3899168513382,0.783990861390609,4.99676114589841
0.29,1.00916008921172,17.4239311921654,0.783932822875542,4.9969191066769
0.29005,1.00915930499667,17.4092067086106,0.783932822875542,4.9969191066769
0.2901,1.00915846338755,17.4443807110996,0.783932822875542,4.9969191066769
0.29015,1.00915756566102,17.4302044309158,0.783932822875542,4.9969191066769
0.2902,1.00915661324197,17.4665035638537,0.783932822875542,4.9969191066769
0.29025,1.00915560715924,17.4528843490975,0.783932822875542,4.9969191066769
0.2903,1.00915454858926,17.4902691752615,0.783932822875542,4.9969191066769
0.29035,1.00915343871973,17.4772150090389,0.783932822875542,4.9969191066769
0.2904,1.00915227874929,17.5156452499062,0.783932822875542,4.9969191066769
0.29045,1.00915106988727,17.5031632141167,0.783932822875542,4.9969191066769
0.2905,1.00914981335331,17.5425977778593,0.783932822875542,4.9969191066769
0.29055,1.00914851037705,17.5306940475113,0.783932822875542,4.9969191066769
0.2906,1.00914716219785,17.5710910660736,0.783932822875542,4.9969191066769
0.29065,1.00914577006444,17.5597708981681,0.783932822875542,4.9969191066769
0.2907,1.0091443352346,17.6010877677842,0.783932822875542,4.9969191066769
0.29075,1.00914285897485,17.5903554903679,0.783932822875542,4.9969191066769
0.2908,1.00914134256013,17.6325489135314,0.783932822875542,4.9969191066769
0.29085,1.00913978727347,17.6224079146933,0.783932822875542,4.9969191066769
0.2909,1.0091381944057,17.6654339442252,0.783932822875542,4.9969191066769
0.29095,1.00913656525506,17.6558866623435,0.783932822875542,4.9969191066769
0.291,1.00913490112695,17.6997045914142,0.783873950681125,4.99706936361732
0.29105,1.00913320333358,17.6907525283653,0.783873950681125,4.99706936361732
0.2911,1.00913147291778,17.7353095457435,0.783873950681125,4.99706936361732
0.29115,1.00912971134233,17.7269531890341,0.783873950681125,4.99706936361732
0.2912,1.0091279202138,17.7722075126034,0.783873950681125,4.99706936361732
0.29125,1.00912610073051,17.7644464104124,0.783873950681125,4.99706936361732
0.2913,1.00912425423387,17.8103519324517,0.783873950681125,4.99706936361732
0.29135,1.00912238207021,17.8031846778595,0.783873950681125,4.99706936361732
0.2914,1.00912048559041,17.8496948648785,0.783873950681125,4.99706936361732
0.29145,1.00911856614959,17.8431190851981,0.783873950681125,4.99706936361732
0.2915,1.00911662510679,17.8901870099008,0.783873950681125,4.99706936361732
0.29155,1.00911466382467,17.884199380993,0.783873950681125,4.99706936361732
0.2916,1.00911268366915,17.9317777594536,0.783873950681125,4.99706936361732
0.29165,1.00911068600914,17.926374019443,0.783873950681125,4.99706936361732
0.2917,1.0091086722162,17.9744152466712,0.783873950681125,4.99706936361732
0.29175,1.0091066436642,17.9695902136406,0.783873950681125,4.99706936361732
0.2918,1.00910460172906,18.0180463967164,0.783873950681125,4.99706936361732
0.29185,1.00910254778839,18.0137939908034,0.783873950681125,4.99706936361732
0.2919,1.00910048322118,18.0626169799875,0.783873950681125,4.99706936361732
0.29195,1.00909840940751,18.0589302485281,0.783873950681125,4.99706936361732
0.292,1.00909632772823,18.1080753356449,0.783814253809681,4.99721229244028
0.29205,1.00909423956464,18.1049464990856,0.783814253809681,4.99721229244028
0.2921,1.00909214601842,18.1543577705285,0.783814253809681,4.99721229244028
0.29215,1.00909004861073,18.1517781883854,0.783814253809681,4.99721229244028
0.2922,1.00908794900211,18.201410578437,0.783814253809681,4.99721229244028
0.29225,1.00908584843271,18.1993708474671,0.783814253809681,4.99721229244028
0.2923,1.00908374828149,18.2491754799497,0.783814253809681,4.99721229244028
0.29235,1.00908164992598,18.2476654535915,0.783814253809681,4.99721229244028
0.2924,1.00907955474204,18.2975933587848,0.783814253809681,4.99721229244028
0.29245,1.00907746410355,18.2966021603875,0.783814253809681,4.99721229244028
0.2925,1.00907537938206,18.346604303007,0.783814253809681,4.99721229244028
0.29255,1.00907330194656,18.3461203602523,0.783814253809681,4.99721229244028
0.2926,1.00907123316313,18.3961476781115,0.783814253809681,4.99721229244028
0.29265,1.00906917439466,18.3961587506615,0.783814253809681,4.99721229244028
0.2927,1.00906712700055,18.4461621970224,0.783814253809681,4.99721229244028
0.29275,1.00906509233646,18.446655402261,0.783814253809681,4.99721229244028
0.2928,1.00906307175393,18.4965859913042,0.783814253809681,4.99721229244028
0.29285,1.00906106660017,18.4975478279345,0.783814253809681,4.99721229244028
0.2929,1.00905907821772,18.5473566830936,0.783814253809681,4.99721229244028
0.29295,1.00905710794421,18.5487730530465,0.783814253809681,4.99721229244028
0.293,1.00905515711202,18.5984149507501,0.783753742991245,4.99734825054229
0.29305,1.00905322704802,18.6002711948276,0.783753742991245,4.99734825054229
0.2931,1.00905131878974,18.6496906438044,0.783753742991245,4.99734825054229
0.29315,1.00904943379396,18.6519715051702,0.783753742991245,4.99734825054229
0.2932,1.00904757365291,18.7011237710997,0.783753742991245,4.99734825054229
0.29325,1.00904573952683,18.7038134725997,0.783753742991245,4.99734825054229
0.2933,1.00904393271083,18.7526506471963,0.783753742991245,4.99734825054229
0.29335,1.00904215449285,18.755732900349,0.783753742991245,4.99734825054229
0.2934,1.00904040615335,18.804207466298,0.783753742991245,4.99734825054229
0.29345,1.00903868896507,18.8076654745787,0.783753742991245,4.99734825054229
0.2935,1.00903700419275,18.8557303533295,0.783753742991245,4.99734825054229
0.29355,1.00903535309286,18.8595468373349,0.783753742991245,4.99734825054229
0.2936,1.00903373691334,18.9071554446536,0.783753742991245,4.99734825054229
0.29365,1.00903215689333,18.9113126642899,0.783753742991245,4.99734825054229
0.2937,1.00903061426289,18.9584189631048,0.783753742991245,4.99734825054229
0.29375,1.00902911024277,18.9628987430378,0.783753742991245,4.99734825054229
0.2938,1.00902764604415,19.0094572932716,0.783753742991245,4.99734825054229
0.29385,1.00902622286834,19.0142410515525,0.783753742991245,4.99734825054229
0.2939,1.00902484190656,19.0602070564382,0.783753742991245,4.99734825054229
0.29395,1.0090235043397,19.0652758356062,0.783753742991245,4.99734825054229
0.294,1.00902221133803,19.1106085051902,0.783692429238723,4.99747757788942
0.29405,1.00902096406097,19.1159430197284,0.783692429238723,4.99747757788942
0.2941,1.00901976336949,19.1605923279061,0.783692429238723,4.99747757788942
0.29415,1.00901861054424,19.1661729539812,0.783692429238723,4.99747757788942
0.2942,1.00901750699794,19.2100996050233,0.783692429238723,4.99747757788942
0.29425,1.00901645370047,19.2159064718348,0.783692429238723,4.99747757788942
0.2943,1.0090154517533,19.2590686423416,0.783692429238723,4.99747757788942
0.29435,1.00901450224559,19.2650816651833,0.783692429238723,4.99747757788942
0.2944,1.00901360625397,19.3074383683921,0.783692429238723,4.99747757788942
0.29445,1.00901276484227,19.3136372773997,0.783692429238723,4.99747757788942
0.2945,1.00901197906131,19.3551483857767,0.783692429238723,4.99747757788942
0.29455,1.00901124994866,19.3615127732049,0.783692429238723,4.99747757788942
0.2946,1.00901057852845,19.4021390483294,0.783692429238723,4.99747757788942
0.29465,1.00900996581108,19.40864841106,0.783692429238723,4.99747757788942
0.2947,1.00900941279306,19.4483515326048,0.783692429238723,4.99747757788942
0.29475,1.00900892045672,19.4549853143119,0.783692429238723,4.99747757788942
0.2948,1.00900848977008,19.4937279084464,0.783692429238723,4.99747757788942
0.29485,1.00900812168656,19.500465539715,0.783692429238723,4.99747757788942
0.2949,1.00900781714479,19.5382112093588,0.783692429238723,4.99747757788942
0.29495,1.00900757706842,19.5450321445834,0.783692429238723,4.99747757788942
0.295,1.00900740236586,19.5817486505805,0.783630322407646,4.99760059786741
0.29505,1.00900729393013,19.5886324150254,0.783630322407646,4.99760059786741
0.2951,1.00900725234756,19.6242791016525,0.783630322407646,4.99760059786741
0.29515,1.00900727862527,19.6312052809067,0.783630322407646,4.99760059786741
0.2952,1.00900737389984,19.6657520208921,0.783630322407646,4.99760059786741
0.29525,1.0090075388551,19.6727003371842,0.783630322407646,4.99760059786741
0.2953,1.00900777430396,19.7061149566206,0.783630322407646,4.99760059786741
0.29535,1.00900808104275,19.7130652851716,0.783630322407646,4.99760059786741
0.2954,1.00900845985099,19.7453167567161,0.783630322407646,4.99760059786741
0.29545,1.00900891149124,19.7522491379104,0.783630322407646,4.99760059786741
0.2955,1.00900943670889,19.7833076108905,0.783630322407646,4.99760059786741
0.29555,1.00901003623199,19.7902022746905,0.783630322407646,4.99760059786741
0.2956,1.00901071077109,19.8200391111144,0.783630322407646,4.99760059786741
0.29565,1.00901146101901,19.8268764964683,0.783630322407646,4.99760059786741
0.2957,1.00901228765075,19.8554643058056,0.783630322407646,4.99760059786741
0.29575,1.00901319132324,19.8622250796806,0.783630322407646,4.99760059786741
0.2958,1.00901417267524,19.8895377518239,0.783630322407646,4.99760059786741
0.29585,1.00901523232713,19.8962028272125,0.783630322407646,4.99760059786741
0.2959,1.00901637088078,19.9222155637037,0.783630322407646,4.99760059786741
0.29595,1.00901758891939,19.9287661176538,0.783630322407646,4.99760059786741
0.296,1.00901888700732,19.9534584472718,0.783567429886,4.99771761809027
0.29605,1.00902026568994,19.9598759495988,0.783567429886,4.99771761809027
0.2961,1.0090217251988,19.9832198031038,0.783567429886,4.99771761809027
0.29615,1.00902326618825,19.9894859980006,0.783567429886,4.99771761809027
0.2962,1.0090248894406,20.0114636530503,0.783567429886,4.99771761809027
0.29625,1.00902659527654,20.0175606250896,0.783567429886,4.99771761809027
0.2963,1.00902838414443,20.0381527803461,0.783567429886,4.99771761809027
0.29635,1.00903025647284,20.0440629626293,0.783567429886,4.99771761809027
0.2964,1.00903221267039,20.0632517390192,0.783567429886,4.99771761809027
0.29645,1.00903425312567,20.0689579286606,0.783567429886,4.99771761809027
0.2965,1.00903637820709,20.0867268774186,0.783567429886,4.99771761809027
0.29655,1.00903858826278,20.0922122607812,0.783567429886,4.99771761809027
0.2966,1.00904088362048,20.1085463718653,0.783567429886,4.99771761809027
0.29665,1.00904326458743,20.1137945484376,0.783567429886,4.99771761809027
0.2967,1.00904573145027,20.1286802557565,0.783567429886,4.99771761809027
0.29675,1.00904828447495,20.133675261917,0.783567429886,4.99771761809027
0.2968,1.00905092390659,20.1471004465381,0.783567429886,4.99771761809027
0.29685,1.00905364996948,20.1518267782704,0.783567429886,4.99771761809027
0.2969,1.00905646286691,20.1637807698915,0.783567429886,4.99771761809027
0.29695,1.00905936278112,20.1682234044499,0.783567429886,4.99771761809027
0.297,1.00906234987324,20.1786998121428,0.783503755525612,4.99782893116952
0.29705,1.00906542428319,20.1828442371948,0.783503755525612,4.99782893116952
0.2971,1.00906858583125,20.1918296268617,0.783503755525612,4.99782893116952
0.29715,1.00907183476393,20.1956618227886,0.783503755525612,4.99782893116952
0.2972,1.00907517145555,20.2031526909279,0.783503755525612,4.99782893116952
0.29725,1.00907859581142,20.2066591925027,0.783503755525612,4.99782893116952
0.2973,1.00908210786453,20.2126506606844,0.783503755525612,4.99782893116952
0.29735,1.00908570762634,20.2158185510494,0.783503755525612,4.99782893116952
0.2974,1.00908939508673,20.2203071858817,0.783503755525612,4.99782893116952
0.29745,1.00909317021397,20.2231241046205,0.783503755525612,4.99782893116952
0.2975,1.00909703295467,20.2261079159566,0.783503755525612,4.99782893116952
0.29755,1.0091009832338,20.2285620679617,0.783503755525612,4.99782893116952
0.2976,1.0091050209546,20.2300405078887,0.783503755525612,4.99782893116952
0.29765,1.00910914599863,20.232120669186,0.783503755525612,4.99782893116952
0.2977,1.00911335822572,20.2320946305898,0.783503755525612,4.99782893116952
0.29775,1.00911765747398,20.2337901521992,0.783503755525612,4.99782893116952
0.2978,1.0091220435598,20.2322619663694,0.783503755525612,4.99782893116952
0.29785,1.00912651627786,20.2335627767907,0.783503755525612,4.99782893116952
0.2979,1.00913107540111,20.2305362097471,0.783503755525612,4.99782893116952
0.29795,1.00913572068084,20.231432816419,0.783503755525612,4.99782893116952
0.298,1.00914045184662,20.2269157459621,0.783439298908902,4.99793481544583
0.29805,1.00914526860643,20.2273992448853,0.783439298908902,4.99793481544583
0.2981,1.00915017034459,20.2213929266566,0.783439298908902,4.99793481544583
0.29815,1.00915515687687,20.2214549689312,0.783439298908902,4.99793481544583
0.2982,1.00916022814855,20.2139701013097,0.783439298908902,4.99793481544583
0.29825,1.00916538363036,20.2136029432813,0.783439298908902,4.99793481544583
0.2983,1.00917062292262,20.2046489577251,0.783439298908902,4.99793481544583
0.29835,1.0091759456043,20.2038454379437,0.783439298908902,4.99793481544583
0.2984,1.00918135123304,20.1934331458136,0.783439298908902,4.99793481544583
0.29845,1.00918683934526,20.1921866913145,0.783439298908902,4.99793481544583
0.2985,1.00919240945623,20.1803282665341,0.783439298908902,4.99793481544583
0.29855,1.00919806106012,20.1786328970935,0.783439298908902,4.99793481544583
0.2986,1.00920379363016,20.1653418540368,0.783439298908902,4.99793481544583
0.29865,1.00920960661864,20.1631921873556,0.783439298908902,4.99793481544583
0.2987,1.0092154994571,20.1484833564868,0.783439298908902,4.99793481544583
0.29875,1.00922147155636,20.1458746141014,0.783439298908902,4.99793481544583
0.2988,1.00922752230671,20.1297641144843,0.783439298908902,4.99793481544583
0.29885,1.00923365107794,20.1266921281793,0.783439298908902,4.99793481544583
0.2989,1.00923985721954,20.1091973385011,0.783439298908902,4.99793481544583
0.29895,1.00924614006079,20.1056585556718,0.783439298908902,4.99793481544583
0.299,1.00925249891089,20.086800627406,0.783374055022174,4.99803553568505
0.29905,1.00925893305913,20.0827921246395,0.783374055022174,4.99803553568505
0.2991,1.00926544146934,20.0625857837293,0.783374055022174,4.99803553568505
0.29915,1.00927202354425,20.0581052354215,0.783374055022174,4.99803553568505
0.2992,1.00927867881994,20.0365739815816,0.783374055022174,4.99803553568505
0.29925,1.00928540635471,20.0316197136319,0.783374055022174,4.99803553568505
0.2993,1.00929220534051,20.0087856638601,0.783374055022174,4.99803553568505
0.29935,1.0092990749504,20.0033566212834,0.783374055022174,4.99803553568505
0.2994,1.00930601433862,19.9792429940463,0.783374055022174,4.99803553568505
0.29945,1.00931302264085,19.9733387463026,0.783374055022174,4.99803553568505
0.2995,1.00932009897439,19.9479698369724,0.783374055022174,4.99803553568505
0.29955,1.00932724243832,19.941590570879,0.783374055022174,4.99803553568505
0.2996,1.00933445211377,19.9149917243648,0.783374055022174,4.99803553568505
0.29965,1.00934172706408,19.9081382360757,0.783374055022174,4.99803553568505
0.2997,1.00934906633506,19.8803358208128,0.783374055022174,4.99803553568505
0.29975,1.00935646895515,19.8730095055718,0.783374055022174,4.99803553568505
0.2998,1.00936393393573,19.8440308875367,0.783374055022174,4.99803553568505
0.29985,1.00937146027128,19.8362337276428,0.783374055022174,4.99803553568505
0.2999,1.00937904693969,19.8061072456463,0.783374055022174,4.99803553568505
0.29995,1.00938669290244,19.7978417960633,0.783374055022174,4.99803553568505
0.3,1.00939439710488,19.7665991506561,0.783308014376908,4.99813134374024
0.30005,1.00940215847651,19.7578685326388,0.783308014376908,4.99813134374024
0.3001,1.00940997562184,19.7255351151504,0.783308014376908,4.99813134374024
0.30015,1.00941784759408,19.7163429649772,0.783308014376908,4.99813134374024
0.3002,1.00942577358607,19.6829522743352,0.783308014376908,4.99813134374024
0.30025,1.0094337523118,19.6733027835774,0.783308014376908,4.99813134374024
0.3003,1.00944178262541,19.6388868042064,0.783308014376908,4.99813134374024
0.30035,1.00944986336686,19.6287846677056,0.783308014376908,4.99813134374024
0.3004,1.00945799336215,19.593376215969,0.783308014376908,4.99813134374024
0.30045,1.00946617142367,19.5828266316522,0.783308014376908,4.99813134374024
0.3005,1.00947439635046,19.5464593296534,0.783308014376908,4.99813134374024
0.30055,1.00948266692858,19.5354679849063,0.783308014376908,4.99813134374024
0.3006,1.00949098193134,19.4981762254877,0.783308014376908,4.99813134374024
0.30065,1.00949934011971,19.4867492887872,0.783308014376908,4.99813134374024
0.3007,1.00950774024255,19.448568197403,0.783308014376908,4.99813134374024
0.30075,1.00951618103701,19.4367123122819,0.783308014376908,4.99813134374024
0.3008,1.00952466122882,19.3976777052821,0.783308014376908,4.99813134374024
0.30085,1.00953317953265,19.3853999868218,0.783308014376908,4.99813134374024
0.3009,1.00954173465241,19.345548327451,0.783308014376908,4.99813134374024
0.30095,1.00955032528166,19.3328563598668,0.783308014376908,4.99813134374024
0.301,1.00955895010389,19.2922270046821,0.783241163582212,4.99822247918143
0.30105,1.00956760779291,19.279128850182,0.783241163582212,4.99822247918143
0.3011,1.00957629670007,19.2377548397318,0.783241163582212,4.99822247918143
0.30115,1.00958501563745,19.2242590009061,0.783241163582212,4.99822247918143
0.3012,1.00959376356503,19.182180723946,0.783241163582212,4.99822247918143
0.30125,1.0096025389649,19.1682962029031,0.783241163582212,4.99822247918143
0.3013,1.00961134046783,19.1255522433796,0.783241163582212,4.99822247918143
0.30135,1.00962016669706,19.1112885000526,0.783241163582212,4.99822247918143
0.3014,1.00962901626873,19.0679178384532,0.783241163582212,4.99822247918143
0.30145,1.00963788779222,19.0532848046871,0.783241163582212,4.99822247918143
0.3015,1.00964677987054,19.0093267782169,0.783241163582212,4.99822247918143
0.30155,1.00965569110073,18.9943348510845,0.783241163582212,4.99822247918143
0.3016,1.00966462007422,18.9498291085354,0.783241163582212,4.99822247918143
0.30165,1.00967356537725,18.9344891448203,0.783241163582212,4.99822247918143
0.3017,1.00968252559122,18.8894756031974,0.783241163582212,4.99822247918143
0.30175,1.00969149929315,18.873798911658,0.783241163582212,4.99822247918143
0.3018,1.009700485056,18.8283177159225,0.783241163582212,4.99822247918143
0.30185,1.00970948144913,18.812316045119,0.783241163582212,4.99822247918143
0.3019,1.00971848703867,18.7664075314546,0.783241163582212,4.99822247918143
0.30195,1.00972750038792,18.7500930552586,0.783241163582212,4.99822247918143
0.302,1.00973652005778,18.7037998966987,0.783173486326027,4.99830916989472
0.30205,1.00974554460712,18.6871852065662,0.783173486326027,4.99830916989472
0.3021,1.00975457227629,18.6405436700373,0.783173486326027,4.99830916989472
0.30215,1.00976360177983,18.6236417150428,0.783173486326027,4.99830916989472
0.3022,1.00977263198995,18.5766946701631,0.783173486326027,4.99830916989472
0.30225,1.00978166130307,18.5595187952063,0.783173486326027,4.99830916989472
0.3023,1.00979068827413,18.5123070353461,0.783173486326027,4.99830916989472
0.30235,1.0097997114585,18.4948709133559,0.783173486326027,4.99830916989472
0.3024,1.00980872941238,18.4474352656677,0.783173486326027,4.99830916989472
0.30245,1.00981774069325,18.4297528894746,0.783173486326027,4.99830916989472
0.3025,1.00982674386026,18.3821341976503,0.783173486326027,4.99830916989472
0.30255,1.00983573747463,18.3642198516819,0.783173486326027,4.99830916989472
0.3026,1.00984472010011,18.3164589502377,0.783173486326027,4.99830916989472
0.30265,1.0098536903033,18.298327186629,0.783173486326027,4.99830916989472
0.3027,1.00986264665416,18.250464874404,0.783173486326027,4.99830916989472
0.30275,1.00987158772635,18.2321304914065,0.783173486326027,4.99830916989472
0.3028,1.00988051209768,18.1842075022061,0.783173486326027,4.99830916989472
0.30285,1.00988941835048,18.1656855240671,0.783173486326027,4.99830916989472
0.3029,1.00989830507203,18.1177424967068,0.783173486326027,4.99830916989472
0.30295,1.00990717085499,18.0990481559438,0.783173486326027,4.99830916989472
0.303,1.00991601429773,18.0511276769237,0.78310496467466,4.99839163265202
0.30305,1.00992483400483,18.0322764101945,0.78310496467466,4.99839163265202
0.3031,1.00993362826655,17.9844146830417,0.78310496467466,4.99839163265202
0.30315,1.0099423958614,17.9654220785042,0.78310496467466,4.99839163265202
0.3032,1.00995113573562,17.9176612996901,0.78310496467466,4.99839163265202
0.30325,1.00995984636196,17.8985431484118,0.78310496467466,4.99839163265202
0.3033,1.00996852638173,17.8509232297365,0.78310496467466,4.99839163265202
0.30335,1.00997717444478,17.8316954761216,0.78310496467466,4.99839163265202
0.3034,1.00998578920988,17.7842560364449,0.78310496467466,4.99839163265202
0.30345,1.00999436934507,17.7649347880941,0.78310496467466,4.99839163265202
0.3035,1.0100029135281,17.7177151190847,0.78310496467466,4.99839163265202
0.30355,1.01001142044678,17.6983166387583,0.78310496467466,4.99839163265202
0.3036,1.01001988879936,17.6513556618513,0.78310496467466,4.99839163265202
0.30365,1.01002831729489,17.631896363711,0.78310496467466,4.99839163265202
0.3037,1.01003670465359,17.5852325879946,0.78310496467466,4.99839163265202
0.30375,1.01004504960725,17.5657290329962,0.78310496467466,4.99839163265202
0.3038,1.01005335089953,17.519400513828,0.78310496467466,4.99839163265202
0.30385,1.01006160728637,17.4998694041688,0.78310496467466,4.99839163265202
0.3039,1.01006981753634,17.4539137042449,0.78310496467466,4.99839163265202
0.30395,1.01007798043093,17.4343718756901,0.78310496467466,4.99839163265202
0.304,1.01008609476498,17.3888280072967,0.783035580557489,4.9984700736532
0.30405,1.01009415934696,17.369292429871,0.783035580557489,4.9984700736532
0.3041,1.01010217267453,17.3241929144243,0.783035580557489,4.9984700736532
0.30415,1.01011013374685,17.3046806385171,0.783035580557489,4.9984700736532
0.3042,1.01011804174017,17.2600633114526,0.783035580557489,4.9984700736532
0.30425,1.01012589535845,17.2405915124544,0.783035580557489,4.9984700736532
0.3043,1.01013369348337,17.196491639981,0.783035580557489,4.9984700736532
0.30435,1.01014143501217,17.1770775601446,0.783035580557489,4.9984700736532
0.3044,1.01014911885803,17.1335297577069,0.783035580557489,4.9984700736532
0.30445,1.0101567439503,17.114190698034,0.783035580557489,4.9984700736532
0.3045,1.01016430923484,17.071228917085,0.783035580557489,4.9984700736532
0.30455,1.01017181367429,17.0519822112717,0.783035580557489,4.9984700736532
0.3046,1.01017925624837,17.0096397211024,0.783035580557489,4.9984700736532
0.30465,1.01018663595416,16.9905027111053,0.783035580557489,4.9984700736532
0.3047,1.01019395180636,16.9488120830373,0.783035580557489,4.9984700736532
0.30475,1.01020120283753,16.9298020929589,0.783035580557489,4.9984700736532
0.3048,1.01020838809844,16.8887951862253,0.783035580557489,4.9984700736532
0.30485,1.01021550665822,16.8699294958299,0.783035580557489,4.9984700736532
0.3049,1.01022255760469,16.8296374433814,0.783035580557489,4.9984700736532
0.30495,1.01022954004456,16.8109332622316,0.783035580557489,4.9984700736532
0.305,1.01023645310367,16.7713883453297,0.782965317274913,4.9985446890416
0.30505,1.01024329592724,16.7528627980924,0.782965317274913,4.9985446890416
0.3051,1.01025006735119,16.7140908858865,0.782965317274913,4.9985446890416
0.30515,1.01025676672459,16.6957609477065,0.782965317274913,4.9985446890416
0.3052,1.01026339358095,16.6577927805902,0.782965317274913,4.9985446890416
0.30525,1.01026994698069,16.6396753115199,0.782965317274913,4.9985446890416
0.3053,1.01027642616907,16.6025389787857,0.782965317274913,4.9985446890416
0.30535,1.01028283041201,16.5846506697763,0.782965317274913,4.9985446890416
0.3054,1.01028915899617,16.548373450666,0.782965317274913,4.9985446890416
0.30545,1.01029541122921,16.5307308151549,0.782965317274913,4.9985446890416
0.3055,1.01030158643994,16.4953391640495,0.782965317274913,4.9985446890416
0.30555,1.01030768397846,16.4779585205513,0.782965317274913,4.9985446890416
0.3056,1.01031370321633,16.4434780458934,0.782965317274913,4.9985446890416
0.30565,1.01031964354674,16.4263755042403,0.782965317274913,4.9985446890416
0.3057,1.0103255043846,16.3928309466437,0.782965317274913,4.9985446890416
0.30575,1.01033128516673,16.3760223959631,0.782965317274913,4.9985446890416
0.3058,1.01033698535197,16.3434376056078,0.782965317274913,4.9985446890416
0.30585,1.01034260442127,16.3269387029545,0.782965317274913,4.9985446890416
0.3059,1.01034814187785,16.2953366167809,0.782965317274913,4.9985446890416
0.30595,1.01035359724729,16.279162776723,0.782965317274913,4.9985446890416
0.306,1.01035897007761,16.2485671993882,0.78289416085991,4.99861566539458
0.30605,1.01036425993937,16.2327335939551,0.78289416085991,4.99861566539458
0.3061,1.01036946609278,16.2031619680644,0.78289416085991,4.99861566539458
0.30615,1.01037458832024,16.1876834757627,0.78289416085991,4.99861566539458
0.3062,1.01037962659349,16.1591576614467,0.78289416085991,4.99861566539458
0.30625,1.01038458040753,16.144048905669,0.78289416085991,4.99861566539458
0.3063,1.01038944944682,16.1165879817148,0.78289416085991,4.99861566539458
0.30635,1.01039423341874,16.1018632907088,0.78289416085991,4.99861566539458
0.3064,1.01039893205366,16.0754853239772,0.78289416085991,4.99861566539458
0.30645,1.01040354510498,16.0611587196461,0.78289416085991,4.99861566539458
0.3065,1.01040807234917,16.0358807544988,0.78289416085991,4.99861566539458
0.30655,1.01041251358575,16.0219659345057,0.78289416085991,4.99861566539458
0.3066,1.01041686863735,15.9978039826834,0.78289416085991,4.99861566539458
0.30665,1.01042113734966,15.9843143015537,0.78289416085991,4.99861566539458
0.3067,1.0104253195915,15.9612833343183,0.78289416085991,4.99861566539458
0.30675,1.01042941525475,15.9482317832669,0.78289416085991,4.99861566539458
0.3068,1.01043342425438,15.926345725497,0.78289416085991,4.99861566539458
0.30685,1.01043734652841,15.9137449111212,0.78289416085991,4.99861566539458
0.3069,1.01044118203785,15.8930166370549,0.78289416085991,4.99861566539458
0.30695,1.01044493076675,15.8808787594253,0.78289416085991,4.99861566539458
0.307,1.01044859272206,15.8613218128221,0.78282210114002,4.99868318018997
0.30705,1.01045216793365,15.8496586542751,0.78282210114002,4.99868318018997
0.3071,1.01045565611702,15.831280354895,0.78282210114002,4.99868318018997
0.30715,1.01045905751626,15.82010322056,0.78282210114002,4.99868318018997
0.3072,1.01046237256679,15.8029149925186,0.78282210114002,4.99868318018997
0.30725,1.01046560122085,15.7922347339387,0.78282210114002,4.99868318018997
0.3073,1.01046874362184,15.7762452248498,0.78282210114002,4.99868318018997
0.30735,1.01047179993563,15.7660722035772,0.78282210114002,4.99868318018997
0.3074,1.01047477035046,15.7512889979062,0.78282210114002,4.99868318018997
0.30745,1.01047765507686,15.7416330663297,0.78282210114002,4.99868318018997
0.3075,1.01048045434754,15.7280626813494,0.78282210114002,4.99868318018997
0.30755,1.01048316841723,15.7189331674571,0.78282210114002,4.99868318018997
0.3076,1.01048579756266,15.7065810488121,0.78282210114002,4.99868318018997
0.30765,1.01048834208233,15.6979867425444,0.78282210114002,4.99868318018997
0.3077,1.01049080229645,15.6868572587128,0.78282210114002,4.99868318018997
0.30775,1.01049317854679,15.6788064000287,0.78282210114002,4.99868318018997
0.3078,1.01049547119652,15.6689028361811,0.78282210114002,4.99868318018997
0.30785,1.01049768063008,15.661403104758,0.78282210114002,4.99868318018997
0.3079,1.01049980725303,15.6527276561177,0.78282210114002,4.99868318018997
0.30795,1.01050185149188,15.6457861625887,0.78282210114002,4.99868318018997
0.308,1.01050381379395,15.6383415746827,0.782749132385058,4.99874740224993
0.30805,1.01050569462716,15.6319648633699,0.782749132385058,4.99874740224993
0.3081,1.01050749413847,15.6257478354671,0.782749132385058,4.99874740224993
0.30815,1.01050921300726,15.6199418414266,0.782749132385058,4.99874740224993
0.3082,1.01051085210376,15.6149529078961,0.782749132385058,4.99874740224993
0.30825,1.0105124118059,15.6097229866769,0.782749132385058,4.99874740224993
0.3083,1.01051389268206,15.6059599203482,0.782749132385058,4.99874740224993
0.30835,1.01051529532014,15.6013108325792,0.782749132385058,4.99874740224993
0.3084,1.01051662032737,15.5987702946839,0.782749132385058,4.99874740224993
0.30845,1.01051786833006,15.5947061901479,0.782749132385058,4.99874740224993
0.3085,1.01051903997343,15.5933837276427,0.782749132385058,4.99874740224993
0.30855,1.01052013592139,15.5899081373068,0.782749132385058,4.99874740224993
0.3086,1.01052115685632,15.5897981857654,0.782749132385058,4.99874740224993
0.30865,1.01052210347883,15.5869140112054,0.782749132385058,4.99874740224993
0.3087,1.01052297650755,15.5880099004683,0.782749132385058,4.99874740224993
0.30875,1.0105237766789,15.5857194012629,0.782749132385058,4.99874740224993
0.3088,1.01052450474684,15.5880133638089,0.782749132385058,4.99874740224993
0.30885,1.01052516148266,15.5863181443328,0.782749132385058,4.99874740224993
0.3089,1.01052574767472,15.5898013258233,0.782749132385058,4.99874740224993
0.30895,1.01052626412818,15.5887023212885,0.782749132385058,4.99874740224993
0.309,1.01052671166482,15.5933663676832,0.782675253479434,4.99880849216307
0.30905,1.01052709112271,15.5928638398941,0.782675253479434,4.99880849216307
0.3091,1.01052740301031,15.5986946091921,0.782675253479434,4.99880849216307
0.30915,1.01052764837045,15.5987880995559,0.782675253479434,4.99880849216307
0.3092,1.01052782843436,15.6057751394255,0.782675253479434,4.99880849216307
0.30925,1.01052794393001,15.6064634858862,0.782675253479434,4.99880849216307
0.3093,1.01052799577324,15.6145937304005,0.782675253479434,4.99880849216307
0.30935,1.01052798489466,15.615875056533,0.782675253479434,4.99880849216307
0.3094,1.01052791223935,15.6251344328757,0.782675253479434,4.99880849216307
0.30945,1.0105277787666,15.6270061248953,0.782675253479434,4.99880849216307
0.3095,1.01052758544966,15.6373795628401,0.782675253479434,4.99880849216307
0.30955,1.01052733327541,15.6398382661201,0.782675253479434,4.99880849216307
0.3096,1.01052702324412,15.651309712139,0.782675253479434,4.99880849216307
0.30965,1.01052665636916,15.6543513267566,0.782675253479434,4.99880849216307
0.3097,1.01052623367669,15.66690375756,0.782675253479434,4.99880849216307
0.30975,1.01052575620541,15.670523436801,0.782675253479434,4.99880849216307
0.3098,1.01052522500626,15.6841388711869,0.782675253479434,4.99880849216307
0.30985,1.01052464114211,15.6883310235418,0.782675253479434,4.99880849216307
0.3099,1.01052400568751,15.7029905325357,0.782675253479434,4.99880849216307
0.30995,1.01052331972834,15.7077488275621,0.782675253479434,4.99880849216307
0.31,1.01052258436158,15.7234340477806,0.78260046761679,4.99886660268599
0.31005,1.01052180069497,15.7287514336317,0.78260046761679,4.99886660268599
0.3101,1.01052096949677,15.7454385507927,0.78260046761679,4.99886660268599
0.31015,1.01052009207035,15.7513072356257,0.78260046761679,4.99886660268599
0.3102,1.01051916990395,15.7689760435875,0.78260046761679,4.99886660268599
0.31025,1.01051820397044,15.7753875320614,0.78260046761679,4.99886660268599
0.3103,1.01051719542698,15.7940153882234,0.78260046761679,4.99886660268599
0.31035,1.01051614543967,15.8009605041269,0.78260046761679,4.99886660268599
0.3104,1.01051505518331,15.8205238681905,0.78260046761679,4.99886660268599
0.31045,1.01051392584108,15.8279927524066,0.78260046761679,4.99886660268599
0.3105,1.01051275860423,15.8484671890362,0.78260046761679,4.99886660268599
0.31055,1.01051155467175,15.856449319387,0.78260046761679,4.99886660268599
0.3106,1.01051031525013,15.8778095108959,0.78260046761679,4.99886660268599
0.31065,1.01050904155299,15.8862937168422,0.78260046761679,4.99886660268599
0.3107,1.01050773480084,15.9085134796873,0.78260046761679,4.99886660268599
0.31075,1.01050639622071,15.9174879554717,0.78260046761679,4.99886660268599
0.3108,1.01050502704588,15.9405402594559,0.78260046761679,4.99886660268599
0.31085,1.01050362851558,15.9499925762526,0.78260046761679,4.99886660268599
0.3109,1.01050220187466,15.9738495673574,0.78260046761679,4.99886660268599
0.31095,1.01050074837333,15.9837666838091,0.78260046761679,4.99886660268599
0.311,1.01049926926678,16.0084011478287,0.782524781568601,4.99892187912526
0.31105,1.01049776581496,16.0187694267496,0.782524781568601,4.99892187912526
0.3111,1.01049623892805,16.0441490654371,0.782524781568601,4.99892187912526
0.31115,1.01049469005159,16.054954255317,0.782524781568601,4.99892187912526
0.3112,1.01049312081203,16.0810503687888,0.782524781568601,4.99892187912526
0.31125,1.01049153230805,16.0922776274847,0.782524781568601,4.99892187912526
0.3113,1.01048992581865,16.1190593617357,0.782524781568601,4.99892187912526
0.31135,1.01048830262571,16.1306932753473,0.782524781568601,4.99892187912526
0.3114,1.01048666401369,16.1581291289938,0.782524781568601,4.99892187912526
0.31145,1.01048501126939,16.1701536968541,0.782524781568601,4.99892187912526
0.3115,1.01048334568157,16.1982115526754,0.782524781568601,4.99892187912526
0.31155,1.01048166854071,16.2106101990287,0.782524781568601,4.99892187912526
0.3116,1.01047998113869,16.2392573649799,0.782524781568601,4.99892187912526
0.31165,1.01047828476848,16.2520129463067,0.782524781568601,4.99892187912526
0.3117,1.01047658072386,16.2812161982494,0.782524781568601,4.99892187912526
0.31175,1.01047487029912,16.2943110125333,0.782524781568601,4.99892187912526
0.3118,1.01047315478877,16.3240366346755,0.782524781568601,4.99892187912526
0.31185,1.01047143548722,16.3374524341495,0.782524781568601,4.99892187912526
0.3119,1.01046971368852,16.3676662591685,0.782524781568601,4.99892187912526
0.31195,1.01046799068606,16.3813842657752,0.782524781568601,4.99892187912526
0.312,1.01046626777226,16.412053082881,0.782448204619859,4.99897445970078
0.31205,1.0104645462383,16.4260540153224,0.782448204619859,4.99897445970078
0.3121,1.01046282701548,16.457140117846,0.782448204619859,4.99897445970078
0.31215,1.01046111157078,16.4714041921596,0.782448204619859,4.99897445970078
0.3122,1.01045940154828,16.5028736619819,0.782448204619859,4.99897445970078
0.31225,1.01045769805212,16.5173806328183,0.782448204619859,4.99897445970078
0.3123,1.01045600236293,16.549197845255,0.782448204619859,4.99897445970078
0.31235,1.01045431575842,16.563927052445,0.782448204619859,4.99897445970078
0.3124,1.01045263951301,16.5960561089329,0.782448204619859,4.99897445970078
0.31245,1.01045097489763,16.6109864912941,0.782448204619859,4.99897445970078
0.3125,1.01044932317942,16.6433912364948,0.782448204619859,4.99897445970078
0.31255,1.01044768562142,16.6585013738796,0.782448204619859,4.99897445970078
0.3126,1.01044606348233,16.6911454229019,0.782448204619859,4.99897445970078
0.31265,1.01044445801623,16.706413574541,0.782448204619859,4.99897445970078
0.3127,1.01044287047232,16.7392603393888,0.782448204619859,4.99897445970078
0.31275,1.0104413020946,16.7546644839722,0.782448204619859,4.99897445970078
0.3128,1.01043975412167,16.7876771998993,0.782448204619859,4.99897445970078
0.31285,1.01043822778641,16.8031950755339,0.782448204619859,4.99897445970078
0.3129,1.01043672431572,16.8363368291419,0.782448204619859,4.99897445970078
0.31295,1.0104352449303,16.8519459724831,0.782448204619859,4.99897445970078
0.313,1.01043379084433,16.8851810363497,0.782370747290297,4.99902447589137
0.31305,1.01043236326523,16.9008588275326,0.782370747290297,4.99902447589137
0.3131,1.01043096303096,16.93414746609,0.782370747290297,4.99902447589137
0.31315,1.01042959151588,16.9498711446263,0.782370747290297,4.99902447589137
0.3132,1.0104282502681,16.9831775062992,0.782370747290297,4.99902447589137
0.31325,1.01042694028422,16.9989242163614,0.782370747290297,4.99902447589137
0.3133,1.01042566273403,17.0322111087877,0.782370747290297,4.99902447589137
0.31335,1.01042441877904,17.0479579463787,0.782370747290297,4.99902447589137
0.3134,1.01042320957225,17.0811882140418,0.782370747290297,4.99902447589137
0.31345,1.01042203625784,17.0969122358724,0.782370747290297,4.99902447589137
0.3135,1.010420899971,17.1300487939923,0.782370747290297,4.99902447589137
0.31355,1.01041980183763,17.1457270486677,0.782370747290297,4.99902447589137
0.3136,1.01041874297412,17.1787329303772,0.782370747290297,4.99902447589137
0.31365,1.01041772448713,17.1943424817431,0.782370747290297,4.99902447589137
0.3137,1.01041674747332,17.2271808865221,0.782370747290297,4.99902447589137
0.31375,1.01041581301913,17.2426988364341,0.782370747290297,4.99902447589137
0.3138,1.01041492220053,17.2753331795035,0.782370747290297,4.99902447589137
0.31385,1.01041407608282,17.2907366885308,0.782370747290297,4.99902447589137
0.3139,1.01041327572039,17.3231306519667,0.782370747290297,4.99902447589137
0.31395,1.01041252215646,17.3383969595236,0.782370747290297,4.99902447589137
0.314,1.01041181642291,17.3705157824586,0.782292419969361,4.99907205276356
0.31405,1.01041115953999,17.3856222343135,0.782292419969361,4.99907205276356
0.3141,1.01041055214961,17.4174277942759,0.782292419969361,4.99907205276356
0.31415,1.01040999543147,17.4323518451158,0.782292419969361,4.99907205276356
0.3142,1.0104094907363,17.4638101729312,0.782292419969361,4.99907205276356
0.31425,1.01040903885253,17.4785294205194,0.782292419969361,4.99907205276356
0.3143,1.01040864073917,17.5096057465313,0.782292419969361,4.99907205276356
0.31435,1.01040829734236,17.5240979699313,0.782292419969361,4.99907205276356
0.3144,1.01040800959515,17.5547580335536,0.782292419969361,4.99907205276356
0.31445,1.01040777841726,17.5690012033279,0.782292419969361,4.99907205276356
0.3145,1.01040760471491,17.5992112835793,0.782292419969361,4.99907205276356
0.31455,1.01040748938062,17.6131835951109,0.782292419969361,4.99907205276356
0.3146,1.010407433293,17.6429105470572,0.782292419969361,4.99907205276356
0.31465,1.01040743731655,17.6565904516183,0.782292419969361,4.99907205276356
0.3147,1.01040750230145,17.6858017391042,0.782292419969361,4.99907205276356
0.31475,1.01040762908342,17.6991679774264,0.782292419969361,4.99907205276356
0.3148,1.01040781848349,17.7278317023642,0.782292419969361,4.99907205276356
0.31485,1.01040807130779,17.7408633391178,0.782292419969361,4.99907205276356
0.3149,1.01040838834744,17.7689482691631,0.782292419969361,4.99907205276356
0.31495,1.01040877037829,17.7816247281141,0.782292419969361,4.99907205276356
0.315,1.01040921816078,17.8091014989605,0.782213231590779,4.99911730928432
0.31505,1.01040973243978,17.8214026043722,0.782213231590779,4.99911730928432
0.3151,1.01041031357377,17.8482390289646,0.782213231590779,4.99911730928432
0.31515,1.01041096246119,17.8601450233711,0.782213231590779,4.99911730928432
0.3152,1.01041168016968,17.8863131969383,0.782213231590779,4.99911730928432
0.31525,1.0104124671947,17.8978047876899,0.782213231590779,4.99911730928432
0.3153,1.01041332420057,17.9232763747786,0.782213231590779,4.99911730928432
0.31535,1.01041425183501,17.934334774436,0.782213231590779,4.99911730928432
0.3154,1.01041525072899,17.9590822278486,0.782213231590779,4.99911730928432
0.31545,1.01041632149657,17.9696891711695,0.782213231590779,4.99911730928432
0.3155,1.01041746473475,17.9936857490857,0.782213231590779,4.99911730928432
0.31555,1.01041868102329,18.0038235233769,0.782213231590779,4.99911730928432
0.3156,1.01041997092462,18.0270433135941,0.782213231590779,4.99911730928432
0.31565,1.01042133498365,18.0366947829358,0.782213231590779,4.99911730928432
0.3157,1.01042277372767,18.059112728026,0.782213231590779,4.99911730928432
0.31575,1.01042428766616,18.0682613543348,0.782213231590779,4.99911730928432
0.3158,1.01042587729072,18.0898532775906,0.782213231590779,4.99911730928432
0.31585,1.01042754307489,18.0984831386019,0.782213231590779,4.99911730928432
0.3159,1.01042928547403,18.1192257709164,0.782213231590779,4.99911730928432
0.31595,1.01043110492523,18.1273215753055,0.782213231590779,4.99911730928432
0.316,1.01043300184716,18.1471936987298,0.78213318846228,4.99916035861851
0.31605,1.01043497663995,18.1547408039993,0.78213318846228,4.99916035861851
0.3161,1.0104370293105,18.1737188099903,0.78213318846228,4.99916035861851
0.31615,1.01043916040886,18.1807032166933,0.78213318846228,4.99916035861851
0.3162,1.01044137065346,18.1987678391602,0.78213318846228,4.99916035861851
0.31625,1.01044366018195,18.205176216186,0.78213318846228,4.99916035861851
0.3163,1.01044602930015,18.2223080800337,0.78213318846228,4.99916035861851
0.31635,1.01044847829476,18.2281277742358,0.78213318846228,4.99916035861851
0.3164,1.01045100743323,18.2443085432967,0.78213318846228,4.99916035861851
0.31645,1.01045361696364,18.2495275801968,0.78213318846228,4.99916035861851
0.3165,1.01045630711468,18.2647399747945,0.78213318846228,4.99916035861851
0.31655,1.01045907809553,18.2693470687128,0.78213318846228,4.99916035861851
0.3166,1.01046193009577,18.2835748839957,0.78213318846228,4.99916035861851
0.31665,1.01046486328535,18.2875594468512,0.78213318846228,4.99916035861851
0.3167,1.01046787781449,18.300787567984,0.78213318846228,4.99916035861851
0.31675,1.01047097381363,18.3041397185103,0.78213318846228,4.99916035861851
0.3168,1.01047415139335,18.3163541328943,0.78213318846228,4.99916035861851
0.31685,1.01047741064436,18.3190647064404,0.78213318846228,4.99916035861851
0.3169,1.01048075163739,18.3302525128774,0.78213318846228,4.99916035861851
0.31695,1.01048417442318,18.3323130717401,0.78213318846228,4.99916035861851
0.317,1.01048767903242,18.3424635447866,0.78205229335097,4.9992013084119
0.31705,1.01049126547573,18.3438663935489,0.78205229335097,4.9992013084119
0.3171,1.01049493336505,18.3529667546815,0.78205229335097,4.9992013084119
0.31715,1.01049868286001,18.3537049339641,0.78205229335097,4.9992013084119
0.3172,1.01050251428934,18.3617466980612,0.78205229335097,4.9992013084119
0.31725,1.01050642739374,18.3618140149793,0.78205229335097,4.9992013084119
0.3173,1.010510422083,18.3687887645594,0.78205229335097,4.9992013084119
0.31735,1.01051449824665,18.3681797945411,0.78205229335097,4.9992013084119
0.3174,1.01051865575403,18.3740802325104,0.78205229335097,4.9992013084119
0.31745,1.01052289445422,18.3727903258229,0.78205229335097,4.9992013084119
0.3175,1.01052721417611,18.3776102727449,0.78205229335097,4.9992013084119
0.31755,1.01053161472833,18.3756355609381,0.78205229335097,4.9992013084119
0.3176,1.01053609589932,18.3793699524391,0.78205229335097,4.9992013084119
0.31765,1.01054065745733,18.3767073521542,0.78205229335097,4.9992013084119
0.3177,1.01054529915043,18.3793522363906,0.78205229335097,4.9992013084119
0.31775,1.01055002070656,18.3759994505719,0.78205229335097,4.9992013084119
0.3178,1.01055482183355,18.3775519858712,0.78205229335097,4.9992013084119
0.31785,1.01055970221913,18.3735075025952,0.78205229335097,4.9992013084119
0.3179,1.01056466153104,18.3739659554937,0.78205229335097,4.9992013084119
0.31795,1.010569699417,18.3692290438374,0.78205229335097,4.9992013084119
0.318,1.01057481550482,18.3685937905445,0.781970544906036,4.9992402610603
0.31805,1.01058000940242,18.3631644985594,0.781970544906036,4.9992402610603
0.3181,1.01058528031542,18.3614340154322,0.781970544906036,4.9992402610603
0.31815,1.01059062800343,18.355313144247,0.781970544906036,4.9992402610603
0.3182,1.01059605239767,18.3524900071425,0.781970544906036,4.9992402610603
0.31825,1.01060155283598,18.3456791256913,0.781970544906036,4.9992402610603
0.3183,1.01060712882797,18.3417660222561,0.781970544906036,4.9992402610603
0.31835,1.01061277986381,18.3342674395582,0.781970544906036,4.9992402610603
0.3184,1.01061850541434,18.3292681529476,0.781970544906036,4.9992402610603
0.31845,1.0106243049312,18.3210849106818,0.781970544906036,4.9992402610603
0.3185,1.01063017784687,18.3150043176939,0.781970544906036,4.9992402610603
0.31855,1.01063612357484,18.3061401765572,0.781970544906036,4.9992402610603
0.3186,1.01064214150972,18.2989842412698,0.781970544906036,4.9992402610603
0.31865,1.01064823102731,18.2894436689119,0.781970544906036,4.9992402610603
0.3187,1.01065439148478,18.2812194336584,0.781970544906036,4.9992402610603
0.31875,1.01066062222078,18.2710075933296,0.781970544906036,4.9992402610603
0.3188,1.01066692255559,18.2617231669995,0.781970544906036,4.9992402610603
0.31885,1.01067329179123,18.250845907587,0.781970544906036,4.9992402610603
0.3189,1.01067972921165,18.2405104507929,0.781970544906036,4.9992402610603
0.31895,1.01068623408285,18.2289742977272,0.781970544906036,4.9992402610603
0.319,1.01069280565308,18.2175989563211,0.781887937476637,4.99927731396561
0.31905,1.01069944315293,18.2054111080338,0.781887937476637,4.99927731396561
0.3191,1.01070614540911,18.1930051957152,0.781887937476637,4.99927731396561
0.31915,1.01071291181077,18.1801734992881,0.781887937476637,4.99927731396561
0.3192,1.0107197419232,18.1667501514942,0.781887937476637,4.99927731396561
0.31925,1.01072663471507,18.1532831267878,0.781887937476637,4.99927731396561
0.3193,1.01073358933158,18.1388555151952,0.781887937476637,4.99927731396561
0.31935,1.01074060490141,18.1247623257558,0.781887937476637,4.99927731396561
0.3194,1.01074768053692,18.109344554691,0.781887937476637,4.99927731396561
0.31945,1.01075481533439,18.0946350131183,0.781887937476637,4.99927731396561
0.3195,1.01076200837415,18.0782420974662,0.781887937476637,4.99927731396561
0.31955,1.01076925872091,18.0629266569938,0.781887937476637,4.99927731396561
0.3196,1.01077656542387,18.0455744943841,0.781887937476637,4.99927731396561
0.31965,1.01078392751702,18.0296642417264,0.781887937476637,4.99927731396561
0.3197,1.01079134401937,18.0113695845159,0.781887937476637,4.99927731396561
0.31975,1.01079881393513,17.9948762314217,0.781887937476637,4.99927731396561
0.3198,1.01080633625401,17.9756566596263,0.781887937476637,4.99927731396561
0.31985,1.01081390995146,17.9585925318515,0.781887937476637,4.99927731396561
0.3199,1.01082153398888,17.9384664277594,0.781887937476637,4.99927731396561
0.31995,1.01082920731392,17.9208444510516,0.781887937476637,4.99927731396561
0.32,1.01083692886072,17.899831877311,0.781804461352496,4.99931255977942
0.32005,1.0108446975502,17.8816655654899,0.781804461352496,4.99931255977942
0.3201,1.01085251189982,17.8597846437205,0.781804461352496,4.99931255977942
0.32015,1.01086037100006,17.8410880598932,0.781804461352496,4.99931255977942
0.3202,1.01086827412426,17.8183603261303,0.781804461352496,4.99931255977942
0.32025,1.01087621994789,17.7991480947669,0.781804461352496,4.99931255977942
0.3203,1.01088420732981,17.7755949287706,0.781804461352496,4.99931255977942
0.32035,1.01089223511735,17.7558821808533,0.781804461352496,4.99931255977942
0.3204,1.01090030214659,17.7315256548487,0.781804461352496,4.99931255977942
0.32045,1.01090840724266,17.7113280164378,0.781804461352496,4.99931255977942
0.3205,1.01091654922005,17.6861908869272,0.781804461352496,4.99931255977942
0.32055,1.01092472688292,17.665524447761,0.781804461352496,4.99931255977942
0.3206,1.01093293902539,17.6396301399555,0.781804461352496,4.99931255977942
0.32065,1.0109411844319,17.6185114252859,0.781804461352496,4.99931255977942
0.3207,1.01094946187751,17.5918840165182,0.781804461352496,4.99931255977942
0.32075,1.01095777012819,17.5703299596088,0.781804461352496,4.99931255977942
0.3208,1.01096610794121,17.542994161531,0.781804461352496,4.99931255977942
0.32085,1.01097447406545,17.5210220764843,0.781804461352496,4.99931255977942
0.3209,1.01098286724168,17.4930032165559,0.781804461352496,4.99931255977942
0.32095,1.010991286203,17.470630772446,0.781804461352496,4.99931255977942
0.321,1.01099972967507,17.441955628469,0.781720103417014,4.9993460866346
0.32105,1.01100819637656,17.4192008307906,0.781720103417014,4.9993460866346
0.3211,1.01101668462485,17.3898941905516,0.781720103417014,4.9993460866346
0.32115,1.01102519332284,17.3667753403313,0.781720103417014,4.9993460866346
0.3212,1.01103372156469,17.3368650714298,0.781720103417014,4.9993460866346
0.32125,1.01104226784709,17.313400783594,0.781720103417014,4.9993460866346
0.3213,1.01105083085875,17.2829144410084,0.781720103417014,4.9993460866346
0.32135,1.01105940928344,17.2591235948657,0.781720103417014,4.9993460866346
0.3214,1.01106800180037,17.228089201913,0.781720103417014,4.9993460866346
0.32145,1.01107660708457,17.20399094619,0.781720103417014,4.9993460866346
0.3215,1.01108522380723,17.1724369683507,0.781720103417014,4.9993460866346
0.32155,1.01109385063608,17.1480507058518,0.781720103417014,4.9993460866346
0.3216,1.01110248623578,17.1160060124252,0.781720103417014,4.9993460866346
0.32165,1.01111112926825,17.0913513919635,0.781720103417014,4.9993460866346
0.3217,1.01111977839308,17.0588452162423,0.781720103417014,4.9993460866346
0.32175,1.01112843226786,17.0339421243165,0.781720103417014,4.9993460866346
0.3218,1.01113708954862,17.0010040234971,0.781720103417014,4.9993460866346
0.32185,1.01114574889014,16.9758725770508,0.781720103417014,4.9993460866346
0.3219,1.0111544089464,16.9425323918073,0.781720103417014,4.9993460866346
0.32195,1.01116306837086,16.9171929301654,0.781720103417014,4.9993460866346
0.322,1.01117172581695,16.8834815589446,0.781634848159788,4.99937797836575
0.32205,1.01118037993837,16.8579546393288,0.781634848159788,4.99937797836575
0.3221,1.01118902899082,16.823900754346,0.781634848159788,4.99937797836575
0.32215,1.01119767182907,16.798207120311,0.781634848159788,4.99937797836575
0.3222,1.01120630750869,16.7638419734173,0.781634848159788,4.99937797836575
0.32225,1.01121493448903,16.7380025785816,0.781634848159788,4.99937797836575
0.3223,1.01122355143098,16.7033567775852,0.781634848159788,4.99937797836575
0.32235,1.01123215699801,16.6773927342151,0.781634848159788,4.99937797836575
0.3224,1.01124074985655,16.6424969840151,0.781634848159788,4.99937797836575
0.32245,1.01124932867637,16.6164295616376,0.781634848159788,4.99937797836575
0.3225,1.01125789213096,16.5813146475515,0.781634848159788,4.99937797836575
0.32255,1.01126643889791,16.5551652465039,0.781634848159788,4.99937797836575
0.3226,1.01127496765927,16.5198620099301,0.781634848159788,4.99937797836575
0.32265,1.01128347710196,16.4936521370676,0.781634848159788,4.99937797836575
0.3227,1.0112919659181,16.4581914544545,0.781634848159788,4.99937797836575
0.32275,1.01130043280543,16.4319426955933,0.781634848159788,4.99937797836575
0.3228,1.01130887646764,16.3963554600149,0.781634848159788,4.99937797836575
0.32285,1.01131729561479,16.3700894512663,0.781634848159788,4.99937797836575
0.3229,1.01132568896362,16.3344065550035,0.781634848159788,4.99937797836575
0.32295,1.01133405523795,16.3081449531611,0.781634848159788,4.99937797836575
0.323,1.01134239316906,16.2723980459777,0.781548678952131,4.99940831471883
0.32305,1.01135070149602,16.2461625032805,0.781548678952131,4.99940831471883
0.3231,1.01135897856319,16.2103808870525,0.781548678952131,4.99940831471883
0.32315,1.01136722332776,16.1841930017208,0.781548678952131,4.99940831471883
0.3232,1.01137543495727,16.1484082210271,0.781548678952131,4.99940831471883
0.32325,1.01138361202413,16.1222895455086,0.781548678952131,4.99940831471883
0.3233,1.01139175331179,16.0865323327205,0.781548678952131,4.99940831471883
0.32335,1.01139985761363,16.0605043141519,0.781548678952131,4.99940831471883
0.3234,1.01140792373329,16.0248053038213,0.781548678952131,4.99940831471883
0.32345,1.01141595048503,15.9988892772014,0.781548678952131,4.99940831471883
0.3235,1.01142393669405,15.9632789934174,0.781548678952131,4.99940831471883
0.32355,1.01143188119684,15.93749615679,0.781548678952131,4.99940831471883
0.3236,1.0114397828415,15.9020049881931,0.781548678952131,4.99940831471883
0.32365,1.01144764048807,15.8763763852983,0.781548678952131,4.99940831471883
0.3237,1.01145545300885,15.8410345579093,0.781548678952131,4.99940831471883
0.32375,1.01146321928874,15.8155810630282,0.781548678952131,4.99940831471883
0.3238,1.0114709382255,15.7804186110016,0.781548678952131,4.99940831471883
0.32385,1.01147860873012,15.7551609169892,0.781548678952131,4.99940831471883
0.3239,1.0114862297271,15.7202076508297,0.781548678952131,4.99940831471883
0.32395,1.01149380015476,15.6951662593759,0.781548678952131,4.99940831471883
0.324,1.01150131896551,15.6604524710973,0.781461579453023,4.9994371715505
0.32405,1.0115087851262,15.6356476885444,0.781461579453023,4.9994371715505
0.3241,1.01151619721117,15.6012011744663,0.781461579453023,4.9994371715505
0.32415,1.01152355442051,15.576653085486,0.781461579453023,4.9994371715505
0.3242,1.01153085617315,15.5425035053287,0.781461579453023,4.9994371715505
0.32425,1.01153810129278,15.5182319993495,0.781461579453023,4.9994371715505
0.3243,1.01154528882248,15.4844079427905,0.781461579453023,4.9994371715505
0.32435,1.0115524178214,15.4604326776986,0.781461579453023,4.9994371715505
0.3244,1.01155948736498,15.4269623369979,0.781461579453023,4.9994371715505
0.32445,1.01156649654525,15.4033027449125,0.781461579453023,4.9994371715505
0.3245,1.01157344447106,15.3702138916929,0.781461579453023,4.9994371715505
0.32455,1.0115803302683,15.3468891661171,0.781461579453023,4.9994371715505
0.3246,1.01158715308016,15.314209123167,0.781461579453023,4.9994371715505
0.32465,1.01159391206737,15.291238207397,0.781461579453023,4.9994371715505
0.3247,1.0116006064084,15.2589938235916,0.781461579453023,4.9994371715505
0.32475,1.01160723529967,15.2363953968079,0.781461579453023,4.9994371715505
0.3248,1.0116137979558,15.2046130243237,0.781461579453023,4.9994371715505
0.32485,1.0116202936098,15.1824054858232,0.781461579453023,4.9994371715505
0.3249,1.01162672151324,15.1511109603702,0.781461579453023,4.9994371715505
0.32495,1.01163308093651,15.129312411534,0.781461579453023,4.9994371715505
0.325,1.01163937116893,15.0985317387504,0.781373534991386,4.99946462101789
0.32505,1.011645591519,15.0771599675809,0.781373534991386,4.99946462101789
0.3251,1.01165174090302,15.04691649902,0.781373534991386,4.99946462101789
0.32515,1.01165781887405,15.0259889406649,0.781373534991386,4.99946462101789
0.3252,1.01166382521063,14.9963075587433,0.781373534991386,4.99946462101789
0.32525,1.01166975909378,14.9758413013726,0.781373534991386,4.99946462101789
0.3253,1.01167561993025,14.9467456288591,0.781373534991386,4.99946462101789
0.32535,1.01168140714694,14.926757369692,0.781373534991386,4.99946462101789
0.3254,1.01168712019096,14.8982704394862,0.781373534991386,4.99946462101789
0.32545,1.01169275852982,14.8787764713452,0.781373534991386,4.99946462101789
0.3255,1.01169832165154,14.8509207197639,0.781373534991386,4.99946462101789
0.32555,1.01170380906475,14.8319369078637,0.781373534991386,4.99946462101789
0.3256,1.01170922029881,14.8047341630628,0.781373534991386,4.99946462101789
0.32565,1.01171455490395,14.7862759248845,0.781373534991386,4.99946462101789
0.3257,1.01171981245129,14.7597473944137,0.781373534991386,4.99946462101789
0.32575,1.01172499253302,14.741829681516,0.781373534991386,4.99946462101789
0.3258,1.01173009476242,14.7159959383812,0.781373534991386,4.99946462101789
0.32585,1.01173511877395,14.6986332203089,0.781373534991386,4.99946462101789
0.3259,1.01174006422337,14.6735141878302,0.781373534991386,4.99946462101789
0.32595,1.01174493078772,14.6567204379517,0.781373534991386,4.99946462101789
0.326,1.01174971816545,14.6323360448839,0.781284533769396,4.99949073175896
0.32605,1.01175442607645,14.616124732896,0.781284533769396,4.99949073175896
0.3261,1.0117590538461,14.5924922114007,0.781284533769396,4.99949073175896
0.32615,1.01176360144529,14.5768762769101,0.781284533769396,4.99949073175896
0.3262,1.01176806907439,14.5540141617606,0.781284533769396,4.99949073175896
0.32625,1.01177245633141,14.5390060271571,0.781284533769396,4.99949073175896
0.3263,1.01177676304397,14.5169314674163,0.781284533769396,4.99949073175896
0.32635,1.01178098906124,14.5025430185117,0.781284533769396,4.99949073175896
0.3264,1.01178513425403,14.4812724189554,0.781284533769396,4.99949073175896
0.32645,1.01178919851475,14.4675150009598,0.781284533769396,4.99949073175896
0.3265,1.01179318175742,14.4470640043726,0.781284533769396,4.99949073175896
0.32655,1.01179708391762,14.433948414792,0.781284533769396,4.99949073175896
0.3266,1.01180090495251,14.4143318835763,0.781284533769396,4.99949073175896
0.32665,1.01180464484079,14.4018683652207,0.781284533769396,4.99949073175896
0.3267,1.01180830358264,14.3831003644075,0.781284533769396,4.99949073175896
0.32675,1.01181188119973,14.3712985977253,0.781284533769396,4.99949073175896
0.3268,1.01181537773513,14.3533923796111,0.781284533769396,4.99949073175896
0.32685,1.01181879325328,14.3422614739363,0.781284533769396,4.99949073175896
0.3269,1.01182212783992,14.3252294647766,0.781284533769396,4.99949073175896
0.32695,1.01182538160204,14.3147779482709,0.781284533769396,4.99949073175896
0.327,1.01182855466779,14.2986323787398,0.781194567752419,4.99951556906416
0.32705,1.01183164718642,14.2888681914419,0.781194567752419,4.99951556906416
0.3271,1.01183465890776,14.2736185209239,0.781194567752419,4.99951556906416
0.32715,1.0118375902332,14.264548987736,0.781194567752419,4.99951556906416
0.3272,1.0118404417952,14.250205748075,0.781194567752419,4.99951556906416
0.32725,1.01184321361628,14.241837579576,0.781194567752419,4.99951556906416
0.3273,1.01184590594979,14.2284098013273,0.781194567752419,4.99951556906416
0.32735,1.01184851906962,14.2207490778627,0.781194567752419,4.99951556906416
0.3274,1.01185105327004,14.2082449310089,0.781194567752419,4.99951556906416
0.32745,1.01185350886558,14.2012970842674,0.781194567752419,4.99951556906416
0.3275,1.01185588619093,14.1897238737889,0.781194567752419,4.99951556906416
0.32755,1.0118581856008,14.1834936737617,0.781194567752419,4.99951556906416
0.3276,1.01186040746976,14.1728578372386,0.781194567752419,4.99951556906416
0.32765,1.0118625521921,14.1673493789447,0.781194567752419,4.99951556906416
0.3277,1.01186462018173,14.1576564841193,0.781194567752419,4.99951556906416
0.32775,1.01186661187196,14.152873175646,0.781194567752419,4.99951556906416
0.3278,1.01186852771537,14.1441279176737,0.781194567752419,4.99951556906416
0.32785,1.01187036818366,14.1400724698559,0.781194567752419,4.99951556906416
0.3279,1.01187213376746,14.1322786674552,0.781194567752419,4.99951556906416
0.32795,1.01187382497619,14.1289530857393,0.781194567752419,4.99951556906416
0.328,1.01187544233784,14.1221142895472,0.781103633151082,4.99953919503969
0.32805,1.0118769863988,14.1195198722985,0.781103633151082,4.99953919503969
0.3281,1.01187845729876,14.1136369031888,0.781103633151082,4.99953919503969
0.32815,1.01187985583286,14.1117742255136,0.781103633151082,4.99953919503969
0.3282,1.01188118302654,14.1068488606294,0.781103633151082,4.99953919503969
0.32825,1.01188243928546,14.1057177801663,0.781103633151082,4.99953919503969
0.3283,1.01188362524521,14.1017502704412,0.781103633151082,4.99953919503969
0.32835,1.01188474155859,14.1013499364124,0.781103633151082,4.99953919503969
0.3284,1.01188578889543,14.0983396277807,0.781103633151082,4.99953919503969
0.32845,1.01188676794237,14.098668472261,0.781103633151082,4.99953919503969
0.3285,1.01188767940263,14.0966137924537,0.781103633151082,4.99953919503969
0.32855,1.01188852399581,14.0976695364408,0.781103633151082,4.99953919503969
0.3286,1.01188930245765,14.096567986982,0.781103633151082,4.99953919503969
0.32865,1.01189001553979,14.0983476441351,0.781103633151082,4.99953919503969
0.3287,1.01189066400959,14.0981957939611,0.781103633151082,4.99953919503969
0.32875,1.01189124864981,14.1006956741175,0.781103633151082,4.99953919503969
0.3288,1.01189177025847,14.1014891544568,0.781103633151082,4.99953919503969
0.32885,1.01189222964853,14.1047048673427,0.781103633151082,4.99953919503969
0.3289,1.01189262764769,14.1064383684136,0.781103633151082,4.99953919503969
0.32895,1.01189296509814,14.1103648259883,0.781103633151082,4.99953919503969
0.329,1.01189324285627,14.1130326827686,0.781011730452753,4.9995616687628
0.32905,1.01189346179249,14.1176641043489,0.781011730452753,4.9995616687628
0.3291,1.01189362236145,14.1212579493492,0.781011730452753,4.9995616687628
0.32915,1.01189372567548,14.1265878509996,0.781011730452753,4.9995616687628
0.3292,1.01189377307484,14.1311001608596,0.781011730452753,4.9995616687628
0.32925,1.01189376526856,14.1371213544956,0.781011730452753,4.9995616687628
0.3293,1.01189370319306,14.1425430756975,0.781011730452753,4.9995616687628
0.32935,1.01189358779722,14.1492476832103,0.781011730452753,4.9995616687628
0.3294,1.01189342004206,14.1555688572223,0.781011730452753,4.9995616687628
0.32945,1.01189320090046,14.1629482900349,0.781011730452753,4.9995616687628
0.3295,1.01189293135696,14.1701580597262,0.781011730452753,4.9995616687628
0.32955,1.0118926124074,14.1782030183533,0.781011730452753,4.9995616687628
0.3296,1.01189224505872,14.186289643802,0.781011730452753,4.9995616687628
0.32965,1.01189183032862,14.1949901130114,0.781011730452753,4.9995616687628
0.3297,1.01189136924535,14.2039409895117,0.781011730452753,4.9995616687628
0.32975,1.01189086284737,14.2132862338281,0.781011730452753,4.9995616687628
0.3298,1.01189031218311,14.223087910201,0.781011730452753,4.9995616687628
0.32985,1.01188971831067,14.2330664715842,0.781011730452753,4.9995616687628
0.3299,1.01188908229753,14.2437046682441,0.781011730452753,4.9995616687628
0.32995,1.0118884052203,14.2543043648449,0.781011730452753,4.9995616687628
0.33,1.01188768816442,14.2657645522426,0.780918864014184,4.9995830464295
0.33005,1.01188693222385,14.2769724836875,0.780918864014184,4.9995830464295
0.3301,1.01188613806684,14.2892376516698,0.780918864014184,4.9995830464295
0.33015,1.01188530702058,14.301040195917,0.780918864014184,4.9995830464295
0.3302,1.0118844406369,14.3140942623048,0.780918864014184,4.9995830464295
0.33025,1.01188353982411,14.3264770788162,0.780918864014184,4.9995830464295
0.3303,1.01188260571456,14.3403026119027,0.780918864014184,4.9995830464295
0.33035,1.01188163944745,14.3532506776919,0.780918864014184,4.9995830464295
0.3304,1.0118806421685,14.3678295050181,0.780918864014184,4.9995830464295
0.33045,1.01187961502968,14.3813271093309,0.780918864014184,4.9995830464295
0.3305,1.01187855918888,14.3966403182445,0.780918864014184,4.9995830464295
0.33055,1.0118774758097,14.4106710867787,0.780918864014184,4.9995830464295
0.3306,1.01187636606105,14.4266990337534,0.780918864014184,4.9995830464295
0.33065,1.01187523111698,14.4412459502894,0.780918864014184,4.9995830464295
0.3307,1.01187407215628,14.4579682695989,0.780918864014184,4.9995830464295
0.33075,1.01187289036229,14.473013700176,0.780918864014184,4.9995830464295
0.3308,1.01187168692252,14.4904093120498,0.780918864014184,4.9995830464295
0.33085,1.01187046302844,14.5059350313865,0.780918864014184,4.9995830464295
0.3309,1.01186921987513,14.5239821505174,0.780918864014184,4.9995830464295
0.33095,1.01186795866103,14.5399693688736,0.780918864014184,4.9995830464295
0.331,1.01186668058764,14.5586460486794,0.780825041275214,4.99960338149509
0.33105,1.01186538685922,14.575075443018,0.780825041275214,4.99960338149509
0.3311,1.01186407824408,14.5943574402515,0.780825041275214,4.99960338149509
0.33115,1.01186275617039,14.6112091747022,0.780825041275214,4.99960338149509
0.3312,1.01186142228746,14.631073209434,0.780825041275214,4.99960338149509
0.33125,1.01186007758857,14.6483269531412,0.780825041275214,4.99960338149509
0.3313,1.01185872328753,14.6687485280937,0.780825041275214,4.99960338149509
0.33135,1.01185736059926,14.6863835081248,0.780825041275214,4.99960338149509
0.3314,1.0118559907394,14.7073375062688,0.780825041275214,4.99960338149509
0.33145,1.01185461492413,14.7253325070852,0.780825041275214,4.99960338149509
0.3315,1.01185323436983,14.7467932047617,0.780825041275214,4.99960338149509
0.33155,1.0118518502928,14.7651265946958,0.780825041275214,4.99960338149509
0.3316,1.011850463909,14.7870676906767,0.780825041275214,4.99960338149509
0.33165,1.01184907643378,14.8057174398745,0.780825041275214,4.99960338149509
0.3317,1.01184768908157,14.8281120876883,0.780825041275214,4.99960338149509
0.33175,1.01184630306563,14.8470557848798,0.780825041275214,4.99960338149509
0.3318,1.01184491959777,14.8698766282848,0.780825041275214,4.99960338149509
0.33185,1.01184353988807,14.889091495866,0.780825041275214,4.99960338149509
0.3319,1.0118421651446,14.9123107076434,0.780825041275214,4.99960338149509
0.33195,1.01184079657319,14.9317736150851,0.780825041275214,4.99960338149509
0.332,1.01183943537711,14.9553634469465,0.780730271688939,4.99962272480782
0.33205,1.0118380827568,14.9750509282838,0.780730271688939,4.99962272480782
0.3321,1.01183673946679,14.9989817046818,0.780730271688939,4.99962272480782
0.33215,1.01183540692254,15.018869967389,0.780730271688939,4.99962272480782
0.3322,1.01183408675738,15.0431132255211,0.780730271688939,4.99962272480782
0.33225,1.01183277993643,15.0631781560307,0.780730271688939,4.99962272480782
0.3323,1.01183148764211,15.0877045874594,0.780730271688939,4.99962272480782
0.33235,1.01183021105248,15.1079217981987,0.780730271688939,4.99962272480782
0.3324,1.0118289513409,15.132701842927,0.780730271688939,4.99962272480782
0.33245,1.01182770967586,15.15304666866,0.780730271688939,4.99962272480782
0.3325,1.01182648722066,15.178050542285,0.780730271688939,4.99962272480782
0.33255,1.01182528513319,15.1984980695005,0.780730271688939,4.99962272480782
0.3326,1.01182410456567,15.2236958004463,0.780730271688939,4.99962272480782
0.33265,1.01182294666439,15.24422089363,0.780730271688939,4.99962272480782
0.3327,1.01182181256946,15.2695823577099,0.780730271688939,4.99962272480782
0.33275,1.01182070341459,15.2901596894539,0.780730271688939,4.99962272480782
0.3328,1.01181962032681,15.3156546415072,0.780730271688939,4.99962272480782
0.33285,1.01181856442622,15.3362587259495,0.780730271688939,4.99962272480782
0.3329,1.01181753682579,15.3618568297408,0.780730271688939,4.99962272480782
0.33295,1.0118165386311,15.3824620581734,0.780730271688939,4.99962272480782
0.333,1.01181557094006,15.4081333985807,0.780634565484122,4.99964112473607
0.33305,1.01181463484274,15.4287140820361,0.780634565484122,4.99964112473607
0.3331,1.01181373097382,15.4544272404925,0.780634565484122,4.99964112473607
0.33315,1.01181286063053,15.4749576453449,0.780634565484122,4.99964112473607
0.3332,1.01181202532519,15.5006826734884,0.780634565484122,4.99964112473607
0.33325,1.01181122589039,15.521137053493,0.780634565484122,4.99964112473607
0.3333,1.01181046337333,15.5468434981678,0.780634565484122,4.99964112473607
0.33335,1.01180973881193,15.5671961654461,0.780634565484122,4.99964112473607
0.3334,1.01180905323466,15.5928536180521,0.780634565484122,4.99964112473607
0.33345,1.01180840766027,15.6130789624397,0.780634565484122,4.99964112473607
0.3335,1.01180780309756,15.6386570731911,0.780634565484122,4.99964112473607
0.33355,1.01180724054523,15.6587296088548,0.780634565484122,4.99964112473607
0.3336,1.01180672099158,15.6841981134399,0.780634565484122,4.99964112473607
0.33365,1.01180624541435,15.7040925175626,0.780634565484122,4.99964112473607
0.3337,1.0118058147805,15.7294212655852,0.780634565484122,4.99964112473607
0.33375,1.01180543004596,15.7491124151669,0.780634565484122,4.99964112473607
0.3338,1.01180509215548,15.7742714008287,0.780634565484122,4.99964112473607
0.33385,1.0118048020424,15.7937344063936,0.780634565484122,4.99964112473607
0.3339,1.01180456062841,15.8186938022317,0.780634565484122,4.99964112473607
0.33395,1.01180436882342,15.837904038033,0.780634565484122,4.99964112473607
0.334,1.01180422752529,15.8626346919755,0.780537932381829,4.99965862728922
0.33405,1.01180413761967,15.881567827185,0.780537932381829,4.99965862728922
0.3341,1.01180409952819,15.9060394473835,0.780537932381829,4.99965862728922
0.33415,1.01180411433731,15.9246714664917,0.780537932381829,4.99965862728922
0.3342,1.01180418334645,15.9488554602438,0.780537932381829,4.99965862728922
0.33425,1.01180430716467,15.967162678101,0.780537932381829,4.99965862728922
0.3343,1.01180448661364,15.991030300541,0.780537932381829,4.99965862728922
0.33435,1.0118047225017,16.0089894068367,0.780537932381829,4.99965862728922
0.3344,1.01180501562362,16.0325122966213,0.780537932381829,4.99965862728922
0.33445,1.01180536676047,16.0501003568869,0.780537932381829,4.99965862728922
0.3345,1.01180577667944,16.0732505693228,0.780537932381829,4.99965862728922
0.33455,1.01180624613362,16.0904450483839,0.780537932381829,4.99965862728922
0.3346,1.0118067758619,16.1131950962799,0.780537932381829,4.99965862728922
0.33465,1.01180736658872,16.1299738775523,0.780537932381829,4.99965862728922
0.3347,1.01180801902397,16.1522967704542,0.780537932381829,4.99965862728922
0.33475,1.01180873386279,16.1686381752703,0.780537932381829,4.99965862728922
0.3348,1.01180951178543,16.1905074570234,0.780537932381829,4.99965862728922
0.33485,1.01181035345706,16.2063902651234,0.780537932381829,4.99965862728922
0.3349,1.01181125952765,16.2277800486161,0.780537932381829,4.99965862728922
0.33495,1.01181223063179,16.243183519502,0.780537932381829,4.99965862728922
0.335,1.01181326738854,16.2640689563433,0.780440380383722,4.99967527623279
0.33505,1.0118143704013,16.2789728553535,0.780440380383722,4.99967527623279
0.3351,1.01181553980176,16.2993284076093,0.780440380383722,4.99967527623279
0.33515,1.01181677638949,16.313713025034,0.780440380383722,4.99967527623279
0.3352,1.01181808117592,16.3335151393542,0.780440380383722,4.99967527623279
0.33525,1.01181945447238,16.3473613133454,0.780440380383722,4.99967527623279
0.3353,1.01182089680179,16.3665866600615,0.780440380383722,4.99967527623279
0.33535,1.01182240867057,16.3798758192815,0.780440380383722,4.99967527623279
0.3354,1.0118239905685,16.3985017726495,0.780440380383722,4.99967527623279
0.33545,1.01182564296862,16.4112159503419,0.780440380383722,4.99967527623279
0.3355,1.01182736632709,16.4292206004194,0.780440380383722,4.99967527623279
0.33555,1.01182916108307,16.4413424649185,0.780440380383722,4.99967527623279
0.3356,1.01183102765862,16.4587046337652,0.780440380383722,4.99967527623279
0.33565,1.01183296645855,16.4702175156064,0.780440380383722,4.99967527623279
0.3357,1.01183497787037,16.4869167721695,0.780440380383722,4.99967527623279
0.33575,1.01183706226414,16.4978046895787,0.780440380383722,4.99967527623279
0.3358,1.01183921999236,16.5138213643972,0.780440380383722,4.99967527623279
0.33585,1.01184145138992,16.5240690470652,0.780440380383722,4.99967527623279
0.3359,1.01184375677394,16.5393842466436,0.780440380383722,4.99967527623279
0.33595,1.01184613644374,16.5489771572185,0.780440380383722,4.99967527623279
0.336,1.0118485906807,16.5635731939297,0.780341914737867,4.99969111319779
0.33605,1.01185111974821,16.5724975493713,0.780341914737867,4.99969111319779
0.3361,1.0118537234314,16.5863562931915,0.780341914737867,4.99969111319779
0.33615,1.0118564021875,16.5945990745852,0.780341914737867,4.99969111319779
0.3362,1.01185915668553,16.6077044690096,0.780341914737867,4.99969111319779
0.33625,1.011861986886,16.6152534377006,0.780341914737867,4.99969111319779
0.3363,1.0118648929611,16.6275898422224,0.780341914737867,4.99969111319779
0.33635,1.0118678750646,16.6344335562713,0.780341914737867,4.99969111319779
0.3364,1.01187093333174,16.645986188009,0.780341914737867,4.99969111319779
0.33645,1.01187406787921,16.6521140032572,0.780341914737867,4.99969111319779
0.3365,1.01187727880509,16.6628689509618,0.780341914737867,4.99969111319779
0.33655,1.01188056618881,16.6682710283113,0.780341914737867,4.99969111319779
0.3366,1.01188393009108,16.6782152691114,0.780341914737867,4.99969111319779
0.33665,1.01188737055386,16.682882578287,0.780341914737867,4.99969111319779
0.3367,1.01189088760036,16.6920039936215,0.780341914737867,4.99969111319779
0.33675,1.01189448123494,16.6959283156141,0.780341914737867,4.99969111319779
0.3368,1.01189815144314,16.7042157060442,0.780341914737867,4.99969111319779
0.33685,1.01190189819163,16.7073896346143,0.780341914737867,4.99969111319779
0.3369,1.01190572142819,16.7148327328528,0.780341914737867,4.99969111319779
0.33695,1.0119096210817,16.717249675773,0.780341914737867,4.99969111319779
0.337,1.01191359706213,16.7238395511871,0.780242537171893,4.9997061777849
0.33705,1.01191764926054,16.7254937335787,0.780242537171893,4.9997061777849
0.3371,1.01192177708467,16.7312212272131,0.780242537171893,4.9997061777849
0.33715,1.01192598061993,16.7321076857344,0.780242537171893,4.9997061777849
0.3372,1.01193026016498,16.7369657719712,0.780242537171893,4.9997061777849
0.33725,1.01193461530304,16.7370803662262,0.780242537171893,4.9997061777849
0.3373,1.0119390458306,16.7410625897246,0.780242537171893,4.9997061777849
0.33735,1.01194355152529,16.7404020005688,0.780242537171893,4.9997061777849
0.3374,1.01194813214592,16.7435028649299,0.780242537171893,4.9997061777849
0.33745,1.01195278743246,16.7420645981791,0.780242537171893,4.9997061777849
0.3375,1.0119575171061,16.744279564175,0.780242537171893,4.9997061777849
0.33755,1.01196232086929,16.742061953764,0.780242537171893,4.9997061777849
0.3376,1.01196719840579,16.7433874346613,0.780242537171893,4.9997061777849
0.33765,1.01197214938069,16.7403896459167,0.780242537171893,4.9997061777849
0.3377,1.01197717344048,16.740823000889,0.780242537171893,4.9997061777849
0.33775,1.01198227021312,16.737045033251,0.780242537171893,4.9997061777849
0.3378,1.01198743930808,16.7365845596759,0.780242537171893,4.9997061777849
0.33785,1.01199268031642,16.7320272482538,0.780242537171893,4.9997061777849
0.3379,1.01199799281084,16.7306721731309,0.780242537171893,4.9997061777849
0.33795,1.01200337634579,16.7253371887019,0.780242537171893,4.9997061777849
0.338,1.01200883045752,16.7230880331905,0.780142245463343,4.99972050766342
0.33805,1.01201435466419,16.716977882151,0.780142245463343,4.99972050766342
0.3381,1.01201994799733,16.7138349653306,0.780142245463343,4.99972050766342
0.33815,1.01202561017349,16.7069529766571,0.780142245463343,4.99972050766342
0.3382,1.0120313411257,16.7029186262995,0.780142245463343,4.99972050766342
0.33825,1.01203714006635,16.6952689604288,0.780142245463343,4.99972050766342
0.3383,1.01204300642455,16.6903460432783,0.780142245463343,4.99972050766342
0.33835,1.01204893961195,16.6819336677178,0.780142245463343,4.99972050766342
0.3384,1.01205493902281,16.6761259372623,0.780142245463343,4.99972050766342
0.33845,1.01206100403416,16.6669566217311,0.780142245463343,4.99972050766342
0.3385,1.01206713400593,16.6602687173717,0.780142245463343,4.99972050766342
0.33855,1.01207332828108,16.6503490169184,0.780142245463343,4.99972050766342
0.3386,1.01207958618574,16.6427864591656,0.780142245463343,4.99972050766342
0.33865,1.01208590702934,16.6321236971839,0.780142245463343,4.99972050766342
0.3387,1.0120922901048,16.6236928833076,0.780142245463343,4.99972050766342
0.33875,1.01209873468865,16.6122951329541,0.780142245463343,4.99972050766342
0.3388,1.01210524004119,16.6030033323798,0.780142245463343,4.99972050766342
0.33885,1.01211180540668,16.590879396462,0.780142245463343,4.99972050766342
0.3389,1.01211843001348,16.5807347457527,0.780142245463343,4.99972050766342
0.33895,1.01212511307425,16.5678941362979,0.780142245463343,4.99972050766342
0.339,1.01213185378612,16.556905986491,0.780041033392334,4.99973413866553
0.33905,1.01213865133087,16.5433589062289,0.780041033392334,4.99973413866553
0.3391,1.01214550440226,16.5315364074131,0.780041033392334,4.99973413866553
0.33915,1.01215241238839,16.5172937201038,0.780041033392334,4.99973413866553
0.3392,1.012159374899,16.5046479011985,0.780041033392334,4.99973413866553
0.33925,1.01216639081999,16.4897211345659,0.780041033392334,4.99973413866553
0.3393,1.01217345925934,16.4762635232048,0.780041033392334,4.99973413866553
0.33935,1.01218057931087,16.4606648284749,0.780041033392334,4.99973413866553
0.3394,1.0121877500545,16.4464077572103,0.780041033392334,4.99973413866553
0.33945,1.01219497055643,16.4301499072795,0.780041033392334,4.99973413866553
0.3395,1.0122022398694,16.415106502173,0.780041033392334,4.99973413866553
0.33955,1.01220955703289,16.3982028747301,0.780041033392334,4.99973413866553
0.3396,1.01221692107337,16.3823870330345,0.780041033392334,4.99973413866553
0.33965,1.01222433100455,16.3648515990775,0.780041033392334,4.99973413866553
0.3397,1.01223178582761,16.3482779643912,0.780041033392334,4.99973413866553
0.33975,1.01223928453145,16.3301252783493,0.780041033392334,4.99973413866553
0.3398,1.01224682609295,16.312809213565,0.780041033392334,4.99973413866553
0.33985,1.01225440947721,16.2940544037534,0.780041033392334,4.99973413866553
0.3399,1.01226203363783,16.2760119626407,0.780041033392334,4.99973413866553
0.33995,1.01226969751718,16.2566707224477,0.780041033392334,4.99973413866553
0.34,1.01227740004664,16.2379189556551,0.779938891090758,4.99974710487581
0.34005,1.01228514014688,16.2180075367046,0.779938891090758,4.99974710487581
0.3401,1.01229291625104,16.1985631293046,0.779938891090758,4.99974710487581
0.34015,1.01230072749781,16.1780983204291,0.779938891090758,4.99974710487581
0.3402,1.01230857325458,16.1579795349254,0.779938891090758,4.99974710487581
0.34025,1.01231645216346,16.1369786766369,0.779938891090758,4.99974710487581
0.3403,1.01232436309585,16.1162040437321,0.779938891090758,4.99974710487581
0.34035,1.01233230491418,16.0946849846463,0.779938891090758,4.99974710487581
0.3404,1.01234027647218,16.0732735716369,0.779938891090758,4.99974710487581
0.34045,1.0123482766152,16.0512546703984,0.779938891090758,4.99974710487581
0.3405,1.01235630418052,16.0292260665117,0.779938891090758,4.99974710487581
0.34055,1.01236435799761,16.0067261682657,0.779938891090758,4.99974710487581
0.3406,1.01237243688853,15.9841004623059,0.779938891090758,4.99974710487581
0.34065,1.01238053966816,15.961138876934,0.779938891090758,4.99974710487581
0.3407,1.01238866514456,15.9379366374221,0.779938891090758,4.99974710487581
0.34075,1.01239681211927,15.9145331148324,0.779938891090758,4.99974710487581
0.3408,1.01240497938767,15.8907753729717,0.779938891090758,4.99974710487581
0.34085,1.01241316573924,15.8669500751983,0.779938891090758,4.99974710487581
0.3409,1.01242136995796,15.8426583096602,0.779938891090758,4.99974710487581
0.34095,1.01242959082257,15.8184317812068,0.779938891090758,4.99974710487581
0.341,1.01243782710696,15.7936282230529,0.77983580576542,4.99975943871656
0.34105,1.01244607758049,15.7690213614967,0.77983580576542,4.99975943871656
0.3411,1.01245434052682,15.7437277187855,0.77983580576542,4.99975943871656
0.34115,1.01246261494798,15.718761730424,0.77983580576542,4.99975943871656
0.3412,1.01247090008318,15.6930010411324,0.77983580576542,4.99975943871656
0.34125,1.01247919444626,15.6676974367913,0.77983580576542,4.99975943871656
0.3413,1.01248749678895,15.641492851084,0.77983580576542,4.99975943871656
0.34135,1.01249580586048,15.6158733800936,0.77983580576542,4.99975943871656
0.3414,1.01250412040795,15.5892484195577,0.77983580576542,4.99975943871656
0.34145,1.01251243917665,15.5633350596162,0.77983580576542,4.99975943871656
0.3415,1.01252076091042,15.536313612795,0.77983580576542,4.99975943871656
0.34155,1.01252908435199,15.5101285361488,0.77983580576542,4.99975943871656
0.3416,1.01253740824336,15.4827348401039,0.77983580576542,4.99975943871656
0.34165,1.01254573132611,15.456300387887,0.77983580576542,4.99975943871656
0.3417,1.01255405234179,15.4285590072148,0.77983580576542,4.99975943871656
0.34175,1.01256237003225,15.4018976659891,0.77983580576542,4.99975943871656
0.3418,1.01257068313999,15.3738334694597,0.77983580576542,4.99975943871656
0.34185,1.01257899040853,15.3469678510605,0.77983580576542,4.99975943871656
0.3419,1.01258729058277,15.3186059842005,0.77983580576542,4.99975943871656
0.34195,1.01259558240932,15.2915588088605,0.77983580576542,4.99975943871656
0.342,1.01260386463685,15.2629249672082,0.779731762732323,4.9997711710288
0.34205,1.01261213601649,15.2357190509806,0.779731762732323,4.9997711710288
0.3421,1.01262039481626,15.2068382485671,0.779731762732323,4.9997711710288
0.34215,1.01262864003614,15.1794964793795,0.779731762732323,4.9997711710288
0.3422,1.01263687092249,15.1503947843477,0.779731762732323,4.9997711710288
0.34225,1.01264508599672,15.1229401401893,0.779731762732323,4.9997711710288
0.3423,1.01265328402737,15.0936434984773,0.779731762732323,4.9997711710288
0.34235,1.01266146378753,15.0660990035451,0.779731762732323,4.9997711710288
0.3424,1.01266962405516,15.0366334600757,0.779731762732323,4.9997711710288
0.34245,1.01267776361345,15.0090221963356,0.779731762732323,4.9997711710288
0.3425,1.01268588125118,14.9794138713578,0.779731762732323,4.9997711710288
0.34255,1.01269397576305,14.9517589634307,0.779731762732323,4.9997711710288
0.3426,1.01270204595004,14.9220340177195,0.779731762732323,4.9997711710288
0.34265,1.01271009061973,14.894358622459,0.779731762732323,4.9997711710288
0.3427,1.01271810858663,14.8645432251295,0.779731762732323,4.9997711710288
0.34275,1.01272609867258,14.8368705182902,0.779731762732323,4.9997711710288
0.3428,1.012734059707,14.8069908175837,0.779731762732323,4.9997711710288
0.34285,1.01274199052728,14.7793439785445,0.779731762732323,4.9997711710288
0.3429,1.01274988997912,14.7494260742446,0.779731762732323,4.9997711710288
0.34295,1.0127577569168,14.7218282686034,0.779731762732323,4.9997711710288
0.343,1.01276559020355,14.6918984762301,0.779626746660845,4.99978233114941
0.34305,1.01277338871187,14.6643728366752,0.779626746660845,4.99978233114941
0.3431,1.01278115083354,14.6344565256827,0.779626746660845,4.99978233114941
0.34315,1.01278887570569,14.6070261177864,0.779626746660845,4.99978233114941
0.3432,1.01279656272085,14.5771493784532,0.779626746660845,4.99978233114941
0.34325,1.01280421054659,14.5498372017538,0.779626746660845,4.99978233114941
0.3433,1.01281181810647,14.5200257410205,0.779626746660845,4.99978233114941
0.34335,1.01281938433519,14.4928546702327,0.779626746660845,4.99978233114941
0.3434,1.01282690817891,14.4631340452674,0.779626746660845,4.99978233114941
0.34345,1.0128343885955,14.4361268202412,0.779626746660845,4.99978233114941
0.3435,1.01284182455489,14.4065224362657,0.779626746660845,4.99978233114941
0.34355,1.01284921503932,14.3797016282495,0.779626746660845,4.99978233114941
0.3436,1.01285655904365,14.3502387265124,0.779626746660845,4.99978233114941
0.34365,1.01286385557561,14.3236267094739,0.779626746660845,4.99978233114941
0.3437,1.01287110365613,14.2943303561595,0.779626746660845,4.99978233114941
0.34375,1.01287830231956,14.2679492782351,0.779626746660845,4.99978233114941
0.3438,1.01288545061396,14.2388443519659,0.779626746660845,4.99978233114941
0.34385,1.0128925476014,14.2127161093136,0.779626746660845,4.99978233114941
0.3439,1.01289959235815,14.1838272876496,0.779626746660845,4.99978233114941
0.34395,1.01290658397501,14.1579734995594,0.779626746660845,4.99978233114941
0.344,1.01291352155749,14.129325517796,0.779520742896724,4.99979294698452
0.34405,1.01292040422612,14.1037675068422,0.779520742896724,4.99979294698452
0.3441,1.01292723062181,14.0753840521078,0.779520742896724,4.99979294698452
0.34415,1.0129340001432,14.0501428148276,0.779520742896724,4.99979294698452
0.3442,1.01294071245209,14.0220481178663,0.779520742896724,4.99979294698452
0.34425,1.01294736648391,13.9971443302064,0.779520742896724,4.99979294698452
0.3443,1.01295396143766,13.9693620962562,0.779520742896724,4.99979294698452
0.34435,1.01296049652872,13.9448160750648,0.779520742896724,4.99979294698452
0.3444,1.01296697098905,13.9173697024224,0.779520742896724,4.99979294698452
0.34445,1.01297338406738,13.8932014080495,0.779520742896724,4.99979294698452
0.3445,1.01297973502944,13.8661139697616,0.779520742896724,4.99979294698452
0.34455,1.01298602315812,13.842342993389,0.779520742896724,4.99979294698452
0.3446,1.0129922477537,13.8156372108317,0.779520742896724,4.99979294698452
0.34465,1.012998408134,13.792282765739,0.779520742896724,4.99979294698452
0.3447,1.01300450363455,13.7659809818727,0.779520742896724,4.99979294698452
0.34475,1.01301053360881,13.7430618960389,0.779520742896724,4.99979294698452
0.3448,1.01301649742829,13.7171860484681,0.779520742896724,4.99979294698452
0.34485,1.01302239448272,13.6947207571808,0.779520742896724,4.99979294698452
0.3449,1.01302822418024,13.6692923522078,0.779520742896724,4.99979294698452
0.34495,1.0130339859475,13.6472988900666,0.779520742896724,4.99979294698452
0.345,1.01303967922981,13.62233923938,0.779413738718199,4.99980304507925
0.34505,1.01304530349131,13.6008352332395,0.779413738718199,4.99980304507925
0.3451,1.01305085771561,13.576364391131,0.779413738718199,4.99980304507925
0.34515,1.01305634165458,13.5553670413096,0.779413738718199,4.99980304507925
0.3452,1.01306175532901,13.5314053310548,0.779413738718199,4.99980304507925
0.34525,1.01306709802978,13.510931415103,0.779413738718199,4.99980304507925
0.3453,1.01307236931691,13.4874983958898,0.779413738718199,4.99980304507925
0.34535,1.01307756876991,13.4675642396439,0.779413738718199,4.99980304507925
0.3454,1.01308269598789,13.4446789326404,0.779413738718199,4.99980304507925
0.34545,1.01308775058965,13.425300402896,0.779413738718199,4.99980304507925
0.3455,1.01309273221374,13.40298128187,0.779413738718199,4.99980304507925
0.34555,1.01309764051858,13.3841737676053,0.779413738718199,4.99980304507925
0.3456,1.01310247518245,13.3624387472399,0.779413738718199,4.99980304507925
0.34565,1.01310723590365,13.3442171415228,0.779413738718199,4.99980304507925
0.3457,1.01311192240048,13.3230835674021,0.779413738718199,4.99980304507925
0.34575,1.01311653441133,13.3054622488401,0.779413738718199,4.99980304507925
0.3458,1.0131210716947,13.284946888227,0.779413738718199,4.99980304507925
0.34585,1.01312553402927,13.2679397023015,0.779413738718199,4.99980304507925
0.3459,1.01312992121389,13.2480587356811,0.779413738718199,4.99980304507925
0.34595,1.01313423306765,13.2316789762439,0.779413738718199,4.99980304507925
0.346,1.01313846942986,13.2124482382795,0.779305724384452,4.99981265068408
0.34605,1.01314263016011,13.1967086319356,0.779305724384452,4.99981265068408
0.3461,1.01314671463408,13.1781426068381,0.779305724384452,4.99981265068408
0.34615,1.01315072300393,13.1630552903201,0.779305724384452,4.99981265068408
0.3462,1.01315465569414,13.1451685920099,0.779305724384452,4.99981265068408
0.34625,1.01315851239324,13.1307451059408,0.779305724384452,4.99981265068408
0.3463,1.01316229306202,13.1135514783432,0.779305724384452,4.99981265068408
0.34635,1.01316599768152,13.0998027506311,0.779305724384452,4.99981265068408
0.3464,1.01316962625292,13.0833153004377,0.779305724384452,4.99981265068408
0.34645,1.01317317879756,13.0702516364562,0.779305724384452,4.99981265068408
0.3465,1.01317665535687,13.0544828205212,0.779305724384452,4.99981265068408
0.34655,1.01318005599233,13.0421138945149,0.779305724384452,4.99981265068408
0.3466,1.01318338078544,13.0270755055312,0.779305724384452,4.99981265068408
0.34665,1.01318662983763,13.015410353876,0.779305724384452,4.99981265068408
0.3467,1.01318980327019,13.0011135052402,0.779305724384452,4.99981265068408
0.34675,1.01319290122426,12.9901605211801,0.779305724384452,4.99981265068408
0.3468,1.01319592386067,12.9766156314365,0.779305724384452,4.99981265068408
0.34685,1.01319887135995,12.9663825608287,0.779305724384452,4.99981265068408
0.3469,1.01320174392216,12.953599338093,0.779305724384452,4.99981265068408
0.34695,1.01320454176685,12.9440932757484,0.779305724384452,4.99981265068408
0.347,1.01320726513296,12.9320809408104,0.77919669386034,4.99982178781804
0.34705,1.0132099142787,12.9233083286507,0.77919669386034,4.99982178781804
0.3471,1.01321248897261,12.9120746465805,0.77919669386034,4.99982178781804
0.34715,1.01321498976554,12.9040412651866,0.77919669386034,4.99982178781804
0.3472,1.01321741748173,12.8935939704643,0.77919669386034,4.99982178781804
0.34725,1.01321977220095,12.8863049348231,0.77919669386034,4.99982178781804
0.3473,1.01322205427608,12.8766507536414,0.77919669386034,4.99982178781804
0.34735,1.01322426407857,12.8701105147613,0.77919669386034,4.99982178781804
0.3474,1.01322640199829,12.8612554056088,0.77919669386034,4.99982178781804
0.34745,1.01322846844339,12.8554677364485,0.77919669386034,4.99982178781804
0.3475,1.01323046384015,12.8474168806543,0.77919669386034,4.99982178781804
0.34755,1.01323238863283,12.8423848697874,0.77919669386034,4.99982178781804
0.3476,1.01323424328351,12.8351426674084,0.77919669386034,4.99982178781804
0.34765,1.01323602827194,12.8308687096785,0.77919669386034,4.99982178781804
0.3477,1.01323774409538,12.8244387777044,0.77919669386034,4.99982178781804
0.34775,1.0132393912684,12.8209245638924,0.77919669386034,4.99982178781804
0.3478,1.01324097032276,12.8153097359597,0.77919669386034,4.99982178781804
0.34785,1.01324248180717,12.8125562423275,0.77919669386034,4.99982178781804
0.3479,1.01324392628716,12.8077585696866,0.77919669386034,4.99982178781804
0.34795,1.01324530434487,12.8057660473923,0.77919669386034,4.99982178781804
0.348,1.01324661657886,12.8017870283568,0.779086645142202,4.99983047932871
0.34805,1.01324786360392,12.8005549949335,0.779086645142202,4.99983047932871
0.3481,1.01324904553733,12.7973946617433,0.779086645142202,4.99983047932871
0.34815,1.01325016328255,12.7969218898475,0.779086645142202,4.99983047932871
0.3482,1.01325121801544,12.7945801989637,0.779086645142202,4.99983047932871
0.34825,1.01325221015696,12.7948647019845,0.779086645142202,4.99983047932871
0.3483,1.01325314040005,12.7933405890852,0.779086645142202,4.99983047932871
0.34835,1.01325400945265,12.7943796344648,0.779086645142202,4.99983047932871
0.3484,1.01325481803752,12.7936712678491,0.779086645142202,4.99983047932871
0.34845,1.01325556689193,12.7954613601663,0.779086645142202,4.99983047932871
0.3485,1.01325625676753,12.7955661329444,0.779086645142202,4.99983047932871
0.34855,1.01325688843009,12.7981030174911,0.779086645142202,4.99983047932871
0.3486,1.01325746265925,12.7990175452748,0.779086645142202,4.99983047932871
0.34865,1.0132579802483,12.8022962108319,0.779086645142202,4.99983047932871
0.3487,1.01325844200398,12.8040163283469,0.779086645142202,4.99983047932871
0.34875,1.01325884874619,12.8080310124672,0.779086645142202,4.99983047932871
0.3488,1.0132592013078,12.810551768651,0.779086645142202,4.99983047932871
0.34885,1.01325950053437,12.8152959656177,0.779086645142202,4.99983047932871
0.3489,1.01325974728391,12.8186116178892,0.779086645142202,4.99983047932871
0.34895,1.01325994242669,12.8240780886637,0.779086645142202,4.99983047932871
0.349,1.01326008684489,12.8281823147833,0.778975580159285,4.99983874694941
0.34905,1.01326018143245,12.8343630991066,0.778975580159285,4.99983874694941
0.3491,1.01326022657646,12.8392481139429,0.778975580159285,4.99983874694941
0.34915,1.01326022345267,12.8461345425975,0.778975580159285,4.99983874694941
0.3492,1.01326017350696,12.8517924325725,0.778975580159285,4.99983874694941
0.34925,1.01326007741842,12.8593751258192,0.778975580159285,4.99983874694941
0.3493,1.01325993613577,12.8657969229298,0.778975580159285,4.99983874694941
0.34935,1.01325975061787,12.8740658296924,0.778975580159285,4.99983874694941
0.3494,1.01325952183352,12.8812417656011,0.778975580159285,4.99983874694941
0.34945,1.01325925076118,12.8901861548658,0.778975580159285,4.99983874694941
0.3495,1.01325893838868,12.8981056530419,0.778975580159285,4.99983874694941
0.34955,1.01325858571299,12.9077141282164,0.778975580159285,4.99983874694941
0.3496,1.01325819373994,12.9163658096012,0.778975580159285,4.99983874694941
0.34965,1.01325776348392,12.9266263166212,0.778975580159285,4.99983874694941
0.3497,1.01325729596767,12.9359980086546,0.778975580159285,4.99983874694941
0.34975,1.01325679222196,12.946897842042,0.778975580159285,4.99983874694941
0.3498,1.01325625328537,12.9569765905485,0.778975580159285,4.99983874694941
0.34985,1.01325568020394,12.9685023983562,0.778975580159285,4.99983874694941
0.3499,1.013255074031,12.9792744832281,0.778975580159285,4.99983874694941
0.34995,1.01325443582679,12.9914122699667,0.778975580159285,4.99983874694941
0.35,1.01325376665828,13.0028634312704,0.778863504275329,4.99984661135349
0.35005,1.01325306759883,13.0155985610913,0.778863504275329,4.99984661135349
0.3501,1.01325233920494,13.027713179431,0.778863504275329,4.99984661135349
0.35015,1.0132515828235,13.0410303788763,0.778863504275329,4.99984661135349
0.3502,1.01325080006851,13.0537927875025,0.778863504275329,4.99984661135349
0.35025,1.01324999177474,13.0676761290355,0.778863504275329,4.99984661135349
0.3503,1.01324915904353,13.0810697403111,0.778863504275329,4.99984661135349
0.35035,1.01324830298099,13.0955026788371,0.778863504275329,4.99984661135349
0.3504,1.0132474246977,13.1095102630665,0.778863504275329,4.99984661135349
0.35045,1.01324652530848,13.1244756156883,0.778863504275329,4.99984661135349
0.3505,1.01324560593209,13.1390793133764,0.778863504275329,4.99984661135349
0.35055,1.01324466769094,13.1545592723677,0.778863504275329,4.99984661135349
0.3506,1.01324371171085,13.1697406177904,0.778863504275329,4.99984661135349
0.35065,1.01324273912076,13.1857167595968,0.778863504275329,4.99984661135349
0.3507,1.01324175105244,13.2014567035934,0.778863504275329,4.99984661135349
0.35075,1.01324074864026,13.2179100017144,0.778863504275329,4.99984661135349
0.3508,1.01323973302085,13.2341889316876,0.778863504275329,4.99984661135349
0.35085,1.01323870533289,13.2510997733577,0.778863504275329,4.99984661135349
0.3509,1.01323766671682,13.2678975317941,0.778863504275329,4.99984661135349
0.35095,1.01323661831455,13.2852457380664,0.778863504275329,4.99984661135349
0.351,1.0132355612692,13.3025418368015,0.778750425457313,4.99985409220605
0.35105,1.01323449672484,13.59088193203,0.778750425457313,4.99985409220605
0.3511,1.01323342529688,13.0940473853752,0.778750425457313,4.99985409220605
0.35115,1.01323236035616,13.4981580365034,0.778750425457313,4.99985409220605
0.3512,1.01323129759107,13.4524054152042,0.778750425457313,4.99985409220605
0.35125,1.01323022581597,12.7583547093679,0.778750425457313,4.99985409220605
0.3513,1.01322915221536,13.8075089793159,0.778750425457313,4.99985409220605
0.35135,1.01322807792961,12.0410715321345,0.778750425457313,4.99985409220605
0.3514,1.01322700410306,14.1591279319966,0.778750425457313,4.99985409220605
0.35145,1.01322593187304,11.3460652762646,0.778750425457313,4.99985409220605
0.3515,1.01322486238053,14.5071449970328,0.778750425457313,4.99985409220605
0.35155,1.01322379675944,10.6734239372137,0.778750425457313,4.99985409220605
0.3516,1.01322273614689,14.8514650024773,0.778750425457313,4.99985409220605
0.35165,1.01322168167271,10.023386312287,0.778750425457313,4.99985409220605
0.3517,1.01322063446945,15.1920346777444,0.778750425457313,4.99985409220605
0.35175,1.01321959566214,9.39609169639171,0.778750425457313,4.99985409220605
0.3518,1.01321856637789,15.5288699934078,0.778750425457313,4.99985409220605
0.35185,1.01321754773607,8.7915797508233,0.778750425457313,4.99985409220605
0.3519,1.01321654085749,6.97059942192847,0.778750425457313,4.99985409220605
0.35195,1.01321554427613,-17.9135715863171,0.778750425457313,4.99985409220605
0.352,1.01321463052262,-15.2724870631392,0.778636353208273,4.99986120821313
0.35205,1.01321384225034,-15.9658073750417,0.778636353208273,4.99986120821313
0.3521,1.01321314457606,-15.5782632134849,0.778636353208273,4.99986120821313
0.35215,1.01321254172887,-15.1652854592696,0.778636353208273,4.99986120821313
0.3522,1.01321204264015,-13.1077610701618,0.778636353208273,4.99986120821313
0.35225,1.01321164687761,-14.5968580691695,0.778636353208273,4.99986120821313
0.3523,1.01321135873579,-12.045914911315,0.778636353208273,4.99986120821313
0.35235,1.01321118490067,-12.9027200018534,0.778636353208273,4.99986120821313
0.3524,1.0132111241386,-12.4839414750615,0.778636353208273,4.99986120821313
0.35245,1.01321118262205,-11.2411987918204,0.778636353208273,4.99986120821313
0.3525,1.01321136447149,-11.209400627725,0.778636353208273,4.99986120821313
0.35255,1.01321166890484,-10.4767633746448,0.778636353208273,4.99986120821313
0.3526,1.01321210291288,-9.19114013480227,0.778636353208273,4.99986120821313
0.35265,1.0132126681531,-9.34789935972257,0.778636353208273,4.99986120821313
0.3527,1.01321336523689,-8.54347071920339,0.778636353208273,4.99986120821313
0.35275,1.01321420070417,-7.67338195989743,0.778636353208273,4.99986120821313
0.3528,1.01321517458237,-7.82921913402203,0.778636353208273,4.99986120821313
0.35285,1.01321628896608,-6.44317279995411,0.778636353208273,4.99986120821313
0.3529,1.01321754908405,-6.21600186801685,0.778636353208273,4.99986120821313
0.35295,1.01321895437383,-5.40367853502526,0.778636353208273,4.99986120821313
0.353,1.0132205077939,-4.95825045016751,0.778521297340078,4.99986797716845
0.35305,1.0132222131687,-3.97432056907475,0.778521297340078,4.99986797716845
0.3531,1.01322406941407,-4.05735465388874,0.778521297340078,4.99986797716845
0.35315,1.01322607989294,-2.64509081199058,0.778521297340078,4.99986797716845
0.3532,1.01322824800623,-2.66004865593538,0.778521297340078,4.99986797716845
0.35325,1.01323057289024,-1.53881102269765,0.778521297340078,4.99986797716845
0.3533,1.01323305750731,-1.34513734250286,0.778521297340078,4.99986797716845
0.35335,1.01323570415126,-0.159172039159911,0.778521297340078,4.99986797716845
0.3534,1.01323851176362,-0.404262308441344,0.778521297340078,4.99986797716845
0.35345,1.0132414834808,1.21719440030986,0.778521297340078,4.99986797716845
0.3535,1.01324462089778,0.937097224054286,0.778521297340078,4.99986797716845
0.35355,1.0132479222883,2.2640832355925,0.778521297340078,4.99986797716845
0.3536,1.0132513914985,2.44210326011681,0.778521297340078,4.99986797716845
0.35365,1.01325502869848,3.51050659674289,0.778521297340078,4.99986797716845
0.3537,1.01325883199924,3.40662284245892,0.778521297340078,4.99986797716845
0.35375,1.01326280602936,5.00753620380776,0.778521297340078,4.99986797716845
0.3538,1.01326694875904,4.46987149793312,0.778521297340078,4.99986797716845
0.35385,1.01327125922748,6.16337146776902,0.778521297340078,4.99986797716845
0.3539,1.01327574209365,5.98794189466025,0.778521297340078,4.99986797716845
0.35395,1.0132803929457,7.19356313997069,0.778521297340078,4.99986797716845
0.354,1.01328521288738,7.25810017418879,0.778405264046088,4.99987441599793
0.35405,1.01329020512119,8.55812671113047,0.778405264046088,4.99987441599793
0.3541,1.01329536319709,8.19970934135831,0.778405264046088,4.99987441599793
0.35415,1.01330069090624,9.91612501415751,0.778405264046088,4.99987441599793
0.3542,1.01330618906814,9.41808704989766,0.778405264046088,4.99987441599793
0.35425,1.01331185169599,10.9722870983301,0.778405264046088,4.99987441599793
0.3543,1.01331768392323,10.756904352321,0.778405264046088,4.99987441599793
0.35435,1.01332368243568,12.1109722420297,0.778405264046088,4.99987441599793
0.3544,1.01332984349289,11.8760581166455,0.778405264046088,4.99987441599793
0.35445,1.01333617206375,13.3908517260497,0.778405264046088,4.99987441599793
0.3545,1.0133426618768,12.9845092849119,0.778405264046088,4.99987441599793
0.35455,1.01334931211023,14.5684516228677,0.778405264046088,4.99987441599793
0.3546,1.01335612566437,14.1047873028107,0.778405264046088,4.99987441599793
0.35465,1.01336309496482,15.693738642619,0.778405264046088,4.99987441599793
0.3547,1.01337022178415,15.1754960775126,0.778405264046088,4.99987441599793
0.35475,1.01337750578499,16.8249507344739,0.778405264046088,4.99987441599793
0.3548,1.01338494000465,16.3701163247362,0.778405264046088,4.99987441599793
0.35485,1.01339252740305,17.901896882054,0.778405264046088,4.99987441599793
0.3549,1.01340026448881,17.4734615982261,0.778405264046088,4.99987441599793
0.35495,1.01340814615541,19.0420732174921,0.778405264046088,4.99987441599793
0.355,1.01341617487695,18.3193073360151,0.778288251668136,4.99988054080198
0.35505,1.01342434508888,20.1804994892055,0.778288251668136,4.99988054080198
0.3551,1.01343265315736,19.3520046070377,0.778288251668136,4.99988054080198
0.35515,1.01344110020056,21.1408339407444,0.778288251668136,4.99988054080198
0.3552,1.01344968051744,20.5232270662192,0.778288251668136,4.99988054080198
0.35525,1.01345839201543,22.1399449673362,0.778288251668136,4.99988054080198
0.3553,1.01346723374349,21.3127739676862,0.778288251668136,4.99988054080198
0.35535,1.01347619966481,15.904384920553,0.778288251668136,4.99988054080198
0.3554,1.01348523636149,4.40539622888162,0.778288251668136,4.99988054080198
0.35545,1.01349428494149,16.2444241532161,0.778288251668136,4.99988054080198
0.3555,1.01350334128831,-0.759133226484473,0.778288251668136,4.99988054080198
0.35555,1.013512410592,11.4576664422025,0.778288251668136,4.99988054080198
0.3556,1.01352149195458,-0.22867501779536,0.778288251668136,4.99988054080198
0.35565,1.01353058512038,-2.06335696152847,0.778288251668136,4.99988054080198
0.3557,1.01353968536868,-0.591740295696047,0.778288251668136,4.99988054080198
0.35575,1.0135487884015,-10.703419230921,0.778288251668136,4.99988054080198
0.3558,1.01355789446057,-10.3844592524745,0.778288251668136,4.99988054080198
0.35585,1.01356699659668,-4.51502504800391,0.778288251668136,4.99988054080198
0.3559,1.01357609462748,-25.7023029957565,0.778288251668136,4.99988054080198
0.35595,1.01358518596343,-10.2386257221272,0.778288251668136,4.99988054080198
0.356,1.01359426477808,-24.182616384885,0.7781702497587,4.99988636689582
0.35605,1.01360333308016,-42.3639948349374,0.7781702497587,4.99988636689582
0.3561,1.01361238423731,-18.2059501120809,0.7781702497587,4.99988636689582
0.35615,1.01362141661126,-58.8562190733563,0.7781702497587,4.99988636689582
0.3562,1.01363043138244,-30.5523484202312,0.7781702497587,4.99988636689582
0.35625,1.01363942118001,-43.1526649874493,0.7781702497587,4.99988636689582
0.3563,1.01364838786452,-50.7119763323335,0.7781702497587,4.99988636689582
0.35635,1.0136573284421,-42.3718078203719,0.7781702497587,4.99988636689582
0.3564,1.01366623826287,22.5800266417224,0.7781702497587,4.99988636689582
0.35645,1.01367515358665,33.8933529076395,0.7781702497587,4.99988636689582
0.3565,1.01368417278793,34.4413429442877,0.7781702497587,4.99988636689582
0.35655,1.01369331515775,34.8695269571421,0.7781702497587,4.99988636689582
0.3566,1.01370253353002,36.3020426887801,0.7781702497587,4.99988636689582
0.35665,1.01371182798212,35.733206656284,0.7781702497587,4.99988636689582
0.3567,1.01372119571834,37.8455701950597,0.7781702497587,4.99988636689582
0.35675,1.01373063332156,36.5022445567327,0.7781702497587,4.99988636689582
0.3568,1.01374013744953,39.1864815859727,0.7781702497587,4.99988636689582
0.35685,1.01374970430055,37.192497936403,0.7781702497587,4.99988636689582
0.3569,1.01375933018415,40.3674720128229,0.7781702497587,4.99988636689582
0.35695,1.01376901101016,37.8192484640666,0.7781702497587,4.99988636689582
0.357,1.01377874285654,41.4167108709716,0.778051241678928,4.9998919088477
0.35705,1.01378852145837,38.3803602727662,0.778051241678928,4.9998919088477
0.3571,1.01379834214676,42.3623559018002,0.778051241678928,4.9998919088477
0.35715,1.01380820083743,38.8728639022201,0.778051241678928,4.9998919088477
0.3572,1.01381809385081,43.2034245025446,0.778051241678928,4.9998919088477
0.35725,1.01382801646076,39.3056830209571,0.778051241678928,4.9998919088477
0.3573,1.01383796437751,43.9307888288016,0.778051241678928,4.9998919088477
0.35735,1.01384793310591,39.6735487430504,0.778051241678928,4.9998919088477
0.3574,1.01385791830447,44.5558973336618,0.778051241678928,4.9998919088477
0.35745,1.01386791548859,39.9612916810126,0.778051241678928,4.9998919088477
0.3575,1.01387792028889,45.0736077076583,0.778051241678928,4.9998919088477
0.35755,1.01388792823272,40.172993165052,0.778051241678928,4.9998919088477
0.3576,1.01389793497803,45.4561021664277,0.778051241678928,4.9998919088477
0.35765,1.01390793607332,40.3075333693264,0.778051241678928,4.9998919088477
0.3577,1.01391792721201,45.7012062099009,0.778051241678928,4.9998919088477
0.35775,1.01392790401289,40.3411773426894,0.778051241678928,4.9998919088477
0.3578,1.01393786220718,45.8079020929783,0.778051241678928,4.9998919088477
0.35785,1.01394779749729,40.2688960984799,0.778051241678928,4.9998919088477
0.3579,1.01395770569725,45.7353779325469,0.778051241678928,4.9998919088477
0.35795,1.01396758258897,40.0969409647773,0.778051241678928,4.9998919088477
0.358,1.01397742409072,45.4591710113652,0.777931210052639,4.99989718051541
0.35805,1.01398722610062,39.7991545061482,0.777931210052639,4.99989718051541
0.3581,1.01399698407643,44.9817594958892,0.777931210052639,4.99989718051541
0.35815,1.01400669433814,39.3560152414698,0.777931210052639,4.99989718051541
0.3582,1.01401635359228,44.2564479359176,0.777931210052639,4.99989718051541
0.35825,1.01402595773538,38.7800096993156,0.777931210052639,4.99989718051541
0.3583,1.01403550307364,43.2256635671938,0.777931210052639,4.99989718051541
0.35835,1.01404498594095,38.0525909404941,0.777931210052639,4.99989718051541
0.3584,1.0140544028003,41.8882440885594,0.777931210052639,4.99989718051541
0.35845,1.01406375017349,37.1382595570201,0.777931210052639,4.99989718051541
0.3585,1.01407302469499,40.2066249750523,0.777931210052639,4.99989718051541
0.35855,1.01408222307417,36.0504775262444,0.777931210052639,4.99989718051541
0.3586,1.01409134214691,38.0905582680709,0.777931210052639,4.99989718051541
0.35865,1.01410037881816,34.7914024007328,0.777931210052639,4.99989718051541
0.3587,1.01410933012884,35.5308553472267,0.777931210052639,4.99989718051541
0.35875,1.01411819320557,33.3180079233696,0.777931210052639,4.99989718051541
0.3588,1.01412696529836,32.5367392896323,0.777931210052639,4.99989718051541
0.35885,1.0141356437614,31.6384806587641,0.777931210052639,4.99989718051541
0.3589,1.01414422607586,29.0309959285478,0.777931210052639,4.99989718051541
0.35895,1.01415270982418,29.7882837148765,0.777931210052639,4.99989718051541
0.359,1.01416109272671,25.026751895385,0.777810135732387,4.99990219508084
0.35905,1.01416937261054,27.7387021363218,0.777810135732387,4.99990219508084
0.3591,1.01417754687034,20.6556679168536,0.777810135732387,4.99990219508084
0.35915,1.01418561386795,25.4906101304045,0.777810135732387,4.99990219508084
0.3592,1.0141935723775,15.9610871446737,0.777810135732387,4.99990219508084
0.35925,1.01420142044767,23.1161775163016,0.777810135732387,4.99990219508084
0.3593,1.01420915654533,11.0290548559357,0.777810135732387,4.99990219508084
0.35935,1.01421677925961,20.6271335714899,0.777810135732387,4.99990219508084
0.3594,1.01422428731382,6.11476757911607,0.777810135732387,4.99990219508084
0.35945,1.01423167955913,18.0192180571054,0.777810135732387,4.99990219508084
0.3595,1.01423895497903,1.37327713978219,0.777810135732387,4.99990219508084
0.35955,1.01424611268556,15.3820082487621,0.777810135732387,4.99990219508084
0.3596,1.01425315192285,-3.13407032088561,0.777810135732387,4.99990219508084
0.35965,1.01426007206532,12.7727781748621,0.777810135732387,4.99990219508084
0.3597,1.01426687261594,-7.23745019891739,0.777810135732387,4.99990219508084
0.35975,1.01427355320784,10.1811537618158,0.777810135732387,4.99990219508084
0.3598,1.0142801136038,-10.8400307857084,0.777810135732387,4.99990219508084
0.35985,1.01428655369181,7.67361128751096,0.777810135732387,4.99990219508084
0.3599,1.0142928734873,-13.9940164109088,0.777810135732387,4.99990219508084
0.35995,1.01429907313414,5.32603232862764,0.777810135732387,4.99990219508084
0.36,1.01430515289359,-16.6906789062005,0.77768800169389,4.99990696508304
0.36005,1.01431111315546,3.12105716662684,0.77768800169389,4.99990696508304
0.3601,1.01431695385928,-18.9055561789893,0.77768800169389,4.99990696508304
0.36015,1.01432267591428,1.07423702950292,0.77768800169389,4.99990696508304
0.3602,1.01432828063528,-20.718833249544,0.77768800169389,4.99990696508304
0.36025,1.01433376859909,-0.752099964850217,0.77768800169389,4.99990696508304
0.3603,1.01433914077155,-22.1893738852567,0.77768800169389,4.99990696508304
0.36035,1.01434439824039,-2.37347945058783,0.77768800169389,4.99990696508304
0.3604,1.01434954219387,-23.3161281610994,0.77768800169389,4.99990696508304
0.36045,1.01435457392447,-3.81718973194161,0.77768800169389,4.99990696508304
0.3605,1.01435949483436,-24.148994753746,0.77768800169389,4.99990696508304
0.36055,1.01436430642113,-5.04879608352394,0.77768800169389,4.99990696508304
0.3606,1.01436901027471,-24.7515379116542,0.77768800169389,4.99990696508304
0.36065,1.01437360809278,-6.0721612666392,0.77768800169389,4.99990696508304
0.3607,1.01437810165017,-25.1315697848786,0.77768800169389,4.99990696508304
0.36075,1.0143824928149,-6.9309740936814,0.77768800169389,4.99990696508304
0.3608,1.01438678354617,-25.3079616319889,0.77768800169389,4.99990696508304
0.36085,1.01439097587456,-7.61805991880302,0.77768800169389,4.99990696508304
0.3609,1.01439507191217,-25.3286596222335,0.77768800169389,4.99990696508304
0.36095,1.01439907385615,-8.12549130284289,0.77768800169389,4.99990696508304
0.361,1.01440298395739,-25.2081658064735,0.777564796291827,4.99991150244948
0.36105,1.01440680454866,-8.49168709888682,0.777564796291827,4.99991150244948
0.3611,1.01441053745332,-24.9487000024436,0.777564796291827,4.99991150244948
0.36115,1.01441418540543,-8.7292656820793,0.777564796291827,4.99991150244948
0.3612,1.01441775149592,6.24969910422913,0.777564796291827,4.99991150244948
0.36125,1.01442127419922,14.573847576823,0.777564796291827,4.99991150244948
0.3613,1.0144248099088,6.73000352164487,0.777564796291827,4.99991150244948
0.36135,1.01442835866268,14.8147698136778,0.777564796291827,4.99991150244948
0.3614,1.01443190252984,7.51915425557931,0.777564796291827,4.99991150244948
0.36145,1.01443544316024,14.9205839674253,0.777564796291827,4.99991150244948
0.3615,1.01443898125522,8.09729043305616,0.777564796291827,4.99991150244948
0.36155,1.01444251732797,14.9409042444231,0.777564796291827,4.99991150244948
0.3616,1.01444605182266,8.53522940829864,0.777564796291827,4.99991150244948
0.36165,1.01444958505276,14.9077724436988,0.777564796291827,4.99991150244948
0.3617,1.01445311730133,8.87759189578144,0.777564796291827,4.99991150244948
0.36175,1.01445664875773,14.842219559232,0.777564796291827,4.99991150244948
0.3618,1.01446017960405,9.15317776881436,0.777564796291827,4.99991150244948
0.36185,1.01446370995282,14.7581216382739,0.777564796291827,4.99991150244948
0.3619,1.01446723992277,9.38091201790582,0.777564796291827,4.99991150244948
0.36195,1.0144707695791,14.6646086326134,0.777564796291827,4.99991150244948
0.362,1.01447429900067,9.57341872712488,0.777440514105919,4.99991581852595
0.36205,1.01447782822371,14.5676307732921,0.777440514105919,4.99991581852595
0.3621,1.01448135672263,9.7392407815878,0.777440514105919,4.99991581852595
0.36215,1.01448488480573,14.471000949535,0.777440514105919,4.99991581852595
0.3622,1.01448841309002,9.88425041849855,0.777440514105919,4.99991581852595
0.36225,1.01449194129398,14.3770980178561,0.777440514105919,4.99991581852595
0.3623,1.01449546944507,10.0125572020818,0.777440514105919,4.99991581852595
0.36235,1.01449899754524,14.2873422954136,0.777440514105919,4.99991581852595
0.3624,1.01450252561531,10.1270988023076,0.777440514105919,4.99991581852595
0.36245,1.01450605365371,14.202518200393,0.777440514105919,4.99991581852595
0.3625,1.01450958167684,10.2300274094732,0.777440514105919,4.99991581852595
0.36255,1.01451310968126,14.1229924063008,0.777440514105919,4.99991581852595
0.3626,1.01451663768038,10.3229637222437,0.777440514105919,4.99991581852595
0.36265,1.01452016566983,14.0488608083463,0.777440514105919,4.99991581852595
0.3627,1.01452369366093,10.4071645087073,0.777440514105919,4.99991581852595
0.36275,1.01452722164901,13.980047157884,0.777440514105919,4.99991581852595
0.3628,1.01453074964383,10.4836335015672,0.777440514105919,4.99991581852595
0.36285,1.01453427764074,13.9163689274093,0.777440514105919,4.99991581852595
0.3629,1.01453780564837,10.553195164628,0.777440514105919,4.99991581852595
0.36295,1.01454133366224,13.857580953731,0.777440514105919,4.99991581852595
0.363,1.01454486169008,10.6165441756156,0.777315153281555,4.99991992410489
0.36305,1.01454838972771,13.8034042686237,0.777315153281555,4.99991992410489
0.3631,1.01455191719783,10.6742782842324,0.777315153281555,4.99991992410489
0.36315,1.01455544438875,13.7535444831052,0.777315153281555,4.99991992410489
0.3632,1.01455897189109,10.7269215455875,0.777315153281555,4.99991992410489
0.36325,1.01456249940924,13.7077044340595,0.777315153281555,4.99991992410489
0.3633,1.01456602694899,10.7749395919232,0.777315153281555,4.99991992410489
0.36335,1.0145695545072,13.6655914161399,0.777315153281555,4.99991992410489
0.3634,1.01457308208921,10.818750712776,0.777315153281555,4.99991992410489
0.36345,1.01457660969218,13.6269219787091,0.777315153281555,4.99991992410489
0.3635,1.01458013732103,10.8587337123385,0.777315153281555,4.99991992410489
0.36355,1.01458366497321,13.5914246877868,0.777315153281555,4.99991992410489
0.3636,1.01458719265328,10.8952337044007,0.777315153281555,4.99991992410489
0.36365,1.01459072035895,13.558841593843,0.777315153281555,4.99991992410489
0.3637,1.01459424809441,10.9285664890028,0.777315153281555,4.99991992410489
0.36375,1.01459777585766,13.5289288966654,0.777315153281555,4.99991992410489
0.3638,1.01460130365254,10.9590219397472,0.777315153281555,4.99991992410489
0.36385,1.01460483147727,13.5014570849069,0.777315153281555,4.99991992410489
0.3639,1.01460835933541,10.9868667247767,0.777315153281555,4.99991992410489
0.36395,1.01461188722539,13.4762107223324,0.777315153281555,4.99991992410489
0.364,1.01461541515049,11.0123466403151,0.777188712083,4.99992382945237
0.36405,1.0146189431093,13.452988131555,0.777188712083,4.99992382945237
0.3641,1.0146224705156,11.0356881161138,0.777188712083,4.99992382945237
0.36415,1.01462599766278,13.4316004870556,0.777188712083,4.99992382945237
0.3642,1.01462952514292,11.0571003956547,0.777188712083,4.99992382945237
0.36425,1.01463305266028,13.4118717658859,0.777188712083,4.99992382945237
0.3643,1.01463658021745,11.0767765884688,0.777188712083,4.99992382945237
0.36435,1.01464010781345,13.3936377566568,0.777188712083,4.99992382945237
0.3644,1.01464363545067,11.0948950143082,0.777188712083,4.99992382945237
0.36445,1.01464716312823,13.3767455063209,0.777188712083,4.99992382945237
0.3645,1.01465069084836,11.111620342374,0.777188712083,4.99992382945237
0.36455,1.01465421861024,13.3610526810686,0.777188712083,4.99992382945237
0.3646,1.01465774641594,11.1271046113284,0.777188712083,4.99992382945237
0.36465,1.01466127426473,13.34642696035,0.777188712083,4.99992382945237
0.3647,1.0146648021585,11.141488144795,0.777188712083,4.99992382945237
0.36475,1.0146683300966,13.3327454458822,0.777188712083,4.99992382945237
0.3648,1.01467185808076,11.1549004157227,0.777188712083,4.99992382945237
0.36485,1.01467538611038,13.3198940774997,0.777188712083,4.99992382945237
0.3649,1.01467891418707,11.1674608345537,0.777188712083,4.99992382945237
0.36495,1.01468244231026,13.3077671033358,0.777188712083,4.99992382945237
0.365,1.01468597048142,11.1792795311192,0.777061188793882,4.99992754433382
0.36505,1.01468949870003,13.2962666733305,0.777061188793882,4.99992754433382
0.3651,1.01469302637315,11.1904576722751,0.777061188793882,4.99992754433382
0.36515,1.01469655379744,13.2853019712201,0.777061188793882,4.99992754433382
0.3652,1.0147000815684,11.2010886204833,0.777061188793882,4.99992754433382
0.36525,1.0147036093884,13.2747892879644,0.777061188793882,4.99992754433382
0.3653,1.01470713725857,11.2112581292304,0.777061188793882,4.99992754433382
0.36535,1.01471066517843,13.2646512749747,0.777061188793882,4.99992754433382
0.3654,1.01471419314901,11.2210449414572,0.777061188793882,4.99992754433382
0.36545,1.01471772116983,13.2548166032342,0.777061188793882,4.99992754433382
0.3655,1.01472124924182,11.2305213116532,0.777061188793882,4.99992754433382
0.36555,1.0147247773645,13.2452195629051,0.777061188793882,4.99992754433382
0.3656,1.01472830553872,11.2397534431946,0.777061188793882,4.99992754433382
0.36565,1.01473183376398,13.2357997427621,0.777061188793882,4.99992754433382
0.3657,1.01473536204103,11.2488018731306,0.777061188793882,4.99992754433382
0.36575,1.01473889036938,13.2265016943041,0.777061188793882,4.99992754433382
0.3658,1.0147424187497,11.2577218973275,0.777061188793882,4.99992754433382
0.36585,1.01474594718145,13.2172745782515,0.777061188793882,4.99992754433382
0.3659,1.01474947566526,11.2665639429835,0.777061188793882,4.99992754433382
0.36595,1.01475300420055,13.2080718985373,0.777061188793882,4.99992754433382
0.366,1.01475653278787,11.2753739395161,0.77693258171561,4.99993107803836
0.36605,1.01476006142663,13.19885133857,0.77693258171561,4.99993107803836
0.3661,1.01476358951802,11.2841933179902,0.77693258171561,4.99993107803836
0.36615,1.01476711736107,13.1895741128321,0.77693258171561,4.99993107803836
0.3662,1.01477064555546,11.2930598328985,0.77693258171561,4.99993107803836
0.36625,1.0147741738009,13.1802052363769,0.77693258171561,4.99993107803836
0.3663,1.01477770209773,11.3020074608778,0.77693258171561,4.99993107803836
0.36635,1.01478123044527,13.1707130173099,0.77693258171561,4.99993107803836
0.3664,1.0147847588438,11.3110667223272,0.77693258171561,4.99993107803836
0.36645,1.01478828729259,13.1610688869461,0.77693258171561,4.99993107803836
0.3665,1.01479181579186,11.3202649721498,0.77693258171561,4.99993107803836
0.36655,1.01479534434086,13.151247175408,0.77693258171561,4.99993107803836
0.3666,1.01479887293974,11.3296265913992,0.77693258171561,4.99993107803836
0.36665,1.01480240158771,13.1412249847553,0.77693258171561,4.99993107803836
0.3667,1.01480593028487,11.339173146807,0.77693258171561,4.99993107803836
0.36675,1.01480945903039,13.1309820058791,0.77693258171561,4.99993107803836
0.3668,1.01481298782431,11.34892363779,0.77693258171561,4.99993107803836
0.36685,1.01481651666576,13.1205003001614,0.77693258171561,4.99993107803836
0.3669,1.01482004555474,11.3588946822528,0.77693258171561,4.99993107803836
0.36695,1.01482357449031,13.1097641946078,0.77693258171561,4.99993107803836
0.367,1.01482710347245,11.3691006938973,0.776802889166588,4.99993443940209
0.36705,1.01483063250016,13.09876025119,0.776802889166588,4.99993443940209
0.3671,1.01483416096907,11.3795537565829,0.776802889166588,4.99993443940209
0.36715,1.0148376891803,13.0874767383466,0.776802889166588,4.99993443940209
0.3672,1.01484121773804,11.3902642807096,0.776802889166588,4.99993443940209
0.36725,1.01484474633904,13.0759040018587,0.776802889166588,4.99993443940209
0.3673,1.01484827498315,11.4012407651249,0.776802889166588,4.99993443940209
0.36735,1.01485180366923,13.0640340965602,0.776802889166588,4.99993443940209
0.3674,1.01485533239709,11.4124899911244,0.776802889166588,4.99993443940209
0.36745,1.01485886116555,13.0518606974755,0.776802889166588,4.99993443940209
0.3675,1.01486238997436,11.4240172114228,0.776802889166588,4.99993443940209
0.36755,1.01486591882229,13.039378967058,0.776802889166588,4.99993443940209
0.3676,1.01486944770909,11.4358262210344,0.776802889166588,4.99993443940209
0.36765,1.01487297663345,13.0265855342097,0.776802889166588,4.99993443940209
0.3677,1.01487650559507,11.4479194088722,0.776802889166588,4.99993443940209
0.36775,1.01488003459263,13.0134783862061,0.776802889166588,4.99993443940209
0.3678,1.01488356362579,11.4602979251244,0.776802889166588,4.99993443940209
0.36785,1.01488709269315,13.0000567168838,0.776802889166588,4.99993443940209
0.3679,1.01489062179436,11.4729617764511,0.776802889166588,4.99993443940209
0.36795,1.01489415092798,12.9863209065073,0.776802889166588,4.99993443940209
0.368,1.01489768009361,11.4859099074174,0.776672109481941,4.99993763683018
0.36805,1.01490120928977,12.9722725545062,0.776672109481941,4.99993763683018
0.3681,1.01490473790671,11.4991400262601,0.776672109481941,4.99993763683018
0.36815,1.01490826624757,12.9579140171143,0.776672109481941,4.99993763683018
0.3682,1.01491179492121,11.5126491672436,0.776672109481941,4.99993763683018
0.36825,1.0149153236214,12.943248820656,0.776672109481941,4.99993763683018
0.3683,1.01491885234765,11.5264333941598,0.776672109481941,4.99993763683018
0.36835,1.01492238109835,12.9282813669553,0.776672109481941,4.99993763683018
0.3684,1.01492590987298,11.5404879351042,0.776672109481941,4.99993763683018
0.36845,1.01492943866989,12.91301688044,0.776672109481941,4.99993763683018
0.3685,1.01493296748852,11.5548073196104,0.776672109481941,4.99993763683018
0.36855,1.01493649632719,12.8974613252869,0.776672109481941,4.99993763683018
0.3686,1.01494002518531,11.5693853879927,0.776672109481941,4.99993763683018
0.36865,1.01494355406117,12.881621435148,0.776672109481941,4.99993763683018
0.3687,1.01494708295415,11.5842152960207,0.776672109481941,4.99993763683018
0.36875,1.0149506118625,12.8655046367384,0.776672109481941,4.99993763683018
0.3688,1.01495414078557,11.5992896437648,0.776672109481941,4.99993763683018
0.36885,1.01495766972157,12.8491189345897,0.776672109481941,4.99993763683018
0.3689,1.01496119866984,11.6146005211836,0.776672109481941,4.99993763683018
0.36895,1.01496472762856,12.8324729346616,0.776672109481941,4.99993763683018
0.369,1.01496825659704,11.6301395443006,0.776540241013737,4.99994067831786
0.36905,1.01497178557341,12.815575900288,0.776540241013737,4.99994067831786
0.3691,1.01497531394262,11.6458976683405,0.776540241013737,4.99994067831786
0.36915,1.01497884200995,12.7984373305209,0.776540241013737,4.99994067831786
0.3692,1.01498237038905,11.6618656876341,0.776540241013737,4.99994067831786
0.36925,1.01498589877079,12.7810673873502,0.776540241013737,4.99994067831786
0.3693,1.01498942715444,11.6780339186575,0.776540241013737,4.99994067831786
0.36935,1.01499295553803,12.7634766398704,0.776540241013737,4.99994067831786
0.3694,1.01499648392083,11.6943923081569,0.776540241013737,4.99994067831786
0.36945,1.01500001230082,12.7456760267769,0.776540241013737,4.99994067831786
0.3695,1.01500354067725,11.7109305409513,0.776540241013737,4.99994067831786
0.36955,1.0150070690481,12.7276768017175,0.776540241013737,4.99994067831786
0.3696,1.01501059741258,11.7276380189372,0.776540241013737,4.99994067831786
0.36965,1.01501412576866,12.7094905842841,0.776540241013737,4.99994067831786
0.3697,1.01501765411552,11.7445038470639,0.776540241013737,4.99994067831786
0.36975,1.01502118245112,12.6911292981756,0.776540241013737,4.99994067831786
0.3698,1.01502471077463,11.7615169391183,0.776540241013737,4.99994067831786
0.36985,1.01502823908398,12.6726050792628,0.776540241013737,4.99994067831786
0.3699,1.01503176737833,11.7786660372768,0.776540241013737,4.99994067831786
0.36995,1.01503529565559,12.6539303168585,0.776540241013737,4.99994067831786
0.37,1.01503882391492,11.7959397307968,0.776407282131702,4.99994357147044
0.37005,1.0150423521542,12.6351177157598,0.776407282131702,4.99994357147044
0.3701,1.0150458797532,11.8133262668938,0.776407282131702,4.99994357147044
0.37015,1.01504940701948,12.6161799096036,0.776407282131702,4.99994357147044
0.3702,1.01505293457158,11.8308140032767,0.776407282131702,4.99994357147044
0.37025,1.01505646209766,12.5971298838667,0.776407282131702,4.99994357147044
0.3703,1.01505998959685,11.8483910956159,0.776407282131702,4.99994357147044
0.37035,1.015063517067,12.5779807376422,0.776407282131702,4.99994357147044
0.3704,1.01506704450723,11.866045592606,0.776407282131702,4.99994357147044
0.37045,1.01507057191539,12.5587456593775,0.776407282131702,4.99994357147044
0.3705,1.01507409929059,11.8837655191687,0.776407282131702,4.99994357147044
0.37055,1.01507762663066,12.5394378916969,0.776407282131702,4.99994357147044
0.3706,1.01508115393474,11.9015388447011,0.776407282131702,4.99994357147044
0.37065,1.01508468120063,12.5200707829911,0.776407282131702,4.99994357147044
0.3707,1.01508820842745,11.9193534673865,0.776407282131702,4.99994357147044
0.37075,1.01509173561304,12.500657734548,0.776407282131702,4.99994357147044
0.3708,1.01509526275649,11.9371972990487,0.776407282131702,4.99994357147044
0.37085,1.01509878985564,12.4812121311159,0.776407282131702,4.99994357147044
0.3709,1.01510231690959,11.9550582693601,0.776407282131702,4.99994357147044
0.37095,1.01510584391617,12.4617473841705,0.776407282131702,4.99994357147044
0.371,1.01510937087449,11.9729243448487,0.776273231224319,4.9999463235223
0.37105,1.01511289778238,12.4422769905687,0.776273231224319,4.9999463235223
0.3711,1.01511642401451,11.9907833403881,0.776273231224319,4.9999463235223
0.37115,1.01511994988094,12.4228141820728,0.776273231224319,4.9999463235223
0.3712,1.01512347600523,12.0086233302828,0.776273231224319,4.9999463235223
0.37125,1.01512700207299,12.4033723357927,0.776273231224319,4.9999463235223
0.3713,1.01513052808334,12.0264323537126,0.776273231224319,4.9999463235223
0.37135,1.01513405403413,12.3839647420553,0.776273231224319,4.9999463235223
0.3714,1.01513757992449,12.0441985029731,0.776273231224319,4.9999463235223
0.37145,1.01514110575227,12.3646045948707,0.776273231224319,4.9999463235223
0.3715,1.0151446315166,12.0619099833591,0.776273231224319,4.9999463235223
0.37155,1.01514815721537,12.3453049718962,0.776273231224319,4.9999463235223
0.3716,1.0151516828477,12.0795550817674,0.776273231224319,4.9999463235223
0.37165,1.01515520841149,12.3260788759661,0.776273231224319,4.9999463235223
0.3717,1.01515873390588,12.0971221564378,0.776273231224319,4.9999463235223
0.37175,1.01516225932877,12.306939191878,0.776273231224319,4.9999463235223
0.3718,1.01516578467933,12.1145997000986,0.776273231224319,4.9999463235223
0.37185,1.01516930995547,12.287898638788,0.776273231224319,4.9999463235223
0.3719,1.01517283515637,12.1319763370397,0.776273231224319,4.9999463235223
0.37195,1.01517636027997,12.2689698053536,0.776273231224319,4.9999463235223
0.372,1.01517988532544,12.1492408510691,0.77613808670021,4.99994894135501
0.37205,1.01518341029075,12.250165204143,0.77613808670021,4.99994894135501
0.3721,1.01518693454562,12.1663819945562,0.77613808670021,4.99994894135501
0.37215,1.01519045840278,12.2314969600147,0.77613808670021,4.99994894135501
0.3722,1.01519398249092,12.1833888638022,0.77613808670021,4.99994894135501
0.37225,1.01519750649332,12.2129772000842,0.77613808670021,4.99994894135501
0.3723,1.01520103040919,12.200250631548,0.77613808670021,4.99994894135501
0.37235,1.01520455423659,12.1946178229237,0.77613808670021,4.99994894135501
0.3724,1.01520807797474,12.2169566273771,0.77613808670021,4.99994894135501
0.37245,1.01521160162174,12.1764305096294,0.77613808670021,4.99994894135501
0.3725,1.01521512517683,12.233496373583,0.77613808670021,4.99994894135501
0.37255,1.01521864863812,12.1584267141573,0.77613808670021,4.99994894135501
0.3726,1.01522217200487,12.2498595640917,0.77613808670021,4.99994894135501
0.37265,1.01522569527525,12.1406176871377,0.77613808670021,4.99994894135501
0.3727,1.01522921844853,12.2660360617961,0.77613808670021,4.99994894135501
0.37275,1.0152327415229,12.1230144470122,0.77613808670021,4.99994894135501
0.3728,1.01523626449766,12.2820159358851,0.77613808670021,4.99994894135501
0.37285,1.01523978737103,12.105627755075,0.77613808670021,4.99994894135501
0.3729,1.01524331014234,12.2977894581064,0.77613808670021,4.99994894135501
0.37295,1.01524683280985,12.0884681339779,0.77613808670021,4.99994894135501
0.373,1.01525035537291,12.3133471459459,0.776001846989631,4.99995143151451
0.37305,1.01525387782982,12.071545918809,0.776001846989631,4.99995143151451
0.3731,1.0152573995454,12.3286795643934,0.776001846989631,4.99995143151451
0.37315,1.01526092083528,12.0548709880096,0.776001846989631,4.99995143151451
0.3732,1.01526444233339,12.3437776684325,0.776001846989631,4.99995143151451
0.37325,1.01526796372084,12.0384531280233,0.776001846989631,4.99995143151451
0.3733,1.01527148499706,12.3586325684532,0.776001846989631,4.99995143151451
0.37335,1.01527500616048,12.0223018005506,0.776001846989631,4.99995143151451
0.3734,1.01527852721053,12.3732356019547,0.776001846989631,4.99995143151451
0.37345,1.0152820481457,12.0064261780615,0.776001846989631,4.99995143151451
0.3735,1.01528556896546,12.3875783444295,0.776001846989631,4.99995143151451
0.37355,1.01528908966833,11.9908351423147,0.776001846989631,4.99995143151451
0.3736,1.0152926102538,12.4016526031624,0.776001846989631,4.99995143151451
0.37365,1.01529613072046,11.9755372872904,0.776001846989631,4.99995143151451
0.3737,1.01529965106783,12.4154504227366,0.776001846989631,4.99995143151451
0.37375,1.01530317129453,11.9605409067297,0.776001846989631,4.99995143151451
0.3738,1.01530669140012,12.4289640956985,0.776001846989631,4.99995143151451
0.37385,1.01531021138327,11.9458539903423,0.776001846989631,4.99995143151451
0.3739,1.01531373124356,12.4421861615335,0.776001846989631,4.99995143151451
0.37395,1.01531725097973,11.931484223212,0.776001846989631,4.99995143151451
0.374,1.01532077059139,12.4551094652297,0.77586451054593,4.9999538002275
0.37405,1.01532429007731,11.9174390361201,0.77586451054593,4.9999538002275
0.3741,1.01532780879754,12.4677269494586,0.77586451054593,4.9999538002275
0.37415,1.01533132707073,11.9037253770659,0.77586451054593,4.9999538002275
0.3742,1.01533484553615,12.4800319697353,0.77586451054593,4.9999538002275
0.37425,1.01533836387289,11.8903500470738,0.77586451054593,4.9999538002275
0.3743,1.01534188208067,12.4920180927563,0.77586451054593,4.9999538002275
0.37435,1.01534540015842,11.8773194684066,0.77586451054593,4.9999538002275
0.3744,1.01534891810589,12.5036791556252,0.77586451054593,4.9999538002275
0.37445,1.01535243592209,11.8646397456572,0.77586451054593,4.9999538002275
0.3745,1.01535595360678,12.515009254926,0.77586451054593,4.9999538002275
0.37455,1.01535947115905,11.8523166665119,0.77586451054593,4.9999538002275
0.3746,1.01536298857868,12.5260027596492,0.77586451054593,4.9999538002275
0.37465,1.01536650586481,11.8403556842424,0.77586451054593,4.9999538002275
0.3747,1.01537002301727,12.5366543204625,0.77586451054593,4.9999538002275
0.37475,1.01537354003526,11.8287619261573,0.77586451054593,4.9999538002275
0.3748,1.01537705691864,12.5469588528881,0.77586451054593,4.9999538002275
0.37485,1.01538057366666,11.8175402066933,0.77586451054593,4.9999538002275
0.3749,1.01538409027923,12.5569115445132,0.77586451054593,4.9999538002275
0.37495,1.01538760675566,11.8066950044019,0.77586451054593,4.9999538002275
0.375,1.01539112309589,12.5665079280916,0.775726075846794,4.99995605341699
0.37505,1.0153946392993,11.7962305153838,0.775726075846794,4.99995605341699
0.3751,1.01539815472117,12.5757436601481,0.775726075846794,4.99995605341699
0.37515,1.0154016696833,11.7861504643661,0.775726075846794,4.99995605341699
0.3752,1.01540518483037,12.5846148127776,0.775726075846794,4.99995605341699
0.37525,1.01540869983954,11.7764584086333,0.775726075846794,4.99995605341699
0.3753,1.01541221471085,12.5931177055758,0.775726075846794,4.99995605341699
0.37535,1.01541572944386,11.7671575079256,0.775726075846794,4.99995605341699
0.3754,1.01541924403867,12.6012489505293,0.775726075846794,4.99995605341699
0.37545,1.01542275849489,11.7582506108346,0.775726075846794,4.99995605341699
0.3755,1.01542627281264,12.6090054206864,0.775726075846794,4.99995605341699
0.37555,1.01542978699162,11.7497402558517,0.775726075846794,4.99995605341699
0.3756,1.01543330103197,12.6163842820034,0.775726075846794,4.99995605341699
0.37565,1.01543681493345,11.7416286349866,0.775726075846794,4.99995605341699
0.3757,1.01544032869626,12.6233830051387,0.775726075846794,4.99995605341699
0.37575,1.0154438423202,11.733917621362,0.775726075846794,4.99995605341699
0.3758,1.01544735580551,12.6299993241639,0.775726075846794,4.99995605341699
0.37585,1.01545086915206,11.7266087955286,0.775726075846794,4.99995605341699
0.3759,1.01545438236013,12.6362312519323,0.775726075846794,4.99995605341699
0.37595,1.01545789542965,11.7197034034615,0.775726075846794,4.99995605341699
0.376,1.01546140836093,12.6420771633507,0.775586541395156,4.99995819671713
0.37605,1.01546492115397,11.7132024142582,0.775586541395156,4.99995819671713
0.3761,1.01546843315937,12.6475355630065,0.775586541395156,4.99995819671713
0.37615,1.01547194470207,11.7071063629379,0.775586541395156,4.99995819671713
0.3762,1.0154754564322,12.6526053588817,0.775586541395156,4.99995819671713
0.37625,1.01547896802502,11.7014156241125,0.775586541395156,4.99995819671713
0.3763,1.01548247948093,12.6572857211627,0.775586541395156,4.99995819671713
0.37635,1.01548599080015,11.6961301891205,0.775586541395156,4.99995819671713
0.3764,1.0154895019831,12.6615761113473,0.775586541395156,4.99995819671713
0.37645,1.01549301303006,11.6912497720085,0.775586541395156,4.99995819671713
0.3765,1.01549652394151,12.6654762379023,0.775586541395156,4.99995819671713
0.37655,1.01550003471777,11.6867738056247,0.775586541395156,4.99995819671713
0.3766,1.01550354535935,12.6689861051995,0.775586541395156,4.99995819671713
0.37665,1.01550705586664,11.6827013929138,0.775586541395156,4.99995819671713
0.3767,1.0155105662402,12.6721060216167,0.775586541395156,4.99995819671713
0.37675,1.01551407648047,11.6790313534632,0.775586541395156,4.99995819671713
0.3768,1.01551758658804,12.6748365386962,0.775586541395156,4.99995819671713
0.37685,1.01552109656342,11.675762255517,0.775586541395156,4.99995819671713
0.3769,1.01552460640722,12.6771784775988,0.775586541395156,4.99995819671713
0.37695,1.01552811612002,11.6728923573462,0.775586541395156,4.99995819671713
0.377,1.01553162570247,12.6791330172327,0.775445905719644,4.9999602354873
0.37705,1.0155351351552,11.6704196722271,0.775445905719644,4.9999602354873
0.3771,1.01553864382407,12.6807014512836,0.775445905719644,4.9999602354873
0.37715,1.01554215203718,11.6683418370412,0.775445905719644,4.9999602354873
0.3772,1.01554566045008,12.6818854482406,0.775445905719644,4.9999602354873
0.37725,1.01554916873612,11.6666563561537,0.775445905719644,4.9999602354873
0.3773,1.01555267689603,12.6826869332085,0.775445905719644,4.9999602354873
0.37735,1.01555618493063,11.6653603880576,0.775445905719644,4.9999602354873
0.3774,1.0155596928407,12.6831081015828,0.775445905719644,4.9999602354873
0.37745,1.01556320062709,11.6644508661286,0.775445905719644,4.9999602354873
0.3775,1.01556670829062,12.6831513652774,0.775445905719644,4.9999602354873
0.37755,1.01557021583221,11.6639244894987,0.775445905719644,4.9999602354873
0.3776,1.0155737232527,12.6828194145343,0.775445905719644,4.9999602354873
0.37765,1.01557723055307,11.663777666206,0.775445905719644,4.9999602354873
0.3777,1.01558073773418,12.6821152218392,0.775445905719644,4.9999602354873
0.37775,1.01558424479707,11.664006572961,0.775445905719644,4.9999602354873
0.3778,1.01558775174262,12.6810419679722,0.775445905719644,4.9999602354873
0.37785,1.01559125857193,11.6646071893722,0.775445905719644,4.9999602354873
0.3779,1.01559476528592,12.6796030758528,0.775445905719644,4.9999602354873
0.37795,1.01559827188572,11.6655752301028,0.775445905719644,4.9999602354873
0.378,1.01560177837229,12.677802298203,0.775304167374523,4.99996217482547
0.37805,1.0156052847468,11.6669062148442,0.775304167374523,4.99996217482547
0.3781,1.01560879035032,12.6756434714171,0.775304167374523,4.99996217482547
0.37815,1.01561229551404,11.6685953530355,0.775304167374523,4.99996217482547
0.3782,1.01561580089889,12.673130764808,0.775304167374523,4.99996217482547
0.37825,1.01561930617619,11.6706377643754,0.775304167374523,4.99996217482547
0.3783,1.01562281134696,12.6702685754771,0.775304167374523,4.99996217482547
0.37835,1.01562631641254,11.6730282794425,0.775304167374523,4.99996217482547
0.3784,1.01562982137397,12.6670615297064,0.775304167374523,4.99996217482547
0.37845,1.01563332623263,11.6757615650693,0.775304167374523,4.99996217482547
0.3785,1.01563683098958,12.6635144282473,0.775304167374523,4.99996217482547
0.37855,1.01564033564625,11.6788321087523,0.775304167374523,4.99996217482547
0.3786,1.01564384020373,12.6596323139755,0.775304167374523,4.99996217482547
0.37865,1.01564734466348,11.6822341623078,0.775304167374523,4.99996217482547
0.3787,1.0156508490266,12.6554204679292,0.775304167374523,4.99996217482547
0.37875,1.01565435329461,11.6859618097693,0.775304167374523,4.99996217482547
0.3788,1.01565785746862,12.6508843310536,0.775304167374523,4.99996217482547
0.37885,1.0156613615502,11.6900089972657,0.775304167374523,4.99996217482547
0.3789,1.01566486554047,12.646029544395,0.775304167374523,4.99996217482547
0.37895,1.01566836944102,11.694369462461,0.775304167374523,4.99996217482547
0.379,1.01567187325302,12.6408620300832,0.775161324939108,4.999964019581
0.37905,1.01567537697808,11.6990368097279,0.775161324939108,4.999964019581
0.3791,1.01567887995236,12.6353877470743,0.775161324939108,4.999964019581
0.37915,1.01568238251003,11.7040044033066,0.775161324939108,4.999964019581
0.3792,1.0156858853173,12.6296129326477,0.775161324939108,4.999964019581
0.37925,1.01568938804335,11.709265568658,0.775161324939108,4.999964019581
0.3793,1.01569289068937,12.6235440040559,0.775161324939108,4.999964019581
0.37935,1.0156963932571,11.7148134087152,0.775161324939108,4.999964019581
0.3794,1.01569989574774,12.6171875511859,0.775161324939108,4.999964019581
0.37945,1.01570339816304,11.720640927129,0.775161324939108,4.999964019581
0.3795,1.01570690050423,12.6105502848516,0.775161324939108,4.999964019581
0.37955,1.01571040277308,11.726741008123,0.775161324939108,4.999964019581
0.3796,1.01571390497084,12.6036391041833,0.775161324939108,4.999964019581
0.37965,1.01571740709929,11.7331063650505,0.775161324939108,4.999964019581
0.3797,1.01572090915969,12.5964610862428,0.775161324939108,4.999964019581
0.37975,1.01572441115387,11.7397296090773,0.775161324939108,4.999964019581
0.3798,1.01572791308307,12.5890234107474,0.775161324939108,4.999964019581
0.37985,1.01573141494915,11.7466032734324,0.775161324939108,4.999964019581
0.3799,1.01573491675335,12.5813334007971,0.775161324939108,4.999964019581
0.37995,1.01573841849755,11.7537197478895,0.775161324939108,4.999964019581
0.38,1.01574192018301,12.5733985940531,0.775017377016703,4.99996577436674
0.38005,1.01574542181163,11.7610713542603,0.775017377016703,4.99996577436674
0.3801,1.01574892271453,12.565226509602,0.775017377016703,4.99996577436674
0.38015,1.01575242322871,11.7686502407738,0.775017377016703,4.99996577436674
0.3802,1.01575592402553,12.5568248811532,0.775017377016703,4.99996577436674
0.38025,1.01575942477187,11.7764485728102,0.775017377016703,4.99996577436674
0.3803,1.01576292546898,12.5482015570062,0.775017377016703,4.99996577436674
0.38035,1.0157664261188,11.7844583656448,0.775017377016703,4.99996577436674
0.3804,1.01576992672259,12.5393644908983,0.775017377016703,4.99996577436674
0.38045,1.01577342728231,11.7926715957677,0.775017377016703,4.99996577436674
0.3805,1.01577692779921,12.5303216989222,0.775017377016703,4.99996577436674
0.38055,1.01578042827526,11.8010801794208,0.775017377016703,4.99996577436674
0.3806,1.0157839287117,12.5210813180187,0.775017377016703,4.99996577436674
0.38065,1.0157874291105,11.8096759324494,0.775017377016703,4.99996577436674
0.3807,1.01579092947291,12.5116515901531,0.775017377016703,4.99996577436674
0.38075,1.01579442980091,11.8184506321617,0.775017377016703,4.99996577436674
0.3808,1.01579793009574,12.502040798728,0.775017377016703,4.99996577436674
0.38085,1.01580143035937,11.8273960333914,0.775017377016703,4.99996577436674
0.3809,1.01580493059305,12.4922573053425,0.775017377016703,4.99996577436674
0.38095,1.01580843079875,11.8365038153263,0.775017377016703,4.99996577436674
0.381,1.01581193097769,12.482309607517,0.774872322233147,4.99996744357057
0.38105,1.01581543113186,11.8457656544233,0.774872322233147,4.99996744357057
0.3811,1.01581893058724,12.4722061240231,0.774872322233147,4.99996744357057
0.38115,1.01582242968344,11.8551731139132,0.774872322233147,4.99996744357057
0.3812,1.01582592909688,12.4619554202667,0.774872322233147,4.99996744357057
0.38125,1.01582942849192,11.8647178300919,0.774872322233147,4.99996744357057
0.3813,1.01583292786976,12.4515661009045,0.774872322233147,4.99996744357057
0.38135,1.01583642723235,11.8743913613971,0.774872322233147,4.99996744357057
0.3814,1.01583992658088,12.4410468042757,0.774872322233147,4.99996744357057
0.38145,1.0158434259173,11.8841852819353,0.774872322233147,4.99996744357057
0.3815,1.01584692524279,12.4304061706595,0.774872322233147,4.99996744357057
0.38155,1.01585042455928,11.8940911618721,0.774872322233147,4.99996744357057
0.3816,1.01585392386793,12.4196528864531,0.774872322233147,4.99996744357057
0.38165,1.01585742317066,11.9041005410537,0.774872322233147,4.99996744357057
0.3817,1.01586092246862,12.4087956661376,0.774872322233147,4.99996744357057
0.38175,1.01586442176372,11.9142049781579,0.774872322233147,4.99996744357057
0.3818,1.01586792105707,12.3978432051263,0.774872322233147,4.99996744357057
0.38185,1.01587142035058,11.9243960596489,0.774872322233147,4.99996744357057
0.3819,1.01587491964535,12.3868042074892,0.774872322233147,4.99996744357057
0.38195,1.01587841894325,11.9346653635268,0.774872322233147,4.99996744357057
0.382,1.01588191824537,12.3756874308065,0.774726159235115,4.99996903136637
0.38205,1.01588541755356,11.9450045244658,0.774726159235115,4.99996903136637
0.3821,1.01588891618854,12.3645014964686,0.774726159235115,4.99996903136637
0.38215,1.01589241449234,11.9554051161987,0.774726159235115,4.99996903136637
0.3822,1.01589591314632,12.3532551042177,0.774726159235115,4.99996903136637
0.38225,1.01589941181212,11.9658588400591,0.774726159235115,4.99996903136637
0.3823,1.01590291049075,12.3419569141577,0.774726159235115,4.99996903136637
0.38235,1.01590640918402,11.9763573872579,0.774726159235115,4.99996903136637
0.3824,1.01590990789289,12.3306155520388,0.774726159235115,4.99996903136637
0.38245,1.01591340661913,11.9868925094975,0.774726159235115,4.99996903136637
0.3825,1.0159169053637,12.3192395892146,0.774726159235115,4.99996903136637
0.38255,1.01592040412835,11.9974560065358,0.774726159235115,4.99996903136637
0.3826,1.01592390291398,12.3078375666611,0.774726159235115,4.99996903136637
0.38265,1.01592740172232,12.0080397150968,0.774726159235115,4.99996903136637
0.3827,1.01593090055426,12.2964179794997,0.774726159235115,4.99996903136637
0.38275,1.01593439941148,12.0186355386066,0.774726159235115,4.99996903136637
0.3828,1.01593789829485,12.2849892508272,0.774726159235115,4.99996903136637
0.38285,1.015941397206,12.0292354508886,0.774726159235115,4.99996903136637
0.3829,1.01594489614578,12.2735597449973,0.774726159235115,4.99996903136637
0.38295,1.0159483951158,12.0398314814091,0.774726159235115,4.99996903136637
0.383,1.01595189411686,12.2621378000517,0.774578886688319,4.99997054172445
0.38305,1.01595539315054,12.0504157682365,0.774578886688319,4.99997054172445
0.3831,1.01595889153215,12.2507315687858,0.774578886688319,4.99997054172445
0.38315,1.01596238960597,12.0609804307341,0.774578886688319,4.99997054172445
0.3832,1.01596588805817,12.239349220753,0.774578886688319,4.99997054172445
0.38325,1.01596938654755,12.07151776556,0.774578886688319,4.99997054172445
0.3833,1.01597288507478,12.227998811062,0.774578886688319,4.99997054172445
0.38335,1.01597638364135,12.0820201203266,0.774578886688319,4.99997054172445
0.3834,1.0159798822479,12.2166883009552,0.774578886688319,4.99997054172445
0.38345,1.01598338089587,12.0924799385235,0.774578886688319,4.99997054172445
0.3835,1.01598687958586,12.2054255498475,0.774578886688319,4.99997054172445
0.38355,1.01599037831928,12.1028897566274,0.774578886688319,4.99997054172445
0.3836,1.01599387709669,12.1942183172543,0.774578886688319,4.99997054172445
0.38365,1.01599737591944,12.1132422080762,0.774578886688319,4.99997054172445
0.3837,1.01600087478807,12.1830742526084,0.774578886688319,4.99997054172445
0.38375,1.01600437370388,12.1235300315882,0.774578886688319,4.99997054172445
0.3838,1.01600787266737,12.1720008904853,0.774578886688319,4.99997054172445
0.38385,1.01601137167979,12.1337460716254,0.774578886688319,4.99997054172445
0.3839,1.01601487074161,12.1610056477497,0.774578886688319,4.99997054172445
0.38395,1.01601836985402,12.1438832846085,0.774578886688319,4.99997054172445
0.384,1.01602186901746,12.1500958469871,0.774430503275779,4.99997197842151
0.38405,1.01602536823307,12.153934776936,0.774430503275779,4.99997197842151
0.3841,1.01602886681066,12.1392785886633,0.774430503275779,4.99997197842151
0.38415,1.01603236509664,12.1638936704632,0.774430503275779,4.99997197842151
0.3842,1.01603586378191,12.1285609376155,0.774430503275779,4.99997197842151
0.38425,1.01603936252225,12.173753307684,0.774430503275779,4.99997197842151
0.3843,1.01604286131795,12.1179497814305,0.774430503275779,4.99997197842151
0.38435,1.01604636017001,12.1835071316433,0.774430503275779,4.99997197842151
0.3844,1.0160498590787,12.1074518698561,0.774430503275779,4.99997197842151
0.38445,1.01605335804496,12.1931487063824,0.774430503275779,4.99997197842151
0.3845,1.016056857069,12.0970738146051,0.774430503275779,4.99997197842151
0.38455,1.01606035615173,12.2026717278389,0.774430503275779,4.99997197842151
0.3846,1.01606385529331,12.0868220689808,0.774430503275779,4.99997197842151
0.38465,1.01606735449459,12.2120700391239,0.774430503275779,4.99997197842151
0.3847,1.0160708537557,12.0767029284206,0.774430503275779,4.99997197842151
0.38475,1.01607435307741,12.2213376148989,0.774430503275779,4.99997197842151
0.3848,1.01607785245983,12.0667225455632,0.774430503275779,4.99997197842151
0.38485,1.01608135190368,12.2304685629161,0.774430503275779,4.99997197842151
0.3849,1.016084851409,12.0568869081124,0.774430503275779,4.99997197842151
0.38495,1.01608835097646,12.2394571510301,0.774430503275779,4.99997197842151
0.385,1.01609185060607,12.0472018568964,0.774281007696345,4.99997334505002
0.38505,1.01609535029845,12.2482978268156,0.774281007696345,4.99997334505002
0.3851,1.01609884935784,12.0376729901658,0.774281007696345,4.99997334505002
0.38515,1.01610234813265,12.2569850769848,0.774281007696345,4.99997334505002
0.3852,1.01610584731852,12.0283058326348,0.774281007696345,4.99997334505002
0.38525,1.01610934656809,12.2655136435058,0.774281007696345,4.99997334505002
0.3853,1.01611284588121,12.0191056844167,0.774281007696345,4.99997334505002
0.38535,1.01611634525835,12.2738784075594,0.774281007696345,4.99997334505002
0.3854,1.01611984469931,12.0100776800491,0.774281007696345,4.99997334505002
0.38545,1.01612334420449,12.2820743865568,0.774281007696345,4.99997334505002
0.3855,1.01612684377366,12.0012267949423,0.774281007696345,4.99997334505002
0.38555,1.01613034340716,12.2900967585395,0.774281007696345,4.99997334505002
0.3856,1.01613384310471,11.9925578049492,0.774281007696345,4.99997334505002
0.38565,1.01613734286658,12.2979408866501,0.774281007696345,4.99997334505002
0.3857,1.01614084269247,11.9840752976594,0.774281007696345,4.99997334505002
0.38575,1.01614434258259,12.3056022823004,0.774281007696345,4.99997334505002
0.3858,1.01614784253657,11.9757837038049,0.774281007696345,4.99997334505002
0.38585,1.01615134255457,12.3130766087177,0.774281007696345,4.99997334505002
0.3859,1.0161548426362,11.9676872590077,0.774281007696345,4.99997334505002
0.38595,1.01615834278154,12.3203597236766,0.774281007696345,4.99997334505002
0.386,1.01616184299016,11.9597900198785,0.774130398663581,4.99997464502727
0.38605,1.01616534326209,12.3274476823401,0.774130398663581,4.99997464502727
0.3861,1.016168842896,11.95209579451,0.774130398663581,4.99997464502727
0.38615,1.0161723422423,12.3343365953722,0.774130398663581,4.99997464502727
0.3862,1.01617584200129,11.9446082937568,0.774130398663581,4.99997464502727
0.38625,1.01617934182248,12.3410228520081,0.774130398663581,4.99997464502727
0.3863,1.01618284170529,11.9373309774352,0.774130398663581,4.99997464502727
0.38635,1.01618634164957,12.3475030038427,0.774130398663581,4.99997464502727
0.3864,1.01618984165473,11.9302671305138,0.774130398663581,4.99997464502727
0.38645,1.01619334172055,12.3537737451614,0.774130398663581,4.99997464502727
0.3865,1.01619684184639,11.9234198703179,0.774130398663581,4.99997464502727
0.38655,1.01620034203198,12.3598319510449,0.774130398663581,4.99997464502727
0.3866,1.01620384227664,11.9167920915234,0.774130398663581,4.99997464502727
0.38665,1.01620734258004,12.3656747045379,0.774130398663581,4.99997464502727
0.3867,1.01621084294146,11.910386490806,0.774130398663581,4.99997464502727
0.38675,1.01621434336051,12.3712992414258,0.774130398663581,4.99997464502727
0.3868,1.01621784383643,11.9042056084647,0.774130398663581,4.99997464502727
0.38685,1.01622134436878,12.3767029596827,0.774130398663581,4.99997464502727
0.3869,1.01622484495676,11.8982517750188,0.774130398663581,4.99997464502727
0.38695,1.01622834559987,12.3818834733754,0.774130398663581,4.99997464502727
0.387,1.01623184629728,11.8925271295866,0.773978674905139,4.99997588160388
0.38705,1.01623534704842,12.3868385983778,0.773978674905139,4.99997588160388
0.3871,1.01623884714645,11.8870335726248,0.773978674905139,4.99997588160388
0.38715,1.01624234694375,12.3915662124021,0.773978674905139,4.99997588160388
0.3872,1.01624584714539,11.8817728991746,0.773978674905139,4.99997588160388
0.38725,1.01624934739772,12.3960644827772,0.773978674905139,4.99997588160388
0.3873,1.01625284769978,11.8767466455457,0.773978674905139,4.99997588160388
0.38735,1.01625634805086,12.400331749004,0.773978674905139,4.99997588160388
0.3874,1.01625984844998,11.871956179335,0.773978674905139,4.99997588160388
0.38745,1.01626334889637,12.4043664903869,0.773978674905139,4.99997588160388
0.3875,1.016266849389,11.867402706235,0.773978674905139,4.99997588160388
0.38755,1.01627034992708,12.4081673744159,0.773978674905139,4.99997588160388
0.3876,1.01627385050952,11.8630872056579,0.773978674905139,4.99997588160388
0.38765,1.01627735113549,12.4117332842717,0.773978674905139,4.99997588160388
0.3877,1.01628085180388,11.8590104653933,0.773978674905139,4.99997588160388
0.38775,1.01628435251378,12.4150632515919,0.773978674905139,4.99997588160388
0.3878,1.01628785326406,11.8551731284654,0.773978674905139,4.99997588160388
0.38785,1.01629135405378,12.4181564703646,0.773978674905139,4.99997588160388
0.3879,1.01629485488178,11.8515756315138,0.773978674905139,4.99997588160388
0.38795,1.01629835574704,12.4210123549903,0.773978674905139,4.99997588160388
0.388,1.01630185664839,11.8482182266017,0.77382583516266,4.99997705787194
0.38805,1.01630535758477,12.4236305147345,0.77382583516266,4.99997705787194
0.3881,1.01630885784386,11.8451009468505,0.77382583516266,4.99997705787194
0.38815,1.01631235778011,12.4260106198845,0.77382583516266,4.99997705787194
0.3882,1.01631585810343,11.8422237252024,0.77382583516266,4.99997705787194
0.38825,1.01631935845709,12.4281526261863,0.77382583516266,4.99997705787194
0.3883,1.01632285883984,11.8395862484469,0.77382583516266,4.99997705787194
0.38835,1.01632635925048,12.4300566555498,0.77382583516266,4.99997705787194
0.3884,1.01632985968775,11.8371880536718,0.77382583516266,4.99997705787194
0.38845,1.0163333601504,12.4317229597628,0.77382583516266,4.99997705787194
0.3885,1.01633686063713,11.8350285308708,0.77382583516266,4.99997705787194
0.38855,1.01634036114667,12.433151974884,0.77382583516266,4.99997705787194
0.3886,1.01634386167768,11.8331068575998,0.77382583516266,4.99997705787194
0.38865,1.01634736222887,12.4343443433744,0.77382583516266,4.99997705787194
0.3887,1.01635086279887,11.83142204183,0.77382583516266,4.99997705787194
0.38875,1.01635436338636,12.4353008418174,0.77382583516266,4.99997705787194
0.3888,1.01635786398994,11.8299729669288,0.77382583516266,4.99997705787194
0.38885,1.01636136460825,12.4360224003898,0.77382583516266,4.99997705787194
0.3889,1.0163648652399,11.8287583268107,0.77382583516266,4.99997705787194
0.38895,1.01636836588346,12.4365101585461,0.77382583516266,4.99997705787194
0.389,1.01637186653754,11.8277766533633,0.773671878192207,4.99997817677273
0.38905,1.01637536720069,12.436765431701,0.773671878192207,4.99997817677273
0.3891,1.01637886715522,11.8270262882579,0.773671878192207,4.99997817677273
0.38915,1.01638236675778,12.4367895865443,0.773671878192207,4.99997817677273
0.3892,1.01638586672322,11.8265054896343,0.773671878192207,4.99997817677273
0.38925,1.01638936669189,12.4365842571835,0.773671878192207,4.99997817677273
0.3893,1.01639286666234,11.826212296751,0.773671878192207,4.99997817677273
0.38935,1.01639636663303,12.4361512250546,0.773671878192207,4.99997817677273
0.3894,1.01639986660251,11.8261446269787,0.773671878192207,4.99997817677273
0.38945,1.01640336656922,12.4354923836623,0.773671878192207,4.99997817677273
0.3895,1.01640686653168,11.8263002744244,0.773671878192207,4.99997817677273
0.38955,1.01641036648831,12.4346097935377,0.773671878192207,4.99997817677273
0.3896,1.01641386643763,11.8266768492062,0.773671878192207,4.99997817677273
0.38965,1.01641736637803,12.4335056980408,0.773671878192207,4.99997817677273
0.3897,1.01642086630803,11.8272718229642,0.773671878192207,4.99997817677273
0.38975,1.01642436622599,12.4321824534127,0.773671878192207,4.99997817677273
0.3898,1.01642786613044,11.8280825685153,0.773671878192207,4.99997817677273
0.38985,1.0164313660197,12.4306425501148,0.773671878192207,4.99997817677273
0.3899,1.0164348658923,11.8291062993088,0.773671878192207,4.99997817677273
0.38995,1.01643836574656,12.4288886606289,0.773671878192207,4.99997817677273
0.39,1.01644186558099,11.8303401007539,0.773516802765186,4.99997924110408
0.39005,1.0164453653939,12.4269236062678,0.773516802765186,4.99997924110408
0.3901,1.01644886446238,11.8317808998225,0.773516802765186,4.99997924110408
0.39015,1.01645236314544,12.4247502428948,0.773516802765186,4.99997924110408
0.3902,1.01645586216301,11.833425565934,0.773516802765186,4.99997924110408
0.39025,1.01645936115266,12.4223716607358,0.773516802765186,4.99997924110408
0.3903,1.01646286011291,11.8352707897511,0.773516802765186,4.99997924110408
0.39035,1.01646635904202,12.4197910667602,0.773516802765186,4.99997924110408
0.3904,1.01646985793851,11.8373131721017,0.773516802765186,4.99997924110408
0.39045,1.01647335680065,12.4170117574163,0.773516802765186,4.99997924110408
0.3905,1.01647685562695,11.8395492187818,0.773516802765186,4.99997924110408
0.39055,1.01648035441568,12.4140371671842,0.773516802765186,4.99997924110408
0.3906,1.01648385316535,11.8419752918404,0.773516802765186,4.99997924110408
0.39065,1.01648735187423,12.4108708761036,0.773516802765186,4.99997924110408
0.3907,1.01649085054083,11.8445876524568,0.773516802765186,4.99997924110408
0.39075,1.01649434916342,12.4075165500804,0.773516802765186,4.99997924110408
0.3908,1.01649784774054,11.8473824907652,0.773516802765186,4.99997924110408
0.39085,1.01650134627043,12.4039779618193,0.773516802765186,4.99997924110408
0.3909,1.01650484475164,11.8503558761585,0.773516802765186,4.99997924110408
0.39095,1.01650834318243,12.400259025569,0.773516802765186,4.99997924110408
0.391,1.01651184156137,11.8535037917213,0.773360607669632,4.99998025352738
0.39105,1.0165153398867,12.3963637698595,0.773360607669632,4.99998025352738
0.3911,1.01651883743041,11.8568220953607,0.773360607669632,4.99998025352738
0.39115,1.01652233455407,12.3922962348698,0.773360607669632,4.99998025352738
0.3912,1.01652583198285,11.8603066190457,0.773360607669632,4.99998025352738
0.39125,1.01652932935172,12.3880606508487,0.773360607669632,4.99998025352738
0.3913,1.01653282665929,11.8639530634238,0.773360607669632,4.99998025352738
0.39135,1.01653632390382,12.3836613257922,0.773360607669632,4.99998025352738
0.3914,1.01653982108396,11.867757073081,0.773360607669632,4.99998025352738
0.39145,1.01654331819797,12.379102629727,0.773360607669632,4.99998025352738
0.3915,1.0165468152445,11.8717142290433,0.773360607669632,4.99998025352738
0.39155,1.01655031222185,12.3743890320082,0.773360607669632,4.99998025352738
0.3916,1.01655380912869,11.8758200155036,0.773360607669632,4.99998025352738
0.39165,1.0165573059633,12.3695251015716,0.773360607669632,4.99998025352738
0.3917,1.01656080272441,11.8800698550496,0.773360607669632,4.99998025352738
0.39175,1.0165642994103,12.3645154624808,0.773360607669632,4.99998025352738
0.3918,1.01656779601971,11.8844591280805,0.773360607669632,4.99998025352738
0.39185,1.01657129255096,12.3593648104473,0.773360607669632,4.99998025352738
0.3919,1.01657478900281,11.8889831387588,0.773360607669632,4.99998025352738
0.39195,1.01657828537359,12.3540779330435,0.773360607669632,4.99998025352738
0.392,1.01658178166209,11.8936371489043,0.773203291711738,4.99998121657421
0.39205,1.01658527786665,12.3486596945913,0.773203291711738,4.99998121657421
0.3921,1.01658877325436,11.8984163270413,0.773203291711738,4.99998121657421
0.39215,1.01659226818945,12.3431149430913,0.773203291711738,4.99998121657421
0.3922,1.01659576340253,11.9033158517971,0.773203291711738,4.99998121657421
0.39225,1.01659925852612,12.3374486632462,0.773203291711738,4.99998121657421
0.3923,1.01660275355908,11.9083308212735,0.773203291711738,4.99998121657421
0.39235,1.01660624849984,12.3316658746876,0.773203291711738,4.99998121657421
0.3924,1.01660974334731,11.9134563088732,0.773203291711738,4.99998121657421
0.39245,1.01661323809993,12.3257716299417,0.773203291711738,4.99998121657421
0.3925,1.01661673275665,11.9186873570485,0.773203291711738,4.99998121657421
0.39255,1.01662022731593,12.3197710344639,0.773203291711738,4.99998121657421
0.3926,1.01662372177676,11.9240189625841,0.773203291711738,4.99998121657421
0.39265,1.01662721613763,12.3136692420125,0.773203291711738,4.99998121657421
0.3927,1.01663071039755,11.9294460981739,0.773203291711738,4.99998121657421
0.39275,1.01663420455506,12.3074714306627,0.773203291711738,4.99998121657421
0.3928,1.01663769860921,11.934963721205,0.773203291711738,4.99998121657421
0.39285,1.01664119255856,12.3011828106797,0.773203291711738,4.99998121657421
0.3929,1.01664468640219,11.9405667603234,0.773203291711738,4.99998121657421
0.39295,1.01664818013871,12.2948086286354,0.773203291711738,4.99998121657421
0.393,1.01665167376723,11.9462501457409,0.77304485371745,4.9999821326527
0.39305,1.01665516728639,12.2883541698744,0.77304485371745,4.9999821326527
0.3931,1.01665865995844,11.9520087428776,0.77304485371745,4.9999821326527
0.39315,1.01666215215052,12.2818246739882,0.77304485371745,4.9999821326527
0.3932,1.01666564459872,11.9578374638413,0.77304485371745,4.9999821326527
0.39325,1.01666913693332,12.2752254599272,0.77304485371745,4.9999821326527
0.3933,1.01667262915355,11.9637311910216,0.77304485371745,4.9999821326527
0.39335,1.01667612125816,12.2685618375534,0.77304485371745,4.9999821326527
0.3934,1.01667961324643,11.9696848107538,0.77304485371745,4.9999821326527
0.39345,1.01668310511715,12.2618391202944,0.77304485371745,4.9999821326527
0.3935,1.01668659686965,11.9756932098163,0.77304485371745,4.9999821326527
0.39355,1.01669008850276,12.2550626261075,0.77304485371745,4.9999821326527
0.3936,1.01669358001585,11.981751279332,0.77304485371745,4.9999821326527
0.39365,1.01669707140779,12.2482376698632,0.77304485371745,4.9999821326527
0.3937,1.01670056267799,11.9878539207918,0.77304485371745,4.9999821326527
0.39375,1.01670405382538,12.241369560439,0.77304485371745,4.9999821326527
0.3938,1.01670754484942,11.9939960458494,0.77304485371745,4.9999821326527
0.39385,1.01671103574905,12.2344635980687,0.77304485371745,4.9999821326527
0.3939,1.01671452652381,12.0001725834402,0.77304485371745,4.9999821326527
0.39395,1.01671801717267,12.2275250650159,0.77304485371745,4.9999821326527
0.394,1.01672150769521,12.006378503385,0.772885292533966,4.99998300405351
0.39405,1.01672499809048,12.2205592470387,0.772885292533966,4.99998300405351
0.3941,1.01672848761598,12.01260873652,0.772885292533966,4.99998300405351
0.39415,1.01673197664187,12.2135713537148,0.772885292533966,4.99998300405351
0.3942,1.01673546590988,12.0188582966149,0.772885292533966,4.99998300405351
0.39425,1.01673895504812,12.2065666176092,0.772885292533966,4.99998300405351
0.3943,1.01674244405629,12.0251222136022,0.772885292533966,4.99998300405351
0.39435,1.01674593293357,12.1995502230994,0.772885292533966,4.99998300405351
0.3944,1.01674942167972,12.0313955447559,0.772885292533966,4.99998300405351
0.39445,1.01675291029399,12.1925273305639,0.772885292533966,4.99998300405351
0.3945,1.01675639877616,12.0376733783849,0.772885292533966,4.99998300405351
0.39455,1.01675988712554,12.1855030564632,0.772885292533966,4.99998300405351
0.3946,1.01676337534197,12.0439508540311,0.772885292533966,4.99998300405351
0.39465,1.0167668634248,12.178482467729,0.772885292533966,4.99998300405351
0.3947,1.01677035137392,12.0502231493717,0.772885292533966,4.99998300405351
0.39475,1.01677383918873,12.1714705999592,0.772885292533966,4.99998300405351
0.3948,1.01677732686919,12.0564854744779,0.772885292533966,4.99998300405351
0.39485,1.01678081441473,12.164472440754,0.772885292533966,4.99998300405351
0.3949,1.01678430182535,12.0627331002814,0.772885292533966,4.99998300405351
0.39495,1.01678778910056,12.1574929093709,0.772885292533966,4.99998300405351
0.395,1.01679127624041,12.0689613723027,0.772724607030954,4.9999838329556
0.39505,1.01679476324445,12.1505368992375,0.772724607030954,4.9999838329556
0.3951,1.01679824936551,12.0751656177359,0.772724607030954,4.9999838329556
0.39515,1.01680173497685,12.1436092010371,0.772724607030954,4.9999838329556
0.3952,1.01680522082587,12.0813412792863,0.772724607030954,4.9999838329556
0.39525,1.01680870653861,12.1367145771285,0.772724607030954,4.9999838329556
0.3953,1.01681219211526,12.0874838562213,0.772724607030954,4.9999838329556
0.39535,1.01681567755554,12.1298577082784,0.772724607030954,4.9999838329556
0.3954,1.0168191628597,12.0935888940656,0.772724607030954,4.9999838329556
0.39545,1.01682264802751,12.1230432281463,0.772724607030954,4.9999838329556
0.3955,1.01682613305927,12.0996519955201,0.772724607030954,4.9999838329556
0.39555,1.01682961795482,12.1162756847291,0.772724607030954,4.9999838329556
0.3956,1.01683310271448,12.1056688541881,0.772724607030954,4.9999838329556
0.39565,1.01683658733816,12.109559537818,0.772724607030954,4.9999838329556
0.3957,1.01684007182624,12.1116352246295,0.772724607030954,4.9999838329556
0.39575,1.01684355617867,12.1028991945222,0.772724607030954,4.9999838329556
0.3958,1.01684704039588,12.1175469132029,0.772724607030954,4.9999838329556
0.39585,1.01685052447788,12.0962989805388,0.772724607030954,4.9999838329556
0.3959,1.01685400842516,12.1233998230216,0.772724607030954,4.9999838329556
0.39595,1.01685749223777,12.089763113464,0.772724607030954,4.9999838329556
0.396,1.01686097591624,12.1291899574058,0.772562796101383,4.99998462143166
0.39605,1.01686445946069,12.0832957621334,0.772562796101383,4.99998462143166
0.3961,1.01686794211926,12.1349133196098,0.772562796101383,4.99998462143166
0.39615,1.01687142426834,12.0769009696485,0.772562796101383,4.99998462143166
0.3962,1.01687490666101,12.1405660560102,0.772562796101383,4.99998462143166
0.39625,1.01687838892126,12.0705827100516,0.772562796101383,4.99998462143166
0.3963,1.01688187104977,12.1461443995634,0.772562796101383,4.99998462143166
0.39635,1.01688535304682,12.0643448527646,0.772562796101383,4.99998462143166
0.3964,1.01688883491314,12.1516446433227,0.772562796101383,4.99998462143166
0.39645,1.01689231664904,12.0581912012655,0.772562796101383,4.99998462143166
0.3965,1.01689579825531,12.1570631607617,0.772562796101383,4.99998462143166
0.39655,1.01689927973232,12.0521254394559,0.772562796101383,4.99998462143166
0.3966,1.01690276108089,12.1623964468971,0.772562796101383,4.99998462143166
0.39665,1.01690624230146,12.0461511364169,0.772562796101383,4.99998462143166
0.3967,1.01690972339488,12.1676410723566,0.772562796101383,4.99998462143166
0.39675,1.01691320436164,12.0402717945042,0.772562796101383,4.99998462143166
0.3968,1.01691668520265,12.1727936753198,0.772562796101383,4.99998462143166
0.39685,1.01692016591845,12.0344908080622,0.772562796101383,4.99998462143166
0.3969,1.01692364650998,12.1778510193952,0.772562796101383,4.99998462143166
0.39695,1.01692712697784,12.0288114348815,0.772562796101383,4.99998462143166
0.397,1.01693060732301,12.1828099855375,0.772399858661843,4.99998537145329
0.39705,1.01693408754614,12.023236869978,0.772399858661843,4.99998537145329
0.3971,1.01693756689062,12.187667467657,0.772399858661843,4.99998537145329
0.39715,1.01694104573596,12.0177701672358,0.772399858661843,4.99998537145329
0.3972,1.01694452484089,12.1924205232577,0.772399858661843,4.99998537145329
0.39725,1.0169480038273,12.0124142823205,0.772399858661843,4.99998537145329
0.3973,1.01695148269633,12.1970663176088,0.772399858661843,4.99998537145329
0.39735,1.01695496144874,12.0071720523995,0.772399858661843,4.99998537145329
0.3974,1.0169584400857,12.2016020852506,0.772399858661843,4.99998537145329
0.39745,1.01696191860804,12.0020462368662,0.772399858661843,4.99998537145329
0.3975,1.01696539701694,12.2060251574067,0.772399858661843,4.99998537145329
0.39755,1.0169688753133,11.9970394541012,0.772399858661843,4.99998537145329
0.3976,1.01697235349832,12.2103330066207,0.772399858661843,4.99998537145329
0.39765,1.01697583157294,11.9921541923603,0.772399858661843,4.99998537145329
0.3977,1.01697930953842,12.2145231906319,0.772399858661843,4.99998537145329
0.39775,1.01698278739573,11.9873928644584,0.772399858661843,4.99998537145329
0.3978,1.01698626514615,12.2185933461701,0.772399858661843,4.99998537145329
0.39785,1.01698974279072,11.9827577594494,0.772399858661843,4.99998537145329
0.3979,1.01699322033075,12.222541252274,0.772399858661843,4.99998537145329
0.39795,1.01699669776729,11.9782510160108,0.772399858661843,4.99998537145329
0.398,1.01700017510171,12.2263648138693,0.772235793652323,4.99998608489593
0.39805,1.01700365233511,11.9738747026849,0.772235793652323,4.99998608489593
0.3981,1.01700712870604,12.2300619594987,0.772235793652323,4.99998608489593
0.39815,1.01701060459707,11.9696307382249,0.772235793652323,4.99998608489593
0.3982,1.01701408077243,12.2336307927654,0.772235793652323,4.99998608489593
0.39825,1.01701755685189,11.9655209292855,0.772235793652323,4.99998608489593
0.3983,1.0170210328369,12.2370695340845,0.772235793652323,4.99998608489593
0.39835,1.01702450872866,11.961546960696,0.772235793652323,4.99998608489593
0.3984,1.01702798452866,12.2403764783598,0.772235793652323,4.99998608489593
0.39845,1.01703146023813,11.9577104327157,0.772235793652323,4.99998608489593
0.3985,1.01703493585857,12.2435500279482,0.772235793652323,4.99998608489593
0.39855,1.01703841139127,11.9540127953949,0.772235793652323,4.99998608489593
0.3986,1.01704188683775,12.2465887340969,0.772235793652323,4.99998608489593
0.39865,1.01704536219933,11.9504553666125,0.772235793652323,4.99998608489593
0.3987,1.01704883747755,12.2494912356059,0.772235793652323,4.99998608489593
0.39875,1.01705231267375,11.9470393864393,0.772235793652323,4.99998608489593
0.3988,1.0170557877895,12.2522562573858,0.772235793652323,4.99998608489593
0.39885,1.01705926282619,11.9437659649541,0.772235793652323,4.99998608489593
0.3989,1.01706273778538,12.254882673025,0.772235793652323,4.99998608489593
0.39895,1.0170662126685,11.9406360613416,0.772235793652323,4.99998608489593
0.399,1.01706968747714,12.2573694817765,0.772070600035457,4.99998676354356
0.39905,1.01707316221274,11.9376505650958,0.772070600035457,4.99998676354356
0.3991,1.01707663610889,12.2597157123003,0.772070600035457,4.99998676354356
0.39915,1.01708010955107,11.9348102155887,0.772070600035457,4.99998676354356
0.3992,1.01708358330894,12.2619205704305,0.772070600035457,4.99998676354356
0.39925,1.01708705699996,11.9321156392883,0.772070600035457,4.99998676354356
0.3993,1.01709053062579,12.2639833781655,0.772070600035457,4.99998676354356
0.39935,1.01709400418793,11.9295673457611,0.772070600035457,4.99998676354356
0.3994,1.01709747768804,12.2659035328232,0.772070600035457,4.99998676354356
0.39945,1.01710095112764,11.9271657601743,0.772070600035457,4.99998676354356
0.3995,1.0171044245084,12.2676805414061,0.772070600035457,4.99998676354356
0.39955,1.01710789783188,11.9249111613704,0.772070600035457,4.99998676354356
0.3996,1.01711137109974,12.269314056,0.772070600035457,4.99998676354356
0.39965,1.01711484431356,11.9228037037737,0.772070600035457,4.99998676354356
0.3997,1.01711831747501,12.2708038140546,0.772070600035457,4.99998676354356
0.39975,1.01712179058568,11.9208434664044,0.772070600035457,4.99998676354356
0.3998,1.01712526364725,12.272149640368,0.772070600035457,4.99998676354356
0.39985,1.01712873666133,11.9190304034958,0.772070600035457,4.99998676354356
0.3999,1.01713220962959,12.273351502284,0.772070600035457,4.99998676354356
0.39995,1.01713568255365,11.9173643303136,0.772070600035457,4.99998676354356
0.4,1.01713915543521,12.2744094856246,0.77190427679529,4.99998740909316
0.40005,1.01714262827589,11.9158449973045,0.77190427679529,4.99998740909316
0.4001,1.01714610030414,12.2753237081246,0.77190427679529,4.99998740909316
0.40015,1.01714957190824,11.914472012124,0.77190427679529,4.99998740909316
0.4002,1.01715304386308,12.2760944559344,0.77190427679529,4.99998740909316
0.40025,1.0171565157837,11.9132448823265,0.77190427679529,4.99998740909316
0.4003,1.01715998767176,12.2767221204831,0.77190427679529,4.99998740909316
0.40035,1.01716345952894,11.9121630101664,0.77190427679529,4.99998740909316
0.4004,1.0171669313569,12.2772071663499,0.77190427679529,4.99998740909316
0.40045,1.0171704031573,11.9112257181344,0.77190427679529,4.99998740909316
0.4005,1.0171738749318,12.277550162485,0.77190427679529,4.99998740909316
0.40055,1.01717734668207,11.9104321981836,0.77190427679529,4.99998740909316
0.4006,1.01718081840977,12.2777518073998,0.77190427679529,4.99998740909316
0.40065,1.01718429011655,11.9097815348078,0.77190427679529,4.99998740909316
0.4007,1.01718776180407,12.2778128779054,0.77190427679529,4.99998740909316
0.40075,1.01719123347398,11.9092727432102,0.77190427679529,4.99998740909316
0.4008,1.01719470512793,12.2777342343436,0.77190427679529,4.99998740909316
0.40085,1.01719817676757,11.9089047279177,0.77190427679529,4.99998740909316
0.4009,1.01720164839452,12.2775168626357,0.77190427679529,4.99998740909316
0.40095,1.01720512001045,11.9086762766251,0.77190427679529,4.99998740909316
0.401,1.01720859161696,12.2771618531161,0.771736822935692,4.99998802315893
0.40105,1.01721206321569,11.9085861214257,0.771736822935692,4.99998802315893
0.4011,1.01721553402982,12.2766703263247,0.771736822935692,4.99998802315893
0.40115,1.01721900445021,11.9086328654703,0.771736822935692,4.99998802315893
0.4012,1.01722247525686,12.2760435532532,0.771736822935692,4.99998802315893
0.40125,1.01722594606218,11.9088150344957,0.771736822935692,4.99998802315893
0.4013,1.01722941686772,12.2752828913271,0.771736822935692,4.99998802315893
0.40135,1.01723288767512,11.90913106547,0.771736822935692,4.99998802315893
0.4014,1.0172363584859,12.2743897650774,0.771736822935692,4.99998802315893
0.40145,1.01723982930167,11.909579325265,0.771736822935692,4.99998802315893
0.4015,1.01724330012393,12.2733656901084,0.771736822935692,4.99998802315893
0.40155,1.0172467709543,11.910158075154,0.771736822935692,4.99998802315893
0.4016,1.01725024179425,12.2722122874913,0.771736822935692,4.99998802315893
0.40165,1.01725371264536,11.9108654912931,0.771736822935692,4.99998802315893
0.4017,1.01725718350909,12.2709312458925,0.771736822935692,4.99998802315893
0.40175,1.017260654387,11.9116996901036,0.771736822935692,4.99998802315893
0.4018,1.01726412528053,12.2695243272617,0.771736822935692,4.99998802315893
0.40185,1.01726759619122,11.9126586997674,0.771736822935692,4.99998802315893
0.4019,1.01727106712046,12.267993392946,0.771736822935692,4.99998802315893
0.40195,1.0172745380698,11.9137404599706,0.771736822935692,4.99998802315893
0.402,1.01727800904058,12.2663403906811,0.77156823747856,4.99998860727637
0.40205,1.01728148003433,11.9149428661275,0.77156823747856,4.99998860727637
0.4021,1.01728495026875,12.2645672923585,0.77156823747856,4.99998860727637
0.40215,1.01728842013714,11.9162637048483,0.77156823747856,4.99998860727637
0.4022,1.01729189042443,12.2626761932425,0.77156823747856,4.99998860727637
0.40225,1.01729536074027,11.9177007156213,0.77156823747856,4.99998860727637
0.4023,1.01729883108593,12.2606692507122,0.77156823747856,4.99998860727637
0.40235,1.01730230146282,11.9192515673586,0.77156823747856,4.99998860727637
0.4024,1.0173057718722,12.2585486809238,0.77156823747856,4.99998860727637
0.40245,1.01730924231545,11.9209138721483,0.77156823747856,4.99998860727637
0.4025,1.01731271279378,12.2563167702612,0.77156823747856,4.99998860727637
0.40255,1.01731618330856,11.9226851690821,0.77156823747856,4.99998860727637
0.4026,1.01731965386095,12.2539758792451,0.77156823747856,4.99998860727637
0.40265,1.01732312445228,11.9245629375263,0.77156823747856,4.99998860727637
0.4027,1.01732659508368,12.2515284232175,0.77156823747856,4.99998860727637
0.40275,1.01733006575647,11.9265446079408,0.77156823747856,4.99998860727637
0.4028,1.0173335364717,12.2489768758677,0.77156823747856,4.99998860727637
0.40285,1.01733700723067,11.9286275508373,0.77156823747856,4.99998860727637
0.4029,1.01734047803441,12.2463237765092,0.77156823747856,4.99998860727637
0.40295,1.01734394888416,11.9308090810965,0.77156823747856,4.99998860727637
0.403,1.01734741978091,12.2435717295452,0.771398519461979,4.99998916290605
0.40305,1.01735089072588,11.9330864815693,0.771398519461979,4.99998916290605
0.4031,1.01735436093116,12.2407233544404,0.771398519461979,4.99998916290605
0.40315,1.01735783079236,11.9354569498736,0.771398519461979,4.99998916290605
0.4032,1.01736130109923,12.237781361074,0.771398519461979,4.99998916290605
0.40325,1.01736477145846,11.9379176709586,0.771398519461979,4.99998916290605
0.4033,1.01736824187092,12.2347484930959,0.771398519461979,4.99998916290605
0.40335,1.0173717123377,11.9404657789534,0.771398519461979,4.99998916290605
0.4034,1.01737518285961,12.2316275416739,0.771398519461979,4.99998916290605
0.40345,1.0173786534377,11.9430983669349,0.771398519461979,4.99998916290605
0.4035,1.01738212407274,12.2284213427796,0.771398519461979,4.99998916290605
0.40355,1.01738559476574,11.9458124904675,0.771398519461979,4.99998916290605
0.4036,1.01738906551741,12.2251327719608,0.771398519461979,4.99998916290605
0.40365,1.01739253632871,11.9486051716964,0.771398519461979,4.99998916290605
0.4037,1.01739600720033,12.2217647443194,0.771398519461979,4.99998916290605
0.40375,1.01739947813316,11.9514733970424,0.771398519461979,4.99998916290605
0.4038,1.01740294912785,12.2183202137032,0.771398519461979,4.99998916290605
0.40385,1.01740642018526,11.9544141241935,0.771398519461979,4.99998916290605
0.4039,1.01740989130595,12.2148021631021,0.771398519461979,4.99998916290605
0.40395,1.01741336249078,11.9574242876381,0.771398519461979,4.99998916290605
0.404,1.01741683374024,12.2112136186141,0.77122766793852,4.99998969143736
0.40405,1.01742030505512,11.9605008029375,0.77122766793852,4.99998969143736
0.4041,1.01742377564184,12.2075576081017,0.77122766793852,4.99998969143736
0.40415,1.01742724589817,11.9636405275198,0.77122766793852,4.99998969143736
0.4042,1.01743071661858,12.2038372131426,0.77122766793852,4.99998969143736
0.40425,1.01743418740672,11.9668403406553,0.77122766793852,4.99998969143736
0.4043,1.01743765826297,12.200055521176,0.77122766793852,4.99998969143736
0.40435,1.01744112918795,11.9700970888827,0.77122766793852,4.99998969143736
0.4044,1.01744460018198,12.1962156543328,0.77122766793852,4.99998969143736
0.40445,1.01744807124565,11.9734075960117,0.77122766793852,4.99998969143736
0.4045,1.01745154237922,12.1923207496364,0.77122766793852,4.99998969143736
0.40455,1.01745501358322,11.9767686854387,0.77122766793852,4.99998969143736
0.4046,1.01745848485787,12.1883739486274,0.77122766793852,4.99998969143736
0.40465,1.01746195620365,11.9801771711758,0.77122766793852,4.99998969143736
0.4047,1.0174654276207,12.1843784177689,0.77122766793852,4.99998969143736
0.40475,1.01746889910948,11.9836298446892,0.77122766793852,4.99998969143736
0.4048,1.01747237067008,12.1803373399317,0.77122766793852,4.99998969143736
0.40485,1.01747584230288,11.9871235014818,0.77122766793852,4.99998969143736
0.4049,1.01747931400792,12.1762538892022,0.77122766793852,4.99998969143736
0.40495,1.01748278578555,11.9906549450981,0.77122766793852,4.99998969143736
0.405,1.01748625763575,12.1721312614083,0.771055681973843,4.99999019419189
0.40505,1.0174897295588,11.9942209722102,0.771055681973843,4.99999019419189
0.4051,1.01749320075537,12.1679726398847,0.771055681973843,4.99999019419189
0.40515,1.01749667162534,11.9978183483481,0.771055681973843,4.99999019419189
0.4052,1.01750014296785,12.163781224715,0.771055681973843,4.99999019419189
0.40525,1.01750361438345,12.0014438939401,0.771055681973843,4.99999019419189
0.4053,1.01750708587196,12.1595601944959,0.771055681973843,4.99999019419189
0.40535,1.01751055743352,12.0050944140974,0.771055681973843,4.99999019419189
0.4054,1.01751402906788,12.1553127485404,0.771055681973843,4.99999019419189
0.40545,1.01751750077513,12.0087667094265,0.771055681973843,4.99999019419189
0.4055,1.01752097255499,12.1510420718623,0.771055681973843,4.99999019419189
0.40555,1.01752444440747,12.0124576139774,0.771055681973843,4.99999019419189
0.4056,1.01752791633224,12.146751321588,0.771055681973843,4.99999019419189
0.40565,1.01753138832928,12.0161639745145,0.771055681973843,4.99999019419189
0.4057,1.01753486039819,12.1424436640276,0.771055681973843,4.99999019419189
0.40575,1.01753833253889,12.0198826297874,0.771055681973843,4.99999019419189
0.4058,1.01754180475094,12.138122258797,0.771055681973843,4.99999019419189
0.40585,1.0175452770342,12.0236104524766,0.771055681973843,4.99999019419189
0.4059,1.01754874938818,12.1337902232954,0.771055681973843,4.99999019419189
0.40595,1.01755222181269,12.0273443494669,0.771055681973843,4.99999019419189
0.406,1.01755569430719,12.1294506771677,0.770882560645724,4.9999906724268
0.40605,1.01755916687144,12.0310812335524,0.770882560645724,4.9999906724268
0.4061,1.01756263870034,12.1251067108547,0.770882560645724,4.9999906724268
0.40615,1.01756611019586,12.0348180131157,0.770882560645724,4.9999906724268
0.4062,1.01756958216185,12.1207613978749,0.770882560645724,4.9999906724268
0.40625,1.01757305419571,12.0385516783783,0.770882560645724,4.9999906724268
0.4063,1.01757652629674,12.1164177681171,0.770882560645724,4.9999906724268
0.40635,1.01757999846455,12.042279218957,0.770882560645724,4.9999906724268
0.4064,1.0175834706984,12.1120788574616,0.770882560645724,4.9999906724268
0.40645,1.01758694299783,12.0459976391728,0.770882560645724,4.9999906724268
0.4065,1.01759041536206,12.1077476590886,0.770882560645724,4.9999906724268
0.40655,1.01759388779058,12.0497040063236,0.770882560645724,4.9999906724268
0.4066,1.01759736028255,12.1034271116346,0.770882560645724,4.9999906724268
0.40665,1.01760083283743,12.0533954174493,0.770882560645724,4.9999906724268
0.4067,1.01760430545433,12.0991201494457,0.770882560645724,4.9999906724268
0.40675,1.01760777813265,12.0570689755127,0.770882560645724,4.9999906724268
0.4068,1.01761125087145,12.0948296777428,0.770882560645724,4.9999906724268
0.40685,1.0176147236701,12.0607218443368,0.770882560645724,4.9999906724268
0.4069,1.01761819652761,12.090558530908,0.770882560645724,4.9999906724268
0.40695,1.01762166944328,12.0643512430392,0.770882560645724,4.9999906724268
0.407,1.0176251424161,12.0863095295135,0.770708303043608,4.99999112733791
0.40705,1.01762861544532,12.0679544076651,0.770708303043608,4.99999112733791
0.4071,1.01763208772016,12.0820854497717,0.770708303043608,4.99999112733791
0.40715,1.01763555964469,12.0715285931174,0.770708303043608,4.99999112733791
0.4072,1.01763903202754,12.0778890226951,0.770708303043608,4.99999112733791
0.40725,1.01764250446299,12.0750711575408,0.770708303043608,4.99999112733791
0.4073,1.01764597694991,12.07372291755,0.770708303043608,4.99999112733791
0.40735,1.01764944948742,12.0785794715409,0.770708303043608,4.99999112733791
0.4074,1.01765292207431,12.0695897957674,0.770708303043608,4.99999112733791
0.40745,1.01765639470969,12.0820509370269,0.770708303043608,4.99999112733791
0.4075,1.01765986739231,12.0654922535312,0.770708303043608,4.99999112733791
0.40755,1.01766334012121,12.0854830409201,0.770708303043608,4.99999112733791
0.4076,1.01766681289512,12.0614328124701,0.770708303043608,4.99999112733791
0.40765,1.01767028571305,12.0888733138481,0.770708303043608,4.99999112733791
0.4077,1.01767375857368,12.057413976805,0.770708303043608,4.99999112733791
0.40775,1.01767723147597,12.0922193061534,0.770708303043608,4.99999112733791
0.4078,1.01768070441858,12.0534382027775,0.770708303043608,4.99999112733791
0.40785,1.01768417740044,12.0955186486429,0.770708303043608,4.99999112733791
0.4079,1.01768765042016,12.0495078565683,0.770708303043608,4.99999112733791
0.40795,1.01769112347662,12.0987690416232,0.770708303043608,4.99999112733791
0.408,1.01769459656842,12.0456252773977,0.770532908268721,4.99999156006275
0.40805,1.0176980696944,12.1019682138775,0.770532908268721,4.99999156006275
0.4081,1.01770154203817,12.0417927454678,0.770532908268721,4.99999156006275
0.40815,1.01770501400603,12.1051139320747,0.770532908268721,4.99999156006275
0.4082,1.01770848641145,12.0380124762749,0.770532908268721,4.99999156006275
0.40825,1.01771195884573,12.1082040783951,0.770532908268721,4.99999156006275
0.4083,1.01771543130737,12.0342866124038,0.770532908268721,4.99999156006275
0.40835,1.01771890379511,12.1112365581575,0.770532908268721,4.99999156006275
0.4084,1.01772237630743,12.0306172752313,0.770532908268721,4.99999156006275
0.40845,1.01772584884303,12.1142093232243,0.770532908268721,4.99999156006275
0.4085,1.01772932140037,12.0270065040659,0.770532908268721,4.99999156006275
0.40855,1.01773279397813,12.1171204241632,0.770532908268721,4.99999156006275
0.4086,1.01773626657473,12.0234562525685,0.770532908268721,4.99999156006275
0.40865,1.01773973918882,12.1199679638105,0.770532908268721,4.99999156006275
0.4087,1.0177432118188,12.0199684465005,0.770532908268721,4.99999156006275
0.40875,1.01774668446331,12.1227500771993,0.770532908268721,4.99999156006275
0.4088,1.01775015712071,12.0165449488011,0.770532908268721,4.99999156006275
0.40885,1.01775362978962,12.1254649928497,0.770532908268721,4.99999156006275
0.4089,1.01775710246838,12.0131875217445,0.770532908268721,4.99999156006275
0.40895,1.01776057515558,12.1281110164206,0.770532908268721,4.99999156006275
0.409,1.01776404784956,12.0098978918535,0.770356375434715,4.99999197168335
0.40905,1.01776752054887,12.1306864915256,0.770356375434715,4.99999197168335
0.4091,1.01777099243167,12.0066777154637,0.770356375434715,4.99999197168335
0.40915,1.01777446390657,12.1331898128625,0.770356375434715,4.99999197168335
0.4092,1.01777793579207,12.0035285733647,0.770356375434715,4.99999197168335
0.40925,1.01778140767659,12.1356194954708,0.770356375434715,4.99999197168335
0.4093,1.01778487955844,12.0004519675849,0.770356375434715,4.99999197168335
0.40935,1.01778835143609,12.1379740861498,0.770356375434715,4.99999197168335
0.4094,1.01779182330786,11.9974493681079,0.770356375434715,4.99999197168335
0.40945,1.0177952951722,12.1402521887719,0.770356375434715,4.99999197168335
0.4095,1.01779876702741,11.9945221546172,0.770356375434715,4.99999197168335
0.40955,1.01780223887193,12.1424525106659,0.770356375434715,4.99999197168335
0.4096,1.01780571070406,11.9916716174798,0.770356375434715,4.99999197168335
0.40965,1.01780918252223,12.1445738168548,0.770356375434715,4.99999197168335
0.4097,1.01781265432471,11.9888990102093,0.770356375434715,4.99999197168335
0.40975,1.01781612610994,12.1466149147901,0.770356375434715,4.99999197168335
0.4098,1.01781959787618,11.9862055153173,0.770356375434715,4.99999197168335
0.40985,1.01782306962186,12.1485747091706,0.770356375434715,4.99999197168335
0.4099,1.01782654134525,11.9835922139511,0.770356375434715,4.99999197168335
0.40995,1.01783001304475,12.1504521834146,0.770356375434715,4.99999197168335
0.41,1.01783348471863,11.9810601453867,0.770178703668785,4.99999236322897
0.41005,1.01783695636529,12.1522463677717,0.770178703668785,4.99999236322897
0.4101,1.01784042715761,11.978610270979,0.770178703668785,4.99999236322897
0.41015,1.01784389750667,12.1539563495303,0.770178703668785,4.99999236322897
0.4102,1.01784736823618,11.9762434761021,0.770178703668785,4.99999236322897
0.41025,1.01785083893183,12.1555813325631,0.770178703668785,4.99999236322897
0.4103,1.01785430959187,11.9739605670712,0.770178703668785,4.99999236322897
0.41035,1.01785778021472,12.1571205593055,0.770178703668785,4.99999236322897
0.4104,1.01786125079866,11.9717623091228,0.770178703668785,4.99999236322897
0.41045,1.01786472134207,12.1585733357849,0.770178703668785,4.99999236322897
0.4105,1.01786819184325,11.9696493771948,0.770178703668785,4.99999236322897
0.41055,1.0178716623006,12.1599390668959,0.770178703668785,4.99999236322897
0.4106,1.01787513271241,11.9676223613675,0.770178703668785,4.99999236322897
0.41065,1.0178786030771,12.161217216523,0.770178703668785,4.99999236322897
0.4107,1.01788207339296,11.9656818081236,0.770178703668785,4.99999236322897
0.41075,1.01788554365841,12.1624072987897,0.770178703668785,4.99999236322897
0.4108,1.01788901387177,11.9638281905411,0.770178703668785,4.99999236322897
0.41085,1.01789248403146,12.1635089207237,0.770178703668785,4.99999236322897
0.4109,1.01789595413581,11.9620618884301,0.770178703668785,4.99999236322897
0.41095,1.01789942418325,12.1645217636761,0.770178703668785,4.99999236322897
0.411,1.01790289417212,11.9603832371657,0.769999892113118,4.99999273567869
0.41105,1.01790636410088,12.1654455623631,0.769999892113118,4.99999273567869
0.4111,1.01790983313723,11.9587924907775,0.769999892113118,4.99999273567869
0.41115,1.01791330169496,12.1662801078066,0.769999892113118,4.99999273567869
0.4112,1.0179167706031,11.9572898352514,0.769999892113118,4.99999273567869
0.41125,1.0179202394448,12.1670252970104,0.769999892113118,4.99999273567869
0.4113,1.01792370821847,11.9558753818089,0.769999892113118,4.99999273567869
0.41135,1.01792717692258,12.1676810697468,0.769999892113118,4.99999273567869
0.4114,1.01793064555556,11.9545491950247,0.769999892113118,4.99999273567869
0.41145,1.01793411411592,12.1682474303464,0.769999892113118,4.99999273567869
0.4115,1.0179375826021,11.9533112569912,0.769999892113118,4.99999273567869
0.41155,1.01794105101263,12.1687244699513,0.769999892113118,4.99999273567869
0.4116,1.01794451934599,11.9521614748342,0.769999892113118,4.99999273567869
0.41165,1.01794798760071,12.1691123371286,0.769999892113118,4.99999273567869
0.4117,1.0179514557753,11.951099707927,0.769999892113118,4.99999273567869
0.41175,1.01795492386832,12.1694112341916,0.769999892113118,4.99999273567869
0.4118,1.01795839187831,11.9501257469037,0.769999892113118,4.99999273567869
0.41185,1.01796185980385,12.1696214440889,0.769999892113118,4.99999273567869
0.4119,1.01796532764351,11.9492393037849,0.769999892113118,4.99999273567869
0.41195,1.0179687953959,12.1697433159204,0.769999892113118,4.99999273567869
0.412,1.01797226305961,11.9484400456915,0.769819939926538,4.99999308996382
0.41205,1.01797573063328,12.1697772561287,0.769819939926538,4.99999308996382
0.4121,1.01797919727966,11.9477275601321,0.769819939926538,4.99999308996382
0.41215,1.01798266341534,12.169723719042,0.769819939926538,4.99999308996382
0.4122,1.01798612987491,11.9471013823659,0.769819939926538,4.99999308996382
0.41225,1.01798959623909,12.1695832489579,0.769819939926538,4.99999308996382
0.4123,1.0179930625066,11.9465609798071,0.769819939926538,4.99999308996382
0.41235,1.01799652867615,12.1693564355326,0.769819939926538,4.99999308996382
0.4124,1.01799999474649,11.9461057706466,0.769819939926538,4.99999308996382
0.41245,1.01800346071636,12.1690439281617,0.769819939926538,4.99999308996382
0.4125,1.01800692658456,11.9457351059668,0.769819939926538,4.99999308996382
0.41255,1.01801039234985,12.1686464439727,0.769819939926538,4.99999308996382
0.4126,1.01801385801108,11.9454482761991,0.769819939926538,4.99999308996382
0.41265,1.01801732356705,12.1681647536801,0.769819939926538,4.99999308996382
0.4127,1.01802078901663,11.9452445216325,0.769819939926538,4.99999308996382
0.41275,1.01802425435867,12.1675996817791,0.769819939926538,4.99999308996382
0.4128,1.01802771959209,11.9451230240849,0.769819939926538,4.99999308996382
0.41285,1.01803118471576,12.1669521142841,0.769819939926538,4.99999308996382
0.4129,1.01803464972864,11.9450829071394,0.769819939926538,4.99999308996382
0.41295,1.01803811462966,12.1662229912938,0.769819939926538,4.99999308996382
0.413,1.01804157941782,11.945123251232,0.76963884628615,4.99999342697026
0.41305,1.01804504409208,12.1654133116655,0.76963884628615,4.99999342697026
0.4131,1.01804850781034,11.945243062762,0.76963884628615,4.99999342697026
0.41315,1.01805197099219,12.1645241082551,0.76963884628615,4.99999342697026
0.4132,1.01805543447786,11.9454413168355,0.76963884628615,4.99999342697026
0.41325,1.01805889784582,12.1635564836341,0.76963884628615,4.99999342697026
0.4133,1.01806236109521,11.9457169305382,0.76963884628615,4.99999342697026
0.41335,1.01806582422512,12.1625115852361,0.76963884628615,4.99999342697026
0.4134,1.01806928723473,11.9460687727707,0.76963884628615,4.99999342697026
0.41345,1.01807275012317,12.1613906107706,0.76963884628615,4.99999342697026
0.4135,1.0180762128897,11.9464956649138,0.76963884628615,4.99999342697026
0.41355,1.01807967553346,12.1601948029324,0.76963884628615,4.99999342697026
0.4136,1.01808313805377,11.9469963843974,0.76963884628615,4.99999342697026
0.41365,1.01808660044983,12.1589254514929,0.76963884628615,4.99999342697026
0.4137,1.01809006272098,11.9475696595359,0.76963884628615,4.99999342697026
0.41375,1.01809352486649,12.1575838950445,0.76963884628615,4.99999342697026
0.4138,1.01809698688575,11.9482141752097,0.76963884628615,4.99999342697026
0.41385,1.01810044877807,12.156171510793,0.76963884628615,4.99999342697026
0.4139,1.01810391054289,11.9489285799891,0.76963884628615,4.99999342697026
0.41395,1.01810737217958,12.1546897167752,0.76963884628615,4.99999342697026
0.414,1.01811083368763,11.9497114829495,0.76945661038882,4.9999937475407
0.41405,1.01811429506644,12.1531399869238,0.76945661038882,4.9999937475407
0.4141,1.01811775546918,11.9505614298844,0.76945661038882,4.9999937475407
0.41415,1.0181212153185,12.1515238101178,0.76945661038882,4.9999937475407
0.4142,1.0181246754604,11.9514769589142,0.76945661038882,4.9999937475407
0.41425,1.01812813547119,12.1498427237947,0.76945661038882,4.9999937475407
0.4143,1.01813159535052,11.9524565600258,0.76945661038882,4.9999937475407
0.41435,1.01813505509794,12.1480983077724,0.76945661038882,4.9999937475407
0.4144,1.01813851471318,11.9534986797951,0.76945661038882,4.9999937475407
0.41445,1.01814197419582,12.1462921774139,0.76945661038882,4.9999937475407
0.4145,1.01814543354565,11.9546017409459,0.76945661038882,4.9999937475407
0.41455,1.01814889276232,12.1444259678318,0.76945661038882,4.9999937475407
0.4146,1.01815235184564,11.9557641392654,0.76945661038882,4.9999937475407
0.41465,1.01815581079533,12.1425013540594,0.76945661038882,4.9999937475407
0.4147,1.01815926961127,11.9569842240549,0.76945661038882,4.9999937475407
0.41475,1.01816272829321,12.1405200515132,0.76945661038882,4.9999937475407
0.4148,1.01816618684108,11.9582603197378,0.76945661038882,4.9999937475407
0.41485,1.0181696452547,12.1384837881446,0.76945661038882,4.9999937475407
0.4149,1.01817310353406,11.9595907377745,0.76945661038882,4.9999937475407
0.41495,1.01817656167901,12.1363943182394,0.76945661038882,4.9999937475407
0.415,1.0181800196896,11.9609737550346,0.769273231452332,4.99999405247674
0.41505,1.01818347756575,12.1342534467602,0.769273231452332,4.99999405247674
0.4151,1.01818693445592,11.9624075980483,0.769273231452332,4.99999405247674
0.41515,1.01819039078589,12.132062972435,0.769273231452332,4.99999405247674
0.4152,1.01819384740748,11.9638905100921,0.769273231452332,4.99999405247674
0.41525,1.01819730389487,12.1298247204557,0.769273231452332,4.99999405247674
0.4153,1.01820076024827,11.9654206976744,0.769273231452332,4.99999405247674
0.41535,1.01820421646776,12.12754055285,0.769273231452332,4.99999405247674
0.4154,1.01820767255361,11.966996331465,0.769273231452332,4.99999405247674
0.41545,1.01821112850592,12.1252123506321,0.769273231452332,4.99999405247674
0.4155,1.01821458432504,11.9686155815236,0.769273231452332,4.99999405247674
0.41555,1.01821804001112,12.1228419902255,0.769273231452332,4.99999405247674
0.4156,1.01822149556456,11.9702766077134,0.769273231452332,4.99999405247674
0.41565,1.01822495098557,12.1204313784453,0.769273231452332,4.99999405247674
0.4157,1.01822840627458,11.9719775298529,0.769273231452332,4.99999405247674
0.41575,1.01823186143189,12.1179824502848,0.769273231452332,4.99999405247674
0.4158,1.01823531645796,11.9737164623136,0.769273231452332,4.99999405247674
0.41585,1.01823877135313,12.11549712882,0.769273231452332,4.99999405247674
0.4159,1.01824222611795,11.9754915270237,0.769273231452332,4.99999405247674
0.41595,1.01824568075278,12.1129773496381,0.769273231452332,4.99999405247674
0.416,1.01824913525823,11.9773008184346,0.769088708716074,4.99999434254087
0.41605,1.01825258963472,12.1104250893262,0.769088708716074,4.99999434254087
0.4161,1.01825604302601,11.9791423969082,0.769088708716074,4.99999434254087
0.41615,1.01825949586103,12.1078422964396,0.769088708716074,4.99999434254087
0.4162,1.01826294899737,11.981014361332,0.769088708716074,4.99999434254087
0.41625,1.01826640200712,12.1052309269789,0.769088708716074,4.99999434254087
0.4163,1.01826985489101,11.9829147840359,0.769088708716074,4.99999434254087
0.41635,1.01827330764964,12.1025929660693,0.769088708716074,4.99999434254087
0.4164,1.0182767602838,11.9848417125977,0.769088708716074,4.99999434254087
0.41645,1.01828021279412,12.0999303986668,0.769088708716074,4.99999434254087
0.4165,1.01828366518144,11.9867932166818,0.769088708716074,4.99999434254087
0.41655,1.01828711744645,12.0972451833589,0.769088708716074,4.99999434254087
0.4166,1.01829056959004,11.988767369947,0.769088708716074,4.99999434254087
0.41665,1.01829402161293,12.0945392998972,0.769088708716074,4.99999434254087
0.4167,1.01829747351608,11.9907622140405,0.769088708716074,4.99999434254087
0.41675,1.01830092530024,12.0918147419676,0.769088708716074,4.99999434254087
0.4168,1.01830437696642,11.9927758049062,0.769088708716074,4.99999434254087
0.41685,1.01830782851542,12.0890734684146,0.769088708716074,4.99999434254087
0.4169,1.01831127994829,11.9948062242896,0.769088708716074,4.99999434254087
0.41695,1.01831473126589,12.0863174377652,0.769088708716074,4.99999434254087
0.417,1.0183181824693,11.996851534317,0.7689030414412,4.99999461845841
0.41705,1.01832163355943,12.0835486385128,0.7689030414412,4.99999461845841
0.4171,1.01832508367526,11.9989097792048,0.7689030414412,4.99999461845841
0.41715,1.01832853324881,12.0807690113091,0.7689030414412,4.99999461845841
0.4172,1.0183319831434,12.0009790604805,0.7689030414412,4.99999461845841
0.41725,1.01833543292896,12.0779804871698,0.7689030414412,4.99999461845841
0.4173,1.01833888260668,12.0030574638904,0.7689030414412,4.99999461845841
0.41735,1.01834233217761,12.0751850163532,0.7689030414412,4.99999461845841
0.4174,1.01834578164299,12.0051430626503,0.7689030414412,4.99999461845841
0.41745,1.01834923100389,12.0723845316414,0.7689030414412,4.99999461845841
0.4175,1.01835268026162,12.0072339704379,0.7689030414412,4.99999461845841
0.41755,1.01835612941727,12.0695809220588,0.7689030414412,4.99999461845841
0.4176,1.01835957847217,12.00932831753,0.7689030414412,4.99999461845841
0.41765,1.01836302742749,12.0667760868292,0.7689030414412,4.99999461845841
0.4177,1.01836647628457,12.0114242132661,0.7689030414412,4.99999461845841
0.41775,1.01836992504461,12.0639719240716,0.7689030414412,4.99999461845841
0.4178,1.01837337370901,12.0135197979227,0.7689030414412,4.99999461845841
0.41785,1.01837682227899,12.0611702800902,0.7689030414412,4.99999461845841
0.4179,1.01838027075599,12.0156132508153,0.7689030414412,4.99999461845841
0.41795,1.01838371914125,12.0583729895762,0.7689030414412,4.99999461845841
0.418,1.01838716743624,12.0177027418006,0.768716228910221,4.99999488091929
0.41805,1.01839061564226,12.0555819032739,0.768716228910221,4.99999488091929
0.4181,1.0183940628934,12.0197864391745,0.768716228910221,4.99999488091929
0.41815,1.01839750962469,12.0527988084389,0.768716228910221,4.99999488091929
0.4182,1.01840095670505,12.0218625812086,0.768716228910221,4.99999488091929
0.41825,1.01840440370214,12.0500254706184,0.768716228910221,4.99999488091929
0.4183,1.01840785061752,12.0239294001547,0.768716228910221,4.99999488091929
0.41835,1.01841129745255,12.0472636629759,0.768716228910221,4.99999488091929
0.4184,1.01841474420882,12.0259851298478,0.768716228910221,4.99999488091929
0.41845,1.01841819088774,12.0445151252449,0.768716228910221,4.99999488091929
0.4185,1.01842163749092,12.0280280584822,0.768716228910221,4.99999488091929
0.41855,1.01842508401978,12.0417815418823,0.768716228910221,4.99999488091929
0.4186,1.01842853047597,12.0300564998751,0.768716228910221,4.99999488091929
0.41865,1.01843197686092,12.0390645972999,0.768716228910221,4.99999488091929
0.4187,1.0184354231763,12.0320687591725,0.768716228910221,4.99999488091929
0.41875,1.01843886942358,12.036365960132,0.768716228910221,4.99999488091929
0.4188,1.01844231560444,12.0340631862154,0.768716228910221,4.99999488091929
0.41885,1.01844576172037,12.0336872354787,0.768716228910221,4.99999488091929
0.4189,1.01844920777307,12.0360381787886,0.768716228910221,4.99999488091929
0.41895,1.01845265376406,12.0310300077148,0.768716228910221,4.99999488091929
0.419,1.01845609969505,12.0379921356859,0.768528270426061,4.9999951305798
0.41905,1.01845954556756,12.0283958636912,0.768528270426061,4.9999951305798
0.4191,1.01846299051067,12.0399234681679,0.768528270426061,4.9999951305798
0.41915,1.01846643496225,12.0257863162147,0.768528270426061,4.9999951305798
0.4192,1.01846987979672,12.0418306650561,0.768528270426061,4.9999951305798
0.41925,1.01847332457932,12.0232028478018,0.768528270426061,4.9999951305798
0.4193,1.01847676931178,12.0437122187688,0.768528270426061,4.9999951305798
0.41935,1.01848021399569,12.0206469364653,0.768528270426061,4.9999951305798
0.4194,1.01848365863281,12.0455666364248,0.768528270426061,4.9999951305798
0.41945,1.01848710322474,12.0181200155701,0.768528270426061,4.9999951305798
0.4195,1.01849054777323,12.0473924871863,0.768528270426061,4.9999951305798
0.41955,1.01849399227989,12.0156234572881,0.768528270426061,4.9999951305798
0.4196,1.0184974367465,12.0491883730554,0.768528270426061,4.9999951305798
0.41965,1.01850088117466,12.0131586229928,0.768528270426061,4.9999951305798
0.4197,1.01850432556616,12.0509529005308,0.768528270426061,4.9999951305798
0.41975,1.0185077699226,12.010726846103,0.768528270426061,4.9999951305798
0.4198,1.01851121424578,12.0526847289485,0.768528270426061,4.9999951305798
0.41985,1.01851465853732,12.0083293922352,0.768528270426061,4.9999951305798
0.4199,1.01851810279899,12.0543825696923,0.768528270426061,4.9999951305798
0.41995,1.01852154703242,12.0059674986704,0.768528270426061,4.9999951305798
0.42,1.01852499123939,12.0560451470375,0.768339165310666,4.99999536806423
0.42005,1.01852843542154,12.0036423916051,0.768339165310666,4.99999536806423
0.4201,1.0185318787027,12.0576712085702,0.768339165310666,4.99999536806423
0.42015,1.01853532152348,12.0013552195706,0.768339165310666,4.99999536806423
0.4202,1.01853876476358,12.059259580314,0.768339165310666,4.99999536806423
0.42025,1.01854220798567,11.9991070967902,0.768339165310666,4.99999536806423
0.4203,1.0185456511915,12.0608091010122,0.768339165310666,4.99999536806423
0.42035,1.01854909438271,11.9968991203329,0.768339165310666,4.99999536806423
0.4204,1.01855253756105,12.0623186365064,0.768339165310666,4.99999536806423
0.42045,1.01855598072814,11.9947323360997,0.768339165310666,4.99999536806423
0.4205,1.01855942388573,12.0637871158685,0.768339165310666,4.99999536806423
0.42055,1.01856286703543,11.992607729289,0.768339165310666,4.99999536806423
0.4206,1.01856631017897,12.0652135052536,0.768339165310666,4.99999536806423
0.42065,1.01856975331797,11.9905262643119,0.768339165310666,4.99999536806423
0.4207,1.01857319645414,12.0665967884959,0.768339165310666,4.99999536806423
0.42075,1.01857663958908,11.9884888682036,0.768339165310666,4.99999536806423
0.4208,1.01858008272449,12.067936005377,0.768339165310666,4.99999536806423
0.42085,1.01858352586197,11.9864964024518,0.768339165310666,4.99999536806423
0.4209,1.01858696900319,12.0692302473066,0.768339165310666,4.99999536806423
0.42095,1.01859041214973,11.9845496950543,0.768339165310666,4.99999536806423
0.421,1.01859385530327,12.0704786299762,0.768148912903295,4.9999955939664
0.42105,1.01859729846535,11.982649551242,0.768148912903295,4.9999955939664
0.4211,1.01860074075443,12.0716802994537,0.768148912903295,4.9999955939664
0.42115,1.01860418261365,11.9807967009233,0.768148912903295,4.9999955939664
0.4212,1.01860762492786,12.0728344759741,0.768148912903295,4.9999955939664
0.42125,1.01861106725695,11.978991839269,0.768148912903295,4.9999955939664
0.4213,1.01861450960255,12.0739404004909,0.768148912903295,4.9999955939664
0.42135,1.01861795196614,11.9772356331855,0.768148912903295,4.9999955939664
0.4214,1.01862139434932,12.0749973505241,0.768148912903295,4.9999955939664
0.42145,1.01862483675356,11.9755286973028,0.768148912903295,4.9999955939664
0.4215,1.01862827918041,12.0760046625,0.768148912903295,4.9999955939664
0.42155,1.01863172163133,11.9738715905983,0.768148912903295,4.9999955939664
0.4216,1.01863516410786,12.0769617123507,0.768148912903295,4.9999955939664
0.42165,1.01863860661141,11.9722648423882,0.768148912903295,4.9999955939664
0.4217,1.0186420491435,12.0778679050337,0.768148912903295,4.9999955939664
0.42175,1.01864549170551,11.9707089398595,0.768148912903295,4.9999955939664
0.4218,1.01864893429893,12.0787226986925,0.768148912903295,4.9999955939664
0.42185,1.01865237692512,11.9692043126668,0.768148912903295,4.9999955939664
0.4219,1.01865581958552,12.0795255996958,0.768148912903295,4.9999955939664
0.42195,1.01865926228149,11.9677513529461,0.768148912903295,4.9999955939664
0.422,1.01866270501441,12.0802761494358,0.767957512558654,4.9999958088512
0.42205,1.01866614778562,11.966350421508,0.767957512558654,4.9999958088512
0.4221,1.018669589708,12.0809739214945,0.767957512558654,4.9999958088512
0.42215,1.01867303122708,11.9650018126805,0.767957512558654,4.9999958088512
0.4222,1.01867647323266,12.0816185546139,0.767957512558654,4.9999958088512
0.42225,1.01867991528176,11.9637057880911,0.767957512558654,4.9999958088512
0.4223,1.01868335737567,12.082209715818,0.767957512558654,4.9999958088512
0.42235,1.01868679951561,11.9624625713101,0.767957512558654,4.9999958088512
0.4224,1.01869024170282,12.082747114821,0.767957512558654,4.9999958088512
0.42245,1.01869368393849,11.9612723384732,0.767957512558654,4.9999958088512
0.4225,1.01869712622383,12.0832305099824,0.767957512558654,4.9999958088512
0.42255,1.01870056855999,11.9601352194211,0.767957512558654,4.9999958088512
0.4226,1.01870401094814,12.08365969988,0.767957512558654,4.9999958088512
0.42265,1.01870745338937,11.9590513064652,0.767957512558654,4.9999958088512
0.4227,1.01871089588483,12.0840345217334,0.767957512558654,4.9999958088512
0.42275,1.01871433843557,11.9580206490724,0.767957512558654,4.9999958088512
0.4228,1.01871778104268,12.0843548580004,0.767957512558654,4.9999958088512
0.42285,1.01872122370719,11.9570432522668,0.767957512558654,4.9999958088512
0.4229,1.01872466643013,12.0846206326183,0.767957512558654,4.9999958088512
0.42295,1.01872810921249,11.9561190816819,0.767957512558654,4.9999958088512
0.423,1.01873155205526,12.084831813596,0.76776496364506,4.99999601325594
0.42305,1.01873499495938,11.955248065932,0.76776496364506,4.99999601325594
0.4231,1.01873843703206,12.0849883990232,0.76776496364506,4.99999601325594
0.42315,1.01874187872107,11.954430080306,0.76776496364506,4.99999601325594
0.4232,1.01874532092105,12.0850904396724,0.76776496364506,4.99999601325594
0.42325,1.01874876318599,11.9536649721777,0.76776496364506,4.99999601325594
0.4233,1.01875220551672,12.085138019808,0.76776496364506,4.99999601325594
0.42335,1.01875564791406,11.9529525441997,0.76776496364506,4.99999601325594
0.4234,1.01875909037881,12.0851312686921,0.76776496364506,4.99999601325594
0.42345,1.01876253291173,11.9522925603049,0.76776496364506,4.99999601325594
0.4235,1.01876597551356,12.0850703510439,0.76776496364506,4.99999601325594
0.42355,1.01876941818503,11.9516847495581,0.76776496364506,4.99999601325594
0.4236,1.01877286092681,12.0849554705897,0.76776496364506,4.99999601325594
0.42365,1.0187763037396,11.9511287985743,0.76776496364506,4.99999601325594
0.4237,1.01877974662401,12.0847868751561,0.76776496364506,4.99999601325594
0.42375,1.01878318958069,11.9506243550546,0.76776496364506,4.99999601325594
0.4238,1.01878663261021,12.0845648461409,0.76776496364506,4.99999601325594
0.42385,1.01879007571314,11.9501710373345,0.76776496364506,4.99999601325594
0.4239,1.01879351889003,12.0842896988275,0.76776496364506,4.99999601325594
0.42395,1.01879696214139,11.9497684237374,0.76776496364506,4.99999601325594
0.424,1.0188004054677,12.0839617985422,0.767571265542806,4.99999620769174
0.42405,1.01880384886945,11.9494160547525,0.767571265542806,4.99999620769174
0.4241,1.01880729144803,12.0835815334521,0.767571265542806,4.99999620769174
0.42415,1.01881073365339,11.9491134341019,0.767571265542806,4.99999620769174
0.4242,1.01881417638491,12.0831493305801,0.767571265542806,4.99999620769174
0.42425,1.01881761919345,11.9488600426398,0.767571265542806,4.99999620769174
0.4243,1.01882106207933,12.0826656544601,0.767571265542806,4.99999620769174
0.42435,1.01882450504287,11.9486553129225,0.767571265542806,4.99999620769174
0.4244,1.01882794808432,12.0821310122437,0.767571265542806,4.99999620769174
0.42445,1.01883139120396,11.9484986520257,0.767571265542806,4.99999620769174
0.4245,1.01883483440198,12.0815459301968,0.767571265542806,4.99999620769174
0.42455,1.01883827767861,11.9483894447755,0.767571265542806,4.99999620769174
0.4246,1.01884172103399,12.0809109716717,0.767571265542806,4.99999620769174
0.42465,1.01884516446829,11.9483270301002,0.767571265542806,4.99999620769174
0.4247,1.01884860798159,12.0802267464666,0.767571265542806,4.99999620769174
0.42475,1.018852051574,11.9483107156203,0.767571265542806,4.99999620769174
0.4248,1.01885549524557,12.07949388293,0.767571265542806,4.99999620769174
0.42485,1.01885893899634,11.9483397966898,0.767571265542806,4.99999620769174
0.4249,1.0188623828263,12.0787130340946,0.767571265542806,4.99999620769174
0.42495,1.01886582673545,11.9484135298032,0.767571265542806,4.99999620769174
0.425,1.01886927072371,12.0778849062627,0.767376417642887,4.99999639264479
0.42505,1.01887271479104,11.9485311355784,0.767376417642887,4.99999639264479
0.4251,1.01887615803302,12.0770102188925,0.767376417642887,4.99999639264479
0.42515,1.01887960090169,11.9486918156665,0.767376417642887,4.99999639264479
0.4252,1.01888304430115,12.0760897152761,0.767376417642887,4.99999639264479
0.42525,1.01888648777911,11.9488947556087,0.767376417642887,4.99999639264479
0.4253,1.01888993133531,12.0751241769416,0.767376417642887,4.99999639264479
0.42535,1.01889337496956,11.9491390928124,0.767376417642887,4.99999639264479
0.4254,1.01889681868155,12.0741144225411,0.767376417642887,4.99999639264479
0.42545,1.01890026247102,11.9494239532139,0.767376417642887,4.99999639264479
0.4255,1.01890370633761,12.0730612738784,0.767376417642887,4.99999639264479
0.42555,1.01890715028102,11.9497484528498,0.767376417642887,4.99999639264479
0.4256,1.01891059430083,12.0719655857221,0.767376417642887,4.99999639264479
0.42565,1.01891403839668,11.9501116625548,0.767376417642887,4.99999639264479
0.4257,1.0189174825681,12.0708282567164,0.767376417642887,4.99999639264479
0.42575,1.01892092681469,11.9505126321813,0.767376417642887,4.99999639264479
0.4258,1.01892437113591,12.0696501889001,0.767376417642887,4.99999639264479
0.42585,1.01892781553131,11.9509504144732,0.767376417642887,4.99999639264479
0.4259,1.01893126000031,12.0684323004563,0.767376417642887,4.99999639264479
0.42595,1.01893470454239,11.9514240262999,0.767376417642887,4.99999639264479
0.426,1.01893814915694,12.0671755613345,0.767180419346211,4.99999656857758
0.42605,1.01894159384338,11.9519324553145,0.767180419346211,4.99999656857758
0.4261,1.01894503769146,12.0658809421605,0.767180419346211,4.99999656857758
0.42615,1.01894848115537,11.952474687226,0.767180419346211,4.99999656857758
0.4262,1.01895192514395,12.0645494242491,0.767180419346211,4.99999656857758
0.42625,1.01895536920173,11.9530496974254,0.767180419346211,4.99999656857758
0.4263,1.01895881332795,12.0631820256763,0.767180419346211,4.99999656857758
0.42635,1.01896225752188,11.9536564172484,0.767180419346211,4.99999656857758
0.4264,1.0189657017827,12.0617797920462,0.767180419346211,4.99999656857758
0.42645,1.01896914610964,11.9542937820023,0.767180419346211,4.99999656857758
0.4265,1.01897259050184,12.0603437567228,0.767180419346211,4.99999656857758
0.42655,1.01897603495847,11.9549607278915,0.767180419346211,4.99999656857758
0.4266,1.01897947947862,12.0588749815596,0.767180419346211,4.99999656857758
0.42665,1.01898292406142,11.9556561486536,0.767180419346211,4.99999656857758
0.4267,1.01898636870591,12.0573745664459,0.767180419346211,4.99999656857758
0.42675,1.01898981341119,11.9563789291791,0.767180419346211,4.99999656857758
0.4268,1.01899325817623,12.0558435991946,0.767180419346211,4.99999656857758
0.42685,1.0189967030001,11.9571279713249,0.767180419346211,4.99999656857758
0.4269,1.01900014788172,12.0542831751093,0.767180419346211,4.99999656857758
0.42695,1.01900359282011,11.9579021455338,0.767180419346211,4.99999656857758
0.427,1.01900703781417,12.0526944368249,0.766983270063361,4.99999673593003
0.42705,1.01901048286286,11.9587003014199,0.766983270063361,4.99999673593003
0.4271,1.01901392705018,12.0510785151375,0.766983270063361,4.99999673593003
0.42715,1.0190173708325,11.9595213016983,0.766983270063361,4.99999673593003
0.4272,1.01902081512347,12.0494365393841,0.766983270063361,4.99999673593003
0.42725,1.01902425946455,11.9603640055704,0.766983270063361,4.99999673593003
0.4273,1.01902770385451,12.0477696706084,0.766983270063361,4.99999673593003
0.42735,1.0190311482922,11.961227235316,0.766983270063361,4.99999673593003
0.4274,1.01903459277635,12.0460790868414,0.766983270063361,4.99999673593003
0.42745,1.01903803730577,11.9621098302329,0.766983270063361,4.99999673593003
0.4275,1.01904148187914,12.0443659414432,0.766983270063361,4.99999673593003
0.42755,1.01904492649525,11.9630106397743,0.766983270063361,4.99999673593003
0.4276,1.01904837115275,12.0426314095211,0.766983270063361,4.99999673593003
0.42765,1.01905181585037,11.9639284777842,0.766983270063361,4.99999673593003
0.4277,1.01905526058674,12.0408766947553,0.766983270063361,4.99999673593003
0.42775,1.01905870536057,11.9648621611163,0.766983270063361,4.99999673593003
0.4278,1.01906215017042,12.0391029765243,0.766983270063361,4.99999673593003
0.42785,1.019065595015,11.9658105334367,0.766983270063361,4.99999673593003
0.4279,1.01906903989283,12.0373114341562,0.766983270063361,4.99999673593003
0.42795,1.01907248480256,11.9667724138123,0.766983270063361,4.99999673593003
0.428,1.01907592974272,12.0355032852738,0.766784969214931,4.9999968951206
0.42805,1.01907937471192,11.9677466114761,0.766784969214931,4.9999968951206
0.4281,1.01908281878852,12.0336797238963,0.766784969214931,4.9999968951206
0.42815,1.01908626243118,11.9687319597421,0.766784969214931,4.9999968951206
0.4282,1.01908970655849,12.0318419339559,0.766784969214931,4.9999968951206
0.42825,1.01909315070895,11.9697272942769,0.766784969214931,4.9999968951206
0.4283,1.01909659488097,12.0299911233902,0.766784969214931,4.9999968951206
0.42835,1.01910003907311,11.970731424255,0.766784969214931,4.9999968951206
0.4284,1.01910348328377,12.0281285048645,0.766784969214931,4.9999968951206
0.42845,1.01910692751147,11.9717431868812,0.766784969214931,4.9999968951206
0.4285,1.01911037175458,12.0262552574989,0.766784969214931,4.9999968951206
0.42855,1.0191138160116,11.9727614360134,0.766784969214931,4.9999968951206
0.4286,1.01911726028089,12.0243725750057,0.766784969214931,4.9999968951206
0.42865,1.01912070456093,11.9737849988641,0.766784969214931,4.9999968951206
0.4287,1.01912414885005,12.0224816681169,0.766784969214931,4.9999968951206
0.42875,1.0191275931467,11.9748127168515,0.766784969214931,4.9999968951206
0.4288,1.01913103744922,12.0205837136642,0.766784969214931,4.9999968951206
0.42885,1.01913448175603,11.9758434649028,0.766784969214931,4.9999968951206
0.4289,1.01913792606544,12.0186798817651,0.766784969214931,4.9999968951206
0.42895,1.01914137037587,11.9768761013383,0.766784969214931,4.9999968951206
0.429,1.01914481468562,12.0167713697394,0.766585516232392,4.99999704654736
0.42905,1.01914825899308,11.977909485588,0.766585516232392,4.99999704654736
0.4291,1.01915170237113,12.014859341814,0.766585516232392,4.99999704654736
0.42915,1.01915514528087,11.978942508376,0.766585516232392,4.99999704654736
0.4292,1.01915858864599,12.0129449456972,0.766585516232392,4.99999704654736
0.42925,1.01916203200215,11.9799740690382,0.766585516232392,4.99999704654736
0.4293,1.01916547534761,12.011029342915,0.766585516232392,4.99999704654736
0.42935,1.01916891868075,11.9810030520624,0.766585516232392,4.99999704654736
0.4294,1.01917236199981,12.0091136889052,0.766585516232392,4.99999704654736
0.42945,1.01917580530317,11.9820283768216,0.766585516232392,4.99999704654736
0.4295,1.01917924858906,12.0071991006519,0.766585516232392,4.99999704654736
0.42955,1.01918269185585,11.9830489841376,0.766585516232392,4.99999704654736
0.4296,1.01918613510177,12.0052867008553,0.766585516232392,4.99999704654736
0.42965,1.01918957832518,11.9840637997476,0.766585516232392,4.99999704654736
0.4297,1.01919302152432,12.003377616855,0.766585516232392,4.99999704654736
0.42975,1.01919646469755,11.9850717718007,0.766585516232392,4.99999704654736
0.4298,1.01919990784308,12.0014729374545,0.766585516232392,4.99999704654736
0.42985,1.01920335095929,11.9860718844905,0.766585516232392,4.99999704654736
0.4299,1.01920679404441,11.9995737387436,0.766585516232392,4.99999704654736
0.42995,1.01921023709679,11.9870631154266,0.766585516232392,4.99999704654736
0.43,1.01921368011468,11.9976811104461,0.766384910559389,4.99999719058894
0.43005,1.01921712309642,11.9880444538725,0.766384910559389,4.99999719058894
0.4301,1.01922056510957,11.9957961033703,0.766384910559389,4.99999719058894
0.43015,1.01922400661785,11.9890149223165,0.766384910559389,4.99999719058894
0.4302,1.01922744855021,11.9939197487763,0.766384910559389,4.99999719058894
0.43025,1.01923089043966,11.9899735578938,0.766384910559389,4.99999719058894
0.4303,1.01923433228446,11.9920530794258,0.766384910559389,4.99999719058894
0.43035,1.01923777408299,11.9909193958576,0.766384910559389,4.99999719058894
0.4304,1.01924121583352,11.9901971125908,0.766384910559389,4.99999719058894
0.43045,1.01924465753444,11.9918515088452,0.766384910559389,4.99999719058894
0.4305,1.01924809918402,11.988352826748,0.766384910559389,4.99999719058894
0.43055,1.01925154078066,11.9927689933003,0.766384910559389,4.99999719058894
0.4306,1.01925498232267,11.9865211967768,0.766384910559389,4.99999719058894
0.43065,1.01925842380844,11.9936709433985,0.766384910559389,4.99999719058894
0.4307,1.01926186523629,11.9847031898501,0.766384910559389,4.99999719058894
0.43075,1.01926530660465,11.9945564812833,0.766384910559389,4.99999719058894
0.4308,1.01926874791183,11.9828997341125,0.766384910559389,4.99999719058894
0.43085,1.01927218915629,11.9954247640331,0.766384910559389,4.99999719058894
0.4309,1.01927563033638,11.9811117403041,0.766384910559389,4.99999719058894
0.43095,1.01927907145054,11.9962749526033,0.766384910559389,4.99999719058894
0.431,1.01928251249714,11.9793401188721,0.766183151653332,4.99999732760554
0.43105,1.01928595347467,11.9971062285391,0.766183151653332,4.99999732760554
0.4311,1.01928939344554,11.9775857389874,0.766183151653332,4.99999732760554
0.43115,1.01929283287623,11.9979178046263,0.766183151653332,4.99999732760554
0.4312,1.01929627270115,11.9758494495914,0.766183151653332,4.99999732760554
0.43125,1.01929971245083,11.9987089139827,0.766183151653332,4.99999732760554
0.4313,1.0193031521237,11.9741320884306,0.766183151653332,4.99999732760554
0.43135,1.01930659171831,11.9994787998398,0.766183151653332,4.99999732760554
0.4314,1.01931003123313,11.9724344713508,0.766183151653332,4.99999732760554
0.43145,1.01931347066673,12.0002267412522,0.766183151653332,4.99999732760554
0.4315,1.0193169100176,11.9707573782257,0.766183151653332,4.99999732760554
0.43155,1.01932034928435,12.0009520422856,0.766183151653332,4.99999732760554
0.4316,1.01932378846549,11.9691015756991,0.766183151653332,4.99999732760554
0.43165,1.01932722755965,12.0016540174044,0.766183151653332,4.99999732760554
0.4317,1.0193306665654,11.9674678125263,0.766183151653332,4.99999732760554
0.43175,1.01933410548139,12.0023320104989,0.766183151653332,4.99999732760554
0.4318,1.01933754430621,11.9658568021698,0.766183151653332,4.99999732760554
0.43185,1.01934098303855,12.002985396896,0.766183151653332,4.99999732760554
0.4319,1.01934442167703,11.9642692361638,0.766183151653332,4.99999732760554
0.43195,1.01934786022038,12.0036135668543,0.766183151653332,4.99999732760554
0.432,1.01935129866725,11.9627057925965,0.765980238987116,4.99999745793975
0.43205,1.01935473701641,12.0042159370112,0.765980238987116,4.99999745793975
0.4321,1.01935817432528,11.9611671105783,0.765980238987116,4.99999745793975
0.43215,1.01936161106329,12.0047919492309,0.765980238987116,4.99999745793975
0.4322,1.01936504817046,11.9596538101075,0.765980238987116,4.99999745793975
0.43225,1.01936848517497,12.0053410716948,0.765980238987116,4.99999745793975
0.4323,1.01937192207561,11.9581664868939,0.765980238987116,4.99999745793975
0.43235,1.01937535887124,12.0058627933079,0.765980238987116,4.99999745793975
0.4324,1.01937879556067,11.9567057120379,0.765980238987116,4.99999745793975
0.43245,1.01938223214281,12.0063566326903,0.765980238987116,4.99999745793975
0.4325,1.01938566861653,11.9552720269833,0.765980238987116,4.99999745793975
0.43255,1.01938910498077,12.0068221333097,0.765980238987116,4.99999745793975
0.4326,1.01939254123444,11.9538659503675,0.765980238987116,4.99999745793975
0.43265,1.01939597737652,12.0072588614274,0.765980238987116,4.99999745793975
0.4327,1.01939941340596,11.952487974715,0.765980238987116,4.99999745793975
0.43275,1.01940284932179,12.0076664106833,0.765980238987116,4.99999745793975
0.4328,1.01940628512301,11.9511385648678,0.765980238987116,4.99999745793975
0.43285,1.01940972080869,12.0080443999743,0.765980238987116,4.99999745793975
0.4329,1.01941315637788,11.9498181605973,0.765980238987116,4.99999745793975
0.43295,1.01941659182969,12.0083924733694,0.765980238987116,4.99999745793975
0.433,1.01942002716321,11.9485271765699,0.76577617205077,4.99999758191749
0.43305,1.01942346237761,12.0087103047286,0.76577617205077,4.99999758191749
0.4331,1.01942689652546,11.9472659937424,0.76577617205077,4.99999758191749
0.43315,1.01943033007926,12.0089975845828,0.76577617205077,4.99999758191749
0.4332,1.01943376398477,11.9460349769187,0.76577617205077,4.99999758191749
0.43325,1.01943719776796,12.0092540343833,0.76577617205077,4.99999758191749
0.4333,1.01944063142806,11.9448344555507,0.76577617205077,4.99999758191749
0.43335,1.0194440649644,12.0094794041734,0.76577617205077,4.99999758191749
0.4334,1.01944749837624,11.9436647347484,0.76577617205077,4.99999758191749
0.43345,1.01945093166295,12.0096734654904,0.76577617205077,4.99999758191749
0.4335,1.01945436482388,11.9425260975283,0.76577617205077,4.99999758191749
0.43355,1.01945779785842,12.0098360137541,0.76577617205077,4.99999758191749
0.4336,1.01946123076597,11.9414187961836,0.76577617205077,4.99999758191749
0.43365,1.01946466354598,12.0099668766239,0.76577617205077,4.99999758191749
0.4337,1.01946809619791,11.9403430526235,0.76577617205077,4.99999758191749
0.43375,1.01947152872126,12.0100659038635,0.76577617205077,4.99999758191749
0.4338,1.01947496111553,11.9392990703206,0.76577617205077,4.99999758191749
0.43385,1.01947839338027,12.0101329642079,0.76577617205077,4.99999758191749
0.4339,1.01948182551505,11.938287024772,0.76577617205077,4.99999758191749
0.43395,1.01948525751947,12.0101679602208,0.76577617205077,4.99999758191749
0.434,1.01948868939315,11.9373070583873,0.76557095035288,4.99999769984877
0.43405,1.01949212113574,12.0101708233046,0.76557095035288,4.99999769984877
0.4341,1.01949555179505,11.9363592885346,0.76557095035288,4.99999769984877
0.43415,1.01949898184675,12.0101414917612,0.76557095035288,4.99999769984877
0.4342,1.01950241224239,11.9354438193352,0.76557095035288,4.99999769984877
0.43425,1.01950584250583,12.0100799393537,0.76557095035288,4.99999769984877
0.4343,1.01950927263683,11.9345607103601,0.76557095035288,4.99999769984877
0.43435,1.01951270263521,12.0099861728758,0.76557095035288,4.99999769984877
0.4344,1.01951613250082,11.9337100011633,0.76557095035288,4.99999769984877
0.43445,1.01951956223352,12.0098602095122,0.76557095035288,4.99999769984877
0.4345,1.01952299183321,11.9328917180924,0.76557095035288,4.99999769984877
0.43455,1.0195264212998,12.0097020891119,0.76557095035288,4.99999769984877
0.4346,1.01952985063325,11.9321058497689,0.76557095035288,4.99999769984877
0.43465,1.01953327983354,12.0095118911576,0.76557095035288,4.99999769984877
0.4347,1.01953670890067,11.9313523531927,0.76557095035288,4.99999769984877
0.43475,1.01954013783468,12.009289709313,0.76557095035288,4.99999769984877
0.4348,1.01954356663562,11.9306311781379,0.76557095035288,4.99999769984877
0.43485,1.01954699530358,12.0090356487141,0.76557095035288,4.99999769984877
0.4349,1.01955042383867,11.9299422450153,0.76557095035288,4.99999769984877
0.43495,1.01955385224105,12.0087498548493,0.76557095035288,4.99999769984877
0.435,1.01955728051087,11.9292854359039,0.765364573421618,4.99999781202847
0.43505,1.01956070864835,12.0084324990894,0.765364573421618,4.99999781202847
0.4351,1.01956413569655,11.9286606176215,0.765364573421618,4.99999781202847
0.43515,1.0195675621343,12.0080837494012,0.765364573421618,4.99999781202847
0.4352,1.01957098891905,11.9280676479081,0.765364573421618,4.99999781202847
0.43525,1.01957441557252,12.0077038113138,0.765364573421618,4.99999781202847
0.4353,1.01957784209503,11.9275063345003,0.765364573421618,4.99999781202847
0.43535,1.01958126848696,12.0072929245723,0.765364573421618,4.99999781202847
0.4354,1.01958469474869,11.9269764709859,0.765364573421618,4.99999781202847
0.43545,1.01958812088063,12.0068513287809,0.765364573421618,4.99999781202847
0.4355,1.01959154688324,11.9264778459031,0.765364573421618,4.99999781202847
0.43555,1.01959497275696,12.006379284092,0.765364573421618,4.99999781202847
0.4356,1.01959839850231,11.9260102066219,0.765364573421618,4.99999781202847
0.43565,1.01960182411979,12.0058770930494,0.765364573421618,4.99999781202847
0.4357,1.01960524960997,11.9255732714324,0.765364573421618,4.99999781202847
0.43575,1.0196086749734,12.0053450635473,0.765364573421618,4.99999781202847
0.4358,1.0196121002107,11.9251667612601,0.765364573421618,4.99999781202847
0.43585,1.01961552532247,12.0047835090301,0.765364573421618,4.99999781202847
0.4359,1.01961895030939,11.9247903672427,0.765364573421618,4.99999781202847
0.43595,1.01962237517212,12.0041927861467,0.765364573421618,4.99999781202847
0.436,1.01962579991137,11.9244437419435,0.765157040805261,4.9999979187371
0.43605,1.01962922452785,12.0035732710716,0.765157040805261,4.9999979187371
0.4361,1.01963264805989,11.9241265330943,0.765157040805261,4.9999979187371
0.43615,1.01963607098948,12.002925327864,0.765157040805261,4.9999979187371
0.4362,1.01963949427989,11.9238383824088,0.765157040805261,4.9999979187371
0.43625,1.01964291745068,12.0022493591768,0.765157040805261,4.9999979187371
0.4363,1.01964634050275,11.9235788797922,0.765157040805261,4.9999979187371
0.43635,1.01964976343693,12.0015457990594,0.765157040805261,4.9999979187371
0.4364,1.01965318625414,11.9233476094079,0.765157040805261,4.9999979187371
0.43645,1.0196566089553,12.0008150708069,0.765157040805261,4.9999979187371
0.4365,1.01966003154135,11.9231441576743,0.765157040805261,4.9999979187371
0.43655,1.01966345401325,12.000057616278,0.765157040805261,4.9999979187371
0.4366,1.01966687637202,11.9229680684048,0.765157040805261,4.9999979187371
0.43665,1.01967029861863,11.9992739194418,0.765157040805261,4.9999979187371
0.4367,1.01967372075416,11.9228188614898,0.765157040805261,4.9999979187371
0.43675,1.01967714277963,11.9984644600643,0.765157040805261,4.9999979187371
0.4368,1.01968056469614,11.9226960689689,0.765157040805261,4.9999979187371
0.43685,1.01968398650478,11.9976297176823,0.765157040805261,4.9999979187371
0.4369,1.01968740820668,11.9225991943367,0.765157040805261,4.9999979187371
0.43695,1.01969082980298,11.9967702149881,0.765157040805261,4.9999979187371
0.437,1.01969425129484,11.9225277050903,0.764948352072152,4.99999802024149
0.43705,1.01969767268345,11.9958864871014,0.764948352072152,4.99999802024149
0.4371,1.01970109300227,11.9224810733341,0.764948352072152,4.99999802024149
0.43715,1.0197045127364,11.9949790495508,0.764948352072152,4.99999802024149
0.4372,1.01970793285484,11.9224587690386,0.764948352072152,4.99999802024149
0.43725,1.01971135287495,11.9940484544511,0.764948352072152,4.99999802024149
0.4373,1.01971477279803,11.9224602126791,0.764948352072152,4.99999802024149
0.43735,1.01971819262538,11.9930952801808,0.764948352072152,4.99999802024149
0.4374,1.01972161235832,11.9224848268044,0.764948352072152,4.99999802024149
0.43745,1.01972503199816,11.9921200864705,0.764948352072152,4.99999802024149
0.4375,1.01972845154629,11.9225320418766,0.764948352072152,4.99999802024149
0.43755,1.01973187100405,11.9911234483472,0.764948352072152,4.99999802024149
0.4376,1.01973529037286,11.9226012486043,0.764948352072152,4.99999802024149
0.43765,1.01973870965408,11.9901059782393,0.764948352072152,4.99999802024149
0.4377,1.01974212884916,11.9226918209163,0.764948352072152,4.99999802024149
0.43775,1.01974554795952,11.9890682765796,0.764948352072152,4.99999802024149
0.4378,1.01974896698663,11.9228031511299,0.764948352072152,4.99999802024149
0.43785,1.01975238593192,11.9880109396521,0.764948352072152,4.99999802024149
0.4379,1.01975580479692,11.9229346061658,0.764948352072152,4.99999802024149
0.43795,1.01975922358307,11.9869346024717,0.764948352072152,4.99999802024149
0.438,1.01976264229192,11.9230855237037,0.764738506810081,4.99999811679545
0.43805,1.01976606092496,11.985839904368,0.764738506810081,4.99999811679545
0.4381,1.01976947851072,11.9232552533813,0.764738506810081,4.99999811679545
0.43815,1.01977289553724,11.984727460823,0.764738506810081,4.99999811679545
0.4382,1.01977631297915,11.923443145586,0.764738506810081,4.99999811679545
0.43825,1.01977973035147,11.9835979197983,0.764738506810081,4.99999811679545
0.4383,1.01978314765581,11.9236485075518,0.764738506810081,4.99999811679545
0.43835,1.01978656489373,11.9824519476605,0.764738506810081,4.99999811679545
0.4384,1.01978998206688,11.923870656457,0.764738506810081,4.99999811679545
0.43845,1.01979339917683,11.9812901865471,0.764738506810081,4.99999811679545
0.4385,1.01979681622524,11.9241089209996,0.764738506810081,4.99999811679545
0.43855,1.01980023321371,11.9801132906234,0.764738506810081,4.99999811679545
0.4386,1.01980365014392,11.9243625955625,0.764738506810081,4.99999811679545
0.43865,1.01980706701749,11.9789219438817,0.764738506810081,4.99999811679545
0.4387,1.01981048383611,11.9246309660766,0.764738506810081,4.99999811679545
0.43875,1.0198139006014,11.9777168119657,0.764738506810081,4.99999811679545
0.4388,1.0198173173151,11.9249133409721,0.764738506810081,4.99999811679545
0.43885,1.01982073397883,11.9764985533376,0.764738506810081,4.99999811679545
0.4389,1.01982415059432,11.9252090080812,0.764738506810081,4.99999811679545
0.43895,1.01982756716324,11.9752678580546,0.764738506810081,4.99999811679545
0.439,1.01983098368731,11.9255172345764,0.764527504625154,4.99999820864042
0.43905,1.01983440016821,11.9740254132586,0.764527504625154,4.99999820864042
0.4391,1.01983781562935,11.9258373044733,0.764527504625154,4.99999820864042
0.43915,1.01984123056158,11.9727718799909,0.764527504625154,4.99999820864042
0.4392,1.01984464594499,11.9261685060398,0.764527504625154,4.99999820864042
0.43925,1.0198480612921,11.9715079450404,0.764527504625154,4.99999820864042
0.4393,1.01985147660466,11.9265100936298,0.764527504625154,4.99999820864042
0.43935,1.01985489188437,11.9702343052466,0.764527504625154,4.99999820864042
0.4394,1.019858307133,11.9268613371739,0.764527504625154,4.99999820864042
0.43945,1.01986172235223,11.9689516311152,0.764527504625154,4.99999820864042
0.4395,1.01986513754384,11.9272215202349,0.764527504625154,4.99999820864042
0.43955,1.01986855270951,11.9676606003888,0.764527504625154,4.99999820864042
0.4396,1.01987196785103,11.9275899010905,0.764527504625154,4.99999820864042
0.43965,1.01987538297009,11.9663619106765,0.764527504625154,4.99999820864042
0.4397,1.01987879806845,11.9279657372909,0.764527504625154,4.99999820864042
0.43975,1.01988221314782,11.96505623829,0.764527504625154,4.99999820864042
0.4398,1.01988562820995,11.9283483096947,0.764527504625154,4.99999820864042
0.43985,1.01988904325654,11.9637442503364,0.764527504625154,4.99999820864042
0.4399,1.01989245828935,11.9287368855914,0.764527504625154,4.99999820864042
0.43995,1.01989587331006,11.9624266351014,0.764527504625154,4.99999820864042
0.44,1.01989928832044,11.9291307219595,0.764315345140243,4.99999829600606
0.44005,1.01990270332216,11.9611040723467,0.764315345140243,4.99999829600606
0.4401,1.01990611733334,11.9295290939098,0.764315345140243,4.99999829600606
0.44015,1.01990953084746,11.9597772165659,0.764315345140243,4.99999829600606
0.4402,1.01991294484992,11.9299312842084,0.764315345140243,4.99999829600606
0.44025,1.01991635885054,11.9584467389352,0.764315345140243,4.99999829600606
0.4403,1.01991977285106,11.930336553673,0.764315345140243,4.99999829600606
0.44035,1.01992318685311,11.9571133119477,0.764315345140243,4.99999829600606
0.4404,1.01992660085843,11.9307441822074,0.764315345140243,4.99999829600606
0.44045,1.01993001486864,11.9557775830207,0.764315345140243,4.99999829600606
0.4405,1.01993342888544,11.931153463498,0.764315345140243,4.99999829600606
0.44055,1.01993684291044,11.9544402016622,0.764315345140243,4.99999829600606
0.4406,1.01994025694535,11.931563677068,0.764315345140243,4.99999829600606
0.44065,1.01994367099174,11.9531018258676,0.764315345140243,4.99999829600606
0.4407,1.0199470850513,11.9319741088906,0.764315345140243,4.99999829600606
0.44075,1.0199504991256,11.9517630920411,0.764315345140243,4.99999829600606
0.4408,1.01995391321629,11.9323840664217,0.764315345140243,4.99999829600606
0.44085,1.01995732732493,11.9504246263963,0.764315345140243,4.99999829600606
0.4409,1.01996074145314,11.9327928516812,0.764315345140243,4.99999829600606
0.44095,1.01996415560246,11.9490870645031,0.764315345140243,4.99999829600606
0.441,1.01996756977451,11.9331997668671,0.764102027993181,4.99999837911082
0.44105,1.01997098397078,11.9477510297029,0.764102027993181,4.99999837911082
0.4411,1.01997439720392,11.9336041310867,0.764102027993181,4.99999837911082
0.44115,1.0199778099699,11.9464171225945,0.764102027993181,4.99999837911082
0.4412,1.01998122325921,11.9340052746812,0.764102027993181,4.99999837911082
0.44125,1.01998463657883,11.9450859503442,0.764102027993181,4.99999837911082
0.4413,1.0199880499303,11.9344025186557,0.764102027993181,4.99999837911082
0.44135,1.01999146331503,11.943758113943,0.764102027993181,4.99999837911082
0.4414,1.01999487673454,11.9347952039873,0.764102027993181,4.99999837911082
0.44145,1.01999829019022,11.9424341930753,0.764102027993181,4.99999837911082
0.4415,1.02000170368354,11.9351826850205,0.764102027993181,4.99999837911082
0.44155,1.02000511721586,11.9411147633638,0.764102027993181,4.99999837911082
0.4416,1.02000853078862,11.9355643142876,0.764102027993181,4.99999837911082
0.44165,1.02001194440316,11.9398003980453,0.764102027993181,4.99999837911082
0.4417,1.02001535806087,11.9359394555607,0.764102027993181,4.99999837911082
0.44175,1.02001877176306,11.9384916516771,0.764102027993181,4.99999837911082
0.4418,1.0200221855111,11.9363074903804,0.764102027993181,4.99999837911082
0.44185,1.02002559930624,11.9371890674875,0.764102027993181,4.99999837911082
0.4419,1.02002901314982,11.9366678045261,0.764102027993181,4.99999837911082
0.44195,1.02003242704307,11.9358931854862,0.764102027993181,4.99999837911082
0.442,1.02003584098727,11.9370197932235,0.763887552834857,4.99999845816252
0.44205,1.02003925498362,11.9346045329051,0.763887552834857,4.99999845816252
0.4421,1.02004266803913,11.9373628642193,0.763887552834857,4.99999845816252
0.44215,1.02004608065208,11.9333236182792,0.763887552834857,4.99999845816252
0.4422,1.02004949381792,11.9376964407874,0.763887552834857,4.99999845816252
0.44225,1.02005290704064,11.9320509452032,0.763887552834857,4.99999845816252
0.4423,1.02005632032141,11.9380199497685,0.763887552834857,4.99999845816252
0.44235,1.02005973366129,11.9307870055045,0.763887552834857,4.99999845816252
0.4424,1.02006314706142,11.9383328357334,0.763887552834857,4.99999845816252
0.44245,1.02006656052281,11.9295322762823,0.763887552834857,4.99999845816252
0.4425,1.02006997404655,11.9386345551687,0.763887552834857,4.99999845816252
0.44255,1.02007338763362,11.9282872239613,0.763887552834857,4.99999845816252
0.4426,1.02007680128506,11.9389245758476,0.763887552834857,4.99999845816252
0.44265,1.0200802150018,11.927052302182,0.763887552834857,4.99999845816252
0.4427,1.02008362878484,11.9392023796489,0.763887552834857,4.99999845816252
0.44275,1.02008704263506,11.9258279514162,0.763887552834857,4.99999845816252
0.4428,1.02009045655341,11.9394674606441,0.763887552834857,4.99999845816252
0.44285,1.02009387054073,11.9246146004631,0.763887552834857,4.99999845816252
0.4429,1.02009728459792,11.9397193266712,0.763887552834857,4.99999845816252
0.44295,1.02010069872577,11.9234126628214,0.763887552834857,4.99999845816252
0.443,1.02010411292513,11.9399575030173,0.763671919327426,4.99999853335882
0.44305,1.02010752719674,11.9222225404632,0.763671919327426,4.99999853335882
0.4431,1.02011094054186,11.940181521621,0.763671919327426,4.99999853335882
0.44315,1.02011435346097,11.921044621573,0.763671919327426,4.99999853335882
0.4432,1.02011776695435,11.9403909336801,0.763671919327426,4.99999853335882
0.44325,1.02012118052288,11.9198792789274,0.763671919327426,4.99999853335882
0.4433,1.02012459416725,11.9405853050794,0.763671919327426,4.99999853335882
0.44335,1.02012800788806,11.9187268700756,0.763671919327426,4.99999853335882
0.4434,1.02013142168595,11.940764215701,0.763671919327426,4.99999853335882
0.44345,1.02013483556146,11.9175877448025,0.763671919327426,4.99999853335882
0.4435,1.02013824951518,11.9409272560799,0.763671919327426,4.99999853335882
0.44355,1.02014166354761,11.9164622360016,0.763671919327426,4.99999853335882
0.4436,1.02014507765927,11.9410740393664,0.763671919327426,4.99999853335882
0.44365,1.02014849185062,11.9153506562895,0.763671919327426,4.99999853335882
0.4437,1.02015190612212,11.941204192917,0.763671919327426,4.99999853335882
0.44375,1.02015532047417,11.914253311946,0.763671919327426,4.99999853335882
0.4438,1.02015873490719,11.9413173510054,0.763671919327426,4.99999853335882
0.44385,1.02016214942153,11.9131704964005,0.763671919327426,4.99999853335882
0.4439,1.02016556401754,11.9414131709299,0.763671919327426,4.99999853335882
0.44395,1.02016897869551,11.9121024778553,0.763671919327426,4.99999853335882
0.444,1.02017239345575,11.9414913320499,0.763455127142774,4.99999860488776
0.44405,1.02017580829849,11.9110495171977,0.763455127142774,4.99999860488776
0.4441,1.02017922221914,11.9415515132405,0.763455127142774,4.99999860488776
0.44415,1.02018263572032,11.9100118659359,0.763455127142774,4.99999860488776
0.4442,1.02018604980706,11.9415934171353,0.763455127142774,4.99999860488776
0.44425,1.02018946397706,11.9089897501751,0.763455127142774,4.99999860488776
0.4443,1.02019287823046,11.9416167699201,0.763455127142774,4.99999860488776
0.44435,1.02019629256734,11.9079833803471,0.763455127142774,4.99999860488776
0.4444,1.02019970698778,11.9416213056043,0.763455127142774,4.99999860488776
0.44445,1.02020312149179,11.9069929670896,0.763455127142774,4.99999860488776
0.4445,1.02020653607939,11.9416067675203,0.763455127142774,4.99999860488776
0.44455,1.02020995075056,11.9060186980394,0.763455127142774,4.99999860488776
0.4446,1.02021336550526,11.9415729317649,0.763455127142774,4.99999860488776
0.44465,1.02021678034339,11.9050607350405,0.763455127142774,4.99999860488776
0.4447,1.02022019526488,11.9415195867058,0.763455127142774,4.99999860488776
0.44475,1.02022361026957,11.9041192416672,0.763455127142774,4.99999860488776
0.4448,1.02022702535732,11.9414465216467,0.763455127142774,4.99999860488776
0.44485,1.02023044052793,11.903194368223,0.763455127142774,4.99999860488776
0.4449,1.02023385578119,11.941353556546,0.763455127142774,4.99999860488776
0.44495,1.02023727111686,11.9022862319601,0.763455127142774,4.99999860488776
0.445,1.02024068653468,11.9412405361924,0.763237175961418,4.99999867292818
0.44505,1.02024410203434,11.9013949476634,0.763237175961418,4.99999867292818
0.4451,1.02024751660537,11.9411072978694,0.763237175961418,4.99999867292818
0.44515,1.02025093075249,11.9005206251944,0.763237175961418,4.99999867292818
0.4452,1.0202543454855,11.9409537055106,0.763237175961418,4.99999867292818
0.44525,1.0202577602989,11.8996633419983,0.763237175961418,4.99999867292818
0.4453,1.02026117519226,11.9407796522113,0.763237175961418,4.99999867292818
0.44535,1.02026459016511,11.8988231610659,0.763237175961418,4.99999867292818
0.4454,1.02026800521698,11.9405850330209,0.763237175961418,4.99999867292818
0.44545,1.02027142034735,11.8980001520112,0.763237175961418,4.99999867292818
0.4455,1.02027483555568,11.9403697513755,0.763237175961418,4.99999867292818
0.44555,1.0202782508414,11.8971943573271,0.763237175961418,4.99999867292818
0.4456,1.02028166620393,11.9401337494836,0.763237175961418,4.99999867292818
0.44565,1.02028508164264,11.8964057920278,0.763237175961418,4.99999867292818
0.4457,1.02028849715689,11.9398769782226,0.763237175961418,4.99999867292818
0.44575,1.02029191274602,11.8956344797433,0.763237175961418,4.99999867292818
0.4458,1.02029532840932,11.9395993853892,0.763237175961418,4.99999867292818
0.44585,1.02029874414607,11.8948804298327,0.763237175961418,4.99999867292818
0.4459,1.02030215995554,11.9393009546344,0.763237175961418,4.99999867292818
0.44595,1.02030557583694,11.8941436149333,0.763237175961418,4.99999867292818
0.446,1.02030899178949,11.9389816934247,0.763018065471925,4.99999873765024
0.44605,1.02031240781236,11.8934240112315,0.763018065471925,4.99999873765024
0.4461,1.02031582288925,11.9386415957509,0.763018065471925,4.99999873765024
0.44615,1.02031923752703,11.8927215926938,0.763018065471925,4.99999873765024
0.4462,1.02032265274027,11.9382806850128,0.763018065471925,4.99999873765024
0.44625,1.02032606802031,11.8920362962182,0.763018065471925,4.99999873765024
0.4463,1.02032948336622,11.9378990156896,0.763018065471925,4.99999873765024
0.44635,1.02033289877703,11.8913680480324,0.763018065471925,4.99999873765024
0.4464,1.02033631425176,11.937496637678,0.763018065471925,4.99999873765024
0.44645,1.02033972978939,11.8907167864659,0.763018065471925,4.99999873765024
0.4465,1.0203431453889,11.9370736086745,0.763018065471925,4.99999873765024
0.44655,1.02034656104923,11.8900824196841,0.763018065471925,4.99999873765024
0.4466,1.02034997676931,11.936630028487,0.763018065471925,4.99999873765024
0.44665,1.02035339254803,11.8894648290963,0.763018065471925,4.99999873765024
0.4467,1.02035680838428,11.9361660008281,0.763018065471925,4.99999873765024
0.44675,1.02036022427692,11.8888639110827,0.763018065471925,4.99999873765024
0.4468,1.02036364022479,11.935681622669,0.763018065471925,4.99999873765024
0.44685,1.0203670562267,11.8882795476181,0.763018065471925,4.99999873765024
0.4469,1.02037047228146,11.9351770293088,0.763018065471925,4.99999873765024
0.44695,1.02037388838784,11.8877115830902,0.763018065471925,4.99999873765024
0.447,1.0203773045446,11.9346523773547,0.762797795370916,4.99999879921576
0.44705,1.02038072075048,11.8871598706037,0.762797795370916,4.99999879921576
0.4471,1.02038413598344,11.9341078053728,0.762797795370916,4.99999879921576
0.44715,1.02038755075257,11.8866242634311,0.762797795370916,4.99999879921576
0.4472,1.02039096607731,11.9335434816466,0.762797795370916,4.99999879921576
0.44725,1.02039438144596,11.8861045769844,0.762797795370916,4.99999879921576
0.4473,1.02039779685715,11.9329596041833,0.762797795370916,4.99999879921576
0.44735,1.02040121230952,11.8856006200683,0.762797795370916,4.99999879921576
0.4474,1.02040462780168,11.9323563618806,0.762797795370916,4.99999879921576
0.44745,1.02040804333223,11.885112216595,0.762797795370916,4.99999879921576
0.4475,1.02041145889975,11.9317339506335,0.762797795370916,4.99999879921576
0.44755,1.0204148745028,11.8846391604525,0.762797795370916,4.99999879921576
0.4476,1.02041829013993,11.9310926070167,0.762797795370916,4.99999879921576
0.44765,1.02042170580969,11.8841812223842,0.762797795370916,4.99999879921576
0.4477,1.02042512151058,11.9304325669676,0.762797795370916,4.99999879921576
0.44775,1.02042853724111,11.883738191517,0.762797795370916,4.99999879921576
0.4478,1.02043195299978,11.9297540583155,0.762797795370916,4.99999879921576
0.44785,1.02043536878506,11.8833098428568,0.762797795370916,4.99999879921576
0.4479,1.02043878459542,11.9290573459037,0.762797795370916,4.99999879921576
0.44795,1.02044220042931,11.8828959172825,0.762797795370916,4.99999879921576
0.448,1.02044561628517,11.9283427108934,0.762576365363635,4.9999988577787
0.44805,1.02044903216142,11.882496168497,0.762576365363635,4.9999988577787
0.4481,1.02045244703042,11.9276104144617,0.762576365363635,4.9999988577787
0.44815,1.02045586140361,11.8821103509363,0.762576365363635,4.9999988577787
0.4482,1.02045927630546,11.9268607464728,0.762576365363635,4.9999988577787
0.44825,1.02046269122131,11.8817381838,0.762576365363635,4.9999988577787
0.4483,1.02046610614954,11.9260940215875,0.762576365363635,4.9999988577787
0.44835,1.02046952108851,11.8813793847282,0.762576365363635,4.9999988577787
0.4484,1.02047293603657,11.9253105421072,0.762576365363635,4.9999988577787
0.44845,1.02047635099208,11.8810336873049,0.762576365363635,4.9999988577787
0.4485,1.02047976595336,11.924510616773,0.762576365363635,4.9999988577787
0.44855,1.02048318091877,11.8807007971811,0.762576365363635,4.9999988577787
0.4486,1.0204865958866,11.9236945903099,0.762576365363635,4.9999988577787
0.44865,1.02049001085519,11.8803804022521,0.762576365363635,4.9999988577787
0.4487,1.02049342582283,11.922862802555,0.762576365363635,4.9999988577787
0.44875,1.02049684078784,11.8800722103086,0.762576365363635,4.9999988577787
0.4488,1.02050025574851,11.9220155847621,0.762576365363635,4.9999988577787
0.44885,1.02050367070313,11.8797759163522,0.762576365363635,4.9999988577787
0.4489,1.02050708565,11.9211533009156,0.762576365363635,4.9999988577787
0.44895,1.0205105005874,11.8794911870593,0.762576365363635,4.9999988577787
0.449,1.02051391551359,11.9202763258846,0.762353775165032,4.99999891348549
0.44905,1.02051733042688,11.8792177041575,0.762353775165032,4.99999891348549
0.4491,1.02052074429414,11.9193850144207,0.762353775165032,4.99999891348549
0.44915,1.02052415762936,11.87895515053,0.762353775165032,4.99999891348549
0.4492,1.02052757146216,11.918479746363,0.762353775165032,4.99999891348549
0.44925,1.02053098527514,11.8787031796774,0.762353775165032,4.99999891348549
0.4493,1.02053439906655,11.9175609195426,0.762353775165032,4.99999891348549
0.44935,1.02053781283466,11.8784614473956,0.762353775165032,4.99999891348549
0.4494,1.02054122657773,11.9166289187588,0.762353775165032,4.99999891348549
0.44945,1.02054464029405,11.878229624352,0.762353775165032,4.99999891348549
0.4495,1.02054805398184,11.915684133699,0.762353775165032,4.99999891348549
0.44955,1.02055146763941,11.8780073584684,0.762353775165032,4.99999891348549
0.4496,1.020554881265,11.9147269819048,0.762353775165032,4.99999891348549
0.44965,1.0205582948569,11.8777942861492,0.762353775165032,4.99999891348549
0.4497,1.02056170841336,11.9137578736194,0.762353775165032,4.99999891348549
0.44975,1.02056512193268,11.877590062061,0.762353775165032,4.99999891348549
0.4498,1.02056853541312,11.9127772113248,0.762353775165032,4.99999891348549
0.44985,1.02057194885297,11.8773943308679,0.762353775165032,4.99999891348549
0.4499,1.02057536225051,11.9117854223827,0.762353775165032,4.99999891348549
0.44995,1.02057877560404,11.8772067173348,0.762353775165032,4.99999891348549
0.45,1.02058218891184,11.9107829394536,0.762130024501228,4.99999896647543
0.45005,1.02058560217224,11.8770268609947,0.762130024501228,4.99999896647543
0.4501,1.02058901434683,11.909770177523,0.762130024501228,4.99999896647543
0.45015,1.0205924259523,11.8768544022004,0.762130024501228,4.99999896647543
0.4502,1.02059583802364,11.9087475710037,0.762130024501228,4.99999896647543
0.45025,1.02059925004084,11.8766889607023,0.762130024501228,4.99999896647543
0.4503,1.02060266200223,11.9077155636004,0.762130024501228,4.99999896647543
0.45035,1.02060607390616,11.8765301615998,0.762130024501228,4.99999896647543
0.4504,1.02060948575098,11.9066745876782,0.762130024501228,4.99999896647543
0.45045,1.02061289753505,11.8763776416872,0.762130024501228,4.99999896647543
0.4505,1.02061630925673,11.9056250786392,0.762130024501228,4.99999896647543
0.45055,1.02061972091442,11.8762310222646,0.762130024501228,4.99999896647543
0.4506,1.02062313250648,11.9045674892946,0.762130024501228,4.99999896647543
0.45065,1.02062654403135,11.8760899197972,0.762130024501228,4.99999896647543
0.4507,1.02062995548741,11.9035022640715,0.762130024501228,4.99999896647543
0.45075,1.0206333668731,11.8759539652581,0.762130024501228,4.99999896647543
0.4508,1.02063677818684,11.9024298412429,0.762130024501228,4.99999896647543
0.45085,1.0206401894271,11.8758227833086,0.762130024501228,4.99999896647543
0.4509,1.02064360059232,11.9013506741335,0.762130024501228,4.99999896647543
0.45095,1.02064701168099,11.8756959881786,0.762130024501228,4.99999896647543
0.451,1.02065042269157,11.9002652163535,0.76190511311122,4.99999901688102
0.45105,1.02065383362258,11.8755732066661,0.76190511311122,4.99999901688102
0.4511,1.02065724343054,11.899173907563,0.76190511311122,4.99999901688102
0.45115,1.02066065263499,11.875454066257,0.76190511311122,4.99999901688102
0.4512,1.02066406227645,11.8980771995581,0.76190511311122,4.99999901688102
0.45125,1.0206674718325,11.8753381839282,0.76190511311122,4.99999901688102
0.4513,1.0206708813017,11.8969755448186,0.76190511311122,4.99999901688102
0.45135,1.02067429068265,11.875225183296,0.76190511311122,4.99999901688102
0.4514,1.02067769997395,11.8958693879388,0.76190511311122,4.99999901688102
0.45145,1.02068110917423,11.8751146959849,0.76190511311122,4.99999901688102
0.4515,1.02068451828213,11.8947591734419,0.76190511311122,4.99999901688102
0.45155,1.02068792729632,11.8750063470441,0.76190511311122,4.99999901688102
0.4516,1.02069133621545,11.8936453520633,0.76190511311122,4.99999901688102
0.45165,1.02069474503825,11.874899762156,0.76190511311122,4.99999901688102
0.4517,1.0206981537634,11.8925283673387,0.76190511311122,4.99999901688102
0.45175,1.02070156238967,11.8747945760171,0.76190511311122,4.99999901688102
0.4518,1.02070497091577,11.8914086580139,0.76190511311122,4.99999901688102
0.45185,1.02070837934051,11.8746904224188,0.76190511311122,4.99999901688102
0.4519,1.02071178766265,11.8902866662927,0.76190511311122,4.99999901688102
0.45195,1.02071519588103,11.8745869341911,0.76190511311122,4.99999901688102
0.452,1.02071860399446,11.8891628314683,0.761679040748629,4.9999990648283
0.45205,1.02072201200181,11.8744837520475,0.761679040748629,4.9999990648283
0.4521,1.02072541885464,11.8880375839614,0.761679040748629,4.9999990648283
0.45215,1.02072882507552,11.8743805177408,0.761679040748629,4.9999990648283
0.4522,1.02073223171065,11.8869113572181,0.761679040748629,4.9999990648283
0.45225,1.02073563823534,11.8742768739171,0.761679040748629,4.9999990648283
0.4523,1.02073904464852,11.8857845771588,0.761679040748629,4.9999990648283
0.45235,1.0207424509492,11.8741724691464,0.761679040748629,4.9999990648283
0.4524,1.02074585713637,11.8846576674111,0.761679040748629,4.9999990648283
0.45245,1.02074926320908,11.8740669553205,0.761679040748629,4.9999990648283
0.4525,1.02075266916635,11.8835310478367,0.761679040748629,4.9999990648283
0.45255,1.0207560750073,11.8739599879002,0.761679040748629,4.9999990648283
0.4526,1.02075948073099,11.8824051327713,0.761679040748629,4.9999990648283
0.45265,1.02076288633657,11.8738512276543,0.761679040748629,4.9999990648283
0.4527,1.02076629182317,11.8812803320425,0.761679040748629,4.9999990648283
0.45275,1.02076969718999,11.8737403375816,0.761679040748629,4.9999990648283
0.4528,1.0207731024362,11.8801570525027,0.761679040748629,4.9999990648283
0.45285,1.02077650756103,11.8736269853885,0.761679040748629,4.9999990648283
0.4529,1.02077991256373,11.8791691907408,0.761679040748629,4.9999990648283
0.45295,1.02078331745399,11.795362955112,0.761679040748629,4.9999990648283
0.453,1.02078672228954,11.9662854390591,0.761451807183326,4.99999911043716
0.45305,1.02079012702189,11.7968170025683,0.761451807183326,4.99999911043716
0.4531,1.02079353053415,11.9578229306663,0.761451807183326,4.99999911043716
0.45315,1.0207969333923,11.7989618951373,0.761451807183326,4.99999911043716
0.4532,1.02080033665052,11.9510056582089,0.761451807183326,4.99999911043716
0.45325,1.02080373978278,11.8013731132912,0.761451807183326,4.99999911043716
0.4533,1.02080714279017,11.9451546539024,0.761451807183326,4.99999911043716
0.45335,1.02081054567303,11.8041552549758,0.761451807183326,4.99999911043716
0.4534,1.02081394843168,11.9397552602648,0.761451807183326,4.99999911043716
0.45345,1.02081735106656,11.8071318600524,0.761451807183326,4.99999911043716
0.4535,1.02082075357786,11.9349051948477,0.761451807183326,4.99999911043716
0.45355,1.0208241559655,11.8098480146748,0.761451807183326,4.99999911043716
0.4536,1.02082755823006,11.9307267702011,0.761451807183326,4.99999911043716
0.45365,1.02083096037105,11.8122756152308,0.761451807183326,4.99999911043716
0.4537,1.02083436238891,11.9268735352616,0.761451807183326,4.99999911043716
0.45375,1.02083776428357,11.8147330218764,0.761451807183326,4.99999911043716
0.4538,1.02084116605486,11.9230710315618,0.761451807183326,4.99999911043716
0.45385,1.02084456770305,11.8171750713608,0.761451807183326,4.99999911043716
0.4539,1.02084796922804,11.9195368425529,0.761451807183326,4.99999911043716
0.45395,1.0208513706296,11.8192793668447,0.761451807183326,4.99999911043716
0.454,1.02085477190825,11.916433366025,0.761223412202723,4.99999915382165
0.45405,1.02085817306344,11.8210930460767,0.761223412202723,4.99999915382165
0.4541,1.02086157303763,11.9134927376123,0.761223412202723,4.99999915382165
0.45415,1.02086497235982,11.8229137785465,0.761223412202723,4.99999915382165
0.4542,1.02086837208769,11.9105282721079,0.761223412202723,4.99999915382165
0.45425,1.02087177169267,11.8247024061407,0.761223412202723,4.99999915382165
0.4543,1.02087517117472,11.9077461371087,0.761223412202723,4.99999915382165
0.45435,1.02087857053369,11.8262103722535,0.761223412202723,4.99999915382165
0.4544,1.02088196977019,11.9052756340477,0.761223412202723,4.99999915382165
0.45445,1.0208853688838,11.8274930908414,0.761223412202723,4.99999915382165
0.4545,1.02088876787497,11.9029072274363,0.761223412202723,4.99999915382165
0.45455,1.0208921667439,11.8287842355058,0.761223412202723,4.99999915382165
0.4546,1.02089556549042,11.9005061331267,0.761223412202723,4.99999915382165
0.45465,1.0208989641151,11.830051502067,0.761223412202723,4.99999915382165
0.4547,1.02090236261799,11.8982334752409,0.761223412202723,4.99999915382165
0.45475,1.02090576099909,11.8311080612264,0.761223412202723,4.99999915382165
0.4548,1.02090915925915,11.8961884103048,0.761223412202723,4.99999915382165
0.45485,1.02091255739788,11.8319951028461,0.761223412202723,4.99999915382165
0.4549,1.02091595541586,11.8942161922604,0.761223412202723,4.99999915382165
0.45495,1.02091935331344,11.8328876747117,0.761223412202723,4.99999915382165
0.455,1.02092275109058,11.8922151261098,0.760993855612421,4.99999919509025
0.45505,1.02092614874801,11.8337644359696,0.760993855612421,4.99999919509025
0.4551,1.02092954522265,11.8903032404092,0.760993855612421,4.99999919509025
0.45515,1.02093294104631,11.8344881635941,0.760993855612421,4.99999919509025
0.4552,1.02093633728309,11.8885536396415,0.760993855612421,4.99999919509025
0.45525,1.02093973340121,11.8350888253903,0.760993855612421,4.99999919509025
0.4553,1.02094312940141,11.8868551060702,0.760993855612421,4.99999919509025
0.45535,1.0209465252842,11.8356893901767,0.760993855612421,4.99999919509025
0.4554,1.02094992104962,11.8851398796855,0.760993855612421,4.99999919509025
0.45545,1.02095331669862,11.8362711693751,0.760993855612421,4.99999919509025
0.4555,1.02095671223144,11.8834887413509,0.760993855612421,4.99999919509025
0.45555,1.02096010764841,11.8367481174449,0.760993855612421,4.99999919509025
0.4556,1.02096350295058,11.8819397141067,0.760993855612421,4.99999919509025
0.45565,1.02096689813789,11.8371471603593,0.760993855612421,4.99999919509025
0.4557,1.02097029321123,11.8804240455367,0.760993855612421,4.99999919509025
0.45575,1.02097368817129,11.8375322171819,0.760993855612421,4.99999919509025
0.4558,1.02097708301819,11.8789159637317,0.760993855612421,4.99999919509025
0.45585,1.02098047775307,11.8378854567467,0.760993855612421,4.99999919509025
0.4559,1.02098387237631,11.8774523989186,0.760993855612421,4.99999919509025
0.45595,1.02098726688837,11.8381815004495,0.760993855612421,4.99999919509025
0.456,1.02099066129044,11.8760316492583,0.76076313723633,4.99999923434617
0.45605,1.02099405558263,11.8384404281615,0.76076313723633,4.99999923434617
0.4561,1.02099744869741,11.8746357803378,0.76076313723633,4.99999923434617
0.45615,1.0210008411699,11.8386618609885,0.76076313723633,4.99999923434617
0.4562,1.02100423406892,11.8732784130462,0.76076313723633,4.99999923434617
0.45625,1.02100762686145,11.8388370707633,0.76076313723633,4.99999923434617
0.4563,1.02101101954804,11.8719457573776,0.76076313723633,4.99999923434617
0.45635,1.02101441212929,11.8390012329348,0.76076313723633,4.99999923434617
0.4564,1.02101780460652,11.8706028064161,0.76076313723633,4.99999923434617
0.45645,1.02102119698002,11.8391610297037,0.76076313723633,4.99999923434617
0.4565,1.0210245892509,11.8692831681341,0.76076313723633,4.99999923434617
0.45655,1.02102798142018,11.8392575621904,0.76076313723633,4.99999923434617
0.4566,1.02103137348828,11.8680327314117,0.76076313723633,4.99999923434617
0.45665,1.02103476545659,11.839293546411,0.76076313723633,4.99999923434617
0.4567,1.0210381573258,11.8667910667841,0.76076313723633,4.99999923434617
0.45675,1.02104154909668,11.839358396641,0.76076313723633,4.99999923434617
0.4568,1.02104494077067,11.8654924666021,0.76076313723633,4.99999923434617
0.45685,1.02104833234822,11.8394489305247,0.76076313723633,4.99999923434617
0.4569,1.02105172383059,11.8642157619248,0.76076313723633,4.99999923434617
0.45695,1.02105511521892,11.8394510653428,0.76076313723633,4.99999923434617
0.457,1.02105850651381,11.8630415665582,0.760531256916363,4.99999927168754
0.45705,1.02106189771678,11.8393734360672,0.760531256916363,4.99999927168754
0.4571,1.02106528775481,11.8618657830622,0.760531256916363,4.99999927168754
0.45715,1.02106867716578,11.83936244286,0.760531256916363,4.99999927168754
0.4572,1.02107206702507,11.8605860458495,0.760531256916363,4.99999927168754
0.45725,1.0210754567964,11.8394083968983,0.760531256916363,4.99999927168754
0.4573,1.02107884648115,11.8593292299266,0.760531256916363,4.99999927168754
0.45735,1.02108223608061,11.8393354180834,0.760531256916363,4.99999927168754
0.4574,1.02108562559551,11.8582145247611,0.760531256916363,4.99999927168754
0.45745,1.02108901502753,11.8391615647,0.760531256916363,4.99999927168754
0.4575,1.02109240437765,11.8570854528731,0.760531256916363,4.99999927168754
0.45755,1.02109579364693,11.8405203992134,0.760531256916363,4.99999927168754
0.4576,1.02109918283795,11.7754633496356,0.760531256916363,4.99999927168754
0.45765,1.02110257202484,11.9297419883984,0.760531256916363,4.99999927168754
0.4577,1.02110596116411,11.7759689468481,0.760531256916363,4.99999927168754
0.45775,1.0211093501802,11.9220326834828,0.760531256916363,4.99999927168754
0.4578,1.021112739119,11.7776468043379,0.760531256916363,4.99999927168754
0.45785,1.02111612798478,11.9153812294129,0.760531256916363,4.99999927168754
0.4579,1.02111951677878,11.7799257388364,0.760531256916363,4.99999927168754
0.45795,1.0211229055044,11.909771974268,0.760531256916363,4.99999927168754
0.458,1.02112629416426,11.7821099075786,0.760298214511785,4.99999930720776
0.45805,1.02112968275948,11.9051619863613,0.760298214511785,4.99999930720776
0.4581,1.0211330702144,11.7841781868282,0.760298214511785,4.99999930720776
0.45815,1.02113645706993,11.9009423088065,0.760298214511785,4.99999930720776
0.4582,1.0211398444069,11.7865348312972,0.760298214511785,4.99999930720776
0.45825,1.02114323168887,11.8967388123923,0.760298214511785,4.99999930720776
0.4583,1.02114661891631,11.7889783060269,0.760298214511785,4.99999930720776
0.45835,1.02115000609188,11.892969991279,0.760298214511785,4.99999930720776
0.4584,1.02115339321761,11.7909089649393,0.760298214511785,4.99999930720776
0.45845,1.02115678029423,11.8898905748444,0.760298214511785,4.99999930720776
0.4585,1.02116016732475,11.7924677038925,0.760298214511785,4.99999930720776
0.45855,1.02116355431027,11.8869113758879,0.760298214511785,4.99999930720776
0.4586,1.0211669412522,11.7942956896536,0.760298214511785,4.99999930720776
0.45865,1.02117032815343,11.88364739137,0.760298214511785,4.99999930720776
0.4587,1.02117371501437,11.7962369713786,0.760298214511785,4.99999930720776
0.45875,1.02117710183749,11.8806820410304,0.760298214511785,4.99999930720776
0.4588,1.02118048862473,11.7975814129604,0.760298214511785,4.99999930720776
0.45885,1.02118387537679,11.8783993409753,0.760298214511785,4.99999930720776
0.4589,1.02118726209657,11.7985029238389,0.760298214511785,4.99999930720776
0.45895,1.02119064878515,11.8761219842661,0.760298214511785,4.99999930720776
0.459,1.02119403544395,11.7997964775638,0.760064009898128,4.99999934099564
0.45905,1.02119742207573,11.873392418064,0.760064009898128,4.99999934099564
0.4591,1.02120080759654,11.8012937161273,0.760064009898128,4.99999934099564
0.45915,1.021204192551,11.8709180510384,0.760064009898128,4.99999934099564
0.4592,1.02120757802549,11.8021493133137,0.760064009898128,4.99999934099564
0.45925,1.02121096347859,11.869171494605,0.760064009898128,4.99999934099564
0.4593,1.02121434891304,11.8025613106656,0.760064009898128,4.99999934099564
0.45935,1.02121773432998,11.867370875086,0.760064009898128,4.99999934099564
0.4594,1.02122111973089,11.8034525342481,0.760064009898128,4.99999934099564
0.45945,1.02122450511836,11.8626470559294,0.760064009898128,4.99999934099564
0.4595,1.02122789050095,11.7338056649036,0.760064009898128,4.99999934099564
0.45955,1.02123127594024,11.9458574181828,0.760064009898128,4.99999934099564
0.4596,1.02123466139012,11.7362519363621,0.760064009898128,4.99999934099564
0.45965,1.02123804678502,11.9367447069144,0.760064009898128,4.99999934099564
0.4597,1.02124143216762,11.7395312237946,0.760064009898128,4.99999934099564
0.45975,1.02124481754227,11.9287236367233,0.760064009898128,4.99999934099564
0.4598,1.02124820291013,11.7434109690335,0.760064009898128,4.99999934099564
0.45985,1.02125158827485,11.9216086345448,0.760064009898128,4.99999934099564
0.4599,1.02125497363891,11.7471828521055,0.760064009898128,4.99999934099564
0.45995,1.02125835900364,11.9156048455923,0.760064009898128,4.99999934099564
0.46,1.02126174437247,11.7505460174335,0.759828642965594,4.99999937313566
0.46005,1.02126512974685,11.9102843067151,0.759828642965594,4.99999937313566
0.4601,1.02126851403864,11.7539693389611,0.759828642965594,4.99999937313566
0.46015,1.02127189779597,11.9050220773448,0.759828642965594,4.99999937313566
0.4602,1.021275282109,11.7575652427,0.759828642965594,4.99999937313566
0.46025,1.02127866643564,11.9000566179643,0.759828642965594,4.99999937313566
0.4603,1.02128205077776,11.7606905991239,0.759828642965594,4.99999937313566
0.46035,1.02128543513617,11.8958882854225,0.759828642965594,4.99999937313566
0.4604,1.02128881951377,11.7631957409384,0.759828642965594,4.99999937313566
0.46045,1.02129220391165,11.8920951397454,0.759828642965594,4.99999937313566
0.4605,1.02129558833111,11.7657841350993,0.759828642965594,4.99999937313566
0.46055,1.02129897277499,11.8880392160851,0.759828642965594,4.99999937313566
0.4606,1.02130235724353,11.768600569713,0.759828642965594,4.99999937313566
0.46065,1.02130574173917,11.884130065921,0.759828642965594,4.99999937313566
0.4607,1.02130912626363,11.7708858649971,0.759828642965594,4.99999937313566
0.46075,1.02131251081754,11.8809918059056,0.759828642965594,4.99999937313566
0.4608,1.02131589540354,11.7725274305829,0.759828642965594,4.99999937313566
0.46085,1.02131928002262,11.8781118549202,0.759828642965594,4.99999937313566
0.4609,1.02132266467592,11.7743757828555,0.759828642965594,4.99999937313566
0.46095,1.02132604936603,11.8747883802541,0.759828642965594,4.99999937313566
0.461,1.02132943409321,11.7765553776904,0.759592113617105,4.9999994037082
0.46105,1.0213328188596,11.87155555702,0.759592113617105,4.9999994037082
0.4611,1.02133620257175,11.7781759051719,0.759592113617105,4.9999994037082
0.46115,1.02133958577775,11.8691207049514,0.759592113617105,4.9999994037082
0.4612,1.02134296957509,11.7791501490892,0.759592113617105,4.9999994037082
0.46125,1.02134635341714,11.8668697648084,0.759592113617105,4.9999994037082
0.4613,1.02134973730493,11.7804505442739,0.759592113617105,4.9999994037082
0.46135,1.02135312124079,11.8640402554937,0.759592113617105,4.9999994037082
0.4614,1.02135650522499,11.7821699297831,0.759592113617105,4.9999994037082
0.46145,1.02135988925942,11.8612759285815,0.759592113617105,4.9999994037082
0.4615,1.02136327334556,11.7832994322463,0.759592113617105,4.9999994037082
0.46155,1.02136665748393,11.8593471261738,0.759592113617105,4.9999994037082
0.4616,1.02137004167662,11.7837804108509,0.759592113617105,4.9999994037082
0.46165,1.0213734259245,11.8575431693523,0.759592113617105,4.9999994037082
0.4617,1.02137681022846,11.7846897157934,0.759592113617105,4.9999994037082
0.46175,1.02138019459053,11.8550536220867,0.759592113617105,4.9999994037082
0.4618,1.02138357901103,11.7860841813431,0.759592113617105,4.9999994037082
0.46185,1.02138696349153,11.8526202901541,0.759592113617105,4.9999994037082
0.4619,1.02139034803339,11.7868544981626,0.759592113617105,4.9999994037082
0.46195,1.02139373263704,11.8510593469351,0.759592113617105,4.9999994037082
0.462,1.02139711730426,11.786974931987,0.759354421766471,4.99999943278969
0.46205,1.02140050203586,11.8495727443381,0.759354421766471,4.99999943278969
0.4621,1.02140388573218,11.7876086428385,0.759354421766471,4.99999943278969
0.46215,1.02140726894514,11.847316884525,0.759354421766471,4.99999943278969
0.4622,1.02141065277547,11.7887737818177,0.759354421766471,4.99999943278969
0.46225,1.02141403667422,11.8451192835736,0.759354421766471,4.99999943278969
0.4623,1.02141742064259,11.7892806741276,0.759354421766471,4.99999943278969
0.46235,1.02142080468094,11.8438252001542,0.759354421766471,4.99999943278969
0.4624,1.0214241887907,11.7891398168604,0.759354421766471,4.99999943278969
0.46245,1.0214275729726,11.8425608789467,0.759354421766471,4.99999943278969
0.4625,1.0214309572272,11.7895811018037,0.759354421766471,4.99999943278969
0.46255,1.02143434155588,11.8404649712535,0.759354421766471,4.99999943278969
0.4626,1.02143772595898,11.7905823757148,0.759354421766471,4.99999943278969
0.46265,1.02144111043743,11.8384369608741,0.759354421766471,4.99999943278969
0.4627,1.02144449499221,11.7908948317618,0.759354421766471,4.99999943278969
0.46275,1.02144787962363,11.8373346919695,0.759354421766471,4.99999943278969
0.4628,1.02145126433274,11.790567200307,0.759354421766471,4.99999943278969
0.46285,1.02145464912017,11.8362222364894,0.759354421766471,4.99999943278969
0.4629,1.02145803398633,11.7908752894763,0.759354421766471,4.99999943278969
0.46295,1.02146141893222,11.834235982917,0.759354421766471,4.99999943278969
0.463,1.02146480395817,11.7917560975288,0.759115567336639,4.99999946045286
0.46305,1.02146818906478,11.8323322840376,0.759115567336639,4.99999946045286
0.4631,1.02147157314711,11.7919236761528,0.759115567336639,4.99999946045286
0.46315,1.02147495675825,11.8313654945012,0.759115567336639,4.99999946045286
0.4632,1.02147834100458,11.7914656342507,0.759115567336639,4.99999946045286
0.46325,1.02148172533375,11.8303525859048,0.759115567336639,4.99999946045286
0.4633,1.02148510974601,11.7916820559874,0.759115567336639,4.99999946045286
0.46335,1.02148849424197,11.828442876079,0.759115567336639,4.99999946045286
0.4634,1.02149187882195,11.7924696807802,0.759115567336639,4.99999946045286
0.46345,1.02149526348621,11.826633323305,0.759115567336639,4.99999946045286
0.4635,1.02149864823527,11.792527823108,0.759115567336639,4.99999946045286
0.46355,1.02150203306929,11.8257593785472,0.759115567336639,4.99999946045286
0.4636,1.02150541798855,11.7919822678612,0.759115567336639,4.99999946045286
0.46365,1.02150880299343,11.8248072166215,0.759115567336639,4.99999946045286
0.4637,1.021512188084,11.7921353478321,0.759115567336639,4.99999946045286
0.46375,1.02151557326049,11.8229536563034,0.759115567336639,4.99999946045286
0.4638,1.02151895852318,11.7928453041676,0.759115567336639,4.99999946045286
0.46385,1.02152234387202,11.821219078268,0.759115567336639,4.99999946045286
0.4639,1.02152572930724,11.792819157276,0.759115567336639,4.99999946045286
0.46395,1.02152911482896,11.8204055179386,0.759115567336639,4.99999946045286
0.464,1.02153250043704,11.7922188709579,0.758875550258309,4.99999948676689
0.46405,1.02153588613173,11.8194855592059,0.758875550258309,4.99999948676689
0.4641,1.02153927080192,11.79232702195,0.758875550258309,4.99999948676689
0.46415,1.02154265500296,11.8176771846168,0.758875550258309,4.99999948676689
0.4642,1.0215460398461,11.7929662836678,0.758875550258309,4.99999948676689
0.46425,1.02154942477547,11.8160063700942,0.758875550258309,4.99999948676689
0.4643,1.02155280979102,11.792873492035,0.758875550258309,4.99999948676689
0.46435,1.02155619489281,11.8152283557155,0.758875550258309,4.99999948676689
0.4644,1.0215595800803,11.792243555136,0.758875550258309,4.99999948676689
0.46445,1.02156296535358,11.8143199139378,0.758875550258309,4.99999948676689
0.4645,1.02156635071242,11.7923177363633,0.758875550258309,4.99999948676689
0.46455,1.02156973615623,11.8125526879754,0.758875550258309,4.99999948676689
0.4646,1.02157312168523,11.7928871900376,0.758875550258309,4.99999948676689
0.46465,1.02157650729873,11.81094008808,0.758875550258309,4.99999948676689
0.4647,1.0215798929964,11.7927399782598,0.758875550258309,4.99999948676689
0.46475,1.02158327877826,11.8101785203154,0.758875550258309,4.99999948676689
0.4648,1.02158666464334,11.7920995702569,0.758875550258309,4.99999948676689
0.46485,1.02159005059163,11.8092669617089,0.758875550258309,4.99999948676689
0.4649,1.02159343662271,11.7921451912567,0.758875550258309,4.99999948676689
0.46495,1.02159682273561,11.8075418278569,0.758875550258309,4.99999948676689
0.465,1.02160020893051,11.7926415756507,0.758634370469042,4.99999951179756
0.46505,1.02160359520642,11.8059857828245,0.758634370469042,4.99999951179756
0.4651,1.02160698044641,11.7924483440134,0.758634370469042,4.99999951179756
0.46515,1.02161036520861,11.8052258880976,0.758634370469042,4.99999951179756
0.4652,1.02161375060801,11.7918121083524,0.758634370469042,4.99999951179756
0.46525,1.02161713608627,11.8043012332018,0.758634370469042,4.99999951179756
0.4653,1.02162052164283,11.7918305348589,0.758634370469042,4.99999951179756
0.46535,1.02162390727636,11.8026225499022,0.758634370469042,4.99999951179756
0.4654,1.02162729298696,11.7922479702238,0.758634370469042,4.99999951179756
0.46545,1.02163067877338,11.8011238905892,0.758634370469042,4.99999951179756
0.4655,1.02163406463475,11.7920145128786,0.758634370469042,4.99999951179756
0.46555,1.02163745057095,11.8003541431577,0.758634370469042,4.99999951179756
0.4656,1.02164083658032,11.7913935873816,0.758634370469042,4.99999951179756
0.46565,1.02164422266251,11.7994099756054,0.758634370469042,4.99999951179756
0.4657,1.02164760881685,11.791383334376,0.758634370469042,4.99999951179756
0.46575,1.02165099504163,11.7977842665229,0.758634370469042,4.99999951179756
0.4658,1.02165438133693,11.7917145424542,0.758634370469042,4.99999951179756
0.46585,1.02165776770123,11.7963452396132,0.758634370469042,4.99999951179756
0.4659,1.02166115413338,11.7914449648382,0.758634370469042,4.99999951179756
0.46595,1.02166454063324,11.7955565828649,0.758634370469042,4.99999951179756
0.466,1.0216679271988,11.7908477606151,0.75839202791292,4.99999953560748
0.46605,1.02167131382959,11.7945892255906,0.75839202791292,4.99999953560748
0.4661,1.02167469940316,11.79080542808,0.75839202791292,4.99999953560748
0.46615,1.02167808447833,11.7930242073506,0.75839202791292,4.99999953560748
0.4662,1.02168147017672,11.7910426688188,0.75839202791292,4.99999953560748
0.46625,1.0216848559358,11.791647676,0.75839202791292,4.99999953560748
0.4663,1.02168824175416,11.7907400379423,0.75839202791292,4.99999953560748
0.46635,1.02169162763161,11.7908329773005,0.75839202791292,4.99999953560748
0.4664,1.02169501356585,11.7901727688686,0.75839202791292,4.99999953560748
0.46645,1.02169839955626,11.7898408836576,0.75839202791292,4.99999953560748
0.4665,1.02170178560194,11.7900937371398,0.75839202791292,4.99999953560748
0.46655,1.02170517170058,11.7883447254088,0.75839202791292,4.99999953560748
0.4666,1.0217085578521,11.7902294843735,0.75839202791292,4.99999953560748
0.46665,1.0217119440546,11.7870336120973,0.75839202791292,4.99999953560748
0.4667,1.02171533030646,11.7898962438246,0.75839202791292,4.99999953560748
0.46675,1.02171871660743,11.7861873292657,0.75839202791292,4.99999953560748
0.4668,1.02172210295496,11.7893632717499,0.75839202791292,4.99999953560748
0.46685,1.0217254893483,11.7851706698656,0.75839202791292,4.99999953560748
0.4669,1.02172887578646,11.7892422035353,0.75839202791292,4.99999953560748
0.46695,1.02173226226688,11.7837514743538,0.75839202791292,4.99999953560748
0.467,1.02173564878942,11.7892696248132,0.758148522540808,4.99999955825617
0.46705,1.02173903535201,11.7825084153214,0.758148522540808,4.99999955825617
0.4671,1.0217424208259,11.7889078317305,0.758148522540808,4.99999955825617
0.46715,1.02174580577429,11.7816264273775,0.758148522540808,4.99999955825617
0.4672,1.02174919132135,11.7884118660861,0.758148522540808,4.99999955825617
0.46725,1.02175257690273,11.7805868125016,0.758148522540808,4.99999955825617
0.4673,1.02175596251738,11.7882430603783,0.758148522540808,4.99999955825617
0.46735,1.02175934816252,11.7792522404738,0.758148522540808,4.99999955825617
0.4674,1.02176273383795,11.7881563197675,0.758148522540808,4.99999955825617
0.46745,1.02176611954149,11.7780793762244,0.758148522540808,4.99999955825617
0.4675,1.02176950527113,11.7877677497399,0.758148522540808,4.99999955825617
0.46755,1.02177289102658,11.7771589002283,0.758148522540808,4.99999955825617
0.4676,1.0217762768049,11.7873099552266,0.758148522540808,4.99999955825617
0.46765,1.02177966260511,11.7760991761803,0.758148522540808,4.99999955825617
0.4677,1.02178304842611,11.7870876090578,0.758148522540808,4.99999955825617
0.46775,1.02178643426493,11.7748561703737,0.758148522540808,4.99999955825617
0.4678,1.02178982012133,11.7868820807453,0.758148522540808,4.99999955825617
0.46785,1.02179320599305,11.7737550273302,0.758148522540808,4.99999955825617
0.4679,1.02179659187794,11.7864682753635,0.758148522540808,4.99999955825617
0.46795,1.02179997777567,11.7727945844797,0.758148522540808,4.99999955825617
0.468,1.0218033636832,11.7860483750189,0.757903854311166,4.99999957980027
0.46805,1.02180674959943,11.7717186582308,0.757903854311166,4.99999957980027
0.4681,1.02181013439101,11.7857668189972,0.757903854311166,4.99999957980027
0.46815,1.02181351862097,11.7705732151658,0.757903854311166,4.99999957980027
0.4682,1.02181690342127,11.7854392542543,0.757903854311166,4.99999957980027
0.46825,1.02182028822349,11.7695446151238,0.757903854311166,4.99999957980027
0.4683,1.02182367302534,11.785001559204,0.757903854311166,4.99999957980027
0.46835,1.02182705782648,11.7685439689002,0.757903854311166,4.99999957980027
0.4684,1.02183044262382,11.7846179440067,0.757903854311166,4.99999957980027
0.46845,1.02183382741618,11.7674566017918,0.757903854311166,4.99999957980027
0.4685,1.02183721220242,11.7842718743764,0.757903854311166,4.99999957980027
0.46855,1.0218405969794,11.7664135409136,0.757903854311166,4.99999957980027
0.4686,1.02184398174677,11.7838205457647,0.757903854311166,4.99999957980027
0.46865,1.02184736650222,11.7654575063072,0.757903854311166,4.99999957980027
0.4687,1.0218507512434,11.7833601643317,0.757903854311166,4.99999957980027
0.46875,1.02185413596996,11.7644175642884,0.757903854311166,4.99999957980027
0.4688,1.02185752067879,11.783010055294,0.757903854311166,4.99999957980027
0.46885,1.02186090536866,11.7633241382561,0.757903854311166,4.99999957980027
0.4689,1.02186429003842,11.7825947832638,0.757903854311166,4.99999957980027
0.46895,1.02186767468493,11.7623868885384,0.757903854311166,4.99999957980027
0.469,1.02187105930778,11.782019637278,0.757658023191336,4.99999960029365
0.46905,1.0218744439047,11.761502553558,0.757658023191336,4.99999960029365
0.4691,1.02187782733577,11.7815377093669,0.757658023191336,4.99999960029365
0.46915,1.0218812101694,11.7604252397229,0.757658023191336,4.99999960029365
0.4692,1.02188459354008,11.7812173520141,0.757658023191336,4.99999960029365
0.46925,1.02188797687774,11.7593315012314,0.757658023191336,4.99999960029365
0.4693,1.02189136018128,11.7807290480458,0.757658023191336,4.99999960029365
0.46935,1.0218947434476,11.7585018974206,0.757658023191336,4.99999960029365
0.4694,1.02189812667623,11.7800318110328,0.757658023191336,4.99999960029365
0.46945,1.02190150986499,11.7576874284196,0.757658023191336,4.99999960029365
0.4695,1.02190489301151,11.7795294799748,0.757658023191336,4.99999960029365
0.46955,1.0219082761154,11.7565755364439,0.757658023191336,4.99999960029365
0.4696,1.02191165917369,11.7792343325359,0.757658023191336,4.99999960029365
0.46965,1.02191504218509,11.7554873490425,0.757658023191336,4.99999960029365
0.4697,1.02191842514854,11.7786702286991,0.757658023191336,4.99999960029365
0.46975,1.02192180806101,11.7547654866394,0.757658023191336,4.99999960029365
0.4698,1.02192519092201,11.7778544608923,0.757658023191336,4.99999960029365
0.46985,1.02192857372947,11.7540180599538,0.757658023191336,4.99999960029365
0.4699,1.02193195648106,11.7773329082476,0.757658023191336,4.99999960029365
0.46995,1.02193533917639,11.7528751464222,0.757658023191336,4.99999960029365
0.47,1.02193872181265,11.7770578166341,0.757411029159155,4.99999961978756
0.47005,1.02194210438852,11.7517982988032,0.757411029159155,4.99999961978756
0.4701,1.02194548576017,11.7764163452197,0.757411029159155,4.99999961978756
0.47015,1.02194886649613,11.7511824794937,0.757411029159155,4.99999961978756
0.4702,1.02195224773877,11.7754874063627,0.757411029159155,4.99999961978756
0.47025,1.0219556289147,11.7504983317427,0.757411029159155,4.99999961978756
0.4703,1.0219590100217,11.7749478272766,0.757411029159155,4.99999961978756
0.47035,1.02196239105937,11.7493286443463,0.757411029159155,4.99999961978756
0.4704,1.02196577202508,11.7746871307682,0.757411029159155,4.99999961978756
0.47045,1.02196915291757,11.7482687156056,0.757411029159155,4.99999961978756
0.4705,1.0219725337359,11.7739679684393,0.757411029159155,4.99999961978756
0.47055,1.02197591447738,11.7477554788176,0.757411029159155,4.99999961978756
0.4706,1.02197929514149,11.7729328786582,0.757411029159155,4.99999961978756
0.47065,1.02198267572645,11.7471300311647,0.757411029159155,4.99999961978756
0.4707,1.02198605623016,11.7723763934529,0.757411029159155,4.99999961978756
0.47075,1.02198943665224,11.7459384875566,0.757411029159155,4.99999961978756
0.4708,1.0219928169903,11.7721239893642,0.757411029159155,4.99999961978756
0.47085,1.0219961972431,11.7449007818624,0.757411029159155,4.99999961978756
0.4709,1.02199957740981,11.7713280272972,0.757411029159155,4.99999961978756
0.47095,1.02200295748797,11.7444850348208,0.757411029159155,4.99999961978756
0.471,1.02200633747705,11.7701952688943,0.757162872204728,4.99999963833074
0.47105,1.02200971737547,11.7439130825308,0.757162872204728,4.99999963833074
0.4711,1.02201309603314,11.7696228047138,0.757162872204728,4.99999963833074
0.47115,1.02201647402377,11.7427052780598,0.757162872204728,4.99999963833074
0.4712,1.02201985249341,11.769372187442,0.757162872204728,4.99999963833074
0.47125,1.02202323086682,11.7416947930561,0.757162872204728,4.99999963833074
0.4713,1.02202660914325,11.7685014533574,0.757162872204728,4.99999963833074
0.47135,1.02202998732052,11.7413699775477,0.757162872204728,4.99999963833074
0.4714,1.02203336539812,11.7672807165319,0.757162872204728,4.99999963833074
0.47145,1.02203674337467,11.7408458874074,0.757162872204728,4.99999963833074
0.4715,1.02204012124845,11.7666928839866,0.757162872204728,4.99999963833074
0.47155,1.02204349901911,11.739628077568,0.757162872204728,4.99999963833074
0.4716,1.02204687668482,11.7664371863181,0.757162872204728,4.99999963833074
0.47165,1.02205025424452,11.7386494662902,0.757162872204728,4.99999963833074
0.4717,1.02205363169759,11.7654947553354,0.757162872204728,4.99999963833074
0.47175,1.02205700904216,11.7384077354162,0.757162872204728,4.99999963833074
0.4718,1.0220603862777,11.7641966981155,0.757162872204728,4.99999963833074
0.47185,1.02206376340311,11.7379256245679,0.757162872204728,4.99999963833074
0.4719,1.02206714041689,11.7635937148453,0.757162872204728,4.99999963833074
0.47195,1.0220705173187,11.7367046716944,0.757162872204728,4.99999963833074
0.472,1.02207389410705,11.7633258133106,0.756913552332179,4.99999965596956
0.47205,1.02207727078101,11.7357621777032,0.756913552332179,4.99999965596956
0.4721,1.0220806461866,11.7623157518816,0.756913552332179,4.99999965596956
0.47215,1.02208402089902,11.7355945510082,0.756913552332179,4.99999965596956
0.4722,1.02208739607127,11.7609517977424,0.756913552332179,4.99999965596956
0.47225,1.02209077112574,11.7351484096798,0.756913552332179,4.99999965596956
0.4723,1.02209414606119,11.7603334789304,0.756913552332179,4.99999965596956
0.47235,1.02209752087732,11.7339316471376,0.756913552332179,4.99999965596956
0.4724,1.02210089557299,11.7600461441208,0.756913552332179,4.99999965596956
0.47245,1.02210427014741,11.7330289815592,0.756913552332179,4.99999965596956
0.4725,1.02210764460017,11.7589734855647,0.756913552332179,4.99999965596956
0.47255,1.02211101893012,11.7329254505849,0.756913552332179,4.99999965596956
0.4726,1.02211439313682,11.7575556582976,0.756913552332179,4.99999965596956
0.47265,1.02211776721965,11.7325092011363,0.756913552332179,4.99999965596956
0.4727,1.02212114117767,11.756921470483,0.756913552332179,4.99999965596956
0.47275,1.02212451501061,11.7313042369549,0.756913552332179,4.99999965596956
0.4728,1.0221278887177,11.7566075786393,0.756913552332179,4.99999965596956
0.47285,1.0221312622983,11.7304444257421,0.756913552332179,4.99999965596956
0.4729,1.02213463575213,11.7554783288447,0.756913552332179,4.99999965596956
0.47295,1.02213800907842,11.7303940504145,0.756913552332179,4.99999965596956
0.473,1.02214138227678,11.7540191363666,0.75666306956118,4.99999967274812
0.47305,1.02214475534688,11.7300015760139,0.75666306956118,4.99999967274812
0.4731,1.02214812712928,11.7533683003074,0.75666306956118,4.99999967274812
0.47315,1.02215149820317,11.7288160676522,0.75666306956118,4.99999967274812
0.4732,1.02215486972692,11.7530210649707,0.75666306956118,4.99999967274812
0.47325,1.02215824112067,11.7280012946332,0.75666306956118,4.99999967274812
0.4733,1.02216161238426,11.751842201041,0.75666306956118,4.99999967274812
0.47335,1.02216498351734,11.7279922955429,0.75666306956118,4.99999967274812
0.4734,1.02216835451957,11.7503545000357,0.75666306956118,4.99999967274812
0.47345,1.02217172539087,11.7276174564067,0.75666306956118,4.99999967274812
0.4735,1.02217509613092,11.7496860892947,0.75666306956118,4.99999967274812
0.47355,1.02217846673954,11.7264588824676,0.75666306956118,4.99999967274812
0.4736,1.0221818372167,11.7492992599878,0.75666306956118,4.99999967274812
0.47365,1.02218520756214,11.7256903666931,0.75666306956118,4.99999967274812
0.4737,1.0221885777758,11.7480786800916,0.75666306956118,4.99999967274812
0.47375,1.02219194785774,11.7257102647832,0.75666306956118,4.99999967274812
0.4738,1.02219531780771,11.7465755133724,0.75666306956118,4.99999967274812
0.47385,1.02219868762587,11.7253469528414,0.75666306956118,4.99999967274812
0.4739,1.02220205731225,11.7458885237549,0.75666306956118,4.99999967274812
0.47395,1.02220542686669,11.7242224450774,0.75666306956118,4.99999967274812
0.474,1.02220879628957,11.7454565443453,0.756411423928105,4.99999968870838
0.47405,1.02221216558079,11.7235003972506,0.756411423928105,4.99999968870838
0.4741,1.02221553357636,11.7442029530812,0.756411423928105,4.99999968870838
0.47415,1.0222189008588,11.7235362250941,0.756411423928105,4.99999968870838
0.4742,1.02222226859198,11.7426973314651,0.756411423928105,4.99999968870838
0.47425,1.02222563619431,11.7231784687151,0.756411423928105,4.99999968870838
0.4743,1.02222900366613,11.7419906978845,0.756411423928105,4.99999968870838
0.47435,1.02223237100733,11.722094695032,0.756411423928105,4.99999968870838
0.4744,1.02223573821866,11.7415087748895,0.756411423928105,4.99999968870838
0.47445,1.02223910530024,11.7214183444472,0.756411423928105,4.99999968870838
0.4745,1.02224247225224,11.7402314866378,0.756411423928105,4.99999968870838
0.47455,1.02224583907555,11.7214569113378,0.756411423928105,4.99999968870838
0.4746,1.02224920577005,11.7387361093536,0.756411423928105,4.99999968870838
0.47465,1.02225257233642,11.7210990214392,0.756411423928105,4.99999968870838
0.4747,1.02225593877535,11.7380086729501,0.756411423928105,4.99999968870838
0.47475,1.02225930508677,11.7200621274338,0.756411423928105,4.99999968870838
0.4748,1.02226267127178,11.7374727919576,0.756411423928105,4.99999968870838
0.47485,1.02226603733071,11.7194298178735,0.756411423928105,4.99999968870838
0.4749,1.02226940326383,11.7361814860912,0.756411423928105,4.99999968870838
0.47495,1.02227276907242,11.7194580285574,0.756411423928105,4.99999968870838
0.475,1.02227613475646,11.7347084565809,0.756158615486683,4.99999970389025
0.47505,1.02227950031684,11.7190947703089,0.756158615486683,4.99999970389025
0.4751,1.02228286458522,11.7339589221941,0.756158615486683,4.99999970389025
0.47515,1.02228622814626,11.7181103515403,0.756158615486683,4.99999970389025
0.4752,1.02228959217077,11.7333658361931,0.756158615486683,4.99999970389025
0.47525,1.02229295607459,11.7175196632955,0.756158615486683,4.99999970389025
0.4753,1.02229631985811,11.7320702993495,0.756158615486683,4.99999970389025
0.47535,1.02229968352296,11.7175248214028,0.756158615486683,4.99999970389025
0.4754,1.02230304706921,11.7306308433452,0.756158615486683,4.99999970389025
0.47545,1.02230641049797,11.7171515533447,0.756158615486683,4.99999970389025
0.4755,1.02230977381057,11.7298577513752,0.756158615486683,4.99999970389025
0.47555,1.02231313700703,11.7162246048608,0.756158615486683,4.99999970389025
0.4756,1.02231650008909,11.7292049679449,0.756158615486683,4.99999970389025
0.47565,1.02231986305749,11.7156724599884,0.756158615486683,4.99999970389025
0.4757,1.0223232259127,11.7279148609802,0.756158615486683,4.99999970389025
0.47575,1.02232658865669,11.7156425305161,0.756158615486683,4.99999970389025
0.4758,1.02232995128962,11.7265191123869,0.756158615486683,4.99999970389025
0.47585,1.0223333138128,11.715255290852,0.756158615486683,4.99999970389025
0.4759,1.02233667622783,11.7257208679481,0.756158615486683,4.99999970389025
0.47595,1.02234003853481,11.7143901318207,0.756158615486683,4.99999970389025
0.476,1.02234340073573,11.7250066909928,0.755904644308074,4.9999997183317
0.47605,1.02234676283153,11.7138728687634,0.755904644308074,4.9999997183317
0.4761,1.02235012364807,11.7237313787587,0.755904644308074,4.9999997183317
0.47615,1.02235348377501,11.7137966764675,0.755904644308074,4.9999997183317
0.4762,1.02235684438726,11.7223882465367,0.755904644308074,4.9999997183317
0.47625,1.02236020489894,11.7133921939573,0.755904644308074,4.9999997183317
0.4763,1.02236356531194,11.7215632121949,0.755904644308074,4.9999997183317
0.47635,1.02236692562638,11.7125923332168,0.755904644308074,4.9999997183317
0.4764,1.02237028584452,11.7207868081038,0.755904644308074,4.9999997183317
0.47645,1.02237364596745,11.7121057285412,0.755904644308074,4.9999997183317
0.4765,1.0223770059958,11.7195352408989,0.755904644308074,4.9999997183317
0.47655,1.02238036593214,11.7119730758355,0.755904644308074,4.9999997183317
0.4766,1.02238372577678,11.7182523411081,0.755904644308074,4.9999997183317
0.47665,1.02238708553135,11.7115487117845,0.755904644308074,4.9999997183317
0.4767,1.02239044519795,11.7173989747543,0.755904644308074,4.9999997183317
0.47675,1.02239380477676,11.7108166876271,0.755904644308074,4.9999997183317
0.4768,1.02239716427024,11.7165604700372,0.755904644308074,4.9999997183317
0.47685,1.02240052367965,11.7103559595078,0.755904644308074,4.9999997183317
0.4769,1.02240388300565,11.7153411072547,0.755904644308074,4.9999997183317
0.47695,1.02240724225106,11.7101577134794,0.755904644308074,4.9999997183317
0.477,1.02241060141629,11.7141247619928,0.755649510480348,4.99999973206882
0.47705,1.02241396050304,11.7097113789502,0.755649510480348,4.99999973206882
0.4771,1.02241731833368,11.7132417770407,0.755649510480348,4.99999973206882
0.47715,1.0224206754984,11.7090486104023,0.755649510480348,4.99999973206882
0.4772,1.0224240331798,11.7123423442134,0.755649510480348,4.99999973206882
0.47725,1.02242739078931,11.7086084319076,0.755649510480348,4.99999973206882
0.4773,1.02243074832763,11.7111630818376,0.755649510480348,4.99999973206882
0.47735,1.02243410579775,11.7083365878906,0.755649510480348,4.99999973206882
0.4774,1.02243746320018,11.7100183131392,0.755649510480348,4.99999973206882
0.47745,1.02244082053668,11.7078666566746,0.755649510480348,4.99999973206882
0.4775,1.02244417780976,11.7091048074271,0.755649510480348,4.99999973206882
0.47755,1.02244753501967,11.7072733282346,0.755649510480348,4.99999973206882
0.4776,1.02245089216914,11.7081466916187,0.755649510480348,4.99999973206882
0.47765,1.02245424925971,11.7068478796576,0.755649510480348,4.99999973206882
0.4777,1.02245760629212,11.7070147588149,0.755649510480348,4.99999973206882
0.47775,1.02246096326949,11.7064956466749,0.755649510480348,4.99999973206882
0.4778,1.02246432019239,11.7059452738106,0.755649510480348,4.99999973206882
0.47785,1.02246767706265,11.7060009083192,0.755649510480348,4.99999973206882
0.4779,1.02247103388291,11.7050008098448,0.755649510480348,4.99999973206882
0.47795,1.02247439065343,11.7054759404653,0.755649510480348,4.99999973206882
0.478,1.02247774737702,11.7039873028864,0.755393214107426,4.99999974513598
0.47805,1.02248110405533,11.705059031616,0.755393214107426,4.99999974513598
0.4781,1.02248445950383,11.7029091248644,0.755393214107426,4.99999974513598
0.47815,1.02248781431837,11.7046209533739,0.755393214107426,4.99999974513598
0.4782,1.02249116968489,11.7019172739308,0.755393214107426,4.99999974513598
0.47825,1.02249452501256,11.7041006092332,0.755393214107426,4.99999974513598
0.4783,1.0224978803041,11.7009418996782,0.755393214107426,4.99999974513598
0.47835,1.02250123555984,11.703641689534,0.755393214107426,4.99999974513598
0.4784,1.02250459078258,11.6998772287503,0.755393214107426,4.99999974513598
0.47845,1.02250794597405,11.7032269268989,0.755393214107426,4.99999974513598
0.4785,1.022511301135,11.6988582521959,0.755393214107426,4.99999974513598
0.47855,1.02251465626868,11.7026990092791,0.755393214107426,4.99999974513598
0.4786,1.02251801137577,11.6979449619863,0.755393214107426,4.99999974513598
0.47865,1.0225213664581,11.7021526923137,0.755393214107426,4.99999974513598
0.4787,1.02252472151843,11.6969391858317,0.755393214107426,4.99999974513598
0.47875,1.0225280765571,11.7017563614556,0.755393214107426,4.99999974513598
0.4788,1.02253143157689,11.6958283680205,0.755393214107426,4.99999974513598
0.47885,1.02253478657957,11.7013373459877,0.755393214107426,4.99999974513598
0.4789,1.02253814156591,11.6948728905259,0.755393214107426,4.99999974513598
0.47895,1.0225414965391,11.7007171868699,0.755393214107426,4.99999974513598
0.479,1.02254485149988,11.6940376312251,0.75513575530757,4.99999975756585
0.47905,1.02254820645005,11.7001449876833,0.75513575530757,4.99999975756585
0.4791,1.02255156020176,11.6930023948932,0.75513575530757,4.99999975756585
0.47915,1.02255491335069,11.6998067472558,0.75513575530757,4.99999975756585
0.4792,1.02255826709012,11.6918510870808,0.75513575530757,4.99999975756585
0.47925,1.02256162082655,11.6993772587532,0.75513575530757,4.99999975756585
0.4793,1.02256497456072,11.6909621244402,0.75513575530757,4.99999975756585
0.47935,1.02256832829574,11.698664115874,0.75513575530757,4.99999975756585
0.4794,1.0225716820324,11.6902029104694,0.75513575530757,4.99999975756585
0.47945,1.02257503577241,11.6980665635343,0.75513575530757,4.99999975756585
0.4795,1.02257838951844,11.6891395785889,0.75513575530757,4.99999975756585
0.47955,1.0225817432709,11.6977809555833,0.75513575530757,4.99999975756585
0.4796,1.02258509703238,11.6879539444097,0.75513575530757,4.99999975756585
0.47965,1.02258845080464,11.6973350865442,0.75513575530757,4.99999975756585
0.4797,1.02259180458841,11.6871331615803,0.75513575530757,4.99999975756585
0.47975,1.02259515838666,11.6965298728459,0.75513575530757,4.99999975756585
0.4798,1.0225985122002,11.6864466338674,0.75513575530757,4.99999975756585
0.47985,1.02260186603063,11.6959078652406,0.75513575530757,4.99999975756585
0.4799,1.02260521988055,11.6853570288726,0.75513575530757,4.99999975756585
0.47995,1.02260857375035,11.6956685337626,0.75513575530757,4.99999975756585
0.48,1.02261192764247,11.6841436663851,0.754877134211584,4.9999997693895
0.48005,1.02261528155864,11.6952007741833,0.754877134211584,4.9999997693895
0.4801,1.02261863430366,11.6833913915044,0.754877134211584,4.9999997693895
0.48015,1.02262198647829,11.6943059786756,0.754877134211584,4.9999997693895
0.4802,1.0226253392792,11.682772973132,0.754877134211584,4.9999997693895
0.48025,1.02262869210992,11.6936606607923,0.754877134211584,4.9999997693895
0.4803,1.02263204497291,11.6816594454614,0.754877134211584,4.9999997693895
0.48035,1.02263539786858,11.6934603742016,0.754877134211584,4.9999997693895
0.4804,1.02263875079916,11.6804253314622,0.754877134211584,4.9999997693895
0.48045,1.0226421037663,11.6929656406157,0.754877134211584,4.9999997693895
0.4805,1.02264545677063,11.6797406228342,0.754877134211584,4.9999997693895
0.48055,1.02264880981473,11.6919851783864,0.754877134211584,4.9999997693895
0.4806,1.02265216289939,11.6791847116068,0.754877134211584,4.9999997693895
0.48065,1.02265551602595,11.691317789969,0.754877134211584,4.9999997693895
0.4807,1.02265886919666,11.6780502139211,0.754877134211584,4.9999997693895
0.48075,1.02266222241194,11.6911484676933,0.754877134211584,4.9999997693895
0.4808,1.02266557567379,11.6768026621011,0.754877134211584,4.9999997693895
0.48085,1.02266892898374,11.6906221212177,0.754877134211584,4.9999997693895
0.4809,1.02267228234238,11.6761834051618,0.754877134211584,4.9999997693895
0.48095,1.02267563575201,11.689561176414,0.754877134211584,4.9999997693895
0.481,1.02267898921341,11.6756835927389,0.754617350960886,4.99999978063651
0.48105,1.02268234272773,11.688872922142,0.754617350960886,4.99999978063651
0.4811,1.02268569509585,11.6745317313001,0.754617350960886,4.99999978063651
0.48115,1.02268904691877,11.6887257031669,0.754617350960886,4.99999978063651
0.4812,1.02269239939938,11.673278321764,0.754617350960886,4.99999978063651
0.48125,1.02269575193852,11.6881635866807,0.754617350960886,4.99999978063651
0.4813,1.02269910453668,11.6727213149019,0.754617350960886,4.99999978063651
0.48135,1.02270245719587,11.6870284580353,0.754617350960886,4.99999978063651
0.4814,1.02270580991682,11.6722705597587,0.754617350960886,4.99999978063651
0.48145,1.02270916270052,11.6863204169523,0.754617350960886,4.99999978063651
0.4815,1.02271251554873,11.6711055771485,0.754617350960886,4.99999978063651
0.48155,1.02271586846185,11.6861857811823,0.754617350960886,4.99999978063651
0.4816,1.02271922144133,11.6698540199759,0.754617350960886,4.99999978063651
0.48165,1.0227225744884,11.6855842943262,0.754617350960886,4.99999978063651
0.4817,1.02272592760351,11.669355021658,0.754617350960886,4.99999978063651
0.48175,1.02272928078832,11.6843822819357,0.754617350960886,4.99999978063651
0.4818,1.02273263404351,11.6689457804132,0.754617350960886,4.99999978063651
0.48185,1.02273598736986,11.6836553869535,0.754617350960886,4.99999978063651
0.4819,1.02273934076886,11.667772468895,0.754617350960886,4.99999978063651
0.48195,1.02274269424087,11.6835233631757,0.754617350960886,4.99999978063651
0.482,1.02274604778703,11.6665304271772,0.754356405705664,4.99999979133499
0.48205,1.02274940140839,11.682879590661,0.754356405705664,4.99999979133499
0.4821,1.02275275389889,11.6660841748451,0.754356405705664,4.99999979133499
0.48215,1.02275610586302,11.6816189247246,0.754356405705664,4.99999979133499
0.4822,1.02275945850787,11.6657084888725,0.754356405705664,4.99999979133499
0.48225,1.02276281123079,11.6808739983774,0.754356405705664,4.99999979133499
0.4823,1.02276616403294,11.6645320442974,0.754356405705664,4.99999979133499
0.48235,1.02276951691465,11.6807344113764,0.754356405705664,4.99999979133499
0.4824,1.02277286987674,11.6633069035299,0.754356405705664,4.99999979133499
0.48245,1.02277622292006,11.6800462628108,0.754356405705664,4.99999979133499
0.4825,1.0227795760449,11.6629071137448,0.754356405705664,4.99999979133499
0.48255,1.02278292925216,11.6787360325764,0.754356405705664,4.99999979133499
0.4826,1.02278628254236,11.6625566658044,0.754356405705664,4.99999979133499
0.48265,1.02278963591589,11.6779738426093,0.754356405705664,4.99999979133499
0.4827,1.02279298937356,11.6613825133317,0.754356405705664,4.99999979133499
0.48275,1.02279634291567,11.6778165768272,0.754356405705664,4.99999979133499
0.4828,1.0227996965427,11.6601811621832,0.754356405705664,4.99999979133499
0.48285,1.02280305025527,11.677082912851,0.754356405705664,4.99999979133499
0.4829,1.02280640405361,11.6598205607005,0.754356405705664,4.99999979133499
0.48295,1.02280975793819,11.6757329862641,0.754356405705664,4.99999979133499
0.483,1.02281311190945,11.6594867676614,0.754094298603276,4.9999998015117
0.48305,1.02281646596758,11.6749542958881,0.754094298603276,4.9999998015117
0.4831,1.02281981890125,11.6583204119822,0.754094298603276,4.9999998015117
0.48315,1.02282317131664,11.6747695344991,0.754094298603276,4.9999998015117
0.4832,1.02282652442563,11.6571490695938,0.754094298603276,4.9999998015117
0.48325,1.02282987762271,11.6739902350999,0.754094298603276,4.9999998015117
0.4833,1.02283323090802,11.6568194823607,0.754094298603276,4.9999998015117
0.48335,1.02283658428165,11.6726111078825,0.754094298603276,4.9999998015117
0.4834,1.02283993774392,11.6564936201071,0.754094298603276,4.9999998015117
0.48345,1.0228432912948,11.6718166707213,0.754094298603276,4.9999998015117
0.4835,1.02284664493435,11.6553405378449,0.754094298603276,4.9999998015117
0.48355,1.02284999866282,11.6715950618016,0.754094298603276,4.9999998015117
0.4836,1.02285335248,11.6542046430312,0.754094298603276,4.9999998015117
0.48365,1.02285670638601,11.6707710080929,0.754094298603276,4.9999998015117
0.4837,1.0228600603809,11.6538971620572,0.754094298603276,4.9999998015117
0.48375,1.02286341446437,11.6693735847718,0.754094298603276,4.9999998015117
0.4838,1.02286676863659,11.6535705587191,0.754094298603276,4.9999998015117
0.48385,1.02287012289735,11.6685640882931,0.754094298603276,4.9999998015117
0.4839,1.02287347724635,11.6524361532225,0.754094298603276,4.9999998015117
0.48395,1.02287683168375,11.6682968587521,0.754094298603276,4.9999998015117
0.484,1.02288018620905,11.6513403469169,0.753831029817071,4.99999981119209
0.48405,1.02288354082208,11.667429845895,0.753831029817071,4.99999981119209
0.4841,1.0228868943058,11.6510455725762,0.753831029817071,4.99999981119209
0.48415,1.022890247268,11.6660251681684,0.753831029817071,4.99999981119209
0.4842,1.0228936009258,11.6507098475863,0.753831029817071,4.99999981119209
0.48425,1.02289695467027,11.6652011373592,0.753831029817071,4.99999981119209
0.4843,1.02290030850071,11.649599444321,0.753831029817071,4.99999981119209
0.48435,1.02290366241726,11.6648801450232,0.753831029817071,4.99999981119209
0.4844,1.02290701641908,11.6485475867588,0.753831029817071,4.99999981119209
0.48445,1.02291037050575,11.6639727361136,0.753831029817071,4.99999981119209
0.4845,1.02291372467718,11.6482558993909,0.753831029817071,4.99999981119209
0.48455,1.02291707893226,11.6625716769777,0.753831029817071,4.99999981119209
0.4846,1.02292043327092,11.6479031991749,0.753831029817071,4.99999981119209
0.48465,1.02292378769257,11.6617333684872,0.753831029817071,4.99999981119209
0.4847,1.02292714219616,11.6468220424216,0.753831029817071,4.99999981119209
0.48475,1.02293049678177,11.6613511450018,0.753831029817071,4.99999981119209
0.4848,1.02293385144826,11.6458172511512,0.753831029817071,4.99999981119209
0.48485,1.02293720619494,11.6604065218406,0.753831029817071,4.99999981119209
0.4849,1.02294056102166,11.6455190784147,0.753831029817071,4.99999981119209
0.48495,1.02294391592694,11.659019518829,0.753831029817071,4.99999981119209
0.485,1.02294727091057,11.645142293269,0.753566599515736,4.99999982040036
0.48505,1.02295062597179,11.6581668619601,0.753566599515736,4.99999982040036
0.4851,1.02295397988689,11.6440955156962,0.753566599515736,4.99999982040036
0.48515,1.02295733326705,11.6577166862583,0.753566599515736,4.99999982040036
0.4852,1.02296068733317,11.6431401797496,0.753566599515736,4.99999982040036
0.48525,1.02296404147317,11.6567385316221,0.753566599515736,4.99999982040036
0.4853,1.02296739568682,11.6428262156557,0.753566599515736,4.99999982040036
0.48535,1.02297074997229,11.6553753681083,0.753566599515736,4.99999982040036
0.4854,1.02297410432923,11.6424191082215,0.753566599515736,4.99999982040036
0.48545,1.02297745875674,11.654507964022,0.753566599515736,4.99999982040036
0.4855,1.02298081325311,11.641411633571,0.753566599515736,4.99999982040036
0.48555,1.02298416781828,11.653983971544,0.753566599515736,4.99999982040036
0.4856,1.02298752245059,11.6405073699155,0.753566599515736,4.99999982040036
0.48565,1.02299087714885,11.6529763975365,0.753566599515736,4.99999982040036
0.4857,1.02299423191279,11.6401687227782,0.753566599515736,4.99999982040036
0.48575,1.02299758674026,11.6516460646823,0.753566599515736,4.99999982040036
0.4858,1.02300094163079,11.6397259817882,0.753566599515736,4.99999982040036
0.48585,1.02300429658334,11.6507632632077,0.753566599515736,4.99999982040036
0.4859,1.02300765159589,11.6387623715706,0.753566599515736,4.99999982040036
0.48595,1.02301100666833,11.6501606159652,0.753566599515736,4.99999982040036
0.486,1.02301436179878,11.637909957099,0.753301007873226,4.99999982915954
0.48605,1.02301771698582,11.6491281480598,0.753301007873226,4.99999982915954
0.4861,1.02302107100152,11.6375382442622,0.753301007873226,4.99999982915954
0.48615,1.02302442445725,11.6478387787566,0.753301007873226,4.99999982915954
0.4862,1.02302777858005,11.6370554728529,0.753301007873226,4.99999982915954
0.48625,1.02303113275495,11.6469398076144,0.753301007873226,4.99999982915954
0.4863,1.02303448697966,11.6361397371341,0.753301007873226,4.99999982915954
0.48635,1.02303784125401,11.6462548689701,0.753301007873226,4.99999982915954
0.4864,1.02304119557592,11.6353390088621,0.753301007873226,4.99999982915954
0.48645,1.0230445499438,11.6452024391674,0.753301007873226,4.99999982915954
0.4865,1.02304790435725,11.6349264131069,0.753301007873226,4.99999982915954
0.48655,1.02305125881361,11.6439612648037,0.753301007873226,4.99999982915954
0.4866,1.02305461331216,11.6344000741724,0.753301007873226,4.99999982915954
0.48665,1.02305796785167,11.6430453666181,0.753301007873226,4.99999982915954
0.4867,1.02306132242962,11.6335354837986,0.753301007873226,4.99999982915954
0.48675,1.02306467704576,11.6422758562639,0.753301007873226,4.99999982915954
0.4868,1.02306803169789,11.63278527188,0.753301007873226,4.99999982915954
0.48685,1.02307138638422,11.6412087808983,0.753301007873226,4.99999982915954
0.4869,1.0230747411043,11.6323246086963,0.753301007873226,4.99999982915954
0.48695,1.02307809585531,11.6400221008891,0.753301007873226,4.99999982915954
0.487,1.02308145063639,11.6317519958312,0.753034255069296,4.99999983749153
0.48705,1.02308480544625,11.6390886523871,0.753034255069296,4.99999983749153
0.4871,1.02308815904929,11.6309409469022,0.753034255069296,4.99999983749153
0.48715,1.02309151206165,11.6382337454624,0.753034255069296,4.99999983749153
0.4872,1.02309486571393,11.6302390692297,0.753034255069296,4.99999983749153
0.48725,1.02309821938773,11.6371576519153,0.753034255069296,4.99999983749153
0.4873,1.02310157308257,11.6297238891664,0.753034255069296,4.99999983749153
0.48735,1.02310492679548,11.6360307590717,0.753034255069296,4.99999983749153
0.4874,1.02310828052551,11.6291031151306,0.753034255069296,4.99999983749153
0.48745,1.02311163427132,11.6350793280907,0.753034255069296,4.99999983749153
0.4875,1.02311498803005,11.6283470552585,0.753034255069296,4.99999983749153
0.48755,1.02311834180136,11.6341396607894,0.753034255069296,4.99999983749153
0.4876,1.02312169558285,11.6276903763463,0.753034255069296,4.99999983749153
0.48765,1.02312504937246,11.6330603457903,0.753034255069296,4.99999983749153
0.4877,1.02312840316969,11.6271151069036,0.753034255069296,4.99999983749153
0.48775,1.02313175697146,11.631997418611,0.753034255069296,4.99999983749153
0.4878,1.02313511077675,11.6264451385087,0.753034255069296,4.99999983749153
0.48785,1.0231384645842,11.6310277704325,0.753034255069296,4.99999983749153
0.4879,1.02314181839085,11.6257445656711,0.753034255069296,4.99999983749153
0.48795,1.0231451721963,11.6300053855948,0.753034255069296,4.99999983749153
0.488,1.02314852599814,11.6251291387235,0.752766341290554,4.99999984541716
0.48805,1.0231518797942,11.6289286349306,0.752766341290554,4.99999984541716
0.4881,1.02315523234579,11.6244892590005,0.752766341290554,4.99999984541716
0.48815,1.02315858426889,11.6279326179925,0.752766341290554,4.99999984541716
0.4882,1.0231619368006,11.6237699725388,0.752766341290554,4.99999984541716
0.48825,1.02316528932046,11.6269446885127,0.752766341290554,4.99999984541716
0.4883,1.02316864182546,11.6231244773028,0.752766341290554,4.99999984541716
0.48835,1.02317199431517,11.6258429200911,0.752766341290554,4.99999984541716
0.4884,1.02317534678717,11.622545702546,0.752766341290554,4.99999984541716
0.48845,1.02317869923925,11.6247743058258,0.752766341290554,4.99999984541716
0.4885,1.02318205167089,11.6218379009196,0.752766341290554,4.99999984541716
0.48855,1.023185404079,11.6238467959611,0.752766341290554,4.99999984541716
0.4886,1.02318875646241,11.6210701104303,0.752766341290554,4.99999984541716
0.48865,1.02319210881979,11.6228406605512,0.752766341290554,4.99999984541716
0.4887,1.02319546114815,11.6204784220532,0.752766341290554,4.99999984541716
0.48875,1.023198813447,11.6216640117579,0.752766341290554,4.99999984541716
0.4888,1.02320216571398,11.6199312067755,0.752766341290554,4.99999984541716
0.48885,1.02320551794687,11.6206087201537,0.752766341290554,4.99999984541716
0.4889,1.02320887014514,11.6191534953944,0.752766341290554,4.99999984541716
0.48895,1.02321222230576,11.6197499227389,0.752766341290554,4.99999984541716
0.489,1.02321557442754,11.6183389494938,0.752497266731938,4.99999985295625
0.48905,1.02321892650919,11.6187258081277,0.752497266731938,4.99999985295625
0.4891,1.02322227730429,11.6177989652379,0.752497266731938,4.99999985295625
0.48915,1.02322562743408,11.6174798568349,0.752497266731938,4.99999985295625
0.4892,1.02322897813977,11.6172778490573,0.752497266731938,4.99999985295625
0.48925,1.02323232879741,11.6164425721324,0.752497266731938,4.99999985295625
0.4893,1.02323567940647,11.6164296044368,0.752497266731938,4.99999985295625
0.48935,1.02323902996404,11.6156513200085,0.752497266731938,4.99999985295625
0.4894,1.02324238046893,11.6155708984087,0.752497266731938,4.99999985295625
0.48945,1.02324573091989,11.6146096563793,0.752497266731938,4.99999985295625
0.4895,1.0232490813141,11.6150796680941,0.752497266731938,4.99999985295625
0.48955,1.02325243165101,11.6133009823446,0.752497266731938,4.99999985295625
0.4896,1.02325578192849,11.614578890438,0.752497266731938,4.99999985295625
0.48965,1.0232591321444,11.6122858268152,0.752497266731938,4.99999985295625
0.4897,1.02326248229823,11.6136608147306,0.752497266731938,4.99999985295625
0.48975,1.0232658323872,11.6115596763184,0.752497266731938,4.99999985295625
0.4898,1.02326918241015,11.6127612492338,0.752497266731938,4.99999985295625
0.48985,1.02327253236593,11.61050119372,0.752497266731938,4.99999985295625
0.4899,1.02327588225183,11.6123149382323,0.752497266731938,4.99999985295625
0.48995,1.02327923206733,11.6091373437606,0.752497266731938,4.99999985295625
0.49,1.02328258181043,11.6118284918354,0.752227031598446,4.99999986012766
0.49005,1.0232859314791,11.60814787194,0.752227031598446,4.99999986012766
0.4901,1.0232892798241,11.6108425271665,0.752227031598446,4.99999986012766
0.49015,1.02329262746724,11.6074832524851,0.752227031598446,4.99999986012766
0.4902,1.02329597565615,11.6099059366751,0.752227031598446,4.99999986012766
0.49025,1.02329932376538,11.606409088095,0.752227031598446,4.99999986012766
0.4903,1.02330267179245,11.609499792235,0.752227031598446,4.99999986012766
0.49035,1.02330601973681,11.6049985200522,0.752227031598446,4.99999986012766
0.4904,1.02330936759667,11.6090214580167,0.752227031598446,4.99999986012766
0.49045,1.02331271537013,11.6040377163224,0.752227031598446,4.99999986012766
0.4905,1.0233160630567,11.6079706748955,0.752227031598446,4.99999986012766
0.49055,1.0233194106541,11.6034300783539,0.752227031598446,4.99999986012766
0.4906,1.02332275816122,11.6070012511881,0.752227031598446,4.99999986012766
0.49065,1.02332610557713,11.6023418503772,0.752227031598446,4.99999986012766
0.4907,1.02332945289957,11.6066296048707,0.752227031598446,4.99999986012766
0.49075,1.02333280012801,11.6008938389462,0.752227031598446,4.99999986012766
0.4908,1.02333614726088,11.6061530260878,0.752227031598446,4.99999986012766
0.49085,1.02333949429643,11.5999640985158,0.752227031598446,4.99999986012766
0.4909,1.02334284123423,11.6050415322869,0.752227031598446,4.99999986012766
0.49095,1.02334618807227,11.5994080538307,0.752227031598446,4.99999986012766
0.491,1.02334953480952,11.6040437057265,0.751955636106953,4.99999986694931
0.49105,1.02335288144517,11.5983078875855,0.751955636106953,4.99999986694931
0.4911,1.02335622672322,11.6037000489007,0.751955636106953,4.99999986694931
0.49115,1.02335957127016,11.5968323716075,0.751955636106953,4.99999986694931
0.4912,1.02336291633872,11.6032188593179,0.751955636106953,4.99999986694931
0.49125,1.02336626130032,11.5959354426486,0.751955636106953,4.99999986694931
0.4913,1.02336960615457,11.6020517421892,0.751955636106953,4.99999986694931
0.49135,1.02337295089977,11.5954248513915,0.751955636106953,4.99999986694931
0.4914,1.023376295535,11.6010300988013,0.751955636106953,4.99999986694931
0.49145,1.02337964005957,11.5943153305328,0.751955636106953,4.99999986694931
0.4915,1.02338298447183,11.6007072204795,0.751955636106953,4.99999986694931
0.49155,1.02338632877129,11.5928226852241,0.751955636106953,4.99999986694931
0.4916,1.02338967295688,11.6002152093271,0.751955636106953,4.99999986694931
0.49165,1.02339301702728,11.591959570838,0.751955636106953,4.99999986694931
0.4917,1.02339636098214,11.5989985023683,0.751955636106953,4.99999986694931
0.49175,1.02339970482012,11.591487599942,0.751955636106953,4.99999986694931
0.4918,1.0234030485404,11.5979577505575,0.751955636106953,4.99999986694931
0.49185,1.02340639214244,11.5903716719201,0.751955636106953,4.99999986694931
0.4919,1.02340973562492,11.5976479292674,0.751955636106953,4.99999986694931
0.49195,1.02341307898741,11.5888724586297,0.751955636106953,4.99999986694931
0.492,1.02341642222908,11.5971392469357,0.751683080487903,4.99999987343827
0.49205,1.02341976534891,11.5880433206799,0.751683080487903,4.99999987343827
0.4921,1.02342310708725,11.5958799051768,0.751683080487903,4.99999987343827
0.49215,1.02342644807281,11.5876025031036,0.751683080487903,4.99999987343827
0.4922,1.02342978956421,11.5948248572224,0.751683080487903,4.99999987343827
0.49225,1.02343313093139,11.5864833688683,0.751683080487903,4.99999987343827
0.4923,1.02343647217342,11.5945200649849,0.751683080487903,4.99999987343827
0.49235,1.02343981328989,11.5849880725115,0.751683080487903,4.99999987343827
0.4924,1.02344315428027,11.5939893943968,0.751683080487903,4.99999987343827
0.49245,1.0234464951438,11.5841921570553,0.751683080487903,4.99999987343827
0.4925,1.02344983588022,11.592695228107,0.751683080487903,4.99999987343827
0.49255,1.02345317648892,11.5837744695941,0.751683080487903,4.99999987343827
0.4926,1.02345651696937,11.5916307468683,0.751683080487903,4.99999987343827
0.49265,1.02345985732134,11.5826554885373,0.751683080487903,4.99999987343827
0.4927,1.02346319754426,11.5913228233326,0.751683080487903,4.99999987343827
0.49275,1.02346653763777,11.5811742981181,0.751683080487903,4.99999987343827
0.4928,1.02346987760166,11.5907655059226,0.751683080487903,4.99999987343827
0.49285,1.02347321743543,11.5804099280026,0.751683080487903,4.99999987343827
0.4929,1.02347655713889,11.5894450564086,0.751683080487903,4.99999987343827
0.49295,1.02347989671181,11.5800069416757,0.751683080487903,4.99999987343827
0.493,1.02348323615384,11.5883759729939,0.751409364986712,4.99999987961076
0.49305,1.02348657546488,11.578891591793,0.751409364986712,4.99999987961076
0.4931,1.02348991338017,11.5880567567793,0.751409364986712,4.99999987961076
0.49315,1.02349325053174,11.5774342480987,0.751409364986712,4.99999987961076
0.4932,1.02349658818422,11.5874688498877,0.751409364986712,4.99999987961076
0.49325,1.02349992570515,11.5766988925592,0.751409364986712,4.99999987961076
0.4933,1.02350326309438,11.5861311943217,0.751409364986712,4.99999987961076
0.49335,1.02350660035207,11.5763019710953,0.751409364986712,4.99999987961076
0.4934,1.02350993747805,11.5850621579283,0.751409364986712,4.99999987961076
0.49345,1.02351327447236,11.5751938482403,0.751409364986712,4.99999987961076
0.4935,1.02351661133523,11.5847235598417,0.751409364986712,4.99999987961076
0.49355,1.02351994806645,11.5737695394445,0.751409364986712,4.99999987961076
0.4936,1.02352328466634,11.5841018180604,0.751409364986712,4.99999987961076
0.49365,1.02352662113507,11.5730599419143,0.751409364986712,4.99999987961076
0.4937,1.02352995747253,11.5827563172134,0.751409364986712,4.99999987961076
0.49375,1.02353329367928,11.5726604847299,0.751409364986712,4.99999987961076
0.4938,1.02353662975532,11.5816916240098,0.751409364986712,4.99999987961076
0.49385,1.02353996570082,11.5715633322135,0.751409364986712,4.99999987961076
0.4939,1.02354330151643,11.5813256768411,0.751409364986712,4.99999987961076
0.49395,1.023546637202,11.5701806407699,0.751409364986712,4.99999987961076
0.494,1.02354997275814,11.5806675166724,0.751134489864721,4.99999988548221
0.49405,1.02355330818531,11.5694929870747,0.751134489864721,4.99999988548221
0.4941,1.02355664221362,11.5793235536,0.751134489864721,4.99999988548221
0.49415,1.02355997547894,11.5690826802759,0.751134489864721,4.99999988548221
0.4942,1.0235633092513,11.5782669875717,0.751134489864721,4.99999988548221
0.49425,1.02356664289609,11.5680004091927,0.751134489864721,4.99999988548221
0.4943,1.02356997641434,11.5778659031337,0.751134489864721,4.99999988548221
0.49435,1.02357330980599,11.5666672448625,0.751134489864721,4.99999988548221
0.4944,1.02357664307189,11.5771693528762,0.751134489864721,4.99999988548221
0.49445,1.02357997621282,11.5659973131977,0.751134489864721,4.99999988548221
0.4945,1.02358330922881,11.5758360896859,0.751134489864721,4.99999988548221
0.49455,1.02358664212114,11.5655683304239,0.751134489864721,4.99999988548221
0.4946,1.02358997489017,11.5747907995127,0.751134489864721,4.99999988548221
0.49465,1.02359330753636,11.5645049890451,0.751134489864721,4.99999988548221
0.4947,1.02359664006108,11.5743470618436,0.751134489864721,4.99999988548221
0.49475,1.02359997246439,11.5632284936462,0.751134489864721,4.99999988548221
0.4948,1.02360330474736,11.5736107531142,0.751134489864721,4.99999988548221
0.49485,1.02360663691108,11.5625717678337,0.751134489864721,4.99999988548221
0.4949,1.02360996895563,11.5722969486073,0.751134489864721,4.99999988548221
0.49495,1.02361330088262,11.5621169210451,0.751134489864721,4.99999988548221
0.495,1.0236166326926,11.5712654151474,0.750858455399606,4.99999989106731
0.49505,1.02361996438615,11.5610766098638,0.750858455399606,4.99999989106731
0.4951,1.02362329468985,11.5707719358836,0.750858455399606,4.99999989106731
0.49515,1.02362662424142,11.5598630233755,0.750858455399606,4.99999989106731
0.4952,1.02362995431729,11.5699951431001,0.750858455399606,4.99999989106731
0.49525,1.02363328428127,11.559214756165,0.750858455399606,4.99999989106731
0.4953,1.02363661413349,11.5687090346144,0.750858455399606,4.99999989106731
0.49535,1.02363994387586,11.5587275631208,0.750858455399606,4.99999989106731
0.4954,1.02364327350911,11.5676930915821,0.750858455399606,4.99999989106731
0.49545,1.02364660303393,11.557714283645,0.750858455399606,4.99999989106731
0.4955,1.02364993245234,11.5671434024402,0.750858455399606,4.99999989106731
0.49555,1.02365326176459,11.5565687672871,0.750858455399606,4.99999989106731
0.4956,1.02365659097216,11.5663261017516,0.750858455399606,4.99999989106731
0.49565,1.02365992007668,11.5559240016184,0.750858455399606,4.99999989106731
0.4957,1.02366324907835,11.5650753310891,0.750858455399606,4.99999989106731
0.49575,1.02366657797935,11.5553987067537,0.750858455399606,4.99999989106731
0.4958,1.02366990678059,11.56407623957,0.750858455399606,4.99999989106731
0.49585,1.02367323548282,11.5544161861475,0.750858455399606,4.99999989106731
0.4959,1.02367656408838,11.56346470172,0.750858455399606,4.99999989106731
0.49595,1.02367989259758,11.55334266358,0.750858455399606,4.99999989106731
0.496,1.02368322101207,11.5626076478049,0.750581261885186,4.99999989638002
0.49605,1.02368654933374,11.5526962594878,0.750581261885186,4.99999989638002
0.4961,1.02368987628242,11.5613992095699,0.750581261885186,4.99999989638002
0.49615,1.02369320250074,11.5521278452317,0.750581261885186,4.99999989638002
0.4962,1.02369652927016,11.5604177434732,0.750581261885186,4.99999989638002
0.49625,1.02369985595132,11.5511793740164,0.750581261885186,4.99999989638002
0.4963,1.0237031825468,11.5597397284077,0.750581261885186,4.99999989638002
0.49635,1.023706509057,11.5501804011462,0.750581261885186,4.99999989638002
0.4964,1.02370983548369,11.5588444750417,0.750581261885186,4.99999989638002
0.49645,1.02371316182898,11.549527085363,0.750581261885186,4.99999989638002
0.4965,1.02371648809316,11.5576846383991,0.750581261885186,4.99999989638002
0.49655,1.02371981427882,11.548911290931,0.750581261885186,4.99999989638002
0.4966,1.02372314038717,11.5567211312143,0.750581261885186,4.99999989638002
0.49665,1.02372646641911,11.5479996016208,0.750581261885186,4.99999989638002
0.4967,1.02372979237743,11.5559731359709,0.750581261885186,4.99999989638002
0.49675,1.0237331182626,11.5470763118562,0.750581261885186,4.99999989638002
0.4968,1.0237364440765,11.5550419993901,0.750581261885186,4.99999989638002
0.49685,1.02373976982142,11.5464107856097,0.750581261885186,4.99999989638002
0.4969,1.02374309549769,11.553936194935,0.750581261885186,4.99999989638002
0.49695,1.02374642110804,11.5457441801102,0.750581261885186,4.99999989638002
0.497,1.02374974665382,11.5529905612791,0.750302909630643,4.99999990143363
0.49705,1.02375307213596,11.5448713980219,0.750302909630643,4.99999990143363
0.4971,1.02375639627173,11.5521702567997,0.750302909630643,4.99999990143363
0.49715,1.02375971970455,11.544023532975,0.750302909630643,4.99999990143363
0.4972,1.02376304372202,11.5512062135482,0.750302909630643,4.99999990143363
0.49725,1.02376636768374,11.5433406342309,0.750302909630643,4.99999990143363
0.4973,1.02376969159007,11.5501588844646,0.750302909630643,4.99999990143363
0.49735,1.02377301544385,11.5426207092423,0.750302909630643,4.99999990143363
0.4974,1.02377633924652,11.5492305867197,0.750302909630643,4.99999990143363
0.49745,1.02377966299905,11.541788347965,0.750302909630643,4.99999990143363
0.4975,1.0237829867045,11.5483367969407,0.750302909630643,4.99999990143363
0.49755,1.02378631036348,11.5410143394028,0.750302909630643,4.99999990143363
0.4976,1.02378963397798,11.547343322475,0.750302909630643,4.99999990143363
0.49765,1.02379295755052,11.5403092278349,0.750302909630643,4.99999990143363
0.4977,1.02379628108152,11.5463577626856,0.750302909630643,4.99999990143363
0.49775,1.02379960457385,11.5395344988393,0.750302909630643,4.99999990143363
0.4978,1.02380292802903,11.5454457756197,0.750302909630643,4.99999990143363
0.49785,1.02380625144806,11.5387434843128,0.750302909630643,4.99999990143363
0.4979,1.02380957483403,11.5444784301273,0.750302909630643,4.99999990143363
0.49795,1.02381289818764,11.5380405813634,0.750302909630643,4.99999990143363
0.498,1.02381622151085,11.5434593463352,0.750023398959239,4.99999990624077
0.49805,1.02381954480627,11.5373089231248,0.750023398959239,4.99999990624077
0.4981,1.02382286678338,11.5425375753152,0.750023398959239,4.99999990624077
0.49815,1.02382618809055,11.5364790043416,0.750023398959239,4.99999990624077
0.4982,1.0238295100203,11.5416403799568,0.750023398959239,4.99999990624077
0.49825,1.02383283192814,11.5357296888701,0.750023398959239,4.99999990624077
0.4983,1.02383615381718,11.5406004721616,0.750023398959239,4.99999990624077
0.49835,1.02383947568815,11.5350940636502,0.750023398959239,4.99999990624077
0.4984,1.023842797543,11.5395598044954,0.750023398959239,4.99999990624077
0.49845,1.02384611938433,11.5343321609532,0.750023398959239,4.99999990624077
0.4985,1.02384944121261,11.5387024980063,0.750023398959239,4.99999990624077
0.49855,1.02385276303066,11.5334477651906,0.750023398959239,4.99999990624077
0.4986,1.0238560848401,11.5378181178595,0.750023398959239,4.99999990624077
0.49865,1.0238594066419,11.5327398978615,0.750023398959239,4.99999990624077
0.4987,1.0238627284391,11.5367076898032,0.750023398959239,4.99999990624077
0.49875,1.0238660502325,11.5321667220187,0.750023398959239,4.99999990624077
0.4988,1.02386937202395,11.5356495817689,0.750023398959239,4.99999990624077
0.49885,1.02387269381605,11.5313715807925,0.750023398959239,4.99999990624077
0.4989,1.02387601560928,11.5348560856176,0.750023398959239,4.99999990624077
0.49895,1.02387933740635,11.5304344612526,0.750023398959239,4.99999990624077
0.499,1.0238826592089,11.5339822040045,0.749742730206647,4.99999991081346
0.49905,1.02388598101786,11.5297671254868,0.749742730206647,4.99999991081346
0.4991,1.02388930153998,11.5328043721576,0.749742730206647,4.99999991081346
0.49915,1.02389262142416,11.5292506181661,0.749742730206647,4.99999991081346
0.4992,1.02389594196841,11.5317330510237,0.749742730206647,4.99999991081346
0.49925,1.02389926252713,11.5284199558097,0.749742730206647,4.99999991081346
0.4993,1.02390258310079,11.5310014640445,0.749742730206647,4.99999991081346
0.49935,1.023905903692,11.5274327741424,0.749742730206647,4.99999991081346
0.4994,1.02390922430234,11.5301355681422,0.749742730206647,4.99999991081346
0.49945,1.0239125449327,11.5268042933865,0.749742730206647,4.99999991081346
0.4995,1.0239158655859,11.5288945544898,0.749742730206647,4.99999991081346
0.49955,1.02391918626274,11.5263377450006,0.749742730206647,4.99999991081346
0.4996,1.02392250696488,11.5278143092157,0.749742730206647,4.99999991081346
0.49965,1.02392582769472,11.5254699577356,0.749742730206647,4.99999991081346
0.4997,1.02392914845274,11.5271416007372,0.749742730206647,4.99999991081346
0.49975,1.02393246924135,11.5244361286798,0.749742730206647,4.99999991081346
0.4998,1.0239357900621,11.5262811419588,0.749742730206647,4.99999991081346
0.49985,1.02393911091581,11.5238439889056,0.749742730206647,4.99999991081346
0.4999,1.0239424318051,11.5249822866024,0.749742730206647,4.99999991081346
0.49995,1.02394575273076,11.5234198237392,0.749742730206647,4.99999991081346
0.5,1.02394907369432,11.5238974540948,0.74946090371905,4.99999991516314
0.50005,1.02395239469802,11.52251396567,0.74946090371905,4.99999991516314
0.5001,1.02395571444086,11.5232795890693,0.74946090371905,4.99999991516314
0.50015,1.02395903357577,11.5214375194686,0.74946090371905,4.99999991516314
0.5002,1.0239623534057,11.5224221158532,0.74946090371905,4.99999991516314
0.50025,1.02396567328066,11.5208783426857,0.74946090371905,4.99999991516314
0.5003,1.02396899320302,11.5210718322654,0.74946090371905,4.99999991516314
0.50035,1.02397231317355,11.5204882226414,0.74946090371905,4.99999991516314
0.5004,1.02397563319362,11.5199867241375,0.74946090371905,4.99999991516314
0.50045,1.02397895326527,11.5195440084739,0.74946090371905,4.99999991516314
0.5005,1.02398227338896,11.5194187503188,0.74946090371905,4.99999991516314
0.50055,1.02398559356661,11.5184294826139,0.74946090371905,4.99999991516314
0.5006,1.0239889137996,11.5185619716529,0.74946090371905,4.99999991516314
0.50065,1.02399223408858,11.5178990661551,0.74946090371905,4.99999991516314
0.5007,1.02399555443567,11.5171676226542,0.74946090371905,4.99999991516314
0.50075,1.02399887484159,11.5175340664644,0.74946090371905,4.99999991516314
0.5008,1.02400219530751,11.5160864057191,0.74946090371905,4.99999991516314
0.50085,1.02400551583526,11.5165519210098,0.74946090371905,4.99999991516314
0.5009,1.02400883642526,11.515562505567,0.74946090371905,4.99999991516314
0.50095,1.02401215707916,11.515404316369,0.74946090371905,4.99999991516314
0.501,1.02401547779819,11.5147043137847,0.749177919851229,4.99999991930068
0.50105,1.02401879858294,11.5148977515073,0.749177919851229,4.99999991930068
0.5011,1.02402211812845,11.5132740265804,0.749177919851229,4.99999991930068
0.50115,1.02402543708879,11.5145485991786,0.749177919851229,4.99999991930068
0.5012,1.02402875677165,11.5122005658947,0.749177919851229,4.99999991930068
0.50125,1.02403207652522,11.5135297360703,0.749177919851229,4.99999991930068
0.5013,1.0240353963499,11.5117140844744,0.749177919851229,4.99999991930068
0.50135,1.02403871624703,11.5123544895587,0.749177919851229,4.99999991930068
0.5014,1.02404203621768,11.5108525216434,0.749177919851229,4.99999991930068
0.50145,1.02404535626234,11.5118663147018,0.749177919851229,4.99999991930068
0.5015,1.02404867638244,11.5093949572877,0.749177919851229,4.99999991930068
0.50155,1.0240519965786,11.5115236386041,0.749177919851229,4.99999991930068
0.5016,1.02405531685158,11.5083326405507,0.749177919851229,4.99999991930068
0.50165,1.02405863720264,11.5104701266978,0.749177919851229,4.99999991930068
0.5017,1.02406195763213,11.5078761189983,0.749177919851229,4.99999991930068
0.50175,1.02406527814109,11.5092730826612,0.749177919851229,4.99999991930068
0.5018,1.02406859873038,11.5070093488334,0.749177919851229,4.99999991930068
0.50185,1.0240719194004,11.5087974441469,0.749177919851229,4.99999991930068
0.5019,1.02407524015222,11.5055334798536,0.749177919851229,4.99999991930068
0.50195,1.02407856098638,11.5084520226247,0.749177919851229,4.99999991930068
0.502,1.02408188190341,11.5044850963232,0.748893778964795,4.99999992323643
0.50205,1.02408520290425,11.5073668163467,0.748893778964795,4.99999992323643
0.5021,1.02408852267724,11.5040503592963,0.748893778964795,4.99999992323643
0.50215,1.02409184187906,11.5061541626465,0.748893778964795,4.99999992323643
0.5022,1.02409516182237,11.5031766759594,0.748893778964795,4.99999992323643
0.50225,1.02409848185148,11.5056849433496,0.748893778964795,4.99999992323643
0.5023,1.02410180196704,11.5016916047476,0.748893778964795,4.99999992323643
0.50235,1.02410512216953,11.5053278835961,0.748893778964795,4.99999992323643
0.5024,1.02410844245925,11.5006592732835,0.748893778964795,4.99999992323643
0.50245,1.02411176283679,11.5042147713993,0.748893778964795,4.99999992323643
0.5025,1.02411508330243,11.5002375784444,0.748893778964795,4.99999992323643
0.50255,1.02411840385651,11.5029929012978,0.748893778964795,4.99999992323643
0.5026,1.02412172449947,11.49935545686,0.748893778964795,4.99999992323643
0.50265,1.02412504523152,11.5025237899535,0.748893778964795,4.99999992323643
0.5027,1.02412836605292,11.4978702885539,0.748893778964795,4.99999992323643
0.50275,1.02413168696404,11.5021466418295,0.748893778964795,4.99999992323643
0.5028,1.02413500796494,11.4968554694645,0.748893778964795,4.99999992323643
0.50285,1.02413832905588,11.5010101211539,0.748893778964795,4.99999992323643
0.5029,1.02414165023709,11.4964377303056,0.748893778964795,4.99999992323643
0.50295,1.02414497150855,11.4997854536192,0.748893778964795,4.99999992323643
0.503,1.02414829287047,11.4955459439138,0.748608481426764,4.99999992698024
0.50305,1.02415161432295,11.4993099772396,0.748608481426764,4.99999992698024
0.5031,1.02415493454862,11.4940697168164,0.748608481426764,4.99999992698024
0.50315,1.02415825420636,11.4989047948878,0.748608481426764,4.99999992698024
0.5032,1.02416157461326,11.4930732861201,0.748608481426764,4.99999992698024
0.50325,1.02416489511059,11.4977498930584,0.748608481426764,4.99999992698024
0.5033,1.02416821569853,11.4926503370724,0.748608481426764,4.99999992698024
0.50335,1.02417153637669,11.4965286495571,0.748608481426764,4.99999992698024
0.5034,1.02417485714508,11.4917480767887,0.748608481426764,4.99999992698024
0.50345,1.02417817800366,11.496040179303,0.748608481426764,4.99999992698024
0.5035,1.02418149895193,11.4902897051223,0.748608481426764,4.99999992698024
0.50355,1.02418481999001,11.4955995449016,0.748608481426764,4.99999992698024
0.5036,1.02418814111752,11.4893120400532,0.748608481426764,4.99999992698024
0.50365,1.02419146233401,11.4944316175894,0.748608481426764,4.99999992698024
0.5037,1.02419478363959,11.4888748979445,0.748608481426764,4.99999992698024
0.50375,1.02419810503354,11.4932196150041,0.748608481426764,4.99999992698024
0.5038,1.02420142651563,11.487961876361,0.748608481426764,4.99999992698024
0.50385,1.02420474808571,11.492711397153,0.748608481426764,4.99999992698024
0.5039,1.0242080697429,11.4865300795788,0.748608481426764,4.99999992698024
0.50395,1.02421139148718,11.4922284742304,0.748608481426764,4.99999992698024
0.504,1.02421471331798,11.4855711464453,0.748322027608611,4.99999993054145
0.50405,1.0242180352345,11.4910530392649,0.748322027608611,4.99999993054145
0.5041,1.02422135591427,11.4851112379083,0.748322027608611,4.99999993054145
0.50415,1.02422467601754,11.489855540172,0.748322027608611,4.99999993054145
0.5042,1.02422799686629,11.4841877383301,0.748322027608611,4.99999993054145
0.50425,1.02423131779907,11.4893207818435,0.748322027608611,4.99999993054145
0.5043,1.02423463881459,11.4827909222869,0.748322027608611,4.99999993054145
0.50435,1.02423795991271,11.4887893961189,0.748322027608611,4.99999993054145
0.5044,1.02424128109269,11.4818503013422,0.748322027608611,4.99999993054145
0.50445,1.02424460235335,11.487612011566,0.748322027608611,4.99999993054145
0.5045,1.02424792369468,11.4813596153829,0.748322027608611,4.99999993054145
0.50455,1.02425124511535,11.4864336354561,0.748322027608611,4.99999993054145
0.5046,1.02425456661463,11.4804264536351,0.748322027608611,4.99999993054145
0.50465,1.0242578881922,11.485865648698,0.748322027608611,4.99999993054145
0.5047,1.02426120984644,11.4790725322645,0.748322027608611,4.99999993054145
0.50475,1.02426453157708,11.485280419439,0.748322027608611,4.99999993054145
0.5048,1.02426785338319,11.4781494000787,0.748322027608611,4.99999993054145
0.50485,1.02427117526328,11.4841066217281,0.748322027608611,4.99999993054145
0.5049,1.02427449721727,11.4776205777025,0.748322027608611,4.99999993054145
0.50495,1.02427781924355,11.4829513422087,0.748322027608611,4.99999993054145
0.505,1.02428114134116,11.4766790179943,0.748034417885889,4.99999993392899
0.50505,1.0242844635097,11.4823437480186,0.748034417885889,4.99999993392899
0.5051,1.02428778441948,11.4753752046352,0.748034417885889,4.99999993392899
0.50515,1.02429110473399,11.4817002520698,0.748034417885889,4.99999993392899
0.5052,1.02429442577988,11.4744682898997,0.748034417885889,4.99999993392899
0.50525,1.02429774689149,11.4805355303317,0.748034417885889,4.99999993392899
0.5053,1.02430106806867,11.4738946693457,0.748034417885889,4.99999993392899
0.50535,1.02430438930957,11.4794067004457,0.748034417885889,4.99999993392899
0.5054,1.024307710613,11.4729462881583,0.748034417885889,4.99999993392899
0.50545,1.02431103197849,11.4787536391855,0.748034417885889,4.99999993392899
0.5055,1.02431435340381,11.4716988781293,0.748034417885889,4.99999993392899
0.50555,1.02431767488844,11.4780485524611,0.748034417885889,4.99999993392899
0.5056,1.02432099643114,11.4708064117281,0.748034417885889,4.99999993392899
0.50565,1.02432431802986,11.4768983155355,0.748034417885889,4.99999993392899
0.5057,1.02432763968438,11.4701820618279,0.748034417885889,4.99999993392899
0.50575,1.02433096139264,11.4757987007438,0.748034417885889,4.99999993392899
0.5058,1.02433428315325,11.4692286252963,0.748034417885889,4.99999993392899
0.50585,1.02433760496568,11.475095020012,0.748034417885889,4.99999993392899
0.5059,1.02434092682744,11.4680428233187,0.748034417885889,4.99999993392899
0.50595,1.02434424873789,11.4743262269814,0.748034417885889,4.99999993392899
0.506,1.02434757069568,11.4671625502787,0.747745652638455,4.99999993715131
0.50605,1.02435089269851,11.4731957456425,0.747745652638455,4.99999993715131
0.5061,1.02435421341313,11.4664823359676,0.747745652638455,4.99999993715131
0.50615,1.02435753350379,11.4721275335543,0.747745652638455,4.99999993715131
0.5062,1.02436085430192,11.465525719131,0.747745652638455,4.99999993715131
0.50625,1.02436417514044,11.4713689194534,0.747745652638455,4.99999993715131
0.5063,1.02436749601663,11.4644055353059,0.747745652638455,4.99999993715131
0.50635,1.02437081692976,11.4705355347858,0.747745652638455,4.99999993715131
0.5064,1.02437413787838,11.4635347720648,0.747745652638455,4.99999993715131
0.50645,1.02437745886,11.4694298233681,0.747745652638455,4.99999993715131
0.5065,1.02438077987427,11.4627944515132,0.747745652638455,4.99999993715131
0.50655,1.02438410091884,11.4683945785876,0.747745652638455,4.99999993715131
0.5066,1.02438742199196,11.4618365961091,0.747745652638455,4.99999993715131
0.50665,1.02439074309302,11.4675776126304,0.747745652638455,4.99999993715131
0.5067,1.02439406421913,11.4607848130781,0.747745652638455,4.99999993715131
0.50675,1.02439738536945,11.4666799313794,0.747745652638455,4.99999993715131
0.5068,1.02440070654248,11.4599205718534,0.747745652638455,4.99999993715131
0.50685,1.02440402773556,11.4656035886203,0.747745652638455,4.99999993715131
0.5069,1.0244073489483,11.4591169284963,0.747745652638455,4.99999993715131
0.50695,1.02441067017823,11.4646021932021,0.747745652638455,4.99999993715131
0.507,1.02441399142349,11.458159858625,0.74745573225127,4.99999994021647
0.50705,1.02441731268342,11.4637243660091,0.74745573225127,4.99999994021647
0.5071,1.0244206326168,11.4571780629646,0.74745573225127,4.99999994021647
0.50715,1.02442395189181,11.4627637664184,0.74745573225127,4.99999994021647
0.5072,1.02442727184517,11.4563172129943,0.74745573225127,4.99999994021647
0.50725,1.02443059180496,11.4617208018648,0.74745573225127,4.99999994021647
0.5073,1.02443391177075,11.4554481871132,0.74745573225127,4.99999994021647
0.50735,1.02443723174002,11.4607533807114,0.74745573225127,4.99999994021647
0.5074,1.02444055171081,11.454494015159,0.74745573225127,4.99999994021647
0.50745,1.02444387168244,11.4598130750979,0.74745573225127,4.99999994021647
0.5075,1.02444719165184,11.4535826443836,0.74745573225127,4.99999994021647
0.50755,1.024450511618,11.458791891614,0.74745573225127,4.99999994021647
0.5076,1.0244538315794,11.4527220568464,0.74745573225127,4.99999994021647
0.50765,1.02445715153316,11.4577855678042,0.74745573225127,4.99999994021647
0.5077,1.02446047147881,11.4517868363587,0.74745573225127,4.99999994021647
0.50775,1.02446379141381,11.4568514522504,0.74745573225127,4.99999994021647
0.5078,1.02446711133616,11.4508377503611,0.74745573225127,4.99999994021647
0.50785,1.02447043124513,11.4558479419954,0.74745573225127,4.99999994021647
0.5079,1.02447375113766,11.4499961345895,0.74745573225127,4.99999994021647
0.50795,1.02447707101269,11.4547693722859,0.74745573225127,4.99999994021647
0.508,1.02448039086868,11.4491328096325,0.747164657115688,4.99999994313215
0.50805,1.02448371070277,11.4538021108248,0.747164657115688,4.99999994313215
0.5081,1.02448702917094,11.4481318627825,0.747164657115688,4.99999994313215
0.50815,1.02449034694245,11.4528998675006,0.747164657115688,4.99999994313215
0.5082,1.02449366535874,11.4471900688407,0.747164657115688,4.99999994313215
0.50825,1.02449698374734,11.4518333499716,0.747164657115688,4.99999994313215
0.5083,1.02450030210523,11.4464164424016,0.747164657115688,4.99999994313215
0.50835,1.0245036204313,11.450701383113,0.747164657115688,4.99999994313215
0.5084,1.02450693872406,11.4455475650694,0.747164657115688,4.99999994313215
0.50845,1.02451025698065,11.4497747282897,0.747164657115688,4.99999994313215
0.5085,1.02451357520054,11.4444825918145,0.747164657115688,4.99999994313215
0.50855,1.02451689338129,11.4489022386326,0.747164657115688,4.99999994313215
0.5086,1.02452021152086,11.4435501958188,0.747164657115688,4.99999994313215
0.50865,1.02452352961854,11.4477738913171,0.747164657115688,4.99999994313215
0.5087,1.02452684767139,11.4428416792017,0.747164657115688,4.99999994313215
0.50875,1.02453016567828,11.4465932697402,0.747164657115688,4.99999994313215
0.5088,1.02453348363779,11.4419646375766,0.747164657115688,4.99999994313215
0.50885,1.02453680154714,11.445707910873,0.747164657115688,4.99999994313215
0.5089,1.02454011940575,11.4408384682991,0.747164657115688,4.99999994313215
0.50895,1.02454343721133,11.4448625118045,0.747164657115688,4.99999994313215
0.509,1.02454675496185,11.4399173510785,0.746872427631095,4.99999994590563
0.50905,1.02455007265663,11.4436745657568,0.746872427631095,4.99999994590563
0.5091,1.02455338894415,11.4392699389273,0.746872427631095,4.99999994590563
0.50915,1.02455670449765,11.4424507576472,0.746872427631095,4.99999994590563
0.5092,1.0245600206645,11.4383823273843,0.746872427631095,4.99999994590563
0.50925,1.02456333676769,11.4416065785377,0.746872427631095,4.99999994590563
0.5093,1.02456665280665,11.4371987958913,0.746872427631095,4.99999994590563
0.50935,1.0245699687792,11.4407851986335,0.746872427631095,4.99999994590563
0.5094,1.02457328468341,11.4362904797867,0.746872427631095,4.99999994590563
0.50945,1.02457660051862,11.4395409753013,0.746872427631095,4.99999994590563
0.5095,1.02457991628221,11.4356990534439,0.746872427631095,4.99999994590563
0.50955,1.02458323197307,11.4382801061941,0.746872427631095,4.99999994590563
0.5096,1.02458654758997,11.43479867865,0.746872427631095,4.99999994590563
0.50965,1.02458986313041,11.4374762194699,0.746872427631095,4.99999994590563
0.5097,1.02459317859381,11.4335625012987,0.746872427631095,4.99999994590563
0.50975,1.02459649397821,11.4366754938938,0.746872427631095,4.99999994590563
0.5098,1.02459980928176,11.4326680669431,0.746872427631095,4.99999994590563
0.50985,1.02460312450384,11.435379387464,0.746872427631095,4.99999994590563
0.5099,1.02460643964207,11.4321264719768,0.746872427631095,4.99999994590563
0.50995,1.02460975469537,11.4340881359772,0.746872427631095,4.99999994590563
0.51,1.02461306966263,11.4312114175218,0.746579044206726,4.99999994854384
0.51005,1.02461638454156,11.4333228958819,0.746579044206726,4.99999994854384
0.5101,1.02461969797765,11.4299281125542,0.746579044206726,4.99999994854384
0.51015,1.02462301064612,11.4325392411237,0.746579044206726,4.99999994854384
0.5102,1.02462632389923,11.4290481791624,0.746579044206726,4.99999994854384
0.51025,1.02462963705943,11.431196631532,0.746579044206726,4.99999994854384
0.5103,1.0246329501246,11.4285493709542,0.746579044206726,4.99999994854384
0.51035,1.02463626309372,11.4298820530499,0.746579044206726,4.99999994854384
0.5104,1.02463957596582,11.4276180863137,0.746579044206726,4.99999994854384
0.51045,1.02464288873886,11.4291530260175,0.746579044206726,4.99999994854384
0.5105,1.0246462014123,11.4262939183514,0.746579044206726,4.99999994854384
0.51055,1.02464951398462,11.428382658726,0.746579044206726,4.99999994854384
0.5106,1.02465282645429,11.425428665375,0.746579044206726,4.99999994854384
0.51065,1.0246561388208,11.4269997585223,0.746579044206726,4.99999994854384
0.5107,1.02465945108232,11.4249649040056,0.746579044206726,4.99999994854384
0.51075,1.02466276323792,11.4256690736302,0.746579044206726,4.99999994854384
0.5108,1.02466607528678,11.4240163230385,0.746579044206726,4.99999994854384
0.51085,1.02466938722714,11.4249730003983,0.746579044206726,4.99999994854384
0.5109,1.02467269905849,11.4226582638942,0.746579044206726,4.99999994854384
0.51095,1.02467601077958,11.4242119542792,0.746579044206726,4.99999994854384
0.511,1.02467932238908,11.4218074991797,0.746284507263464,4.99999995105339
0.51105,1.02468263388653,11.4227956370682,0.746284507263464,4.99999995105339
0.5111,1.02468594391125,11.421370571149,0.746284507263464,4.99999995105339
0.51115,1.02468925314201,11.4214560220086,0.746284507263464,4.99999995105339
0.5112,1.02469256293734,11.4204042210068,0.746284507263464,4.99999995105339
0.51125,1.02469587261621,11.4207888037671,0.746284507263464,4.99999995105339
0.5113,1.02469918217814,11.4190198875581,0.746284507263464,4.99999995105339
0.51135,1.02470249162217,11.420032947984,0.746284507263464,4.99999995105339
0.5114,1.02470580094718,11.4181830881849,0.746284507263464,4.99999995105339
0.51145,1.02470911015279,11.4185905777675,0.746284507263464,4.99999995105339
0.5115,1.02471241923787,11.4177645006532,0.746284507263464,4.99999995105339
0.51155,1.02471572820169,11.4172489771418,0.746284507263464,4.99999995105339
0.5116,1.02471903704375,11.4167805492439,0.746284507263464,4.99999995105339
0.51165,1.02472234576297,11.4166057104883,0.746284507263464,4.99999995105339
0.5117,1.02472565435892,11.4153780847561,0.746284507263464,4.99999995105339
0.51175,1.02472896283091,11.4158508168553,0.746284507263464,4.99999995105339
0.5118,1.02473227117811,11.4145544069635,0.746284507263464,4.99999995105339
0.51185,1.02473557940019,11.414390120552,0.746284507263464,4.99999995105339
0.5119,1.02473888749637,11.4141455389263,0.746284507263464,4.99999995105339
0.51195,1.02474219546609,11.4130531379231,0.746284507263464,4.99999995105339
0.512,1.024745503309,11.4131447924364,0.745988817235439,4.99999995344054
0.51205,1.02474881102439,11.4124282317216,0.745988817235439,4.99999995344054
0.5121,1.02475211724746,11.4117326905734,0.745988817235439,4.99999995344054
0.51215,1.02475542266004,11.4116701028516,0.745988817235439,4.99999995344054
0.5122,1.024758728626,11.410920935585,0.745988817235439,4.99999995344054
0.51225,1.02476203446287,11.4101990923605,0.745988817235439,4.99999995344054
0.5123,1.02476534017025,11.4105131347594,0.745988817235439,4.99999995344054
0.51235,1.02476864574772,11.4088729297805,0.745988817235439,4.99999995344054
0.5124,1.02477195119512,11.4094969503785,0.745988817235439,4.99999995344054
0.51245,1.02477525651209,11.4082602769455,0.745988817235439,4.99999995344054
0.5125,1.02477856169834,11.4080838186318,0.745988817235439,4.99999995344054
0.51255,1.02478186675379,11.4074949027201,0.745988817235439,4.99999995344054
0.5126,1.02478517167813,11.4072823538227,0.745988817235439,4.99999995344054
0.51265,1.0247884764712,11.4060218221654,0.745988817235439,4.99999995344054
0.5127,1.024791781133,11.4068669940568,0.745988817235439,4.99999995344054
0.51275,1.02479508566326,11.4047122650707,0.745988817235439,4.99999995344054
0.5128,1.02479839006198,11.4058371598624,0.745988817235439,4.99999995344054
0.51285,1.0248016943292,11.4041054515894,0.745988817235439,4.99999995344054
0.5129,1.0248049984647,11.40443146856,0.745988817235439,4.99999995344054
0.51295,1.02480830246868,11.4033291897955,0.745988817235439,4.99999995344054
0.513,1.02481160634115,11.4036381707449,0.745691974571249,4.99999995571127
0.51305,1.02481491008201,11.4018624710996,0.745691974571249,4.99999995571127
0.5131,1.024818212322,11.4032067159469,0.745691974571249,4.99999995571127
0.51315,1.02482151374583,11.4005748840903,0.745691974571249,4.99999995571127
0.5132,1.02482481572336,11.4021653331098,0.745691974571249,4.99999995571127
0.51325,1.02482811757017,11.3999673920152,0.745691974571249,4.99999995571127
0.5133,1.02483141928611,11.4007751870843,0.745691974571249,4.99999995571127
0.51335,1.02483472087168,11.3991771009767,0.745691974571249,4.99999995571127
0.5134,1.02483802232719,11.3999874082789,0.745691974571249,4.99999995571127
0.51345,1.0248413236526,11.397725272976,0.745691974571249,4.99999995571127
0.5135,1.0248446248487,11.3995315021731,0.745691974571249,4.99999995571127
0.51355,1.02484792591554,11.3964645533761,0.745691974571249,4.99999995571127
0.5136,1.02485122685346,11.3984808892766,0.745691974571249,4.99999995571127
0.51365,1.02485452766325,11.39584991335,0.745691974571249,4.99999995571127
0.5137,1.02485782834487,11.3971138533069,0.745691974571249,4.99999995571127
0.51375,1.02486112889909,11.3950430236272,0.745691974571249,4.99999995571127
0.5138,1.02486442932649,11.3963284613837,0.745691974571249,4.99999995571127
0.51385,1.02486772962715,11.3936145650668,0.745691974571249,4.99999995571127
0.5139,1.02487102980218,11.3958400754602,0.745691974571249,4.99999995571127
0.51395,1.02487432985183,11.3923850658793,0.745691974571249,4.99999995571127
0.514,1.02487762977659,11.3947827457026,0.745393979734668,4.99999995787126
0.51405,1.02488092957762,11.391756959575,0.745393979734668,4.99999995787126
0.5141,1.02488422788007,11.3934457489482,0.745393979734668,4.99999995787126
0.51415,1.02488752537242,11.3909314777966,0.745393979734668,4.99999995787126
0.5142,1.02489082343045,11.3926592424338,0.745393979734668,4.99999995787126
0.51425,1.02489412136685,11.3895346139879,0.745393979734668,4.99999995787126
0.5143,1.02489741918308,11.3921308724254,0.745393979734668,4.99999995787126
0.51435,1.02490071687957,11.3883400112896,0.745393979734668,4.99999995787126
0.5144,1.02490401445693,11.3910695381863,0.745393979734668,4.99999995787126
0.51445,1.02490731191669,11.3876923138561,0.745393979734668,4.99999995787126
0.5145,1.02491060925896,11.3897688297702,0.745393979734668,4.99999995787126
0.51455,1.02491390648502,11.3868467575268,0.745393979734668,4.99999995787126
0.5146,1.02491720359602,11.3889774886074,0.745393979734668,4.99999995787126
0.51465,1.02492050059219,11.3854892182462,0.745393979734668,4.99999995787126
0.5147,1.02492379747529,11.3884023675461,0.745393979734668,4.99999995787126
0.51475,1.02492709424593,11.3843323703516,0.745393979734668,4.99999995787126
0.5148,1.02493039090486,11.3873399686304,0.745393979734668,4.99999995787126
0.51485,1.0249336874539,11.3836591760831,0.745393979734668,4.99999995787126
0.5149,1.02493698389328,11.3860811044997,0.745393979734668,4.99999995787126
0.51495,1.02494028022449,11.3827925048784,0.745393979734668,4.99999995787126
0.515,1.02494357644894,11.3852811712743,0.745094833204782,4.9999999599259
0.51505,1.02494687256692,11.3814813011605,0.745094833204782,4.9999999599259
0.5151,1.02495016720037,11.3846534697977,0.745094833204782,4.9999999599259
0.51515,1.02495346104013,11.3803641413247,0.745094833204782,4.9999999599259
0.5152,1.02495675546718,11.383593183022,0.745094833204782,4.9999999599259
0.51525,1.02496004979357,11.3796598079885,0.745094833204782,4.9999999599259
0.5153,1.02496334401962,11.3823810016611,0.745094833204782,4.9999999599259
0.51535,1.024966638147,11.3787713591967,0.745094833204782,4.9999999599259
0.5154,1.02496993217737,11.3815688146724,0.745094833204782,4.9999999599259
0.51545,1.02497322611108,11.377512599842,0.745094833204782,4.9999999599259
0.5155,1.02497651995043,11.3808837751169,0.745094833204782,4.9999999599259
0.51555,1.02497981369635,11.3764360789712,0.745094833204782,4.9999999599259
0.5156,1.02498310734979,11.379828957752,0.745094833204782,4.9999999599259
0.51565,1.02498640091314,11.3756953107701,0.745094833204782,4.9999999599259
0.5157,1.02498969438679,11.3786675139508,0.745094833204782,4.9999999599259
0.51575,1.02499298777258,11.3747847831929,0.745094833204782,4.9999999599259
0.5158,1.02499628107237,11.3778395926074,0.745094833204782,4.9999999599259
0.51585,1.02499957428657,11.3735835673898,0.745094833204782,4.9999999599259
0.5159,1.0250028674177,11.3770935894908,0.745094833204782,4.9999999599259
0.51595,1.02500616046682,11.3725476915652,0.745094833204782,4.9999999599259
0.516,1.02500945343497,11.3760476797657,0.744794535475506,4.99999996188034
0.51605,1.02501274632476,11.3717656839654,0.744794535475506,4.99999996188034
0.5161,1.02501603775131,11.3749401440573,0.744794535475506,4.99999996188034
0.51615,1.02501932840928,11.3708331750149,0.744794535475506,4.99999996188034
0.5162,1.02502261968604,11.3740932213622,0.744794535475506,4.99999996188034
0.51625,1.02502591088939,11.3696935571498,0.744794535475506,4.99999996188034
0.5163,1.02502920202201,11.3732837497572,0.744794535475506,4.99999996188034
0.51635,1.02503249308508,11.3686974777248,0.744794535475506,4.99999996188034
0.5164,1.02503578407972,11.3722501008872,0.744794535475506,4.99999996188034
0.51645,1.02503907500869,11.3678700866706,0.744794535475506,4.99999996188034
0.5165,1.02504236587253,11.3711986292762,0.744794535475506,4.99999996188034
0.51655,1.02504565667331,11.3669161429002,0.744794535475506,4.99999996188034
0.5166,1.02504894741323,11.3703296376581,0.744794535475506,4.99999996188034
0.51665,1.02505223809278,11.3658411360498,0.744794535475506,4.99999996188034
0.5167,1.02505552871478,11.3694552537514,0.744794535475506,4.99999996188034
0.51675,1.02505881928052,11.364883278361,0.744794535475506,4.99999996188034
0.5168,1.02506210979114,11.3684369622459,0.744794535475506,4.99999996188034
0.51685,1.02506540024956,11.3640071905688,0.744794535475506,4.99999996188034
0.5169,1.02506869065636,11.3674425848472,0.744794535475506,4.99999996188034
0.51695,1.02507198101368,11.3630328656553,0.744794535475506,4.99999996188034
0.517,1.02507527132382,11.3665486647059,0.744493087054551,4.99999996373946
0.51705,1.02507856158733,11.3620244637258,0.744493087054551,4.99999996373946
0.5171,1.02508185041653,11.3656089286916,0.744493087054551,4.99999996373946
0.51715,1.0250851385081,11.3611026565002,0.744493087054551,4.99999996373946
0.5172,1.02508842725375,11.3646086930545,0.744493087054551,4.99999996373946
0.51725,1.02509171596119,11.3601755192952,0.744493087054551,4.99999996373946
0.5173,1.02509500463108,11.3636712545627,0.744493087054551,4.99999996373946
0.51735,1.02509829326556,11.3591823730054,0.744493087054551,4.99999996373946
0.5174,1.02510158186702,11.3627497795647,0.744493087054551,4.99999996373946
0.51745,1.02510487043603,11.3582415404289,0.744493087054551,4.99999996373946
0.5175,1.02510815897548,11.3617452166361,0.744493087054551,4.99999996373946
0.51755,1.02511144748683,11.3573530965398,0.744493087054551,4.99999996373946
0.5176,1.02511473597126,11.360765239268,0.744493087054551,4.99999996373946
0.51765,1.02511802443177,11.3563735722215,0.744493087054551,4.99999996373946
0.5177,1.02512131286907,11.3598834096823,0.744493087054551,4.99999996373946
0.51775,1.02512460128529,11.3553636097319,0.744493087054551,4.99999996373946
0.5178,1.02512788968285,11.3589320701675,0.744493087054551,4.99999996373946
0.51785,1.02513117806235,11.3544902383067,0.744493087054551,4.99999996373946
0.5179,1.02513446642664,11.3578641736298,0.744493087054551,4.99999996373946
0.51795,1.02513775477725,11.3536320068738,0.744493087054551,4.99999996373946
0.518,1.0251410431153,11.3569061465484,0.744190488461923,4.99999996550791
0.51805,1.02514433144381,11.3525997652628,0.744190488461923,4.99999996550791
0.5181,1.02514761836774,11.3560775125242,0.744190488461923,4.99999996550791
0.51815,1.02515090458706,11.35157532433,0.744190488461923,4.99999996550791
0.5182,1.02515419149997,11.3550944439672,0.744190488461923,4.99999996550791
0.51825,1.02515747840919,11.3507681662629,0.744190488461923,4.99999996550791
0.5183,1.02516076531749,11.3539657031072,0.744190488461923,4.99999996550791
0.51835,1.02516405222641,11.3499365393091,0.744190488461923,4.99999996550791
0.5184,1.02516733913706,11.3530308207236,0.744190488461923,4.99999996550791
0.51845,1.02517062605236,11.3488521904623,0.744190488461923,4.99999996550791
0.5185,1.02517391297309,11.3522520167348,0.744190488461923,4.99999996550791
0.51855,1.02517719990121,11.3478157861117,0.744190488461923,4.99999996550791
0.5186,1.02518048683913,11.3512359264297,0.744190488461923,4.99999996550791
0.51865,1.02518377378743,11.3470723853722,0.744190488461923,4.99999996550791
0.5187,1.0251870607488,11.3500498438424,0.744190488461923,4.99999996550791
0.51875,1.02519034772475,11.3462633088208,0.744190488461923,4.99999996550791
0.5188,1.02519363471634,11.3491388353565,0.744190488461923,4.99999996550791
0.51885,1.02519692172636,11.3451283244697,0.744190488461923,4.99999996550791
0.5189,1.02520020875562,11.3484056891027,0.744190488461923,4.99999996550791
0.51895,1.02520349580595,11.3440825199635,0.744190488461923,4.99999996550791
0.519,1.02520678287968,11.3473559763198,0.743886740228119,4.9999999671901
0.51905,1.02521006997738,11.3433991957836,0.743886740228119,4.9999999671901
0.5191,1.0252133557006,11.3461170510295,0.743886740228119,4.9999999671901
0.51915,1.02521664075131,11.342608221057,0.743886740228119,4.9999999671901
0.5192,1.02521992653148,11.3452301939309,0.743886740228119,4.9999999671901
0.51925,1.02522321234327,11.3414248773402,0.743886740228119,4.9999999671901
0.5193,1.02522649818743,11.3445378467145,0.743886740228119,4.9999999671901
0.51935,1.0252297840657,11.3403721833957,0.743886740228119,4.9999999671901
0.5194,1.02523306998025,11.3434546457867,0.743886740228119,4.9999999671901
0.51945,1.02523635593166,11.3397440742121,0.743886740228119,4.9999999671901
0.5195,1.02523964192223,11.342168282183,0.743886740228119,4.9999999671901
0.51955,1.02524292795337,11.3389664532086,0.743886740228119,4.9999999671901
0.5196,1.025246214026,11.341305360235,0.743886740228119,4.9999999671901
0.51965,1.02524950014254,11.3377378046451,0.743886740228119,4.9999999671901
0.5197,1.02525278630376,11.340648340892,0.743886740228119,4.9999999671901
0.51975,1.02525607251119,11.3366806391498,0.743886740228119,4.9999999671901
0.5198,1.02525935876686,11.3395325031712,0.743886740228119,4.9999999671901
0.51985,1.02526264507131,11.3361018252626,0.743886740228119,4.9999999671901
0.5199,1.0252659314266,11.3382048569128,0.743886740228119,4.9999999671901
0.51995,1.02526921783407,11.3353326767041,0.743886740228119,4.9999999671901
0.52,1.02527250429452,11.3373651003159,0.743581842892178,4.99999996879026
0.52005,1.02527579081014,11.3340625727929,0.743581842892178,4.99999996879026
0.5201,1.02527907597545,11.3367373719264,0.743581842892178,4.99999996879026
0.52015,1.02528236049493,11.3330032723447,0.743581842892178,4.99999996879026
0.5202,1.02528564577657,11.335590396947,0.743581842892178,4.99999996879026
0.52025,1.02528893111779,11.3324669561202,0.743581842892178,4.99999996879026
0.5203,1.02529221652038,11.3342281757808,0.743581842892178,4.99999996879026
0.52035,1.02529550198555,11.3317014466237,0.743581842892178,4.99999996879026
0.5204,1.02529878751401,11.3334101698869,0.743581842892178,4.99999996879026
0.52045,1.02530207310766,11.3303945452245,0.743581842892178,4.99999996879026
0.5205,1.02530535876716,11.3328051609086,0.743581842892178,4.99999996879026
0.52055,1.02530864449366,11.3293353798653,0.743581842892178,4.99999996879026
0.5206,1.02531193028874,11.3316290930289,0.743581842892178,4.99999996879026
0.52065,1.02531521615287,11.3288340784142,0.743581842892178,4.99999996879026
0.5207,1.02531850208754,11.3302393466134,0.743581842892178,4.99999996879026
0.52075,1.02532178809382,11.3280675974919,0.743581842892178,4.99999996879026
0.5208,1.02532507417232,11.3294409731789,0.743581842892178,4.99999996879026
0.52085,1.0253283603246,11.3267293512887,0.743581842892178,4.99999996879026
0.5209,1.02533164655126,11.3288516412532,0.743581842892178,4.99999996879026
0.52095,1.02533493285325,11.3256725361487,0.743581842892178,4.99999996879026
0.521,1.02533821923185,11.3276490031848,0.743275796999817,4.99999997031238
0.52105,1.0253415056875,11.3251982646154,0.743275796999817,4.99999997031238
0.5211,1.02534479080997,11.3262389522816,0.743275796999817,4.99999997031238
0.52115,1.02534807530589,11.3244265589104,0.743275796999817,4.99999997031238
0.5212,1.02535136058712,11.3254573922355,0.743275796999817,4.99999997031238
0.52125,1.02535464594919,11.3230631430435,0.743275796999817,4.99999997031238
0.5213,1.02535793139263,11.3248763430469,0.743275796999817,4.99999997031238
0.52135,1.02536121691812,11.3220107890794,0.743275796999817,4.99999997031238
0.5214,1.0253645025267,11.3236500922747,0.743275796999817,4.99999997031238
0.52145,1.02536778821872,11.3215551900559,0.743275796999817,4.99999997031238
0.5215,1.02537107399502,11.3222270044417,0.743275796999817,4.99999997031238
0.52155,1.02537435985633,11.3207744183881,0.743275796999817,4.99999997031238
0.5216,1.025377645803,11.3214588000283,0.743275796999817,4.99999997031238
0.52165,1.02538093183587,11.3193925805004,0.743275796999817,4.99999997031238
0.5217,1.02538421795542,11.3208784633805,0.743275796999817,4.99999997031238
0.52175,1.02538750416207,11.3183465979331,0.743275796999817,4.99999997031238
0.5218,1.02539079045653,11.3196320010902,0.743275796999817,4.99999997031238
0.52185,1.02539407683912,11.317901027892,0.743275796999817,4.99999997031238
0.5219,1.02539736331031,11.3182031243652,0.743275796999817,4.99999997031238
0.52195,1.02540064987063,11.3171077730109,0.743275796999817,4.99999997031238
0.522,1.02540393652032,11.3174443237634,0.742968603101797,4.99999997176026
0.52205,1.02540722325983,11.315714637809,0.742968603101797,4.99999997176026
0.5221,1.02541050867294,11.3168571803604,0.742968603101797,4.99999997176026
0.52215,1.02541379346813,11.3146766140007,0.742968603101797,4.99999997176026
0.5222,1.02541707906241,11.3155943879053,0.742968603101797,4.99999997176026
0.52225,1.02542036474771,11.3142322064691,0.742968603101797,4.99999997176026
0.5223,1.02542365052414,11.3141669135296,0.742968603101797,4.99999997176026
0.52235,1.02542693639203,11.3134234389228,0.742968603101797,4.99999997176026
0.5224,1.0254302223515,11.3134132265424,0.742968603101797,4.99999997176026
0.52245,1.02543350840259,11.3120262829605,0.742968603101797,4.99999997176026
0.5225,1.02543679454558,11.3128120327227,0.742968603101797,4.99999997176026
0.52255,1.02544008078041,11.3109973522341,0.742968603101797,4.99999997176026
0.5226,1.02544336710712,11.3115372832847,0.742968603101797,4.99999997176026
0.52265,1.0254466535259,11.3105450837921,0.742968603101797,4.99999997176026
0.5227,1.0254499400365,11.3101182973768,0.742968603101797,4.99999997176026
0.52275,1.02545322663904,11.3097181341696,0.742968603101797,4.99999997176026
0.5228,1.02545651333348,11.3093652484211,0.742968603101797,4.99999997176026
0.52285,1.0254598001195,11.3083241847613,0.742968603101797,4.99999997176026
0.5229,1.02546308699727,11.3087432308697,0.742968603101797,4.99999997176026
0.52295,1.02546637396646,11.3073049592003,0.742968603101797,4.99999997176026
0.523,1.0254696610268,11.3074613746102,0.742660261752721,4.99999997313753
0.52305,1.02547294817839,11.3068357681202,0.742660261752721,4.99999997313753
0.5231,1.02547623399884,11.3060577793767,0.742660261752721,4.99999997313753
0.52315,1.02547951919895,11.3059883406345,0.742660261752721,4.99999997313753
0.5232,1.02548280520037,11.3053008218595,0.742660261752721,4.99999997313753
0.52325,1.02548609129148,11.3046046280675,0.742660261752721,4.99999997313753
0.5233,1.02548937747232,11.3046518085477,0.742660261752721,4.99999997313753
0.52335,1.02549266374235,11.3035951813212,0.742660261752721,4.99999997313753
0.5234,1.02549595010096,11.3033680720705,0.742660261752721,4.99999997313753
0.52345,1.02549923654816,11.3031001350005,0.742660261752721,4.99999997313753
0.5235,1.02550252308304,11.301986446957,0.742660261752721,4.99999997313753
0.52355,1.02550580970525,11.3022303557584,0.742660261752721,4.99999997313753
0.5236,1.02550909641453,11.3012210107644,0.742660261752721,4.99999997313753
0.52365,1.02551238320978,11.3008636191186,0.742660261752721,4.99999997313753
0.5237,1.02551567009092,11.300539488599,0.742660261752721,4.99999997313753
0.52375,1.0255189570572,11.2998635421705,0.742660261752721,4.99999997313753
0.5238,1.02552224410767,11.2992593197212,0.742660261752721,4.99999997313753
0.52385,1.02552553124227,11.29933405722,0.742660261752721,4.99999997313753
0.5239,1.02552881845977,11.297905746948,0.742660261752721,4.99999997313753
0.52395,1.02553210575959,11.298440575296,0.742660261752721,4.99999997313753
0.524,1.02553539314136,11.2971233571633,0.742350773510355,4.99979570116378
0.52405,1.02553868060364,11.2970931179287,0.742350773510355,4.99979570116378
0.5241,1.02554196671922,11.2964043412324,0.742350773510355,4.99979570116378
0.52415,1.02554525220065,11.2961015212817,0.742350773510355,4.99979570116378
0.5242,1.02554853847367,11.2951331380884,0.742350773510355,4.99979570116378
0.52425,1.02555182482464,11.295529548518,0.742350773510355,4.99979570116378
0.5243,1.02555511125204,11.2938129733671,0.742350773510355,4.99979570116378
0.52435,1.02555839775506,11.2946116015252,0.742350773510355,4.99979570116378
0.5244,1.02556168433324,11.2930168679262,0.742350773510355,4.99979570116378
0.52445,1.0255649709848,11.2932976725989,0.742350773510355,4.99979570116378
0.5245,1.0255682577094,11.2922564733577,0.742350773510355,4.99979570116378
0.52455,1.02557154450591,11.2923137078521,0.742350773510355,4.99979570116378
0.5246,1.02557483137275,11.2909997352332,0.742350773510355,4.99979570116378
0.52465,1.02557811830974,11.2916921793541,0.742350773510355,4.99979570116378
0.5247,1.02558140531507,11.2897176452688,0.742350773510355,4.99979570116378
0.52475,1.02558469238774,11.2907497706627,0.742350773510355,4.99979570116378
0.5248,1.02558797952717,11.2888994519732,0.742350773510355,4.99979570116378
0.52485,1.0255912667313,11.2894709201573,0.742350773510355,4.99979570116378
0.5249,1.02559455399967,11.2880940688569,0.742350773510355,4.99979570116378
0.52495,1.02559784133097,11.2884932419543,0.742350773510355,4.99979570116378
0.525,1.02560112872338,11.2867306298221,0.742040138935557,4.99320146160971
0.52505,1.02560441617662,11.2876834189255,0.742040138935557,4.99320146160971
0.5251,1.0256077022565,11.2854854890126,0.742040138935557,4.99320146160971
0.52515,1.0256109876779,11.2867137773284,0.742040138935557,4.99320146160971
0.5252,1.02561427387238,11.2846380492757,0.742040138935557,4.99320146160971
0.52525,1.02561756012148,11.2854733083533,0.742040138935557,4.99320146160971
0.5253,1.02562084642463,11.2837834313055,0.742040138935557,4.99320146160971
0.52535,1.0256241327804,11.2844997032499,0.742040138935557,4.99320146160971
0.5254,1.02562741918671,11.2825695100437,0.742040138935557,4.99320146160971
0.52545,1.02563070564321,11.2837611421708,0.742040138935557,4.99320146160971
0.5255,1.02563399214768,11.2813732937198,0.742040138935557,4.99320146160971
0.52555,1.02563727869874,11.2827724036376,0.742040138935557,4.99320146160971
0.5256,1.02564056529566,11.2804981379881,0.742040138935557,4.99320146160971
0.52565,1.02564385193588,11.2815788181539,0.742040138935557,4.99320146160971
0.5257,1.02564713861871,11.2795956917779,0.742040138935557,4.99320146160971
0.52575,1.02565042534262,11.280609924911,0.742040138935557,4.99320146160971
0.5258,1.02565371210531,11.2784112497471,0.742040138935557,4.99320146160971
0.52585,1.02565699890637,11.2798071309585,0.742040138935557,4.99320146160971
0.5259,1.02566028574343,11.277261934821,0.742040138935557,4.99320146160971
0.52595,1.02566357261494,11.2787979714304,0.742040138935557,4.99320146160971
0.526,1.02566685952012,11.2761112867636,0.741728358592799,4.98055925339069
0.52605,1.02567014645625,11.2773992072169,0.741728358592799,4.98055925339069
0.5261,1.02567343198518,11.2751493995672,0.741728358592799,4.98055925339069
0.52615,1.02567671682398,11.2764256103929,0.741728358592799,4.98055925339069
0.5262,1.02568000240756,11.2739919928261,0.741728358592799,4.98055925339069
0.52625,1.02568328801676,11.2755513532017,0.741728358592799,4.98055925339069
0.5263,1.02568657364908,11.2728870714419,0.741728358592799,4.98055925339069
0.52635,1.02568985930285,11.2745218212442,0.741728358592799,4.98055925339069
0.5264,1.02569314497724,11.2719394403931,0.741728358592799,4.98055925339069
0.52645,1.02569643066937,11.2734274962709,0.741728358592799,4.98055925339069
0.5265,1.02569971637835,11.2709356319165,0.741728358592799,4.98055925339069
0.52655,1.02570300210252,11.2724602869357,0.741728358592799,4.98055925339069
0.5266,1.02570628783928,11.2698192910979,0.741728358592799,4.98055925339069
0.52665,1.02570957358811,11.2715202460256,0.741728358592799,4.98055925339069
0.5267,1.02571285934645,11.2687652266104,0.741728358592799,4.98055925339069
0.52675,1.0257161451125,11.2704768205839,0.741728358592799,4.98055925339069
0.5268,1.02571943088542,11.2677800687669,0.741728358592799,4.98055925339069
0.52685,1.02572271666223,11.2694367936547,0.741728358592799,4.98055925339069
0.5269,1.02572600244199,11.2667279806939,0.741728358592799,4.98055925339069
0.52695,1.02572928822298,11.2684679868702,0.741728358592799,4.98055925339069
0.527,1.02573257400253,11.2652990981982,0.74141543305124,4.96214525086973
0.52705,1.02573585978011,11.2670881521667,0.74141543305124,4.96214525086973
0.5271,1.02573914411058,11.2642791363011,0.74141543305124,4.96214525086973
0.52715,1.02574242771337,11.2660216043728,0.74141543305124,4.96214525086973
0.5272,1.02574571203016,11.2632452618653,0.74141543305124,4.96214525086973
0.52725,1.02574899633664,11.2650299997346,0.74141543305124,4.96214525086973
0.5273,1.02575228063181,11.2621414909273,0.74141543305124,4.96214525086973
0.52735,1.02575556491397,11.2640541980521,0.74141543305124,4.96214525086973
0.5274,1.02575884918038,11.2611031671479,0.74141543305124,4.96214525086973
0.52745,1.02576213343046,11.2629725852472,0.74141543305124,4.96214525086973
0.5275,1.02576541766162,11.2601413595149,0.74141543305124,4.96214525086973
0.52755,1.02576870187195,11.2619044788125,0.74141543305124,4.96214525086973
0.5276,1.02577198606057,11.2590733859688,0.74141543305124,4.96214525086973
0.52765,1.02577527022449,11.2609719606053,0.74141543305124,4.96214525086973
0.5277,1.02577855436266,11.2579298316944,0.74141543305124,4.96214525086973
0.52775,1.0257818384734,11.2599930208647,0.74141543305124,4.96214525086973
0.5278,1.02578512255399,11.2569368785,0.74141543305124,4.96214525086973
0.52785,1.02578840660382,11.2588445277436,0.74141543305124,4.96214525086973
0.5279,1.02579169062035,11.2560203701678,0.74141543305124,4.96214525086973
0.52795,1.02579497460166,11.2577691282905,0.74141543305124,4.96214525086973
0.528,1.02579825854689,11.2544560762663,0.741101362886225,4.93829913117583
0.52805,1.02580154245313,11.2564108502064,0.741101362886225,4.93829913117583
0.5281,1.02580482487162,11.2532547944169,0.741101362886225,4.93829913117583
0.52815,1.0258081065246,11.255411226368,0.741101362886225,4.93829913117583
0.5282,1.02581138885714,11.2522951924135,0.741101362886225,4.93829913117583
0.52825,1.02581467114471,11.2541898895069,0.741101362886225,4.93829913117583
0.5283,1.02581795338489,11.2514139335257,0.741101362886225,4.93829913117583
0.52835,1.02582123557576,11.2531058455989,0.741101362886225,4.93829913117583
0.5284,1.02582451771649,11.250260797754,0.741101362886225,4.93829913117583
0.52845,1.02582779980426,11.2522743616393,0.741101362886225,4.93829913117583
0.5285,1.02583108183798,11.2490386458228,0.741101362886225,4.93829913117583
0.52855,1.02583436381612,11.2512767874658,0.741101362886225,4.93829913117583
0.5286,1.02583764573609,11.2481321441086,0.741101362886225,4.93829913117583
0.52865,1.02584092759727,11.2500008009702,0.741101362886225,4.93829913117583
0.5287,1.02584420939736,11.2472942160713,0.741101362886225,4.93829913117583
0.52875,1.02584749113451,11.2489188978343,0.741101362886225,4.93829913117583
0.5288,1.0258507728079,11.2461047634728,0.741101362886225,4.93829913117583
0.52885,1.02585405441489,11.2481368278677,0.741101362886225,4.93829913117583
0.5289,1.02585733595439,11.2448523939454,0.741101362886225,4.93829913117583
0.52895,1.025860617425,11.2471289107554,0.741101362886225,4.93829913117583
0.529,1.02586389882425,11.2434359947106,0.740786148681052,4.90931495810928
0.52905,1.02586718015158,11.245215512755,0.740786148681052,4.90931495810928
0.5291,1.02587045995197,11.2426106929622,0.740786148681052,4.90931495810928
0.52915,1.02587373895012,11.2441195494074,0.740786148681052,4.90931495810928
0.5292,1.02587701859819,11.2413712111493,0.740786148681052,4.90931495810928
0.52925,1.02588029816724,11.2433724778165,0.740786148681052,4.90931495810928
0.5293,1.02588357765624,11.2400847825113,0.740786148681052,4.90931495810928
0.52935,1.02588685706388,11.2423478957256,0.740786148681052,4.90931495810928
0.5294,1.0258901363879,11.2392580875501,0.740786148681052,4.90931495810928
0.52945,1.02589341562769,11.2409627749338,0.740786148681052,4.90931495810928
0.5295,1.02589669478133,11.2384803914697,0.740786148681052,4.90931495810928
0.52955,1.02589997384718,11.2398852064937,0.740786148681052,4.90931495810928
0.5296,1.02590325282453,11.2372178235138,0.740786148681052,4.90931495810928
0.52965,1.02590653171117,11.2391859400794,0.740786148681052,4.90931495810928
0.5297,1.02590981050612,11.2359169706521,0.740786148681052,4.90931495810928
0.52975,1.02591308920824,11.2381534187778,0.740786148681052,4.90931495810928
0.5298,1.02591636781546,11.2351321933172,0.740786148681052,4.90931495810928
0.52985,1.02591964632722,11.2367270816907,0.740786148681052,4.90931495810928
0.5299,1.02592292474182,11.2343801305066,0.740786148681052,4.90931495810928
0.52995,1.02592620305778,11.2356569992204,0.740786148681052,4.90931495810928
0.53,1.02592948127446,11.232442603957,0.740469791028824,4.87550941847498
0.53005,1.02593275938998,11.2343147265957,0.740469791028824,4.87550941847498
0.5301,1.02593603594539,11.2311020087082,0.740469791028824,4.87550941847498
0.53015,1.02593931166873,11.2332512246198,0.740469791028824,4.87550941847498
0.5302,1.02594258801632,11.2303373879767,0.740469791028824,4.87550941847498
0.53025,1.02594586425853,11.2317784776298,0.740469791028824,4.87550941847498
0.5303,1.02594914039395,11.2295953543957,0.740469791028824,4.87550941847498
0.53035,1.02595241642124,11.2307116784399,0.740469791028824,4.87550941847498
0.5304,1.02595569233986,11.2282711369816,0.740469791028824,4.87550941847498
0.53045,1.02595896814819,11.2300721132263,0.740469791028824,4.87550941847498
0.5305,1.02596224384541,11.2269431555792,0.740469791028824,4.87550941847498
0.53055,1.02596551943068,11.2290119442287,0.740469791028824,4.87550941847498
0.5306,1.02596879490253,11.2262230366196,0.740469791028824,4.87550941847498
0.53065,1.02597207026046,11.2275208301625,0.740469791028824,4.87550941847498
0.5307,1.02597534550331,11.225502410857,0.740469791028824,4.87550941847498
0.53075,1.02597862062998,11.2264699036108,0.740469791028824,4.87550941847498
0.5308,1.02598189564,11.2241611734191,0.740469791028824,4.87550941847498
0.53085,1.02598517053208,11.2258546505262,0.740469791028824,4.87550941847498
0.5309,1.02598844530551,11.2228323150633,0.740469791028824,4.87550941847498
0.53095,1.02599171995966,11.2247822615686,0.740469791028824,4.87550941847498
0.531,1.02599499449335,11.2214097042517,0.740152290534183,4.83720073726271
0.53105,1.02599826890619,11.2225043024335,0.740152290534183,4.83720073726271
0.5311,1.02600154173414,11.2206699049011,0.740152290534183,4.83720073726271
0.53115,1.02600481370792,11.2214446063029,0.740152290534183,4.83720073726271
0.5312,1.02600808629043,11.2192962532704,0.740152290534183,4.83720073726271
0.53125,1.02601135874907,11.2208322477233,0.740152290534183,4.83720073726271
0.5313,1.02601463108325,11.2179608241509,0.740152290534183,4.83720073726271
0.53135,1.02601790329254,11.2197409082326,0.740152290534183,4.83720073726271
0.5314,1.02602117537608,11.2172848876371,0.740152290534183,4.83720073726271
0.53145,1.0260244473335,11.2182154366577,0.740152290534183,4.83720073726271
0.5315,1.02602771916427,11.2165732295221,0.740152290534183,4.83720073726271
0.53155,1.02603099086773,11.2171867586827,0.740152290534183,4.83720073726271
0.5316,1.02603426244361,11.2152051581285,0.740152290534183,4.83720073726271
0.53165,1.02603753389134,11.21659290894,0.740152290534183,4.83720073726271
0.5317,1.02604080521048,11.2138879015244,0.740152290534183,4.83720073726271
0.53175,1.02604407640078,11.2154959978306,0.740152290534183,4.83720073726271
0.5318,1.02604734746175,11.2132336150106,0.740152290534183,4.83720073726271
0.53185,1.02605061839308,11.2139708928185,0.740152290534183,4.83720073726271
0.5319,1.02605388919456,11.2125227546744,0.740152290534183,4.83720073726271
0.53195,1.02605715986579,11.2129559087649,0.740152290534183,4.83720073726271
0.532,1.02606043040659,11.2103424259326,0.739833647814752,4.79467887254199
0.53205,1.02606370081686,11.2115115274353,0.739833647814752,4.79467887254199
0.5321,1.02606696962792,11.2090093864916,0.739833647814752,4.79467887254199
0.53215,1.02607023757391,11.2103817750158,0.739833647814752,4.79467887254199
0.5322,1.02607350612315,11.2083473592959,0.739833647814752,4.79467887254199
0.53225,1.02607677454116,11.2088498218304,0.739833647814752,4.79467887254199
0.5323,1.02608004282804,11.2076191027283,0.739833647814752,4.79467887254199
0.53235,1.02608331098366,11.2078406108193,0.739833647814752,4.79467887254199
0.5324,1.02608657900793,11.2062458132321,0.739833647814752,4.79467887254199
0.53245,1.02608984690107,11.2072369047091,0.739833647814752,4.79467887254199
0.5325,1.02609311466292,11.2049600807577,0.739833647814752,4.79467887254199
0.53255,1.02609638229362,11.2061196537873,0.739833647814752,4.79467887254199
0.5326,1.02609964979342,11.2043193770409,0.739833647814752,4.79467887254199
0.53265,1.02610291716216,11.2046150424694,0.739833647814752,4.79467887254199
0.5327,1.02610618440026,11.2035897941043,0.739833647814752,4.79467887254199
0.53275,1.02610945150787,11.2036252664228,0.739833647814752,4.79467887254199
0.5328,1.026112718485,11.2022315133255,0.739833647814752,4.79467887254199
0.53285,1.02611598533224,11.2030115310918,0.739833647814752,4.79467887254199
0.5329,1.0261192520496,11.2009726757293,0.739833647814752,4.79467887254199
0.53295,1.0261225186374,11.2018896276855,0.739833647814752,4.79467887254199
0.533,1.02612578509626,11.1994472263819,0.739513863502117,4.74825651172179
0.53305,1.02612905142619,11.1994804486889,0.739513863502117,4.74825651172179
0.5331,1.02613231615436,11.198668595115,0.739513863502117,4.74825651172179
0.53315,1.026135580018,11.1984781595985,0.739513863502117,4.74825651172179
0.5332,1.02613884449079,11.1973057412691,0.739513863502117,4.74825651172179
0.53325,1.02614210883688,11.1978304672148,0.739513863502117,4.74825651172179
0.5333,1.02614537305643,11.1960629814005,0.739513863502117,4.74825651172179
0.53335,1.02614863714994,11.1966979347358,0.739513863502117,4.74825651172179
0.5334,1.02615190111838,11.1954059834761,0.739513863502117,4.74825651172179
0.53345,1.02615516496178,11.1952453288815,0.739513863502117,4.74825651172179
0.5335,1.02615842868113,11.1946376982581,0.739513863502117,4.74825651172179
0.53355,1.02616169227712,11.1942769489764,0.739513863502117,4.74825651172179
0.5336,1.02616495574996,11.1933149027933,0.739513863502117,4.74825651172179
0.53365,1.02616821910096,11.193617011805,0.739513863502117,4.74825651172179
0.5337,1.02617148233046,11.1921140901349,0.739513863502117,4.74825651172179
0.53375,1.02617474543912,11.1924919734161,0.739513863502117,4.74825651172179
0.5338,1.02617800842825,11.1914480001655,0.739513863502117,4.74825651172179
0.53385,1.02618127129798,11.1910825874071,0.739513863502117,4.74825651172179
0.5339,1.02618453404956,11.1906596662352,0.739513863502117,4.74825651172179
0.53395,1.02618779668396,11.1901253900528,0.739513863502117,4.74825651172179
0.534,1.02619105920146,11.1884133269491,0.739192938242264,4.6982044707955
0.53405,1.02619432160378,11.1884339618964,0.739192938242264,4.6982044707955
0.5341,1.02619758241274,11.1872103039965,0.739192938242264,4.6982044707955
0.53415,1.02620084236852,11.1872854820631,0.739192938242264,4.6982044707955
0.5342,1.0262041029515,11.1865011287861,0.739192938242264,4.6982044707955
0.53425,1.0262073634225,11.1859069756851,0.739192938242264,4.6982044707955
0.5343,1.02621062378299,11.1856743625528,0.739192938242264,4.6982044707955
0.53435,1.0262138840342,11.1849496542608,0.739192938242264,4.6982044707955
0.5344,1.02621714417649,11.1844064888433,0.739192938242264,4.6982044707955
0.53445,1.0262204042118,11.1842183147011,0.739192938242264,4.6982044707955
0.5345,1.02622366414078,11.1832716062141,0.739192938242264,4.6982044707955
0.53455,1.0262269239644,11.1831003891635,0.739192938242264,4.6982044707955
0.5346,1.02623018368457,11.1825552757053,0.739192938242264,4.6982044707955
0.53465,1.0262334433016,11.1817882636676,0.739192938242264,4.6982044707955
0.5347,1.0262367028172,11.1817126901518,0.739192938242264,4.6982044707955
0.53475,1.02623996223281,11.1808449097041,0.739192938242264,4.6982044707955
0.5348,1.02624322154888,11.1804899791733,0.739192938242264,4.6982044707955
0.53485,1.02624648076762,11.180076788892,0.739192938242264,4.6982044707955
0.5349,1.02624973988983,11.17939559602,0.739192938242264,4.6982044707955
0.53495,1.02625299891658,11.1789693115086,0.739192938242264,4.6982044707955
0.535,1.02625625785007,11.1776329449548,0.738870872695388,4.64479838129977
0.53505,1.02625951669077,11.1766470467508,0.738870872695388,4.64479838129977
0.5351,1.02626277395672,11.1767233944555,0.738870872695388,4.64479838129977
0.53515,1.02626603039153,11.1756788106941,0.738870872695388,4.64479838129977
0.5352,1.02626928747963,11.1755208888981,0.738870872695388,4.64479838129977
0.53525,1.02627254448145,11.1748497269759,0.738870872695388,4.64479838129977
0.5353,1.02627580139795,11.1744509835572,0.738870872695388,4.64479838129977
0.53535,1.02627905823027,11.1737453869524,0.738870872695388,4.64479838129977
0.5354,1.02628231498084,11.1736597675171,0.738870872695388,4.64479838129977
0.53545,1.02628557165014,11.1725458933878,0.738870872695388,4.64479838129977
0.5355,1.02628882824018,11.1727555754635,0.738870872695388,4.64479838129977
0.53555,1.02629208475283,11.1716045028213,0.738870872695388,4.64479838129977
0.5356,1.02629534118864,11.1716217402361,0.738870872695388,4.64479838129977
0.53565,1.02629859755025,11.1707432933853,0.738870872695388,4.64479838129977
0.5357,1.02630185383871,11.1706024879963,0.738870872695388,4.64479838129977
0.53575,1.02630511005528,11.1696622941107,0.738870872695388,4.64479838129977
0.5358,1.02630836620255,11.1697778221588,0.738870872695388,4.64479838129977
0.53585,1.02631162228109,11.1685299496264,0.738870872695388,4.64479838129977
0.5359,1.02631487829302,11.1688479941425,0.738870872695388,4.64479838129977
0.53595,1.02631813424036,11.1675882141007,0.738870872695388,4.64479838129977
0.536,1.02632139012372,11.1666926539468,0.738547667535126,4.58830356282012
0.53605,1.02632464594596,11.165549667573,0.738547667535126,4.58830356282012
0.5361,1.02632790021927,11.1656703502805,0.738547667535126,4.58830356282012
0.53615,1.02633115368946,11.164456246909,0.738547667535126,4.58830356282012
0.5362,1.02633440784835,11.1647773495064,0.738547667535126,4.58830356282012
0.53625,1.02633766195199,11.1633711394468,0.738547667535126,4.58830356282012
0.5363,1.02634091600257,11.1638045681082,0.738547667535126,4.58830356282012
0.53635,1.02634417000224,11.1624157705777,0.738547667535126,4.58830356282012
0.5364,1.02634742395165,11.1627680863103,0.738547667535126,4.58830356282012
0.53645,1.02635067785366,11.1614501303905,0.738547667535126,4.58830356282012
0.5365,1.02635393170953,11.1618181862191,0.738547667535126,4.58830356282012
0.53655,1.02635718552059,11.1604044032598,0.738547667535126,4.58830356282012
0.5366,1.02636043928969,11.1609010834751,0.738547667535126,4.58830356282012
0.53665,1.02636369301752,11.1594008035166,0.738547667535126,4.58830356282012
0.5367,1.02636694670629,11.1599139594307,0.738547667535126,4.58830356282012
0.53675,1.02637020035826,11.1584478967706,0.738547667535126,4.58830356282012
0.5368,1.02637345397411,11.1589393909511,0.738547667535126,4.58830356282012
0.53685,1.02637670755672,11.1574364011159,0.738547667535126,4.58830356282012
0.5369,1.02637996110746,11.1580268451583,0.738547667535126,4.58830356282012
0.53695,1.02638321462765,11.1564148154034,0.738547667535126,4.58830356282012
0.537,1.02638646812019,11.1559350828243,0.738223323447258,4.52893125388588
0.53705,1.02638972158591,11.1542914300274,0.738223323447258,4.52893125388588
0.5371,1.0263929735329,11.154879331506,0.738223323447258,4.52893125388588
0.53715,1.02639622471055,11.1532983520107,0.738223323447258,4.52893125388588
0.5372,1.02639947661377,11.1539338480351,0.738223323447258,4.52893125388588
0.53725,1.02640272849831,11.1522193096847,0.738223323447258,4.52893125388588
0.5373,1.02640598036556,11.1530370779257,0.738223323447258,4.52893125388588
0.53735,1.02640923221683,11.1512125640656,0.738223323447258,4.52893125388588
0.5374,1.02641248405504,11.1520153549316,0.738223323447258,4.52893125388588
0.53745,1.02641573588094,11.1503324768503,0.738223323447258,4.52893125388588
0.5375,1.02641898769672,11.1509737771522,0.738223323447258,4.52893125388588
0.53755,1.02642223950468,11.1493576868444,0.738223323447258,4.52893125388588
0.5376,1.02642549130555,11.1501060849611,0.738223323447258,4.52893125388588
0.53765,1.02642874310215,11.1482483001367,0.738223323447258,4.52893125388588
0.5377,1.0264319948959,11.1492508778755,0.738223323447258,4.52893125388588
0.53775,1.02643524668811,11.1472773068289,0.738223323447258,4.52893125388588
0.5378,1.02643849848161,11.148187597596,0.738223323447258,4.52893125388588
0.53785,1.0264417502772,11.1464627146373,0.738223323447258,4.52893125388588
0.5379,1.026445002077,11.1471281513723,0.738223323447258,4.52893125388588
0.53795,1.02644825388328,11.1454772080966,0.738223323447258,4.52893125388588
0.538,1.02645150569676,11.1451381919995,0.737897841128017,4.46694885315409
0.53805,1.02645475752026,11.1430869441268,0.737897841128017,4.46694885315409
0.5381,1.02645800785593,11.1442627770667,0.737897841128017,4.46694885315409
0.53815,1.02646125745468,11.142110354464,0.737897841128017,4.46694885315409
0.5382,1.02646450781862,11.1431242059848,0.737897841128017,4.46694885315409
0.53825,1.02646775819883,11.1413338216786,0.737897841128017,4.46694885315409
0.5383,1.02647100859732,11.1420301226042,0.737897841128017,4.46694885315409
0.53835,1.02647425901629,11.1403241983749,0.737897841128017,4.46694885315409
0.5384,1.02647750945644,11.1412588734872,0.737897841128017,4.46694885315409
0.53845,1.02648075992035,11.1391235865727,0.737897841128017,4.46694885315409
0.5385,1.02648401040943,11.1404438607218,0.737897841128017,4.46694885315409
0.53855,1.02648726092483,11.1382048077055,0.737897841128017,4.46694885315409
0.5386,1.02649051146919,11.1392833722455,0.737897841128017,4.46694885315409
0.53865,1.02649376204327,11.1374984873746,0.737897841128017,4.46694885315409
0.5387,1.02649701264897,11.1381881620941,0.737897841128017,4.46694885315409
0.53875,1.02650026328838,11.1364837399664,0.737897841128017,4.46694885315409
0.5388,1.02650351396217,11.1374727555096,0.737897841128017,4.46694885315409
0.53885,1.02650676467276,11.1352505950355,0.737897841128017,4.46694885315409
0.5389,1.02651001542148,11.1366782426325,0.737897841128017,4.46694885315409
0.53895,1.02651326620942,11.1343610162431,0.737897841128017,4.46694885315409
0.539,1.026516517039,11.1342530726835,0.737571221282174,4.40250935848617
0.53905,1.0265197679111,11.1324171535762,0.737571221282174,4.40250935848617
0.5391,1.026523017323,11.1330995634351,0.737571221282174,4.40250935848617
0.53915,1.02652626602891,11.1313524408209,0.737571221282174,4.40250935848617
0.5392,1.02652951553396,11.1323999956161,0.737571221282174,4.40250935848617
0.53925,1.02653276508804,11.1300667301986,0.737571221282174,4.40250935848617
0.5393,1.02653601469241,11.1316014412058,0.737571221282174,4.40250935848617
0.53935,1.02653926434805,11.1291933106049,0.737571221282174,4.40250935848617
0.5394,1.02654251405716,11.1303500388054,0.737571221282174,4.40250935848617
0.53945,1.02654576382046,11.1285693713095,0.737571221282174,4.40250935848617
0.5395,1.02654901363948,11.1292293652183,0.737571221282174,4.40250935848617
0.53955,1.02655226351599,11.1275199202396,0.737571221282174,4.40250935848617
0.5396,1.0265555134506,11.1285942664872,0.737571221282174,4.40250935848617
0.53965,1.02655876344521,11.126225289852,0.737571221282174,4.40250935848617
0.5397,1.026562013501,11.1278188923497,0.737571221282174,4.40250935848617
0.53975,1.02656526361883,11.1253878972258,0.737571221282174,4.40250935848617
0.5398,1.02656851380063,11.1265404261494,0.737571221282174,4.40250935848617
0.53985,1.02657176404709,11.1248030857858,0.737571221282174,4.40250935848617
0.5399,1.02657501435951,11.1254186021428,0.737571221282174,4.40250935848617
0.53995,1.02657826473946,11.1237396832791,0.737571221282174,4.40250935848617
0.54,1.02658151518749,11.1235547108692,0.737243464621101,4.33586792166809
0.54005,1.02658476570532,11.1210959069434,0.737243464621101,4.33586792166809
0.5401,1.02658801478445,11.1227354737321,0.737243464621101,4.33586792166809
0.54015,1.02659126318041,11.1202473952578,0.737243464621101,4.33586792166809
0.5402,1.02659451240448,11.1213974588779,0.737243464621101,4.33586792166809
0.54025,1.02659776170243,11.1196691326032,0.737243464621101,4.33586792166809
0.5403,1.02660101107531,11.1202565455365,0.737243464621101,4.33586792166809
0.54035,1.02660426052446,11.1185798881235,0.737243464621101,4.33586792166809
0.5404,1.02660751005036,11.1196742440406,0.737243464621101,4.33586792166809
0.54045,1.0266107596543,11.1172431995557,0.737243464621101,4.33586792166809
0.5405,1.02661400933721,11.1188974584817,0.737243464621101,4.33586792166809
0.54055,1.02661725909966,11.1164492693809,0.737243464621101,4.33586792166809
0.5406,1.02662050894296,11.1175605424617,0.737243464621101,4.33586792166809
0.54065,1.02662375886768,11.1159098879038,0.737243464621101,4.33586792166809
0.5407,1.02662700887462,11.1164361389472,0.737243464621101,4.33586792166809
0.54075,1.02663025896487,11.1148179697654,0.737243464621101,4.33586792166809
0.5408,1.02663350913883,11.1158828750671,0.737243464621101,4.33586792166809
0.54085,1.02663675939746,11.1134780088653,0.737243464621101,4.33586792166809
0.5409,1.02664000974153,11.1151058118703,0.737243464621101,4.33586792166809
0.54095,1.02664326017147,11.1127056561624,0.737243464621101,4.33586792166809
0.541,1.02664651068824,11.1124486359342,0.736914571860986,4.26714429982185
0.54105,1.02664976129242,11.1108101511432,0.736914571860986,4.26714429982185
0.5411,1.02665301046989,11.1112789484651,0.736914571860986,4.26714429982185
0.54115,1.02665625897879,11.1096703944281,0.736914571860986,4.26714429982185
0.5412,1.02665950833426,11.1107089768008,0.736914571860986,4.26714429982185
0.54125,1.02666275777946,11.108307444483,0.736914571860986,4.26714429982185
0.5413,1.02666600731497,11.1099060510503,0.736914571860986,4.26714429982185
0.54135,1.02666925694107,11.1075404532548,0.736914571860986,4.26714429982185
0.5414,1.02667250665837,11.1085290559668,0.736914571860986,4.26714429982185
0.54145,1.02667575646723,11.1070124849792,0.736914571860986,4.26714429982185
0.5415,1.02667900636794,11.1074102503797,0.736914571860986,4.26714429982185
0.54155,1.02668225636101,11.1058968687161,0.736914571860986,4.26714429982185
0.5416,1.02668550644667,11.1068731515198,0.736914571860986,4.26714429982185
0.54165,1.02668875662519,11.104558311618,0.736914571860986,4.26714429982185
0.5417,1.02669200689695,11.1060746585263,0.736914571860986,4.26714429982185
0.54175,1.02669525726209,11.1038155405652,0.736914571860986,4.26714429982185
0.5418,1.02669850772083,11.1047007524705,0.736914571860986,4.26714429982185
0.54185,1.02670175827345,11.1032900054364,0.736914571860986,4.26714429982185
0.5419,1.02670500891997,11.1035956376063,0.736914571860986,4.26714429982185
0.54195,1.02670825966058,11.1021695121399,0.736914571860986,4.26714429982185
0.542,1.02671151049543,11.1017214321141,0.736584543721396,4.19655985191902
0.54205,1.02671476142454,11.0994371452898,0.736584543721396,4.19655985191902
0.5421,1.02671801092827,11.1008581992864,0.736584543721396,4.19655985191902
0.54215,1.02672125976656,11.0986662369668,0.736584543721396,4.19655985191902
0.5422,1.02672450945913,11.0994549270562,0.736584543721396,4.19655985191902
0.54225,1.02672775924618,11.0981084235228,0.736584543721396,4.19655985191902
0.5423,1.02673100912744,11.098343465865,0.736584543721396,4.19655985191902
0.54235,1.02673425910279,11.0969721299858,0.736584543721396,4.19655985191902
0.5424,1.02673750917229,11.0977878745513,0.736584543721396,4.19655985191902
0.54245,1.02674075933549,11.0956557064581,0.736584543721396,4.19655985191902
0.5425,1.02674400959236,11.0969536664087,0.736584543721396,4.19655985191902
0.54255,1.02674725994276,11.094923922155,0.736584543721396,4.19655985191902
0.5426,1.02675051038612,11.0955867672789,0.736584543721396,4.19655985191902
0.54265,1.0267537609225,11.0943684504219,0.736584543721396,4.19655985191902
0.5427,1.02675701155143,11.0945055207372,0.736584543721396,4.19655985191902
0.54275,1.02676026227243,11.0932422749412,0.736584543721396,4.19655985191902
0.5428,1.0267635130855,11.0939434705608,0.736584543721396,4.19655985191902
0.54285,1.02676676398984,11.0919538665963,0.736584543721396,4.19655985191902
0.5429,1.02677001498521,11.0930958260754,0.736584543721396,4.19655985191902
0.54295,1.02677326607132,11.0912243391709,0.736584543721396,4.19655985191902
0.543,1.02677651724724,11.0903771627074,0.73625338092433,4.12425068364581
0.54305,1.02677976851303,11.0892057724753,0.73625338092433,4.12425068364581
0.5431,1.02678301834301,11.0892596963441,0.73625338092433,4.12425068364581
0.54315,1.02678626749891,11.0880433634131,0.73625338092433,4.12425068364581
0.5432,1.02678951750567,11.0886437881931,0.73625338092433,4.12425068364581
0.54325,1.02679276759959,11.086760343249,0.73625338092433,4.12425068364581
0.5433,1.02679601778023,11.0877585537934,0.73625338092433,4.12425068364581
0.54335,1.02679926804714,11.0860145427794,0.73625338092433,4.12425068364581
0.5434,1.02680251839904,11.0864216806799,0.73625338092433,4.12425068364581
0.54345,1.02680576883577,11.0853976803638,0.73625338092433,4.12425068364581
0.5435,1.02680901935636,11.0853673451734,0.73625338092433,4.12425068364581
0.54355,1.02681226995973,11.08427586239,0.73625338092433,4.12425068364581
0.5436,1.0268155206457,11.0847509145059,0.73625338092433,4.12425068364581
0.54365,1.02681877141283,11.0830459380045,0.73625338092433,4.12425068364581
0.5437,1.02682202226046,11.0838626501839,0.73625338092433,4.12425068364581
0.54375,1.02682527318804,11.0823029638536,0.73625338092433,4.12425068364581
0.5438,1.02682852419396,11.0825643992506,0.73625338092433,4.12425068364581
0.54385,1.02683177527792,11.0816556894983,0.73625338092433,4.12425068364581
0.5439,1.02683502643876,11.0815319619361,0.73625338092433,4.12425068364581
0.54395,1.02683827767511,11.0805450923216,0.73625338092433,4.12425068364581
0.544,1.02684152898671,11.0794839922727,0.735921084193845,4.05037979572862
0.54405,1.02684478037196,11.0778831006094,0.735921084193845,4.05037979572862
0.5441,1.02684803029991,11.0785227562748,0.735921084193845,4.05037979572862
0.54415,1.02685127953497,11.0770880727319,0.735921084193845,4.05037979572862
0.5442,1.02685452960539,11.0772274877552,0.735921084193845,4.05037979572862
0.54425,1.02685777974562,11.0763775691134,0.735921084193845,4.05037979572862
0.5443,1.02686102995432,11.0761935008088,0.735921084193845,4.05037979572862
0.54435,1.02686428022983,11.075267760277,0.735921084193845,4.05037979572862
0.5444,1.02686753057183,11.0754925667972,0.735921084193845,4.05037979572862
0.54445,1.02687078097832,11.0741089437519,0.735921084193845,4.05037979572862
0.5445,1.02687403144827,11.0745587394906,0.735921084193845,4.05037979572862
0.54455,1.02687728198091,11.0733327806306,0.735921084193845,4.05037979572862
0.5446,1.02688053257404,11.0733327936854,0.735921084193845,4.05037979572862
0.54465,1.02688378322714,11.0725994237003,0.735921084193845,4.05037979572862
0.5447,1.02688703393871,11.0723329261528,0.735921084193845,4.05037979572862
0.54475,1.02689028470686,11.0715182638272,0.735921084193845,4.05037979572862
0.5448,1.02689353553118,11.0715960376157,0.735921084193845,4.05037979572862
0.54485,1.02689678640948,11.0704087047269,0.735921084193845,4.05037979572862
0.5449,1.02690003734054,11.0706475157278,0.735921084193845,4.05037979572862
0.54495,1.02690328832351,11.0696139008582,0.735921084193845,4.05037979572862
0.545,1.02690653935595,11.0680446751698,0.735587654256301,3.97513360355991
0.54505,1.02690979043737,11.0673385167295,0.735587654256301,3.97513360355991
0.5451,1.02691304003092,11.0670072897866,0.735587654256301,3.97513360355991
0.54515,1.02691628890215,11.0662380082812,0.735587654256301,3.97513360355991
0.5452,1.02691953858584,11.0661881133847,0.735587654256301,3.97513360355991
0.54525,1.02692278831195,11.0651509333923,0.735587654256301,3.97513360355991
0.5453,1.02692603807909,11.0652020814491,0.735587654256301,3.97513360355991
0.54535,1.02692928788633,11.0643194649379,0.735587654256301,3.97513360355991
0.5454,1.02693253773106,11.0640609712576,0.735587654256301,3.97513360355991
0.54545,1.02693578761253,11.0634849686915,0.735587654256301,3.97513360355991
0.5455,1.02693903752901,11.0630872131706,0.735587654256301,3.97513360355991
0.54555,1.02694228747823,11.0624446391597,0.735587654256301,3.97513360355991
0.5456,1.02694553745965,11.0622449705728,0.735587654256301,3.97513360355991
0.54565,1.02694878747076,11.0614259803243,0.735587654256301,3.97513360355991
0.5457,1.02695203751004,11.061259860095,0.735587654256301,3.97513360355991
0.54575,1.02695528757653,11.0605791926942,0.735587654256301,3.97513360355991
0.5458,1.02695853766745,11.0601806461302,0.735587654256301,3.97513360355991
0.54585,1.02696178778198,11.0597012782803,0.735587654256301,3.97513360355991
0.5459,1.02696503791831,11.059225912062,0.735587654256301,3.97513360355991
0.54595,1.02696828807403,11.058689574439,0.735587654256301,3.97513360355991
0.546,1.02697153824855,11.0568838666345,0.735253091841182,3.89861109454707
0.54605,1.02697478843939,11.0561980896107,0.735253091841182,3.89861109454707
0.5461,1.02697803710461,11.0558297504574,0.735253091841182,3.89861109454707
0.54615,1.0269812850134,11.0552807150454,0.735253091841182,3.89861109454707
0.5462,1.02698453370326,11.0547719062419,0.735253091841182,3.89861109454707
0.54625,1.02698778240306,11.0543298084287,0.735253091841182,3.89861109454707
0.5463,1.02699103111094,11.0538105335598,0.735253091841182,3.89861109454707
0.54635,1.02699427982439,11.0533342988586,0.735253091841182,3.89861109454707
0.5464,1.02699752854277,11.0528492424726,0.735253091841182,3.89861109454707
0.54645,1.02700077726342,11.0524034175437,0.735253091841182,3.89861109454707
0.5465,1.02700402598465,11.0518324969512,0.735253091841182,3.89861109454707
0.54655,1.02700727470541,11.0514907397955,0.735253091841182,3.89861109454707
0.5466,1.02701052342277,11.0508608908579,0.735253091841182,3.89861109454707
0.54665,1.02701377213577,11.0505130697416,0.735253091841182,3.89861109454707
0.5467,1.02701702084257,11.0499287517847,0.735253091841182,3.89861109454707
0.54675,1.02702026954058,11.0495605937116,0.735253091841182,3.89861109454707
0.5468,1.02702351822914,11.0489221425383,0.735253091841182,3.89861109454707
0.54685,1.02702676690561,11.0486812421956,0.735253091841182,3.89861109454707
0.5469,1.0270300155682,11.0479013876385,0.735253091841182,3.89861109454707
0.54695,1.02703326421589,11.0477367088983,0.735253091841182,3.89861109454707
0.547,1.02703651284572,11.0455225311863,0.734917397682422,3.82105588632192
0.54705,1.02703976145684,11.0451722273614,0.734917397682422,3.82105588632192
0.5471,1.02704300850198,11.0445448253439,0.734917397682422,3.82105588632192
0.54715,1.0270462547513,11.0442110539943,0.734917397682422,3.82105588632192
0.5472,1.02704950174961,11.0434503385123,0.734917397682422,3.82105588632192
0.54725,1.0270527487215,11.0433514511384,0.734917397682422,3.82105588632192
0.5473,1.02705599566517,11.0424037479155,0.734917397682422,3.82105588632192
0.54735,1.0270592425796,11.0423591830728,0.734917397682422,3.82105588632192
0.5474,1.02706248946188,11.0415362276437,0.734917397682422,3.82105588632192
0.54745,1.02706573631098,11.0412841134661,0.734917397682422,3.82105588632192
0.5475,1.02706898312512,11.0406162447631,0.734917397682422,3.82105588632192
0.54755,1.02707222990174,11.0403938463878,0.734917397682422,3.82105588632192
0.5476,1.02707547664014,11.0394999665077,0.734917397682422,3.82105588632192
0.54765,1.02707872333779,11.039597521217,0.734917397682422,3.82105588632192
0.5477,1.02708196999291,11.0384682860323,0.734917397682422,3.82105588632192
0.54775,1.02708521660449,11.0385827509758,0.734917397682422,3.82105588632192
0.5478,1.02708846316973,11.0376658194867,0.734917397682422,3.82105588632192
0.54785,1.02709170968759,11.0374732200938,0.734917397682422,3.82105588632192
0.5479,1.02709495615638,11.0367568047712,0.734917397682422,3.82105588632192
0.54795,1.02709820257359,11.036619031663,0.734917397682422,3.82105588632192
0.548,1.02710144893854,11.0341091430505,0.734580572520069,3.74251694094629
0.54805,1.02710469524894,11.0343020311752,0.734580572520069,3.74251694094629
0.5481,1.02710793995252,11.0330211803812,0.734580572520069,3.74251694094629
0.54815,1.02711118382361,11.033211607369,0.734580572520069,3.74251694094629
0.5482,1.02711442841017,11.0322371556832,0.734580572520069,3.74251694094629
0.54825,1.02711767293581,11.0320417089689,0.734580572520069,3.74251694094629
0.5483,1.02712091739893,11.0313120568498,0.734580572520069,3.74251694094629
0.54835,1.02712416179715,11.0312083902764,0.734580572520069,3.74251694094629
0.5484,1.02712740612977,11.0300914883654,0.734580572520069,3.74251694094629
0.54845,1.02713065039457,11.0304783144172,0.734580572520069,3.74251694094629
0.5485,1.02713389458985,11.0290565142265,0.734580572520069,3.74251694094629
0.54855,1.02713713871472,11.0293932431685,0.734580572520069,3.74251694094629
0.5486,1.02714038276669,11.028352522877,0.734580572520069,3.74251694094629
0.54865,1.02714362674477,11.0282145420976,0.734580572520069,3.74251694094629
0.5487,1.02714687064748,11.0274477696201,0.734580572520069,3.74251694094629
0.54875,1.02715011447261,11.0274270183806,0.734580572520069,3.74251694094629
0.5488,1.02715335821949,11.0261964613105,0.734580572520069,3.74251694094629
0.54885,1.02715660188609,11.026733602007,0.734580572520069,3.74251694094629
0.5489,1.02715984547082,11.0251719509737,0.734580572520069,3.74251694094629
0.54895,1.02716308897286,11.0256201501396,0.734580572520069,3.74251694094629
0.549,1.02716633238993,11.0230183897804,0.734242617102133,3.66326682169618
0.54905,1.02716957572123,11.0228433363996,0.734242617102133,3.66326682169618
0.5491,1.02717281740979,11.0220575824721,0.734242617102133,3.66326682169618
0.54915,1.02717605823145,11.0220458071822,0.734242617102133,3.66326682169618
0.5492,1.0271792997413,11.0207364529816,0.734242617102133,3.66326682169618
0.54925,1.02718254115962,11.0213538967056,0.734242617102133,3.66326682169618
0.5493,1.02718578248495,11.0196998477085,0.734242617102133,3.66326682169618
0.54935,1.02718902371653,11.0201993218218,0.734242617102133,3.66326682169618
0.5494,1.02719226485238,11.0190723183933,0.734242617102133,3.66326682169618
0.54945,1.02719550589158,11.0189680550187,0.734242617102133,3.66326682169618
0.5495,1.02719874683302,11.018161522672,0.734242617102133,3.66326682169618
0.54955,1.02720198767488,11.0182386092201,0.734242617102133,3.66326682169618
0.5496,1.02720522841659,11.0168423996698,0.734242617102133,3.66326682169618
0.54965,1.0272084690566,11.0175901827479,0.734242617102133,3.66326682169618
0.5497,1.02721170959361,11.0158349937655,0.734242617102133,3.66326682169618
0.54975,1.02721495002696,11.0164234775296,0.734242617102133,3.66326682169618
0.5498,1.02721819035495,11.0152532522208,0.734242617102133,3.66326682169618
0.54985,1.02722143057677,11.0151840574636,0.734242617102133,3.66326682169618
0.5499,1.02722467069147,11.0143458069044,0.734242617102133,3.66326682169618
0.54995,1.02722791069753,11.0144837483032,0.734242617102133,3.66326682169618
0.55,1.02723115059441,11.0114978912666,0.733903532186411,3.58335040073191
0.55005,1.02723439038096,11.0122660524043,0.733903532186411,3.58335040073191
0.5501,1.02723762849535,11.0104467258582,0.733903532186411,3.58335040073191
0.55015,1.02724086571742,11.0110360327845,0.733903532186411,3.58335040073191
0.5502,1.0272441036066,11.009860163467,0.733903532186411,3.58335040073191
0.55025,1.02724734138174,11.0097635799731,0.733903532186411,3.58335040073191
0.5503,1.02725057904206,11.0089298928876,0.733903532186411,3.58335040073191
0.55035,1.02725381658633,11.0090735211547,0.733903532186411,3.58335040073191
0.5504,1.02725705401408,11.0075646849492,0.733903532186411,3.58335040073191
0.55045,1.02726029132434,11.0084442673493,0.733903532186411,3.58335040073191
0.5505,1.0272635285162,11.0065800758498,0.733903532186411,3.58335040073191
0.55055,1.0272667655892,11.007236068804,0.733903532186411,3.58335040073191
0.5506,1.02727000254232,11.0060485782162,0.733903532186411,3.58335040073191
0.55065,1.02727323937495,11.0059840438589,0.733903532186411,3.58335040073191
0.5507,1.02727647608655,11.0051340328612,0.733903532186411,3.58335040073191
0.55075,1.02727971267621,11.0053264814728,0.733903532186411,3.58335040073191
0.5508,1.02728294914352,11.003772353188,0.733903532186411,3.58335040073191
0.55085,1.02728618548784,11.0047083803956,0.733903532186411,3.58335040073191
0.5509,1.02728942170846,11.0028098284109,0.733903532186411,3.58335040073191
0.55095,1.02729265780506,11.0034904079435,0.733903532186411,3.58335040073191
0.551,1.02729589377697,11.0007814858335,0.733563318542093,3.50301489812684
0.55105,1.02729912962384,11.0006496124209,0.733563318542093,3.50301489812684
0.5511,1.02730236377951,10.9998065950512,0.733563318542093,3.50301489812684
0.55115,1.02730559702635,10.9999652848653,0.733563318542093,3.50301489812684
0.5512,1.02730883092996,10.998410920326,0.733563318542093,3.50301489812684
0.55125,1.02731206470699,10.9993222839586,0.733563318542093,3.50301489812684
0.5513,1.02731529835699,10.9974458299691,0.733563318542093,3.50301489812684
0.55135,1.02731853187972,10.9980842759122,0.733563318542093,3.50301489812684
0.5514,1.02732176527491,10.996932278037,0.733563318542093,3.50301489812684
0.55145,1.0273249985422,10.9968392904653,0.733563318542093,3.50301489812684
0.5515,1.02732823168148,10.9960057163036,0.733563318542093,3.50301489812684
0.55155,1.0273314646925,10.9962052084202,0.733563318542093,3.50301489812684
0.5516,1.02733469757504,10.9946499927614,0.733563318542093,3.50301489812684
0.55165,1.02733793032909,10.9955802509259,0.733563318542093,3.50301489812684
0.5517,1.02734116295443,10.9937219517184,0.733563318542093,3.50301489812684
0.55175,1.02734439545097,10.9943541813105,0.733563318542093,3.50301489812684
0.5518,1.02734762781881,10.9932219524564,0.733563318542093,3.50301489812684
0.55185,1.02735086005773,10.9931313809156,0.733563318542093,3.50301489812684
0.5519,1.02735409216785,10.9922975344963,0.733563318542093,3.50301489812684
0.55195,1.02735732414926,10.9925065300723,0.733563318542093,3.50301489812684
0.552,1.02736055600183,10.9894378640525,0.733221976950984,3.42234034831386
0.55205,1.02736378772601,10.9902737480359,0.733221976950984,3.42234034831386
0.5521,1.02736701775091,10.9884706493903,0.733221976950984,3.42234034831386
0.55215,1.02737024686205,10.9890102389266,0.733221976950984,3.42234034831386
0.5522,1.02737347663092,10.987931573919,0.733221976950984,3.42234034831386
0.55225,1.0273767062719,10.9877841364002,0.733221976950984,3.42234034831386
0.5523,1.02737993578529,10.9869838804918,0.733221976950984,3.42234034831386
0.55235,1.02738316517156,10.987148244361,0.733221976950984,3.42234034831386
0.5524,1.02738639443065,10.985657557395,0.733221976950984,3.42234034831386
0.55245,1.02738962356319,10.9864943503185,0.733221976950984,3.42234034831386
0.5525,1.02739285256948,10.9847598493977,0.733221976950984,3.42234034831386
0.55255,1.02739608144965,10.985281108352,0.733221976950984,3.42234034831386
0.5526,1.02739931020454,10.9842413069624,0.733221976950984,3.42234034831386
0.55265,1.02740253883426,10.9841046808053,0.733221976950984,3.42234034831386
0.5527,1.02740576733931,10.9833104021044,0.733221976950984,3.42234034831386
0.55275,1.0274089957205,10.9834792946186,0.733221976950984,3.42234034831386
0.5528,1.02741222397788,10.9820245102113,0.733221976950984,3.42234034831386
0.55285,1.02741545211237,10.9828150169046,0.733221976950984,3.42234034831386
0.5529,1.02741868012453,10.9811490122255,0.733221976950984,3.42234034831386
0.55295,1.02742190801462,10.9816212712004,0.733221976950984,3.42234034831386
0.553,1.02742513578381,10.9790902971867,0.732879508208212,3.34149237239691
0.55305,1.0274283634325,10.9788744903814,0.732879508208212,3.34149237239691
0.5531,1.02743158938538,10.9781009925111,0.732879508208212,3.34149237239691
0.55315,1.02743481443164,10.9781991539312,0.732879508208212,3.34149237239691
0.5532,1.0274380401475,10.9768165162264,0.732879508208212,3.34149237239691
0.55325,1.02744126574608,10.9774899937098,0.732879508208212,3.34149237239691
0.5533,1.02744449122817,10.9759362853927,0.732879508208212,3.34149237239691
0.55335,1.02744771659415,10.9763056653571,0.732879508208212,3.34149237239691
0.5534,1.0274509418455,10.9753668731934,0.732879508208212,3.34149237239691
0.55345,1.02745416698266,10.9751885621583,0.732879508208212,3.34149237239691
0.5535,1.0274573920065,10.9744300936566,0.732879508208212,3.34149237239691
0.55355,1.02746061691846,10.9745400810554,0.732879508208212,3.34149237239691
0.5536,1.02746384171878,10.9732198433965,0.732879508208212,3.34149237239691
0.55365,1.02746706640893,10.9738310959803,0.732879508208212,3.34149237239691
0.5537,1.02747029098996,10.9723729905875,0.732879508208212,3.34149237239691
0.55375,1.02747351546232,10.9726878045711,0.732879508208212,3.34149237239691
0.5538,1.02747673982784,10.9717850492901,0.732879508208212,3.34149237239691
0.55385,1.02747996408709,10.9716147828567,0.732879508208212,3.34149237239691
0.5539,1.02748318824108,10.9708561017819,0.732879508208212,3.34149237239691
0.55395,1.02748641229158,10.9709514893942,0.732879508208212,3.34149237239691
0.554,1.0274896362389,10.968171487521,0.732535913122331,3.26062020512349
0.55405,1.02749286008488,10.9686158316087,0.732535913122331,3.26062020512349
0.5541,1.02749608224969,10.9672801048489,0.732535913122331,3.26062020512349
0.55415,1.02749930352448,10.9674628236012,0.732535913122331,3.26062020512349
0.5542,1.02750252549251,10.9666233217077,0.732535913122331,3.26062020512349
0.55425,1.02750574736386,10.9664047587478,0.732535913122331,3.26062020512349
0.5543,1.02750896913968,10.9656783656467,0.732535913122331,3.26062020512349
0.55435,1.02751219082198,10.9657062679696,0.732535913122331,3.26062020512349
0.5544,1.02751541241118,10.9645593971244,0.732535913122331,3.26062020512349
0.55445,1.02751863390916,10.9649383066158,0.732535913122331,3.26062020512349
0.5545,1.02752185531742,10.9637310457991,0.732535913122331,3.26062020512349
0.55455,1.02752507663657,10.9638617350802,0.732535913122331,3.26062020512349
0.5546,1.02752829786894,10.9630680960555,0.732535913122331,3.26062020512349
0.55465,1.0275315190154,10.9628679807011,0.732535913122331,3.26062020512349
0.5547,1.02753474007721,10.9621486527294,0.732535913122331,3.26062020512349
0.55475,1.02753796105662,10.9621564733433,0.732535913122331,3.26062020512349
0.5548,1.02754118195414,10.9610967452455,0.732535913122331,3.26062020512349
0.55485,1.0275444027718,10.9613667188268,0.732535913122331,3.26062020512349
0.5549,1.02754762351129,10.9602827480705,0.732535913122331,3.26062020512349
0.55495,1.02755084417331,10.9603337342248,0.732535913122331,3.26062020512349
0.555,1.02755406476037,10.958057288195,0.732191192514821,3.17978016116065
0.55505,1.02755728527359,10.957781805137,0.732191192514821,3.17978016116065
0.5551,1.02756050412817,10.9570890683717,0.732191192514821,3.17978016116065
0.55515,1.02756372211966,10.9569980837877,0.732191192514821,3.17978016116065
0.5552,1.02756694083491,10.9560613777837,0.732191192514821,3.17978016116065
0.55525,1.0275701594829,10.9561549183173,0.732191192514821,3.17978016116065
0.5553,1.02757337806548,10.9552334336267,0.732191192514821,3.17978016116065
0.55535,1.02757659658338,10.9551531962465,0.732191192514821,3.17978016116065
0.5554,1.02757981503929,10.9544757857402,0.732191192514821,3.17978016116065
0.55545,1.02758303343429,10.9542370181027,0.732191192514821,3.17978016116065
0.5555,1.02758625176982,10.9535700180221,0.732191192514821,3.17978016116065
0.55555,1.02758947004845,10.9534598313016,0.732191192514821,3.17978016116065
0.5556,1.02759268827085,10.9526348487282,0.732191192514821,3.17978016116065
0.55565,1.02759590643928,10.9526115219383,0.732191192514821,3.17978016116065
0.5557,1.0275991245557,10.9518297395286,0.732191192514821,3.17978016116065
0.55575,1.02760234262091,10.951670234076,0.732191192514821,3.17978016116065
0.5558,1.0276055606377,10.9510367569379,0.732191192514821,3.17978016116065
0.55585,1.02760877860725,10.9508021048213,0.732191192514821,3.17978016116065
0.5559,1.02761199653104,10.9501487023998,0.732191192514821,3.17978016116065
0.55595,1.02761521441176,10.9499923952368,0.732191192514821,3.17978016116065
0.556,1.02761843225013,10.9477588390224,0.731845347219014,3.09918545609919
0.55605,1.02762165004859,10.947522053647,0.731845347219014,3.09918545609919
0.5561,1.02762486621795,10.9468977393131,0.731845347219014,3.09918545609919
0.55615,1.02762808155472,10.9465878676355,0.731845347219014,3.09918545609919
0.5562,1.02763129765306,10.9460228795842,0.731845347219014,3.09918545609919
0.55625,1.02763451371853,10.945735438478,0.731845347219014,3.09918545609919
0.5563,1.0276377297526,10.9451283524786,0.731845347219014,3.09918545609919
0.55635,1.02764094575804,10.9448758183572,0.731845347219014,3.09918545609919
0.5564,1.02764416173559,10.9443061345104,0.731845347219014,3.09918545609919
0.55645,1.02764737768759,10.9439679725898,0.731845347219014,3.09918545609919
0.5565,1.02765059361617,10.9434953688017,0.731845347219014,3.09918545609919
0.55655,1.02765380952216,10.9431235616952,0.731845347219014,3.09918545609919
0.5566,1.02765702540843,10.9426049792857,0.731845347219014,3.09918545609919
0.55665,1.02766024127628,10.9423326925957,0.731845347219014,3.09918545609919
0.5567,1.02766345712721,10.941744775959,0.731845347219014,3.09918545609919
0.55675,1.027666672964,10.9414484323808,0.731845347219014,3.09918545609919
0.5568,1.02766988878743,10.9409926912026,0.731845347219014,3.09918545609919
0.55685,1.02767310459981,10.9405231565673,0.731845347219014,3.09918545609919
0.5569,1.0276763204033,10.9401834716736,0.731845347219014,3.09918545609919
0.55695,1.02767953619874,10.9397321969768,0.731845347219014,3.09918545609919
0.557,1.02768275198896,10.9377351510392,0.731498378078569,3.01879999148292
0.55705,1.02768596777543,10.937387185128,0.731498378078569,3.01879999148292
0.5571,1.02768918196328,10.9368347498,0.731498378078569,3.01879999148292
0.55715,1.02769239535349,10.9364226219454,0.731498378078569,3.01879999148292
0.5572,1.02769560954324,10.9361052457999,0.731498378078569,3.01879999148292
0.55725,1.02769882373654,10.9354510984245,0.731498378078569,3.01879999148292
0.5573,1.02770203793551,10.9352696375712,0.731498378078569,3.01879999148292
0.55735,1.027705252141,10.9346972696166,0.731498378078569,3.01879999148292
0.5574,1.02770846635576,10.9342791204129,0.731498378078569,3.01879999148292
0.55745,1.02771168058111,10.9339686241187,0.731498378078569,3.01879999148292
0.5575,1.02771489481847,10.9334483490414,0.731498378078569,3.01879999148292
0.55755,1.02771810907052,10.9330052733639,0.731498378078569,3.01879999148292
0.5576,1.02772132333807,10.9328046081231,0.731498378078569,3.01879999148292
0.55765,1.02772453762326,10.932037740803,0.731498378078569,3.01879999148292
0.5577,1.02772775192818,10.931979889765,0.731498378078569,3.01879999148292
0.55775,1.02773096625366,10.9313457031881,0.731498378078569,3.01879999148292
0.5578,1.02773418060232,10.9309580866115,0.731498378078569,3.01879999148292
0.55785,1.02773739497549,10.9306525193518,0.731498378078569,3.01879999148292
0.5579,1.02774060937448,10.930151618683,0.731498378078569,3.01879999148292
0.55795,1.02774382380188,10.9296548886843,0.731498378078569,3.01879999148292
0.558,1.02774703825847,10.9280555196506,0.731150285945633,2.93886599349788
0.55805,1.02775025274639,10.927090635339,0.731150285945633,2.93886599349788
0.5581,1.02775346566628,10.9271645368808,0.731150285945633,2.93886599349788
0.55815,1.02775667781965,10.9264030416151,0.731150285945633,2.93886599349788
0.5582,1.02775989081042,10.9260697386729,0.731150285945633,2.93886599349788
0.55825,1.0277631038391,10.9257103707132,0.731150285945633,2.93886599349788
0.5583,1.0277663169069,10.9252624213319,0.731150285945633,2.93886599349788
0.55835,1.02776953001623,10.9246646572986,0.731150285945633,2.93886599349788
0.5584,1.02777274316786,10.9247051862519,0.731150285945633,2.93886599349788
0.55845,1.02777595636363,10.9236618163844,0.731150285945633,2.93886599349788
0.5585,1.02777916960544,10.9238545597179,0.731150285945633,2.93886599349788
0.55855,1.02778238289402,10.923056313632,0.731150285945633,2.93886599349788
0.5586,1.02778559623161,10.9227566890416,0.731150285945633,2.93886599349788
0.55865,1.02778880961944,10.9224073040748,0.731150285945633,2.93886599349788
0.5587,1.02779202305862,10.9219874600501,0.731150285945633,2.93886599349788
0.55875,1.02779523655135,10.9213422372425,0.731150285945633,2.93886599349788
0.5588,1.02779845009838,10.9214805755562,0.731150285945633,2.93886599349788
0.55885,1.02780166370135,10.9203364792294,0.731150285945633,2.93886599349788
0.5589,1.027804877362,10.9206232442025,0.731150285945633,2.93886599349788
0.55895,1.02780809108102,10.9197730331263,0.731150285945633,2.93886599349788
0.559,1.02781130486039,10.9180003236612,0.730801071678886,2.85930577467992
0.55905,1.02781451870139,10.9175677920696,0.730801071678886,2.85930577467992
0.5591,1.02781773099854,10.9171935287983,0.730801071678886,2.85930577467992
0.55915,1.02782094255707,10.91643208587,0.730801071678886,2.85930577467992
0.5592,1.02782415498421,10.9166858256883,0.730801071678886,2.85930577467992
0.55925,1.02782736747807,10.9153963471768,0.730801071678886,2.85930577467992
0.5593,1.02783058004019,10.9157954640455,0.730801071678886,2.85930577467992
0.55935,1.02783379267119,10.9148550783585,0.730801071678886,2.85930577467992
0.5594,1.02783700537278,10.9146335670058,0.730801071678886,2.85930577467992
0.55945,1.02784021814598,10.9142284477759,0.730801071678886,2.85930577467992
0.5595,1.02784343099165,10.9138956839732,0.730801071678886,2.85930577467992
0.55955,1.02784664391144,10.9131065737247,0.730801071678886,2.85930577467992
0.5596,1.027849856906,10.9134459090187,0.730801071678886,2.85930577467992
0.55965,1.02785306997651,10.9120917716124,0.730801071678886,2.85930577467992
0.5597,1.02785628312433,10.9125608665683,0.730801071678886,2.85930577467992
0.55975,1.02785949634998,10.9115936774208,0.730801071678886,2.85930577467992
0.5598,1.02786270965487,10.9113899075547,0.730801071678886,2.85930577467992
0.55985,1.0278659230399,10.9109813041764,0.730801071678886,2.85930577467992
0.5599,1.02786913650577,10.9106738406072,0.730801071678886,2.85930577467992
0.55995,1.02787235005383,10.9098417903271,0.730801071678886,2.85930577467992
0.56,1.02787556368466,10.9087599133231,0.730450736141656,2.7803283097954
0.56005,1.02787877739932,10.9072680846538,0.730450736141656,2.7803283097954
0.5601,1.02788198958738,10.9078056437136,0.730450736141656,2.7803283097954
0.56015,1.02788520105511,10.9067532800627,0.730450736141656,2.7803283097954
0.5602,1.02788841341517,10.9065868615381,0.730450736141656,2.7803283097954
0.56025,1.02789162586246,10.9061202618061,0.730450736141656,2.7803283097954
0.5603,1.02789483839752,10.9058655804656,0.730450736141656,2.7803283097954
0.56035,1.02789805102137,10.9049526759272,0.730450736141656,2.7803283097954
0.5604,1.02790126373449,10.9054385831217,0.730450736141656,2.7803283097954
0.56045,1.02790447653755,10.9039387186367,0.730450736141656,2.7803283097954
0.5605,1.02790768943137,10.9045223881749,0.730450736141656,2.7803283097954
0.56055,1.02791090241633,10.9034808225514,0.730450736141656,2.7803283097954
0.5606,1.02791411549315,10.90332704784,0.730450736141656,2.7803283097954
0.56065,1.02791732866243,10.9028696398969,0.730450736141656,2.7803283097954
0.5607,1.02792054192452,10.902637104188,0.730450736141656,2.7803283097954
0.56075,1.02792375528012,10.9017050229299,0.730450736141656,2.7803283097954
0.5608,1.02792696872961,10.9022255819956,0.730450736141656,2.7803283097954
0.56085,1.02793018227338,10.9007057658622,0.730450736141656,2.7803283097954
0.5609,1.02793339591199,10.9013033279245,0.730450736141656,2.7803283097954
0.56095,1.0279366096457,10.90026234246,0.730450736141656,2.7803283097954
0.561,1.0279398234749,10.8986337089595,0.730099280200307,2.70188999997166
0.56105,1.02794303740012,10.8980965742937,0.730099280200307,2.70188999997166
0.5611,1.02794624980499,10.8978988819202,0.730099280200307,2.70188999997166
0.56115,1.02794946149815,10.8968864107071,0.730099280200307,2.70188999997166
0.5612,1.02795267409654,10.8974515265816,0.730099280200307,2.70188999997166
0.56125,1.0279558867919,10.8958742038268,0.730099280200307,2.70188999997166
0.5613,1.02795909958448,10.8964997938877,0.730099280200307,2.70188999997166
0.56135,1.02796231247445,10.8954230007638,0.730099280200307,2.70188999997166
0.5614,1.02796552546182,10.8952996934567,0.730099280200307,2.70188999997166
0.56145,1.02796873854683,10.8947917372562,0.730099280200307,2.70188999997166
0.5615,1.02797195172948,10.8946235237901,0.730099280200307,2.70188999997166
0.56155,1.02797516500973,10.8936207935046,0.730099280200307,2.70188999997166
0.5616,1.02797837838778,10.8941981279504,0.730099280200307,2.70188999997166
0.56165,1.02798159186343,10.8926444654627,0.730099280200307,2.70188999997166
0.5617,1.02798480543667,10.8932572927812,0.730099280200307,2.70188999997166
0.56175,1.02798801910756,10.8922040510338,0.730099280200307,2.70188999997166
0.5618,1.02799123287576,10.8920792907618,0.730099280200307,2.70188999997166
0.56185,1.02799444674131,10.8915666294011,0.730099280200307,2.70188999997166
0.5619,1.02799766070405,10.8914140976924,0.730099280200307,2.70188999997166
0.56195,1.02800087476357,10.8904050262837,0.730099280200307,2.70188999997166
0.562,1.02800408891995,10.8895130374369,0.72974670472305,2.62411614782735
0.56205,1.02800730317286,10.8879081428098,0.72974670472305,2.62411614782735
0.5621,1.02801051590036,10.8885120589641,0.72974670472305,2.62411614782735
0.56215,1.02801372791326,10.8874180912935,0.72974670472305,2.62411614782735
0.5622,1.02801694083256,10.8873183278481,0.72974670472305,2.62411614782735
0.56225,1.0280201538472,10.8867413749419,0.72974670472305,2.62411614782735
0.5623,1.02802336695687,10.8866361823452,0.72974670472305,2.62411614782735
0.56235,1.02802658016078,10.8855796955793,0.72974670472305,2.62411614782735
0.5624,1.02802979345889,10.8861647043127,0.72974670472305,2.62411614782735
0.56245,1.02803300685049,10.884630043991,0.72974670472305,2.62411614782735
0.5625,1.02803622033495,10.885211166209,0.72974670472305,2.62411614782735
0.56255,1.02803943391214,10.8841622393037,0.72974670472305,2.62411614782735
0.5626,1.02804264758102,10.8840713631372,0.72974670472305,2.62411614782735
0.56265,1.02804586134125,10.8834899174892,0.72974670472305,2.62411614782735
0.5627,1.02804907519234,10.8834068876809,0.72974670472305,2.62411614782735
0.56275,1.02805228913317,10.8823593856426,0.72974670472305,2.62411614782735
0.5628,1.02805550316359,10.8829179477531,0.72974670472305,2.62411614782735
0.56285,1.02805871728264,10.8814348890287,0.72974670472305,2.62411614782735
0.5629,1.0280619314894,10.8819698945046,0.72974670472305,2.62411614782735
0.56295,1.02806514578365,10.8809478717954,0.72974670472305,2.62411614782735
0.563,1.02806836016403,10.879411993651,0.729393010579305,2.54705242276588
0.56305,1.02807157463011,10.8787343655028,0.729393010579305,2.54705242276588
0.5631,1.02807478755461,10.8786888922337,0.729393010579305,2.54705242276588
0.56315,1.02807799974946,10.8775877151273,0.729393010579305,2.54705242276588
0.5632,1.0280812128411,10.8781335028517,0.729393010579305,2.54705242276588
0.56325,1.02808442601496,10.8766597906395,0.729393010579305,2.54705242276588
0.5633,1.02808763926981,10.8771689402229,0.729393010579305,2.54705242276588
0.56335,1.02809085260534,10.8761327674592,0.729393010579305,2.54705242276588
0.5634,1.02809406601991,10.8760815072858,0.729393010579305,2.54705242276588
0.56345,1.02809727951275,10.8754141365599,0.729393010579305,2.54705242276588
0.5635,1.02810049308313,10.8754002151742,0.729393010579305,2.54705242276588
0.56355,1.02810370672929,10.8743346228155,0.729393010579305,2.54705242276588
0.5636,1.02810692045083,10.8748370272883,0.729393010579305,2.54705242276588
0.56365,1.02811013424638,10.8734497800678,0.729393010579305,2.54705242276588
0.5637,1.02811334811447,10.8738963324168,0.729393010579305,2.54705242276588
0.56375,1.02811656205469,10.8729027254763,0.729393010579305,2.54705242276588
0.5638,1.02811977606515,10.8728556243872,0.729393010579305,2.54705242276588
0.56385,1.02812299014491,10.8721691231762,0.729393010579305,2.54705242276588
0.5639,1.02812620429311,10.8721684347818,0.729393010579305,2.54705242276588
0.56395,1.02812941850771,10.87112683463,0.729393010579305,2.54705242276588
0.564,1.02813263278821,10.8701306670718,0.729038198639663,2.47071326884935
0.56405,1.02813584713318,10.868756510879,0.729038198639663,2.47071326884935
0.5641,1.02813905990921,10.8691446735774,0.729038198639663,2.47071326884935
0.56415,1.02814227193171,10.8681322404094,0.729038198639663,2.47071326884935
0.5642,1.02814548483031,10.8681108120778,0.729038198639663,2.47071326884935
0.56425,1.02814869778799,10.8673540097706,0.729038198639663,2.47071326884935
0.5643,1.02815191080378,10.8673899555286,0.729038198639663,2.47071326884935
0.56435,1.02815512387538,10.8663383877691,0.729038198639663,2.47071326884935
0.5644,1.02815833700221,10.8667308505129,0.729038198639663,2.47071326884935
0.56445,1.02816155018253,10.8654902064645,0.729038198639663,2.47071326884935
0.5645,1.02816476341446,10.8658056196759,0.729038198639663,2.47071326884935
0.56455,1.02816797669742,10.8648616565867,0.729038198639663,2.47071326884935
0.5646,1.02817119002908,10.864844108619,0.729038198639663,2.47071326884935
0.56465,1.0281744034082,10.864084319885,0.729038198639663,2.47071326884935
0.5647,1.02817761683374,10.8641238743371,0.729038198639663,2.47071326884935
0.56475,1.0281808303032,10.8631239224832,0.729038198639663,2.47071326884935
0.5648,1.02818404381589,10.8634276704827,0.729038198639663,2.47071326884935
0.56485,1.02818725736999,10.8623024829867,0.729038198639663,2.47071326884935
0.5649,1.0281904709634,10.862522507215,0.729038198639663,2.47071326884935
0.56495,1.02819368459549,10.8616315909584,0.729038198639663,2.47071326884935
0.565,1.0281968982638,10.860189753621,0.728682269776468,2.39525284881011
0.56505,1.02820011196705,10.8593448113848,0.728682269776468,2.39525284881011
0.5651,1.0282033240674,10.8593963230127,0.728682269776468,2.39525284881011
0.56515,1.02820653538061,10.8583905613022,0.728682269776468,2.39525284881011
0.5652,1.02820974754271,10.8586193621954,0.728682269776468,2.39525284881011
0.56525,1.02821295973333,10.8575654685076,0.728682269776468,2.39525284881011
0.5653,1.02821617195022,10.8577130347898,0.728682269776468,2.39525284881011
0.56535,1.02821938419272,10.8568347063942,0.728682269776468,2.39525284881011
0.5654,1.02822259645822,10.8568330530293,0.728682269776468,2.39525284881011
0.56545,1.02822580874523,10.8560119826093,0.728682269776468,2.39525284881011
0.5655,1.0282290210526,10.8560661277351,0.728682269776468,2.39525284881011
0.56555,1.02823223337755,10.8551420800414,0.728682269776468,2.39525284881011
0.5656,1.02823544571924,10.8552704756543,0.728682269776468,2.39525284881011
0.56565,1.0282386580757,10.8543565196466,0.728682269776468,2.39525284881011
0.5657,1.02824187044458,10.8544025282533,0.728682269776468,2.39525284881011
0.56575,1.02824508282516,10.8535886947539,0.728682269776468,2.39525284881011
0.5658,1.02824829521478,10.8535787635931,0.728682269776468,2.39525284881011
0.56585,1.02825150761188,10.8527544388399,0.728682269776468,2.39525284881011
0.5659,1.02825472001526,10.8527933401803,0.728682269776468,2.39525284881011
0.56595,1.02825793242209,10.8519360363323,0.728682269776468,2.39525284881011
0.566,1.02826114483145,10.8505498399868,0.728325224864927,2.32059222173447
0.56605,1.02826435724149,10.8496936758081,0.728325224864927,2.32059222173447
0.5661,1.028267568008,10.8496521607481,0.728325224864927,2.32059222173447
0.56615,1.02827077795116,10.8488365628831,0.728325224864927,2.32059222173447
0.5662,1.02827398871014,10.8488421452463,0.728325224864927,2.32059222173447
0.56625,1.02827719946233,10.8479638461361,0.728325224864927,2.32059222173447
0.5663,1.02828041020655,10.8480128574226,0.728325224864927,2.32059222173447
0.56635,1.02828362093992,10.8471829421229,0.728325224864927,2.32059222173447
0.5664,1.02828683166147,10.8471151587706,0.728325224864927,2.32059222173447
0.56645,1.02829004236925,10.8464221164584,0.728325224864927,2.32059222173447
0.5665,1.0282932530608,10.846290396651,0.728325224864927,2.32059222173447
0.56655,1.02829646373535,10.8455512458893,0.728325224864927,2.32059222173447
0.5666,1.02829967439025,10.8455544121382,0.728325224864927,2.32059222173447
0.56665,1.02830288502382,10.8446867191903,0.728325224864927,2.32059222173447
0.5667,1.0283060956349,10.8447166503905,0.728325224864927,2.32059222173447
0.56675,1.02830930622065,10.8439676010963,0.728325224864927,2.32059222173447
0.5668,1.02831251678008,10.8437851057019,0.728325224864927,2.32059222173447
0.56685,1.02831572731125,10.8432253018035,0.728325224864927,2.32059222173447
0.5669,1.02831893781175,10.8429918816843,0.728325224864927,2.32059222173447
0.56695,1.02832214828079,10.8423080957331,0.728325224864927,2.32059222173447
0.567,1.0283253587158,10.8409178975857,0.72796706478465,2.24695725826297
0.56705,1.0283285691152,10.8399807019761,0.72796706478465,2.24695725826297
0.5671,1.02833177783106,10.8400015198914,0.72796706478465,2.24695725826297
0.56715,1.02833498568405,10.8392718343332,0.72796706478465,2.24695725826297
0.5672,1.02833819432004,10.8389975208275,0.72796706478465,2.24695725826297
0.56725,1.02834140291371,10.8385175358045,0.72796706478465,2.24695725826297
0.5673,1.02834461146267,10.8382130727684,0.72796706478465,2.24695725826297
0.56735,1.02834781996613,10.8375417072142,0.72796706478465,2.24695725826297
0.5674,1.02835102842164,10.8375514734591,0.72796706478465,2.24695725826297
0.56745,1.02835423682753,10.8366535230108,0.72796706478465,2.24695725826297
0.5675,1.02835744518271,10.836655818483,0.72796706478465,2.24695725826297
0.56755,1.02836065348454,10.8360275055005,0.72796706478465,2.24695725826297
0.5676,1.02836386173202,10.8356437446272,0.72796706478465,2.24695725826297
0.56765,1.02836706992341,10.8353027545256,0.72796706478465,2.24695725826297
0.5677,1.02837027805643,10.8349043978787,0.72796706478465,2.24695725826297
0.56775,1.02837348613032,10.8342953832392,0.72796706478465,2.24695725826297
0.5678,1.02837669414277,10.8342893065512,0.72796706478465,2.24695725826297
0.56785,1.02837990209217,10.8334087124897,0.72796706478465,2.24695725826297
0.5679,1.0283831099775,10.8333728493829,0.72796706478465,2.24695725826297
0.56795,1.02838631779628,10.8328296780717,0.72796706478465,2.24695725826297
0.568,1.02838952554754,10.8309649002509,0.727607790421452,2.17423216662558
0.56805,1.02839273322978,10.8306770702877,0.727607790421452,2.17423216662558
0.5681,1.02839593918904,10.8302019835665,0.727607790421452,2.17423216662558
0.56815,1.02839914425053,10.8295918385115,0.727607790421452,2.17423216662558
0.5682,1.02840235006403,10.8295886513861,0.727607790421452,2.17423216662558
0.56825,1.02840555580203,10.8286814053004,0.727607790421452,2.17423216662558
0.5683,1.02840876146357,10.8286293769058,0.727607790421452,2.17423216662558
0.56835,1.02841196704638,10.8281316916025,0.727607790421452,2.17423216662558
0.5684,1.02841517254953,10.8275491697157,0.727607790421452,2.17423216662558
0.56845,1.02841837797155,10.8274116572079,0.727607790421452,2.17423216662558
0.5685,1.02842158331049,10.8268603827436,0.727607790421452,2.17423216662558
0.56855,1.02842478856564,10.8263263106989,0.727607790421452,2.17423216662558
0.5686,1.02842799373512,10.8263046569438,0.727607790421452,2.17423216662558
0.56865,1.02843119881751,10.8254379546918,0.727607790421452,2.17423216662558
0.5687,1.02843440381196,10.8253400587139,0.727607790421452,2.17423216662558
0.56875,1.02843760871645,10.8249371265428,0.727607790421452,2.17423216662558
0.5688,1.0284408135301,10.824247815012,0.727607790421452,2.17423216662558
0.56885,1.02844401825164,10.8242248868416,0.727607790421452,2.17423216662558
0.5689,1.02844722287931,10.8235906741039,0.727607790421452,2.17423216662558
0.56895,1.02845042741247,10.8231115016615,0.727607790421452,2.17423216662558
0.569,1.02845363184948,10.8217180542213,0.727247402669212,2.10265070314756
0.56905,1.02845683618918,10.8208156734613,0.727247402669212,2.10265070314756
0.5691,1.02846003877399,10.8206831002449,0.727247402669212,2.10265070314756
0.56915,1.02846324043061,10.8203095852434,0.727247402669212,2.10265070314756
0.5692,1.02846644281515,10.819544424433,0.727247402669212,2.10265070314756
0.56925,1.02846964509806,10.8195752842855,0.727247402669212,2.10265070314756
0.5693,1.02847284727778,10.8188945616003,0.727247402669212,2.10265070314756
0.56935,1.02847604935375,10.8184253600885,0.727247402669212,2.10265070314756
0.5694,1.02847925132461,10.8183755588603,0.727247402669212,2.10265070314756
0.56945,1.02848245318923,10.8175415687956,0.727247402669212,2.10265070314756
0.5695,1.028485654947,10.8173699029562,0.727247402669212,2.10265070314756
0.56955,1.02848885659646,10.8170970639381,0.727247402669212,2.10265070314756
0.5696,1.02849205813692,10.8162499795618,0.727247402669212,2.10265070314756
0.56965,1.02849525956751,10.8163812813866,0.727247402669212,2.10265070314756
0.5697,1.02849846088697,10.8156403534794,0.727247402669212,2.10265070314756
0.56975,1.02850166209481,10.8152243724051,0.727247402669212,2.10265070314756
0.5698,1.02850486318997,10.8151460200754,0.727247402669212,2.10265070314756
0.56985,1.02850806417151,10.8143550433737,0.727247402669212,2.10265070314756
0.5699,1.02851126503893,10.8141321580885,0.727247402669212,2.10265070314756
0.56995,1.02851446579112,10.8139340737933,0.727247402669212,2.10265070314756
0.57,1.02851766642749,10.8116876232237,0.726885902431611,2.03212880096045
0.57005,1.0285208669475,10.8118247231834,0.726885902431611,2.03212880096045
0.5701,1.02852406568834,10.8110490490734,0.726885902431611,2.03212880096045
0.57015,1.02852726348055,10.810618939564,0.726885902431611,2.03212880096045
0.5702,1.02853046198531,10.8105343829032,0.726885902431611,2.03212880096045
0.57025,1.02853366037089,10.8097389112203,0.726885902431611,2.03212880096045
0.5703,1.02853685863691,10.8094933805606,0.726885902431611,2.03212880096045
0.57035,1.02854005678261,10.8093217634099,0.726885902431611,2.03212880096045
0.5704,1.0285432548075,10.8083653490393,0.726885902431611,2.03212880096045
0.57045,1.02854645271117,10.8085926326998,0.726885902431611,2.03212880096045
0.5705,1.02854965049297,10.8077897939702,0.726885902431611,2.03212880096045
0.57055,1.02855284815256,10.8074161694954,0.726885902431611,2.03212880096045
0.5706,1.02855604568952,10.8073075603335,0.726885902431611,2.03212880096045
0.57065,1.02855924310336,10.8065692205087,0.726885902431611,2.03212880096045
0.5707,1.02856244039382,10.8062777734275,0.726885902431611,2.03212880096045
0.57075,1.02856563756051,10.8061729737601,0.726885902431611,2.03212880096045
0.5708,1.02856883460308,10.8051679449023,0.726885902431611,2.03212880096045
0.57085,1.02857203152135,10.8054445474333,0.726885902431611,2.03212880096045
0.5709,1.02857522831499,10.8046114376139,0.726885902431611,2.03212880096045
0.57095,1.02857842498377,10.8042728004928,0.726885902431611,2.03212880096045
0.571,1.02858162152759,10.8028302577619,0.726523290623551,1.9628247706629
0.57105,1.02858481794629,10.8020745664248,0.726523290623551,1.9628247706629
0.5711,1.0285880125729,10.8017503512221,0.726523290623551,1.9628247706629
0.57115,1.02859120624087,10.8016454223859,0.726523290623551,1.9628247706629
0.5712,1.02859440061691,10.8006251476487,0.726523290623551,1.9628247706629
0.57125,1.02859759486756,10.8008905076433,0.726523290623551,1.9628247706629
0.5713,1.02860078899282,10.8000614480336,0.726523290623551,1.9628247706629
0.57135,1.02860398299256,10.7997171321356,0.726523290623551,1.9628247706629
0.5714,1.02860717686699,10.7995652645556,0.726523290623551,1.9628247706629
0.57145,1.02861037061609,10.7988953037849,0.726523290623551,1.9628247706629
0.5715,1.02861356423988,10.7985331059787,0.726523290623551,1.9628247706629
0.57155,1.02861675773871,10.7984970290511,0.726523290623551,1.9628247706629
0.5716,1.02861995111251,10.7974549262531,0.726523290623551,1.9628247706629
0.57165,1.02862314436155,10.7977566372261,0.726523290623551,1.9628247706629
0.5717,1.02862633748618,10.7969137135954,0.726523290623551,1.9628247706629
0.57175,1.02862953048636,10.7966113798943,0.726523290623551,1.9628247706629
0.5718,1.02863272336263,10.796416430332,0.726523290623551,1.9628247706629
0.57185,1.02863591611522,10.7958119261741,0.726523290623551,1.9628247706629
0.5719,1.02863910874428,10.795397016523,0.726523290623551,1.9628247706629
0.57195,1.02864230125053,10.7954070444473,0.726523290623551,1.9628247706629
0.572,1.02864549363403,10.7930683630158,0.726159568172107,1.89473995429887
0.57205,1.02864868589539,10.7933198529465,0.726159568172107,1.89473995429887
0.5721,1.02865187636343,10.7924811128953,0.726159568172107,1.89473995429887
0.57215,1.02865506587417,10.7921625030957,0.726159568172107,1.89473995429887
0.5722,1.02865825610041,10.7919400206975,0.726159568172107,1.89473995429887
0.57225,1.02866144620659,10.7913592336166,0.726159568172107,1.89473995429887
0.5723,1.02866463619301,10.7909162629482,0.726159568172107,1.89473995429887
0.57235,1.0286678260607,10.7909282637566,0.726159568172107,1.89473995429887
0.5724,1.0286710158099,10.7898848431457,0.726159568172107,1.89473995429887
0.57245,1.02867420544132,10.7901725348197,0.726159568172107,1.89473995429887
0.5725,1.02867739495593,10.7893392315315,0.726159568172107,1.89473995429887
0.57255,1.02868058435392,10.7890779357016,0.726159568172107,1.89473995429887
0.5726,1.02868377363642,10.7888067241554,0.726159568172107,1.89473995429887
0.57265,1.02868696280414,10.7883108942657,0.726159568172107,1.89473995429887
0.5727,1.02869015185748,10.7878166998002,0.726159568172107,1.89473995429887
0.57275,1.02869334079784,10.7878702360115,0.726159568172107,1.89473995429887
0.5728,1.02869652962559,10.7868281094439,0.726159568172107,1.89473995429887
0.57285,1.02869971834163,10.7871157172323,0.726159568172107,1.89473995429887
0.5729,1.02870290694725,10.7862811417707,0.726159568172107,1.89473995429887
0.57295,1.02870609544273,10.7860587270018,0.726159568172107,1.89473995429887
0.573,1.02870928382948,10.7844757888006,0.725794736016916,1.82791169456537
0.57305,1.02871247210854,10.78399104628,0.725794736016916,1.82791169456537
0.5731,1.02871565860357,10.783461069907,0.725794736016916,1.82791169456537
0.57315,1.02871884415474,10.7834891568738,0.725794736016916,1.82791169456537
0.5732,1.02872203043948,10.7824811110603,0.725794736016916,1.82791169456537
0.57325,1.02872521662039,10.7827106449075,0.725794736016916,1.82791169456537
0.5733,1.02872840269902,10.7819072932058,0.725794736016916,1.82791169456537
0.57335,1.02873158867574,10.7816831649813,0.725794736016916,1.82791169456537
0.5734,1.02873477455222,10.7813221528761,0.725794736016916,1.82791169456537
0.57345,1.02873796032958,10.7809418635977,0.725794736016916,1.82791169456537
0.5735,1.02874114600847,10.7803772908545,0.725794736016916,1.82791169456537
0.57355,1.02874433159085,10.7804412028309,0.725794736016916,1.82791169456537
0.5736,1.02874751707738,10.7794638119341,0.725794736016916,1.82791169456537
0.57365,1.0287507024693,10.7796793414662,0.725794736016916,1.82791169456537
0.5737,1.02875388776844,10.7788918366,0.725794736016916,1.82791169456537
0.57375,1.02875707297527,10.7787077006671,0.725794736016916,1.82791169456537
0.5738,1.02876025809165,10.7782896084081,0.725794736016916,1.82791169456537
0.57385,1.02876344311894,10.77798550029,0.725794736016916,1.82791169456537
0.5739,1.02876662805785,10.7773803983367,0.725794736016916,1.82791169456537
0.57395,1.0287698129106,10.7774516487208,0.725794736016916,1.82791169456537
0.574,1.02877299767798,10.7752832309841,0.72542879510994,1.7624427459838
0.57405,1.02877618236145,10.7753990102896,0.72542879510994,1.7624427459838
0.5741,1.02877936528125,10.7746473731202,0.72542879510994,1.7624427459838
0.57415,1.02878254727885,10.7744419147541,0.72542879510994,1.7624427459838
0.5742,1.02878573003827,10.7739893485852,0.72542879510994,1.7624427459838
0.57425,1.02878891272,10.7737118926743,0.72542879510994,1.7624427459838
0.5743,1.02879209532484,10.7730981714926,0.72542879510994,1.7624427459838
0.57435,1.02879527785522,10.7731285090826,0.72542879510994,1.7624427459838
0.5744,1.02879846031205,10.7722629235733,0.72542879510994,1.7624427459838
0.57445,1.02880164269678,10.7723609662803,0.72542879510994,1.7624427459838
0.5745,1.0288048250117,10.7716478395652,0.72542879510994,1.7624427459838
0.57455,1.0288080072574,10.7714875305572,0.72542879510994,1.7624427459838
0.5746,1.02881118943611,10.7709867629984,0.72542879510994,1.7624427459838
0.57465,1.02881437154948,10.7707868321953,0.72542879510994,1.7624427459838
0.5747,1.0288175535984,10.7701484275338,0.72542879510994,1.7624427459838
0.57475,1.02882073558545,10.7701727307702,0.72542879510994,1.7624427459838
0.5748,1.02882391751164,10.7693655300407,0.72542879510994,1.7624427459838
0.57485,1.02882709937853,10.7694128786996,0.72542879510994,1.7624427459838
0.5749,1.02883028118854,10.7687305213547,0.72542879510994,1.7624427459838
0.57495,1.02883346294236,10.768595804126,0.72542879510994,1.7624427459838
0.575,1.02883664464229,10.7668381841119,0.72506174641465,1.69824589925308
0.57505,1.02883982629025,10.7666394675523,0.72506174641465,1.69824589925308
0.5751,1.0288430062003,10.7659942811318,0.72506174641465,1.69824589925308
0.57515,1.02884618521861,10.7659485642454,0.72506174641465,1.69824589925308
0.5752,1.02884936503321,10.7652269556,0.72506174641465,1.69824589925308
0.57525,1.0288525448022,10.7651733018184,0.72506174641465,1.69824589925308
0.5753,1.02885572452812,10.7645485519586,0.72506174641465,1.69824589925308
0.57535,1.02885890421171,10.7644012782424,0.72506174641465,1.69824589925308
0.5754,1.02886208385534,10.7638216536115,0.72506174641465,1.69824589925308
0.57545,1.02886526346091,10.7637111351728,0.72506174641465,1.69824589925308
0.5755,1.02886844302938,10.7630604284998,0.72506174641465,1.69824589925308
0.57555,1.02887162256353,10.763007073366,0.72506174641465,1.69824589925308
0.5756,1.02887480206454,10.7623603862543,0.72506174641465,1.69824589925308
0.57565,1.02887798153403,10.7622561988587,0.72506174641465,1.69824589925308
0.5757,1.02888116097464,10.7616677193324,0.72506174641465,1.69824589925308
0.57575,1.02888434038715,10.7615505469345,0.72506174641465,1.69824589925308
0.5758,1.02888751977395,10.7609208352571,0.72506174641465,1.69824589925308
0.57585,1.02889069913703,10.7608702577834,0.72506174641465,1.69824589925308
0.5759,1.02889387847734,10.7602067321777,0.72506174641465,1.69824589925308
0.57595,1.02889705779771,10.7601236757198,0.72506174641465,1.69824589925308
0.576,1.02890023709937,10.7583724199138,0.724693590904686,1.63549710083872
0.57605,1.02890341638405,10.75814469833,0.724693590904686,1.63549710083872
0.5761,1.02890659396258,10.7576045781891,0.724693590904686,1.63549710083872
0.57615,1.02890977068171,10.7574614211749,0.724693590904686,1.63549710083872
0.5762,1.02891294823573,10.7568035529692,0.724693590904686,1.63549710083872
0.57625,1.02891612578067,10.7567642711491,0.724693590904686,1.63549710083872
0.5763,1.02891930331749,10.7561168752405,0.724693590904686,1.63549710083872
0.57635,1.02892248084898,10.7559631490138,0.724693590904686,1.63549710083872
0.5764,1.02892565837641,10.7554882233789,0.724693590904686,1.63549710083872
0.57645,1.02892883590138,10.755224061004,0.724693590904686,1.63549710083872
0.5765,1.02893201342653,10.7547289249666,0.724693590904686,1.63549710083872
0.57655,1.02893519095269,10.7546246961929,0.724693590904686,1.63549710083872
0.5766,1.02893836848219,10.7539273520643,0.724693590904686,1.63549710083872
0.57665,1.02894154601705,10.7539455343651,0.724693590904686,1.63549710083872
0.5767,1.02894472355823,10.7532985453209,0.724693590904686,1.63549710083872
0.57675,1.02894790110845,10.7531115830955,0.724693590904686,1.63549710083872
0.5768,1.02895107866899,10.7527134682948,0.724693590904686,1.63549710083872
0.57685,1.02895425624141,10.7523879458616,0.724693590904686,1.63549710083872
0.5769,1.02895743382828,10.7519266299681,0.724693590904686,1.63549710083872
0.57695,1.02896061143045,10.7518415548692,0.724693590904686,1.63549710083872
0.577,1.02896378905015,10.7499518410051,0.724324329562139,1.57403399566238
0.57705,1.02896696668945,10.7499499775907,0.724324329562139,1.57403399566238
0.5771,1.02897014265249,10.7493218492144,0.724324329562139,1.57403399566238
0.57715,1.02897331779033,10.7490428091564,0.724324329562139,1.57403399566238
0.5772,1.02897649380109,10.7487421465463,0.724324329562139,1.57403399566238
0.57725,1.02897966983778,10.7483118474102,0.724324329562139,1.57403399566238
0.5773,1.02898284590287,10.7479083189623,0.724324329562139,1.57403399566238
0.57735,1.0289860219972,10.7478029428022,0.724324329562139,1.57403399566238
0.5774,1.02898919812286,10.7470569363076,0.724324329562139,1.57403399566238
0.57745,1.02899237428176,10.7471126724046,0.724324329562139,1.57403399566238
0.5775,1.0289955504748,10.7465068280926,0.724324329562139,1.57403399566238
0.57755,1.02899872670444,10.7461970899101,0.724324329562139,1.57403399566238
0.5776,1.02900190297191,10.7459791167406,0.724324329562139,1.57403399566238
0.57765,1.02900507927858,10.7454962005398,0.724324329562139,1.57403399566238
0.5777,1.02900825562679,10.7451292002976,0.724324329562139,1.57403399566238
0.57775,1.02901143201735,10.7450408637494,0.724324329562139,1.57403399566238
0.5778,1.0290146084522,10.7442688191505,0.724324329562139,1.57403399566238
0.57785,1.02901778493314,10.7443498347197,0.724324329562139,1.57403399566238
0.5779,1.02902096146103,10.7437608835449,0.724324329562139,1.57403399566238
0.57795,1.02902413803812,10.7434017185333,0.724324329562139,1.57403399566238
0.578,1.02902731466559,10.7421338292731,0.723953963375633,1.51403913632177
0.57805,1.02903049134478,10.74153293971,0.723953963375633,1.51403913632177
0.5781,1.02903366637607,10.7412124762956,0.723953963375633,1.51403913632177
0.57815,1.02903684061114,10.7410851351639,0.723953963375633,1.51403913632177
0.5782,1.02904001575361,10.7403121924234,0.723953963375633,1.51403913632177
0.57825,1.02904319095417,10.7403686744492,0.723953963375633,1.51403913632177
0.5783,1.0290463662136,10.739823735765,0.723953963375633,1.51403913632177
0.57835,1.02904954153392,10.7393804870629,0.723953963375633,1.51403913632177
0.5784,1.02905271691624,10.7393313835832,0.723953963375633,1.51403913632177
0.57845,1.02905589236166,10.7387020658259,0.723953963375633,1.51403913632177
0.5785,1.0290590678721,10.7384214601742,0.723953963375633,1.51403913632177
0.57855,1.0290622434483,10.7383170317321,0.723953963375633,1.51403913632177
0.5786,1.02906541909177,10.7375339016784,0.723953963375633,1.51403913632177
0.57865,1.02906859480403,10.7376096621536,0.723953963375633,1.51403913632177
0.5787,1.02907177058578,10.7370902138606,0.723953963375633,1.51403913632177
0.57875,1.02907494643877,10.736605920193,0.723953963375633,1.51403913632177
0.5788,1.029078122364,10.7366195930143,0.723953963375633,1.51403913632177
0.57885,1.02908129836244,10.7359464668514,0.723953963375633,1.51403913632177
0.5789,1.02908447443574,10.735689463671,0.723953963375633,1.51403913632177
0.57895,1.02908765058458,10.7355913157661,0.723953963375633,1.51403913632177
0.579,1.02909082681024,10.7336962982586,0.723582493338396,1.45535015086466
0.57905,1.02909400311412,10.7337197693067,0.723582493338396,1.45535015086466
0.5791,1.02909717779009,10.7332373967053,0.723582493338396,1.45535015086466
0.57915,1.029100351693,10.7326652217248,0.723582493338396,1.45535015086466
0.5792,1.02910352653057,10.732750383801,0.723582493338396,1.45535015086466
0.57925,1.02910670145014,10.732001657783,0.723582493338396,1.45535015086466
0.5793,1.02910987645308,10.7317844220083,0.723582493338396,1.45535015086466
0.57935,1.02911305153999,10.7316584677783,0.723582493338396,1.45535015086466
0.5794,1.02911622671187,10.730879063743,0.723582493338396,1.45535015086466
0.57945,1.02911940196983,10.7309282670128,0.723582493338396,1.45535015086466
0.5795,1.02912257731438,10.7304791999124,0.723582493338396,1.45535015086466
0.57955,1.02912575274665,10.7298875163986,0.723582493338396,1.45535015086466
0.5796,1.02912892826741,10.7300193581402,0.723582493338396,1.45535015086466
0.57965,1.02913210387725,10.7292538658785,0.723582493338396,1.45535015086466
0.5797,1.02913527957726,10.7290501447322,0.723582493338396,1.45535015086466
0.57975,1.02913845536792,10.7289350788132,0.723582493338396,1.45535015086466
0.5798,1.02914163125001,10.72815251171,0.723582493338396,1.45535015086466
0.57985,1.02914480722435,10.7281999412542,0.723582493338396,1.45535015086466
0.5799,1.02914798329137,10.7277730531441,0.723582493338396,1.45535015086466
0.57995,1.02915115945187,10.7271520467643,0.723582493338396,1.45535015086466
0.58,1.02915433570645,10.7262415905782,0.723209920446507,1.39809389240868
0.58005,1.02915751205562,10.7254032975311,0.723209920446507,1.39809389240868
0.5801,1.02916068678841,10.7252194021817,0.723209920446507,1.39809389240868
0.58015,1.02916386076112,10.7250623335273,0.723209920446507,1.39809389240868
0.5802,1.02916703568598,10.724300768097,0.723209920446507,1.39809389240868
0.58025,1.02917021070768,10.7242998917804,0.723209920446507,1.39809389240868
0.5803,1.0291733858265,10.7239178963349,0.723209920446507,1.39809389240868
0.58035,1.02917656104289,10.7232391472258,0.723209920446507,1.39809389240868
0.5804,1.0291797363573,10.7234466708883,0.723209920446507,1.39809389240868
0.58045,1.02918291176995,10.7226232116632,0.723209920446507,1.39809389240868
0.5805,1.02918608728125,10.7224535161029,0.723209920446507,1.39809389240868
0.58055,1.02918926289149,10.7223106199042,0.723209920446507,1.39809389240868
0.5806,1.02919243860085,10.721564568367,0.723209920446507,1.39809389240868
0.58065,1.02919561440966,10.7215550823324,0.723209920446507,1.39809389240868
0.5807,1.0291987903181,10.7212006481673,0.723209920446507,1.39809389240868
0.58075,1.02920196632626,10.7205059291389,0.723209920446507,1.39809389240868
0.5808,1.02920514243443,10.7207284675663,0.723209920446507,1.39809389240868
0.58085,1.02920831864263,10.7199030926996,0.723209920446507,1.39809389240868
0.5809,1.02921149495091,10.7197367048456,0.723209920446507,1.39809389240868
0.58095,1.02921467135948,10.7195860075073,0.723209920446507,1.39809389240868
0.581,1.02921784786822,10.7178122664524,0.72283624569752,1.34218376412817
0.58105,1.02922102447725,10.7177213456097,0.72283624569752,1.34218376412817
0.5811,1.02922419946997,10.7174085858633,0.72283624569752,1.34218376412817
0.58115,1.0292273737045,10.716650936618,0.72283624569752,1.34218376412817
0.5812,1.02923054889765,10.7169000202587,0.72283624569752,1.34218376412817
0.58125,1.02923372419088,10.7160374049048,0.72283624569752,1.34218376412817
0.5813,1.02923689958388,10.7158967003126,0.72283624569752,1.34218376412817
0.58135,1.02924007507672,10.7156980812391,0.72283624569752,1.34218376412817
0.5814,1.029243250669,10.7150252279644,0.72283624569752,1.34218376412817
0.58145,1.02924642636049,10.7149219165522,0.72283624569752,1.34218376412817
0.5815,1.02924960215114,10.7146511288218,0.72283624569752,1.34218376412817
0.58155,1.02925277804034,10.713892327594,0.72283624569752,1.34218376412817
0.5816,1.02925595402799,10.714148678537,0.72283624569752,1.34218376412817
0.58165,1.02925913011376,10.7132991243078,0.72283624569752,1.34218376412817
0.5817,1.029262306297,10.7131660876137,0.72283624569752,1.34218376412817
0.58175,1.02926548257767,10.712949676039,0.72283624569752,1.34218376412817
0.5818,1.0292686589551,10.7123176650615,0.72283624569752,1.34218376412817
0.58185,1.02927183542877,10.7121722891788,0.72283624569752,1.34218376412817
0.5819,1.02927501199851,10.7119351498351,0.72283624569752,1.34218376412817
0.58195,1.02927818866339,10.7111638982568,0.72283624569752,1.34218376412817
0.582,1.02928136542312,10.7103934426005,0.722461470089581,1.28764318843331
0.58205,1.02928454227727,10.7094995615034,0.722461470089581,1.28764318843331
0.5821,1.02928771750323,10.7093847899021,0.722461470089581,1.28764318843331
0.58215,1.02929089196168,10.7090966919344,0.722461470089581,1.28764318843331
0.5822,1.02929406737338,10.7085303304704,0.722461470089581,1.28764318843331
0.58225,1.02929724287667,10.7082989409738,0.722461470089581,1.28764318843331
0.5823,1.02930041847126,10.7081158124049,0.722461470089581,1.28764318843331
0.58235,1.02930359415588,10.7073062924102,0.722461470089581,1.28764318843331
0.5824,1.02930676993006,10.7075664088018,0.722461470089581,1.28764318843331
0.58245,1.02930994579313,10.7067109543374,0.722461470089581,1.28764318843331
0.5825,1.02931312174379,10.7066098264713,0.722461470089581,1.28764318843331
0.58255,1.02931629778174,10.7063045480832,0.722461470089581,1.28764318843331
0.5826,1.02931947390583,10.7057955942967,0.722461470089581,1.28764318843331
0.58265,1.02932265011499,10.7055211027506,0.722461470089581,1.28764318843331
0.5827,1.02932582640884,10.7053700102845,0.722461470089581,1.28764318843331
0.58275,1.02932900278582,10.7045669513926,0.722461470089581,1.28764318843331
0.5828,1.02933217924528,10.7048038688321,0.722461470089581,1.28764318843331
0.58285,1.0293353557864,10.7039736837785,0.722461470089581,1.28764318843331
0.5829,1.02933853240757,10.7038726897149,0.722461470089581,1.28764318843331
0.58295,1.0293417091084,10.7035346010498,0.722461470089581,1.28764318843331
0.583,1.02934488588749,10.7020842603205,0.72208559462113,1.23449707499325
0.58305,1.02934806274363,10.7017065470286,0.72208559462113,1.23449707499325
0.5831,1.02935123794975,10.701592086706,0.72208559462113,1.23449707499325
0.58315,1.02935441236734,10.7007584619248,0.72208559462113,1.23449707499325
0.5832,1.02935758772221,10.7009775451062,0.72208559462113,1.23449707499325
0.58325,1.02936076315007,10.7001440597138,0.72208559462113,1.23449707499325
0.5833,1.02936393864901,10.7000588988981,0.72208559462113,1.23449707499325
0.58335,1.02936711421855,10.6996578035993,0.72208559462113,1.23449707499325
0.5834,1.02937028985708,10.6992791062265,0.72208559462113,1.23449707499325
0.58345,1.02937346556308,10.6988749776628,0.72208559462113,1.23449707499325
0.5835,1.02937664133597,10.6987873754045,0.72208559462113,1.23449707499325
0.58355,1.02937981717369,10.6979900266003,0.72208559462113,1.23449707499325
0.5836,1.02938299307525,10.6981673639011,0.72208559462113,1.23449707499325
0.58365,1.02938616903958,10.6973833622755,0.72208559462113,1.23449707499325
0.5837,1.02938934506455,10.6972912422606,0.72208559462113,1.23449707499325
0.58375,1.02939252114956,10.6968640029842,0.72208559462113,1.23449707499325
0.5838,1.02939569729287,10.6965395307273,0.72208559462113,1.23449707499325
0.58385,1.02939887349272,10.6960915251102,0.72208559462113,1.23449707499325
0.5839,1.02940204974847,10.6960140488749,0.72208559462113,1.23449707499325
0.58395,1.02940522605786,10.6952484434928,0.72208559462113,1.23449707499325
0.584,1.02940840241974,10.6943982648403,0.721708620291228,1.18266704208464
0.58405,1.02941157883304,10.6936118774966,0.721708620291228,1.18266704208464
0.5841,1.02941475356389,10.6935193071129,0.721708620291228,1.18266704208464
0.58415,1.02941792747739,10.6930209801085,0.721708620291228,1.18266704208464
0.5842,1.02942110230323,10.6927664197741,0.721708620291228,1.18266704208464
0.58425,1.02942427717369,10.6922409526556,0.721708620291228,1.18266704208464
0.5843,1.02942745208802,10.6921873341596,0.721708620291228,1.18266704208464
0.58435,1.02943062704381,10.6914314165234,0.721708620291228,1.18266704208464
0.5844,1.02943380203977,10.6915091594589,0.721708620291228,1.18266704208464
0.58445,1.02943697707468,10.6907978914999,0.721708620291228,1.18266704208464
0.5845,1.02944015214603,10.690700382974,0.721708620291228,1.18266704208464
0.58455,1.02944332725303,10.6901858557787,0.721708620291228,1.18266704208464
0.5846,1.02944650239372,10.6899887051051,0.721708620291228,1.18266704208464
0.58465,1.02944967756601,10.6894312213925,0.721708620291228,1.18266704208464
0.5847,1.02945285276914,10.6893789388618,0.721708620291228,1.18266704208464
0.58475,1.02945602800056,10.6886734387539,0.721708620291228,1.18266704208464
0.5848,1.02945920325887,10.6886828050437,0.721708620291228,1.18266704208464
0.58485,1.02946237854281,10.6880291662061,0.721708620291228,1.18266704208464
0.5849,1.02946555384974,10.6879171680104,0.721708620291228,1.18266704208464
0.58495,1.0294687291788,10.6873716841599,0.721708620291228,1.18266704208464
0.585,1.02947190452796,10.6862833561264,0.721330548100454,1.13227831794285
0.58505,1.0294750798951,10.6856384548808,0.721330548100454,1.13227831794285
0.5851,1.02947825354294,10.6855934782622,0.721330548100454,1.13227831794285
0.58515,1.02948142633712,10.6848981769458,0.721330548100454,1.13227831794285
0.5852,1.02948460001269,10.6848522493558,0.721330548100454,1.13227831794285
0.58525,1.02948777370004,10.6842215484418,0.721330548100454,1.13227831794285
0.5853,1.02949094739646,10.6841152568582,0.721330548100454,1.13227831794285
0.58535,1.02949412110102,10.6835086661897,0.721330548100454,1.13227831794285
0.5854,1.02949729481166,10.6834370795449,0.721330548100454,1.13227831794285
0.58545,1.02950046852611,10.6827776980876,0.721330548100454,1.13227831794285
0.5855,1.02950364224352,10.682733976897,0.721330548100454,1.13227831794285
0.58555,1.02950681596124,10.6821056189571,0.721330548100454,1.13227831794285
0.5856,1.02950998967773,10.6819909176509,0.721330548100454,1.13227831794285
0.58565,1.02951316339167,10.6814249736284,0.721330548100454,1.13227831794285
0.5857,1.0295163371003,10.6813081560972,0.721330548100454,1.13227831794285
0.58575,1.02951951080267,10.6806742397672,0.721330548100454,1.13227831794285
0.5858,1.02952268449672,10.6806541194228,0.721330548100454,1.13227831794285
0.58585,1.02952585818014,10.6799642537592,0.721330548100454,1.13227831794285
0.5859,1.02952903185208,10.6799087702956,0.721330548100454,1.13227831794285
0.58595,1.02953220550987,10.6793369112176,0.721330548100454,1.13227831794285
0.586,1.02953537915196,10.6782282530822,0.720951379052282,1.08318730683837
0.58605,1.0295385527771,10.6776710163155,0.720951379052282,1.08318730683837
0.5861,1.02954172464116,10.6775534466765,0.720951379052282,1.08318730683837
0.58615,1.02954489561388,10.676850442649,0.720951379052282,1.08318730683837
0.5862,1.02954806743469,10.6768938383549,0.720951379052282,1.08318730683837
0.58625,1.02955123923053,10.6761440513265,0.720951379052282,1.08318730683837
0.5863,1.02955441100052,10.6760909211843,0.720951379052282,1.08318730683837
0.58635,1.02955758274208,10.6755502930591,0.720951379052282,1.08318730683837
0.5864,1.02956075445362,10.6753058041761,0.720951379052282,1.08318730683837
0.58645,1.02956392613386,10.6748261035632,0.720951379052282,1.08318730683837
0.5865,1.02956709778012,10.6747045520976,0.720951379052282,1.08318730683837
0.58655,1.02957026939141,10.6739878644116,0.720951379052282,1.08318730683837
0.5866,1.02957344096576,10.6740777091517,0.720951379052282,1.08318730683837
0.58665,1.02957661250093,10.6733155454786,0.720951379052282,1.08318730683837
0.5867,1.02957978399604,10.6732426308499,0.720951379052282,1.08318730683837
0.58675,1.02958295544861,10.6727693214371,0.720951379052282,1.08318730683837
0.5868,1.02958612685709,10.6724497903568,0.720951379052282,1.08318730683837
0.58685,1.02958929822023,10.6720286788724,0.720951379052282,1.08318730683837
0.5869,1.02959246953547,10.6718928846448,0.720951379052282,1.08318730683837
0.58695,1.02959564080181,10.6711539788438,0.720951379052282,1.08318730683837
0.587,1.0295988120174,10.6703870251733,0.720571114154795,1.03556744693819
0.58705,1.02960198318014,10.6695658734369,0.720571114154795,1.03556744693819
0.5871,1.02960515254286,10.6694769769768,0.720571114154795,1.03556744693819
0.58715,1.02960832097641,10.6690313941859,0.720571114154795,1.03556744693819
0.5872,1.02961149022564,10.668652467775,0.720571114154795,1.03556744693819
0.58725,1.0296146594162,10.6682557615946,0.720571114154795,1.03556744693819
0.5873,1.02961782854562,10.6681227046149,0.720571114154795,1.03556744693819
0.58735,1.02962099761295,10.6673390359901,0.720571114154795,1.03556744693819
0.5874,1.02962416661648,10.667511123178,0.720571114154795,1.03556744693819
0.58745,1.02962733555413,10.6667052896557,0.720571114154795,1.03556744693819
0.5875,1.02963050442511,10.6665934661744,0.720571114154795,1.03556744693819
0.58755,1.02963367322724,10.6662269969985,0.720571114154795,1.03556744693819
0.5876,1.02963684195909,10.6657798068212,0.720571114154795,1.03556744693819
0.58765,1.02964001061959,10.6654450344711,0.720571114154795,1.03556744693819
0.5877,1.02964317920648,10.6652980462168,0.720571114154795,1.03556744693819
0.58775,1.02964634771886,10.6645063187089,0.720571114154795,1.03556744693819
0.5878,1.02964951615515,10.6646999656777,0.720571114154795,1.03556744693819
0.58785,1.02965268451346,10.6638977467799,0.720571114154795,1.03556744693819
0.5879,1.02965585279303,10.6637515182014,0.720571114154795,1.03556744693819
0.58795,1.02965902099191,10.6634500677438,0.720571114154795,1.03556744693819
0.588,1.02966218910875,10.6620679805437,0.720189754422542,0.989277477980799
0.58805,1.02966535714267,10.6617385048143,0.720189754422542,0.989277477980799
0.5881,1.02966852334038,10.6615873622833,0.720189754422542,0.989277477980799
0.58815,1.02967168857669,10.6607506954999,0.720189754422542,0.989277477980799
0.5882,1.02967485460152,10.6609744538465,0.720189754422542,0.989277477980799
0.58825,1.02967802053746,10.6601487119468,0.720189754422542,0.989277477980799
0.5883,1.02968118638383,10.6599848766544,0.720189754422542,0.989277477980799
0.58835,1.02968435213892,10.6597179618469,0.720189754422542,0.989277477980799
0.5884,1.0296875178015,10.6591606002903,0.720189754422542,0.989277477980799
0.58845,1.02969068337072,10.6588955898767,0.720189754422542,0.989277477980799
0.5885,1.02969384884484,10.6587398262823,0.720189754422542,0.989277477980799
0.58855,1.02969701422305,10.6579106896116,0.720189754422542,0.989277477980799
0.5886,1.02970017950418,10.6581481244976,0.720189754422542,0.989277477980799
0.58865,1.02970334468675,10.6573418395276,0.720189754422542,0.989277477980799
0.5887,1.02970650977012,10.6571451697833,0.720189754422542,0.989277477980799
0.58875,1.02970967475287,10.6569384741928,0.720189754422542,0.989277477980799
0.5888,1.02971283963392,10.6563292692406,0.720189754422542,0.989277477980799
0.58885,1.02971600441255,10.6561041506171,0.720189754422542,0.989277477980799
0.5889,1.02971916908731,10.6559376310323,0.720189754422542,0.989277477980799
0.58895,1.02972233365749,10.6551070390377,0.720189754422542,0.989277477980799
0.589,1.02972549812212,10.6545091080222,0.719807300878356,0.944465262535955
0.58905,1.02972866248004,10.6536754598821,0.719807300878356,0.944465262535955
0.5891,1.02973182497455,10.6534557689541,0.719807300878356,0.944465262535955
0.58915,1.0297349864826,10.6532636359812,0.719807300878356,0.944465262535955
0.5892,1.02973814875953,10.652625721644,0.719807300878356,0.944465262535955
0.58925,1.02974131092661,10.652402348944,0.719807300878356,0.944465262535955
0.5893,1.02974447298268,10.652243832625,0.719807300878356,0.944465262535955
0.58935,1.02974763492715,10.6513901687463,0.719807300878356,0.944465262535955
0.5894,1.02975079675929,10.6516470071564,0.719807300878356,0.944465262535955
0.58945,1.02975395847813,10.6508536440897,0.719807300878356,0.944465262535955
0.5895,1.02975712008321,10.650609419931,0.719807300878356,0.944465262535955
0.58955,1.02976028157372,10.6504736348725,0.719807300878356,0.944465262535955
0.5896,1.02976344294893,10.649804734039,0.719807300878356,0.944465262535955
0.58965,1.02976660420841,10.6496149369526,0.719807300878356,0.944465262535955
0.5897,1.02976976535135,10.6494491580273,0.719807300878356,0.944465262535955
0.58975,1.02977292637726,10.6486086206455,0.719807300878356,0.944465262535955
0.5898,1.02977608728567,10.648855347921,0.719807300878356,0.944465262535955
0.58985,1.02977924807588,10.6480910811557,0.719807300878356,0.944465262535955
0.5899,1.02978240874755,10.6478139441932,0.719807300878356,0.944465262535955
0.58995,1.02978556930017,10.6477177783626,0.719807300878356,0.944465262535955
0.59,1.02978872973324,10.6462075923221,0.719423754554932,0.901043277630965
0.59005,1.02979189004653,10.6459981686239,0.719423754554932,0.901043277630965
0.5901,1.0297950484785,10.6458315460459,0.719423754554932,0.901043277630965
0.59015,1.02979820590936,10.6449738653004,0.719423754554932,0.901043277630965
0.5902,1.02980136410001,10.6452144417208,0.719423754554932,0.901043277630965
0.59025,1.02980452216946,10.6444561041985,0.719423754554932,0.901043277630965
0.5903,1.02980768011747,10.6441613652048,0.719423754554932,0.901043277630965
0.59035,1.02981083794387,10.6440759553775,0.719423754554932,0.901043277630965
0.5904,1.02981399564835,10.6433740771322,0.719423754554932,0.901043277630965
0.59045,1.02981715323078,10.6432036490645,0.719423754554932,0.901043277630965
0.5905,1.02982031069106,10.6430303397185,0.719423754554932,0.901043277630965
0.59055,1.02982346802895,10.6422110758541,0.719423754554932,0.901043277630965
0.5906,1.02982662524448,10.6424244025395,0.719423754554932,0.901043277630965
0.59065,1.02982978233756,10.6417161660341,0.719423754554932,0.901043277630965
0.5907,1.02983293930807,10.6413872579655,0.719423754554932,0.901043277630965
0.59075,1.02983609615616,10.6413385265351,0.719423754554932,0.901043277630965
0.5908,1.02983925288175,10.6406197822948,0.719423754554932,0.901043277630965
0.59085,1.02984240948487,10.6404701351389,0.719423754554932,0.901043277630965
0.5909,1.02984556596577,10.6402779223233,0.719423754554932,0.901043277630965
0.59095,1.02984872232436,10.639495274006,0.719423754554932,0.901043277630965
0.591,1.02985187856089,10.6388807146409,0.719039116495994,0.859075754491775
0.59105,1.02985503467568,10.6381823079315,0.719039116495994,0.859075754491775
0.5911,1.02985818890271,10.6378261550313,0.719039116495994,0.859075754491775
0.59115,1.0298613421255,10.6377732969237,0.719039116495994,0.859075754491775
0.5912,1.02986449611021,10.6370562451804,0.719039116495994,0.859075754491775
0.59125,1.02986764997399,10.6368960865784,0.719039116495994,0.859075754491775
0.5913,1.02987080371743,10.6366971639219,0.719039116495994,0.859075754491775
0.59135,1.02987395734058,10.6359356464813,0.719039116495994,0.859075754491775
0.5914,1.02987711084395,10.6360726408372,0.719039116495994,0.859075754491775
0.59145,1.02988026422807,10.6354486743932,0.719039116495994,0.859075754491775
0.5915,1.02988341749304,10.6350636224195,0.719039116495994,0.859075754491775
0.59155,1.02988657063967,10.6350459413387,0.719039116495994,0.859075754491775
0.5916,1.02988972366831,10.6343271386612,0.719039116495994,0.859075754491775
0.59165,1.0298928765793,10.6341884598009,0.719039116495994,0.859075754491775
0.5917,1.02989602937358,10.6339660743324,0.719039116495994,0.859075754491775
0.59175,1.02989918205135,10.6332607759899,0.719039116495994,0.859075754491775
0.5918,1.02990233461334,10.6333399609496,0.719039116495994,0.859075754491775
0.59185,1.02990548706039,10.632777498388,0.719039116495994,0.859075754491775
0.5919,1.02990863939272,10.6323587273827,0.719039116495994,0.859075754491775
0.59195,1.02991179161141,10.6323578047152,0.719039116495994,0.859075754491775
0.592,1.02991494371706,10.6308827738748,0.718653387756933,0.818561548069906
0.59205,1.0299180957102,10.6307149093381,0.718653387756933,0.818561548069906
0.5921,1.02992124582123,10.6304762276558,0.718653387756933,0.818561548069906
0.59215,1.02992439493594,10.6297959692818,0.718653387756933,0.818561548069906
0.5922,1.02992754482621,10.6298257238508,0.718653387756933,0.818561548069906
0.59225,1.0299306946077,10.6292968295983,0.718653387756933,0.818561548069906
0.5923,1.02993384428069,10.6288648865323,0.718653387756933,0.818561548069906
0.59235,1.02993699384658,10.6288482652093,0.718653387756933,0.818561548069906
0.5924,1.02994014330616,10.628160057383,0.718653387756933,0.818561548069906
0.59245,1.02994329266004,10.6280140021873,0.718653387756933,0.818561548069906
0.5925,1.0299464419098,10.6277578030304,0.718653387756933,0.818561548069906
0.59255,1.02994959105591,10.6271481802091,0.718653387756933,0.818561548069906
0.5926,1.0299527400995,10.6271166929437,0.718653387756933,0.818561548069906
0.59265,1.02995588904199,10.6266535934515,0.718653387756933,0.818561548069906
0.5927,1.02995903788379,10.6262012000498,0.718653387756933,0.818561548069906
0.59275,1.02996218662654,10.6261862588019,0.718653387756933,0.818561548069906
0.5928,1.02996533527124,10.6255200070332,0.718653387756933,0.818561548069906
0.59285,1.02996848381862,10.6253739889815,0.718653387756933,0.818561548069906
0.5929,1.02997163227053,10.6250944032418,0.718653387756933,0.818561548069906
0.59295,1.02997478062759,10.6245460481716,0.718653387756933,0.818561548069906
0.593,1.02997792889108,10.6237164055197,0.718266569404849,0.779459143773621
0.59305,1.02998107706276,10.6232720029569,0.718266569404849,0.779459143773621
0.5931,1.02998422336733,10.6228135615215,0.718266569404849,0.779459143773621
0.59315,1.02998736869458,10.622756287005,0.718266569404849,0.779459143773621
0.5932,1.02999051482154,10.6221331414621,0.718266569404849,0.779459143773621
0.59325,1.02999366086108,10.6219542565096,0.718266569404849,0.779459143773621
0.5933,1.02999680681532,10.6216673298348,0.718266569404849,0.779459143773621
0.59335,1.02999995268499,10.6211588572299,0.718266569404849,0.779459143773621
0.5934,1.03000309847152,10.6210106245962,0.718266569404849,0.779459143773621
0.59345,1.03000624417682,10.62063711745,0.718266569404849,0.779459143773621
0.5935,1.03000938980148,10.6201767467339,0.718266569404849,0.779459143773621
0.59355,1.03001253534755,10.6201105891208,0.718266569404849,0.779459143773621
0.5936,1.03001568081641,10.6195282063176,0.718266569404849,0.779459143773621
0.59365,1.03001882620897,10.6193453195354,0.718266569404849,0.779459143773621
0.5937,1.03002197152754,10.6190376312665,0.718266569404849,0.779459143773621
0.59375,1.03002511677298,10.6185971098348,0.718266569404849,0.779459143773621
0.5938,1.03002826194685,10.6183817299316,0.718266569404849,0.779459143773621
0.59385,1.03003140705124,10.618062041112,0.718266569404849,0.779459143773621
0.5939,1.03003455208684,10.6175973804683,0.718266569404849,0.779459143773621
0.59395,1.03003769705583,10.6175058512271,0.718266569404849,0.779459143773621
0.594,1.03004084195976,10.616260758276,0.717878662517976,0.741840924147506
0.59405,1.03004398679966,10.6160293124607,0.717878662517976,0.741840924147506
0.5941,1.03004712979734,10.6157066352311,0.717878662517976,0.741840924147506
0.59415,1.03005027184414,10.6153032610359,0.717878662517976,0.741840924147506
0.5942,1.03005341472241,10.6150311684481,0.717878662517976,0.741840924147506
0.59425,1.03005655754404,10.6147374379643,0.717878662517976,0.741840924147506
0.5943,1.03005970030975,10.6142862521394,0.717878662517976,0.741840924147506
0.59435,1.03006284302188,10.6141434001453,0.717878662517976,0.741840924147506
0.5944,1.03006598568206,10.6136620135603,0.717878662517976,0.741840924147506
0.59445,1.03006912829135,10.6134346948218,0.717878662517976,0.741840924147506
0.5945,1.03007227085237,10.613092740316,0.717878662517976,0.741840924147506
0.59455,1.03007541336614,10.6127689256967,0.717878662517976,0.741840924147506
0.5946,1.0300785558344,10.612429957833,0.717878662517976,0.741840924147506
0.59465,1.03008169825952,10.6121922133654,0.717878662517976,0.741840924147506
0.5947,1.03008484064229,10.6117442556218,0.717878662517976,0.741840924147506
0.59475,1.03008798298512,10.6115725361232,0.717878662517976,0.741840924147506
0.5948,1.03009112528977,10.6111366605492,0.717878662517976,0.741840924147506
0.59485,1.0300942675573,10.6108997590278,0.717878662517976,0.741840924147506
0.5949,1.03009740979044,10.6105293285901,0.717878662517976,0.741840924147506
0.59495,1.03010055199028,10.6102766726653,0.717878662517976,0.741840924147506
0.595,1.03010369415858,10.6091882038421,0.717489668184557,0.705583126453343
0.59505,1.03010683629787,10.6089630944819,0.717489668184557,0.705583126453343
0.5951,1.03010997662341,10.6085279271695,0.717489668184557,0.705583126453343
0.59515,1.03011311603046,10.6082929878658,0.717489668184557,0.705583126453343
0.5952,1.03011625630644,10.6079144460316,0.717489668184557,0.705583126453343
0.59525,1.03011939655962,10.6076431548995,0.717489668184557,0.705583126453343
0.5953,1.03012253679275,10.6072566641145,0.717489668184557,0.705583126453343
0.59535,1.030125677007,10.6070540696168,0.717489668184557,0.705583126453343
0.5954,1.03012881720411,10.606590223304,0.717489668184557,0.705583126453343
0.59545,1.03013195738659,10.606425048133,0.717489668184557,0.705583126453343
0.5955,1.03013509755532,10.6060040507498,0.717489668184557,0.705583126453343
0.59555,1.03013823771271,10.6057419249988,0.717489668184557,0.705583126453343
0.5956,1.03014137786064,10.6054125501141,0.717489668184557,0.705583126453343
0.59565,1.03014451800021,10.6051371378421,0.717489668184557,0.705583126453343
0.5957,1.03014765813416,10.6047222284081,0.717489668184557,0.705583126453343
0.59575,1.03015079826369,10.6045918348752,0.717489668184557,0.705583126453343
0.5958,1.03015393839053,10.6040632584402,0.717489668184557,0.705583126453343
0.59585,1.03015707851719,10.6039388500191,0.717489668184557,0.705583126453343
0.5959,1.03016021864454,10.6035294645135,0.717489668184557,0.705583126453343
0.59595,1.03016335877498,10.6032277897824,0.717489668184557,0.705583126453343
0.596,1.03016649891038,10.6022932618333,0.717099587501283,0.670790050759077
0.59605,1.03016963905188,10.601973468227,0.717099587501283,0.670790050759077
0.5961,1.03017277741173,10.6015381935367,0.717099587501283,0.670790050759077
0.59615,1.03017591488638,10.601445109577,0.717099587501283,0.670790050759077
0.5962,1.030179053268,10.6008683709797,0.717099587501283,0.670790050759077
0.59625,1.03018219166379,10.6007537904795,0.717099587501283,0.670790050759077
0.5963,1.03018533007462,10.6003736719654,0.717099587501283,0.670790050759077
0.59635,1.0301884685028,10.6000098381873,0.717099587501283,0.670790050759077
0.5964,1.03019160695017,10.5997873351867,0.717099587501283,0.670790050759077
0.59645,1.0301947454178,10.5994712040456,0.717099587501283,0.670790050759077
0.5965,1.03019788390826,10.5990159034019,0.717099587501283,0.670790050759077
0.59655,1.03020102242277,10.5989917030616,0.717099587501283,0.670790050759077
0.5966,1.03020416096292,10.5983651715357,0.717099587501283,0.670790050759077
0.59665,1.03020729953108,10.598282629821,0.717099587501283,0.670790050759077
0.5967,1.03021043812814,10.5979236812666,0.717099587501283,0.670790050759077
0.59675,1.03021357675626,10.5975198104412,0.717099587501283,0.670790050759077
0.5968,1.03021671541725,10.5973431017411,0.717099587501283,0.670790050759077
0.59685,1.03021985411211,10.5970172239204,0.717099587501283,0.670790050759077
0.5969,1.03022299284329,10.5965375592167,0.717099587501283,0.670790050759077
0.59695,1.03022613161195,10.5965673583451,0.717099587501283,0.670790050759077
0.597,1.03022927041961,10.5952673831711,0.716708421571446,0.637303696237418
0.59705,1.03023240926856,10.5951726398423,0.716708421571446,0.637303696237418
0.5971,1.03023554636432,10.5948435321643,0.716708421571446,0.637303696237418
0.59715,1.0302386826066,10.5943708010139,0.716708421571446,0.637303696237418
0.5972,1.03024181979247,10.5942473370702,0.716708421571446,0.637303696237418
0.59725,1.03024495702517,10.5938895946857,0.716708421571446,0.637303696237418
0.5973,1.03024809430695,10.5933994888347,0.716708421571446,0.637303696237418
0.59735,1.03025123163894,10.5934587747998,0.716708421571446,0.637303696237418
0.5974,1.03025436902251,10.5927587767319,0.716708421571446,0.637303696237418
0.59745,1.03025750645973,10.5926940234008,0.716708421571446,0.637303696237418
0.5975,1.03026064395143,10.5923931950856,0.716708421571446,0.637303696237418
0.59755,1.0302637814994,10.5918903420096,0.716708421571446,0.637303696237418
0.5976,1.03026691910526,10.5918067873527,0.716708421571446,0.637303696237418
0.59765,1.03027005676987,10.591448237999,0.716708421571446,0.637303696237418
0.5977,1.03027319449526,10.5909363312693,0.716708421571446,0.637303696237418
0.59775,1.0302763322825,10.5910432275176,0.716708421571446,0.637303696237418
0.5978,1.0302794701328,10.590308029977,0.716708421571446,0.637303696237418
0.59785,1.03028260804804,10.5902570083651,0.716708421571446,0.637303696237418
0.5979,1.03028574602897,10.5899765697233,0.716708421571446,0.637303696237418
0.59795,1.0302888840772,10.5894399947758,0.716708421571446,0.637303696237418
0.598,1.03029202219418,10.5887849736794,0.716316171503003,0.605207942228617
0.59805,1.03029516038072,10.5883934308296,0.716316171503003,0.605207942228617
0.5981,1.03029829683843,10.5878653275429,0.716316171503003,0.605207942228617
0.59815,1.03030143246839,10.5879873613412,0.716316171503003,0.605207942228617
0.5982,1.03030456907188,10.5872316468092,0.716316171503003,0.605207942228617
0.59825,1.03030770575042,10.5871691864322,0.716316171503003,0.605207942228617
0.5983,1.03031084250466,10.5869184108185,0.716316171503003,0.605207942228617
0.59835,1.03031397933599,10.5863360613346,0.716316171503003,0.605207942228617
0.5984,1.03031711624566,10.5863163253429,0.716316171503003,0.605207942228617
0.59845,1.03032025323436,10.5859414038812,0.716316171503003,0.605207942228617
0.5985,1.03032339030357,10.5853952909833,0.716316171503003,0.605207942228617
0.59855,1.03032652745417,10.5855617440432,0.716316171503003,0.605207942228617
0.5986,1.03032966468701,10.5847830515225,0.716316171503003,0.605207942228617
0.59865,1.03033280200349,10.5847331208638,0.716316171503003,0.605207942228617
0.5987,1.0303359394042,10.5844980000932,0.716316171503003,0.605207942228617
0.59875,1.03033907689024,10.5838980606398,0.716316171503003,0.605207942228617
0.5988,1.03034221446268,10.5838922641343,0.716316171503003,0.605207942228617
0.59885,1.03034535212208,10.5835252267396,0.716316171503003,0.605207942228617
0.5989,1.03034848986964,10.5829566103164,0.716316171503003,0.605207942228617
0.59895,1.03035162770609,10.583152437052,0.716316171503003,0.605207942228617
0.599,1.03035476563212,10.581777138914,0.715922838406746,0.574375767198821
0.59905,1.03035790364885,10.5817006457058,0.715922838406746,0.574375767198821
0.5991,1.03036103995174,10.5814850044633,0.715922838406746,0.574375767198821
0.59915,1.03036417544418,10.580845807555,0.715922838406746,0.574375767198821
0.5992,1.03036731193208,10.5808573135468,0.715922838406746,0.574375767198821
0.59925,1.03037044851334,10.5804781504239,0.715922838406746,0.574375767198821
0.5993,1.03037358518881,10.5799024465231,0.715922838406746,0.574375767198821
0.59935,1.03037672195909,10.5801009589825,0.715922838406746,0.574375767198821
0.5994,1.03037985882465,10.5793048844656,0.715922838406746,0.574375767198821
0.59945,1.03038299578627,10.5792393932461,0.715922838406746,0.574375767198821
0.5995,1.03038613284437,10.579041059687,0.715922838406746,0.574375767198821
0.59955,1.03038926999947,10.578399359165,0.715922838406746,0.574375767198821
0.5996,1.03039240725219,10.5784163962102,0.715922838406746,0.574375767198821
0.59965,1.03039554460284,10.578050303231,0.715922838406746,0.574375767198821
0.5997,1.03039868205194,10.5774630158284,0.715922838406746,0.574375767198821
0.59975,1.03040181959994,10.5776739203954,0.715922838406746,0.574375767198821
0.5998,1.03040495724712,10.5768782907368,0.715922838406746,0.574375767198821
0.59985,1.03040809499392,10.5768047870353,0.715922838406746,0.574375767198821
0.5999,1.03041123284065,10.576618865494,0.715922838406746,0.574375767198821
0.59995,1.03041437078755,10.5759691240488,0.715922838406746,0.574375767198821
0.6,1.03041750883497,10.5754327794992,0.715528423394757,0.544834386360688
