Time_s,GEN51_pickup,GSUT51_pickup,GEN51N_pickup,87G_pickup,87T_pickup,87B_pickup,87L_pickup,GEN51_trip,GSUT51_trip,GEN51N_trip,87G_trip,87T_trip,87B_trip,87L_trip,GEN51_timer_s,GSUT51_timer_s,GEN51N_timer_s,87G_timer_s,87T_timer_s,87B_timer_s,87L_timer_s,GEN51_operating_time_s,GSUT51_operating_time_s,GEN51N_operating_time_s,87G_operating_time_s,87T_operating_time_s,87B_operating_time_s,87L_operating_time_s,GEN51_secondary_A,GSUT51_secondary_A,GEN51N_secondary_A,87G_differential_A,87T_differential_A,87B_differential_A,87L_differential_A,87G_restraint_A,87T_restraint_A,87B_restraint_A,87L_restraint_A,87G_threshold_A,87T_threshold_A,87B_threshold_A,87L_threshold_A
0,0,0,0,0,0,0,0,0,0,0,0,0,0,0,0,0,0,0,0,0,0,Inf,Inf,Inf,0.045,0.045,0.035,0.035,0,0,0,0,0,0,0,0,0,0,0,2403.8,387.84,320,320
0.001,0,0,0,0,0,0,0,0,0,0,0,0,0,0,0,0,0,0,0,0,0,Inf,Inf,Inf,0.045,0.045,0.035,0.035,0,0,0,0,0,0,0,0,0,0,0,2403.8,387.84,320,320
0.002,0,0,0,0,0,0,0,0,0,0,0,0,0,0,0,0,0,0,0,0,0,Inf,Inf,Inf,0.045,0.045,0.035,0.035,0,0,0,0,0,0,0,0,0,0,0,2403.8,387.84,320,320
0.003,0,0,0,0,0,0,0,0,0,0,0,0,0,0,0,0,0,0,0,0,0,Inf,Inf,Inf,0.045,0.045,0.035,0.035,0,0,0,0,0,0,0,0,0,0,0,2403.8,387.84,320,320
0.004,0,0,0,0,0,0,0,0,0,0,0,0,0,0,0,0,0,0,0,0,0,Inf,Inf,Inf,0.045,0.045,0.035,0.035,0,0,0,0,0,0,0,0,0,0,0,2403.8,387.84,320,320
0.005,0,0,0,0,0,0,0,0,0,0,0,0,0,0,0,0,0,0,0,0,0,Inf,Inf,Inf,0.045,0.045,0.035,0.035,0,0,0,0,0,0,0,0,0,0,0,2403.8,387.84,320,320
0.006,0,0,0,0,0,0,0,0,0,0,0,0,0,0,0,0,0,0,0,0,0,Inf,Inf,Inf,0.045,0.045,0.035,0.035,0,0,0,0,0,0,0,0,0,0,0,2403.8,387.84,320,320
0.007,0,0,0,0,0,0,0,0,0,0,0,0,0,0,0,0,0,0,0,0,0,Inf,Inf,Inf,0.045,0.045,0.035,0.035,0,0,0,0,0,0,0,0,0,0,0,2403.8,387.84,320,320
0.008,0,0,0,0,0,0,0,0,0,0,0,0,0,0,0,0,0,0,0,0,0,Inf,Inf,Inf,0.045,0.045,0.035,0.035,0,0,0,0,0,0,0,0,0,0,0,2403.8,387.84,320,320
0.009,0,0,0,0,0,0,0,0,0,0,0,0,0,0,0,0,0,0,0,0,0,Inf,Inf,Inf,0.045,0.045,0.035,0.035,0,0,0,0,0,0,0,0,0,0,0,2403.8,387.84,320,320
0.01,0,0,0,0,0,0,0,0,0,0,0,0,0,0,0,0,0,0,0,0,0,Inf,Inf,Inf,0.045,0.045,0.035,0.035,0,0,0,0,0,0,0,0,0,0,0,2403.8,387.84,320,320
0.011,0,0,0,0,0,0,0,0,0,0,0,0,0,0,0,0,0,0,0,0,0,Inf,Inf,Inf,0.045,0.045,0.035,0.035,0,0,0,0,0,0,0,0,0,0,0,2403.8,387.84,320,320
0.012,0,0,0,0,0,0,0,0,0,0,0,0,0,0,0,0,0,0,0,0,0,Inf,Inf,Inf,0.045,0.045,0.035,0.035,0,0,0,0,0,0,0,0,0,0,0,2403.8,387.84,320,320
0.013,0,0,0,0,0,0,0,0,0,0,0,0,0,0,0,0,0,0,0,0,0,Inf,Inf,Inf,0.045,0.045,0.035,0.035,0,0,0,0,0,0,0,0,0,0,0,2403.8,387.84,320,320
0.014,0,0,0,0,0,0,0,0,0,0,0,0,0,0,0,0,0,0,0,0,0,Inf,Inf,Inf,0.045,0.045,0.035,0.035,0,0,0,0,0,0,0,0,0,0,0,2403.8,387.84,320,320
0.015,0,0,0,0,0,0,0,0,0,0,0,0,0,0,0,0,0,0,0,0,0,Inf,Inf,Inf,0.045,0.045,0.035,0.035,0,0,0,0,0,0,0,0,0,0,0,2403.8,387.84,320,320
0.016,0,0,0,0,0,0,0,0,0,0,0,0,0,0,0,0,0,0,0,0,0,Inf,Inf,Inf,0.045,0.045,0.035,0.035,0,0,0,0,0,0,0,0,0,0,0,2403.8,387.84,320,320
0.017,0,0,0,0,0,0,0,0,0,0,0,0,0,0,0,0,0,0,0,0,0,Inf,Inf,Inf,0.045,0.045,0.035,0.035,0,0,0,0,0,0,0,0,0,0,0,2403.8,387.84,320,320
0.018,0,0,0,0,0,0,0,0,0,0,0,0,0,0,0,0,0,0,0,0,0,Inf,Inf,Inf,0.045,0.045,0.035,0.035,0,0,0,0,0,0,0,0,0,0,0,2403.8,387.84,320,320
0.019,0,0,0,0,0,0,0,0,0,0,0,0,0,0,0,0,0,0,0,0,0,Inf,Inf,Inf,0.045,0.045,0.035,0.035,0,0,0,0,0,0,0,0,0,0,0,2403.8,387.84,320,320
0.02,0,0,0,0,0,0,0,0,0,0,0,0,0,0,0,0,0,0,0,0,0,Inf,Inf,Inf,0.045,0.045,0.035,0.035,0,0,0,0,0,0,0,0,0,0,0,2403.8,387.84,320,320
0.021,0,0,0,0,0,0,0,0,0,0,0,0,0,0,0,0,0,0,0,0,0,Inf,Inf,Inf,0.045,0.045,0.035,0.035,0.631598254619581,0.543080883090935,2.96845251272552e-12,1.27012968975684e-05,1.67713648579591,0.000132651016580081,0.522391060020208,9473.92376373609,869.120537402139,868.92602830437,868.908457105431,2842.17712912083,387.84,320,320
0.022,0,0,0,0,0,0,0,0,0,0,0,0,0,0,0,0,0,0,0,0,0,Inf,Inf,Inf,0.045,0.045,0.035,0.035,0.631597322832722,0.543079344718434,2.96845218882179e-12,1.27021071432426e-05,1.67713652841011,0.000132650994613263,0.522385579820085,9473.91539278797,869.122343639662,868.928373026752,868.901734891388,2842.17461783639,387.84,320,320
0.023,0,0,0,0,0,0,0,0,0,0,0,0,0,0,0,0,0,0,0,0,0,Inf,Inf,Inf,0.045,0.045,0.035,0.035,0.631595675162903,0.543078894230086,2.96844963141067e-12,1.27020673521983e-05,1.67713641576798,0.000132651027481509,0.522358190408265,9473.88814841934,869.119014920242,868.924538382999,868.90529567149,2842.1664445258,387.84,320,320
0.024,0,0,0,0,0,0,0,0,0,0,0,0,0,0,0,0,0,0,0,0,0,Inf,Inf,Inf,0.045,0.045,0.035,0.035,0.631594541753654,0.543077821486788,2.96844384679209e-12,1.27020331416425e-05,1.67713585954896,0.000132650994623572,0.522358452999972,9473.8717552818,869.115992914031,868.923039968344,868.899159865813,2842.16152658454,387.84,320,320
0.025,0,0,0,0,0,0,0,0,0,0,0,0,0,0,0,0,0,0,0,0,0,Inf,Inf,Inf,0.045,0.045,0.035,0.035,0.631593852339931,0.543076163592403,2.96843515624372e-12,1.2702016491202e-05,1.677135347907,0.000132651027279681,0.522386045980582,9473.86580983187,869.113821052104,868.919347487503,868.900699817142,2842.15974294956,387.84,320,320
0.026,0,0,0,0,0,0,0,0,0,0,0,0,0,0,0,0,0,0,0,0,0,Inf,Inf,Inf,0.045,0.045,0.035,0.035,0.631592459164292,0.543075733843492,2.96842504711819e-12,1.27018588707804e-05,1.6771350157578,0.00013265101574543,0.522356082183802,9473.84073514033,869.11462717089,868.922595565167,868.897775846387,2842.1522205421,387.84,320,320
0.027,0,0,0,0,0,0,0,0,0,0,0,0,0,0,0,0,0,0,0,0,0,Inf,Inf,Inf,0.045,0.045,0.035,0.035,0.631591022894933,0.543074881706181,2.96841556725546e-12,1.27018431108889e-05,1.67713481114898,0.00013265100699843,0.522406753947995,9473.82228515359,869.111606079833,868.917972083409,868.895623688378,2842.14668554608,387.84,320,320
0.028,0,0,0,0,0,0,0,0,0,0,0,0,0,0,0,0,0,0,0,0,0,Inf,Inf,Inf,0.045,0.045,0.035,0.035,0.631590535239557,0.543073426076316,2.96840849049422e-12,1.27018308533247e-05,1.67713445664757,0.000132651007798113,0.522355654583249,9473.81447136283,869.109290761495,868.918029549427,868.892439576955,2842.14434140885,387.84,320,320
0.029,0,0,0,0,0,0,0,0,0,0,0,0,0,0,0,0,0,0,0,0,0,Inf,Inf,Inf,0.045,0.045,0.035,0.035,0.631589387452622,0.543072722633341,2.96840463287891e-12,1.27013281390916e-05,1.67713407335937,0.000132651021865797,0.52239878519607,9473.79602835569,869.107972082896,868.91596067723,868.895414196997,2842.13880850671,387.84,320,320
0.03,0,0,0,0,0,0,0,0,0,0,0,0,0,0,0,0,0,0,0,0,0,Inf,Inf,Inf,0.045,0.045,0.035,0.035,0.631587626005008,0.543072067377249,2.96840355879951e-12,1.27013318454187e-05,1.67713395635486,0.000132651006135634,0.522358460667606,9473.77559496482,869.107472099947,868.913058820541,868.890619849682,2842.13267848945,387.84,320,320
0.031,0,0,0,0,0,0,0,0,0,0,0,0,0,0,0,0,0,0,0,0,0,Inf,Inf,Inf,0.045,0.045,0.035,0.035,0.631587311582001,0.543070821464,2.96840378975487e-12,1.27013336064231e-05,1.67713389692954,0.000132651042373384,0.522360231003921,9473.76549919886,869.10501270808,868.910502088825,868.892377011814,2842.12964975966,387.84,320,320
0.032,0,0,0,0,0,0,0,0,0,0,0,0,0,0,0,0,0,0,0,0,0,Inf,Inf,Inf,0.045,0.045,0.035,0.035,0.631586398759161,0.543069746443127,2.9684034120212e-12,1.27021035195184e-05,1.67713361310337,0.000132651008011547,0.522360485693969,9473.75371907418,869.10649104602,868.913015682675,868.889654403183,2842.12611572225,387.84,320,320
0.033,0,0,0,0,0,0,0,0,0,0,0,0,0,0,0,0,0,0,0,0,0,Inf,Inf,Inf,0.045,0.045,0.035,0.035,0.631584854675348,0.543069283799452,2.96840081713813e-12,1.27021295808918e-05,1.67713361404353,0.000132651034183393,0.522379118126565,9473.7310488726,869.103535876635,868.90905716351,868.885965678342,2842.11931466178,387.84,320,320
0.034,0,0,0,0,0,0,0,0,0,0,0,0,0,0,0,0,0,0,0,0,0,Inf,Inf,Inf,0.045,0.045,0.035,0.035,0.631584139721119,0.543068254257236,2.96839529770547e-12,1.27021409842768e-05,1.67713353457734,0.000132651017385441,0.522356835856506,9473.7181741697,869.105127015546,868.908277648296,868.888274250417,2842.11545225091,387.84,320,320
0.035,0,0,0,0,0,0,0,0,0,0,0,0,0,0,0,0,0,0,0,0,0,Inf,Inf,Inf,0.045,0.045,0.035,0.035,0.631583464295692,0.5430667990433,2.96838728324097e-12,1.27019071153985e-05,1.6771335739802,0.000132651019976699,0.522400426319012,9473.71356613151,869.10267309933,868.908299824076,868.885943148801,2842.11406983945,387.84,320,320
0.036,0,0,0,0,0,0,0,0,0,0,0,0,0,0,0,0,0,0,0,0,0,Inf,Inf,Inf,0.045,0.045,0.035,0.035,0.631582158199327,0.543066510074415,2.9683781422807e-12,1.27019288987168e-05,1.67713367863519,0.000132651021693808,0.522356284223103,9473.68878222403,869.102348029635,868.90372816002,868.882960654254,2842.10663466721,387.84,320,320
0.037,0,0,0,0,0,0,0,0,0,0,0,0,0,0,0,0,0,0,0,0,0,Inf,Inf,Inf,0.045,0.045,0.035,0.035,0.631580936189696,0.543065705943139,2.9683696445633e-12,1.27019455569579e-05,1.67713375442093,0.000132651030214106,0.522390185748107,9473.67277443311,869.101063242462,868.906550811646,868.881187300019,2842.10183232993,387.84,320,320
0.038,0,0,0,0,0,0,0,0,0,0,0,0,0,0,0,0,0,0,0,0,0,Inf,Inf,Inf,0.045,0.045,0.035,0.035,0.63158047871362,0.543064365283504,2.96836330016562e-12,1.27019587128548e-05,1.67713388872809,0.000132651022418373,0.522354312920219,9473.66602452407,869.09891973619,868.903596762429,868.878171445626,2842.09980735722,387.84,320,320
0.039,0,0,0,0,0,0,0,0,0,0,0,0,0,0,0,0,0,0,0,0,0,Inf,Inf,Inf,0.045,0.045,0.035,0.035,0.631579422434328,0.543063713498301,2.96835979729191e-12,1.27013802959373e-05,1.6771338933213,0.000132651048351583,0.522360110214316,9473.64933945673,869.096221973426,868.901706940457,868.881008478875,2842.09480183702,387.84,320,320
0.04,0,0,0,0,0,0,0,0,0,0,0,0,0,0,0,0,0,0,0,0,0,Inf,Inf,Inf,0.045,0.045,0.035,0.035,0.631577813655253,0.543063119261614,2.96835877220754e-12,1.2701390878394e-05,1.67713423485843,0.000132651021584117,0.5223683069675,9473.63046048389,869.09689168338,868.898933901824,868.880056081404,2842.08913814517,387.84,320,320
0.041,0,0,0,0,0,0,0,0,0,0,0,0,0,0,0,0,0,0,0,0,0,Inf,Inf,Inf,0.045,0.045,0.035,0.035,0.631577452205574,0.54306198405998,2.96835894645611e-12,1.27014026013996e-05,1.67713433031637,0.000132651042219466,0.522365726205236,9473.62081254366,869.095076799401,868.896663836717,868.874323880079,2842.0862437631,387.84,320,320
0.042,0,0,0,0,0,0,0,0,0,0,0,0,0,0,0,0,0,0,0,0,0,Inf,Inf,Inf,0.045,0.045,0.035,0.035,0.631576629877127,0.543060915993612,2.96835861879438e-12,1.27021325199442e-05,1.67713441899537,0.000132651022070469,0.522370089162588,9473.61110146465,869.092585002976,868.898886873789,868.875733368552,2842.0833304394,387.84,320,320
0.043,0,0,0,0,0,0,0,0,0,0,0,0,0,0,0,0,0,0,0,0,0,Inf,Inf,Inf,0.045,0.045,0.035,0.035,0.631575218303147,0.54306050332854,2.96835629795391e-12,1.27021359290909e-05,1.67713460724936,0.000132651030653684,0.522387910399315,9473.58964400839,869.092726597204,868.89455588765,868.872211914709,2842.07689320252,387.84,320,320
0.044,0,0,0,0,0,0,0,0,0,0,0,0,0,0,0,0,0,0,0,0,0,Inf,Inf,Inf,0.045,0.045,0.035,0.035,0.631574487243279,0.543059565640434,2.9683512626957e-12,1.27021409285279e-05,1.6771348713996,0.000132651038443115,0.522359530256628,9473.57716256004,869.091227907521,868.894497143756,868.874372895324,2842.07314876801,387.84,320,320
0.045,0,0,0,0,0,0,0,0,0,0,0,0,0,0,0,0,0,0,0,0,0,Inf,Inf,Inf,0.045,0.045,0.035,0.035,0.631573872335113,0.543058184201272,2.96834382568462e-12,1.270214588511e-05,1.67713501346122,0.000132651036423824,0.522381323348344,9473.57292339024,869.088953415617,868.894515978024,868.872161327958,2842.07187701707,387.84,320,320
0.046,0,0,0,0,0,0,0,0,0,0,0,0,0,0,0,0,0,0,0,0,0,Inf,Inf,Inf,0.045,0.045,0.035,0.035,0.631572658444867,0.543057921761963,2.96833521994789e-12,1.2701910945824e-05,1.67713501435042,0.000132651045496573,0.522357216838408,9473.54937279216,869.086265286654,868.890281378288,868.869408973775,2842.06481183765,387.84,320,320
0.047,0,0,0,0,0,0,0,0,0,0,0,0,0,0,0,0,0,0,0,0,0,Inf,Inf,Inf,0.045,0.045,0.035,0.035,0.631571518288101,0.543057168593984,2.96832711814346e-12,1.27019071502649e-05,1.67713519410677,0.000132651049455014,0.522357291550006,9473.53393403897,869.087407493118,868.892890962801,868.866826810821,2842.06018021169,387.84,320,320
0.048,0,0,0,0,0,0,0,0,0,0,0,0,0,0,0,0,0,0,0,0,0,Inf,Inf,Inf,0.045,0.045,0.035,0.035,0.631571087974375,0.543055895647272,2.96832100384779e-12,1.27019071502649e-05,1.67713545910251,0.000132651033353032,0.522371267553803,9473.52729393614,869.085371871425,868.890136511145,868.867784397892,2842.05818818084,387.84,320,320
0.049,0,0,0,0,0,0,0,0,0,0,0,0,0,0,0,0,0,0,0,0,0,Inf,Inf,Inf,0.045,0.045,0.035,0.035,0.631570073552624,0.543055307704634,2.96831759632629e-12,1.27013612462086e-05,1.67713550298794,0.000132651043972544,0.522355403357199,9473.51049898354,869.082772220404,868.888254054986,868.863660964063,2842.05314969506,387.84,320,320
0.05,0,0,0,0,0,0,0,0,0,0,0,0,0,0,0,0,0,0,0,0,0,Inf,Inf,Inf,0.045,0.045,0.035,0.035,0.631568516879595,0.543054734820898,2.96831658411872e-12,1.27013578081204e-05,1.67713539625027,0.000132651034157571,0.52238505390042,9473.49212449592,869.080102509947,868.885623719002,868.866635102934,2842.04763734877,387.84,320,320
0.051,0,0,0,0,0,0,0,0,0,0,0,0,0,0,0,0,0,0,0,0,0,Inf,Inf,Inf,0.045,0.045,0.035,0.035,0.631568207741788,0.543053629282135,2.96831674744314e-12,1.27013547222387e-05,1.67713554862105,0.000132651035278033,0.522368492310105,9473.48264448252,869.081711444417,868.885648729339,868.861007572771,2842.04479334476,387.84,320,320
0.052,0,0,0,0,0,0,0,0,0,0,0,0,0,0,0,0,0,0,0,0,0,Inf,Inf,Inf,0.045,0.045,0.035,0.035,0.63156740678356,0.543052596955508,2.96831643099833e-12,1.27021273129472e-05,1.67713564676964,0.000132651049974016,0.522366682301924,9473.47286939767,869.079275480604,868.881891648115,868.862425392548,2842.0418608193,387.84,320,320
0.053,0,0,0,0,0,0,0,0,0,0,0,0,0,0,0,0,0,0,0,0,0,Inf,Inf,Inf,0.045,0.045,0.035,0.035,0.631566029493943,0.54305219752091,2.96831418096292e-12,1.27021220563664e-05,1.67713559011848,0.000132651033553556,0.522372463349961,9473.45171609343,869.076585995929,868.881259066067,868.858911187989,2842.03551482803,387.84,320,320
0.054,0,0,0,0,0,0,0,0,0,0,0,0,0,0,0,0,0,0,0,0,0,Inf,Inf,Inf,0.045,0.045,0.035,0.035,0.631565277456412,0.543051289656876,2.96830929977619e-12,1.27021219349426e-05,1.67713547051285,0.00013265105482026,0.522357999381974,9473.43922857595,869.074173039049,868.879688796919,868.861132728051,2842.03176857279,387.84,320,320
0.055,0,0,0,0,0,0,0,0,0,0,0,0,0,0,0,0,0,0,0,0,0,Inf,Inf,Inf,0.045,0.045,0.035,0.035,0.631564690807054,0.543049913935993,2.96830209699651e-12,1.27021222706437e-05,1.67713555490553,0.000132651049269737,0.522356447322189,9473.43482619872,869.075789334677,868.881204943531,868.858933117173,2842.03044785962,387.84,320,320
0.056,0,0,0,0,0,0,0,0,0,0,0,0,0,0,0,0,0,0,0,0,0,Inf,Inf,Inf,0.045,0.045,0.035,0.035,0.631563534759306,0.543049622170159,2.96829376490238e-12,1.27019076728053e-05,1.67713555572871,0.00013265105522292,0.5223701481902,9473.41320630192,869.073190057984,868.877061623189,868.858462537062,2842.02396189057,387.84,320,320
0.057,0,0,0,0,0,0,0,0,0,0,0,0,0,0,0,0,0,0,0,0,0,Inf,Inf,Inf,0.045,0.045,0.035,0.035,0.631562301734735,0.543048918858902,2.96828591140107e-12,1.27019083970812e-05,1.67713544101594,0.000132651052311801,0.522356118328068,9473.39789363611,869.070689518051,868.879691308603,868.85383191783,2842.01936809083,387.84,320,320
0.058,0,0,0,0,0,0,0,0,0,0,0,0,0,0,0,0,0,0,0,0,0,Inf,Inf,Inf,0.045,0.045,0.035,0.035,0.631561912667248,0.543047731231542,2.96827994626546e-12,1.27019136411939e-05,1.67713542394761,0.000132651045067632,0.522386706875411,9473.39103653654,869.072310477761,868.876876855499,868.854525165439,2842.01731096096,387.84,320,320
0.059,0,0,0,0,0,0,0,0,0,0,0,0,0,0,0,0,0,0,0,0,0,Inf,Inf,Inf,0.045,0.045,0.035,0.035,0.631560985618362,0.543047038863092,2.96827656149907e-12,1.27013718450373e-05,1.67713545768608,0.00013265104457353,0.522352857488872,9473.37743301978,869.069882100381,868.876683317725,868.850737233231,2842.01322990593,387.84,320,320
0.06,0,0,0,0,0,0,0,0,0,0,0,0,0,0,0,0,0,0,0,0,0,Inf,Inf,Inf,0.045,0.045,0.035,0.035,0.631559558497254,0.543046528110511,2.96827547489964e-12,1.27013803143012e-05,1.67713540522327,0.00013265105400044,0.522376943035194,9473.35980150314,869.067386337404,868.872866063394,868.853507584407,2842.00794045094,387.84,320,320
0.061,0,0,0,0,0,0,0,0,0,0,0,0,0,0,0,0,0,0,0,0,0,Inf,Inf,Inf,0.045,0.045,0.035,0.035,0.631559132206181,0.543045532492286,2.96827556486043e-12,1.27013827797393e-05,1.67713541426337,0.000132651046370296,0.522361769568906,9473.35054525908,869.068758997589,868.872684777936,868.848423991213,2842.00516357772,387.84,320,320
0.062,0,0,0,0,0,0,0,0,0,0,0,0,0,0,0,0,0,0,0,0,0,Inf,Inf,Inf,0.045,0.045,0.035,0.035,0.631558419753287,0.543044501833709,2.96827529688896e-12,1.27021315363536e-05,1.67713544988198,0.000132651065762944,0.52235832889135,9473.34288500897,869.066548754087,868.869396222654,868.850272929062,2842.00286550269,387.84,320,320
0.063,0,0,0,0,0,0,0,0,0,0,0,0,0,0,0,0,0,0,0,0,0,Inf,Inf,Inf,0.045,0.045,0.035,0.035,0.631557182629205,0.543044150049668,2.96827331110978e-12,1.27021350455022e-05,1.67713541267064,0.000132651046540959,0.522357607744639,9473.32338025109,869.064103897189,868.868791831981,868.847264289996,2841.99701407533,387.84,320,320
0.064,0,0,0,0,0,0,0,0,0,0,0,0,0,0,0,0,0,0,0,0,0,Inf,Inf,Inf,0.045,0.045,0.035,0.035,0.631556466189104,0.543043335413824,2.9682689292529e-12,1.27021398521014e-05,1.6771355260023,0.000132651061454762,0.522369973141689,9473.31178232882,869.065264078593,868.868713783512,868.84636460595,2841.99353469864,387.84,320,320
0.065,0,0,0,0,0,0,0,0,0,0,0,0,0,0,0,0,0,0,0,0,0,Inf,Inf,Inf,0.045,0.045,0.035,0.035,0.631555937214401,0.543042088284629,2.9682623995491e-12,1.27021429684108e-05,1.6771356208269,0.000132651060040755,0.522358421041581,9473.30769241461,869.063269816873,868.868728769136,868.846410891138,2841.99230772438,387.84,320,320
0.066,0,0,0,0,0,0,0,0,0,0,0,0,0,0,0,0,0,0,0,0,0,Inf,Inf,Inf,0.045,0.045,0.035,0.035,0.631554881494275,0.543041846052463,2.96825478626375e-12,1.27019124583552e-05,1.67713562141008,0.000132651056181329,0.522377255766402,9473.28746387036,869.060894145506,868.868374763842,868.842665835024,2841.98623916111,387.84,320,320
0.067,0,0,0,0,0,0,0,0,0,0,0,0,0,0,0,0,0,0,0,0,0,Inf,Inf,Inf,0.045,0.045,0.035,0.035,0.631553826619176,0.543041195124799,2.96824756755075e-12,1.27019160797394e-05,1.67713575685387,0.000132651058038451,0.522355661849327,9473.27344539597,869.061854232672,868.864808574121,868.841734571638,2841.98203361879,387.84,320,320
0.068,0,0,0,0,0,0,0,0,0,0,0,0,0,0,0,0,0,0,0,0,0,Inf,Inf,Inf,0.045,0.045,0.035,0.035,0.631553460071101,0.543040085285874,2.96824205582064e-12,1.27019187751193e-05,1.67713587694786,0.000132651060775708,0.522376870414445,9473.26719463871,869.0600795458,868.865557504058,868.842496454322,2841.98015839161,387.84,320,320
0.069,0,0,0,0,0,0,0,0,0,0,0,0,0,0,0,0,0,0,0,0,0,Inf,Inf,Inf,0.045,0.045,0.035,0.035,0.631552581853255,0.543039525215321,2.96823891952526e-12,1.27013788728503e-05,1.67713591817272,0.000132651052270366,0.522355260197399,9473.25294975139,869.057792731927,868.861220396546,868.840925276835,2841.97588492542,387.84,320,320
0.07,0,0,0,0,0,0,0,0,0,0,0,0,0,0,0,0,0,0,0,0,0,Inf,Inf,Inf,0.045,0.045,0.035,0.035,0.631551218271467,0.543039033827564,2.96823791754842e-12,1.2701379929473e-05,1.67713587239666,0.000132651070323682,0.52235799807773,9473.23628129717,869.05541876057,868.860896452761,868.838491795318,2841.97088438915,387.84,320,320
0.071,0,0,0,0,0,0,0,0,0,0,0,0,0,0,0,0,0,0,0,0,0,Inf,Inf,Inf,0.045,0.045,0.035,0.035,0.631550893008252,0.543038075354136,2.9682380105853e-12,1.27013823109458e-05,1.6771360868088,0.000132651056173949,0.522362064644872,9473.22744388212,869.056829299082,868.86084654143,868.839989443637,2841.96823316464,387.84,320,320
0.072,0,0,0,0,0,0,0,0,0,0,0,0,0,0,0,0,0,0,0,0,0,Inf,Inf,Inf,0.045,0.045,0.035,0.035,0.631550203350606,0.5430371044893,2.96823775262006e-12,1.27021327431332e-05,1.67713614741241,0.000132651067821694,0.522364808972123,9473.21948124595,869.054684891923,868.857548427972,868.835203750166,2841.96584437378,387.84,320,320
0.073,0,0,0,0,0,0,0,0,0,0,0,0,0,0,0,0,0,0,0,0,0,Inf,Inf,Inf,0.045,0.045,0.035,0.035,0.631549004073792,0.543036767386158,2.96823584524362e-12,1.27021363379944e-05,1.67713610672897,0.000132651061252635,0.522360642847307,9473.20030765242,869.052299977494,868.856943722119,868.837898243091,2841.96009229573,387.84,320,320
0.074,0,0,0,0,0,0,0,0,0,0,0,0,0,0,0,0,0,0,0,0,0,Inf,Inf,Inf,0.045,0.045,0.035,0.035,0.631548265244991,0.543035984162115,2.96823162392696e-12,1.27021361022943e-05,1.67713615313405,0.000132651066540893,0.522373833754016,9473.18861080694,869.053504764559,868.856849452727,868.834501186931,2841.95658324208,387.84,320,320
0.075,0,0,0,0,0,0,0,0,0,0,0,0,0,0,0,0,0,0,0,0,0,Inf,Inf,Inf,0.045,0.045,0.035,0.035,0.631547767392161,0.543034780706167,2.96822530969604e-12,1.27021411731775e-05,1.67713626556837,0.000132651067722166,0.522358929187488,9473.18419609242,869.051580076856,868.856861991581,868.834719019672,2841.95525882773,387.84,320,320
0.076,0,0,0,0,0,0,0,0,0,0,0,0,0,0,0,0,0,0,0,0,0,Inf,Inf,Inf,0.045,0.045,0.035,0.035,0.63154676697544,0.543034450961141,2.96821790475751e-12,1.27019168404925e-05,1.6771362663474,0.000132651070085796,0.522369628319033,9473.16593559718,869.049274576359,868.856542537841,868.830843277202,2841.94978067915,387.84,320,320
0.077,0,0,0,0,0,0,0,0,0,0,0,0,0,0,0,0,0,0,0,0,0,Inf,Inf,Inf,0.045,0.045,0.035,0.035,0.631545580082766,0.543033852630828,2.9682108225402e-12,1.27019204618826e-05,1.67713618643124,0.000132651069520282,0.522356107606792,9473.15165960773,869.050107322963,868.852945456579,868.830165172062,2841.94549788232,387.84,320,320
0.078,0,0,0,0,0,0,0,0,0,0,0,0,0,0,0,0,0,0,0,0,0,Inf,Inf,Inf,0.045,0.045,0.035,0.035,0.631545256464119,0.543032820732843,2.96820533575356e-12,1.27019224605313e-05,1.67713629681466,0.000132651073101329,0.522357253508293,9473.14492977459,869.04845747998,868.853934145277,868.828382673754,2841.94347893238,387.84,320,320
0.079,0,0,0,0,0,0,0,0,0,0,0,0,0,0,0,0,0,0,0,0,0,Inf,Inf,Inf,0.045,0.045,0.035,0.035,0.631544465430218,0.543032120192019,2.96820211453709e-12,1.27013805336331e-05,1.67713633884989,0.000132651061667797,0.522365017579814,9473.1341261968,869.046320846427,868.849645819502,868.830462865653,2841.94023785904,387.84,320,320
0.08,0,0,0,0,0,0,0,0,0,0,0,0,0,0,0,0,0,0,0,0,0,Inf,Inf,Inf,0.045,0.045,0.035,0.035,0.631543220603479,0.543031691894598,2.96820097764155e-12,1.27013836195247e-05,1.67713628576562,0.00013265106942414,0.522357209254538,9473.11780770368,869.044086098,868.849562041434,868.827219538631,2841.9353423111,387.84,320,320
0.081,0,0,0,0,0,0,0,0,0,0,0,0,0,0,0,0,0,0,0,0,0,Inf,Inf,Inf,0.045,0.045,0.035,0.035,0.631542741717838,0.543030839807996,2.96820097797049e-12,1.27013863532078e-05,1.67713629466298,0.000132651064166579,0.522368634771863,9473.10891303617,869.045254249579,868.849205343108,868.828408253165,2841.93267391085,387.84,320,320
0.082,0,0,0,0,0,0,0,0,0,0,0,0,0,0,0,0,0,0,0,0,0,Inf,Inf,Inf,0.045,0.045,0.035,0.035,0.631542140765257,0.543029836837465,2.96820077273702e-12,1.27021439252367e-05,1.6771363555958,0.000132651068638608,0.522366126934856,9473.10337753378,869.043322904443,868.846377657219,868.824034098812,2841.93101326013,387.84,320,320
0.083,0,0,0,0,0,0,0,0,0,0,0,0,0,0,0,0,0,0,0,0,0,Inf,Inf,Inf,0.045,0.045,0.035,0.035,0.631541076511211,0.543029548602731,2.96819913479844e-12,1.27021492103938e-05,1.6771363277129,0.000132651076139589,0.52236088924984,9473.0855820055,869.041161048628,868.845784807383,868.826348626925,2841.92567460165,387.84,320,320
0.084,0,0,0,0,0,0,0,0,0,0,0,0,0,0,0,0,0,0,0,0,0,Inf,Inf,Inf,0.045,0.045,0.035,0.035,0.631540348771235,0.543028858396095,2.96819540965483e-12,1.27021525267035e-05,1.67713630880427,0.00013265107246767,0.52236489215842,9473.07466825987,869.042104182057,868.845680085689,868.823331601934,2841.92240047796,387.84,320,320
0.085,0,0,0,0,0,0,0,0,0,0,0,0,0,0,0,0,0,0,0,0,0,Inf,Inf,Inf,0.045,0.045,0.035,0.035,0.63153990974979,0.543027781831058,2.9681897594204e-12,1.27021554216159e-05,1.67713639150245,0.000132651077095267,0.522357392825298,9473.07049269803,869.040382671376,868.843238012253,868.823522796488,2841.92114780941,387.84,320,320
0.086,0,0,0,0,0,0,0,0,0,0,0,0,0,0,0,0,0,0,0,0,0,Inf,Inf,Inf,0.045,0.045,0.035,0.035,0.6315390101873,0.543027490121003,2.96818307842149e-12,1.27019276495991e-05,1.67713639214369,0.000132651077983276,0.52235683061109,9473.05383766931,869.038302560125,868.845405124257,868.821443315774,2841.91615130079,387.84,320,320
0.087,0,0,0,0,0,0,0,0,0,0,0,0,0,0,0,0,0,0,0,0,0,Inf,Inf,Inf,0.045,0.045,0.035,0.035,0.631538000579495,0.543026945995335,2.96817665122679e-12,1.27019318210846e-05,1.67713638466652,0.000132651076491635,0.522364989659492,9473.04089278516,869.039058655968,868.842238930687,868.81989158358,2841.91226783555,387.84,320,320
0.088,0,0,0,0,0,0,0,0,0,0,0,0,0,0,0,0,0,0,0,0,0,Inf,Inf,Inf,0.045,0.045,0.035,0.035,0.631537699737532,0.543025995633304,2.96817165759004e-12,1.2701932893738e-05,1.67713648077537,0.000132651075966594,0.522355092416534,9473.03484403834,869.037538980756,868.84301392011,868.817773494232,2841.9104532115,387.84,320,320
0.089,0,0,0,0,0,0,0,0,0,0,0,0,0,0,0,0,0,0,0,0,0,Inf,Inf,Inf,0.045,0.045,0.035,0.035,0.631536960581247,0.54302543377615,2.96816872337027e-12,1.27013839554917e-05,1.67713651252619,0.000132651071455159,0.522372886360681,9473.02346188665,869.03555700951,868.842114959444,868.819763673207,2841.90703856599,387.84,320,320
0.09,0,0,0,0,0,0,0,0,0,0,0,0,0,0,0,0,0,0,0,0,0,Inf,Inf,Inf,0.045,0.045,0.035,0.035,0.631535789004608,0.543025026628604,2.9681676980031e-12,1.27013846599122e-05,1.67713645875294,0.000132651069488661,0.522357644385099,9473.0083225075,869.033467104076,868.841463507209,868.816599925444,2841.90249675225,387.84,320,320
0.091,0,0,0,0,0,0,0,0,0,0,0,0,0,0,0,0,0,0,0,0,0,Inf,Inf,Inf,0.045,0.045,0.035,0.035,0.631535422090483,0.543024215520289,2.96816771018179e-12,1.27013873935983e-05,1.67713655245117,0.000132651077212274,0.522364960544245,9473.00000192952,869.034656290225,868.837146434841,868.817812069563,2841.90000057886,387.84,320,320
0.092,0,0,0,0,0,0,0,0,0,0,0,0,0,0,0,0,0,0,0,0,0,Inf,Inf,Inf,0.045,0.045,0.035,0.035,0.63153484747195,0.543023294211909,2.9681675134118e-12,1.27021534360578e-05,1.67713662142332,0.000132651070428756,0.522360550079257,9472.99409531342,869.032811138557,868.838691638887,868.813577963549,2841.89822859403,387.84,320,320
0.093,0,0,0,0,0,0,0,0,0,0,0,0,0,0,0,0,0,0,0,0,0,Inf,Inf,Inf,0.045,0.045,0.035,0.035,0.631533827759456,0.543023020708913,2.96816595609386e-12,1.27021587069339e-05,1.67713659957499,0.000132651085158391,0.522357809614926,9472.97686386241,869.030729352979,868.83534320835,868.815905480735,2841.89305915872,387.84,320,320
0.094,0,0,0,0,0,0,0,0,0,0,0,0,0,0,0,0,0,0,0,0,0,Inf,Inf,Inf,0.045,0.045,0.035,0.035,0.63153310091541,0.543022365846868,2.96816241413149e-12,1.27021567880841e-05,1.6771366216709,0.000132651080480328,0.522357320424001,9472.96607555675,869.031717937068,868.835228684197,868.814858250971,2841.88982266702,387.84,320,320
0.095,0,0,0,0,0,0,0,0,0,0,0,0,0,0,0,0,0,0,0,0,0,Inf,Inf,Inf,0.045,0.045,0.035,0.035,0.631532694030714,0.543021340407016,2.96815702087323e-12,1.27021598972749e-05,1.67713670542823,0.000132651082224472,0.522363434395931,9472.96167978491,869.030077960118,868.835236725526,868.812888091074,2841.88850393547,387.84,320,320
0.096,0,0,0,0,0,0,0,0,0,0,0,0,0,0,0,0,0,0,0,0,0,Inf,Inf,Inf,0.045,0.045,0.035,0.035,0.631531854310046,0.543020977776015,2.96815060782469e-12,1.27019302348939e-05,1.67713670607157,0.000132651083545949,0.522357380132623,9472.94693215371,869.028086095722,868.834985309806,868.811224181227,2841.88407964611,387.84,320,320
0.097,0,0,0,0,0,0,0,0,0,0,0,0,0,0,0,0,0,0,0,0,0,Inf,Inf,Inf,0.045,0.045,0.035,0.035,0.631530735199033,0.543020487084621,2.96814437737899e-12,1.27019324077332e-05,1.67713666295292,0.000132651078960501,0.522370401851202,9472.93390671366,869.028724854689,868.831819014036,868.809472875499,2841.8801720141,387.84,320,320
0.098,0,0,0,0,0,0,0,0,0,0,0,0,0,0,0,0,0,0,0,0,0,Inf,Inf,Inf,0.045,0.045,0.035,0.035,0.631530477401643,0.543019619262652,2.96813945961508e-12,1.27019333062026e-05,1.67713677814879,0.000132651080515972,0.522354504981303,9472.92747647333,869.027337329465,868.831822734531,868.807656787395,2841.878242942,387.84,320,320
0.099,0,0,0,0,0,0,0,0,0,0,0,0,0,0,0,0,0,0,0,0,0,Inf,Inf,Inf,0.045,0.045,0.035,0.035,0.631529825500796,0.54301893052251,2.96813647591096e-12,1.27013805851691e-05,1.67713680611178,0.000132651081247655,0.522367362787559,9472.91942554612,869.025512416585,868.830986144606,868.809359647521,2841.87582766384,387.84,320,320
0.1,0,0,0,0,0,0,0,0,0,0,0,0,0,0,0,0,0,0,0,0,0,Inf,Inf,Inf,0.045,0.045,0.035,0.035,0.631528777649926,0.54301858717339,2.96813533271313e-12,1.27013802329576e-05,1.67713674688439,0.000132651077348073,0.522357319872722,9472.90476213798,869.023574682543,868.828596934869,868.806702929989,2841.87142864139,387.84,320,320
0.101,0,0,0,0,0,0,0,0,0,0,0,0,0,0,0,0,0,0,0,0,0,Inf,Inf,Inf,0.045,0.045,0.035,0.035,0.631528266447943,0.543017882052962,2.96813525798279e-12,1.27013829666463e-05,1.6771367738108,0.000132651087728169,0.522357601888699,9472.89645671367,869.024523876643,868.827367671174,868.806203175342,2841.8689370141,387.84,320,320
0.102,0,0,0,0,0,0,0,0,0,0,0,0,0,0,0,0,0,0,0,0,0,Inf,Inf,Inf,0.045,0.045,0.035,0.035,0.631527781132129,0.54301693720689,2.96813511285191e-12,1.27021547239845e-05,1.67713684208182,0.000132651077836608,0.522358625648104,9472.89293458075,869.022897962273,868.826210812743,868.806056464308,2841.86788037422,387.84,320,320
0.103,0,0,0,0,0,0,0,0,0,0,0,0,0,0,0,0,0,0,0,0,0,Inf,Inf,Inf,0.045,0.045,0.035,0.035,0.631526897271694,0.543016712019029,2.96813382256136e-12,1.27021600091476e-05,1.67713681969361,0.000132651087989733,0.522361835745712,9472.8771499444,869.021043983385,868.825646094544,868.803299815701,2841.86314498332,387.84,320,320
0.104,0,0,0,0,0,0,0,0,0,0,0,0,0,0,0,0,0,0,0,0,0,Inf,Inf,Inf,0.045,0.045,0.035,0.035,0.631526186489046,0.543016150924201,2.96813078128505e-12,1.27021598520199e-05,1.67713678312409,0.000132651087616783,0.522359539996478,9472.86720928229,869.021774122242,868.825523092615,868.804913431819,2841.86016278469,387.84,320,320
0.105,0,0,0,0,0,0,0,0,0,0,0,0,0,0,0,0,0,0,0,0,0,Inf,Inf,Inf,0.045,0.045,0.035,0.035,0.631525838442216,0.543015254926599,2.96812606587408e-12,1.27021612352068e-05,1.67713685989919,0.000132651088397866,0.522364902018441,9472.86309969221,869.020341350868,868.825528982609,868.803180586597,2841.85892990766,387.84,320,320
0.106,0,0,0,0,0,0,0,0,0,0,0,0,0,0,0,0,0,0,0,0,0,Inf,Inf,Inf,0.045,0.045,0.035,0.035,0.631525102065799,0.543014932057878,2.96812040211723e-12,1.27019310508046e-05,1.6771368604411,0.000132651086798353,0.522357309710248,9472.85001721007,869.018582413645,868.825312104445,868.801720200369,2841.85500516302,387.84,320,320
0.107,0,0,0,0,0,0,0,0,0,0,0,0,0,0,0,0,0,0,0,0,0,Inf,Inf,Inf,0.045,0.045,0.035,0.035,0.631524164396487,0.543014496111323,2.96811486387212e-12,1.27019324993655e-05,1.6771367879168,0.000132651089446058,0.522365042806633,9472.83843203427,869.016826821501,868.824614573897,868.800245108494,2841.85152961028,387.84,320,320
0.108,0,0,0,0,0,0,0,0,0,0,0,0,0,0,0,0,0,0,0,0,0,Inf,Inf,Inf,0.045,0.045,0.035,0.035,0.631523930496457,0.543013714956257,2.96811047623886e-12,1.27019330219389e-05,1.67713689378931,0.000132651085416023,0.522355681505504,9472.83274022401,869.017891382863,868.822596772481,868.801018806132,2841.8498220672,387.84,320,320
0.109,0,0,0,0,0,0,0,0,0,0,0,0,0,0,0,0,0,0,0,0,0,Inf,Inf,Inf,0.045,0.045,0.035,0.035,0.631523332668009,0.543013168444779,2.96810781377642e-12,1.27013808371875e-05,1.67713691711567,0.000132651088357095,0.522357118870606,9472.82419607747,869.016231883796,868.821704871814,868.797650038929,2841.84725882324,387.84,320,320
0.11,0,0,0,0,0,0,0,0,0,0,0,0,0,0,0,0,0,0,0,0,0,Inf,Inf,Inf,0.045,0.045,0.035,0.035,0.631522366436858,0.543012848182525,2.96810680074361e-12,1.27013815416125e-05,1.67713686437798,0.000132651083033378,0.522360990324048,9472.81087524689,869.014457376636,868.819631528515,868.799629218576,2841.84326257407,387.84,320,320
0.111,0,0,0,0,0,0,0,0,0,0,0,0,0,0,0,0,0,0,0,0,0,Inf,Inf,Inf,0.045,0.045,0.035,0.035,0.631521972799347,0.543012188430756,2.96810674427731e-12,1.27013846275164e-05,1.67713689559529,0.000132651088910277,0.522358688042285,9472.80327154533,869.015414298825,868.818376831537,868.79603230646,2841.8409814636,387.84,320,320
0.112,0,0,0,0,0,0,0,0,0,0,0,0,0,0,0,0,0,0,0,0,0,Inf,Inf,Inf,0.045,0.045,0.035,0.035,0.63152151656343,0.5430113394893,2.96810660668782e-12,1.27021596853666e-05,1.67713694901738,0.000132651088761836,0.522360589034417,9472.79935475944,869.013889330512,868.817295436178,868.797216031676,2841.83980642783,387.84,320,320
0.113,0,0,0,0,0,0,0,0,0,0,0,0,0,0,0,0,0,0,0,0,0,Inf,Inf,Inf,0.045,0.045,0.035,0.035,0.631520684854425,0.543011129497935,2.96810540080947e-12,1.27021596639403e-05,1.67713692604197,0.000132651091457801,0.522362483224501,9472.78437445837,869.012137588852,868.8167550331,868.79440919773,2841.83531233751,387.84,320,320
0.114,0,0,0,0,0,0,0,0,0,0,0,0,0,0,0,0,0,0,0,0,0,Inf,Inf,Inf,0.045,0.045,0.035,0.035,0.631519992349551,0.543010607054561,2.96810256249698e-12,1.27021595710931e-05,1.67713691184371,0.000132651094077765,0.522359359779766,9472.77473105318,869.01290502029,868.816626885124,868.796043602395,2841.83241931596,387.84,320,320
0.115,0,0,0,0,0,0,0,0,0,0,0,0,0,0,0,0,0,0,0,0,0,Inf,Inf,Inf,0.045,0.045,0.035,0.035,0.631519677176792,0.543009770366883,2.96809814849022e-12,1.27021612613941e-05,1.67713698579631,0.000132651093924242,0.522360602664937,9472.77052764117,869.011566895054,868.816630873759,868.792400818335,2841.83115829235,387.84,320,320
0.116,0,0,0,0,0,0,0,0,0,0,0,0,0,0,0,0,0,0,0,0,0,Inf,Inf,Inf,0.045,0.045,0.035,0.035,0.63151900549414,0.543009391567662,2.96809281418482e-12,1.27019298405726e-05,1.67713698626478,0.000132651091376819,0.522356864263161,9472.75932008428,869.009914528585,868.814020909763,868.793053437456,2841.82779602528,387.84,320,320
0.117,0,0,0,0,0,0,0,0,0,0,0,0,0,0,0,0,0,0,0,0,0,Inf,Inf,Inf,0.045,0.045,0.035,0.035,0.631518015731447,0.543009009688911,2.96808754800477e-12,1.27019298405726e-05,1.67713693435997,0.00013265109315545,0.522356885963269,9472.74788188018,869.010362087316,868.815836245858,868.791390625576,2841.82436456405,387.84,320,320
0.118,0,0,0,0,0,0,0,0,0,0,0,0,0,0,0,0,0,0,0,0,0,Inf,Inf,Inf,0.045,0.045,0.035,0.035,0.631517792499192,0.543008316004586,2.96808330416253e-12,1.27019320134165e-05,1.67713703122793,0.000132651089908743,0.52236186832228,9472.74194621831,869.009252990202,868.813756367567,868.791409036358,2841.82258386549,387.84,320,320
0.119,0,0,0,0,0,0,0,0,0,0,0,0,0,0,0,0,0,0,0,0,0,Inf,Inf,Inf,0.045,0.045,0.035,0.035,0.631517283225633,0.543007662292684,2.96808064652394e-12,1.27013875292343e-05,1.67713705358783,0.0001326510915312,0.522355554522928,9472.73660366813,869.007763637832,868.813236481322,868.790892222918,2841.82098110044,387.84,320,320
0.12,0,0,0,0,0,0,0,0,0,0,0,0,0,0,0,0,0,0,0,0,0,Inf,Inf,Inf,0.045,0.045,0.035,0.035,0.63151644570789,0.543007405104384,2.96807954623768e-12,1.27013899107139e-05,1.67713700723753,0.000132651088365959,0.522364389553301,9472.72395397007,869.00615812359,868.811630925961,868.790919099383,2841.81718619102,387.84,320,320
0.121,0,0,0,0,0,0,0,0,0,0,0,0,0,0,0,0,0,0,0,0,0,Inf,Inf,Inf,0.045,0.045,0.035,0.035,0.63151592610794,0.543006853531133,2.96807941289024e-12,1.27013892903026e-05,1.67713702835898,0.000132651088286532,0.522358823534278,9472.71651348134,869.006878923009,868.811034082208,868.787866494155,2841.8149540444,387.84,320,320
0.122,0,0,0,0,0,0,0,0,0,0,0,0,0,0,0,0,0,0,0,0,0,Inf,Inf,Inf,0.045,0.045,0.035,0.035,0.631515558555562,0.543006041055712,2.96807932416036e-12,1.27013903469442e-05,1.67713707217861,0.000132651093518914,0.522360029141008,9472.71381558723,869.005579353752,868.809208848018,868.788668940884,2841.81414467617,387.84,320,320
0.123,0,0,0,0,0,0,0,0,0,0,0,0,0,0,0,0,0,0,0,0,0,Inf,Inf,Inf,0.045,0.045,0.035,0.035,0.631514866109786,0.543005834938261,2.96807838181737e-12,1.27021548692072e-05,1.67713704789862,0.000132651092694135,0.522358874970355,9472.70148995425,869.004069736546,868.808695578714,868.786348950544,2841.81044698628,387.84,320,320
0.124,0,0,0,0,0,0,0,0,0,0,0,0,0,0,0,0,0,0,0,0,0,Inf,Inf,Inf,0.045,0.045,0.035,0.035,0.631514202753585,0.543005406647236,2.96807604804291e-12,1.27021584783563e-05,1.67713700450953,0.00013265109768675,0.522357309977353,9472.69281099916,869.004583887107,868.808562889023,868.787724154338,2841.80784329975,387.84,320,320
0.125,0,0,0,0,0,0,0,0,0,0,0,0,0,0,0,0,0,0,0,0,0,Inf,Inf,Inf,0.045,0.045,0.035,0.035,0.631513946127885,0.543004703442734,2.96807233406744e-12,1.27021567380602e-05,1.67713707289594,0.00013265109727622,0.522357172618192,9472.68897961895,869.003459409167,868.808564986912,868.786599326658,2841.80669388569,387.84,320,320
0.126,0,0,0,0,0,0,0,0,0,0,0,0,0,0,0,0,0,0,0,0,0,Inf,Inf,Inf,0.045,0.045,0.035,0.035,0.631513380169912,0.543004371558737,2.9680677840793e-12,1.27019270351168e-05,1.67713707332059,0.000132651095275034,0.522360636751387,9472.67944823599,869.002050338241,868.808415203836,868.7840746658,2841.8038344708,387.84,320,320
0.127,0,0,0,0,0,0,0,0,0,0,0,0,0,0,0,0,0,0,0,0,0,Inf,Inf,Inf,0.045,0.045,0.035,0.035,0.631512549926035,0.54300404539509,2.96806325702584e-12,1.27019283094863e-05,1.67713701074613,0.000132651095738272,0.522356344789313,9472.66958429178,869.000619732939,868.807893329778,868.78375828611,2841.80087528753,387.84,320,320
0.128,0,0,0,0,0,0,0,0,0,0,0,0,0,0,0,0,0,0,0,0,0,Inf,Inf,Inf,0.045,0.045,0.035,0.035,0.631512382568952,0.543003442237315,2.96805958939173e-12,1.27019290337681e-05,1.67713707310633,0.000132651092528988,0.522364676513079,9472.66447702711,869.001455286151,868.806190996251,868.783843744295,2841.79934310813,387.84,320,320
0.129,0,0,0,0,0,0,0,0,0,0,0,0,0,0,0,0,0,0,0,0,0,Inf,Inf,Inf,0.045,0.045,0.035,0.035,0.631511930603439,0.543002937948539,2.96805728925716e-12,1.2701391487606e-05,1.67713709444934,0.000132651091991783,0.522355858830917,9472.65868947344,869.000144640873,868.806121414341,868.783272887414,2841.79760684203,387.84,320,320
0.13,0,0,0,0,0,0,0,0,0,0,0,0,0,0,0,0,0,0,0,0,0,Inf,Inf,Inf,0.045,0.045,0.035,0.035,0.631511180913698,0.543002704427276,2.96805634085358e-12,1.2701392192035e-05,1.67713705805959,0.000132651094272816,0.522361703521908,9472.64754455331,868.998718284298,868.80419117697,868.7833990221,2841.79426336599,387.84,320,320
0.131,0,0,0,0,0,0,0,0,0,0,0,0,0,0,0,0,0,0,0,0,0,Inf,Inf,Inf,0.045,0.045,0.035,0.035,0.631510786485658,0.54300220335523,2.96805623176674e-12,1.27013928964642e-05,1.67713704936379,0.000132651092419504,0.522357521039245,9472.64093293178,868.999438309753,868.803766437373,868.780571805295,2841.79227987954,387.84,320,320
0.132,0,0,0,0,0,0,0,0,0,0,0,0,0,0,0,0,0,0,0,0,0,Inf,Inf,Inf,0.045,0.045,0.035,0.035,0.631510449815315,0.543001461333161,2.9680561492649e-12,1.27013939531085e-05,1.6771370829078,0.000132651097904923,0.522357233621274,9472.63849491963,868.998251631998,868.802006595441,868.781403000601,2841.79154847589,387.84,320,320
0.133,0,0,0,0,0,0,0,0,0,0,0,0,0,0,0,0,0,0,0,0,0,Inf,Inf,Inf,0.045,0.045,0.035,0.035,0.631509816480674,0.543001309056901,2.96805529472686e-12,1.27021484698822e-05,1.67713706097877,0.000132651094861365,0.522357649146703,9472.62651093502,868.996864550305,868.801529008011,868.781168115934,2841.78795328051,387.84,320,320
0.134,0,0,0,0,0,0,0,0,0,0,0,0,0,0,0,0,0,0,0,0,0,Inf,Inf,Inf,0.045,0.045,0.035,0.035,0.631509187306996,0.543000922186392,2.96805318054969e-12,1.27021537050558e-05,1.67713702440165,0.000132651098342817,0.522359379365631,9472.61829738686,868.99740921162,868.801395983907,868.779049235566,2841.78548921606,387.84,320,320
0.135,0,0,0,0,0,0,0,0,0,0,0,0,0,0,0,0,0,0,0,0,0,Inf,Inf,Inf,0.045,0.045,0.035,0.035,0.631508964211784,0.543000285289683,2.96804980649932e-12,1.27021534836535e-05,1.67713708091058,0.000132651098592606,0.52235813020802,9472.61448002214,868.996390599665,868.801396452681,868.779529306347,2841.78434400664,387.84,320,320
0.136,0,0,0,0,0,0,0,0,0,0,0,0,0,0,0,0,0,0,0,0,0,Inf,Inf,Inf,0.045,0.045,0.035,0.035,0.631508466744094,0.54299991122361,2.96804564329159e-12,1.27019244038692e-05,1.67713708128689,0.00013265109751708,0.522362256055919,9472.60680581545,868.995105353764,868.801278624652,868.777035458128,2841.78204174463,387.84,320,320
0.137,0,0,0,0,0,0,0,0,0,0,0,0,0,0,0,0,0,0,0,0,0,Inf,Inf,Inf,0.045,0.045,0.035,0.035,0.631507714239904,0.542999640108773,2.96804145509338e-12,1.2701925852434e-05,1.67713703083741,0.000132651096022666,0.522356249941563,9472.59728415501,868.993787024959,868.800844831677,868.776925802882,2841.7791852465,387.84,320,320
0.138,0,0,0,0,0,0,0,0,0,0,0,0,0,0,0,0,0,0,0,0,0,Inf,Inf,Inf,0.045,0.045,0.035,0.035,0.631507450702133,0.542999127808221,2.96803799779247e-12,1.27019274751947e-05,1.67713709203952,0.000132651097928518,0.522361419475488,9472.59207892028,868.994551607917,868.800025142701,868.776771505952,2841.77762367608,387.84,320,320
0.139,0,0,0,0,0,0,0,0,0,0,0,0,0,0,0,0,0,0,0,0,0,Inf,Inf,Inf,0.045,0.045,0.035,0.035,0.631507088801511,0.542998535982133,2.96803575278651e-12,1.27013954459933e-05,1.67713711198951,0.000132651093598357,0.522356673421867,9472.58935364184,868.993423845728,868.799078229001,868.77655107997,2841.77680609255,387.84,320,320
0.14,0,0,0,0,0,0,0,0,0,0,0,0,0,0,0,0,0,0,0,0,0,Inf,Inf,Inf,0.045,0.045,0.035,0.035,0.631506471575515,0.542998364166859,2.96803474870435e-12,1.2701397827475e-05,1.67713707936269,0.000132651095921838,0.522356969569895,9472.57906998513,868.992181764773,868.798803311642,868.77472666703,2841.77372099554,387.84,320,320
0.141,0,0,0,0,0,0,0,0,0,0,0,0,0,0,0,0,0,0,0,0,0,Inf,Inf,Inf,0.045,0.045,0.035,0.035,0.631505969707005,0.542997972822944,2.9680345728274e-12,1.27013988841216e-05,1.67713707653395,0.000132651094366159,0.52235866804272,9472.57276442931,868.992669364333,868.797001912648,868.775829414697,2841.77182932879,387.84,320,320
0.142,0,0,0,0,0,0,0,0,0,0,0,0,0,0,0,0,0,0,0,0,0,Inf,Inf,Inf,0.045,0.045,0.035,0.035,0.631505720887532,0.542997375785333,2.9680345361102e-12,1.27013999407687e-05,1.67713710667594,0.000132651098420562,0.52235831758525,9472.57024179902,868.991714378552,868.795715830348,868.773370014668,2841.77107253971,387.84,320,320
0.143,0,0,0,0,0,0,0,0,0,0,0,0,0,0,0,0,0,0,0,0,0,Inf,Inf,Inf,0.045,0.045,0.035,0.035,0.631505228810318,0.542997134414917,2.96803393963569e-12,1.27021442156083e-05,1.67713708859935,0.000132651098918055,0.522359283833168,9472.56223357916,868.990580561762,868.795275328741,868.774488151354,2841.76867007375,387.84,320,320
0.144,0,0,0,0,0,0,0,0,0,0,0,0,0,0,0,0,0,0,0,0,0,Inf,Inf,Inf,0.045,0.045,0.035,0.035,0.631504642893287,0.542996841882827,2.96803233235764e-12,1.27021440799116e-05,1.67713703578605,0.000132651099748599,0.522359702490256,9472.55511746158,868.990879776855,868.795142450955,868.772795759647,2841.76653523847,387.84,320,320
0.145,0,0,0,0,0,0,0,0,0,0,0,0,0,0,0,0,0,0,0,0,0,Inf,Inf,Inf,0.045,0.045,0.035,0.035,0.631504477741946,0.542996341129628,2.96802967403514e-12,1.27021491365405e-05,1.67713708252488,0.000132651100151412,0.522357928652899,9472.55174498137,868.990079055305,868.795141263846,868.773218667938,2841.76552349441,387.84,320,320
0.146,0,0,0,0,0,0,0,0,0,0,0,0,0,0,0,0,0,0,0,0,0,Inf,Inf,Inf,0.045,0.045,0.035,0.035,0.631504087511058,0.542996022025353,2.96802632762078e-12,1.27019232486988e-05,1.67713708288186,0.000132651099961702,0.522359546682273,9472.54574216846,868.989046861559,868.795055870602,868.771254263416,2841.76372265054,387.84,320,320
0.147,0,0,0,0,0,0,0,0,0,0,0,0,0,0,0,0,0,0,0,0,0,Inf,Inf,Inf,0.045,0.045,0.035,0.035,0.631503480977577,0.542995807280817,2.96802291773441e-12,1.27019248714613e-05,1.67713703985297,0.000132651097832605,0.522356569760141,9472.53790778971,868.987973551135,868.79339798191,868.771113761015,2841.76137233691,387.84,320,320
0.148,0,0,0,0,0,0,0,0,0,0,0,0,0,0,0,0,0,0,0,0,0,Inf,Inf,Inf,0.045,0.045,0.035,0.035,0.631503296457686,0.542995388314561,2.96802007910172e-12,1.27019255957443e-05,1.67713706133404,0.000132651097691875,0.522356813191843,9472.53361955778,868.988568208092,868.794041919379,868.770201311498,2841.76008586733,387.84,320,320
0.149,0,0,0,0,0,0,0,0,0,0,0,0,0,0,0,0,0,0,0,0,0,Inf,Inf,Inf,0.045,0.045,0.035,0.035,0.631502994090851,0.542994952662789,2.96801822351668e-12,1.27014007292303e-05,1.67713707737895,0.000132651095656412,0.522359595399127,9472.53047442268,868.987629598522,868.793344882417,868.770997563103,2841.7591423268,387.84,320,320
0.15,0,0,0,0,0,0,0,0,0,0,0,0,0,0,0,0,0,0,0,0,0,Inf,Inf,Inf,0.045,0.045,0.035,0.035,0.631502470106233,0.542994805036834,2.96801739088686e-12,1.27014017858792e-05,1.67713704960609,0.000132651098002175,0.522356959145643,9472.52183952581,868.986580854738,868.792054548014,868.769709137971,2841.75655185774,387.84,320,320
0.151,0,0,0,0,0,0,0,0,0,0,0,0,0,0,0,0,0,0,0,0,0,Inf,Inf,Inf,0.045,0.045,0.035,0.035,0.631502099757654,0.542994467349306,2.96801724511276e-12,1.27014021380956e-05,1.67713701000743,0.000132651096387455,0.522359823045766,9472.5164698406,868.987059825242,868.791094265179,868.770219731912,2841.75494095218,387.84,320,320
0.152,0,0,0,0,0,0,0,0,0,0,0,0,0,0,0,0,0,0,0,0,0,Inf,Inf,Inf,0.045,0.045,0.035,0.035,0.631501883513309,0.542993947800036,2.96801721342383e-12,1.27014045195785e-05,1.6771370379459,0.000132651096417185,0.522358253353951,9472.51426723379,868.986228947418,868.790382415639,868.768036506687,2841.75428017014,387.84,320,320
0.153,0,0,0,0,0,1,0,0,0,0,0,0,0,0,0,0,0,0,0,0.001,0,Inf,Inf,Inf,0.045,0.045,0.035,0.035,0.686873955023338,0.594954478554054,2.99072990846239e-12,1.26919881955319e-05,1.69055838107647,1442.47127014759,0.518816847670399,9524.54296600715,875.424762755315,731.220321808854,510.602591979213,2857.36288980214,387.84,320,320
0.154,0,0,0,0,0,1,0,0,0,0,0,0,0,0,0,0,0,0,0,0.002,0,Inf,Inf,Inf,0.045,0.045,0.035,0.035,0.7799249612197,0.700865590524389,3.12595930855092e-12,1.26656434735374e-05,1.71779049569019,4398.46001187336,0.445458463566341,9489.76276661136,915.350257747148,2200.69612241773,975.756452015784,2846.92882998341,387.84,660.20883672532,320
0.155,0,0,0,0,0,1,0,0,0,0,0,0,0,0,0,0,0,0,0,0.003,0,Inf,Inf,Inf,0.045,0.045,0.035,0.035,0.898535413957885,0.846244862284124,3.48759571223107e-12,1.24922311180921e-05,1.74728932111468,8704.8605145105,0.432367926854029,9457.97077693011,1024.77104389101,4366.15036626805,2552.71512031133,2837.39123307903,387.84,1309.84510988042,765.8145360934
0.156,0,1,0,0,0,1,0,0,0,0,0,0,0,0,0,0.001,0,0,0,0.004,0,Inf,24.1541620077289,Inf,0.045,0.045,0.035,0.035,1.09903653363176,1.01128233886776,4.13565101864002e-12,1.20990384008352e-05,1.76086155692012,14016.6307295218,0.430238524318847,9734.39937105763,1223.73005771322,7038.91192340188,5562.57412386854,2920.31981131729,387.84,2111.67357702056,1668.77223716056
0.157,1,1,0,0,0,1,0,0,0,0,0,0,0,0,0.001,0.002,0,0,0,0.005,0,4.68535271344581,12.3573063361907,Inf,0.045,0.045,0.035,0.035,1.32888344263443,1.17664807323016,5.04064351818842e-12,1.14918372602907e-05,1.44063373092527,19849.9094597323,0.314788653777337,10723.3249063024,994.318795778044,9971.84542806438,8232.80798684792,3216.99747189071,387.84,2991.55362841931,2469.84239605438
0.158,1,1,0,0,0,1,0,0,0,0,0,0,0,0,0.002,0.003,0,0,0,0.006,0,2.23154077912262,8.92919663231022,Inf,0.045,0.045,0.035,0.035,1.56496708513635,1.3249851120689,6.11624414368479e-12,1.07527738815591e-05,1.44374389093406,25645.7241892615,0.297096753234778,12668.237081736,979.620625388158,12883.0586590218,8655.70269316522,3800.47112452081,387.84,3864.91759770654,2596.71080794957
0.159,1,1,0,0,0,1,0,0,0,0,0,0,0,0,0.003,0.004,0,0,0,0.007,0,1.56813741222681,7.4535555671649,Inf,0.045,0.045,0.035,0.035,1.78526821269828,1.44190052946734,7.25802671299589e-12,1.00184912957385e-05,1.44895286039209,30848.0000036138,0.292128318323838,15494.3540974682,1000.60631591035,15493.7842140977,8349.95308417466,4648.30622924047,387.84,4648.13526422931,2504.9859252524
0.16,1,1,0,0,0,1,0,0,0,0,0,0,0,0,0.004,0.005,0,0,0,0.008,0,1.28203170607806,6.2261456875354,Inf,0.045,0.045,0.035,0.035,1.97034504929221,1.59463919836247,8.36135467479541e-12,1.04851500661761e-05,1.43438007569259,34989.6053969242,0.292753421460092,17069.3813296976,1102.44691111059,17570.7058270802,8351.41984310659,5120.81439890929,387.84,5271.21174812407,2505.42595293198
0.161,1,1,0,0,0,1,0,0,0,0,0,0,0,0,0.005,0.006,0,0,0,0.009,0,1.14204769670367,5.23495514141248,Inf,0.045,0.045,0.035,0.035,2.10511000923987,1.78990844970667,9.32974108607533e-12,9.66709086909751e-06,1.38282709681125,37778.8249750476,0.284140260913766,16811.8912120678,1305.29106495416,18968.7451337491,10389.014879722,5043.56736362033,391.587319486247,5690.62354012474,3116.70446391661
0.162,1,1,0,0,0,1,0,0,0,0,0,0,0,0,0.006,0.007,0,0,0,0.01,0,1.07894991426705,4.6967643290585,Inf,0.045,0.045,0.035,0.035,2.18096173254256,1.94477517486196,1.00828660180833e-11,8.80999652039172e-06,1.28565549213758,43452.6655407079,0.274599470986777,16855.7221453786,1590.0767274493,21762.0393533037,14900.0407431551,5056.71664361357,477.023018234789,6528.61180599112,4470.01222294654
0.163,1,1,0,0,0,1,0,0,0,0,0,0,0,0,0.007,0.008,0,0,0,0.011,0,1.06612225378643,4.41413424743435,Inf,0.045,0.045,0.035,0.035,2.19783220034696,2.04778375094273,1.05660188405286e-11,8.07385750374652e-06,1.14356651710723,48238.817606116,0.245962438243467,17648.9315067215,1916.55006842942,24163.7763616639,20935.1532679769,5294.67945201646,574.965020528827,7249.13290849917,6280.54598039307
0.164,1,1,0,0,0,1,0,0,0,0,0,0,0,0,0.008,0.009,0,0,0,0.012,0,1.09109392596773,4.30186166366277,Inf,0.045,0.045,0.035,0.035,2.16546894016217,2.09410444869598,1.07595500676368e-11,7.59045444626361e-06,0.965810775802013,51505.1628047698,0.198370719012743,19363.0578959264,2241.84707651681,25803.7548501476,27505.7781421704,5808.91736877792,672.554122955044,7741.12645504429,8251.73344265111
0.165,1,1,0,0,0,1,0,0,0,0,0,0,0,0,0.009,0.01,0,0,0,0.013,0,1.06449352981837,4.31848479940159,Inf,0.045,0.045,0.035,0.035,2.20001259520125,2.08702891231108,1.06857828890608e-11,7.38955935712069e-06,0.594056500324153,53158.8700524751,0.163555501264994,21765.9503700674,2358.97139469784,26635.7689246901,33819.5496830989,6529.78511102021,707.691418409352,7990.73067740704,10145.8649049297
0.166,1,1,0,0,0,1,0,0,0,0,0,0,0,0,0.01,0.011,0,0,0,0.014,0,1.0374837625124,4.43795591125494,Inf,0.045,0.045,0.035,0.035,2.23749656622195,2.03838221036718,1.04101088448177e-11,7.37220727992559e-06,0.544226716734114,53365.5732619109,0.228768769087201,24388.0085950899,2410.85029925871,26742.9441156015,37825.640665527,7316.40257852696,723.255089777613,8022.88323468044,11347.6921996581
0.167,1,1,0,0,0,1,0,0,0,0,0,0,0,0,0.011,0.012,0,0,0,0.015,0,1.04930660642112,4.63133176984886,Inf,0.045,0.045,0.035,0.035,2.22077480321437,1.96705870530861,1.00321673352227e-11,7.36823372339342e-06,0.47196309388075,52547.3585197364,0.199733004045924,26754.6549735596,2517.24795843042,26336.4946378839,39709.819164705,8026.39649206788,755.174387529127,7900.94839136517,11912.9457494115
0.168,1,1,0,0,0,1,0,0,0,0,0,0,0,0,0.012,0.013,0,0,0,0.016,0,1.09038434787117,4.85316004336417,Inf,0.045,0.045,0.035,0.035,2.16636175031933,1.89486955271888,9.66312797023463e-12,7.22057653688393e-06,0.39468748974102,51310.6683846519,0.162113199200583,28523.6000311535,2646.24168748202,25719.5770668424,42293.3529381624,8557.08000934604,812.065012489215,7715.87312005273,12688.0058814487
0.169,1,1,0,0,0,1,0,0,0,0,0,0,0,0,0.013,0.014,0,0,0,0.017,0,1.14894084582039,5.04380703805775,Inf,0.045,0.045,0.035,0.035,2.09747614870391,1.83974017204898,9.39017818818596e-12,6.83510850390186e-06,0.334673737043125,50277.8998222697,0.10282280579523,29546.5136186429,2759.72152571683,25203.2975002111,44900.8179953342,8863.95408559288,880.152915430096,7560.98925006333,13470.2453986003
0.17,1,1,0,0,0,1,0,0,0,0,0,0,0,0,0.014,0.015,0,0,0,0.018,0,1.20652126408459,5.16025707510904,Inf,0.045,0.045,0.035,0.035,2.03806371102485,1.80878443359203,9.24265033652641e-12,6.19501188882122e-06,0.306938069844989,49866.3278320888,0.0732375291754804,29895.5067668918,2830.90301022985,25004.5872343357,46884.1179322299,8968.65203006755,922.861806137911,7501.3761703007,14065.235379669
0.171,1,1,0,0,0,1,0,0,0,0,0,0,0,0,0.015,0.016,0,0,0,0.019,0,1.24173208253681,5.21017782476244,Inf,0.045,0.045,0.035,0.035,2.00518142153443,1.79608822300814,9.18451497706917e-12,5.35969592921946e-06,0.335165916957272,50605.02453949,0.0415200425335164,29859.8377843655,2851.20358934385,25370.1579196165,46833.3759043683,8957.95133530966,935.042153606312,7611.04737588494,14050.0127713105
0.172,1,1,0,0,0,1,0,0,0,0,0,0,0,0,0.016,0.017,0,0,0,0.02,0,1.24906111352233,5.24329516603729,Inf,0.045,0.045,0.035,0.035,1.99863322498711,1.78784613534091,9.14395576504064e-12,4.46017547361591e-06,0.301518502166134,50698.236611466,0.0197983608445907,29888.5836605046,2851.83646760835,25420.7613678191,46925.6209947938,8966.57509815138,935.42188056501,7626.22841034572,14077.6862984381
0.173,1,1,0,0,0,1,0,0,0,0,0,0,0,0,0.017,0.018,0,0,0,0.021,0,1.25412579603467,5.26292167601265,Inf,0.045,0.045,0.035,0.035,1.99416493140186,1.78302779853953,9.10537309921641e-12,4.2603542043035e-06,0.300316698762519,50740.7967530968,0.0108906255109313,29839.2737450187,2845.9415113593,25436.0285376096,47084.3011255513,8951.78212350563,931.88490681558,7630.80856128289,14125.2903376654
0.174,1,1,0,0,0,1,0,0,0,0,0,0,0,0,0.018,0.019,0,0,0,0.022,0,1.2544908931608,5.26451446882788,Inf,0.045,0.045,0.035,0.035,1.99384459706546,1.78263889803947,9.08274595215575e-12,4.29394600224796e-06,0.292822250897128,51032.9823728188,0.019285548810067,29678.7518425557,2830.60842301792,25585.7818845997,47276.6515964882,8903.6255527667,922.685053810752,7675.7345653799,14182.9954789465
0.175,1,1,0,0,0,1,0,0,0,0,0,0,0,0,0.019,0.02,0,0,0,0.023,0,1.25478254992814,5.28546529913922,Inf,0.045,0.045,0.035,0.035,1.99358886906427,1.77755297416592,9.07659593151022e-12,4.32183455720692e-06,0.286150897180754,51241.212029889,0.0157869742621985,29547.5833642863,2810.25128641421,25694.0696279729,47483.3319343976,8864.27500928589,910.470771848524,7708.22088839186,14244.9995803193
0.176,1,1,0,0,0,1,0,0,0,0,0,0,0,0,0.02,0.021,0,0,0,0.024,0,1.25963673276233,5.30126935561324,Inf,0.045,0.045,0.035,0.035,1.98935473224351,1.77375237484816,9.07688834226802e-12,3.85392338573076e-06,0.281122757920484,51345.3692586878,0.00578501429591685,29338.952093389,2790.18812603466,25749.8615333143,47684.0191012913,8801.68562801669,898.432875620795,7724.95845999429,14305.2057303874
0.177,1,1,0,0,0,1,0,0,0,0,0,0,0,0,0.021,0.022,0,0,0,0.025,0,1.27305963297625,5.30755404809859,Inf,0.045,0.045,0.035,0.035,1.97785918490387,1.77224950833042,9.06677510570716e-12,3.9160639375534e-06,0.27819843484164,51332.6884974924,0.0246007322490937,29033.9037996282,2775.33439309087,25746.0096206226,47651.7233442385,8710.17113988847,889.520635854521,7723.80288618677,14295.5170032715
0.178,1,1,0,0,0,1,0,0,0,0,0,0,0,0,0.022,0.023,0,0,0,0.026,0,1.28944815165094,5.33489699072834,Inf,0.045,0.045,0.035,0.035,1.96423343829504,1.76576651713667,9.02910680565959e-12,4.01087605327962e-06,0.287277146699841,51199.6699051626,0.00620343279850769,28764.8522126949,2759.08482059013,25680.509332832,47477.0759767532,8629.45566380846,879.770892354081,7704.15279984961,14243.122793026
0.179,1,1,0,0,0,1,0,0,0,0,0,0,0,0,0.023,0.024,0,0,0,0.027,0,1.29231946001761,5.39437458270635,Inf,0.045,0.045,0.035,0.035,1.96189107941246,1.75196939332698,8.95317501961062e-12,4.10728939928272e-06,0.284561589523149,50953.8381694854,0.0159203091090181,28584.7854074068,2722.55139106644,25557.4707709481,47300.4369780124,8575.43562222204,857.850834639865,7667.24123128443,14190.1310934037
0.18,1,1,0,0,0,1,0,0,0,0,0,0,0,0,0.024,0.025,0,0,0,0.028,0,1.30288008165897,5.49008162769176,Inf,0.045,0.045,0.035,0.035,1.95338783674279,1.73060709935133,8.8394068784937e-12,3.87875586900949e-06,0.282924678443201,50690.0752904505,0.0206518983260311,28510.0844964192,2692.8769253859,25429.6388490354,47139.0897137898,8553.02534892577,840.046155231542,7628.89165471061,14141.726914137
0.181,1,1,0,0,0,1,0,0,0,0,0,0,0,0,0.025,0.026,0,0,0,0.029,0,1.3242108525831,5.49614473550107,Inf,0.045,0.045,0.035,0.035,1.93673191275623,1.72928730455772,8.70056444075279e-12,3.96426209746335e-06,0.282350799295973,50641.1995697944,0.0074856868692189,28090.2558759778,2675.01531802657,25406.5431654449,47008.8381675023,8427.07676279333,829.329190815943,7621.96294963346,14102.6514502507
0.182,1,1,0,0,0,1,0,0,0,0,0,0,0,0,0.026,0.027,0,0,0,0.03,0,1.35693152443334,5.52643045132224,Inf,0.045,0.045,0.035,0.035,1.91245320312503,1.72275276040612,8.55887912862936e-12,4.06533000689007e-06,0.282421549027188,50528.9314636876,0.0226153823461244,27778.0032671214,2670.04136202516,25350.3639074616,46922.4075538108,8333.40098013641,826.344817215094,7605.10917223849,14076.7222661432
0.183,1,1,0,0,0,1,0,0,0,0,0,0,0,0,0.027,0.028,0,0,0,0.031,0,1.36588822977054,5.58901880033481,Inf,0.045,0.045,0.035,0.035,1.90606036247711,1.70954737122768,8.43955204409042e-12,4.16168932960495e-06,0.283723609287178,50359.7516047901,0.0138021038245493,27617.58829906,2642.67334881707,25265.0686799866,46888.0617673755,8285.276489718,809.924009290242,7579.52060399597,14066.4185302126
0.184,1,1,0,0,0,1,0,0,0,0,0,0,0,0,0.028,0.029,0,0,0,0.032,0,1.37201005724048,5.68224337436047,Inf,0.045,0.045,0.035,0.035,1.90175080206684,1.69059323070141,8.36243612442579e-12,4.24122676692221e-06,0.283606388237053,50147.7959745417,0.0137705743786406,27607.0842425197,2616.37333025535,25158.6899694242,46609.6262587318,8282.12527275592,794.143998153211,7547.60699082725,13982.8878776196
0.185,1,1,0,0,0,1,0,0,0,0,0,0,0,0,0.029,0.03,0,0,0,0.033,0,1.38768923564531,5.73096805739695,Inf,0.045,0.045,0.035,0.035,1.89092892688301,1.68101144398128,8.33510691475554e-12,4.1449850607282e-06,0.283617778334944,49914.037862812,0.0149801331319696,27488.6695129142,2605.62851550974,25042.5477686852,46390.8709305524,8246.60085387425,787.697109305847,7512.76433060556,13917.2612791657
0.186,1,1,0,0,0,1,0,0,0,0,0,0,0,0,0.03,0.031,0,0,0,0.034,0,1.41166909401311,5.73307321010097,Inf,0.045,0.045,0.035,0.035,1.87495428611931,1.6806023232378,8.35060887785847e-12,4.19583363403757e-06,0.283261666228383,49683.6821473483,0.013537557158652,27286.1628238291,2608.88653165922,24929.6520693745,46278.6362219261,8185.84884714874,789.651918995534,7478.89562081236,13883.5908665778
0.187,1,1,0,0,0,1,0,0,0,0,0,0,1,0,0.031,0.032,0,0,0,0.035,0,1.43148761721388,5.76142497420766,Inf,0.045,0.045,0.035,0.035,1.86225124110985,1.6751308974939,8.39101964451113e-12,4.23920281871574e-06,0.27447194920191,49752.3882344209,0.0142165603192268,27235.6046643808,2614.09219315655,24965.3934335394,46283.7003044326,8170.68139931424,792.77531589393,7489.61803006182,13885.1100913298
0.188,1,1,0,0,0,1,0,0,0,0,0,0,1,0,0.032,0.033,0,0,0,0.035,0,1.4281050028407,5.81005212067815,Inf,0.045,0.045,0.035,0.035,1.86438850624249,1.66591073570446,8.43486152522877e-12,4.27228035196643e-06,0.274301379404786,49906.0365961251,0.014186250627813,27305.6196193802,2602.18920456329,25041.9617112875,46404.5043182558,8191.68588581407,785.633522737975,7512.58851338626,13921.3512954768
0.189,1,1,0,0,0,1,0,0,0,0,0,0,1,0,0.033,0.034,0,0,0,0.035,0,1.43273898644135,5.86555799368624,Inf,0.045,0.045,0.035,0.035,1.86146374154289,1.65563228089461,8.46476100322286e-12,4.29580291457685e-06,0.27444374487577,50055.5978005187,0.0144467491002313,27435.1253272888,2601.87553265042,25118.0640071403,46627.4452241258,8230.53759818663,785.445319590253,7535.41920214209,13988.2335672378
0.19,1,1,0,0,0,1,0,0,0,0,0,0,1,0,0.034,0.035,0,0,0,0.035,0,1.44293882934222,5.86617363122384,Inf,0.045,0.045,0.035,0.035,1.85510779334491,1.65551971498206,8.47241856372067e-12,4.24355471840911e-06,0.274382653627285,50189.284157159,0.0150566719176801,27413.1717175666,2609.18574139939,25187.8184637939,46824.8961866567,8223.95151526998,789.831444839633,7556.34553913818,14047.468855997
0.191,1,1,0,0,0,1,0,0,0,0,0,0,1,0,0.035,0.036,0,0,0,0.035,0,1.45447764425199,5.87650054514017,Inf,0.045,0.045,0.035,0.035,1.84804999689468,1.65363612570773,8.45966442356422e-12,4.22283712396669e-06,0.273612801616647,50296.6412528707,0.0163607980278446,27435.1938969493,2618.30477049297,25245.4641015016,46868.2172157686,8230.55816908478,795.302862295781,7573.63923045048,14060.4651647306
0.192,1,1,0,0,0,1,0,0,0,0,0,0,1,0,0.036,0.037,0,0,0,0.035,0,1.46317100385512,5.90065683638704,Inf,0.045,0.045,0.035,0.035,1.84282321473094,1.64926397707338,8.43585059562069e-12,4.20141257732605e-06,0.271834807338579,50368.0854054607,0.0165756425931586,27487.8116292638,2623.7749576923,25285.3036945933,46967.8682724218,8246.34348877914,798.58497461538,7585.59110837798,14090.3604817265
0.193,1,1,0,0,0,1,0,0,0,0,0,0,1,0,0.037,0.038,0,0,0,0.035,0,1.46689433689251,5.92615764994361,Inf,0.045,0.045,0.035,0.035,1.84060793766973,1.64469928905753,8.41279003491871e-12,4.18417765969891e-06,0.269073862669304,50413.6051701442,0.0160865200261947,27515.02187673,2622.30427678499,25303.0007261268,47113.3306548264,8254.50656301899,797.702566070995,7590.90021783803,14133.9991964479
0.194,1,1,0,0,0,1,0,0,0,0,0,0,1,0,0.038,0.039,0,0,0,0.035,0,1.46679034114948,5.93597915258586,Inf,0.045,0.045,0.035,0.035,1.84066962413864,1.64295496463109,8.3990979203138e-12,4.29670345079259e-06,0.265692591565219,50683.8738592593,0.00842901685084778,27450.3552530562,2613.62900390804,25441.7605182347,47289.6905276113,8235.10657591686,792.497402344826,7632.5281554704,14186.9071582834
0.195,1,1,0,0,0,1,0,0,0,0,0,0,1,0,0.039,0.04,0,0,0,0.035,0,1.46688938633825,5.94733947420683,Inf,0.045,0.045,0.035,0.035,1.84061087391315,1.64094677673433,8.39605674263685e-12,4.17155431227912e-06,0.2622950691351,50875.3725346702,0.0242870981276451,27345.0924994211,2600.28285312381,25541.7464360807,47479.273334216,8203.52774982632,784.489711874284,7662.5239308242,14243.7820002648
0.196,1,1,0,0,0,1,0,0,0,0,0,0,1,0,0.04,0.041,0,0,0,0.035,0,1.47247960504008,5.94654752829652,Inf,0.045,0.045,0.035,0.035,1.83731071329421,1.64108644396632,8.39665558558555e-12,4.17195801338291e-06,0.259543045685273,50970.2838767175,0.00720559535167272,27146.9622481154,2586.41673838635,25593.1005154441,47663.406262536,8144.08867443461,776.170043031807,7677.93015463322,14299.0218787608
0.197,1,1,0,0,0,1,0,0,0,0,0,0,1,0,0.041,0.042,0,0,0,0.035,0,1.48825909581982,5.95379049394543,Inf,0.045,0.045,0.035,0.035,1.82815959821791,1.63981089461625,8.38817370794757e-12,4.16890485624918e-06,0.257936317647729,50957.8224574128,0.0145489866732615,26920.7198740519,2576.05246291701,25589.6534343248,47633.8501086122,8076.21596221558,772.815738875103,7676.89603029745,14290.1550325837
0.198,1,1,0,0,0,1,0,0,0,0,0,0,1,0,0.042,0.043,0,0,0,0.035,0,1.50018903722979,5.98444670173681,Inf,0.045,0.045,0.035,0.035,1.82139765836859,1.63445688766706,8.35720488680821e-12,4.15538720309641e-06,0.267532488177442,50835.6780492949,0.0216340929549919,26719.76210204,2558.06796299333,25529.9485946,47473.6427285759,8015.92863061201,767.420388898,7658.98457838,14242.0928185728
0.199,1,1,0,0,0,1,0,0,0,0,0,0,1,0,0.043,0.044,0,0,0,0.035,0,1.50335901419635,6.05050226469919,Inf,0.045,0.045,0.035,0.035,1.81962302479908,1.62316150371039,8.29517315754953e-12,4.12662051906459e-06,0.267322289210392,50611.3265399533,0.0024352886970694,26588.7178202797,2529.54463758269,25418.0146064123,47311.6260790724,7976.61534608391,758.863391274807,7625.4043819237,14193.4878237217
0.2,1,1,0,0,0,1,0,0,0,0,0,0,1,0,0.044,0.045,0,0,0,0.035,0,1.51564995762555,6.1384142227111,Inf,0.045,0.045,0.035,0.035,1.81282814888862,1.60861973868937,8.20242105351595e-12,4.01686405891621e-06,0.267178375693964,50376.0498159284,0.0240551053278693,26493.1578941714,2506.67831372991,25305.1445870623,47163.6943753494,7947.94736825142,752.003494118974,7591.5433761187,14149.1083126048
0.201,1,1,0,0,0,1,0,0,0,0,0,0,1,0,0.045,0.046,0,0,0,0.035,0,1.54071892238445,6.1408608822957,Inf,0.045,0.045,0.035,0.035,1.79937908800564,1.60822278867947,8.08950341359473e-12,4.02826605265924e-06,0.267166457688996,50331.2672068343,0.0116411096428837,26159.1777300373,2493.72281857417,25284.5351281672,47044.2959738161,7847.7533190112,748.116845572251,7585.36053845016,14113.2887921448
0.202,1,1,0,0,0,1,0,0,0,0,0,0,1,0,0.046,0.047,0,0,0,0.035,0,1.57929875581759,6.17001447938541,Inf,0.045,0.045,0.035,0.035,1.77969450425949,1.60352439454612,7.97503792906422e-12,4.03120881141532e-06,0.267108957252364,50229.4729600766,0.0111082886343257,25917.9119784153,2491.76112302594,25234.0032118443,46965.0757763192,7775.37359352458,747.528336907782,7570.20096355329,14089.5227328958
0.203,1,1,0,0,0,1,0,0,0,0,0,0,1,0,0.047,0.048,0,0,0,0.035,0,1.58273033856181,6.2345265434087,Inf,0.045,0.045,0.035,0.035,1.77800004497462,1.59333039020332,7.88036733247001e-12,4.02052590295466e-06,0.269455466665867,50076.6794100983,0.0207901876082269,25807.8817228946,2467.21047872426,25157.2406766294,46933.60273807,7742.36451686837,740.163143617277,7547.17220298883,14080.080821421
0.204,1,1,0,0,0,1,0,0,0,0,0,0,1,0,0.048,0.049,0,0,0,0.035,0,1.58687603714783,6.33254648750318,Inf,0.045,0.045,0.035,0.035,1.77596483488527,1.57835561359081,7.82252805637204e-12,3.99645370578806e-06,0.269826584964633,49885.5638333924,0.0129182964752107,25828.7612531747,2447.21916463131,25061.5617048932,46677.6069165445,7748.6283759524,734.165749389393,7518.46851146795,14003.2820749634
0.205,1,1,0,0,0,1,0,0,0,0,0,0,1,0,0.049,0.05,0,0,0,0.035,0,1.6024089509908,6.36861294491022,Inf,0.045,0.045,0.035,0.035,1.7684528869505,1.57299550963215,7.8082442867889e-12,3.95632797353709e-06,0.269727699285858,49674.6540288891,0.0145816368644598,25734.9684031661,2440.83349305709,24957.1197316731,46477.2828142391,7720.49052094983,732.250047917126,7487.13591950192,13943.1848442717
0.206,1,1,0,0,0,1,0,0,0,0,0,0,1,0,0.05,0.051,0,0,0,0.035,0,1.62789606432778,6.35758447686997,Inf,0.045,0.045,0.035,0.035,1.7565022198579,1.57462618515251,7.83178560844818e-12,3.96764680700115e-06,0.268853072755282,49466.4164528229,0.0142575340546836,25587.5188569823,2446.79624624702,24855.6191723509,46374.5374368806,7676.2556570947,734.038873874106,7456.68575170528,13912.3612310642
0.207,1,1,0,0,0,1,0,0,0,0,0,0,1,0,0.051,0.052,0,0,0,0.035,0,1.64704777878776,6.37633450065394,Inf,0.045,0.045,0.035,0.035,1.74781565677142,1.57185813433506,7.87777840771329e-12,3.96644271853473e-06,0.260633644537622,49530.5322620697,0.0139411486947986,25573.0468693436,2453.93718002329,24890.4425288755,46379.1765682155,7671.91406080307,736.181154006988,7467.13275866265,13913.7529704647
0.208,1,1,0,0,0,1,0,0,0,0,0,0,1,0,0.052,0.053,0,0,0,0.035,0,1.63739253443848,6.41868216425975,Inf,0.045,0.045,0.035,0.035,1.75216427138563,1.56568314626565,7.92743351552025e-12,3.95480188620508e-06,0.260619632834222,49674.9428248204,0.0139856410637709,25665.1184692817,2445.93571390085,24962.4684989557,46489.7751769946,7699.53554078452,733.780714170254,7488.7405496867,13946.9325530984
0.209,1,1,0,0,0,1,0,0,0,0,0,0,1,0,0.053,0.054,0,0,0,0.035,0,1.6378682963969,6.47017764880475,Inf,0.045,0.045,0.035,0.035,1.75194854310701,1.55831447320893,7.96516981688055e-12,3.93834526426635e-06,0.260568382899946,49815.1183391924,0.0147027004906163,25811.04586257,2447.99842988976,25033.9308246488,46693.9443228355,7743.31375877099,734.399528966928,7510.17924739464,14008.1832968507
0.21,1,1,0,0,0,1,0,0,0,0,0,0,1,0,0.054,0.055,0,0,0,0.035,0,1.64570053550266,6.45952420582284,Inf,0.045,0.045,0.035,0.035,1.74841874406147,1.55982649330647,7.9830525290227e-12,3.94209112282982e-06,0.260082385849718,49939.7238794757,0.014292261900326,25820.2501137484,2456.78077836075,25099.2399594159,46875.5866851002,7746.07503412451,737.034233508225,7529.77198782477,14062.67600553
0.211,1,1,0,0,0,1,0,0,0,0,0,0,1,0,0.055,0.056,0,0,0,0.035,0,1.656024008252,6.45708350184623,Inf,0.045,0.045,0.035,0.035,1.74382767794692,1.56017380246249,7.98189235450833e-12,3.93577045364124e-06,0.258800539652014,50039.0335247846,0.0146504672496007,25856.1606553938,2467.28561349709,25153.031913657,46915.287695183,7756.84819661813,740.185684049127,7545.90957409711,14074.5863085549
0.212,1,1,0,0,0,1,0,0,0,0,0,0,1,0,0.056,0.057,0,0,0,0.035,0,1.66397930660172,6.47247805963453,Inf,0.045,0.045,0.035,0.035,1.74033658782294,1.55798882248319,7.96916302211238e-12,3.92326752841392e-06,0.256551033016302,50104.5449560475,0.0142107113921329,25918.9132138197,2474.74529341962,25190.155440496,47006.6117922394,7775.67396414592,742.423588025887,7557.04663214879,14101.9835376718
0.213,1,1,0,0,0,1,0,0,0,0,0,0,1,0,0.057,0.058,0,0,0,0.035,0,1.66699387775472,6.49236059829915,Inf,0.045,0.045,0.035,0.035,1.73902415920066,1.55518658758717,7.95476738523817e-12,3.91016225990769e-06,0.253444491615221,50150.5010632092,0.0219003290389152,25960.8875656404,2476.19589315558,25208.7810111138,47139.9631830811,7788.26626969211,742.858767946675,7562.63430333413,14141.9889549243
0.214,1,1,0,0,0,1,0,0,0,0,0,0,1,0,0.058,0.059,0,0,0,0.035,0,1.66616945528628,6.50548114378262,Inf,0.045,0.045,0.035,0.035,1.73938251300753,1.55334945250386,7.94623320938046e-12,3.9013051542643e-06,0.249880402032414,50399.5053864766,0.00944069245929302,25944.2182240507,2471.25807530914,25336.8960323554,47301.6730419271,7783.26546721522,741.377422592742,7601.06880970663,14190.5019125781
0.215,1,1,0,0,0,1,0,0,0,0,0,0,1,0,0.059,0.06,0,0,0,0.035,0,1.66591389021661,6.50818076212876,Inf,0.045,0.045,0.035,0.035,1.73949368684607,1.55297263470317,7.94512303465464e-12,3.89889321373781e-06,0.246460035465747,50575.2105541477,0.0127986845830033,25853.9273424929,2461.98092567758,25429.0586602992,47475.5564513458,7756.17820274788,738.594277703274,7628.71759808976,14242.6669354037
0.216,1,1,0,0,0,1,0,0,0,0,0,0,1,0,0.06,0.061,0,0,0,0.035,0,1.6721421821063,6.5066297040288,Inf,0.045,0.045,0.035,0.035,1.73679595123044,1.55318908513911,7.94605699942777e-12,3.90157533945023e-06,0.243820325398218,50661.6264050104,0.0222981051420605,25702.7080773804,2451.86316409458,25476.3248384166,47644.5117714409,7710.81242321411,735.558949228373,7642.89745152499,14293.3535314323
0.217,1,1,0,0,0,1,0,0,0,0,0,0,1,0,0.061,0.062,0,0,0,0.035,0,1.69015997089979,6.51456967893462,Inf,0.045,0.045,0.035,0.035,1.72912613710677,1.55208245780183,7.93872646774167e-12,3.90501484542047e-06,0.242432997379686,50649.3886141813,0.00894340562755752,25526.2872088253,2444.37309965888,25473.2163942255,47617.4463676148,7657.8861626476,733.311929897665,7641.96491826765,14285.2339102845
0.218,1,1,0,0,0,1,0,0,0,0,0,0,1,0,0.062,0.063,0,0,0,0.035,0,1.6954813920711,6.54801707876308,Inf,0.045,0.045,0.035,0.035,1.7268983451123,1.54745859995818,7.91206894186775e-12,3.90360126724449e-06,0.252803902611107,50536.8924853922,0.0229840808940691,25370.6016743066,2425.26371281424,25418.5977681193,47470.4842817708,7611.18050229199,727.579113844272,7625.5793304358,14241.1452845313
0.219,1,1,0,0,0,1,0,0,0,0,0,0,1,0,0.063,0.064,0,0,0,0.035,0,1.69878311387245,6.61949602073228,Inf,0.045,0.045,0.035,0.035,1.72552451312042,1.5377778010861,7.85901052181744e-12,3.89272344218903e-06,0.252437833544937,50331.3328281129,0.0121136371021126,25274.5503564817,2402.17943251773,25316.3319439013,47321.8979233171,7582.36510694452,720.653829755318,7594.89958317038,14196.5693769951
0.22,1,1,0,0,0,1,0,0,0,0,0,0,1,0,0.064,0.065,0,0,0,0.035,0,1.71263968019072,6.6910676144699,Inf,0.045,0.045,0.035,0.035,1.71982808091193,1.52834927343832,7.78010244919704e-12,3.85942052623846e-06,0.252182377434911,50119.7957258194,0.0079396938992814,25159.4961213496,2384.19701807852,25216.1756038122,47186.2504044245,7547.84883640489,715.259105423555,7564.85268114365,14155.8751213273
0.221,1,1,0,0,0,1,0,0,0,0,0,0,1,0,0.065,0.066,0,0,0,0.035,0,1.74117494316564,6.68971193421782,Inf,0.045,0.045,0.035,0.035,1.70843850268408,1.52852546821934,7.68476786829846e-12,3.86399993346238e-06,0.252137475509448,50078.5816522548,0.0245197650206193,24886.8231423892,2375.03217592278,25197.6847118182,47076.8098858117,7466.04694271675,712.509652776835,7559.30541354546,14123.0429657435
0.222,1,1,0,0,0,1,0,0,0,0,0,0,1,0,0.066,0.067,0,0,0,0.035,0,1.78506975698447,6.71721758722936,Inf,0.045,0.045,0.035,0.035,1.69176412764302,1.52496839698443,7.58948480626792e-12,3.86062302469847e-06,0.252172208864797,49985.7022736269,0.0114072315494109,24699.2794475091,2375.62337013237,25151.9043538986,47004.1973610052,7409.78383425273,712.687011039711,7545.57130616958,14101.2592083016
0.223,1,1,0,0,0,1,0,0,0,0,0,0,1,0,0.067,0.068,0,0,0,0.035,0,1.77830337696319,6.78272855500955,Inf,0.045,0.045,0.035,0.035,1.69427055699203,1.51664448487553,7.51307611161999e-12,3.84602206852109e-06,0.256154144098953,49846.6664947719,0.0164794145498723,24630.2664818882,2351.86838956032,25082.2708972122,46975.3542016684,7389.07994456647,705.560516868095,7524.68126916365,14092.6062605005
0.224,1,1,0,0,0,1,0,0,0,0,0,0,1,0,0.068,0.069,0,0,0,0.035,0,1.78024142673548,6.88376799716896,Inf,0.045,0.045,0.035,0.035,1.69355033757324,1.50420076234587,7.47044449262795e-12,3.82111556902396e-06,0.256380480947181,49672.8830215647,0.0144670827853741,24678.5801048531,2336.80959110747,24995.5013459496,46740.0349052711,7403.57403145594,701.042877332241,7498.65040378488,14022.0104715813
0.225,1,1,0,0,0,1,0,0,0,0,0,0,1,0,0.069,0.07,0,0,0,0.035,0,1.79546398100321,6.89486702950611,Inf,0.045,0.045,0.035,0.035,1.68795762651308,1.50286207506171,7.46721440318345e-12,3.82168985144994e-06,0.256169170934834,49481.0550481065,0.013334515410225,24584.0130525798,2334.08270861669,24900.8977707199,46556.5683897006,7375.20391577394,700.224812585007,7470.26933121598,13966.9705169102
0.226,1,1,0,0,0,1,0,0,0,0,0,0,1,0,0.07,0.071,0,0,0,0.035,0,1.82216834417192,6.87266390142278,Inf,0.045,0.045,0.035,0.035,1.67841435251705,1.50554556218918,7.49783724820561e-12,3.8171229229899e-06,0.255288096383393,49291.389370284,0.0148233288714974,24480.4150326787,2342.42836901994,24809.0843260572,46462.4979659183,7344.12450980361,702.728510705981,7442.72529781715,13938.7493897755
0.227,1,1,0,0,0,1,0,0,0,0,0,0,1,0,0.071,0.0720000000000001,0,0,0,0.035,0,1.83533835354897,6.88389465976007,Inf,0.045,0.045,0.035,0.035,1.67382900093464,1.50418545424337,7.54813758748935e-12,3.80170049052428e-06,0.249526138908543,49352.1095985948,0.0140833679037293,24496.8758584446,2348.77445763272,24843.3326328578,46466.7487162041,7349.06275753337,704.632337289815,7452.99978985733,13940.0246148612
0.228,1,1,0,0,0,1,0,0,0,0,0,0,1,0,0.0720000000000001,0.0730000000000001,0,0,0,0.035,0,1.82001265732082,6.92157744162791,Inf,0.045,0.045,0.035,0.035,1.67917239245299,1.49966279066136,7.60092880876679e-12,3.77882223154973e-06,0.24953195828429,49486.2724640316,0.0140543201949869,24608.2737934836,2343.90332702681,24910.2985795161,46568.0184605292,7382.48213804508,703.170998108044,7473.08957385482,13970.4055381587
0.229,1,1,0,0,0,1,0,0,0,0,0,0,1,0,0.0730000000000001,0.0740000000000001,0,0,0,0.035,0,1.81709304822749,6.96981625234381,Inf,0.045,0.045,0.035,0.035,1.68020246792854,1.49396364390037,7.64199252715652e-12,3.75468579490079e-06,0.249430124538928,49616.099888861,0.0138433543792687,24766.0946252316,2348.04076012681,24976.6843975322,46755.0155254039,7429.82838756949,704.412228038044,7493.00531925967,14026.5046576212
0.23,1,1,0,0,0,1,0,0,0,0,0,0,1,0,0.0740000000000001,0.0750000000000001,0,0,0,0.035,0,1.82323085359487,6.93947948044703,Inf,0.045,0.045,0.035,0.035,1.67804150729628,1.49753603203194,7.66408772695161e-12,3.78363536597778e-06,0.248900055186714,49731.0996778559,0.0195427768085014,24774.7588037345,2358.0911331941,25037.3648027916,46922.0705595675,7432.42764112034,707.427339958231,7511.20944083748,14076.6211678703
0.231,1,1,0,0,0,1,0,0,0,0,0,0,1,0,0.0750000000000001,0.0760000000000001,0,0,0,0.035,0,1.83275208068753,6.92856391829503,Inf,0.045,0.045,0.035,0.035,1.67472328819525,1.49883113888726,7.66793174747478e-12,3.76741622558071e-06,0.247653399883371,49822.2765767152,0.0175518856873663,24823.2332040746,2369.50063397116,25087.3408432829,46958.4557236664,7446.96996122239,710.850190191348,7526.20225298488,14087.5367170999
0.232,1,1,0,0,0,1,0,0,0,0,0,0,1,0,0.0760000000000001,0.0770000000000001,0,0,0,0.035,0,1.84005854631318,6.93864306468534,Inf,0.045,0.045,0.035,0.035,1.67220452144819,1.4976350879637,7.66029666603406e-12,3.74737789307768e-06,0.245568728203689,49882.0708023163,0.0126532776728014,24894.3626784156,2377.95646395254,25121.902564767,47042.1576826057,7468.30880352469,713.386939185761,7536.5707694301,14112.6473047817
0.233,1,1,0,0,0,1,0,0,0,0,0,0,1,0,0.0770000000000001,0.0780000000000001,0,0,0,0.035,0,1.84218807319031,6.95514391551783,Inf,0.045,0.045,0.035,0.035,1.67147486188998,1.49568648914339,7.65017301148574e-12,3.72953415029336e-06,0.242773032837698,49927.0697518549,0.0129456034999018,24945.3912497342,2380.80059699615,25140.4918697038,47164.3970847087,7483.61737492026,714.240179098844,7542.14756091114,14149.3191254126
0.234,1,1,0,0,0,1,0,0,0,0,0,0,1,0,0.0780000000000001,0.0790000000000001,0,0,0,0.035,0,1.84034037451719,6.96583459474831,Inf,0.045,0.045,0.035,0.035,1.67210784114922,1.49443026569702,7.64444351589367e-12,3.71885980594494e-06,0.239644693195404,50155.6558180115,0.0221526557825872,24942.6242965495,2377.72343751141,25258.4771763949,47312.6879431305,7482.78728896485,713.317031253423,7577.54315291847,14193.8063829391
0.235,1,1,0,0,0,1,0,0,0,0,0,0,1,0,0.0790000000000001,0.0800000000000001,0,0,0,0.035,0,1.83942734227069,6.96659790606511,Inf,0.045,0.045,0.035,0.035,1.67242118142579,1.49434075867551,7.64466416303449e-12,3.71746819561776e-06,0.236731744549729,50316.4721262915,0.00488412998319402,24873.1868610748,2370.61067116349,25343.3449559419,47472.165666861,7461.95605832244,711.183201349047,7603.00348678257,14241.6497000583
0.236,1,1,0,0,0,1,0,0,0,0,0,0,1,0,0.0800000000000001,0.0810000000000001,0,0,0,0.035,0,1.8460271369534,6.96375063081569,Inf,0.045,0.045,0.035,0.035,1.67016448486263,1.49467476109892,7.64618699934404e-12,3.72384280059569e-06,0.234599810046064,50395.0551419881,0.0211733554558614,24749.2274760875,2362.64986530757,25386.8850719484,47627.1833664885,7424.76824282625,708.794959592272,7616.06552158451,14288.1550099465
0.237,1,1,0,0,0,1,0,0,0,0,0,0,1,0,0.0810000000000001,0.0820000000000001,0,0,0,0.035,0,1.86598002285322,6.97163405999362,Inf,0.045,0.045,0.035,0.035,1.66345667677708,1.49375083448439,7.63996018876617e-12,3.73341191656552e-06,0.233651567836397,50383.0830264217,0.0135238409060488,24603.5909288054,2356.98889890907,25384.1088718928,47602.4079085147,7381.07727864163,707.09666967272,7615.23266156783,14280.7223725544
0.238,1,1,0,0,0,1,0,0,0,0,0,0,1,0,0.0820000000000001,0.0830000000000001,0,0,0,0.035,0,1.86389922760361,7.00696052682082,Inf,0.045,0.045,0.035,0.035,1.66414827151349,1.48964294673384,7.61628451361514e-12,3.74025357789141e-06,0.243355185754513,50279.3156433608,0.00782281840856332,24478.0748548469,2337.33886466268,25334.0448645377,47467.5816495029,7343.42245645406,701.201659398804,7600.21345936132,14240.2744948509
0.239,1,1,0,0,0,1,0,0,0,0,0,0,1,0,0.0830000000000001,0.0840000000000001,0,0,0,0.035,0,1.86701387207267,7.08256416197457,Inf,0.045,0.045,0.035,0.035,1.66311373366589,1.4810253750472,7.5691138820311e-12,3.73930467297981e-06,0.242977279732459,50090.4892214696,0.0258407030105163,24407.6988140399,2317.97571165942,25240.3354348999,47331.3244899918,7322.30964421196,695.392713497827,7572.10063046996,14199.3973469975
0.24,1,1,0,0,0,1,0,0,0,0,0,0,1,0,0.0840000000000001,0.0850000000000001,0,0,0,0.035,0,1.88212742362823,7.1327950899461,Inf,0.045,0.045,0.035,0.035,1.65815112852524,1.47542725181745,7.49937270171915e-12,3.71224035632393e-06,0.242740027593714,49898.8146380052,0.00526133319579457,24275.9963056457,2303.57540002727,25151.118750661,47206.9429902635,7282.79889169371,691.072620008182,7545.33562519829,14162.082897079
0.241,1,1,0,0,0,1,0,0,0,0,0,0,1,0,0.0850000000000001,0.0860000000000001,0,0,0,0.035,0,1.91369736355858,7.12742248263958,Inf,0.045,0.045,0.035,0.035,1.6480827461372,1.47602126196673,7.41607177194685e-12,3.72099097970132e-06,0.242736352883549,49860.8150392467,0.0172900246182499,24048.0190905158,2297.43277934683,25134.4899836191,47106.6187120204,7214.40572715474,689.22983380405,7540.34699508573,14131.9856136061
0.242,1,1,0,0,0,1,0,0,0,0,0,0,1,0,0.0860000000000001,0.0870000000000001,0,0,0,0.035,0,1.95347274216678,7.15339336043154,Inf,0.045,0.045,0.035,0.035,1.63594123865595,1.47316027500491,7.33455692358847e-12,3.72293333400329e-06,0.246526311819843,49775.7003921385,0.0177143662487252,23902.3100618054,2296.8572035357,25092.7835155874,47040.070668644,7170.69301854162,689.057161060711,7527.83505467623,14112.0212005932
0.243,1,1,0,0,0,1,0,0,0,0,0,0,1,0,0.0870000000000001,0.0880000000000001,0,0,0,0.035,0,1.9411859323633,7.21987842410704,Inf,0.045,0.045,0.035,0.035,1.63962938652214,1.46595418076215,7.27205032165491e-12,3.71472907731418e-06,0.246911610638885,49648.4855216063,0.0140157574983795,23867.6299548979,2276.09262007786,25029.2278579937,47013.6342053693,7160.28898646936,682.827786023359,7508.76835739812,14104.0902616108
0.244,1,1,0,0,0,1,0,0,0,0,0,0,1,0,0.0880000000000001,0.0890000000000001,0,0,0,0.035,0,1.94133497587753,7.32321950645512,Inf,0.045,0.045,0.035,0.035,1.63958431913049,1.45507912687974,7.24179146212443e-12,3.69694089348192e-06,0.247006976104463,49489.4130623964,0.0153660289187789,23940.2739017212,2265.0113652627,24950.0306848069,46797.3586107983,7182.08217051635,679.503409578808,7485.00920544206,14039.2075832395
0.245,1,1,0,0,0,1,0,0,0,0,0,0,1,0,0.0890000000000001,0.0900000000000001,0,0,0,0.035,0,1.95669170786168,7.2996824937941,Inf,0.045,0.045,0.035,0.035,1.63498398637573,1.45752203500298,7.2481434535348e-12,3.70294629785113e-06,0.24673883281765,49313.7249718649,0.0136711625210072,23829.4169901599,2265.43215385948,24863.8376694275,46629.3147583674,7148.82509704795,679.629646157845,7459.15130082825,13988.7944275102
0.246,1,1,0,0,0,1,0,0,0,0,0,0,1,0,0.0900000000000001,0.0910000000000001,0,0,0,0.035,0,1.98480381087666,7.27037849557708,Inf,0.045,0.045,0.035,0.035,1.62677861223575,1.46059128566649,7.28504577716511e-12,3.69895074939272e-06,0.245895326860392,49139.8750515096,0.0139957248768061,23762.0042239439,2275.89558414438,24780.4335090736,46543.1755945662,7128.60126718318,682.768675243315,7434.13005272209,13962.9526783699
0.247,1,1,0,0,0,1,0,0,0,0,0,0,1,0,0.0910000000000001,0.0920000000000001,0,0,0,0.035,0,1.98661282801888,7.27811472527883,Inf,0.045,0.045,0.035,0.035,1.62625991025091,1.45977798906336,7.33863040740507e-12,3.68492737070931e-06,0.241341989489167,49197.9531661101,0.0143559081837816,23805.667448189,2279.74159335238,24814.2475872839,46547.0708824595,7141.70023445669,683.922478005715,7444.27427618516,13964.1212647379
0.248,1,1,0,0,0,1,0,0,0,0,0,0,1,0,0.0920000000000001,0.0930000000000001,0,0,0,0.035,0,1.96757072511328,7.31433118540561,Inf,0.045,0.045,0.035,0.035,1.63177598693364,1.45599932722922,7.39261327968099e-12,3.66433389622406e-06,0.241372258838172,49321.4573434859,0.0143929088035545,23934.1552298492,2277.49928024921,24875.9651058488,46639.8100851642,7180.24656895476,683.249784074763,7462.78953175464,13991.9430255492
0.249,1,1,0,0,0,1,0,0,0,0,0,0,1,0,0.0930000000000001,0.0940000000000001,0,0,0,0.035,0,1.96310401202774,7.35290000307426,Inf,0.045,0.045,0.035,0.035,1.63308808049139,1.45202653732634,7.43389064779187e-12,3.68381282405334e-06,0.241313623244116,49440.56449839,0.0135988329861122,24081.5683221137,2283.50890969519,24937.1781041141,46811.0962273146,7224.47049663411,685.052672908558,7481.15343123423,14043.3288681944
0.25,1,1,0,0,0,1,0,0,0,0,0,0,1,0,0.0940000000000001,0.0950000000000001,0,0,0,0.035,0,1.9689803115593,7.30454693405472,Inf,0.045,0.045,0.035,0.035,1.63136337144543,1.45701553389921,7.45617838486743e-12,3.67444724957632e-06,0.240866390829028,49545.7477916343,0.0145848945701618,24089.2802766355,2294.67156566472,24993.2572725604,46964.6978702027,7226.78408299065,688.401469699415,7497.97718176812,14089.4093610608
0.251,1,1,0,0,0,1,0,0,0,0,0,0,1,0,0.0950000000000001,0.0960000000000001,0,0,0,0.035,0,1.97853188689911,7.2910521366405,Inf,0.045,0.045,0.035,0.035,1.62858557966048,1.45842274463333,7.46075063306374e-12,3.65745280152495e-06,0.239766928321755,49628.9010598268,0.0152154759742259,24149.7163999136,2306.63037346004,25039.6056469438,46998.0418293001,7244.91491997409,691.989112038013,7511.88169408314,14099.41254879
0.252,1,1,0,0,0,1,0,0,0,0,0,0,1,0,0.0960000000000001,0.0970000000000001,0,0,0,0.035,0,1.98484156422003,7.30024942778691,Inf,0.045,0.045,0.035,0.035,1.62676777584942,1.45746296038237,7.45446715917782e-12,3.63778626245005e-06,0.237914182706529,49683.2136440161,0.0196538402138386,24228.0526124779,2315.38122164858,25071.8131128409,47074.7666675064,7268.41578374337,694.614366494573,7521.54393385228,14122.4300002519
0.253,1,1,0,0,0,1,0,0,0,0,0,0,1,0,0.0970000000000001,0.0980000000000001,0,0,0,0.035,0,1.98638400982673,7.31596828242463,Inf,0.045,0.045,0.035,0.035,1.62632545846501,1.45582962910512,7.44604032211667e-12,3.62131809114097e-06,0.235442583696215,49726.4110411825,0.0108685733005482,24284.0861256306,2318.57277575542,25089.6685803359,47186.8204326456,7285.22583768917,695.571832726627,7526.90057410077,14156.0461297937
0.254,1,1,0,0,0,1,0,0,0,0,0,0,1,0,0.0980000000000001,0.0990000000000001,0,0,0,0.035,0,1.9830556041911,7.32506119962608,Inf,0.045,0.045,0.035,0.035,1.62728093158999,1.45488880841616,7.44194123353743e-12,3.61269503856414e-06,0.23271849205212,49935.5662928347,0.0194903224008058,24287.2229492883,2316.10494412234,25198.1679632269,47322.798011524,7286.16688478648,694.831483236702,7559.45038896807,14196.8394034572
0.255,1,1,0,0,0,1,0,0,0,0,0,0,1,0,0.0990000000000001,0.1,0,0,0,0.035,0,1.98106337692004,7.32344859206327,Inf,0.045,0.045,0.035,0.035,1.62785463303434,1.4550554468936,7.44345287907948e-12,3.61366546488446e-06,0.230256416703963,50082.3978154499,0.0152759046873943,24227.170039388,2309.92502355268,25276.31709853,47469.0773062126,7268.15101181639,692.977507065803,7582.89512955899,14240.7231918638
0.256,1,1,0,0,0,1,0,0,0,0,0,0,1,0,0.1,0.101,0,0,0,0.035,0,1.98773621385946,7.31829801029137,Inf,0.045,0.045,0.035,0.035,1.62593835688338,1.45558829857563,7.44599132582306e-12,3.62243640453589e-06,0.228571456820378,50153.7607049601,0.00613353956672296,24117.3326603181,2303.1366898068,25316.5007080463,47611.288241742,7235.19979809542,690.941006942039,7594.95021241389,14283.3864725226
0.257,1,1,0,0,0,1,0,0,0,0,0,0,1,0,0.101,0.102,0,0,0,0.035,0,2.00386513415053,7.32512222734891,Inf,0.045,0.045,0.035,0.035,1.62136817768871,1.45488250393678,7.44094920430212e-12,3.63434243463399e-06,0.237328079120125,50142.0991796046,0.0244812460298641,23990.1309194522,2296.46581881024,25314.0693562083,47588.6118288877,7197.03927583566,688.939745643072,7594.2208068625,14276.5835486663
0.258,1,1,0,0,0,1,0,0,0,0,0,0,1,0,0.102,0.103,0,0,0,0.035,0,2.00015853335109,7.36153031514765,Inf,0.045,0.045,0.035,0.035,1.62241082098314,1.45114471428998,7.41933584315804e-12,3.64352239410313e-06,0.237074570633372,50046.2944119214,0.00613549757700785,23885.4151431048,2278.89440840598,25268.1120040872,47464.9266628564,7165.62454293145,683.668322521793,7580.43360122616,14239.4779988569
0.259,1,1,0,0,0,1,0,0,0,0,0,0,1,0,0.103,0.104,0,0,0,0.035,0,2.00273729678036,7.44046514602576,Inf,0.045,0.045,0.035,0.035,1.62168495321182,1.44319804919503,7.37586175215537e-12,3.64506575911888e-06,0.23673240317997,49872.4908140922,0.0163963750461614,23835.3771607501,2262.13367906145,25182.0249880494,47339.961700521,7150.61314822503,678.640103718435,7554.60749641483,14201.9885101563
0.26,1,1,0,0,0,1,0,0,0,0,0,0,1,0,0.104,0.105,0,0,0,0.035,0,2.01887417537674,7.46671528889449,Inf,0.045,0.045,0.035,0.035,1.61719196573258,1.44060187267191,7.31201410266712e-12,3.61959620720071e-06,0.236549133517855,49697.5326992958,0.0201536753413122,23688.6788797956,2250.50313495359,25102.4039301178,47225.9272425047,7106.60366393868,675.150940486077,7530.72117903535,14167.7781727514
0.261,1,1,0,0,0,1,0,0,0,0,0,0,1,0,0.105,0.106,0,0,0,0.035,0,2.05317795561482,7.4576307404592,Inf,0.045,0.045,0.035,0.035,1.60791425674253,1.44149776164271,7.23695648158795e-12,3.63059741864882e-06,0.236603745787817,49662.4610296117,0.00751265703093663,23494.6115464445,2246.93269082325,25087.4227449615,47133.9492510186,7048.38346393334,674.079807246976,7526.22682348845,14140.1847753056
0.262,1,1,0,0,0,1,0,0,0,0,0,0,1,0,0.106,0.107,0,0,0,0.035,0,2.08265928172992,7.48301492404397,Inf,0.045,0.045,0.035,0.035,1.60022486215183,1.43900126778545,7.16562572944447e-12,3.63479627787823e-06,0.240412121600318,49584.2032056416,0.0226087392018861,23383.3275815802,2243.68098070835,25049.238183985,47072.9586316977,7014.99827447406,673.104294212504,7514.77145519549,14121.8875895093
0.263,1,1,0,0,0,1,0,0,0,0,0,0,1,0,0.107,0.108,0,0,0,0.035,0,2.06742970384384,7.55147992238577,Inf,0.045,0.045,0.035,0.035,1.60416518468564,1.43237218301478,7.11424332317294e-12,3.62902542497004e-06,0.240656620436147,49467.2252550528,0.0137982693804465,23378.975702434,2226.39027859683,24990.8957096973,47048.7297243094,7013.6927107302,667.917083579048,7497.26871290918,14114.6189172928
0.264,1,1,0,0,0,1,0,0,0,0,0,0,1,0,0.108,0.109,0,0,0,0.035,0,2.0668440959802,7.65746744049517,Inf,0.045,0.045,0.035,0.035,1.60431804855116,1.42240063886991,7.09462314688982e-12,3.61403305419642e-06,0.240666020043441,49320.8068365549,0.0137984283270072,23473.97635134,2218.69933946203,24918.2367299743,46849.9876388416,7042.19290540201,665.609801838609,7475.47101899229,14054.9962916525
0.265,1,1,0,0,0,1,0,0,0,0,0,0,1,0,0.109,0.11,0,0,0,0.035,0,2.08333045401071,7.59252270843228,Inf,0.045,0.045,0.035,0.035,1.60005275292511,1.42846962934643,7.10965864849404e-12,3.62257003841144e-06,0.240364761818539,49158.8831966307,0.0149294358200074,23336.1921079109,2221.95760598636,24839.343707219,46696.0568390422,7000.85763237328,666.587281795908,7451.80311216571,14008.8170517127
0.266,1,1,0,0,0,1,0,0,0,0,0,0,1,0,0.11,0.111,0,0,0,0.035,0,2.11342933245023,7.56130747752715,Inf,0.045,0.045,0.035,0.035,1.59246493498507,1.43143291916318,7.15224460034361e-12,3.61947449401758e-06,0.239542110510775,48998.6006318858,0.0135450268442964,23300.4646326935,2234.34949381714,24763.3670419711,46617.1710081463,6990.13938980804,670.304848145141,7429.01011259134,13985.1513024439
0.267,1,1,0,0,0,1,0,0,0,0,0,0,1,0,0.111,0.112,0,0,0,0.035,0,2.09932443535114,7.57037684592562,Inf,0.045,0.045,0.035,0.035,1.59598924143641,1.43056881590318,7.20822339122743e-12,3.60668047475016e-06,0.235727524175705,49054.6030014177,0.014236414284202,23369.1181125235,2234.55265875862,24796.7951104346,46620.7406965703,7010.73543375705,670.365797627585,7439.03853313038,13986.2222089711
0.268,1,1,0,0,0,1,0,0,0,0,0,0,1,0,0.112,0.113,0,0,0,0.035,0,2.0793122809694,7.60873043106302,Inf,0.045,0.045,0.035,0.035,1.60108506653844,1.42694295760681,7.26181236142449e-12,3.58791297934131e-06,0.235802477640715,49167.3291519733,0.0142042296701832,23512.9500502681,2234.67638805779,24853.2580381061,46705.6763116201,7053.88501508043,670.402916417338,7455.97741143184,14011.702893486
0.269,1,1,0,0,0,1,0,0,0,0,0,0,1,0,0.113,0.114,0,0,0,0.035,0,2.07565132509064,7.61647938116219,Inf,0.045,0.045,0.035,0.035,1.60202965804589,1.42621591085614,7.30096420435381e-12,3.61047290384184e-06,0.23579781953058,49275.7013552588,0.0144409547223561,23618.1338100918,2242.45167909891,24909.4253507737,46862.5862964701,7085.44014302754,672.735503729673,7472.8276052321,14058.775888941
0.27,1,1,0,0,0,1,0,0,0,0,0,0,1,0,0.114,0.115,0,0,0,0.035,0,2.08291229468612,7.56916742113655,Inf,0.045,0.045,0.035,0.035,1.60015996668816,1.43068389723107,7.32063636027835e-12,3.60089207195513e-06,0.235414772580566,49371.1145890363,0.0150007332987972,23642.6257423655,2254.59552122222,24961.1035175113,47003.7865803853,7092.78772270966,676.378656366667,7488.33105525339,14101.1359741156
0.271,1,1,0,0,0,1,0,0,0,0,0,0,1,0,0.115,0.116,0,0,0,0.035,0,2.09328227429485,7.55897503109091,Inf,0.045,0.045,0.035,0.035,1.59751585740157,1.43165556596411,7.32316577717014e-12,3.58432668738021e-06,0.234403517131592,49446.4554724451,0.0163462551433392,23714.9418063153,2266.79452675413,25004.0971951439,47034.3445495881,7114.4825418946,680.038358026239,7501.22915854316,14110.3033648764
0.272,1,1,0,0,0,1,0,0,0,0,0,0,1,0,0.116,0.117,0,0,0,0.035,0,2.09179599256111,7.57128285226147,Inf,0.045,0.045,0.035,0.035,1.59789295393967,1.43048263601322,7.31603420879299e-12,3.56594406367237e-06,0.227754041377405,49495.5852152521,0.0167281170738263,23799.3970436513,2272.5932035688,25034.2090337173,47104.6700379258,7139.81911309539,681.777961070639,7510.2627101152,14131.4010113777
0.273,1,1,0,0,0,1,0,0,0,0,0,0,1,0,0.117,0.118,0,0,0,0.035,0,2.09564197933656,7.58807192941322,Inf,0.045,0.045,0.035,0.035,1.5969184349496,1.4288902888023,7.30803455386361e-12,3.5515418857221e-06,0.229461263318522,49536.3913589598,0.0156899400044549,23856.9677563558,2276.84942974451,25050.7768157745,47207.4007238902,7157.09032690675,683.054828923352,7515.23304473235,14162.2202171671
0.274,1,1,0,0,0,1,0,0,0,0,0,0,1,0,0.118,0.119,0,0,0,0.035,0,2.09362190139568,7.59556136761587,Inf,0.045,0.045,0.035,0.035,1.59742977524838,1.42818278731929,7.30526391247478e-12,3.54542631780034e-06,0.227961853831793,49727.188426556,0.00853884747223111,23859.7789070087,2275.34626643366,25150.5137039404,47332.0748093529,7157.9336721026,682.603879930099,7545.15411118211,14199.6224428059
0.275,1,1,0,0,0,1,0,0,0,0,0,0,1,0,0.119,0.12,0,0,0,0.035,0,2.09013629753376,7.59046521698769,Inf,0.045,0.045,0.035,0.035,1.59831478570932,1.42866401401266,7.30842281993302e-12,3.54887609867936e-06,0.225835054777308,49860.9486624661,0.024224060953972,23800.8227232808,2269.32624397858,25222.5465230649,47466.2512292336,7140.24681698423,680.797873193575,7566.76395691948,14239.8753687701
0.276,1,1,0,0,0,1,0,0,0,0,0,0,1,0,0.12,0.121,0,0,0,0.035,0,2.09674438483166,7.58171040767701,Inf,0.045,0.045,0.035,0.035,1.59663986724094,1.42949260825637,7.31244724834006e-12,3.55968700878693e-06,0.22451246827844,49925.6712929597,0.00708342810186212,23696.2713765433,2263.16151439558,25259.7314791975,47596.7160162187,7108.88141296298,678.948454318673,7577.91944375926,14279.0148048656
0.277,1,1,0,0,0,1,0,0,0,0,0,0,1,0,0.121,0.122,0,0,0,0.035,0,2.10998081331658,7.58663274490873,Inf,0.045,0.045,0.035,0.035,1.59332154146168,1.42902644301063,7.30860152490236e-12,3.57294587563751e-06,0.233035777981837,49914.3577322758,0.0149345152805693,23579.8748692684,2256.08922715137,25257.6478477603,47575.9425936428,7073.96246078051,676.826768145411,7577.29435432809,14272.7827780928
0.278,1,1,0,0,0,1,0,0,0,0,0,0,1,0,0.122,0.123,0,0,0,0.035,0,2.10430459187662,7.62389706493685,Inf,0.045,0.045,0.035,0.035,1.59473860981559,1.42552166883811,7.28821414841992e-12,3.58282001362116e-06,0.232742762650212,49825.8311001187,0.0211727057596753,23490.8501612173,2239.83889809673,25215.3825268179,47462.4980101872,7047.25504836518,671.95166942902,7564.61475804537,14238.7494030562
0.279,1,1,0,0,0,1,0,0,0,0,0,0,1,0,0.123,0.124,0,0,0,0.035,0,2.10615469604547,7.70623354677316,Inf,0.045,0.045,0.035,0.035,1.59427575660022,1.41792703012938,7.24668151685214e-12,3.58467285454802e-06,0.232413009745223,49665.554243058,0.00262536269941665,23458.8778936989,2224.99952344732,25136.0917778267,47347.8800080559,7037.66336810967,667.499857034197,7540.827533348,14204.3640024168
0.28,1,1,0,0,0,1,0,0,0,0,0,0,1,0,0.124,0.125,0,0,0,0.035,0,2.1233623131023,7.7067259737518,Inf,0.045,0.045,0.035,0.035,1.5900156419535,1.41788221550668,7.18631568579861e-12,3.56188544067207e-06,0.232283607087268,49504.7573321822,0.0241128564322459,23296.6770824918,2215.70171765127,25065.0851173209,47243.3304776191,6989.00312474753,664.710515295381,7519.52553519627,14172.9991432857
0.281,1,1,0,0,0,1,0,0,0,0,0,0,1,0,0.125,0.126,0,0,0,0.035,0,2.16042279388543,7.69492105862001,Inf,0.045,0.045,0.035,0.035,1.58110726617974,1.41895851598599,7.11691983124654e-12,3.5739401506454e-06,0.232410141404301,49472.3427829748,0.0113635012544299,23130.1240032181,2214.50450427907,25051.5368477297,47159.0135861797,6939.03720096542,664.35135128372,7515.46105431892,14147.7040758539
0.282,1,1,0,0,0,1,0,0,0,0,0,0,1,0,0.126,0.127,0,0,0,0.035,0,2.17598480207528,7.72151001424861,Inf,0.045,0.045,0.035,0.035,1.57747117046009,1.41654006032291,7.05353806525592e-12,3.57859964549501e-06,0.236130541232443,49400.1742084988,0.0113379212881911,23049.3721506032,2208.33354612688,25016.3906851552,47103.1063540952,6914.81164518097,662.500063838064,7504.91720554655,14130.9319062286
0.283,1,1,0,0,0,1,0,0,0,0,0,0,1,0,0.127,0.128,0,0,0,0.035,0,2.15907344524339,7.79377960774341,Inf,0.045,0.045,0.035,0.035,1.58142540374866,1.41006995117466,7.01172433533722e-12,3.57310039550777e-06,0.236259450200832,49292.0845987176,0.0205568301465249,23073.4723906999,2193.99853437471,24962.5282414484,47080.9031156961,6922.04171720997,658.199560312414,7488.75847243452,14124.2709347088
0.284,1,1,0,0,0,1,0,0,0,0,0,0,1,0,0.128,0.129,0,0,0,0.035,0,2.15926576381733,7.86285603691408,Inf,0.045,0.045,0.035,0.035,1.58138003243312,1.40402324301733,7.00188079025422e-12,3.56418800378043e-06,0.236217294185513,49156.5766467358,0.0129253540118271,23126.0879585477,2189.40151916943,24895.5602946075,46898.3015492557,6937.82638756432,656.82045575083,7468.66808838224,14069.4904647767
0.285,1,1,0,0,0,1,0,0,0,0,0,0,1,0,0.129,0.13,0,0,0,0.035,0,2.17819021086586,7.79266368005894,Inf,0.045,0.045,0.035,0.035,1.57696073269211,1.41016872654367,7.02513976340341e-12,3.57087754945025e-06,0.235910498795501,49006.4939296629,0.0146354338461341,23016.9782593127,2195.34274182551,24823.124249577,46757.2862137523,6905.09347779382,658.602822547652,7446.93727487309,14027.1858641257
0.286,1,1,0,0,0,1,0,0,0,0,0,0,1,0,0.13,0.131,0,0,0,0.035,0,2.21097789301856,7.76494981325096,Inf,0.045,0.045,0.035,0.035,1.56951067441053,1.41263309549955,7.07291290054909e-12,3.56758975353026e-06,0.235113533001509,48857.8799033671,0.0142599146085803,23010.8972221529,2209.51622504167,24753.8103924965,46685.0360038486,6903.26916664587,662.8548675125,7426.14311774895,14005.5108011546
0.287,1,1,0,0,0,1,0,0,0,0,0,0,1,0,0.131,0.132,0,0,0,0.035,0,2.17766841022577,7.77999423156761,Inf,0.045,0.045,0.035,0.035,1.57708139449881,1.41129261605409,7.13037931111773e-12,3.55480396861205e-06,0.231855838458576,48912.2389220331,0.0139670540736165,23103.4037131738,2205.28234808886,24786.8061478725,46688.3072720553,6931.02111395215,661.584704426657,7436.04184436176,14006.4921816166
0.288,1,1,0,0,0,1,0,0,0,0,0,0,1,0,0.132,0.133,0,0,0,0.035,0,2.15959144167935,7.82351673948182,Inf,0.045,0.045,0.035,0.035,1.58130322066603,1.40745065207902,7.18210613025183e-12,3.53675106093112e-06,0.231995001437598,49014.2809096313,0.0140048313028527,23260.9394029791,2207.68633628375,24838.1555194599,46766.1028349475,6978.28182089372,662.305900885126,7451.44665583798,14029.8308504842
0.289,1,1,0,0,0,1,0,0,0,0,0,0,1,0,0.133,0.134,0,0,0,0.035,0,2.15900159602274,7.79400163738948,Inf,0.045,0.045,0.035,0.035,1.58144235663794,1.41005030259581,7.21722054640136e-12,3.56250722830349e-06,0.232047992687753,49112.0569994752,0.0147347054785076,23315.3464850641,2217.17478041414,24889.5230876218,46909.853929388,6994.60394551922,665.152434124242,7466.85692628654,14072.9561788164
0.29,1,1,0,0,0,1,0,0,0,0,0,0,1,0,0.134,0.135,0,0,0,0.035,0,2.1689999765739,7.75413696910344,Inf,0.045,0.045,0.035,0.035,1.57909572181745,1.41360052253137,7.23225141584693e-12,3.55226841146717e-06,0.23170618875767,49197.967444145,0.0142457826053251,23356.8559781492,2230.15259426256,24937.1433896638,47039.6282154892,7007.05679344477,669.045778278768,7481.14301689914,14111.8884646467
0.291,1,1,0,0,0,1,0,0,0,0,0,0,1,0,0.135,0.136,0,0,0,0.035,0,2.17587614468175,7.75205261899922,Inf,0.045,0.045,0.035,0.035,1.57749634994716,1.41378739472914,7.23101125398846e-12,3.535695598089e-06,0.223773911565056,49265.7854029392,0.0144608185927923,23441.0533465079,2241.01680893932,24977.1073773532,47067.6372756683,7032.31600395236,672.305042681795,7493.13221320597,14120.2911827005
0.292,1,1,0,0,0,1,0,0,0,0,0,0,1,0,0.136,0.137,0,0,0,0.035,0,2.1697863301429,7.77014461339709,Inf,0.045,0.045,0.035,0.035,1.57891222483387,1.41216950348844,7.22194305699525e-12,3.51830593894541e-06,0.225208937513404,49310.0682607941,0.0141529139680852,23530.1568092242,2244.71976631052,25005.3943284925,47132.0920814798,7059.04704276727,673.415929893155,7501.61829854774,14139.6276244439
0.293,1,1,0,0,0,1,0,0,0,0,0,0,1,0,0.137,0.138,0,0,0,0.035,0,2.1767952050904,7.7885158651478,Inf,0.045,0.045,0.035,0.035,1.57728346516551,1.41053617441857,7.21405132015766e-12,3.50588948819158e-06,0.226967571236574,49348.0073654954,0.0218842206441953,23585.7336209112,2249.68957052217,25020.2139869672,47226.2785860699,7075.72008627336,674.90687115665,7506.06419609015,14167.883575821
0.294,1,1,0,0,0,1,0,0,0,0,0,0,1,0,0.138,0.139,0,0,0,0.035,0,2.17484704232393,7.79332643580336,Inf,0.045,0.045,0.035,0.035,1.57773497107459,1.41011005906619,7.21291989937462e-12,3.50236530636725e-06,0.224657121450395,49521.5624463082,0.00934101541878151,23582.8659585554,2248.23444553564,25111.951044784,47340.5968881002,7074.85978756661,674.470333660691,7533.5853134352,14202.1790664301
0.295,1,1,0,0,0,1,0,0,0,0,0,0,1,0,0.139,0.14,0,0,0,0.035,0,2.16964132363234,7.78309410021565,Inf,0.045,0.045,0.035,0.035,1.57894605078376,1.41101721167326,7.21830005202888e-12,3.50838720510593e-06,0.222804103683742,49643.1733542734,0.0132953862358553,23518.7875868507,2241.93409852807,25178.4704495606,47463.6546778343,7055.63627605522,672.580229558421,7553.54113486818,14239.0964033503
0.296,1,1,0,0,0,1,0,0,0,0,0,0,1,0,0.14,0.141,0,0,0,0.035,0,2.17637755414019,7.76950068869168,Inf,0.045,0.045,0.035,0.035,1.57738018115802,1.41222692657509,7.22418910746177e-12,3.52113617962612e-06,0.22180564810072,49701.814959287,0.0219399577766229,23413.7633027024,2236.16750591919,25212.9835223018,47583.3549948155,7024.12899081071,670.850251775756,7563.89505669055,14275.0064984447
0.297,1,1,0,0,0,1,0,0,0,0,0,0,1,0,0.141,0.142,0,0,0,0.035,0,2.18762557752244,7.77225077348034,Inf,0.045,0.045,0.035,0.035,1.5747903644572,1.4119817654905,7.22134542625428e-12,3.5353084853944e-06,0.230046377705347,49690.8780208601,0.0089261926615898,23304.0663649214,2229.03587794498,25211.2196807966,47564.3152442234,6991.21990947641,668.710763383493,7563.36590423898,14269.294573267
0.298,1,1,0,0,0,1,0,0,0,0,0,0,1,0,0.142,0.143,0,0,0,0.035,0,2.17962126971197,7.81100881228487,Inf,0.045,0.045,0.035,0.035,1.57663015577393,1.40854936111122,7.20125836485023e-12,3.5450482029294e-06,0.229682356929067,49608.9898760833,0.0231022964135269,23228.8403540955,2213.58940160555,25172.2358206108,47460.2616385018,6968.65210622864,664.076820481665,7551.67074618325,14238.0784915505
0.299,1,1,0,0,0,1,0,0,0,0,0,0,1,0,0.143,0.144,0,0,0,0.035,0,2.18088181667151,7.89774041387478,Inf,0.045,0.045,0.035,0.035,1.57633938291378,1.40101927844472,7.16012488624036e-12,3.54605321665058e-06,0.229358863477933,49460.8871357032,0.0116734238669294,23214.9011669266,2200.32482029037,25098.9870250673,47355.1504577483,6964.47035007798,660.097446087112,7529.6961075202,14206.5451373245
0.3,1,1,0,0,0,1,0,0,0,0,0,0,1,0,0.144,0.145,0,0,0,0.035,0,2.19960807721903,7.87031357818369,Inf,0.045,0.045,0.035,0.035,1.57206508582523,1.40337828973793,7.10142130484294e-12,3.52688985239368e-06,0.229297301923378,49312.1730210831,0.0084399467440414,23034.3267725269,2193.20867600965,25035.9112189544,47259.2807676748,6910.29803175807,657.962602802896,7510.77336568632,14177.7842303025
0.301,1,1,0,0,0,1,0,0,0,0,0,0,1,0,0.145,0.146,0,0,0,0.035,0,2.23981447591023,7.8575869091504,Inf,0.045,0.045,0.035,0.035,1.56316603902546,1.40447984851077,7.03601792239232e-12,3.5392194114931e-06,0.229516754616947,49282.1557402617,0.0242824955947913,22892.2976416533,2194.36533735366,25023.5640126211,47181.9962965958,6867.68929249599,658.309601206098,7507.06920378634,14154.5988889788
0.302,1,1,0,0,0,1,0,0,0,0,0,0,1,0,0.146,0.147,0,0,0,0.035,0,2.2383965941782,7.88790379645619,Inf,0.045,0.045,0.035,0.035,1.56347359900596,1.40186300279705,6.97940059429059e-12,3.54319601592665e-06,0.233038302640294,49215.3574564122,0.01142101153635,22840.847372098,2184.87389333903,24990.9927496387,47130.7474759982,6852.25421162941,655.462168001708,7497.29782489162,14139.2242427995
0.303,1,1,0,0,0,1,0,0,0,0,0,0,1,0,0.147,0.148,0,0,0,0.035,0,2.22146240581336,7.96626552315283,Inf,0.045,0.045,0.035,0.035,1.56718188641928,1.39521297418151,6.94654574449943e-12,3.53666131931092e-06,0.233082493815669,49114.9998658939,0.0166993454450816,22892.9586261246,2173.28107869657,24940.9915836195,47110.3980401847,6867.88758783738,651.98432360897,7482.29747508584,14133.1194120554
0.304,1,1,0,0,0,1,0,0,0,0,0,0,1,0,0.148,0.149,0,0,0,0.035,0,2.22418395609317,7.98818889368137,Inf,0.045,0.045,0.035,0.035,1.56658152303616,1.39338129967815,6.9462509243313e-12,3.53253954625195e-06,0.233025978992594,48988.8562525643,0.0144582562360373,22896.3740392634,2171.69608469789,24879.0053741672,46942.651999134,6868.91221177901,651.508825409367,7463.70161225016,14082.7955997402
0.305,1,1,0,0,0,1,0,0,0,0,0,0,1,0,0.149,0.15,0,0,0,0.035,0,2.24689580192529,7.92153750333529,Inf,0.045,0.045,0.035,0.035,1.56163668384846,1.39898882026374,6.97751892070108e-12,3.53859219950089e-06,0.23274117676244,48848.9965520788,0.0133931052557269,22815.769909788,2180.25902608837,24812.3834129233,46813.4578714677,6844.7309729364,654.077707826511,7443.71502387698,14044.0373614403
0.306,1,1,0,0,0,1,0,0,0,0,0,0,1,0,0.15,0.151,0,0,0,0.035,0,2.26356261717657,7.90239694940679,Inf,0.045,0.045,0.035,0.035,1.55808059538338,1.40062077523027,7.02992608841887e-12,3.53409822750119e-06,0.22910517298258,48710.4813692104,0.0148221249405816,22839.0061239905,2190.59202853866,24749.1719316537,46747.2790998845,6851.70183719714,657.177608561598,7424.75157949611,14024.1837299654
0.307,1,1,0,0,0,1,0,0,0,0,0,0,1,0,0.151,0.152,0,0,0,0.035,0,2.22846340927601,7.92725238489829,Inf,0.045,0.045,0.035,0.035,1.56564091165484,1.39850344784385,7.08781644319361e-12,3.52035790054452e-06,0.229165353606354,48763.4683048765,0.0140861512806759,22954.6965416749,2186.86093611627,24781.5496192554,46750.2767024314,6886.40896250247,656.05828083488,7434.46488577661,14025.0830107294
0.308,1,1,0,0,0,1,0,0,0,0,0,0,1,0,0.152,0.153,0,0,0,0.035,0,2.21493817619297,7.9778119196938,Inf,0.045,0.045,0.035,0.035,1.56862803859921,1.39424673623896,7.13617829198292e-12,3.50232154726754e-06,0.229387955824098,48855.0831570313,0.014050994425379,23123.9125365844,2191.56984921352,24828.0534165923,46821.5387871396,6937.17376097532,657.470954764055,7448.4160249777,14046.4616361419
0.309,1,1,0,0,0,1,0,0,0,0,0,0,1,0,0.153,0.154,0,0,0,0.035,0,2.21920264974725,7.90743323343955,Inf,0.045,0.045,0.035,0.035,1.56768167062465,1.4001904265149,7.16558757939752e-12,3.53183223153134e-06,0.229498629038222,48942.5023388411,0.0138591800059063,23122.6156732871,2202.72045923496,24874.957373277,46953.2420702813,6936.78470198613,660.816137770488,7462.4872119831,14085.9726210844
0.31,1,1,0,0,0,1,0,0,0,0,0,0,1,0,0.154,0.155,0,0,0,0.035,0,2.23268123551035,7.88017739962212,Inf,0.045,0.045,0.035,0.035,1.56471791248326,1.40252755276948,7.17451410108775e-12,3.52028002264362e-06,0.229174144345756,49019.2876323222,0.019436529323984,23181.962061761,2216.32684692565,24918.9386024364,47072.4940302805,6954.58861852829,664.898054077695,7475.68158073092,14121.7482090841
0.311,1,1,0,0,0,1,0,0,0,0,0,0,1,0,0.155,0.156,0,0,0,0.035,0,2.22606093261178,7.88943766948648,Inf,0.045,0.045,0.035,0.035,1.56616845562173,1.40173126538348,7.16857525322386e-12,3.50321612143265e-06,0.222152262128099,49079.9861675317,0.0175705732872159,23277.6444856497,2222.26446950886,24956.2488429855,47098.1672655759,6983.29334569492,666.679340852657,7486.87465289565,14129.4501796728
0.312,1,1,0,0,0,1,0,0,0,0,0,0,1,0,0.156,0.157,0,0,0,0.035,0,2.22513403994563,7.91430101615185,Inf,0.045,0.045,0.035,0.035,1.56637233704188,1.39960466790465,7.15733913296686e-12,3.48661911258846e-06,0.22373961596489,49119.7669300124,0.01268130027797,23369.1551533952,2227.15711604884,24982.955078127,47157.2479269864,7010.74654601855,668.147134814653,7494.8865234381,14147.1743780959
0.313,1,1,0,0,0,1,0,0,0,0,0,0,1,0,0.157,0.158,0,0,0,0.035,0,2.23632938249747,7.93326858078083,Inf,0.045,0.045,0.035,0.035,1.56392281379517,1.39799341788558,7.14994702055172e-12,3.47624665739819e-06,0.225513981204734,49154.3926045145,0.0131937205575652,23418.7717407113,2232.8061777418,24995.6375048364,47243.5895936034,7025.63152221339,669.841853322541,7498.69125145091,14173.076878081
0.314,1,1,0,0,0,1,0,0,0,0,0,0,1,0,0.158,0.159,0,0,0,0.035,0,2.23102602347861,7.93336298532667,Inf,0.045,0.045,0.035,0.035,1.56507964772919,1.39798542224723,7.15117092973613e-12,3.47550786450467e-06,0.222335923025151,49311.847943989,0.0218694841132595,23405.3191335222,2230.05186377033,25080.150461472,47348.4251832345,7021.59574005666,669.0155591311,7524.0451384416,14204.5275549704
0.315,1,1,0,0,0,1,0,0,0,0,0,0,1,0,0.159,0.16,0,0,0,0.035,0,2.22423077800122,7.916127368543,Inf,0.045,0.045,0.035,0.035,1.56657120913126,1.39944910832076,7.15939782264961e-12,3.48427113852678e-06,0.220734660362317,49422.2329745544,0.00491743667237559,23331.4407758806,2223.29353538042,25141.7335615142,47461.27908714,6999.43223276417,666.988060614125,7542.52006845425,14238.383726142
0.316,1,1,0,0,0,1,0,0,0,0,0,0,1,0,0.16,0.161,0,0,0,0.035,0,2.23171651396363,7.89693612566638,Inf,0.045,0.045,0.035,0.035,1.56492867057101,1.40108816775324,7.16731246676811e-12,3.49889871052611e-06,0.220053445000382,49475.3411076457,0.0212963504322713,23222.632595005,2217.95101801171,25173.8526950863,47571.0946286979,6966.7897785015,665.385305403512,7552.1558085259,14271.3283886094
0.317,1,1,0,0,0,1,0,0,0,0,0,0,1,0,0.161,0.162,0,0,0,0.035,0,2.24108007800975,7.8981310015224,Inf,0.045,0.045,0.035,0.035,1.56289188951529,1.40098582988848,7.16497413231044e-12,3.51360306258284e-06,0.227915927021499,49464.8020068674,0.0131542486394247,23118.3498600034,2210.77070974999,25172.3342456456,47553.6570516366,6935.50495800102,663.231212924998,7551.70027369368,14266.097115491
0.318,1,1,0,0,0,1,0,0,0,0,0,0,1,0,0.162,0.163,0,0,0,0.035,0,2.23072239675026,7.93998439866606,Inf,0.045,0.045,0.035,0.035,1.56514607044187,1.3974252044075,7.14408880327741e-12,3.52251000505376e-06,0.227476439688012,49388.9419844991,0.00818903209278036,23057.5133214675,2195.8626684417,25136.2109560568,47458.2022006413,6917.25399644025,658.75880053251,7540.86328681705,14237.4606601924
0.319,1,1,0,0,0,1,0,0,0,0,0,0,1,0,0.163,0.164,0,0,0,0.035,0,2.23197960656952,8.0161399106638,Inf,0.045,0.045,0.035,0.035,1.56487117316443,1.39106393530967,7.10193542694653e-12,3.49095788370471e-06,0.227176569754787,49251.7590267985,0.0256511860770526,23038.0881297728,2184.09560860901,25068.3022959295,47361.8222256922,6911.42643893185,655.228682582703,7520.49068877884,14208.5466677077
0.32,1,1,0,0,0,1,0,0,0,0,0,0,1,0,0.164,0.165,0,0,0,0.035,0,2.25308841810354,7.97433032467925,Inf,0.045,0.045,0.035,0.035,1.56030833438515,1.3945377231147,7.04355483664936e-12,3.50735348271632e-06,0.227210733491079,49113.4427361821,0.00523953144783182,22859.1079630155,2179.2262996186,25012.7128200361,47273.9139431647,6857.73238890466,653.767889885581,7503.81384601084,14182.1741829494
0.321,1,1,0,0,0,1,0,0,0,0,0,0,1,0,0.165,0.166,0,0,0,0.035,0,2.29711345959582,7.96333322549834,Inf,0.045,0.045,0.035,0.035,1.55110174864689,1.39545890870735,6.98124087545992e-12,3.51922795425393e-06,0.227545949971881,49085.5769280336,0.0176431119539954,22741.3320286252,2182.82912913325,25001.3086721456,47203.0660339553,6822.39960858755,654.848738739975,7500.39260164367,14160.9198101866
0.322,1,1,0,0,0,1,0,0,0,0,0,0,1,0,0.166,0.167,0,0,0,0.035,0,2.27603833817273,8.00044416544042,Inf,0.045,0.045,0.035,0.035,1.55545791568377,1.39236278003196,6.93106893191611e-12,3.52157791838436e-06,0.230750919563643,49023.4502023265,0.0173068020040141,22719.8743259566,2169.47584035693,24970.855479157,47156.0962716474,6815.96229778697,650.84275210708,7491.25664374709,14146.8288814942
0.323,1,1,0,0,0,1,0,0,0,0,0,0,1,0,0.167,0.168,0,0,0,0.035,0,2.26101106821127,8.08725558585748,Inf,0.045,0.045,0.035,0.035,1.55862109160528,1.38525675889514,6.90729156893227e-12,3.51309765973362e-06,0.230752473046174,48929.776061098,0.0138843779314267,22800.2783839531,2160.64962690071,24924.1774832963,47137.4426700567,6840.08351518594,648.194888070214,7477.25324498889,14141.232801017
0.324,1,1,0,0,0,1,0,0,0,0,0,0,1,0,0.168,0.169,0,0,0,0.035,0,2.26805541798802,8.05659832166537,Inf,0.045,0.045,0.035,0.035,1.55713228265174,1.38774468807283,6.91672419363919e-12,3.51486475650918e-06,0.230720602400571,48811.6546713485,0.0153656315626607,22748.2456804064,2162.13790491897,24866.6140389075,46983.364518321,6824.47370412192,648.641371475692,7459.98421167226,14095.0093554963
0.325,1,1,0,0,0,1,0,0,0,0,0,0,1,0,0.169,0.17,0,0,0,0.035,0,2.29571252199537,7.99867710475298,Inf,0.045,0.045,0.035,0.035,1.55138846844547,1.39250940059336,6.95582599063556e-12,3.51940317910036e-06,0.230478887688552,48680.5807100423,0.0136360338001937,22697.0126861666,2173.2884789458,24805.3053910305,46864.9936783644,6809.10380584997,651.986543683741,7441.59161730916,14059.4981035093
0.326,1,1,0,0,0,1,0,0,0,0,0,0,1,0,0.17,0.171,0,0,0,0.035,0,2.28871588961064,7.99252875539381,Inf,0.045,0.045,0.035,0.035,1.55282645562636,1.39302017872394,7.01209667386798e-12,3.51282592062247e-06,0.227148029352166,48550.890191997,0.0140122760004198,22750.2135467552,2177.3158000039,24747.8176110404,46804.3704948744,6825.06406402655,653.19474000117,7424.34528331213,14041.3111484623
0.327,1,1,0,0,0,1,0,0,0,0,0,0,1,0,0.171,0.172,0,0,0,0.035,0,2.25890760657291,8.02988128381572,Inf,0.045,0.045,0.035,0.035,1.5590677260125,1.38993195583332,7.0690794892063e-12,3.49748578345001e-06,0.227310416338318,48602.6637634985,0.0143451704062514,22888.2474728652,2176.07177919378,24779.2486374752,46807.1170461598,6866.47424185957,652.821533758135,7433.77459124256,14042.1351138479
0.328,1,1,0,0,0,1,0,0,0,0,0,0,1,0,0.172,0.173,0,0,0,0.035,0,2.25202661222349,8.03645415312183,Inf,0.045,0.045,0.035,0.035,1.56053550000186,1.38939218635017,7.11246243689336e-12,3.51688859888039e-06,0.227631358240356,48684.1523876986,0.0143841139787218,22991.2129223394,2183.15507878869,24821.2480683879,46872.3992578171,6897.36387670182,654.946523636607,7446.37442051637,14061.7197773451
0.329,1,1,0,0,0,1,0,0,0,0,0,0,1,0,0.173,0.174,0,0,0,0.035,0,2.26224707021713,7.97589834274479,Inf,0.045,0.045,0.035,0.035,1.55835909332418,1.39440663153465,7.13467549249324e-12,3.51272061690864e-06,0.227790830161058,48761.5921937394,0.0135974288234437,23007.7820020548,2195.86487247948,24864.1311860742,46993.0718503672,6902.33460061644,658.759461743845,7459.23935582227,14097.9215551102
0.33,1,1,0,0,0,1,0,0,0,0,0,0,1,0,0.174,0.175,0,0,0,0.035,0,2.27189499637648,7.96497186293615,Inf,0.045,0.045,0.035,0.035,1.55632526630569,1.39532144710644,7.13651523330029e-12,3.49928613371924e-06,0.220137131009415,48829.6689402488,0.0147804243460565,23085.7509913301,2207.95543178009,24904.9185691046,47102.6378785584,6925.72529739902,662.386629534027,7471.47557073138,14130.7913635675
0.331,1,1,0,0,0,1,0,0,0,0,0,0,1,0,0.175,0.176,0,0,0,0.035,0,2.25837766867231,7.98707909584976,Inf,0.045,0.045,0.035,0.035,1.55918040035396,1.3934737239772,7.12563450010788e-12,3.48148361185713e-06,0.22131596534525,48883.746339976,0.0150997516150642,23191.6604249414,2210.7659066342,24939.9714366887,47126.1667164962,6957.49812748241,663.22977199026,7481.9914310066,14137.8500149489
0.332,1,1,0,0,0,1,0,0,0,0,0,0,1,0,0.176,0.177,0,0,0,0.035,0,2.26396384412331,8.01794205077639,Inf,0.045,0.045,0.035,0.035,1.55799573076788,1.39091520699409,7.11271020633476e-12,3.50994371791731e-06,0.223029513404215,48919.4032288392,0.019475346476562,23281.241348328,2216.92138683608,24965.3047154975,47180.328463615,6984.37240449841,665.076416050825,7489.59141464924,14154.0985390845
0.333,1,1,0,0,0,1,0,0,0,0,0,0,1,0,0.177,0.178,0,0,0,0.035,0,2.27939341035906,8.03147650443246,Inf,0.045,0.045,0.035,0.035,1.55475823418484,1.38980085491196,7.10674720077439e-12,3.49948991796366e-06,0.22477506910099,48950.2362568418,0.0108517276317204,23314.8338713354,2223.11310837858,24975.5257770796,47259.4770773182,6994.45016140063,666.933932513573,7492.65773312389,14177.8431231955
0.334,1,1,0,0,0,1,0,0,0,0,0,0,1,0,0.178,0.179,0,0,0,0.035,0,2.26666182601771,8.01681539200517,Inf,0.045,0.045,0.035,0.035,1.55742597078598,1.3910081790391,7.11126754472071e-12,3.50537331542406e-06,0.220696622709799,49092.7550447809,0.0196515988349065,23275.6774523685,2217.70101955974,25053.5825955493,47355.6089855978,6982.70323571055,665.310305867923,7516.0747786648,14206.6826956793
0.335,1,1,0,0,0,1,0,0,0,0,0,0,1,0,0.179,0.18,0,0,0,0.035,0,2.25888552588273,8.00193584579614,Inf,0.045,0.045,0.035,0.035,1.55907241955009,1.39223907112559,7.12285788426017e-12,3.47180191154815e-06,0.219353370744901,49192.8380640777,0.0147938002246169,23205.8121542011,2210.53378223232,25110.7575078638,47459.1196750493,6961.74364626034,663.160134669696,7533.22725235913,14237.7359025148
0.336,1,1,0,0,0,1,0,0,0,0,0,0,1,0,0.18,0.181,0,0,0,0.035,0,2.26818503873083,7.97724191231585,Inf,0.045,0.045,0.035,0.035,1.55710498723961,1.39429435520318,7.13262480732601e-12,3.48815289218826e-06,0.219002590479749,49240.9518433801,0.00653734386642141,23092.1053710397,2205.84396037777,25140.6932555311,47559.8503349899,6927.63161131191,661.75318811333,7542.20797665934,14267.955100497
0.337,1,1,0,0,0,1,0,0,0,0,0,0,1,0,0.181,0.182,0,0,0,0.035,0,2.27463747073158,7.97857154930662,Inf,0.045,0.045,0.035,0.035,1.55575076112403,1.39418328910332,7.12992940957902e-12,3.50289848233335e-06,0.226360259409375,49230.825404577,0.0243631180548535,22994.3642852054,2198.29438776121,25139.2881046596,47543.8861211241,6898.30928556162,659.488316328364,7541.78643139787,14263.1658363372
0.338,1,1,0,0,0,1,0,0,0,0,0,0,1,0,0.182,0.183,0,0,0,0.035,0,2.26238183936172,8.02602302731314,Inf,0.045,0.045,0.035,0.035,1.55833054590533,1.39024930673352,7.10695555864831e-12,3.51027005690996e-06,0.225865657727371,49160.4072779992,0.00607183426000454,22950.4280612567,2183.88587140494,25105.5902969092,47456.3262304758,6885.128418377,655.165761421481,7531.67708907277,14236.8978691428
0.339,1,1,0,0,0,1,0,0,0,0,0,0,1,0,0.183,0.184,0,0,0,0.035,0,2.26470703018501,8.0774801289935,Inf,0.045,0.045,0.035,0.035,1.55783862882892,1.38604754136365,7.06248883175951e-12,3.4815886787805e-06,0.22562582989254,49032.9634850561,0.0168263807599911,22908.1516754861,2173.76500076016,25042.3682962536,47367.9399079732,6872.44550264583,652.129500228049,7512.71048887608,14210.381972392
0.34,1,1,0,0,0,1,0,0,0,0,0,0,1,0,0.184,0.185,0,0,0,0.035,0,2.28940652246382,8.03334842889829,Inf,0.045,0.045,0.035,0.035,1.55268406368631,1.38964709532156,7.00356354497395e-12,3.49859230850596e-06,0.225791441702314,48903.6980102638,0.0196361651955249,22743.7548953029,2171.36422241142,24994.0035621572,47287.3500998156,6823.12646859088,651.409266723426,7498.20106864717,14186.2050299447
0.341,1,1,0,0,0,1,0,0,0,0,0,0,1,0,0.185,0.186,0,0,0,0.035,0,2.32571116036894,8.02753545771357,Inf,0.045,0.045,0.035,0.035,1.54533541108891,1.39012486087165,6.9441489349223e-12,3.50922913099192e-06,0.229079581504444,48877.7336716154,0.00753908628073362,22652.1559875597,2174.30930494636,24983.2459273109,47222.3936974741,6795.6467962679,652.292791483908,7494.97377819328,14166.7181092422
0.342,1,1,0,0,0,1,0,0,0,0,0,0,1,0,0.186,0.187,0,0,0,0.035,0,2.29494810348171,8.07479421659742,Inf,0.045,0.045,0.035,0.035,1.55154508601504,1.38626523031041,6.90084718445592e-12,3.50910728425255e-06,0.229036405977482,48819.6250371369,0.0226111922422424,22662.6111443205,2159.70818620685,24954.4784556361,47179.3467982578,6798.78334329616,647.912455862056,7486.34353669082,14153.8040394773
0.343,1,1,0,0,0,1,0,0,0,0,0,0,1,0,0.187,0.188,0,0,0,0.035,0,2.28390652490628,8.17207767183954,Inf,0.045,0.045,0.035,0.035,1.55382077572694,1.37849266448712,6.88680461717425e-12,3.49803578390225e-06,0.229045883418123,48731.6262369359,0.0138042128720712,22771.5930200223,2153.85412477388,24910.6452989537,47162.2496359347,6831.47790600669,646.156237432164,7473.19358968612,14148.6748907804
0.344,1,1,0,0,0,1,0,0,0,0,0,0,1,0,0.188,0.189,0,0,0,0.035,0,2.29694296762386,8.08457858438009,Inf,0.045,0.045,0.035,0.035,1.5511366205434,1.38547307998811,6.90632484651546e-12,3.50679598985559e-06,0.22907473585675,48620.3684543259,0.0138254732926801,22657.9687744783,2158.55018699462,24857.0962119768,47020.7431504314,6797.39063234349,647.565056098387,7457.12886359303,14106.2229451294
0.345,1,1,0,0,0,1,0,0,0,0,0,0,1,0,0.189,0.19,0,0,0,0.035,0,2.33032331454429,8.04034329106219,Inf,0.045,0.045,0.035,0.035,1.54442062367225,1.38907331925386,6.95291660532189e-12,3.5089393842655e-06,0.228885555549044,48496.8265034913,0.0148917543844372,22638.4318575696,2172.21461758269,24800.7456855934,46912.2841679351,6791.52955727087,651.664385274808,7440.22370567802,14073.6852503805
0.346,1,1,0,0,0,1,0,0,0,0,0,0,1,0,0.19,0.191,0,0,0,0.035,0,2.29759814808945,8.05074278235636,Inf,0.045,0.045,0.035,0.035,1.55100264443759,1.38822253830059,7.01191733652391e-12,3.49957688884667e-06,0.225783528684031,48374.8816451947,0.0135631245695787,22722.487771636,2169.41817738423,24748.7235096373,46856.7459092694,6816.7463314908,650.825453215269,7424.61705289119,14057.0237727808
0.347,1,1,0,0,0,1,0,0,0,0,0,0,1,0,0.191,0.192,0,0,0,0.035,0,2.27544368932908,8.10190546967484,Inf,0.045,0.045,0.035,0.035,1.555582173878,1.38407605776315,7.06632528410976e-12,3.48232843887366e-06,0.226079181657837,48425.5609915449,0.0142618223327353,22881.2205923161,2170.89324097363,24778.7546148205,46859.262154833,6864.36617769482,651.267972292089,7433.62638444615,14057.7786464499
0.348,1,1,0,0,0,1,0,0,0,0,0,0,1,0,0.192,0.193,0,0,0,0.035,0,2.27666958707703,8.05580348334691,Inf,0.045,0.045,0.035,0.035,1.5553260911792,1.38780950186818,7.10299837638376e-12,3.50830755249551e-06,0.226503936161298,48497.2108915861,0.0142282202444915,22910.559719877,2180.39929340643,24816.6406956411,46919.0693459241,6873.16791596309,654.119788021928,7444.99220869232,14075.7208037772
0.349,1,1,0,0,0,1,0,0,0,0,0,0,1,0,0.193,0.194,0,0,0,0.035,0,2.29317748230681,8.01478335633385,Inf,0.045,0.045,0.035,0.035,1.55190831965978,1.39117594441059,7.11672323486694e-12,3.50132901524631e-06,0.226690235686918,48565.1497982253,0.014442018292571,22950.4855698961,2194.46209261024,24856.0275453351,47029.6422128697,6885.14567096882,658.338627783072,7456.80826360053,14108.8926638609
0.35,1,1,0,0,0,1,0,0,0,0,0,0,1,0,0.194,0.195,0,0,0,0.035,0,2.28384904499666,8.02238890052913,Inf,0.045,0.045,0.035,0.035,1.55383268861111,1.39054856662221,7.11098696592068e-12,3.4856562838168e-06,0.219644618528585,48625.0194022933,0.0149270911713328,23047.2143674098,2200.09080867938,24894.0984884134,47130.2956819518,6914.16431022293,660.027242603814,7468.229546524,14139.0887045855
0.351,1,1,0,0,0,1,0,0,0,0,0,0,1,0,0.195,0.196,0,0,0,0.035,0,2.27868733044719,8.05706285110572,Inf,0.045,0.045,0.035,0.035,1.5549052864065,1.38770681607057,7.09557648329477e-12,3.46717373015613e-06,0.221065528722264,48673.0036147888,0.01634124319541,23160.8093341633,2204.64087658691,24927.2528872384,47151.8592002163,6948.24280024898,661.392262976074,7478.17586617152,14145.5577600649
0.352,1,1,0,0,0,1,0,0,0,0,0,0,1,0,0.196,0.197,0,0,0,0.035,0,2.29140128931049,8.05794828116938,Inf,0.045,0.045,0.035,0.035,1.55227334427006,1.38763464391983,7.08206198771555e-12,3.50043679299193e-06,0.222867273505185,48704.9725266359,0.0168545611785228,23197.8801154298,2212.0400166608,24951.3745938738,47201.5067358202,6959.36403462893,663.612004998241,7485.41237816213,14160.4520207461
0.353,1,1,0,0,0,1,0,0,0,0,0,0,1,0,0.197,0.198,0,0,0,0.035,0,2.29615700634928,8.07192977460294,Inf,0.045,0.045,0.035,0.035,1.55129745551821,1.38649758539239,7.07884404393323e-12,3.49001951707572e-06,0.215920732265615,48731.4817196764,0.0153145944281145,23224.3213487943,2214.43913869838,24958.8988417586,47274.074188757,6967.2964046383,664.331741609515,7487.66965252757,14182.2222566271
0.354,1,1,0,0,0,1,0,0,0,0,0,0,1,0,0.198,0.199,0,0,0,0.035,0,2.28590230881593,8.05760736614255,Inf,0.045,0.045,0.035,0.035,1.55340757044979,1.38766242987762,7.0876468122665e-12,3.5004888411861e-06,0.219549974365373,48860.2410077343,0.00868479992370688,23181.7825883399,2209.15148228945,25031.2336780204,47362.2124816506,6954.53477650198,662.745444686835,7509.37010340613,14208.6637444952
0.355,1,1,0,0,0,1,0,0,0,0,0,0,1,0,0.199,0.2,0,0,0,0.035,0,2.27828565911118,8.05028723402759,Inf,0.045,0.045,0.035,0.035,1.55498898752635,1.38825974992725,7.10284527788079e-12,3.46819306022595e-06,0.218492716818167,48950.9526468918,0.0241915466214733,23119.8400476804,2201.83373045727,25084.4585622508,47457.1588474327,6935.95201430412,660.55011913718,7525.33756867525,14237.1476542298
0.356,1,1,0,0,0,1,0,0,0,0,0,0,1,0,0.2,0.201,0,0,0,0.035,0,2.29084602212734,8.02134847465909,Inf,0.045,0.045,0.035,0.035,1.55238759039478,1.39063430426075,7.11385194650915e-12,3.48591595176189e-06,0.21849735958124,48994.6035885013,0.00698603008166985,23002.292697849,2198.18790818059,25112.3362007371,47549.5608096062,6900.6878093547,659.456372454176,7533.70086022114,14264.8682428819
0.357,1,1,0,0,0,1,0,0,0,0,0,0,1,0,0.201,0.202,0,0,0,0.035,0,2.2921544430007,8.02562484519061,Inf,0.045,0.045,0.035,0.035,1.55211848464302,1.39028207958745,7.10954386938942e-12,3.50000833408867e-06,0.225200901864091,48984.8991949004,0.015294245136219,22914.3653451684,2189.62329270352,25110.8484271652,47534.929246039,6874.30960355053,656.886987811056,7533.25452814955,14260.4787738117
0.358,1,1,0,0,0,1,0,0,0,0,0,0,1,0,0.202,0.203,0,0,0,0.035,0,2.27902685070026,8.08187749889591,Inf,0.045,0.045,0.035,0.035,1.55483456291163,1.38569152607568,7.08304034140446e-12,3.50501179944664e-06,0.224693533877596,48919.3560166715,0.0206830867160996,22891.2371882144,2175.89410443142,25079.1299390121,47454.6320186907,6867.37115646431,652.768231329426,7523.73898170364,14236.3896056072
0.359,1,1,0,0,0,1,0,0,0,0,0,0,1,0,0.203,0.204,0,0,0,0.035,0,2.28393922024529,8.10248255437764,Inf,0.045,0.045,0.035,0.035,1.55381399982706,1.38402965542977,7.03516816688547e-12,3.48053422632592e-06,0.22456385597897,48800.5389901318,0.00282828252558486,22818.3122401094,2167.7587663937,25020.0004936336,47373.5680789076,6845.49367203281,650.327629918111,7506.00014809008,14212.0704236723
0.36,1,1,0,0,0,1,0,0,0,0,0,0,1,0,0.204,0.205,0,0,0,0.035,0,2.31364559147764,8.05949532810341,Inf,0.045,0.045,0.035,0.035,1.54774832363168,1.38750858970351,6.97536436737562e-12,3.49744206934113e-06,0.224897636718513,48679.2819732197,0.0241725068449442,22671.2074585248,2168.14484669034,24978.7226420976,47299.6888349501,6801.36223755743,650.443454007101,7493.61679262927,14189.906650485
0.361,1,1,0,0,0,1,0,0,0,0,0,0,1,0,0.205,0.206,0,0,0,0.035,0,2.32875497761977,8.06296575469405,Inf,0.045,0.045,0.035,0.035,1.54473122584618,1.38722603422136,6.91936976499273e-12,3.50593363694017e-06,0.2278430503059,48654.9509401251,0.0111247235934662,22609.4104915967,2166.35641455928,24968.2733878007,47240.1445783036,6782.82314747902,649.906924367784,7490.48201634021,14172.0433734911
0.362,1,1,0,0,0,1,0,0,0,0,0,0,1,0,0.206,0.207,0,0,0,0.035,0,2.30052355220734,8.12368592292313,Inf,0.045,0.045,0.035,0.035,1.55040550537527,1.38233035322995,6.88400584382943e-12,3.5025332724949e-06,0.227759857965089,48600.2483031126,0.0115932902219365,22654.2062444196,2154.07194623107,24940.79478837,47200.6844486023,6796.26187332589,646.221583869322,7482.23843651099,14160.2053345807
0.363,1,1,0,0,0,1,0,0,0,0,0,0,1,0,0.207,0.208,0,0,0,0.035,0,2.29556707764925,8.16823868229891,Inf,0.045,0.045,0.035,0.035,1.55141825852156,1.37879507367737,6.88069959082107e-12,3.49444384787417e-06,0.22783109106767,48516.9840093053,0.0203035752472037,22701.5806200243,2151.51923712158,24899.4169926479,47185.016771301,6810.4741860073,645.455771136475,7469.82509779436,14155.5050313903
0.364,1,1,0,0,0,1,0,0,0,0,0,0,1,0,0.208,0.209,0,0,0,0.035,0,2.31598616539193,8.08553412436869,Inf,0.045,0.045,0.035,0.035,1.54727799301376,1.38539584520281,6.91061281355504e-12,3.50523783583284e-06,0.227947858025281,48411.5346822388,0.012950285283996,22611.0722268411,2159.55733974163,24849.5952802235,47055.0736000367,6783.32166805234,647.867201922488,7454.87858406705,14116.522080011
0.365,1,1,0,0,0,1,0,0,0,0,0,0,1,0,0.209,0.21,0,0,0,0.035,0,2.3352939016958,8.05952121883898,Inf,0.045,0.045,0.035,0.035,1.54343937962969,1.38750648061962,6.96397797240318e-12,3.50410798744042e-06,0.224809053689431,48294.5002832184,0.014692662053065,22626.3286670673,2170.31881691331,24798.0131803478,46955.6915822701,6787.89860012018,651.095645073992,7439.40395410434,14086.707474681
0.366,1,1,0,0,0,1,0,0,0,0,0,0,1,0,0.21,0.211,0,0,0,0.035,0,2.29601233825052,8.08894379444743,Inf,0.045,0.045,0.035,0.035,1.55132707341684,1.38512043004884,7.02409621348092e-12,3.49146653246234e-06,0.224888897015681,48179.3771493568,0.0142568563286503,22741.6084666743,2165.61501030668,24751.2804104198,46904.8090808137,6822.48254000228,649.684503092003,7425.38412312594,14071.4427242441
0.367,1,1,0,0,0,1,0,0,0,0,0,0,1,0,0.211,0.212,0,0,0,0.035,0,2.28338097972956,8.13144050006465,Inf,0.045,0.045,0.035,0.035,1.55392972220659,1.38171159960761,7.0739123454399e-12,3.50393423733187e-06,0.225342497081164,48229.0122450703,0.0139864229679735,22883.4186647403,2170.06607200612,24779.3151640598,46907.1140552365,6865.0255994221,651.019821601837,7433.79454921793,14072.1342165709
0.368,1,1,0,0,0,1,0,0,0,0,0,0,1,0,0.212,0.213,0,0,0,0.035,0,2.29348517958538,8.05425241119243,Inf,0.045,0.045,0.035,0.035,1.55184515092886,1.38793602690537,7.10209216067574e-12,3.50521135889655e-06,0.225861761919885,48291.1672831876,0.0140155590860385,22872.3332795052,2181.95460886251,24813.5651422561,46961.9079478768,6861.69998385157,654.586382658753,7444.06954267684,14088.572384363
0.369,1,1,0,0,0,1,0,0,0,0,0,0,1,0,0.213,0.214,0,0,0,0.035,0,2.30730233070195,8.03595265303871,Inf,0.045,0.045,0.035,0.035,1.54902848742896,1.38943333160318,7.1063325504549e-12,3.49484478030535e-06,0.218709712697328,48350.1026404856,0.0147516185296568,22937.7994689786,2194.9453961631,24850.0079588932,47063.2309463805,6881.33984069357,658.483618848929,7455.00238766796,14118.9692839141
0.37,1,1,0,0,0,1,0,0,0,0,0,0,1,0,0.214,0.215,0,0,0,0.035,0,2.28742710813069,8.06268126671148,Inf,0.045,0.045,0.035,0.035,1.55309243568347,1.38724918541394,7.09309968328017e-12,3.47684964601776e-06,0.219632351705071,48402.3911476726,0.0142108807923579,23052.1608864055,2196.2221840972,24885.8674563099,47155.6866219348,6915.64826592165,658.86665522916,7465.76023689297,14146.7059865804
0.371,1,1,0,0,0,1,0,0,0,0,0,0,1,0,0.215,0.216,0,0,0,0.035,0,2.2916611564155,8.07902996672528,Inf,0.045,0.045,0.035,0.035,1.55221989850653,1.38592201055846,7.0742348498587e-12,3.50260773768787e-06,0.221270701520396,48444.8409742145,0.0142916968096835,23126.7839478321,2202.67073938052,24917.4164199163,47175.4525616021,6938.03518434962,660.801221814156,7475.22492597488,14152.6357684806
0.372,1,1,0,0,0,1,0,0,0,0,0,0,1,0,0.216,0.217,0,0,0,0.035,0,2.30472928380953,8.07842516373182,Inf,0.045,0.045,0.035,0.035,1.5495500725131,1.38597099018341,7.06176216986159e-12,3.49564424553357e-06,0.215360741446288,48473.5880714827,0.0140931808568029,23156.2013015506,2209.53166957664,24940.404017933,47220.9560285405,6946.86039046517,662.859500872993,7482.12120537989,14166.2868085622
0.373,1,1,0,0,0,1,0,0,0,0,0,0,1,0,0.217,0.218,0,0,0,0.035,0,2.30393839690112,8.07992131727878,Inf,0.045,0.045,0.035,0.035,1.54971066276719,1.38584984150089,7.06282650358119e-12,3.49261814377936e-06,0.216227934699742,48495.2100116715,0.021896221709546,23157.0426587112,2209.22581120242,24945.1367991267,47287.4927381699,6947.11279761335,662.767743360727,7483.54103973802,14186.247821451
0.374,1,1,0,0,0,1,0,0,0,0,0,0,1,0,0.218,0.219,0,0,0,0.035,0,2.2924285700823,8.07538668690381,Inf,0.045,0.045,0.035,0.035,1.55206214904243,1.38621719620132,7.07674406451877e-12,3.50096303892473e-06,0.218785069256591,48611.3976677113,0.00925426400833305,23122.4754165256,2203.09928455844,25012.4198067289,47368.3101092834,6936.74262495769,660.929785367531,7503.72594201866,14210.493032785
0.375,1,1,0,0,0,1,0,0,0,0,0,0,1,0,0.219,0.22,0,0,0,0.035,0,2.28662657055649,8.06888898742267,Inf,0.045,0.045,0.035,0.035,1.55325782492518,1.38674446740355,7.09535645894841e-12,3.47148313969365e-06,0.218058204725635,48693.6787509976,0.0137497465556814,23058.8455487574,2196.08636746214,25062.0585163101,47455.3858569959,6917.65366462721,658.825910238643,7518.61755489302,14236.6157570988
0.376,1,1,0,0,0,1,0,0,0,0,0,0,1,0,0.22,0.221,0,0,0,0.035,0,2.30415567635663,8.03832718566373,Inf,0.045,0.045,0.035,0.035,1.54966653138217,1.38923857054227,7.10646824129515e-12,3.48995551864756e-06,0.218447139361668,48733.3938824846,0.0215229581954723,22940.7691435675,2193.99489752222,25087.9048070958,47540.1620989038,6882.23074307025,658.198469256667,7526.37144212874,14262.0486296711
0.377,1,1,0,0,0,1,0,0,0,0,0,0,1,0,0.221,0.222,0,0,0,0.035,0,2.29701382614163,8.04939054215889,Inf,0.045,0.045,0.035,0.035,1.55112212664109,1.38833301168178,7.0989184656412e-12,3.50246072150291e-06,0.224332401501955,48724.1168208212,0.00891455328261014,22867.8059658085,2183.46969954093,25086.0755388781,47526.7426893964,6860.34178974256,655.04090986228,7525.82266166344,14258.0228068189
0.378,1,1,0,0,0,1,0,0,0,0,0,0,1,0,0.222,0.223,0,0,0,0.035,0,2.28462873475808,8.11802320831517,Inf,0.045,0.045,0.035,0.035,1.55367115426738,1.38278311158291,7.06739691642257e-12,3.5041813427012e-06,0.223873638833367,48662.8971580401,0.0232153909546987,22870.1951168857,2170.81575201017,25055.8910641298,47453.1058302401,6861.0585350657,651.24472560305,7516.76731923894,14235.931749072
0.379,1,1,0,0,0,1,0,0,0,0,0,0,1,0,0.223,0.224,0,0,0,0.035,0,2.29399054733206,8.1001895229514,Inf,0.045,0.045,0.035,0.035,1.55174144366444,1.38421408199442,7.01536739341572e-12,3.48577138282296e-06,0.223911704782274,48551.6634411965,0.0112779387855771,22756.3785798696,2165.15636704022,25000.3397560732,47378.775360729,6826.91357396089,649.546910112067,7500.10192682197,14213.6326082187
0.38,1,1,0,0,0,1,0,0,0,0,0,0,1,0,0.224,0.225,0,0,0,0.035,0,2.33014376039288,8.06289219771833,Inf,0.045,0.045,0.035,0.035,1.54445615928078,1.38723201998153,6.95499259996598e-12,3.50163117128422e-06,0.224443778394199,48437.6581443676,0.00895487547507778,22631.409393167,2168.67565338448,24966.0664273498,47311.0340109438,6789.42281795009,650.602696015345,7489.81992820495,14193.3102032832
0.381,1,1,0,0,0,1,0,0,0,0,0,0,1,0,0.225,0.226,0,0,0,0.035,0,2.32064563118158,8.08011311227703,Inf,0.045,0.045,0.035,0.035,1.54634492782855,1.38583431519687,6.90366029731946e-12,3.50696068585396e-06,0.226901255322306,48414.6889235716,0.0240186603296256,22604.1614492409,2161.17272308264,24955.5640255013,47256.4624598031,6781.24843477228,648.351816924793,7486.66920765038,14176.9387379409
0.382,1,1,0,0,0,1,0,0,0,0,0,0,1,0,0.226,0.227,0,0,0,0.035,0,2.29741668263835,8.1571579116298,Inf,0.045,0.045,0.035,0.035,1.5510397430369,1.37966990294431,6.87782461691045e-12,3.49958599197173e-06,0.226849981764456,48362.7838782183,0.0114373890712419,22685.4202699981,2151.70292830773,24929.015810522,47220.2898236577,6805.62608099943,645.510878492318,7478.70474315661,14166.0869470973
0.383,1,1,0,0,0,1,0,0,0,0,0,0,1,0,0.227,0.228,0,0,0,0.035,0,2.30051930828689,8.13619251004024,Inf,0.045,0.045,0.035,0.035,1.55040637038942,1.38133314367997,6.88637341206387e-12,3.50003661193566e-06,0.227033165002459,48283.4253320074,0.0168848271306334,22656.9623909495,2152.83677542365,24889.8335486266,47205.9301635214,6797.08871728484,645.851032627095,7466.95006458797,14161.7790490564
0.384,1,1,0,0,0,1,0,0,0,0,0,0,1,0,0.228,0.229,0,0,0,0.035,0,2.32927021739964,8.07031849495738,Inf,0.045,0.045,0.035,0.035,1.54462913200509,1.38662837691387,6.92667577949244e-12,3.5079132032661e-06,0.227249583014353,48182.8200156237,0.0144404516966137,22599.3042620018,2164.27060891227,24843.5748290549,47086.6224861069,6779.79127860053,649.28118267368,7453.07244871648,14125.9867458321
0.385,1,1,0,0,0,1,0,0,0,0,0,0,1,0,0.229,0.23,0,0,0,0.035,0,2.31811028008511,8.0663831079755,Inf,0.045,0.045,0.035,0.035,1.54685210213889,1.38694809247945,6.98553523280536e-12,3.502713819306e-06,0.224127637136186,48071.459018268,0.0134335740256376,22652.4286507349,2166.82557304931,24796.7062282768,46995.5534969191,6795.72859522048,650.047671914792,7439.01186848302,14098.6660490757
0.386,1,1,0,0,0,1,0,0,0,0,0,0,1,0,0.23,0.231,0,0,0,0.035,0,2.28868510992217,8.11594484032516,Inf,0.045,0.045,0.035,0.035,1.55283280395863,1.38294948102834,7.04461026351982e-12,3.48655869504452e-06,0.224397475899243,47962.4496406487,0.0148032418147123,22797.9773218579,2165.17068431848,24755.1702145763,46948.9341585308,6839.39319655736,649.551205295544,7426.5510643729,14084.6802475592
0.387,1,1,0,0,0,1,0,0,0,0,0,0,1,0,0.231,0.232,0,0,0,0.035,0,2.28688388346613,8.09466098889453,Inf,0.045,0.045,0.035,0.035,1.5532046501533,1.38465926613604,7.0875216921774e-12,3.50803980699448e-06,0.22502007801036,48010.951257095,0.0140792670127768,22851.6497292174,2172.80191194215,24780.4505527982,46951.0452916549,6855.49491876522,651.840573582646,7434.13516583946,14085.3135874965
0.388,1,1,0,0,0,1,0,0,0,0,0,0,1,0,0.232,0.233,0,0,0,0.035,0,2.30587710378973,8.04199293672731,Inf,0.045,0.045,0.035,0.035,1.54931723162217,1.38893818101185,7.10550861626052e-12,3.50538614695073e-06,0.225604949332543,48064.0596283432,0.0140378745731678,22869.1208198633,2186.87606882226,24811.6465601927,47001.249011087,6860.73624595898,656.062820646677,7443.49396805781,14100.3747033261
0.389,1,1,0,0,0,1,0,0,0,0,0,0,1,0,0.233,0.234,0,0,0,0.035,0,2.29578614965128,8.0482697496984,Inf,0.045,0.045,0.035,0.035,1.55137338959813,1.38842461124584,7.09972032768911e-12,3.49126860732233e-06,0.218771266911087,48114.5311811543,0.013867268670721,22961.2786055556,2192.06274813697,24845.7139837749,47094.098685984,6888.38358166667,657.61882444109,7453.71419513248,14128.2296057952
0.39,1,1,0,0,0,1,0,0,0,0,0,0,1,0,0.234,0.235,0,0,0,0.035,0,2.28682342530907,8.09294225419506,Inf,0.045,0.045,0.035,0.035,1.55321714284445,1.38479781947658,7.07974796849847e-12,3.47121879522259e-06,0.220029005646864,48159.9341067782,0.0193146744519183,23090.2931520508,2195.65355487338,24879.8323763041,47179.0167641052,6927.08794561523,658.696066462015,7463.94971289122,14153.7050292316
0.391,1,1,0,0,0,1,0,0,0,0,0,0,1,0,0.235,0.236,0,0,0,0.035,0,2.3007935028865,8.06797736292038,Inf,0.045,0.045,0.035,0.035,1.55035049039416,1.38681852700443,7.05917481175333e-12,3.50453467483093e-06,0.221841116699326,48197.4967864446,0.0176095433883223,23098.5159268777,2204.02751825501,24909.9999633537,47197.1351470715,6929.55477806331,661.208255476503,7472.99998900611,14159.1405441214
0.392,1,1,0,0,0,1,0,0,0,0,0,0,1,0,0.236,0.237,0,0,0,0.035,0,2.29897220652388,8.08969655631178,Inf,0.045,0.045,0.035,0.035,1.55072195168029,1.38505966443075,7.04979589632889e-12,3.49368870442135e-06,0.215621462784355,48223.491494405,0.0126972491261583,23148.8412946945,2205.6059333477,24931.8116609999,47238.845988555,6944.65238840834,661.681780004309,7479.54349829997,14171.6537965665
0.393,1,1,0,0,0,1,0,0,0,0,0,0,1,0,0.237,0.238,0,0,0,0.035,0,2.30680981552232,8.06943246157839,Inf,0.045,0.045,0.035,0.035,1.54912822235455,1.38670032582949,7.05669580196211e-12,3.49964904555182e-06,0.21694942743964,48239.6492926427,0.0134301207225392,23111.6270160138,2207.05120354246,24933.8542105008,47299.8420770666,6933.48810480412,662.115361062739,7480.15626315025,14189.95262312
0.394,1,1,0,0,0,1,0,0,0,0,0,0,1,0,0.238,0.239,0,0,0,0.035,0,2.28954861669675,8.07935140661799,Inf,0.045,0.045,0.035,0.035,1.55265477950335,1.38589598260697,7.07618357926228e-12,3.50485966140942e-06,0.218347818242668,48344.4745062425,0.0215278333971747,23091.645687578,2198.76200285186,24996.6618374084,47373.9605794956,6927.4937062734,659.628600855558,7498.99855122253,14212.1881738487
0.395,1,1,0,0,0,1,0,0,0,0,0,0,1,0,0.239,0.24,0,0,0,0.035,0,2.28763964688551,8.06414405689474,Inf,0.045,0.045,0.035,0.035,1.55304854800344,1.38713016723237,7.09741740926395e-12,3.4802424014835e-06,0.218006006968156,48419.2741742579,0.00493387284497906,23013.4536953692,2192.68646118467,25042.9567087943,47453.8131596767,6904.03610861075,657.805938355402,7512.8870126383,14236.143947903
0.396,1,1,0,0,0,1,0,0,0,0,0,0,1,0,0.24,0.241,0,0,0,0.035,0,2.31193266237263,8.03599772531678,Inf,0.045,0.045,0.035,0.035,1.54809322359817,1.38942963341812,7.10693598595231e-12,3.49854247712197e-06,0.218803112038413,48455.579262437,0.0214049144716596,22900.4757816345,2192.72127754287,25066.6929755869,47531.5881529273,6870.14273449034,657.81638326286,7520.00789267606,14259.4764458782
0.397,1,1,0,0,0,1,0,0,0,0,0,0,1,0,0.241,0.242,0,0,0,0.035,0,2.29226481039383,8.05847108241151,Inf,0.045,0.045,0.035,0.035,1.55209580128174,1.38759203912361,7.09422576615689e-12,3.50837066913148e-06,0.223702956083015,48446.7319771427,0.0128217842248814,22849.1143390966,2179.05149231645,25064.2109151244,47519.2934000874,6854.73430172897,653.715447694935,7519.26327453733,14255.7880200262
0.398,1,1,0,0,0,1,0,0,0,0,0,0,1,0,0.242,0.243,0,0,0,0.035,0,2.28276259932824,8.14299323142529,Inf,0.045,0.045,0.035,0.035,1.55405798743106,1.38079247058289,7.05632269223266e-12,3.50594150654103e-06,0.223369029806942,48389.3035253444,0.00857608252655456,22881.7783736825,2168.07505850377,25035.1407893048,47451.7510379751,6864.53351210474,650.422517551132,7510.54223679145,14235.5253113925
0.399,1,1,0,0,0,1,0,0,0,0,0,0,1,0,0.243,0.244,0,0,0,0.035,0,2.29861507644254,8.07839273277712,Inf,0.045,0.045,0.035,0.035,1.55079486917665,1.38597361684085,6.99991490316351e-12,3.49575785713351e-06,0.223632118037527,48284.6783324554,0.0254370463177586,22715.4036925449,2165.47806615097,24982.7584026666,47383.6099151993,6814.62110776346,649.643419845291,7494.82752079997,14215.0829745598
0.4,1,1,0,0,0,1,0,0,0,0,0,0,1,0,0.244,0.245,0,0,0,0.035,0,2.34245376514879,8.05219528303514,Inf,0.045,0.045,0.035,0.035,1.54203433479889,1.38810392490702,6.94004206209528e-12,3.5093718365346e-06,0.224377501774734,48177.4436264316,0.00521279050636918,22619.2388032512,2172.42206026242,24955.3806706827,47321.5000445253,6785.77164097535,651.726618078727,7486.61420120482,14196.4500133576
0.401,1,1,0,0,0,1,0,0,0,0,0,0,1,0,0.245,0.246,0,0,0,0.035,0,2.30528292706104,8.08760157217303,Inf,0.045,0.045,0.035,0.035,1.54943773004633,1.38522881356169,6.8953203963339e-12,3.51048163989205e-06,0.226221250962851,48155.5775428916,0.0179464089753469,22631.6483831676,2158.20262045327,24944.4694094623,47271.4788588166,6789.49451495027,647.460786135981,7483.3408228387,14181.443657645
0.402,1,1,0,0,0,1,0,0,0,0,0,0,1,0,0.246,0.247,0,0,0,0.035,0,2.28959879864037,8.18288355594619,Inf,0.045,0.045,0.035,0.035,1.55264443851057,1.37764332252733,6.88095051140387e-12,3.49862610220589e-06,0.226277537161586,48105.8706629448,0.0169012233255966,22750.2602856463,2152.17394484054,24918.5617990992,47238.3295281612,6825.07808569389,645.652183452161,7475.56853972976,14171.4988584483
0.403,1,1,0,0,0,1,0,0,0,0,0,0,1,0,0.247,0.248,0,0,0,0.035,0,2.30243824366714,8.09143610870299,Inf,0.045,0.045,0.035,0.035,1.55001561813098,1.38491929480932,6.90231268160028e-12,3.5092265123689e-06,0.226610762416632,48029.6762275671,0.0137420265059249,22637.3371916009,2157.35111208178,24881.4526463976,47225.1658041765,6791.20115748028,647.205333624533,7464.43579391929,14167.549741253
0.404,1,1,0,0,0,1,0,0,0,0,0,0,1,0,0.248,0.249,0,0,0,0.035,0,2.33984260800937,8.0477992700213,Inf,0.045,0.045,0.035,0.035,1.54254560451698,1.3884630717411,6.95242376178462e-12,3.51301684391782e-06,0.226916502046379,47933.1178757723,0.0153379249291419,22618.5538720016,2172.06746031824,24838.7531873716,47115.6373710174,6785.56616160048,651.620238095473,7451.62595621147,14134.6912113052
0.405,1,1,0,0,0,1,0,0,0,0,0,0,1,0,0.249,0.25,0,0,0,0.035,0,2.29700849322621,8.06875742598299,Inf,0.045,0.045,0.035,0.035,1.55112321743759,1.38675515407068,7.01478092313258e-12,3.50310176832923e-06,0.223776933186093,47826.7315693533,0.0135910408959397,22711.6574193245,2165.80911334498,24796.6266363633,47032.1844012487,6813.49722579736,649.742734003495,7438.98799090899,14109.6553203746
0.406,1,1,0,0,0,1,0,0,0,0,0,0,1,0,0.25,0.251,0,0,0,0.035,0,2.27939447426965,8.13786054390875,Inf,0.045,0.045,0.035,0.035,1.55475801268779,1.38120042827574,7.07010406765656e-12,3.48355379267077e-06,0.224276038538518,47726.3571987697,0.0140256990820358,22884.3917493154,2167.7015024522,24758.2178187719,46989.4685122591,6865.31752479461,650.31045073566,7427.46534563156,14096.8405536777
0.407,1,1,0,0,0,1,0,0,0,0,0,0,1,0,0.251,0.252,0,0,0,0.035,0,2.2890726008188,8.05160848009431,Inf,0.045,0.045,0.035,0.035,1.55275289799917,1.38815183777123,7.10363663411375e-12,3.51467328098726e-06,0.2250575012362,47770.5341738392,0.0143327487196256,22846.5575013848,2178.5767137096,24781.9117836583,46991.4018007184,6853.96725041545,653.573014112881,7434.5735350975,14097.4205402155
0.408,1,1,0,0,0,1,0,0,0,0,0,0,1,0,0.252,0.253,0,0,0,0.035,0,2.30749489242013,8.02694860142613,Inf,0.045,0.045,0.035,0.035,1.54898950673323,1.39017314174126,7.11002178284068e-12,3.50733349565041e-06,0.218520425987398,47815.0952342284,0.0143730261178528,22896.7419575152,2192.35202737854,24810.6980008798,47037.4021652164,6869.02258725457,657.705608213563,7443.20940026394,14111.2206495649
0.409,1,1,0,0,0,1,0,0,0,0,0,0,1,0,0.253,0.254,0,0,0,0.035,0,2.28231546607503,8.05804984272788,Inf,0.045,0.045,0.035,0.035,1.55415078212743,1.3876263668007,7.09431104500206e-12,3.48942048779506e-06,0.219216645413598,47857.7764813252,0.0135982004942645,23014.8704591512,2191.76044177766,24842.9848474915,47122.4908468487,6904.46113774536,657.528132533297,7452.89545424746,14136.7472540546
0.41,1,1,0,0,0,1,0,0,0,0,0,0,1,0,0.254,0.255,0,0,0,0.035,0,2.28524123594435,8.06548802574203,Inf,0.045,0.045,0.035,0.035,1.55354434650943,1.38702086367697,7.06914409125946e-12,3.51188802122304e-06,0.220787418458861,47897.0216006468,0.0149350342257106,23078.6524488787,2197.95889223133,24875.7353662057,47200.4803882993,6923.59573466361,659.3876676694,7462.72060986171,14160.1441164898
0.411,1,1,0,0,0,1,0,0,0,0,0,0,1,0,0.255,0.256,0,0,0,0.035,0,2.30006676290811,8.05310896788434,Inf,0.045,0.045,0.035,0.035,1.55049863117142,1.38802933903556,7.04924662174356e-12,3.50822407448813e-06,0.215773827193898,47930.43193775,0.0149783288241945,23097.9407885841,2205.95741809253,24904.6417472091,47217.084970636,6929.38223657523,661.78722542776,7471.39252416271,14165.1254911908
0.412,1,1,0,0,0,1,0,0,0,0,0,0,1,0,0.256,0.257,0,0,0,0.035,0,2.29018272254514,8.07989165751242,Inf,0.045,0.045,0.035,0.035,1.5525241475918,1.38585224261715,7.04525630273289e-12,3.49670410253804e-06,0.216278900609962,47954.171256352,0.0192500951533157,23143.3335210977,2203.91215538535,24925.1151749491,47255.326338062,6943.00005632932,661.173646615605,7477.53455248472,14176.5979014186
0.413,1,1,0,0,0,1,0,0,0,0,0,0,1,0,0.257,0.258,0,0,0,0.035,0,2.29909362680022,8.04820921831362,Inf,0.045,0.045,0.035,0.035,1.5506971664637,1.38842955921923,7.05930199658849e-12,3.50957216312276e-06,0.219258587128511,47964.2859122048,0.01083226515452,23084.8884686619,2205.09826415314,24924.8105656161,47311.2415960635,6925.46654059857,661.529479245941,7477.44316968483,14193.3724788191
0.414,1,1,0,0,0,1,0,0,0,0,0,0,1,0,0.258,0.259,0,0,0,0.035,0,2.28033836911572,8.07720342306547,Inf,0.045,0.045,0.035,0.035,1.55456159548755,1.38606995970421,7.08419878244535e-12,3.51058864793789e-06,0.218226199263905,48058.9928916321,0.0197891445361965,23086.5398479094,2195.75632689357,24983.5929399968,47379.2110408057,6925.96195437283,658.726898068072,7495.07788199904,14213.7633122417
0.415,1,1,0,0,0,1,0,0,0,0,0,0,1,0,0.259,0.26,0,0,0,0.035,0,2.28466473215752,8.04186159805678,Inf,0.045,0.045,0.035,0.035,1.55366369946836,1.3889489377142,7.10653472362198e-12,3.49344290758471e-06,0.218325954636315,48127.2700913088,0.0143565884851692,22978.4301881753,2191.38875450169,25026.643260682,47452.456137058,6893.52905645258,657.416626350506,7507.99297820459,14235.7368411174
0.416,1,1,0,0,0,1,0,0,0,0,0,0,1,0,0.26,0.261,0,0,0,0.035,0,2.30538041864045,8.02145122360722,Inf,0.045,0.045,0.035,0.035,1.5494179539656,1.39062583588053,7.11222380745304e-12,3.51032240705055e-06,0.223996006166269,48160.6887799194,0.00698462284720068,22878.406087092,2190.75834002989,25048.0864340539,47523.794454903,6863.52182612759,657.227502008966,7514.42593021616,14257.1383364709
0.417,1,1,0,0,0,1,0,0,0,0,0,0,1,0,0.261,0.262,0,0,0,0.035,0,2.28079411912967,8.06033660295139,Inf,0.045,0.045,0.035,0.035,1.55446682434008,1.38744006719598,7.09230976704036e-12,3.51622747800309e-06,0.223302193689963,48152.2720300545,0.0242268445411607,22856.1404066638,2175.98193012352,25044.6110039624,47512.5362267549,6856.84212199914,652.794579037056,7513.38330118873,14253.7608680265
0.418,1,1,0,0,0,1,0,0,0,0,0,0,1,0,0.262,0.263,0,0,0,0.035,0,2.27669730274448,8.10765743574156,Inf,0.045,0.045,0.035,0.035,1.55532030520749,1.38361391585142,7.0470283146894e-12,3.4889380633219e-06,0.223177517496493,48098.1307069206,0.00599083108923069,22844.6173366814,2167.46182239032,25016.2984772571,47450.5915281625,6853.38520100442,650.238546717095,7504.88954317712,14235.1774584488
0.419,1,1,0,0,0,1,0,0,0,0,0,0,1,0,0.263,0.264,0,0,0,0.035,0,2.30104461513845,8.04421643157603,Inf,0.045,0.045,0.035,0.035,1.55029932792252,1.38875614137067,6.98677645464244e-12,3.5091120011225e-06,0.223712642627782,47999.2155458346,0.0172006306570337,22692.5025185489,2168.5302067355,24966.8137454801,47388.1147091826,6807.75075556466,650.559062020651,7490.04412364404,14216.4344127548
0.42,1,1,0,0,0,1,0,0,0,0,0,0,1,0,0.264,0.265,0,0,0,0.035,0,2.3193876754297,8.03501040367952,Inf,0.045,0.045,0.035,0.035,1.54659641166147,1.38951065496912,6.92934793973666e-12,3.51910305119932e-06,0.225994245655784,47898.5425782251,0.0191044621966677,22633.0648313631,2169.67983612965,24946.0990967461,47331.1881094605,6789.91944940893,650.903950838894,7483.82972902382,14199.3564328381
0.421,1,1,0,0,0,1,0,0,0,0,0,0,1,0,0.265,0.266,0,0,0,0.035,0,2.28617091650414,8.09248031929163,Inf,0.045,0.045,0.035,0.035,1.55335202145535,1.38483507005018,6.89380604248549e-12,3.51502611355344e-06,0.225805637461118,47877.5259866756,0.00757311047725606,22689.5988354061,2157.25903657412,24934.4600319337,47285.3301632402,6806.87965062182,647.177710972235,7480.33800958012,14185.5990489721
0.422,1,1,0,0,0,1,0,0,0,0,0,0,1,0,0.266,0.267,0,0,0,0.035,0,2.28045053212341,8.1255495400178,Inf,0.045,0.045,0.035,0.035,1.55453826765959,1.38218151879459,6.89292524207694e-12,3.50768129606478e-06,0.226039381451094,47829.4788636244,0.0226124320550364,22731.274613086,2155.35063233094,24909.0294225442,47254.9536855707,6819.38238392579,646.605189699281,7472.70882676327,14176.4861056712
0.423,1,1,0,0,0,1,0,0,0,0,0,0,1,0,0.267,0.268,0,0,0,0.035,0,2.30420635722538,8.04189395729042,Inf,0.045,0.045,0.035,0.035,1.5496562390223,1.3889462874367,6.92756759473458e-12,3.52051070327069e-06,0.226539006828069,47755.7678383063,0.0138165272218519,22641.4243558097,2164.79606562906,24874.0119481774,47242.8882975952,6792.42730674291,649.438819688718,7462.20358445321,14172.8664892786
0.424,1,1,0,0,0,1,0,0,0,0,0,0,1,0,0.268,0.269,0,0,0,0.035,0,2.31061933491947,8.02524992043287,Inf,0.045,0.045,0.035,0.035,1.5483580608266,1.3903129418812,6.98607197891963e-12,3.51909614215054e-06,0.223568427046526,47662.6587771987,0.0138511969105547,22667.2843625577,2171.63378692549,24835.0320839943,47142.3500090365,6800.18530876732,651.490136077648,7450.5096251983,14142.7050027109
0.425,1,1,0,0,0,1,0,0,0,0,0,0,1,0,0.269,0.27,0,0,0,0.035,0,2.27549061011938,8.07242070323997,Inf,0.045,0.045,0.035,0.035,1.55557236656669,1.38645774829052,7.04912371584267e-12,3.50413077959685e-06,0.223760128186364,47560.7319797508,0.014858844324308,22800.445871141,2167.17830274072,24797.7428425132,47065.8758506805,6840.13376134229,650.153490822215,7439.32285275397,14119.7627552042
0.426,1,1,0,0,0,1,0,0,0,0,0,0,1,0,0.27,0.271,0,0,0,0.035,0,2.27109651542817,8.07173620148439,Inf,0.045,0.045,0.035,0.035,1.55649283543385,1.38651329479861,7.09753284839468e-12,3.5209981257331e-06,0.224507700980379,47472.0647298403,0.0135800217593548,22872.0372033445,2173.0247512305,24762.3948062826,47026.7347948739,6861.61116100334,651.90742536915,7428.71844188478,14108.0204384622
0.427,1,1,0,0,0,1,0,0,0,0,0,0,1,0,0.271,0.272,0,0,0,0.035,0,2.29210835831838,8.00966552811902,Inf,0.045,0.045,0.035,0.035,1.55212795698293,1.39159893875581,7.11927706470332e-12,3.52232941848352e-06,0.225409793484313,47508.3082133271,0.0142771493197383,22867.2121984149,2186.97441818377,24783.6414477847,47028.5049886542,6860.16365952447,656.09232545513,7435.09243433541,14108.5514965962
0.428,1,1,0,0,0,1,0,0,0,0,0,0,1,0,0.272,0.273,0,0,0,0.035,0,2.28197628793831,8.01512029028473,Inf,0.045,0.045,0.035,0.035,1.55422120050344,1.39114811980508,7.11321190274116e-12,3.50978826960406e-06,0.218908729460249,47544.856335283,0.0142444261648086,22952.6754714667,2191.57008945697,24810.683701223,47070.6550737593,6885.80264144,657.47102683709,7443.20511036689,14121.1965221278
0.429,1,1,0,0,0,1,0,0,0,0,0,0,1,0,0.273,0.274,0,0,0,0.035,0,2.26991876116538,8.069316798235,Inf,0.045,0.045,0.035,0.035,1.55674024632425,1.3867097195212,7.08854941649884e-12,3.48845218376221e-06,0.220034997706204,47580.5557750231,0.0144327117683416,23093.3570976721,2193.93040066969,24841.7606721223,47148.6359730145,6928.00712930163,658.179120200907,7452.5282016367,14144.5907919044
0.43,1,1,0,0,0,1,0,0,0,0,0,0,1,0,0.274,0.275,0,0,0,0.035,0,2.28498758186103,8.02528441590716,Inf,0.045,0.045,0.035,0.035,1.55359685171473,1.3903101022044,7.06059198808716e-12,3.5213052527418e-06,0.221868130621484,47614.4680592473,0.014823629031231,23075.917773842,2202.8352423289,24873.4023431532,47220.2583534264,6922.77533215261,660.850572698669,7462.02070294596,14166.0775060279
0.431,1,1,0,0,0,1,0,0,0,0,0,0,1,0,0.275,0.276,0,0,0,0.035,0,2.28061121282715,8.04068204425342,Inf,0.045,0.045,0.035,0.035,1.55450485364527,1.38904556316687,7.04427906959761e-12,3.51244669305837e-06,0.216269349630112,47644.4929909353,0.016341660628784,23123.5054745926,2204.17252183945,24901.0038248692,47235.4753854361,6937.05164237779,661.251756551834,7470.30114746075,14170.6426156308
0.432,1,1,0,0,0,1,0,0,0,0,0,0,1,0,0.276,0.277,0,0,0,0.035,0,2.28142198455278,8.03720537898267,Inf,0.045,0.045,0.035,0.035,1.5543363338538,1.38933056434577,7.04795065361037e-12,3.51180045119116e-06,0.217330141234366,47666.5260941557,0.016961489071533,23117.722564631,2204.40283474839,24919.8666680678,47270.5316426977,6935.31676938931,661.320850424517,7475.96000042035,14181.1594928093
0.433,1,1,0,0,0,1,0,0,0,0,0,0,1,0,0.277,0.278,0,0,0,0.035,0,2.28193008228438,8.02325511375137,Inf,0.045,0.045,0.035,0.035,1.55423079533978,1.39047720611556,7.06989838153963e-12,3.52102607269828e-06,0.219055966241704,47675.0161132015,0.0149715242394314,23076.6349449195,2202.50186808959,24926.5301711033,47321.8026370559,6922.99048347585,660.750560426877,7477.95905133099,14196.5407911168
0.434,1,1,0,0,0,1,0,0,0,0,0,0,1,0,0.278,0.279,0,0,0,0.035,0,2.2677480177103,8.06278858787589,Inf,0.045,0.045,0.035,0.035,1.55719702905827,1.38724045154696,7.09919566059779e-12,3.48801679569623e-06,0.218438575012662,47755.9251752997,0.00885198812474312,23087.8257956252,2194.02002273053,24972.8860791169,47384.1223169765,6926.34773868757,658.206006819158,7491.86582373507,14215.2366950929
0.435,1,1,0,0,0,1,0,0,0,0,0,0,1,0,0.279,0.28,0,0,0,0.035,0,2.28069676771801,8.0078004574999,Inf,0.045,0.045,0.035,0.035,1.5544870644677,1.39175325476122,7.12032442272178e-12,3.50993399327432e-06,0.219026925448324,47818.6544424216,0.024158268084318,22952.0531072799,2192.19972351567,25012.6386403636,47451.3148763658,6885.61593218398,657.659917054701,7503.79159210908,14235.3944629097
0.436,1,1,0,0,0,1,0,0,0,0,0,0,1,0,0.28,0.281,0,0,0,0.035,0,2.28687977312611,8.00138166746606,Inf,0.045,0.045,0.035,0.035,1.55320549946391,1.39228502392402,7.11953176251245e-12,3.5238905972269e-06,0.223699298207939,47849.7054990198,0.00687337766408128,22874.683446417,2187.59884018127,25031.5163106585,47516.7556589041,6862.40503392509,656.279652054382,7509.45489319756,14255.0266976712
0.437,1,1,0,0,0,1,0,0,0,0,0,0,1,0,0.281,0.282,0,0,0,0.035,0,2.26545131334799,8.06149704419104,Inf,0.045,0.045,0.035,0.035,1.55768141382136,1.38734557724088,7.0905056552078e-12,3.52464894402e-06,0.223151990865981,47841.7207783376,0.0156127931330904,22888.9063668214,2174.20324070728,25026.7160239058,47506.4302480947,6866.67191004642,652.260972212185,7508.01480717174,14251.9290744284
0.438,1,1,0,0,0,1,0,0,0,0,0,0,1,0,0.282,0.283,0,0,0,0.035,0,2.26944772321382,8.05530699770384,Inf,0.045,0.045,0.035,0.035,1.5568392799764,1.38784999497645,7.03751869976513e-12,3.50660314568936e-06,0.22331896710746,47790.3990599652,0.0201686253436169,22812.3572715728,2169.03208577667,24998.913297095,47449.6416672806,6843.70718147185,650.709625733002,7499.6739891285,14234.8925001842
0.439,1,1,0,0,0,1,0,0,0,0,0,0,1,0,0.283,0.284,0,0,0,0.035,0,2.3039929178801,8.00448652766232,Inf,0.045,0.045,0.035,0.035,1.54969958817465,1.39202766825071,6.97493771877783e-12,3.52454341690236e-06,0.224150945906525,47696.3929454717,0.00304664670402413,22688.0463364018,2174.2766474329,24952.2312103441,47392.3515970029,6806.41390092054,652.282994229869,7485.66936310322,14217.7054791009
0.44,1,1,0,0,0,1,0,0,0,0,0,0,1,0,0.284,0.285,0,0,0,0.035,0,2.29086897209658,8.018097009929,Inf,0.045,0.045,0.035,0.035,1.55238286718217,1.39090242226261,6.92280142173511e-12,3.52945379722694e-06,0.225703023708901,47602.3435241269,0.0242299602004366,22673.5720590875,2167.28283787383,24937.7158442604,47340.1794334872,6802.07161772625,650.184851362149,7481.31475327813,14202.0538300462
0.441,1,1,0,0,0,1,0,0,0,0,0,0,1,0,0.285,0.286,0,0,0,0.035,0,2.26649945646898,8.10030288868351,Inf,0.045,0.045,0.035,0.035,1.55746021586737,1.38420496106562,6.89943024983671e-12,3.51947171608691e-06,0.225681278229045,47581.9239089608,0.0109112064827642,22776.8094835204,2158.43518935744,24925.1109474224,47298.1493422546,6833.04284505613,647.530556807231,7477.53328422671,14189.4448026764
0.442,1,1,0,0,0,1,0,0,0,0,0,0,1,0,0.286,0.287,0,0,0,0.035,0,2.27281045661053,8.05242557936621,Inf,0.045,0.045,0.035,0.035,1.5561333145236,1.38808512340386,6.91378362027627e-12,3.52451059539694e-06,0.226144507615824,47535.0797284278,0.0118540873485125,22717.3272657665,2161.26937744854,24900.1641835153,47270.3059754467,6815.19817972995,648.380813234561,7470.0492550546,14181.091792634
0.443,1,1,0,0,0,1,0,0,0,0,0,0,1,0,0.287,0.288,0,0,0,0.035,0,2.30792259207858,7.99460666232164,Inf,0.045,0.045,0.035,0.035,1.54890295324864,1.39284744681816,6.96131541479222e-12,3.53250954941922e-06,0.226795426635787,47463.2898406512,0.0200109304291635,22670.4323190747,2174.95834760254,24867.4316598988,47259.2503269977,6801.1296957224,652.487504280763,7460.22949796964,14177.7750980993
0.444,1,1,0,0,0,1,0,0,0,0,0,0,1,0,0.288,0.289,0,0,0,0.035,0,2.27777411893004,8.00851084628128,Inf,0.045,0.045,0.035,0.035,1.5550956324809,1.39169446671772,7.02575268195721e-12,3.52497490708655e-06,0.223588259310535,47373.1887458777,0.012978432128235,22745.1845059244,2171.34570637706,24832.4433786533,47166.9781861212,6823.55535177733,651.403711913117,7449.73301359599,14150.0934558364
0.445,1,1,0,0,0,1,0,0,0,0,0,0,1,0,0.289,0.29,0,0,0,0.035,0,2.25646790307499,8.08116398636216,Inf,0.045,0.045,0.035,0.035,1.55958695626724,1.38574926031273,7.0859043489588e-12,3.5051001785026e-06,0.224093339039105,47275.4683403792,0.0147334407459722,22915.3414024165,2171.03350774343,24800.1321473862,47096.897858691,6874.60242072494,651.31005232303,7440.03964421587,14129.0693576073
0.446,1,1,0,0,0,1,0,0,0,0,0,0,1,0,0.29,0.291,0,0,0,0.035,0,2.26599039511968,8.00397291922329,Inf,0.045,0.045,0.035,0.035,1.55756761771753,1.39207022323059,7.12399546112152e-12,3.53447877629776e-06,0.225077691194384,47197.6191835011,0.0142329095544349,22878.4754295529,2181.02880535763,24766.186141718,47061.0317802289,6863.54262886588,654.30864160729,7429.85584251541,14118.3095340687
0.447,1,1,0,0,0,1,0,0,0,0,0,0,1,0,0.291,0.292,0,0,0,0.035,0,2.28784156602985,7.9748865717513,Inf,0.045,0.045,0.035,0.035,1.55300686187321,1.39449121170777,7.13192567552962e-12,3.52981775186345e-06,0.219155081986647,47226.3719032377,0.0139870970923086,22914.1796027357,2195.25326560105,24785.717125955,47062.6524731267,6874.25388082071,658.575979680316,7435.71513778649,14118.795741938
0.448,1,1,0,0,0,1,0,0,0,0,0,0,1,0,0.292,0.293,0,0,0,0.035,0,2.25877031985047,8.01069283975455,Inf,0.045,0.045,0.035,0.035,1.55909690980221,1.39151397680564,7.11343436776104e-12,3.51197542705968e-06,0.219680077523949,47255.5721365754,0.0140063941046548,23034.7228505091,2192.79219540904,24811.6979413176,47101.2757558382,6910.41685515274,657.837658622712,7443.50938239529,14130.3827267514
0.449,1,1,0,0,0,1,0,0,0,0,0,0,1,0,0.293,0.294,0,0,0,0.035,0,2.26093304249417,8.0125094889952,Inf,0.045,0.045,0.035,0.035,1.55863764196367,1.39136379987956,7.08184582844897e-12,3.53152695409976e-06,0.22121693526237,47285.1719816734,0.0147423924336779,23088.4712267231,2198.56423629674,24842.0160745043,47172.7455555378,6926.54136801693,659.569270889021,7452.60482235128,14151.8236666613
0.45,1,1,0,0,0,1,0,0,0,0,0,0,1,0,0.294,0.295,0,0,0,0.035,0,2.27930133840906,7.99068890790533,Inf,0.045,0.045,0.035,0.035,1.55477740367511,1.39317321378526,7.05434596666474e-12,3.53074401010341e-06,0.216917346852414,47314.7252840327,0.0141818333316058,23095.6443749255,2207.90403866667,24872.6686735697,47238.5180231416,6928.69331247764,662.371211600001,7461.80060207091,14171.5554069425
0.451,1,1,0,0,0,1,0,0,0,0,0,0,1,0,0.295,0.296,0,0,0,0.035,0,2.26201520557279,8.03534884284429,Inf,0.045,0.045,0.035,0.035,1.55840821711784,1.38948287922282,7.04481973861974e-12,3.51630663001488e-06,0.217169839817826,47342.1645584123,0.0141458822748489,23174.2521439992,2203.98341841418,24898.7378554474,47252.4671536769,6952.27564319976,661.195025524255,7469.62135663423,14175.7401461031
0.452,1,1,0,0,0,1,0,0,0,0,0,0,1,0,0.296,0.297,0,0,0,0.035,0,2.27521018418845,7.991125752736,Inf,0.045,0.045,0.035,0.035,1.55563098767967,1.39313686998087,7.05804404275185e-12,3.52860679284849e-06,0.218774407057964,47363.0652901507,0.0140110946447464,23102.576079875,2207.15864939718,24915.6077055239,47284.5980412062,6930.77282396248,662.147594819154,7474.68231165717,14185.3794123619
0.453,1,1,0,0,0,1,0,0,0,0,0,0,1,0,0.297,0.298,0,0,0,0.035,0,2.26119505773898,8.00094198334963,Inf,0.045,0.045,0.035,0.035,1.55858207002761,1.39232148838034,7.08775703452268e-12,3.53274352634393e-06,0.219136984688111,47371.301633532,0.021913845224102,23088.7427612991,2200.29753921887,24920.2262450239,47331.6154451633,6926.62282838974,660.08926176566,7476.06787350718,14199.484633549
0.454,1,1,0,0,0,1,0,0,0,0,0,0,1,0,0.298,0.299,0,0,0,0.035,0,2.33490267345324,8.23520592066224,Inf,0.045,0.045,0.035,0.035,1.54351643844112,1.37356945939357,7.02602877909324e-12,3.08354426010683e-06,0.288053178613901,47982.4210960258,0.72916955889769,22561.2066801928,2139.47441218109,25216.3328643145,46777.2318009636,6768.36200405782,641.842323654328,7564.89985929434,14033.1695402891
0.455,1,1,0,0,0,1,0,0,0,0,0,0,1,0,0.299,0.3,0,0,0,0.035,0,2.29485754160989,8.26744402067298,Inf,0.045,0.045,0.035,0.035,1.55156364868632,1.37109084514099,6.80862138277926e-12,3.91339506964737e-06,0.370986203033423,48816.4870611334,0.234074207461331,21219.7189915413,1990.54044685002,25607.5992692156,45522.5538175832,6365.9156974624,597.162134055007,7682.27978076468,13656.766145275
0.456,1,1,0,0,0,1,0,0,0,0,0,0,1,0,0.3,0.301,0,0,0,0.035,0,2.25548464465767,7.79018271178199,Inf,0.045,0.045,0.035,0.035,1.5597965839664,1.41038845300396,6.42815467415786e-12,3.9624873702373e-06,0.466906641339586,49448.7642584572,0.478361798723783,19165.1805154358,1850.88911364625,25889.4211266768,43751.6170770455,5749.55415463073,555.266734093876,7766.82633800304,13125.4851231137
0.457,1,1,0,0,0,1,0,0,0,0,0,0,1,0,0.301,0.302,0,0,0,0.035,0,2.23694583573779,7.0543840581842,Inf,0.045,0.045,0.035,0.035,1.56378875549959,1.48421013962145,5.93556680439622e-12,3.9272085677672e-06,0.559793132758138,49541.7083758938,0.696854867392394,17186.7856557509,1812.93615144948,25905.024633296,40683.0530317054,5156.03569672528,543.880845434845,7771.50738998881,12204.9159095116
0.458,1,1,0,0,0,1,0,0,0,0,0,0,1,0,0.302,0.303,0,0,0,0.035,0,1.84440461175558,6.42588806591155,Inf,0.045,0.045,0.035,0.035,1.67071750851814,1.56464285828411,5.37855391661815e-12,3.70609755957741e-06,0.536543118996669,48840.6113674624,0.850986985646698,16109.2115513124,1697.93401396614,25539.8938949519,36137.9714641716,4832.76346539371,509.380204189843,7661.96816848558,10841.3914392515
0.459,1,1,0,0,0,1,0,0,0,0,0,0,1,0,0.303,0.304,0,0,0,0.035,0,1.50907612177277,6.19043182071667,Inf,0.045,0.045,0.035,0.035,1.81644553287575,1.60026820604623,4.85339836032086e-12,3.49843355190279e-06,0.63560094473285,46848.7950539108,0.624992983652632,16725.2747811905,1521.67274158404,24574.4139778915,31192.2095308349,5017.58243435716,456.501822475212,7372.32419336744,9357.66285925048
0.46,1,1,0,0,0,1,0,0,0,0,0,0,1,0,0.304,0.305,0,0,0,0.035,0,1.341342462081,6.32498738301306,Inf,0.045,0.045,0.035,0.035,1.92383515647899,1.57948906196944,4.70912913767732e-12,3.35717830732213e-06,0.731494476177763,43391.644441469,0.981383539404301,19114.0125869254,1453.36905160728,22967.4753172133,26660.310906197,5734.20377607761,436.010715482185,6890.24259516399,7998.09327185909
0.461,1,1,0,0,0,1,0,0,0,0,0,0,1,0,0.305,0.306,0,0,0,0.035,0,1.28182212988887,5.71068675707821,Inf,0.045,0.045,0.035,0.035,1.97051905266523,1.68497345528739,5.168698166789e-12,4.22774834734486e-06,0.815613169879701,39101.0823318236,0.735135710725959,18707.1443232494,1574.99537092482,21130.6390971568,23372.7683197699,5612.14329697483,472.498611277447,6339.19172914703,7011.83049593098
0.462,1,1,0,0,0,1,0,0,0,0,0,0,1,0,0.306,0.307,0,0,0,0.035,0,1.29690745515309,5.25498177389357,Inf,0.045,0.045,0.035,0.035,1.9581754349704,1.78497118749265,6.08916204436941e-12,4.1191619985397e-06,0.87542447126866,37220.9221201856,0.93603711858182,18574.5618189841,1853.00683468533,20263.4142646562,21741.2850664271,5572.36854569524,555.902050405598,6079.02427939685,6522.38551992814
0.463,1,1,0,0,0,1,0,0,0,0,0,0,1,0,0.307,0.308,0,0,0,0.035,0,1.35762952115889,5.09335508430997,Inf,0.045,0.045,0.035,0.035,1.91195121973991,1.82633273305642,7.14901482556264e-12,3.93766415510393e-06,0.910697017694016,33940.5665323372,0.883563194147515,20222.201435963,2185.80728729775,18771.1189823433,21379.9665728667,6066.6604307889,655.742186189326,5631.335694703,6413.98997186001
0.464,1,1,0,0,0,1,0,0,0,0,0,0,1,0,0.308,0.309,0,0,0,0.035,0,1.2680928239282,5.10929349107312,Inf,0.045,0.045,0.035,0.035,1.98207687388976,1.82209522937872,8.08936447784843e-12,3.95833859650975e-06,0.683890669137352,29422.6365011058,0.859669751704624,23138.1585032988,2308.77388360012,16745.6102860816,21374.5815327753,6941.44755098963,692.632165080035,5023.68308582448,6412.3744598326
0.465,1,1,0,0,0,1,0,0,0,0,0,0,1,0,0.309,0.31,0,0,0,0.035,0,1.22319977726005,5.18764296561787,Inf,0.045,0.045,0.035,0.035,2.02218675619679,1.80177835762447,8.76459967122714e-12,4.04159039586783e-06,0.796740200048622,24138.4797025168,0.899951007784935,26383.343628218,2508.01079116171,14398.5685657777,20904.8422084896,7915.00308846539,752.403237348514,4319.5705697333,6271.45266254687
0.466,1,1,0,0,0,1,0,0,0,0,0,0,1,0,0.31,0.311,0,0,0,0.035,0,1.22499053740509,5.18547196990097,Inf,0.045,0.045,0.035,0.035,2.02051486445196,1.80233009067854,9.13117480709876e-12,4.45696839301738e-06,0.878743814764697,18830.4702216239,0.895294032518862,29184.7510703541,2780.75449790113,12039.2802251227,19539.3086604736,8755.42532110623,892.772698740676,3611.78406753682,5861.79259814207
0.467,1,1,0,0,0,1,0,0,0,0,0,0,1,0,0.311,0.312,0,0,0,0.035,0,1.1179954568413,4.81113067742361,Inf,0.045,0.045,0.035,0.035,2.13270863375425,1.90783946942199,9.23839210819746e-12,5.96031884234553e-06,0.88935306270519,16982.2346696626,0.391102408786599,30180.679113729,2872.85311825484,11214.355199022,17083.4756743872,9054.20373411871,948.031870952907,3364.3065597066,5125.04270231615
0.468,1,1,0,0,0,1,0,0,0,0,0,0,1,0,0.312,0.313,0,0,0,0.035,0,0.99378992065326,4.43201162708864,Inf,0.045,0.045,0.035,0.035,2.30393599894739,2.04071478156889,9.20990087851979e-12,6.08932524423311e-06,0.917225186244222,16947.1369247615,1.01056626273714,30494.6397919981,2865.32063679755,11203.8021714211,14168.2695160854,9148.39193759944,943.512382078528,3361.14065142632,4250.48085482563
0.469,1,1,0,0,0,1,0,0,0,0,0,0,1,0,0.313,0.314,0,0,0,0.035,0,0.911068906569276,4.24462416910068,Inf,0.045,0.045,0.035,0.035,2.45381717494691,2.11907709019448,9.21097428000905e-12,6.10019475883273e-06,0.981191806759853,16364.4373221234,0.871260461533173,31554.1587526452,2862.12962465196,10969.6192300399,10778.773408006,9466.24762579357,941.597774791179,3290.88576901197,3233.63202240179
0.47,1,1,0,0,0,1,0,0,0,0,0,0,1,0,0.314,0.315,0,0,0,0.035,0,0.865298869618262,4.05137695729798,Inf,0.045,0.045,0.035,0.035,2.5539841309928,2.21102517840789,9.38233378428209e-12,6.38958886750032e-06,1.06118105422361,14958.8680188968,1.04417542590087,32065.4840154374,2909.43406338843,10372.3303518935,7554.82112116011,9619.64520463122,969.980438033057,3111.69910556804,2266.44633634803
0.471,1,1,0,0,0,1,0,0,0,0,0,0,1,0,0.315,0.316,0,0,0,0.035,0,0.848012768386015,3.87817429895359,Inf,0.045,0.045,0.035,0.035,2.5957606163198,2.30501766339049,9.76894066531467e-12,6.60985409796495e-06,1.14869597216959,12820.6966133911,1.03430027975289,32106.8458797989,3024.85870443175,9433.94263133945,5058.066472043,9632.05376393967,1039.23522265905,2830.18278940184,1517.4199416129
0.472,1,1,0,0,0,1,0,0,0,0,0,0,1,0,0.316,0.317,0,0,0,0.035,0,0.849826090917915,3.80086399598884,Inf,0.045,0.045,0.035,0.035,2.59126669675795,2.35110101301928,1.02981339775546e-11,6.64086774609231e-06,1.21444485832619,10212.0726976072,1.01324044464652,32781.4063754244,3188.44890488313,7948.64680307278,3800.78568937316,9834.42191262733,1137.38934292988,2384.59404092183,1140.23570681195
0.473,1,1,0,0,0,1,0,0,0,0,0,0,1,0,0.317,0.318,0,0,0,0.035,0,0.858269733454328,3.79845124180715,Inf,0.045,0.045,0.035,0.035,2.57068911312459,2.35258414627405,1.08279542905952e-11,6.62399235789324e-06,1.25719639722477,7709.83600021556,1.10566809177784,34171.3886658677,3356.42444456513,6972.80689972873,3763.58248141501,10251.4165997603,1238.17466673908,2091.84206991862,1129.0747444245
0.474,1,1,0,0,0,1,0,0,0,0,0,0,1,0,0.318,0.319,0,0,0,0.035,0,0.855234507284271,3.79829269977826,Inf,0.045,0.045,0.035,0.035,2.57802088345061,2.35268170102517,1.13444062067224e-11,6.64646820708957e-06,1.20244965120818,5001.50863832264,1.3737584573619,35974.7486576187,3512.94539551122,5819.35589933952,3764.09652649829,10792.4245972856,1332.08723730673,1745.80676980186,1129.22895794949
0.475,1,1,0,0,0,1,0,0,0,0,0,0,1,0,0.319,0.32,0,0,0,0.035,0,0.841111419726951,3.79805389059463,Inf,0.045,0.045,0.035,0.035,2.61311255588773,2.35282866895891,1.17510497555532e-11,6.8209653035409e-06,1.25605067711566,2550.84770074678,0.639780435782075,37696.6222052101,3623.70393340171,4682.41433895225,3764.22377608167,11308.986661563,1398.54236004103,1404.72430168567,1129.2671328245
0.476,1,1,0,0,0,0,0,0,0,0,0,0,1,0,0.32,0.321,0,0,0,0.035,0,0.835558129164224,3.79865177813672,Inf,0.045,0.045,0.035,0.035,2.62736749742572,2.35246076875414,1.19869079038279e-11,7.1927120097687e-06,1.2803227427618,773.246367228727,1.28209804690217,38899.1056657604,3716.36399489053,3960.72471077033,3763.52601434548,11669.7316997281,1454.13839693432,1188.2174132311,1129.05780430364
0.477,1,1,0,0,0,0,0,0,0,0,0,0,1,0,0.321,0.322,0,0,0,0.035,0,0.835263455002162,3.8008948926164,Inf,0.045,0.045,0.035,0.035,2.62813134411504,2.35108203884239,1.20598275137581e-11,7.83687904647294e-06,1.28933306897925,0.000125241542183788,0.680374976977636,39369.125270955,3756.46596464695,3756.83084499561,3756.69067379553,11810.7375812865,1478.19957878817,1127.04925349868,1127.00720213866
0.478,1,1,0,0,0,0,0,0,0,0,0,0,1,0,0.322,0.323,0,0,0,0.035,0,0.835513893051491,3.80372318868491,Inf,0.045,0.045,0.035,0.035,2.62748211687753,2.34934707128043,1.20613899463371e-11,7.5369014969084e-06,1.28086096678034,0.000123322523286656,1.13736089236422,39370.8780423887,3754.66238384767,3755.02379409341,3754.42371681028,11811.2634127166,1477.1174303086,1126.50713822802,1126.32711504308
0.479,1,1,0,0,0,0,0,0,0,0,0,0,1,0,0.323,0.324,0,0,0,0.035,0,0.835968351588331,3.805642857505,Inf,0.045,0.045,0.035,0.035,2.62630538794987,2.34817166762941,1.20605945039735e-11,7.60385239684168e-06,1.28092081202431,0.000124529384716089,1.68754541398845,39369.3165228194,3754.31690213943,3754.67767302778,3756.72626500821,11810.7949568458,1476.91014128366,1126.40330190834,1127.01787950246
0.48,1,1,0,0,0,0,0,0,0,0,0,0,1,0,0.324,0.325,0,0,0,0.035,0,0.836345084600572,3.80669705985136,Inf,0.045,0.045,0.035,0.035,2.62533127405965,2.34752693395355,1.20570788479876e-11,7.63120777307959e-06,1.27397138712314,0.000124010729275515,1.28529011400014,39367.1369240107,3754.50771484231,3754.86811326395,3754.86608051482,11810.1410772032,1477.02462890539,1126.46043397919,1126.45982415444
0.481,1,1,0,0,0,0,0,0,0,0,0,0,1,0,0.325,0.326,0,0,0,0.035,0,0.836443625893833,3.80674854993977,Inf,0.045,0.045,0.035,0.035,2.62507668022026,2.34749545700964,1.20529836646771e-11,7.31009926565113e-06,1.27352256403097,0.000124069497562475,1.81571521732002,39362.2000532071,3754.36041601207,3754.72027404839,3754.07268023542,11808.6600159621,1476.93624960724,1126.41608221452,1126.22180407063
0.482,1,1,0,0,0,0,0,0,0,0,0,0,1,0,0.326,0.327,0,0,0,0.035,0,0.836169038455072,3.80665515033996,Inf,0.045,0.045,0.035,0.035,2.62578632107194,2.34755255502879,1.20494551423689e-11,7.43181362729167e-06,1.27444371992181,0.000123962239393489,0.538806434280025,39360.6522512433,3753.27558751789,3753.63789104241,3753.87088095465,11808.195675373,1476.28535251073,1126.09136731272,1126.16126428639
0.483,1,1,0,0,0,0,0,0,0,0,0,0,1,0,0.327,0.328,0,0,0,0.035,0,0.835997746483826,3.80556274838071,Inf,0.045,0.045,0.035,0.035,2.62622933760972,2.34822068281687,1.20495336353068e-11,7.31292118968572e-06,1.26987600727888,0.000124573887798592,0.993034490023065,39355.4079255563,3753.20023293119,3753.55861517358,3753.04897677036,11806.6223776669,1476.24013975871,1126.06758455207,1125.91469303111
0.484,1,1,0,0,0,0,0,0,0,0,0,0,1,0,0.328,0.329,0,0,0,0.035,0,0.836041440605046,3.80430826054963,Inf,0.045,0.045,0.035,0.035,2.62611630624808,2.34898864793452,1.20528841386919e-11,7.34039365580735e-06,1.27594806641044,0.000124263689925551,0.503915122952699,39350.4985434757,3754.11039519669,3754.47175390899,3754.26443027238,11805.1495630427,1476.78623711802,1126.3415261727,1126.27932908171
0.485,1,1,0,0,0,0,0,0,0,0,0,0,1,0,0.329,0.33,0,0,0,0.035,0,0.835559776863014,3.80387004850964,Inf,0.045,0.045,0.035,0.035,2.62736322843005,2.34925708746021,1.20589241277766e-11,7.58052225002557e-06,1.27017106049839,0.000124158898152409,0.0666945499657965,39355.9666234035,3753.27018949751,3753.62795016329,3753.56881872486,11806.789987021,1476.28211369851,1126.08838504899,1126.07064561746
0.486,1,1,0,0,0,0,0,0,0,0,0,0,1,0,0.33,0.331,0,0,0,0.035,0,0.835248090205584,3.80422661405994,Inf,0.045,0.045,0.035,0.035,2.628171193096,2.3490386558992,1.20658582485663e-11,7.61320035266416e-06,1.2715464222999,0.000123786360029225,1.25349526343528,39371.6161149671,3753.243720818,3753.6032694515,3752.98652365499,11811.4848344901,1476.2662324908,1126.08098083545,1125.8959570965
0.487,1,1,0,0,0,0,0,0,0,0,0,0,1,0,0.331,0.332,0,0,0,0.035,0,0.835209741512144,3.80254852990729,Inf,0.045,0.045,0.035,0.035,2.62827066036326,2.3500671789329,1.20709496603527e-11,7.66522199081151e-06,1.26917630680595,0.000124311949914815,0.717114350194653,39363.7398363805,3753.99823911722,3754.35507129292,3754.62609581759,11809.1219509142,1476.71894347033,1126.30652138788,1126.38782874528
0.488,1,1,0,0,0,0,0,0,0,0,0,0,1,0,0.332,0.333,0,0,0,0.035,0,0.835415332055642,3.80169069530998,Inf,0.045,0.045,0.035,0.035,2.62773755790492,2.35059347999824,1.20733012592939e-11,7.71794551641855e-06,1.27161600465116,0.000124067745818793,1.38947611363944,39365.1052268665,3755.75494987281,3756.11060454764,3755.38964338598,11809.53156806,1477.77296992368,1126.83318136429,1126.61689301579
0.489,1,1,0,0,0,0,0,0,0,0,0,0,1,0,0.333,0.334,0,0,0,0.035,0,0.835068773732551,3.80188124053678,Inf,0.045,0.045,0.035,0.035,2.62863640703812,2.3504765456635,1.20724487515676e-11,7.78536983388911e-06,1.27051111982358,0.000124049282435365,0.578262057196149,39374.3726318939,3755.13982390328,3755.49602182689,3755.21813637202,11812.3117895682,1477.40389434197,1126.64880654807,1126.56544091161
0.49,1,1,0,0,0,0,0,0,0,0,0,0,1,0,0.334,0.335,0,0,0,0.035,0,0.834948564450007,3.80282612090815,Inf,0.045,0.045,0.035,0.035,2.62894843192287,2.3498969461038,1.2069403208869e-11,7.89697664553054e-06,1.26981617129854,0.000124000132605078,0.44854748278288,39390.4673593545,3755.30637937911,3755.66216435362,3755.4563794996,11817.1402078063,1477.50382762747,1126.69864930609,1126.63691384988
0.491,1,1,0,0,0,0,0,0,0,0,0,0,1,0,0.335,0.336,0,0,0,0.035,0,0.835047219233329,3.80225867293632,Inf,0.045,0.045,0.035,0.035,2.62869234635021,2.35024497330402,1.2066416621108e-11,7.95664459455565e-06,1.26915537427081,0.000124110558602573,0.489431206396587,39390.2374943344,3756.20090562197,3756.55581614292,3756.32081164421,11817.0712483003,1478.04054337318,1126.96674484288,1126.89624349326
0.492,1,1,0,0,0,0,0,0,0,0,0,0,1,0,0.336,0.337,0,0,0,0.035,0,0.83523970537314,3.80217505441228,Inf,0.045,0.045,0.035,0.035,2.62819294023497,2.35029627127131,1.20648328256545e-11,7.90041230376808e-06,1.26908981649787,0.000123977842756516,0.501071579290062,39394.5700604085,3757.41004311008,3757.7643249121,3757.51898504405,11818.3710181225,1478.76602586605,1127.32929747363,1127.25569551321
0.493,1,1,0,0,0,0,0,0,0,0,0,0,1,0,0.337,0.338,0,0,0,0.035,0,0.835274926297587,3.8025385791808,Inf,0.045,0.045,0.035,0.035,2.6281015943678,2.35007328190707,1.20655767247031e-11,7.96211789153379e-06,1.26988447777358,0.000124492009425187,0.489506598499174,39404.1164655467,3758.09560369199,3758.44890506033,3758.56659206167,11821.234939664,1479.17736221519,1127.5346715181,1127.5699776185
0.494,1,1,0,0,0,0,0,0,0,0,0,0,1,0,0.338,0.339,0,0,0,0.035,0,0.835274621844791,3.80269569552252,Inf,0.045,0.045,0.035,0.035,2.62810238392322,2.34997692494049,1.20685890700282e-11,7.92418980414452e-06,1.27016053055153,0.000124013617847436,1.21161876419441,39414.7221756811,3758.95398959043,3759.30706827495,3758.71847820591,11824.4166527043,1479.69239375426,1127.79212048248,1127.61554346177
0.495,1,1,0,0,0,0,0,0,0,0,0,0,1,0,0.339,0.34,0,0,0,0.035,0,0.835026486588686,3.80228321489156,Inf,0.045,0.045,0.035,0.035,2.62874615656993,2.3502299180372,1.20717106768221e-11,7.9610085863313e-06,1.27117241947992,0.000124043601167951,0.529528129588667,39420.6860717845,3759.02907131499,3759.38201469698,3759.14944767833,11826.2058215353,1479.73744278899,1127.81460440909,1127.7448343035
0.496,1,1,0,0,0,0,0,0,0,0,0,0,1,0,0.34,0.341,0,0,0,0.035,0,0.834605934370931,3.80078358898268,Inf,0.045,0.045,0.035,0.035,2.62983848269961,2.35115039456321,1.20743892929086e-11,7.96800192181747e-06,1.27208154224319,0.00012403767860165,1.39286913931666,39422.3086924447,3759.09572452528,3759.44885103411,3761.17867831299,11826.6926077334,1479.77743471517,1127.83465531023,1128.3536034939
0.497,1,1,0,0,0,0,0,0,0,0,0,0,1,0,0.341,0.342,0,0,0,0.035,0,0.834273119512609,3.79882625493152,Inf,0.045,0.045,0.035,0.035,2.63070401949813,2.35235343979834,1.20750094102428e-11,7.96767330938067e-06,1.27277407427877,0.000124013463831295,1.06515308835971,39422.0114976408,3759.78207492825,3760.13557438169,3761.38214590109,11826.6034492922,1480.18924495695,1128.04067231451,1128.41464377033
0.498,1,1,0,0,0,0,0,0,0,0,0,0,1,0,0.342,0.343,0,0,0,0.035,0,0.833919783862978,3.7965984670851,Inf,0.045,0.045,0.035,0.035,2.63162398578263,2.35372496000377,1.20747593563518e-11,7.98025319444441e-06,1.27275186898353,0.000124633000069885,0.515125301845243,39426.4159612867,3761.04648499569,3761.3993846734,3761.15261589217,11827.924788386,1480.94789099742,1128.41981540202,1128.34578476765
0.499,1,1,0,0,0,0,0,0,0,0,0,0,1,0,0.343,0.344,0,0,0,0.035,0,0.83310944968311,3.79500588076409,Inf,0.045,0.045,0.035,0.035,2.63373796198033,2.3547068913693,1.20752317894469e-11,7.98221303341002e-06,1.27054838288402,0.000123582837941059,0.676305260447376,39442.4580883791,3761.1393624067,3761.49175305242,3761.22114908194,11832.7374265137,1481.00361744402,1128.44752591573,1128.36634472458
0.5,1,1,0,0,0,0,0,0,0,0,0,0,1,0,0.344,0.345,0,0,0,0.035,0,0.832380718781126,3.79381450949509,Inf,0.045,0.045,0.035,0.035,2.6356439940858,2.35544224976313,1.20787016376322e-11,7.86268866338528e-06,1.27458597222762,0.000124375995671691,0.636901359858488,39469.1158917865,3762.10363861688,3762.45807209906,3762.19490868103,11840.7347675359,1481.58218317013,1128.73742162972,1128.65847260431
0.501,1,1,0,0,0,0,0,0,0,0,0,0,1,0,0.345,0.346,0,0,0,0.035,0,0.83189565073756,3.78994851471014,Inf,0.045,0.045,0.035,0.035,2.6369153157989,2.35783322295642,1.2086687977006e-11,7.8238148883512e-06,1.27186352587447,0.000124024576042888,0.0794303028890736,39472.521944091,3764.44798847078,3764.80114324131,3764.74836777872,11841.7565832273,1482.98879308247,1129.44034297239,1129.42451033362
0.502,1,1,0,0,0,0,0,0,0,0,0,0,1,0,0.346,0.347,0,0,0,0.035,0,0.831617525221495,3.78685566261911,Inf,0.045,0.045,0.035,0.035,2.63764519926913,2.35975126832181,1.20995308998036e-11,7.82483967468561e-06,1.27357405248766,0.000124304430043689,1.22417525973483,39488.5836237798,3767.99403224425,3768.34798338351,3768.14475318148,11846.5750871339,1485.11641934655,1130.50439501505,1130.44342595444
0.503,1,1,0,0,0,0,0,0,0,0,0,0,1,0,0.347,0.348,0,0,0,0.035,0,0.830510103079337,3.7850291053501,Inf,0.045,0.045,0.035,0.035,2.64055822041983,2.36088620717132,1.21148420816038e-11,7.8393956316322e-06,1.27228228156244,0.000123982480332144,0.470960358836217,39519.7261571306,3768.61409534807,3768.96793127547,3768.90388837854,11855.9178471392,1485.48845720884,1130.69037938264,1130.67116651356
0.504,1,1,0,0,0,0,0,0,0,0,0,0,1,0,0.348,0.349,0,0,0,0.035,0,0.829689693958123,3.78395989794851,Inf,0.045,0.045,0.035,0.035,2.64272332136786,2.36155132044938,1.21306743779934e-11,7.75305636631354e-06,1.2721180610013,0.000123969697874114,1.28018813815492,39562.4013040124,3770.63945353946,3770.9937890541,3770.48720066313,11868.7203912037,1486.70367212367,1131.29813671623,1131.14616019894
0.505,1,1,0,0,0,0,0,0,0,0,0,0,1,0,0.349,0.35,0,0,0,0.035,0,0.829274700339798,3.7798969742215,Inf,0.045,0.045,0.035,0.035,2.64382080576535,2.3640838215381,1.21431218474039e-11,7.74951689270552e-06,1.27307653127978,0.000124000713903559,0.170692770328106,39571.9817972326,3774.04461763777,3774.40003615817,3774.45250649981,11871.5945391698,1488.74677058266,1132.32001084745,1132.33575194994
0.506,1,1,0,0,0,0,0,0,0,0,0,0,1,0,0.35,0.351,0,0,0,0.035,0,0.828970954650775,3.77716468713085,Inf,0.045,0.045,0.035,0.035,2.64462506586153,2.36579147459932,1.21511880891343e-11,7.76269819606471e-06,1.27245631836896,0.000123982145926821,0.866435113152111,39596.3078228898,3777.95199727957,3778.30679313047,3778.59688295337,11878.8923468669,1491.09119836774,1133.49203793914,1133.57906488601
0.507,1,1,0,0,0,0,0,0,0,0,0,0,1,0,0.351,0.352,0,0,0,0.035,0,0.82803223465964,3.77600338758991,Inf,0.045,0.045,0.035,0.035,2.64711586501859,2.36651839052086,1.21543860339395e-11,7.75998812104915e-06,1.2715370198826,0.000123973278632594,0.484319587803811,39634.3668776988,3779.17592499706,3779.53085082298,3779.29877563843,11890.3100633097,1491.82555499823,1133.85925524689,1133.78963269153
0.508,1,1,0,0,0,0,0,0,0,0,0,0,1,0,0.352,0.353,0,0,0,0.035,0,0.827503964002564,3.77449637550549,Inf,0.045,0.045,0.035,0.035,2.64852107627624,2.36746269890479,1.21547233891432e-11,7.75326327917039e-06,1.27061883365514,0.000123972002963001,0.499532013157676,39666.3849673461,3781.74641428169,3782.10142780854,3781.86375546367,11899.9154902038,1493.36784856902,1134.63042834256,1134.5591266391
0.509,1,1,0,0,0,0,0,0,0,0,0,0,1,0,0.353,0.354,0,0,0,0.035,0,0.827333635033291,3.77172714386007,Inf,0.045,0.045,0.035,0.035,2.64897469355561,2.36920085825986,1.21550199740204e-11,7.75934443234316e-06,1.26986561915827,0.000123971596070467,0.481032508452835,39682.8107146982,3785.43559364252,3785.79057075638,3785.56124452416,11904.8432144095,1495.58135618551,1135.73717122691,1135.66837335725
0.51,1,1,0,0,0,0,0,0,0,0,0,0,1,0,0.354,0.355,0,0,0,0.035,0,0.82671486944676,3.77057614708658,Inf,0.045,0.045,0.035,0.035,2.65062479455211,2.36992442211073,1.21581113378683e-11,7.7619263027987e-06,1.27133432294465,0.000124107744961811,1.11143295309469,39713.2609366855,3787.16519043357,3787.52087992038,3787.12561214297,11913.9782810056,1496.61911426014,1136.25626397611,1136.13768364289
0.511,1,1,0,0,0,0,0,0,0,0,0,0,1,0,0.355,0.356,0,0,0,0.035,0,0.826248454830515,3.7690331689431,Inf,0.045,0.045,0.035,0.035,2.65187091230511,2.37089543499618,1.21651830777782e-11,7.80519392715347e-06,1.26923904045805,0.000124028281371462,0.232282861295868,39737.0446892728,3789.21787764566,3789.57310136047,3789.6070624381,11921.1134067818,1497.8507265874,1136.87193040814,1136.88211873143
0.512,1,1,0,0,0,0,0,0,0,0,0,0,1,0,0.356,0.357,0,0,0,0.035,0,0.825893935154545,3.76674841754472,Inf,0.045,0.045,0.035,0.035,2.65281940691309,2.37233543223418,1.21763712098417e-11,7.80487004104587e-06,1.27031905273433,0.000123819945224948,1.06612924385968,39752.3240321859,3791.64008591123,3791.99493461314,3791.71792229973,11925.6972096558,1499.30405154674,1137.59848038394,1137.51537668992
0.513,1,1,0,0,0,0,0,0,0,0,0,0,1,0,0.357,0.358,0,0,0,0.035,0,0.825145343602747,3.76566959565051,Inf,0.045,0.045,0.035,0.035,2.65482598776145,2.37301628072145,1.21887623344752e-11,7.85741983962417e-06,1.27047662524854,0.000124161221208235,0.250552800304847,39779.1583465475,3792.40900840398,3792.76465034265,3792.64694549322,11933.7475039642,1499.76540504239,1137.8293951028,1137.79408364797
0.514,1,1,0,0,0,0,0,0,0,0,0,0,1,0,0.358,0.359,0,0,0,0.035,0,0.824765411014242,3.7620867616598,Inf,0.045,0.045,0.035,0.035,2.65584635098059,2.37528159961834,1.2199941290569e-11,7.84647009760224e-06,1.26714211654642,0.000123840280465382,0.770907930442481,39780.8943961291,3794.75286285069,3795.10753918107,3794.7702517415,11934.2683188387,1501.17171771042,1138.53226175432,1138.43107552245
0.515,1,1,0,0,0,0,0,0,0,0,0,0,1,0,0.359,0.36,0,0,0,0.035,0,0.823978537111933,3.75976764878033,Inf,0.045,0.045,0.035,0.035,2.65796383102565,2.37675133933408,1.2206820784139e-11,7.85098587099857e-06,1.26876655769749,0.000123928692600144,0.483547417088164,39797.2990496725,3795.62161072372,3795.97577959843,3795.74327668417,11939.1897149018,1501.69296643423,1138.79273387953,1138.72298300525
0.516,1,1,0,0,0,0,0,0,0,0,0,0,1,0,0.36,0.361,0,0,0,0.035,0,0.823069887996003,3.75876460941027,Inf,0.045,0.045,0.035,0.035,2.66041611052824,2.37738785458307,1.22086457449719e-11,7.8583312173451e-06,1.26805897719283,0.000123886125156012,0.48510991586065,39831.1743661365,3796.33219485628,3796.68693014518,3796.45410342532,11949.3523098409,1502.11931691377,1139.00607904355,1138.9362310276
0.517,1,1,0,0,0,0,0,0,0,0,0,0,1,0,0.361,0.362,0,0,0,0.035,0,0.822549711627091,3.75406529077192,Inf,0.045,0.045,0.035,0.035,2.66182341121028,2.38037674019421,1.22068734440646e-11,7.84836824125117e-06,1.26733441608558,0.000123900920943364,0.503374555434539,39829.4308903681,3798.95292997986,3799.30832453612,3799.07052507503,11948.8292671104,1503.69175798792,1139.79249736084,1139.72115752251
0.518,1,1,0,0,0,0,0,0,0,0,0,0,1,0,0.362,0.363,0,0,0,0.035,0,0.822089261341696,3.7506658923064,Inf,0.045,0.045,0.035,0.035,2.66307122286319,2.38254581439852,1.22046740663469e-11,7.85380970337672e-06,1.26716386834388,0.00012410254585005,0.906497576478163,39844.8129658257,3802.0889680914,3802.44264163939,3802.23779401928,11953.4438897477,1505.57338085484,1140.73279249182,1140.67133820578
0.519,1,1,0,0,0,0,0,0,0,0,0,0,1,0,0.363,0.364,0,0,0,0.035,0,0.820763317100879,3.74893685284033,Inf,0.045,0.045,0.035,0.035,2.66667554298833,2.38365132642647,1.22062137501762e-11,7.85342949173692e-06,1.26651592669727,0.000123965192089753,0.400760102845976,39883.6611814431,3802.40782010998,3802.76212035824,3802.59574266431,11965.0983544329,1505.76469206599,1140.82863610747,1140.77872279929
0.52,1,1,0,0,0,0,0,0,0,0,0,0,1,0,0.364,0.365,0,0,0,0.035,0,0.819881161954327,3.74632293204625,Inf,0.045,0.045,0.035,0.035,2.66908262530537,2.38532550698631,1.22146784239256e-11,7.81085056585746e-06,1.26555221281621,0.000123836834877818,0.991226937961061,39917.1999183424,3804.81759881973,3805.17257601418,3804.80030973774,11975.1599755027,1507.21055929184,1141.55177280426,1141.44009292132
0.521,1,1,0,0,0,0,0,0,0,0,0,0,1,0,0.365,0.366,0,0,0,0.035,0,0.819505853696476,3.74117442579902,Inf,0.045,0.045,0.035,0.035,2.6701089239813,2.38863327936965,1.2230589231524e-11,7.82214517317983e-06,1.26619651187643,0.000123976213422698,0.121530315362464,39926.7253179284,3809.57330155867,3809.92967032286,3809.84091093381,11978.0175953785,1510.0639809352,1142.97890109686,1142.95227328014
0.522,1,1,0,0,0,0,0,0,0,0,0,0,1,0,0.366,0.367,0,0,0,0.035,0,0.818641125352775,3.73799969325327,Inf,0.045,0.045,0.035,0.035,2.67247862356796,2.39067974559907,1.22522732501747e-11,7.82167282830578e-06,1.26420322834202,0.00012353037330105,0.64436145061328,39960.6219797593,3812.67353960954,3813.02765854036,3812.7731927026,11988.1865939278,1511.92412376572,1143.90829756211,1143.83195781078
0.523,1,1,0,0,0,0,0,0,0,0,0,0,1,0,0.367,0.368,0,0,0,0.035,0,0.817354181097097,3.73688434515088,Inf,0.045,0.045,0.035,0.035,2.67601847949762,2.39139994457584,1.22753410951954e-11,7.80200793945459e-06,1.26586715665468,0.00012410277259845,0.520426853211408,40018.5668587787,3814.2866586344,3814.64243430685,3814.40735834739,12005.5700576336,1512.89199518064,1144.39273029205,1144.32220750422
0.524,1,1,0,0,0,0,0,0,0,0,0,0,1,0,0.368,0.369,0,0,0,0.035,0,0.816647393408009,3.73294983026318,Inf,0.045,0.045,0.035,0.035,2.67796926960332,2.39394566614381,1.22951842327191e-11,7.76722117687472e-06,1.26315152446742,0.000123784191731473,0.240805351588985,40046.5157616951,3818.22849749633,3818.58382027597,3818.43590760588,12013.9547285085,1515.2570984978,1145.57514608279,1145.53077228176
0.525,1,1,0,0,0,0,0,0,0,0,0,0,1,0,0.369,0.37,0,0,0,0.035,0,0.816462336453729,3.72860634419495,Inf,0.045,0.045,0.035,0.035,2.67848082989346,2.3967653355108,1.23085603744155e-11,7.76910570174293e-06,1.26414518217697,0.000123823279108391,0.92677204510866,40069.8036934229,3824.24366238009,3824.60065095393,3824.17695684209,12020.9411080269,1518.86619742805,1147.38019528618,1147.25308705263
0.526,1,1,0,0,0,0,0,0,0,0,0,0,1,0,0.37,0.371,0,0,0,0.035,0,0.815293592307986,3.72662056206552,Inf,0.045,0.045,0.035,0.035,2.68171922042414,2.39805772532726,1.231423465753e-11,7.77299725953712e-06,1.26360249969592,0.000123798457967864,0.453031420332729,40116.0114026813,3826.08297046299,3826.4387438886,3826.21172449648,12034.8034208044,1519.96978227779,1147.93162316658,1147.86351734894
0.527,1,1,0,0,0,0,0,0,0,0,0,0,1,0,0.371,0.372,0,0,0,0.035,0,0.814404857913945,3.72564109667591,Inf,0.045,0.045,0.035,0.035,2.68419055019686,2.39869594161597,1.23145217462636e-11,7.7337812533648e-06,1.2627421349509,0.000123798137565528,0.537706565567094,40171.776856086,3828.88912254267,3829.2455566695,3828.9957089678,12051.5330568258,1521.6534735256,1148.77366700085,1148.69871269034
0.528,1,1,0,0,0,0,0,0,0,0,0,0,1,0,0.372,0.373,0,0,0,0.035,0,0.814114269759954,3.72124569118638,Inf,0.045,0.045,0.035,0.035,2.68500025267918,2.401566165038,1.23130723084005e-11,7.72871820271052e-06,1.26190366108751,0.000123799702512263,0.439975440155386,40185.8100905192,3833.67159104467,3834.02839432769,3833.81409308759,12055.7430271557,1524.5229546268,1150.20851829831,1150.14422792628
0.529,1,1,0,0,0,0,0,0,0,0,0,0,1,0,0.373,0.374,0,0,0,0.035,0,0.813439105706422,3.71900621705404,Inf,0.045,0.045,0.035,0.035,2.6868847072822,2.40303245977028,1.23143832754554e-11,7.72835119658188e-06,1.2632960738706,0.000124045667405268,0.328577633233832,40220.809559466,3836.67521384842,3837.03202726734,3836.83493969852,12066.2428678398,1526.32512830905,1151.1096081802,1151.05048190955
0.53,1,1,0,0,0,0,0,0,0,0,0,0,1,0,0.374,0.375,0,0,0,0.035,0,0.812612761091213,3.71823830471213,Inf,0.045,0.045,0.035,0.035,2.68919715368456,2.40353585889279,1.23215243039256e-11,7.7030808251748e-06,1.26059940473923,0.000123680268236141,0.581842465892585,40268.0712381669,3838.69215192678,3839.04879761167,3838.78308569235,12080.4213714501,1527.53529115607,1151.7146392835,1151.63492570771
0.531,1,1,0,0,0,0,0,0,0,0,0,0,1,0,0.375,0.376,0,0,0,0.035,0,0.81235145420674,3.71419897096912,Inf,0.045,0.045,0.035,0.035,2.68992978155436,2.40618894685122,1.23349456228357e-11,7.7140874855414e-06,1.26109754832855,0.000123866241931213,0.577291541617183,40276.5397155412,3842.70262235289,3843.06060430778,3842.79620229327,12082.9619146623,1529.94157341173,1152.91818129233,1152.83886068798
0.532,1,1,0,0,0,0,0,0,0,0,0,0,1,0,0.376,0.377,0,0,0,0.035,0,0.811476577347641,3.71227347735186,Inf,0.045,0.045,0.035,0.035,2.69238754166585,2.40745668072369,1.23523768254425e-11,7.71367142909695e-06,1.26055089980887,0.000123523004883866,0.382276556328459,40306.0729629301,3844.03807439704,3844.39497880876,3844.17109455543,12091.821888879,1530.74284463822,1153.31849364263,1153.25132836663
0.533,1,1,0,0,0,0,0,0,0,0,0,0,1,0,0.377,0.378,0,0,0,0.035,0,0.810697322669728,3.71030084450072,Inf,0.045,0.045,0.035,0.035,2.69458299901946,2.40875749518099,1.23699051457843e-11,7.71355173757007e-06,1.26064394343669,0.000123857385081165,0.862805188967792,40334.4410663463,3845.67267999541,3846.03080948342,3845.71208719466,12100.3323199039,1531.72360799724,1153.80924284502,1153.7136261584
0.534,1,1,0,0,0,0,0,0,0,0,0,0,1,0,0.378,0.379,0,0,0,0.035,0,0.810489429376081,3.70623639814622,Inf,0.045,0.045,0.035,0.035,2.69516972386297,2.41144425928939,1.23828674887177e-11,7.70403639746225e-06,1.25864431718138,0.000123755338782082,0.47472198827744,40338.3977253618,3849.53055805761,3849.88881756591,3850.58686104977,12101.5193176085,1534.03833483457,1154.96664526977,1155.17605831493
0.535,1,1,0,0,0,0,0,0,0,0,0,0,1,0,0.379,0.38,0,0,0,0.035,0,0.809360105114333,3.7041146253585,Inf,0.045,0.045,0.035,0.035,2.69836440894092,2.41285034886798,1.2389034833307e-11,7.70304764230025e-06,1.25953065447734,0.000123693915537547,0.526476825864733,40366.0925799055,3849.8283017865,3850.18577346222,3849.94992637756,12109.8277739716,1534.2169810719,1155.05573203867,1154.98497791327
0.536,1,1,0,0,0,0,0,0,0,0,0,0,1,0,0.38,0.381,0,0,0,0.035,0,0.808430203900844,3.70278534523918,Inf,0.045,0.045,0.035,0.035,2.7010044532991,2.41373248789386,1.23881013347085e-11,7.69231399320921e-06,1.2585948664367,0.000123709724365835,0.446138866057609,40404.0820722292,3851.05414884834,3851.41259277847,3851.18671835349,12121.2246216687,1534.95248930901,1155.42377783354,1155.35601550605
0.537,1,1,0,0,0,0,0,0,0,0,0,0,1,0,0.381,0.382,0,0,0,0.035,0,0.808062418129977,3.69758054291556,Inf,0.045,0.045,0.035,0.035,2.70205099549545,2.4171956631612,1.23834749412624e-11,7.6945623682029e-06,1.2572445187204,0.000123676478825927,0.522898223255542,40401.9199184962,3854.92053785654,3855.27968670515,3855.03270533812,12120.5759755489,1537.27232271393,1156.58390601154,1156.50981160144
0.538,1,1,0,0,0,0,0,0,0,0,0,0,1,0,0.382,0.383,0,0,0,0.035,0,0.807365502859336,3.6943852204508,Inf,0.045,0.045,0.035,0.035,2.7040377902479,2.41932902293005,1.23799505439489e-11,7.68994956816471e-06,1.25697646391682,0.000123475301667972,0.521326647819546,40425.0841183079,3857.67498565307,3858.03253855617,3857.79301289986,12127.5252354924,1538.92499139184,1157.40976156685,1157.33790386996
0.539,1,1,0,0,0,0,0,0,0,0,0,0,1,0,0.383,0.384,0,0,0,0.035,0,0.806038707490852,3.6934953841555,Inf,0.045,0.045,0.035,0.035,2.70783374432594,2.4199241088353,1.23825302414054e-11,7.68851671186239e-06,1.25741096149188,0.000123911494100224,0.566367192362333,40477.9432707349,3858.24243788317,3858.60141450205,3858.35876826256,12143.3829812205,1539.2654627299,1157.58042435061,1157.50763047877
0.54,1,1,0,0,0,0,0,0,0,0,0,0,1,0,0.384,0.385,0,0,0,0.035,0,0.805304334917441,3.68950414381579,Inf,0.045,0.045,0.035,0.035,2.70994241014709,2.42259858678646,1.23941071203523e-11,7.66250514187118e-06,1.25515672357,0.000123627343046105,0.296203325893831,40499.8476855037,3861.56810545031,3861.92750755608,3861.75025466959,12149.9543056511,1541.26086327018,1158.57825226683,1158.52507640088
0.541,1,1,0,0,0,0,0,0,0,0,0,0,1,0,0.385,0.386,0,0,0,0.035,0,0.805184621910523,3.68466919590772,Inf,0.045,0.045,0.035,0.035,2.71028666950065,2.42585007730174,1.24144438185878e-11,7.66885999451391e-06,1.25497207911288,0.000123719232130336,0.8040405190442,40514.505633029,3867.71063833582,3868.07132684479,3867.71563422063,12154.3516899087,1544.94638300149,1160.42139805344,1160.31469026619
0.542,1,1,0,0,0,0,0,0,0,0,0,0,1,0,0.386,0.387,0,0,0,0.035,0,0.803890657292403,3.68230648358779,Inf,0.045,0.045,0.035,0.035,2.71401701989852,2.42744366055014,1.24397282399855e-11,7.66882429681867e-06,1.25496055672272,0.000123642406821851,0.375622797514343,40559.1117234363,3869.14768743796,3869.50684662415,3869.2986062775,12167.7335170309,1545.80861246278,1160.85205398724,1160.78958188325
0.543,1,1,0,0,0,0,0,0,0,0,0,0,1,0,0.387,0.388,0,0,0,0.035,0,0.802768881898094,3.68216747675296,Inf,0.045,0.045,0.035,0.035,2.71726478992205,2.42753751243499,1.24648695144351e-11,7.66947524073051e-06,1.25382546731995,0.000123581756726482,0.841135748068288,40630.5701369082,3871.46325124666,3871.82339330442,3871.5021246007,12189.1710410725,1547.197950748,1161.54701799133,1161.45063738021
0.544,1,1,0,0,0,0,0,0,0,0,0,0,1,0,0.388,0.389,0,0,0,0.035,0,0.802321184685267,3.67638042904957,Inf,0.045,0.045,0.035,0.035,2.71856456654522,2.43145416217982,1.24842484298884e-11,7.64249536596527e-06,1.25352251839996,0.000123696017910963,0.208746115375228,40637.3142601984,3876.5167344257,3876.87806433222,3876.74622430986,12191.1942780595,1550.23004065542,1163.06341929966,1163.02386729296
0.545,1,1,0,0,0,0,0,0,0,0,0,0,1,0,0.389,0.39,0,0,0,0.035,0,0.802010421395006,3.67287747534973,Inf,0.045,0.045,0.035,0.035,2.71946800179944,2.43383396177398,1.24951557734203e-11,7.63992692615912e-06,1.25342520826792,0.00012354801025025,0.509256647635909,40669.2439431498,3882.09050840984,3882.45052003574,3882.21297763785,12200.7731829449,1553.5743050459,1164.73515601072,1164.66389329135
0.546,1,1,0,0,0,0,0,0,0,0,0,0,1,0,0.39,0.391,0,0,0,0.035,0,0.800724369433227,3.67186864662174,Inf,0.045,0.045,0.035,0.035,2.72321734317409,2.43452059518535,1.24976253862978e-11,7.6350244071588e-06,1.25263388495942,0.000123608219755873,0.482536700937156,40727.1819251964,3883.33765695185,3883.6986306311,3883.46433371842,12218.1545775589,1554.32259417111,1165.10958918933,1165.03930011552
0.547,1,1,0,0,0,0,0,0,0,0,0,0,1,0,0.391,0.392,0,0,0,0.035,0,0.800102894686319,3.66926230564464,Inf,0.045,0.045,0.035,0.035,2.72503532403897,2.43629716253435,1.24950579312397e-11,7.60914995795078e-06,1.25121365922551,0.000123555068977743,0.467190095333314,40763.6245393522,3887.0710683464,3887.4326041002,3887.20235670705,12229.0873618057,1556.56264100784,1166.22978123006,1166.16070701211
0.548,1,1,0,0,0,0,0,0,0,0,0,0,1,0,0.392,0.393,0,0,0,0.035,0,0.800056856459441,3.66552489793242,Inf,0.045,0.045,0.035,0.035,2.72517015795375,2.4388513343799,1.24925195854512e-11,7.6054055019048e-06,1.25038029884861,0.000123571381349277,0.532228058021575,40783.9017533612,3892.90040168732,3893.26250184349,3893.00795254178,12235.1705260084,1560.06024101239,1167.97875055305,1167.90238576253
0.549,1,1,0,0,0,0,0,0,0,0,0,0,1,0,0.393,0.394,0,0,0,0.035,0,0.798955528890826,3.66432116680737,Inf,0.045,0.045,0.035,0.035,2.72840224534334,2.43967564184637,1.24947477331638e-11,7.60505160179215e-06,1.25125490773625,0.000123658082209358,0.711962159016714,40829.0572432253,3893.91822991818,3894.28010270489,3894.01177301637,12248.7171729676,1560.67093795091,1168.28403081147,1168.20353190491
0.55,1,1,0,0,0,0,0,0,0,0,0,0,1,0,0.394,0.395,0,0,0,0.035,0,0.798345948018978,3.66222429806181,Inf,0.045,0.045,0.035,0.035,2.73019664745849,2.44111351152314,1.25042819300951e-11,7.58095259089343e-06,1.24979952054099,0.000123613063580752,0.256685725279986,40860.3946440341,3896.65018715099,3897.01268765644,3896.85187656498,12258.1183932102,1562.31011229059,1169.10380629693,1169.05556296949
0.551,1,1,0,0,0,0,0,0,0,0,0,0,1,0,0.395,0.396,0,0,0,0.035,0,0.798272039180641,3.65880263829421,Inf,0.045,0.045,0.035,0.035,2.73041447529955,2.44346514670424,1.25206717725138e-11,7.57532911813455e-06,1.25021045761859,0.000123433314779173,0.736044100651483,40873.1175019726,3901.32586106183,3901.68762710659,3901.63327338804,12261.9352505918,1565.1155166371,1170.50628813198,1170.48998201641
0.552,1,1,0,0,0,0,0,0,0,0,0,0,1,0,0.396,0.397,0,0,0,0.035,0,0.797128835387574,3.65776379471396,Inf,0.045,0.045,0.035,0.035,2.73379110382719,2.44418043273693,1.25401820447812e-11,7.57532388464348e-06,1.24988048386439,0.000123688159031342,0.368752811162492,40910.8490398377,3901.23658725768,3901.5993808835,3901.38288334139,12273.2547119513,1565.06195235461,1170.47981426505,1170.41486500242
0.553,1,1,0,0,0,0,0,0,0,0,0,0,1,0,0.397,0.398,0,0,0,0.035,0,0.79655381120841,3.65494442977544,Inf,0.045,0.045,0.035,0.035,2.73549474094083,2.4461247655145,1.255801999973e-11,7.5540995304511e-06,1.24759785662137,0.000123392979854428,0.584500598895845,40926.6812310521,3903.41498826916,3903.77821227143,3903.51328554942,12278.0043693156,1566.36899296149,1171.13346368143,1171.05398566483
0.554,1,1,0,0,0,0,0,0,0,0,0,0,1,0,0.398,0.399,0,0,0,0.035,0,0.796482761839409,3.65138366161763,Inf,0.045,0.045,0.035,0.035,2.73570548352943,2.4485868587763,1.25695647591683e-11,7.55823976908033e-06,1.24851584896452,0.000123532619421659,0.485299557525335,40932.9870412534,3907.64087321235,3908.00321931069,3907.76749338203,12279.896112376,1568.90452392741,1172.40096579321,1172.33024801461
0.555,1,1,0,0,0,0,0,0,0,0,0,0,1,0,0.399,0.4,0,0,0,0.035,0,0.795220741646138,3.65016459428345,Inf,0.045,0.045,0.035,0.035,2.7394577521194,2.44943144556813,1.2572749524634e-11,7.55552892846629e-06,1.2475327016862,0.000123422850404349,0.472228685029484,40967.0555885091,3906.88196516409,3907.24530547804,3907.0076084473,12290.1166765527,1568.44917909845,1172.17359164341,1172.10228253419
0.556,1,1,0,0,0,0,0,0,0,0,0,0,1,0,0.4,0.401,0,0,0,0.035,0,0.794474981363879,3.64812827471865,Inf,0.045,0.045,0.035,0.035,2.74168304649855,2.45084413268163,1.25688715607845e-11,7.53536791034236e-06,1.24664047975665,0.000123480334460354,0.530097225364531,40994.0071264993,3908.49512908993,3908.85960990604,3908.61354901212,12298.2021379498,1569.41707745396,1172.65788297181,1172.58406470364
0.557,1,1,0,0,0,0,0,0,0,0,0,0,1,0,0.401,0.402,0,0,0,0.035,0,0.794363025840518,3.6435691000807,Inf,0.045,0.045,0.035,0.035,2.74201762741996,2.45401566864624,1.25619987487726e-11,7.53199510334062e-06,1.24527232043681,0.000123451583279934,0.424704722191757,40992.6192756383,3912.99506220289,3913.36033812369,3913.14316873813,12297.7857826915,1572.11703732173,1174.00810143711,1173.94295062144
0.558,1,1,0,0,0,0,0,0,0,0,0,0,1,0,0.402,0.403,0,0,0,0.035,0,0.793442090542964,3.64122948899557,Inf,0.045,0.045,0.035,0.035,2.7447749630265,2.45564784019319,1.25578829367478e-11,7.53051246734742e-06,1.2457628155246,0.000123517140778708,0.4222331503434,41020.7280235137,3914.30881637058,3914.67284156915,3914.42888482794,12306.2184070541,1572.90528982235,1174.40185247075,1174.32866544838
0.559,1,1,0,0,0,0,0,0,0,0,0,0,1,0,0.403,0.404,0,0,0,0.035,0,0.792339720801337,3.64129469440951,Inf,0.045,0.045,0.035,0.035,2.74808753980155,2.45560230842602,1.25613644532312e-11,7.53093423819561e-06,1.24454898712142,0.000123408269116796,0.645855537875353,41079.6547062289,3915.11829748921,3915.48345181881,3915.21924460989,12323.8964118687,1573.39097849352,1174.64503554564,1174.56577338297
0.56,1,1,0,0,0,0,0,0,0,0,0,0,1,0,0.404,0.405,0,0,0,0.035,0,0.791870568993492,3.63636044932027,Inf,0.045,0.045,0.035,0.035,2.74950131121624,2.45905476134846,1.25746137775608e-11,7.51231021204224e-06,1.24399519081359,0.000123542932592635,0.37206960107989,41083.385892473,3918.96100765637,3919.32748797217,3919.12630013239,12325.0157677419,1575.69660459382,1175.79824639165,1175.73789003972
0.561,1,1,0,0,0,0,0,0,0,0,0,0,1,0,0.405,0.406,0,0,0,0.035,0,0.79190785906583,3.63250681224434,Inf,0.045,0.045,0.035,0.035,2.74938885161366,2.46176096379232,1.2596284643766e-11,7.50284555166848e-06,1.2435576027223,0.000123218064406879,0.524075205575208,41101.6073687594,3925.19302452963,3925.557919005,3925.32073019177,12330.4822106278,1579.43581471778,1177.6673757015,1177.59621905753
0.562,1,1,0,0,0,0,0,0,0,0,0,0,1,0,0.406,0.407,0,0,0,0.035,0,0.790453586786726,3.63118712236864,Inf,0.045,0.045,0.035,0.035,2.75378586992105,2.46268970339328,1.26218061963498e-11,7.50277451616845e-06,1.24357335950507,0.000123579358997243,0.517641488683446,41151.5299308814,3925.14206685086,3925.50829247273,3925.27054819069,12345.4589792644,1579.40524011052,1177.65248774182,1177.58116445721
0.563,1,1,0,0,0,0,0,0,0,0,0,0,1,0,0.407,0.408,0,0,0,0.035,0,0.789623147030699,3.63015374700451,Inf,0.045,0.045,0.035,0.035,2.75630708696452,2.46341765877865,1.26453059301732e-11,7.47858774842602e-06,1.24149069654422,0.000123314657515304,0.365810855738733,41205.6193732787,3927.84616194247,3928.21301500844,3928.00676108903,12361.6858119836,1581.02769716548,1178.46390450253,1178.40202832671
0.564,1,1,0,0,0,0,0,0,0,0,0,0,1,0,0.408,0.409,0,0,0,0.035,0,0.789436564492956,3.62521524577335,Inf,0.045,0.045,0.035,0.035,2.75687459337756,2.46690521043214,1.26619164536015e-11,7.48056266815571e-06,1.24109852574005,0.000123423989431227,0.712448597783553,41213.1482648231,3933.35105722177,3933.71909396729,3933.40098184257,12363.9444794469,1584.33063433306,1180.11572819019,1180.02029455277
0.565,1,1,0,0,0,0,0,0,0,0,0,0,1,0,0.409,0.41,0,0,0,0.035,0,0.788865242602033,3.62284236997496,Inf,0.045,0.045,0.035,0.035,2.75861469970513,2.46858603368847,1.26692235038671e-11,7.47956989820646e-06,1.2414609010391,0.000123334145819207,0.450868117058949,41249.2134311742,3936.99871956982,3937.36578785724,3937.12881145299,12374.7640293523,1586.51923174189,1181.20973635717,1181.1386434359
0.566,1,1,0,0,0,0,0,0,0,0,0,0,1,0,0.41,0.411,0,0,0,0.035,0,0.787856757484129,3.62272663490001,Inf,0.045,0.045,0.035,0.035,2.76169509304239,2.46866809950275,1.26686619432149e-11,7.47916696787622e-06,1.24032708661007,0.000123327379017168,0.543288571055112,41310.4266918624,3938.54474528122,3938.91277017047,3938.66175006405,12393.1280075587,1587.44684716873,1181.67383105114,1181.59852501922
0.567,1,1,0,0,0,0,0,0,0,0,0,0,1,0,0.411,0.412,0,0,0,0.035,0,0.787513239660505,3.61920024828166,Inf,0.045,0.045,0.035,0.035,2.76274693241643,2.47117240262801,1.26641859261252e-11,7.44875808784436e-06,1.23920884438651,0.000123347697420204,0.432031265264776,41326.9710246248,3942.64663712113,3943.01544099547,3942.79521229283,12398.0913073874,1589.90798227268,1182.90463229864,1182.83856368785
0.568,1,1,0,0,0,0,0,0,0,0,0,0,1,0,0.412,0.413,0,0,0,0.035,0,0.787344878044347,3.61653727095543,Inf,0.045,0.045,0.035,0.035,2.76326292833498,2.47306843623465,1.26612184559354e-11,7.44872808091489e-06,1.2401938655616,0.00012349558861353,0.444711023074453,41350.7021485592,3947.22667053127,3947.5948654374,3947.35622852561,12405.2106445678,1592.65600231876,1184.27845963122,1184.20686855768
0.569,1,1,0,0,0,0,0,0,0,0,0,0,1,0,0.413,0.414,0,0,0,0.035,0,0.786385791372688,3.61624763588898,Inf,0.045,0.045,0.035,0.035,2.76620836518927,2.47327491011656,1.26641323140169e-11,7.44934652259796e-06,1.23848882665975,0.000123270279527488,0.503953963545951,41398.7585938807,3947.9137240592,3948.28262906715,3948.03845225819,12419.6275781642,1593.06823443552,1184.48478872015,1184.41153567746
0.57,1,1,0,0,0,0,0,0,0,0,0,0,1,0,0.414,0.415,0,0,0,0.035,0,0.786048370452841,3.61336668616494,Inf,0.045,0.045,0.035,0.035,2.76724705575569,2.47533139356267,1.26747061599885e-11,7.4265557115957e-06,1.23784903545996,0.00012341456613505,0.534816216808509,41411.7847878758,3950.98024687329,3951.35015233441,3951.09831168373,12423.5354363627,1594.90814812397,1185.40504570032,1185.32949350512
0.571,1,1,0,0,0,0,0,0,0,0,0,0,1,0,0.415,0.416,0,0,0,0.035,0,0.785790862007935,3.61093919997802,Inf,0.045,0.045,0.035,0.035,2.76804060749686,2.47706803598362,1.26913916338272e-11,7.41860684749837e-06,1.23791240970097,0.000123170693666461,0.453862022466123,41427.0444749085,3954.08479017322,3954.45380875658,3954.20005304382,12428.1133424725,1596.77087410393,1186.33614262697,1186.26001591315
0.572,1,1,0,0,0,0,0,0,0,0,0,0,1,0,0.416,0.417,0,0,0,0.035,0,0.784889487274775,3.61083004725745,Inf,0.045,0.045,0.035,0.035,2.77082419473816,2.47714620760947,1.27100983172967e-11,7.41855248127432e-06,1.23740595620678,0.000123356592403955,0.642286505119657,41467.6861466763,3954.10060889964,3954.47071598107,3954.21616883359,12440.3058440029,1596.78036533978,1186.34121479432,1186.26485065008
0.573,1,1,0,0,0,0,0,0,0,0,0,0,1,0,0.417,0.418,0,0,0,0.035,0,0.78457538400608,3.60739367005125,Inf,0.045,0.045,0.035,0.035,2.77179634351648,2.47961088685638,1.27255613248766e-11,7.39856118213053e-06,1.23594928194755,0.000123292734286593,0.311607287902965,41466.4225359394,3956.53233460259,3956.90318892478,3956.71609034826,12439.9267607818,1598.23940076156,1187.07095667743,1187.01482710448
0.574,1,1,0,0,0,0,0,0,0,0,0,0,1,0,0.418,0.419,0,0,0,0.035,0,0.784348941629857,3.60479932108057,Inf,0.045,0.045,0.035,0.035,2.77249787260163,2.48147634532269,1.27339668456973e-11,7.39455633792526e-06,1.23624925710171,0.000123230628065749,0.510135749559025,41474.7414663399,3959.29148420433,3959.66133225329,3959.42963079947,12442.422439902,1599.8948905226,1187.89839967599,1187.82888923984
0.575,1,1,0,0,0,0,0,0,0,0,0,0,1,0,0.419,0.42,0,0,0,0.035,0,0.78333405462912,3.60452102913465,Inf,0.045,0.045,0.035,0.035,2.77564916683742,2.48167669147695,1.27338800256493e-11,7.39500023038735e-06,1.23552694718363,0.000123264112399483,0.457562019802318,41511.0966660582,3958.57502997609,3958.94597325987,3958.70835195712,12453.3289998175,1599.46501798565,1187.68379197796,1187.61250558713
0.576,1,1,0,0,0,0,0,0,0,0,0,0,1,0,0.42,0.421,0,0,0,0.035,0,0.782858968798564,3.60188135247596,Inf,0.045,0.045,0.035,0.035,2.77712835773848,2.48357935975409,1.27275206192061e-11,7.37468410127171e-06,1.23424872872808,0.000123196572059987,0.511732707736002,41520.8892107619,3960.41378686287,3960.78573324584,3960.53939772154,12456.2667632286,1600.56827211772,1188.23571997375,1188.16181931646
0.577,1,1,0,0,0,0,0,0,0,0,0,0,1,0,0.421,0.422,0,0,0,0.035,0,0.782968051438946,3.59833364224095,Inf,0.045,0.045,0.035,0.035,2.77678849927889,2.48614319012563,1.27195069711841e-11,7.36792065762454e-06,1.23333189590017,0.000123239874620925,0.482249455035604,41520.9806475182,3965.03950285339,3965.41235385696,3965.17415946141,12456.2941942555,1603.34370171203,1189.62370615709,1189.55224783842
0.578,1,1,0,0,0,0,0,0,0,0,0,0,1,0,0.422,0.423,0,0,0,0.035,0,0.781910138760093,3.59705329654938,Inf,0.045,0.045,0.035,0.035,2.78009026169363,2.48707033973101,1.27154188446973e-11,7.36792142631253e-06,1.23388771123987,0.000123348310555308,0.513158618948406,41551.2229481331,3964.65126359466,3965.02307630536,3964.78629177895,12465.3668844399,1603.1107581568,1189.50692289161,1189.43588753369
0.579,1,1,0,0,0,0,0,0,0,0,0,0,1,0,0.423,0.424,0,0,0,0.035,0,0.781094547940047,3.59737358673732,Inf,0.045,0.045,0.035,0.035,2.782644474404,2.48683831109642,1.27195150554184e-11,7.34471156568686e-06,1.23254822750362,0.000123205377270522,0.418734370229939,41604.2429145179,3965.64688701081,3966.01974247177,3965.7917715766,12481.2728743554,1603.70813220649,1189.80592274153,1189.73753147298
0.58,1,1,0,0,0,0,0,0,0,0,0,0,1,0,0.424,0.425,0,0,0,0.035,0,0.780890024756905,3.59250790418228,Inf,0.045,0.045,0.035,0.035,2.78328618428315,2.49036992353211,1.27331077577682e-11,7.3449433480466e-06,1.23174442909553,0.000123266748493813,0.605130756343029,41596.0264451617,3969.62440183508,3969.9983619302,3969.72258323253,12478.8079335485,1606.09464110105,1190.99950857906,1190.91677496976
0.581,1,1,0,0,0,0,0,0,0,0,0,0,1,0,0.425,0.426,0,0,0,0.035,0,0.780722945021473,3.58978091134156,Inf,0.045,0.045,0.035,0.035,2.78381076919848,2.49235557233318,1.27539233380772e-11,7.34241925826799e-06,1.23206864050782,0.000123202648003925,0.44526090384798,41616.0925768755,3973.96045420609,3974.33325428041,3974.07875927605,12484.8277730626,1608.69627252365,1192.29997628412,1192.22362778281
0.582,1,1,0,0,0,0,0,0,0,0,0,0,1,0,0.426,0.427,0,0,0,0.035,0,0.779581326206874,3.58937722934829,Inf,0.045,0.045,0.035,0.035,2.78740376080327,2.49264990005733,1.27772370305043e-11,7.34243872168516e-06,1.23102927642138,0.000123129648285072,0.617075137383797,41666.104962182,3974.05194219972,3974.42582162237,3974.16900195077,12499.8314886546,1608.75116531983,1192.32774648671,1192.25070058523
0.583,1,1,0,0,0,0,0,0,0,0,0,0,1,0,0.427,0.428,0,0,0,0.035,0,0.779038694131634,3.58765851482888,Inf,0.045,0.045,0.035,0.035,2.78911686456081,2.49390415138945,1.27973213052899e-11,7.32360935850272e-06,1.23035987485137,0.000123242158130403,0.381356860013442,41700.4714868895,3976.88058472346,3977.25563013601,3977.04583868263,12510.1414460668,1610.44835083408,1193.1766890408,1193.11375160479
0.584,1,1,0,0,0,0,0,0,0,0,0,0,1,0,0.428,0.429,0,0,0,0.035,0,0.779058417672071,3.58392633199128,Inf,0.045,0.045,0.035,0.035,2.78905453695156,2.49663403195996,1.28100575258404e-11,7.31664601415657e-06,1.22871010186723,0.000123151173801034,0.541580805897322,41709.620246871,3982.22531002798,3982.60064654965,3982.33758635238,12512.8860740613,1613.65518601679,1194.7801939649,1194.70127590571
0.585,1,1,0,0,0,0,0,0,0,0,0,0,1,0,0.429,0.43,0,0,0,0.035,0,0.778356481154648,3.58254319451509,Inf,0.045,0.045,0.035,0.035,2.79127548581904,2.49764790819613,1.28140342373481e-11,7.31783031556873e-06,1.22985631737908,0.000123160980835788,0.486142137055518,41746.0779946419,3984.14929296781,3984.52436901642,3984.28428112467,12523.8233983926,1614.80957578069,1195.35731070493,1195.2852843374
0.586,1,1,0,0,0,0,0,0,0,0,0,0,1,0,0.43,0.431,0,0,0,0.035,0,0.777654043285498,3.58308388235659,Inf,0.045,0.045,0.035,0.035,2.79350377440491,2.49725142853524,1.28111915898529e-11,7.3196246801794e-06,1.22854772367699,0.000123092892755251,0.464899695853349,41803.7843232269,3985.81773106577,3986.19360386166,3985.95680969662,12541.1352969681,1615.81063863946,1195.8580811585,1195.78704290898
0.587,1,1,0,0,0,0,0,0,0,0,0,0,1,0,0.431,0.432,0,0,0,0.035,0,0.777529428465311,3.57929739046041,Inf,0.045,0.045,0.035,0.035,2.79389968295945,2.50003183335594,1.28058811786095e-11,7.29105919414781e-06,1.22759068843227,0.000123128873134028,0.529904397186032,41804.9060654745,3989.8290166631,3990.20558385369,3989.94969925211,12541.4718196423,1618.21740999786,1197.06167515611,1196.98490977563
0.588,1,1,0,0,0,0,0,0,0,0,0,0,1,0,0.432,0.433,0,0,0,0.035,0,0.777222003515697,3.57769844898193,Inf,0.045,0.045,0.035,0.035,2.79487716828725,2.5012086091869,1.28030319415509e-11,7.29066400972638e-06,1.22837807717291,0.000123173569598644,0.546739072699234,41829.2526325884,3992.65587116743,3993.03202159304,3992.79287926881,12548.7757897765,1619.91352270046,1197.90960647791,1197.83786378064
0.589,1,1,0,0,0,0,0,0,0,0,0,0,1,0,0.433,0.434,0,0,0,0.035,0,0.776550742905859,3.57808605121385,Inf,0.045,0.045,0.035,0.035,2.7970153592284,2.50092319845473,1.28063005257716e-11,7.2904412365335e-06,1.22726755348447,0.000123156579099686,0.412846277103014,41874.6919257199,3993.45894344862,3993.8359142455,3993.6096028118,12562.407577716,1620.39536606917,1198.15077427365,1198.08288084354
0.59,1,1,0,0,0,0,0,0,0,0,0,0,1,0,0.434,0.435,0,0,0,0.035,0,0.77644696660417,3.57493758881964,Inf,0.045,0.045,0.035,0.035,2.79734639484059,2.50324428294959,1.28166180004262e-11,7.26366698496973e-06,1.22595982129118,0.000123125100812055,0.567256567330168,41872.1431228883,3996.4794662079,3996.85702160684,3996.58991326261,12561.6429368665,1622.20767972474,1199.05710648205,1198.97697397878
0.591,1,1,0,0,0,0,0,0,0,0,0,0,1,0,0.435,0.436,0,0,0,0.035,0,0.776055797624917,3.57353433262779,Inf,0.045,0.045,0.035,0.035,2.7985953245688,2.50428077916991,1.28318125202326e-11,7.26544430608281e-06,1.2269379224203,0.000123193453960366,0.452167159044,41888.2310452908,3997.88838376771,3998.26551050018,3998.01951563973,12566.4693135873,1623.05303026063,1199.47965315005,1199.40585469192
0.592,1,1,0,0,0,0,0,0,0,0,0,0,1,0,0.436,0.437,0,0,0,0.035,0,0.775441085134075,3.57378620428748,Inf,0.045,0.045,0.035,0.035,2.80056163953507,2.5040946466611,1.28476930913773e-11,7.24573901739017e-06,1.22553288407409,0.000122991873435939,0.511978805165964,41922.483847405,3998.0254656962,3998.403384635,3998.15603218402,12576.7451542215,1623.13527941772,1199.5210153905,1199.44680965521
0.593,1,1,0,0,0,0,0,0,0,0,0,0,1,0,0.437,0.438,0,0,0,0.035,0,0.775362535834125,3.57043179715061,Inf,0.045,0.045,0.035,0.035,2.80081322182929,2.50657681341563,1.28595757411804e-11,7.24693574269697e-06,1.22498174951409,0.000123143596768753,0.510722282072561,41909.9359002491,4000.45844447356,4000.83736571042,4000.59000450787,12572.9807700747,1624.59506668414,1200.25120971313,1200.17700135236
0.594,1,1,0,0,0,0,0,0,0,0,0,0,1,0,0.438,0.439,0,0,0,0.035,0,0.774997568086642,3.56890814630777,Inf,0.045,0.045,0.035,0.035,2.80198312171355,2.50770661076986,1.28642799593508e-11,7.24054889273556e-06,1.22495921521626,0.000123001294476252,0.47911865473441,41919.3813130565,4001.47721410817,4001.85510349792,4001.60869490652,12575.8143939169,1625.2063284649,1200.55653104938,1200.48260847196
0.595,1,1,0,0,0,0,0,0,0,0,0,0,1,0,0.439,0.44,0,0,0,0.035,0,0.774269256098777,3.56939631296268,Inf,0.045,0.045,0.035,0.035,2.80432244874237,2.50734447256992,1.28614438329541e-11,7.24123735834839e-06,1.22430078986349,0.000123044707659179,0.513955760592521,41954.4354454018,4000.89459085283,4001.27353405454,4001.03000282062,12586.3306336205,1624.8567545117,1200.38206021636,1200.30900084619
0.596,1,1,0,0,0,0,0,0,0,0,0,0,1,0,0.44,0.441,0,0,0,0.035,0,0.774056292337377,3.56637362741542,Inf,0.045,0.045,0.035,0.035,2.8050076790387,2.5095892197814,1.28535791561735e-11,7.21948468460092e-06,1.223232076471,0.000123013931703961,0.442147826256461,41946.9050884752,4002.77324246062,4003.15309641861,4002.92125121681,12584.0715265426,1625.98394547637,1200.94592892558,1200.87637536504
0.597,1,1,0,0,0,0,0,0,0,0,0,0,1,0,0.441,0.442,0,0,0,0.035,0,0.774214433395983,3.56394009117948,Inf,0.045,0.045,0.035,0.035,2.8044987940714,2.51140064595291,1.28453972183004e-11,7.21651943910021e-06,1.22336913870404,0.00012308832884885,0.474984404770109,41948.5107183673,4006.53936030579,4006.91810068768,4006.66194516481,12584.5532155102,1628.24361618347,1202.0754302063,1201.99858354944
0.598,1,1,0,0,0,0,0,0,0,0,0,0,1,0,0.442,0.443,0,0,0,0.035,0,0.773222897026062,3.56356825577811,Inf,0.045,0.045,0.035,0.035,2.80769441476751,2.51167775603806,1.28417922702673e-11,7.21603917927407e-06,1.22265363230205,0.000123026309567211,0.522882566856943,41978.0302296504,4005.22801358205,4005.60780219711,4005.36512581207,12593.4090688951,1627.45680814923,1201.68234065913,1201.60953774362
0.599,1,1,0,0,0,0,0,0,0,0,0,0,1,0,0.443,0.444,0,0,0,0.035,0,0.772695372545689,3.56322547036237,Inf,0.045,0.045,0.035,0.035,2.80939937266687,2.51193329442719,1.28461207038117e-11,7.20148191722623e-06,1.22199705225429,0.000123099964801002,0.456284766702552,42011.0062578559,4006.31707867247,4006.69799332954,4006.46184670437,12603.3018773568,1628.11024720348,1202.00939799886,1201.93855401131
0.6,1,1,0,0,0,0,0,0,0,0,0,0,1,0,0.444,0.445,0,0,0,0.035,0,0.772693208374433,3.55958122408248,Inf,0.045,0.045,0.035,0.035,2.80940637414903,2.51465461559022,1.28588282487443e-11,7.19062824665772e-06,1.22074981953129,0.000123027204782062,0.492318001521718,42004.5029280541,4010.0633994631,4010.44500006587,4010.19918117709,12601.3508784162,1630.35803967786,1203.13350001976,1203.05975435313
