Time_s,GEN51_pickup,GSUT51_pickup,GEN51N_pickup,87G_pickup,87T_pickup,87B_pickup,87L_pickup,GEN51_trip,GSUT51_trip,GEN51N_trip,87G_trip,87T_trip,87B_trip,87L_trip,GEN51_timer_s,GSUT51_timer_s,GEN51N_timer_s,87G_timer_s,87T_timer_s,87B_timer_s,87L_timer_s,GEN51_operating_time_s,GSUT51_operating_time_s,GEN51N_operating_time_s,87G_operating_time_s,87T_operating_time_s,87B_operating_time_s,87L_operating_time_s,GEN51_secondary_A,GSUT51_secondary_A,GEN51N_secondary_A,87G_differential_A,87T_differential_A,87B_differential_A,87L_differential_A,87G_restraint_A,87T_restraint_A,87B_restraint_A,87L_restraint_A,87G_threshold_A,87T_threshold_A,87B_threshold_A,87L_threshold_A
0,0,0,0,0,0,0,0,0,0,0,0,0,0,0,0,0,0,0,0,0,0,Inf,Inf,Inf,0.045,0.045,0.035,0.04,0,0,0,0,0,0,0,0,0,0,0,2403.8,387.84,320,320
0.001,0,0,0,0,0,0,0,0,0,0,0,0,0,0,0,0,0,0,0,0,0,Inf,Inf,Inf,0.045,0.045,0.035,0.04,0,0,0,0,0,0,0,0,0,0,0,2403.8,387.84,320,320
0.002,0,0,0,0,0,0,0,0,0,0,0,0,0,0,0,0,0,0,0,0,0,Inf,Inf,Inf,0.045,0.045,0.035,0.04,0,0,0,0,0,0,0,0,0,0,0,2403.8,387.84,320,320
0.003,0,0,0,0,0,0,0,0,0,0,0,0,0,0,0,0,0,0,0,0,0,Inf,Inf,Inf,0.045,0.045,0.035,0.04,0,0,0,0,0,0,0,0,0,0,0,2403.8,387.84,320,320
0.004,0,0,0,0,0,0,0,0,0,0,0,0,0,0,0,0,0,0,0,0,0,Inf,Inf,Inf,0.045,0.045,0.035,0.04,0,0,0,0,0,0,0,0,0,0,0,2403.8,387.84,320,320
0.005,0,0,0,0,0,0,0,0,0,0,0,0,0,0,0,0,0,0,0,0,0,Inf,Inf,Inf,0.045,0.045,0.035,0.04,0,0,0,0,0,0,0,0,0,0,0,2403.8,387.84,320,320
0.006,0,0,0,0,0,0,0,0,0,0,0,0,0,0,0,0,0,0,0,0,0,Inf,Inf,Inf,0.045,0.045,0.035,0.04,0,0,0,0,0,0,0,0,0,0,0,2403.8,387.84,320,320
0.007,0,0,0,0,0,0,0,0,0,0,0,0,0,0,0,0,0,0,0,0,0,Inf,Inf,Inf,0.045,0.045,0.035,0.04,0,0,0,0,0,0,0,0,0,0,0,2403.8,387.84,320,320
0.008,0,0,0,0,0,0,0,0,0,0,0,0,0,0,0,0,0,0,0,0,0,Inf,Inf,Inf,0.045,0.045,0.035,0.04,0,0,0,0,0,0,0,0,0,0,0,2403.8,387.84,320,320
0.009,0,0,0,0,0,0,0,0,0,0,0,0,0,0,0,0,0,0,0,0,0,Inf,Inf,Inf,0.045,0.045,0.035,0.04,0,0,0,0,0,0,0,0,0,0,0,2403.8,387.84,320,320
0.01,0,0,0,0,0,0,0,0,0,0,0,0,0,0,0,0,0,0,0,0,0,Inf,Inf,Inf,0.045,0.045,0.035,0.04,0,0,0,0,0,0,0,0,0,0,0,2403.8,387.84,320,320
0.011,0,0,0,0,0,0,0,0,0,0,0,0,0,0,0,0,0,0,0,0,0,Inf,Inf,Inf,0.045,0.045,0.035,0.04,0,0,0,0,0,0,0,0,0,0,0,2403.8,387.84,320,320
0.012,0,0,0,0,0,0,0,0,0,0,0,0,0,0,0,0,0,0,0,0,0,Inf,Inf,Inf,0.045,0.045,0.035,0.04,0,0,0,0,0,0,0,0,0,0,0,2403.8,387.84,320,320
0.013,0,0,0,0,0,0,0,0,0,0,0,0,0,0,0,0,0,0,0,0,0,Inf,Inf,Inf,0.045,0.045,0.035,0.04,0,0,0,0,0,0,0,0,0,0,0,2403.8,387.84,320,320
0.014,0,0,0,0,0,0,0,0,0,0,0,0,0,0,0,0,0,0,0,0,0,Inf,Inf,Inf,0.045,0.045,0.035,0.04,0,0,0,0,0,0,0,0,0,0,0,2403.8,387.84,320,320
0.015,0,0,0,0,0,0,0,0,0,0,0,0,0,0,0,0,0,0,0,0,0,Inf,Inf,Inf,0.045,0.045,0.035,0.04,0,0,0,0,0,0,0,0,0,0,0,2403.8,387.84,320,320
0.016,0,0,0,0,0,0,0,0,0,0,0,0,0,0,0,0,0,0,0,0,0,Inf,Inf,Inf,0.045,0.045,0.035,0.04,0,0,0,0,0,0,0,0,0,0,0,2403.8,387.84,320,320
0.017,0,0,0,0,0,0,0,0,0,0,0,0,0,0,0,0,0,0,0,0,0,Inf,Inf,Inf,0.045,0.045,0.035,0.04,0,0,0,0,0,0,0,0,0,0,0,2403.8,387.84,320,320
0.018,0,0,0,0,0,0,0,0,0,0,0,0,0,0,0,0,0,0,0,0,0,Inf,Inf,Inf,0.045,0.045,0.035,0.04,0,0,0,0,0,0,0,0,0,0,0,2403.8,387.84,320,320
0.019,0,0,0,0,0,0,0,0,0,0,0,0,0,0,0,0,0,0,0,0,0,Inf,Inf,Inf,0.045,0.045,0.035,0.04,0,0,0,0,0,0,0,0,0,0,0,2403.8,387.84,320,320
0.02,0,0,0,0,0,0,0,0,0,0,0,0,0,0,0,0,0,0,0,0,0,Inf,Inf,Inf,0.045,0.045,0.035,0.04,0,0,0,0,0,0,0,0,0,0,0,2403.8,387.84,320,320
0.021,0,0,0,0,0,0,0,0,0,0,0,0,0,0,0,0,0,0,0,0,0,Inf,Inf,Inf,0.045,0.045,0.035,0.04,0.631235131853273,0.542878875493819,2.36792764630228e-12,1.27019487712907e-05,1.67809401171871,0.000132833397431153,0.781152858840424,9468.46282838197,868.793918905597,868.601718923724,868.572871958269,2840.53884851459,387.84,320,320
0.022,0,0,0,0,0,0,0,0,0,0,0,0,0,0,0,0,0,0,0,0,0,Inf,Inf,Inf,0.045,0.045,0.035,0.04,0.631233782867081,0.542877561350184,2.36792670423476e-12,1.27016766261648e-05,1.67809409505785,0.000132833419420342,0.781162306874665,9468.44036725807,868.78987198877,868.59934144268,868.568815819083,2840.53211017742,387.84,320,320
0.023,0,0,0,0,0,0,0,0,0,0,0,0,0,0,0,0,0,0,0,0,0,Inf,Inf,Inf,0.045,0.045,0.035,0.04,0.631231403381154,0.542876857091749,2.36792692992274e-12,1.27016921072835e-05,1.67809439331015,0.000132833437724978,0.781167041952466,9468.40432832565,868.790687630275,868.598274986107,868.564198395746,2840.5212984977,387.84,320,320
0.024,0,0,0,0,0,0,0,0,0,0,0,0,0,0,0,0,0,0,0,0,0,Inf,Inf,Inf,0.045,0.045,0.035,0.04,0.631230441151085,0.542875225577477,2.36792601487879e-12,1.27017051123944e-05,1.67809472787042,0.00013283344848754,0.781163367847325,9468.38224041127,868.788080136705,868.598145504748,868.559904762022,2840.51467212338,387.84,320,320
0.025,0,0,0,0,0,0,0,0,0,0,0,0,0,0,0,0,0,0,0,0,0,Inf,Inf,Inf,0.045,0.045,0.035,0.04,0.631229341610684,0.542872826166932,2.36792188036323e-12,1.27016396063424e-05,1.67809492445808,0.000132833450611714,0.781149304462149,9468.37308805206,868.784012763608,868.598160415085,868.556717070027,2840.51192641562,387.84,320,320
0.026,0,0,0,0,0,0,0,0,0,0,0,0,0,0,0,0,0,0,0,0,0,Inf,Inf,Inf,0.045,0.045,0.035,0.04,0.631227121072819,0.542872348710562,2.36791351243035e-12,1.27016503092003e-05,1.67809492337276,0.000132833445575713,0.781125100305445,9468.32891076274,868.779054210049,868.597396445288,868.55500354801,2840.49867322882,387.84,320,320
0.027,0,0,0,0,0,0,0,0,0,0,0,0,0,0,0,0,0,0,0,0,0,Inf,Inf,Inf,0.045,0.045,0.035,0.04,0.631224881952655,0.542870948693085,2.36790142649744e-12,1.2701659848641e-05,1.67809514190973,0.000132833436944318,0.781093153876241,9468.29875855458,868.781276311508,868.595156378279,868.554550693411,2840.48962756637,387.84,320,320
0.028,0,0,0,0,0,0,0,0,0,0,0,0,0,0,0,0,0,0,0,0,0,Inf,Inf,Inf,0.045,0.045,0.035,0.04,0.631224067489503,0.542868511911736,2.36788755503839e-12,1.270166861248e-05,1.67809547060881,0.000132833429162877,0.781072425896367,9468.28484213064,868.777379525237,868.591257498702,868.549118812898,2840.48545263919,387.84,320,320
0.029,0,0,0,0,0,0,0,0,0,0,0,0,0,0,0,0,0,0,0,0,0,Inf,Inf,Inf,0.045,0.045,0.035,0.04,0.631222094359271,0.542867241504063,2.3678745682474e-12,1.27019392876184e-05,1.67809555519057,0.000132833426188658,0.781066102030968,9468.25247867616,868.772256096112,868.586133214863,868.546707709144,2840.47574360285,387.84,320,320
0.03,0,0,0,0,0,0,0,0,0,0,0,0,0,0,0,0,0,0,0,0,0,Inf,Inf,Inf,0.045,0.045,0.035,0.04,0.631218962191344,0.542866105452034,2.36786486318388e-12,1.27019467617948e-05,1.67809539694682,0.000132833431105899,0.781058068773807,9468.21424058131,868.766818578607,868.580696437013,868.545826856918,2840.46427217439,387.84,320,320
0.031,0,0,0,0,0,0,0,0,0,0,0,0,0,0,0,0,0,0,0,0,0,Inf,Inf,Inf,0.045,0.045,0.035,0.04,0.63121834960294,0.542863845131116,2.36785960422132e-12,1.27019535964206e-05,1.67809577698456,0.000132833444044089,0.781049535369748,9468.19366718265,868.769873412723,868.576005076833,868.545829076218,2840.4581001548,387.84,320,320
0.032,0,0,0,0,0,0,0,0,0,0,0,0,0,0,0,0,0,0,0,0,0,Inf,Inf,Inf,0.045,0.045,0.035,0.04,0.631216660529924,0.542861876100598,2.36785819908044e-12,1.27016929479876e-05,1.67809596553868,0.000132833461571251,0.781041679708534,9468.16898827793,868.764712602975,868.572851679743,868.545664105895,2840.45069648338,387.84,320,320
0.033,0,0,0,0,0,0,0,0,0,0,0,0,0,0,0,0,0,0,0,0,0,Inf,Inf,Inf,0.045,0.045,0.035,0.04,0.631213663526378,0.542861004848457,2.36785844316142e-12,1.27016981332981e-05,1.67809587277984,0.00013283347877305,0.781035403381456,9468.12258302618,868.758853873615,868.571436367512,868.544272804614,2840.43677490785,387.84,320,320
0.034,0,0,0,0,0,0,0,0,0,0,0,0,0,0,0,0,0,0,0,0,0,Inf,Inf,Inf,0.045,0.045,0.035,0.04,0.631212325932567,0.542858960089873,2.3678573095591e-12,1.27017028551329e-05,1.67809617383496,0.000132833490656038,0.781031258241751,9468.0944178274,868.762061902393,868.571257838904,868.541004497675,2840.42832534822,387.84,320,320
0.035,0,0,0,0,0,0,0,0,0,0,0,0,0,0,0,0,0,0,0,0,0,Inf,Inf,Inf,0.045,0.045,0.035,0.04,0.631210940784384,0.542856024008391,2.36785210326344e-12,1.2701640898316e-05,1.6780964785873,0.000132833493425458,0.781029219620738,9468.08172845497,868.756949398893,868.571276780824,868.535892725424,2840.42451853649,387.84,320,320
0.036,0,0,0,0,0,0,0,0,0,0,0,0,0,0,0,0,0,0,0,0,0,Inf,Inf,Inf,0.045,0.045,0.035,0.04,0.631208136755846,0.542855413602127,2.36784153853798e-12,1.27016436156847e-05,1.67809647692032,0.000132833489598619,0.781028711548167,9468.02664818141,868.750728721415,868.561283293518,868.529673045361,2840.40799445442,387.84,320,320
0.037,0,0,0,0,0,0,0,0,0,0,0,0,0,0,0,0,0,0,0,0,0,Inf,Inf,Inf,0.045,0.045,0.035,0.04,0.631205552964084,0.542853628355927,2.3678263082932e-12,1.27016486626298e-05,1.67809650178043,0.000132833508685352,0.781028709469408,9467.98951448161,868.753566662726,868.560770729844,868.523523937733,2840.39685434448,387.84,320,320
0.038,0,0,0,0,0,0,0,0,0,0,0,0,0,0,0,0,0,0,0,0,0,Inf,Inf,Inf,0.045,0.045,0.035,0.04,0.631204499883562,0.54285053474911,2.36780889731371e-12,1.27016533217846e-05,1.67809692676058,0.000132833516343529,0.781028081511024,9467.97282413543,868.748620275276,868.560870512226,868.518621220209,2840.39184724063,387.84,320,320
0.039,0,0,0,0,0,0,0,0,0,0,0,0,0,0,0,0,0,0,0,0,0,Inf,Inf,Inf,0.045,0.045,0.035,0.04,0.631201975718114,0.542849164737135,2.36779268061231e-12,1.27019353597937e-05,1.67809703807745,0.000132833511489037,0.781025955698146,9467.92841284954,868.742148605299,868.560301824468,868.515674541928,2840.37852385486,387.84,320,320
0.04,0,0,0,0,0,0,0,0,0,0,0,0,0,0,0,0,0,0,0,0,0,Inf,Inf,Inf,0.045,0.045,0.035,0.04,0.631198103998119,0.54284770169158,2.36778063426938e-12,1.27019404583336e-05,1.67809682567797,0.000132833496499168,0.781021941819938,9467.88095148962,868.735312888227,868.55796090144,868.514628602707,2840.36428544688,387.84,320,320
0.041,0,0,0,0,0,0,0,0,0,0,0,0,0,0,0,0,0,0,0,0,0,Inf,Inf,Inf,0.045,0.045,0.035,0.04,0.631197403812,0.542844826973153,2.36777415212573e-12,1.270194561179e-05,1.67809708787425,0.000132833476587781,0.781016204094083,9467.85559568181,868.739451779264,868.553361312306,868.514653851932,2840.35667870454,387.84,320,320
0.042,0,0,0,0,0,0,0,0,0,0,0,0,0,0,0,0,0,0,0,0,0,Inf,Inf,Inf,0.045,0.045,0.035,0.04,0.631195264404035,0.542842359096909,2.36777243940841e-12,1.27016896114572e-05,1.67809731652962,0.00013283347016392,0.781009294905057,9467.82462555884,868.732941666998,868.549412744472,868.514441497458,2840.34738766765,387.84,320,320
0.043,0,0,0,0,0,0,0,0,0,0,0,0,0,0,0,0,0,0,0,0,0,Inf,Inf,Inf,0.045,0.045,0.035,0.04,0.631191508496949,0.542841267319065,2.3677727430669e-12,1.27016947519295e-05,1.67809720294886,0.000132833462200567,0.781002078859342,9467.76639464949,868.72559264502,868.547665839153,868.512697909183,2840.32991839485,387.84,320,320
0.044,0,0,0,0,0,0,0,0,0,0,0,0,0,0,0,0,0,0,0,0,0,Inf,Inf,Inf,0.045,0.045,0.035,0.04,0.631189660973065,0.542838735129633,2.36777135816334e-12,1.27017012919384e-05,1.67809720996944,0.000132833451061322,0.781012876752858,9467.73087330603,868.729706080592,868.543614283243,868.502422873424,2840.31926199181,387.84,320,320
0.045,0,0,0,0,0,0,0,0,0,0,0,0,0,0,0,0,0,0,0,0,0,Inf,Inf,Inf,0.045,0.045,0.035,0.04,0.631187980426323,0.54283483000581,2.36776504168032e-12,1.27017054158006e-05,1.67809755102885,0.000132833453459936,0.781027949852842,9467.71776287901,868.72342392594,868.527744595313,868.502445510374,2840.3153288637,387.84,320,320
0.046,0,0,0,0,0,0,0,0,0,0,0,0,0,0,0,0,0,0,0,0,0,Inf,Inf,Inf,0.045,0.045,0.035,0.04,0.631184596744867,0.542834111348084,2.36775229335823e-12,1.27016571565043e-05,1.67809754916204,0.000132833466134381,0.781042846200057,9467.65147750272,868.71582061697,868.525086992598,868.501295000193,2840.29544325081,387.84,320,320
0.047,0,0,0,0,0,0,0,0,0,0,0,0,0,0,0,0,0,0,0,0,0,Inf,Inf,Inf,0.045,0.045,0.035,0.04,0.631181080080763,0.542832003920692,2.36773399837053e-12,1.27016678048177e-05,1.67809751525288,0.000132833477885312,0.781055682287982,9467.60531264641,868.718974711408,868.52438462846,868.497920847421,2840.28159379392,387.84,320,320
0.048,0,0,0,0,0,0,0,0,0,0,0,0,0,0,0,0,0,0,0,0,0,Inf,Inf,Inf,0.045,0.045,0.035,0.04,0.631179868732395,0.542828356347363,2.36771316069246e-12,1.27016752934109e-05,1.6780979805598,0.000132833483260552,0.781065032231742,9467.58409592021,868.713141969967,868.524478024456,868.49208088353,2840.27522877606,387.84,320,320
0.049,0,0,0,0,0,0,0,0,0,0,0,0,0,0,0,0,0,0,0,0,0,Inf,Inf,Inf,0.045,0.045,0.035,0.04,0.631176947562745,0.542826379799984,2.36769380306966e-12,1.27019454665963e-05,1.6780981032028,0.000132833479498001,0.781070177522733,9467.53712001644,868.705528532465,868.52384568834,868.484460742487,2840.26113600493,387.84,320,320
0.05,0,0,0,0,0,0,0,0,0,0,0,0,0,0,0,0,0,0,0,0,0,Inf,Inf,Inf,0.045,0.045,0.035,0.04,0.631172342255684,0.542824716755956,2.36767943641146e-12,1.27019560109309e-05,1.67809786895142,0.000132833487628928,0.781071189760828,9467.48050756824,868.697508698181,868.511340179546,868.476435810072,2840.24415227047,387.84,320,320
0.051,0,0,0,0,0,0,0,0,0,0,0,0,0,0,0,0,0,0,0,0,0,Inf,Inf,Inf,0.045,0.045,0.035,0.04,0.631171331475315,0.542821428543184,2.3676716814667e-12,1.27019642345463e-05,1.67809842055325,0.000132833496245693,0.781068858962891,9467.45016068223,868.702018783663,868.511333945651,868.469557518824,2840.23504820467,387.84,320,320
0.052,0,0,0,0,0,0,0,0,0,0,0,0,0,0,0,0,0,0,0,0,0,Inf,Inf,Inf,0.045,0.045,0.035,0.04,0.631168902944411,0.542818412856206,2.36766958360432e-12,1.27016961433808e-05,1.67809868546234,0.000132833495634541,0.781064549060865,9467.41718426219,868.694562943028,868.511098493473,868.464955516534,2840.22515527866,387.84,320,320
0.053,0,0,0,0,0,0,0,0,0,0,0,0,0,0,0,0,0,0,0,0,0,Inf,Inf,Inf,0.045,0.045,0.035,0.04,0.631164621316601,0.542817177035309,2.36766990815546e-12,1.27017012240675e-05,1.67809855333023,0.000132833486485703,0.781059861266113,9467.35026016053,868.686155029362,868.50912111037,868.462885852379,2840.20507804816,387.84,320,320
0.054,0,0,0,0,0,0,0,0,0,0,0,0,0,0,0,0,0,0,0,0,0,Inf,Inf,Inf,0.045,0.045,0.035,0.04,0.631162488693542,0.542814290523877,2.36766833051699e-12,1.27017111163491e-05,1.67809865731094,0.000132833472008476,0.781056188583774,9467.30971370183,868.690602281869,868.504502632331,868.462605520101,2840.19291411055,387.84,320,320
0.055,0,0,0,0,0,0,0,0,0,0,0,0,0,0,0,0,0,0,0,0,0,Inf,Inf,Inf,0.045,0.045,0.035,0.04,0.631160560509226,0.542809966164279,2.36766108412791e-12,1.27016576164244e-05,1.67809906366802,0.000132833457940152,0.781054396982684,9467.29491678568,868.683426479723,868.497323599551,868.462631873913,2840.1884750357,387.84,320,320
0.056,0,0,0,0,0,0,0,0,0,0,0,0,0,0,0,0,0,0,0,0,0,Inf,Inf,Inf,0.045,0.045,0.035,0.04,0.63115667299071,0.542809130782533,2.36764643815076e-12,1.27016637721805e-05,1.67809906145317,0.000132833449564631,0.781054692385736,9467.2175218326,868.674743489039,868.488639681753,868.461297076538,2840.16525654978,387.84,320,320
0.057,0,0,0,0,0,0,0,0,0,0,0,0,0,0,0,0,0,0,0,0,0,Inf,Inf,Inf,0.045,0.045,0.035,0.04,0.631152892637787,0.542806687903803,2.36762542499702e-12,1.27016738661571e-05,1.67809880863957,0.00013283344954496,0.781056595796529,9467.1654258011,868.678474009015,868.480097721874,868.457390201781,2840.14962774033,387.84,320,320
0.058,0,0,0,0,0,0,0,0,0,0,0,0,0,0,0,0,0,0,0,0,0,Inf,Inf,Inf,0.045,0.045,0.035,0.04,0.631151472681057,0.542802468385303,2.3676015138215e-12,1.27016833512175e-05,1.67809934225324,0.000132833458038772,0.781059147724879,9467.14183786728,868.671727252723,868.473311395633,868.450639569397,2840.14255136018,387.84,320,320
0.059,0,0,0,0,0,0,0,0,0,0,0,0,0,0,0,0,0,0,0,0,0,Inf,Inf,Inf,0.045,0.045,0.035,0.04,0.631148070110208,0.542800418987943,2.36757932871722e-12,1.27019542222393e-05,1.6780994820877,0.000132833471230672,0.781068226925403,9467.08410120242,868.662934705266,868.46923308883,868.447380007995,2840.12523036073,387.84,320,320
0.06,0,0,0,0,0,0,0,0,0,0,0,0,0,0,0,0,0,0,0,0,0,Inf,Inf,Inf,0.045,0.045,0.035,0.04,0.631142724500567,0.542798470699804,2.36756288504395e-12,1.27019623909492e-05,1.67809921653472,0.000132833484275852,0.781078829936903,9467.01930615678,868.653682622979,868.467766329874,868.444262283789,2840.10579184704,387.84,320,320
0.061,0,0,0,0,0,0,0,0,0,0,0,0,0,0,0,0,0,0,0,0,0,Inf,Inf,Inf,0.045,0.045,0.035,0.04,0.631141722269423,0.54279464405434,2.36755401741791e-12,1.27019729903059e-05,1.67809971337541,0.000132833491846583,0.781088642775196,9466.98460646263,868.659172075672,868.467775741856,868.438137145334,2840.09538193879,387.84,320,320
0.062,0,0,0,0,0,0,0,0,0,0,0,0,0,0,0,0,0,0,0,0,0,Inf,Inf,Inf,0.045,0.045,0.035,0.04,0.631138901793288,0.542791164335463,2.3675516147545e-12,1.27017053793942e-05,1.67810000492606,0.000132833491300639,0.781095749606249,9466.9463411389,868.65052530445,868.467500551497,868.429482542072,2840.08390234167,387.84,320,320
0.063,0,0,0,0,0,0,0,0,0,0,0,0,0,0,0,0,0,0,0,0,0,Inf,Inf,Inf,0.045,0.045,0.035,0.04,0.631133953705556,0.542789739622642,2.36755197901589e-12,1.27017122333989e-05,1.67809985985806,0.000132833483095858,0.781098678586855,9466.86870664895,868.640789629432,868.465220928513,868.419739533186,2840.06061199469,387.84,320,320
0.064,0,0,0,0,0,0,0,0,0,0,0,0,0,0,0,0,0,0,0,0,0,Inf,Inf,Inf,0.045,0.045,0.035,0.04,0.631131331405395,0.542786429493224,2.36755019490988e-12,1.27017219313996e-05,1.67810009938243,0.000132833491176174,0.781096716013389,9466.82134463785,868.646030544498,868.451539131548,868.410779738305,2840.04640339136,387.84,320,320
0.065,0,0,0,0,0,0,0,0,0,0,0,0,0,0,0,0,0,0,0,0,0,Inf,Inf,Inf,0.045,0.045,0.035,0.04,0.631129151372835,0.542781298917046,2.36754200294725e-12,1.2701730867019e-05,1.6781005517139,0.000132833493735106,0.781090058240646,9466.80370761784,868.637825841384,868.451566525942,868.404193986778,2840.04111228535,387.84,320,320
0.066,0,0,0,0,0,0,0,0,0,0,0,0,0,0,0,0,0,0,0,0,0,Inf,Inf,Inf,0.045,0.045,0.035,0.04,0.631124760381731,0.54278028187936,2.36752546160141e-12,1.27016728846815e-05,1.67810054925242,0.000132833487436646,0.781079801016187,9466.71906231778,868.627912391049,868.450088442944,868.400673421682,2840.01571869533,387.84,320,320
0.067,0,0,0,0,0,0,0,0,0,0,0,0,0,0,0,0,0,0,0,0,0,Inf,Inf,Inf,0.045,0.045,0.035,0.04,0.631120101190622,0.542777565169095,2.36750175030224e-12,1.27016844207177e-05,1.67810035405498,0.00013283347598439,0.781067650560425,9466.65859315527,868.631885885683,868.445741626974,868.399724487484,2839.99757794658,387.84,320,320
0.068,0,0,0,0,0,0,0,0,0,0,0,0,0,0,0,0,0,0,0,0,0,Inf,Inf,Inf,0.045,0.045,0.035,0.04,0.631118552059471,0.542772864903997,2.36747478366644e-12,1.27016931848682e-05,1.67810096010091,0.000132833473171163,0.781055476291373,9466.63066341349,868.624369949826,868.434805954051,868.399835385086,2839.98919902405,387.84,320,320
0.069,0,0,0,0,0,0,0,0,0,0,0,0,0,0,0,0,0,0,0,0,0,Inf,Inf,Inf,0.045,0.045,0.035,0.04,0.631114812361537,0.542770230971909,2.3674497601349e-12,1.27019603105782e-05,1.67810111856886,0.000132833486234133,0.781048852802405,9466.57132630041,868.614571775013,868.419585738278,868.384639470827,2839.97139789012,387.84,320,320
0.07,0,0,0,0,0,0,0,0,0,0,0,0,0,0,0,0,0,0,0,0,0,Inf,Inf,Inf,0.045,0.045,0.035,0.04,0.631108921363124,0.542768118600184,2.36743118364382e-12,1.27019728834399e-05,1.67810081786518,0.000132833500965359,0.781045754882241,9466.49811263412,868.604263127721,868.417852959011,868.382904549836,2839.94943379023,387.84,320,320
0.071,0,0,0,0,0,0,0,0,0,0,0,0,0,0,0,0,0,0,0,0,0,Inf,Inf,Inf,0.045,0.045,0.035,0.04,0.631107499220613,0.542763940736088,2.36742111192584e-12,1.27019821489253e-05,1.67810130502791,0.000132833509324375,0.781043080809337,9466.45868390868,868.610052826028,868.417822374034,868.382873693208,2839.93760517261,387.84,320,320
0.072,0,0,0,0,0,0,0,0,0,0,0,0,0,0,0,0,0,0,0,0,0,Inf,Inf,Inf,0.045,0.045,0.035,0.04,0.631104438958209,0.542759934610484,2.36741831357661e-12,1.27017127175174e-05,1.6781016325238,0.000132833508749359,0.781041281692319,9466.41931699895,868.600587771351,868.417532635781,868.382585501544,2839.92579509968,387.84,320,320
0.073,0,0,0,0,0,0,0,0,0,0,0,0,0,0,0,0,0,0,0,0,0,Inf,Inf,Inf,0.045,0.045,0.035,0.04,0.631099043265857,0.542758393954624,2.36741867797205e-12,1.27017266498056e-05,1.67810146990293,0.000132833528136649,0.781040542813177,9466.33382600549,868.589923786947,868.400677848805,868.380123075804,2839.90014780165,387.84,320,320
0.074,0,0,0,0,0,0,0,0,0,0,0,0,0,0,0,0,0,0,0,0,0,Inf,Inf,Inf,0.045,0.045,0.035,0.04,0.631096129032922,0.542754786769025,2.3674167448256e-12,1.27017397001615e-05,1.67810167638888,0.000132833542644006,0.781040728326464,9466.2818057324,868.595410471277,868.400281910711,868.374354323633,2839.88454171972,387.84,320,320
0.075,0,0,0,0,0,0,0,0,0,0,0,0,0,0,0,0,0,0,0,0,0,Inf,Inf,Inf,0.045,0.045,0.035,0.04,0.631093744128522,0.542749178852853,2.36740778433452e-12,1.27017482024174e-05,1.67810217618381,0.00013283354592512,0.781041447960759,9466.26257496466,868.586441937086,868.40031199284,868.365383405686,2839.8787724894,387.84,320,320
0.076,0,0,0,0,0,0,0,0,0,0,0,0,0,0,0,0,0,0,0,0,0,Inf,Inf,Inf,0.045,0.045,0.035,0.04,0.631088926043177,0.542748152998192,2.36738963518628e-12,1.27016893745079e-05,1.67810217347191,0.000132833537724614,0.78104209718069,9466.16858550366,868.575593342017,868.398681865092,868.354533480786,2839.8505756511,387.84,320,320
0.077,0,0,0,0,0,0,0,0,0,0,0,0,0,0,0,0,0,0,0,0,0,Inf,Inf,Inf,0.045,0.045,0.035,0.04,0.631084016872596,0.54274515421383,2.36736358620086e-12,1.27017016316181e-05,1.67810196786201,0.000132833545752857,0.781042036170889,9466.10274599437,868.580034615915,868.382004553081,868.34385850054,2839.83082379831,387.84,320,320
0.078,0,0,0,0,0,0,0,0,0,0,0,0,0,0,0,0,0,0,0,0,0,Inf,Inf,Inf,0.045,0.045,0.035,0.04,0.631082293877087,0.542739964730298,2.36733394321477e-12,1.27017134465278e-05,1.67810263257631,0.00013283355353856,0.781040770999134,9466.07255290407,868.571736825712,868.382137490481,868.335363730159,2839.82176587122,387.84,320,320
0.079,0,0,0,0,0,0,0,0,0,0,0,0,0,0,0,0,0,0,0,0,0,Inf,Inf,Inf,0.045,0.045,0.035,0.04,0.631078144680692,0.542737252024709,2.36730642413542e-12,1.27019672591885e-05,1.67810280645799,0.000132833548675652,0.781038096008257,9466.00403683603,868.56091690308,868.381240203167,868.33023060434,2839.80121105081,387.84,320,320
0.08,0,0,0,0,0,0,0,0,0,0,0,0,0,0,0,0,0,0,0,0,0,Inf,Inf,Inf,0.045,0.045,0.035,0.04,0.6310716151453,0.542734899403185,2.36728598007557e-12,1.27019778036689e-05,1.67810247642316,0.000132833547970092,0.781034150965215,9465.92346135341,868.54952682627,868.363296545876,868.328345400545,2839.77703840602,387.84,320,320
0.081,0,0,0,0,0,0,0,0,0,0,0,0,0,0,0,0,0,0,0,0,0,Inf,Inf,Inf,0.045,0.045,0.035,0.04,0.631070179366671,0.542730260459009,2.36727487341554e-12,1.2701989444949e-05,1.67810296773519,0.000132833558763797,0.781029353636628,9465.87997824408,868.556173479635,868.363270875598,868.328319228392,2839.76399347323,387.84,320,320
0.082,0,0,0,0,0,0,0,0,0,0,0,0,0,0,0,0,0,0,0,0,0,Inf,Inf,Inf,0.045,0.045,0.035,0.04,0.631066787607973,0.542725820807273,2.36727175897975e-12,1.27017248925653e-05,1.67810332425267,0.000132833558035032,0.781024296836388,9465.83635675405,868.545675196029,868.362950157807,868.328000358728,2839.75090702622,387.84,320,320
0.083,0,0,0,0,0,0,0,0,0,0,0,0,0,0,0,0,0,0,0,0,0,Inf,Inf,Inf,0.045,0.045,0.035,0.04,0.631060819361798,0.542724124344796,2.36727214029252e-12,1.27017370067583e-05,1.6781031475087,0.000132833547494446,0.781019589758667,9465.7412211207,868.533844525323,868.360235718666,868.325289720649,2839.72236633621,387.84,320,320
0.084,0,0,0,0,0,0,0,0,0,0,0,0,0,0,0,0,0,0,0,0,0,Inf,Inf,Inf,0.045,0.045,0.035,0.04,0.631057430934645,0.542720159202084,2.36727004801888e-12,1.2701750042279e-05,1.67810332227683,0.000132833561156605,0.78101683888993,9465.68290099523,868.540013345374,868.343539818302,868.308610720489,2839.70487029857,387.84,320,320
0.085,0,0,0,0,0,0,0,0,0,0,0,0,0,0,0,0,0,0,0,0,0,Inf,Inf,Inf,0.045,0.045,0.035,0.04,0.631054839595599,0.542713998495551,2.36726031364116e-12,1.27017603778008e-05,1.67810386286607,0.00013283356446472,0.781021428981569,9465.66080408664,868.530161182703,868.343570845855,868.308642874285,2839.69824122599,387.84,320,320
0.086,0,0,0,0,0,0,0,0,0,0,0,0,0,0,0,0,0,0,0,0,0,Inf,Inf,Inf,0.045,0.045,0.035,0.04,0.631049598021043,0.542712622653858,2.36724057173266e-12,1.27017044263666e-05,1.67810385994372,0.000132833558399519,0.78102554281065,9465.56129646157,868.518241146545,868.32449340641,868.306906839185,2839.66838893847,387.84,320,320
0.087,0,0,0,0,0,0,0,0,0,0,0,0,0,0,0,0,0,0,0,0,0,Inf,Inf,Inf,0.045,0.045,0.035,0.04,0.6310438584598,0.542709401578851,2.36721221531338e-12,1.27017186799489e-05,1.67810370556408,0.000132833577520041,0.781028777226801,9465.48778757305,868.522838999807,868.323297267209,868.301755163509,2839.64633627191,387.84,320,320
0.088,0,0,0,0,0,0,0,0,0,0,0,0,0,0,0,0,0,0,0,0,0,Inf,Inf,Inf,0.045,0.045,0.035,0.04,0.631042037550837,0.542703810630133,2.36717992010553e-12,1.27017301072774e-05,1.67810443119596,0.000132833585501432,0.781030927970993,9465.45346177631,868.513898905042,868.323412177975,868.292811197626,2839.63603853289,387.84,320,320
0.089,0,0,0,0,0,0,0,0,0,0,0,0,0,0,0,0,0,0,0,0,0,Inf,Inf,Inf,0.045,0.045,0.035,0.04,0.631037616491023,0.542700531379669,2.36714989858319e-12,1.27019749583029e-05,1.67810462132774,0.000132833580386014,0.781031986953095,9465.38449163413,868.502223320392,868.322486768618,868.281133352496,2839.61534749024,387.84,320,320
0.09,0,0,0,0,0,0,0,0,0,0,0,0,0,0,0,0,0,0,0,0,0,Inf,Inf,Inf,0.045,0.045,0.035,0.04,0.631030634165419,0.542698053948534,2.36712753618958e-12,1.27019858500964e-05,1.67810425949637,0.00013283358954254,0.781032165086185,9465.29633605431,868.489919679427,868.303157254071,868.268829656615,2839.58890081629,387.84,320,320
0.091,0,0,0,0,0,0,0,0,0,0,0,0,0,0,0,0,0,0,0,0,0,Inf,Inf,Inf,0.045,0.045,0.035,0.04,0.631028775692075,0.542693132463808,2.36711530994875e-12,1.27019991726847e-05,1.67810488411344,0.00013283360149846,0.781031841390652,9465.24844752266,868.496775517458,868.303083684593,868.258262633447,2839.5745342568,387.84,320,320
0.092,0,0,0,0,0,0,0,0,0,0,0,0,0,0,0,0,0,0,0,0,0,Inf,Inf,Inf,0.045,0.045,0.035,0.04,0.631025197522032,0.542688199669739,2.36711179472702e-12,1.27017326402292e-05,1.67810527881937,0.000132833600662468,0.781031463554154,9465.20458493417,868.48560024184,868.302755920115,868.251144393772,2839.56137548025,387.84,320,320
0.093,0,0,0,0,0,0,0,0,0,0,0,0,0,0,0,0,0,0,0,0,0,Inf,Inf,Inf,0.045,0.045,0.035,0.04,0.631018866361916,0.542686417050863,2.36711215570715e-12,1.27017411630175e-05,1.67810508246297,0.000132833588272058,0.781031466812153,9465.102552499,868.47298656744,868.299903624806,868.247868583579,2839.5307657497,387.84,320,320
0.094,0,0,0,0,0,0,0,0,0,0,0,0,0,0,0,0,0,0,0,0,0,Inf,Inf,Inf,0.045,0.045,0.035,0.04,0.631015192171427,0.54268221574182,2.36710995914829e-12,1.27017559570203e-05,1.6781051692798,0.000132833578253414,0.781032139102143,9465.04001891391,868.479312331499,868.282269377066,868.247339837836,2839.51200567417,387.84,320,320
0.095,0,0,0,0,0,0,0,0,0,0,0,0,0,0,0,0,0,0,0,0,0,Inf,Inf,Inf,0.045,0.045,0.035,0.04,0.631012440297521,0.542675664026018,2.36709962342305e-12,1.27017680211964e-05,1.67810575963053,0.000132833581394951,0.781033507605757,9465.01635890932,868.468834489507,868.282302079606,868.247373704312,2839.5049076728,387.84,320,320
0.096,0,0,0,0,0,0,0,0,0,0,0,0,0,0,0,0,0,0,0,0,0,Inf,Inf,Inf,0.045,0.045,0.035,0.04,0.63100685171381,0.542674256823631,2.36707857605768e-12,1.27017222544541e-05,1.67810575644454,0.000132833573373035,0.78103535318858,9464.90936013642,868.456133901549,868.280447152278,868.245521186247,2839.47280804093,387.84,320,320
0.097,0,0,0,0,0,0,0,0,0,0,0,0,0,0,0,0,0,0,0,0,0,Inf,Inf,Inf,0.045,0.045,0.035,0.04,0.631000882838036,0.542670808399357,2.36704828275935e-12,1.27017366747869e-05,1.67810537258198,0.000132833579437555,0.781037349198935,9464.83113195695,868.46109677646,868.260832797517,868.240006387221,2839.44933958708,387.84,320,320
0.098,0,0,0,0,0,0,0,0,0,0,0,0,0,0,0,0,0,0,0,0,0,Inf,Inf,Inf,0.045,0.045,0.035,0.04,0.630998923154205,0.542664814442072,2.36701373743087e-12,1.27017502653422e-05,1.67810613863143,0.000132833586436139,0.781039101618005,9464.79471448833,868.451512595239,868.260962149248,868.230418054935,2839.4384143465,387.84,320,320
0.099,0,0,0,0,0,0,0,0,0,0,0,0,0,0,0,0,0,0,0,0,0,Inf,Inf,Inf,0.045,0.045,0.035,0.04,0.63099416695072,0.54266145242036,2.36698158895424e-12,1.27019813796585e-05,1.67810633973919,0.000132833589339634,0.781040232660394,9464.71825364531,868.4389831566,868.241394543159,868.217885802212,2839.41547609359,387.84,320,320
0.1,0,0,0,0,0,0,0,0,0,0,0,0,0,0,0,0,0,0,0,0,0,Inf,Inf,Inf,0.045,0.045,0.035,0.04,0.630986654296257,0.542658780569745,2.36695760771012e-12,1.27019942999612e-05,1.678105956824,0.000132833610111619,0.781043224499475,9464.6237127346,868.425764724795,868.239111672351,868.220771479897,2839.38711382038,387.84,320,320
0.101,0,0,0,0,0,0,0,0,0,0,0,0,0,0,0,0,0,0,0,0,0,Inf,Inf,Inf,0.045,0.045,0.035,0.04,0.630984761629316,0.542653479548101,2.36694445774337e-12,1.27020073305551e-05,1.67810651282293,0.000132833622206663,0.781048120304567,9464.57220075684,868.433339861701,868.23903472541,868.21229074892,2839.37166022705,387.84,320,320
0.102,0,0,0,0,0,0,0,0,0,0,0,0,0,0,0,0,0,0,0,0,0,Inf,Inf,Inf,0.045,0.045,0.035,0.04,0.630980914670226,0.542648155080957,2.36694063522404e-12,1.27017459182257e-05,1.67810692251568,0.000132833621485633,0.781051322330786,9464.52514229822,868.421304049105,868.238684132596,868.200250126685,2839.35754268947,387.84,320,320
0.103,0,0,0,0,0,0,0,0,0,0,0,0,0,0,0,0,0,0,0,0,0,Inf,Inf,Inf,0.045,0.045,0.035,0.04,0.630974112487697,0.542646249842462,2.3669409953346e-12,1.27017579727441e-05,1.6781067184258,0.000132833608907715,0.781052520922529,9464.41479380215,868.407708231286,868.235635637701,868.186651455145,2839.32443814065,387.84,320,320
0.104,0,0,0,0,0,0,0,0,0,0,0,0,0,0,0,0,0,0,0,0,0,Inf,Inf,Inf,0.045,0.045,0.035,0.04,0.630969999819731,0.542641759913015,2.36693868397319e-12,1.27017709038883e-05,1.67810687412394,0.000132833614653786,0.781051795075819,9464.3467040723,868.414590324011,868.216354734963,868.174100599571,2839.30401122169,387.84,320,320
0.105,0,0,0,0,0,0,0,0,0,0,0,0,0,0,0,0,0,0,0,0,0,Inf,Inf,Inf,0.045,0.045,0.035,0.04,0.630967087670685,0.542634755817821,2.36692774839434e-12,1.2701784487511e-05,1.67810749187981,0.000132833618120796,0.781049596868692,9464.32039830101,868.403389348765,868.216387595517,868.164816615011,2839.2961194903,387.84,320,320
0.106,0,0,0,0,0,0,0,0,0,0,0,0,0,0,0,0,0,0,0,0,0,Inf,Inf,Inf,0.045,0.045,0.035,0.04,0.630961161342769,0.54263301315138,2.36690543195174e-12,1.27017419714042e-05,1.6781074885511,0.000132833609235631,0.781046600600104,9464.20947484941,868.389801011975,868.21445681119,868.159777979315,2839.26284245482,387.84,320,320
0.107,0,0,0,0,0,0,0,0,0,0,0,0,0,0,0,0,0,0,0,0,0,Inf,Inf,Inf,0.045,0.045,0.035,0.04,0.630954445288618,0.542629395371633,2.36687326845053e-12,1.27017585549192e-05,1.67810716081862,0.000132833603847173,0.781043560934379,9464.12456665426,868.394844438179,868.193264702228,868.158335141813,2839.23736999628,387.84,320,320
0.108,0,0,0,0,0,0,0,0,0,0,0,0,0,0,0,0,0,0,0,0,0,Inf,Inf,Inf,0.045,0.045,0.035,0.04,0.630952418104824,0.542623085773015,2.36683654265133e-12,1.27017723123515e-05,1.6781079758852,0.000132833611446428,0.781041126813717,9464.08441943425,868.38475526421,868.193372330843,868.158443137834,2839.22532583027,387.84,320,320
0.109,0,0,0,0,0,0,0,0,0,0,0,0,0,0,0,0,0,0,0,0,0,Inf,Inf,Inf,0.045,0.045,0.035,0.04,0.630947458161378,0.542619201732494,2.36680230594992e-12,1.27019902882352e-05,1.67810819002076,0.000132833610124856,0.781039669529003,9464.00850958655,868.371539841125,868.172905529499,868.157431696359,2839.20255287597,387.84,320,320
0.11,0,0,0,0,0,0,0,0,0,0,0,0,0,0,0,0,0,0,0,0,0,Inf,Inf,Inf,0.045,0.045,0.035,0.04,0.630939594305883,0.542616444083379,2.36677669272142e-12,1.27020035558867e-05,1.67810778185157,0.000132833631178782,0.78103919736986,9463.90751379047,868.357577141936,868.170385388138,868.153022968098,2839.17225413714,387.84,320,320
0.111,0,0,0,0,0,0,0,0,0,0,0,0,0,0,0,0,0,0,0,0,0,Inf,Inf,Inf,0.045,0.045,0.035,0.04,0.630937296609019,0.542610933167737,2.36676255975699e-12,1.27020172812059e-05,1.67810837856705,0.000132833643065187,0.781039478424042,9463.8521273787,868.365272669492,868.170257087348,868.144208853618,2839.15563821361,387.84,320,320
0.112,0,0,0,0,0,0,0,0,0,0,0,0,0,0,0,0,0,0,0,0,0,Inf,Inf,Inf,0.045,0.045,0.035,0.04,0.630933318010879,0.542605168983338,2.36675835809314e-12,1.27017618473835e-05,1.67810881660425,0.000132833642233042,0.781040088854316,9463.80560744585,868.352716447349,868.169905900781,868.13164989335,2839.14168223376,387.84,320,320
0.113,0,0,0,0,0,0,0,0,0,0,0,0,0,0,0,0,0,0,0,0,0,Inf,Inf,Inf,0.045,0.045,0.035,0.04,0.630926244409854,0.542603206893892,2.36675868319011e-12,1.27017756603374e-05,1.67810859806881,0.000132833639122868,0.781040482345847,9463.68959155214,868.338505466189,868.147414323472,868.117437882895,2839.10687746564,387.84,320,320
0.114,0,0,0,0,0,0,0,0,0,0,0,0,0,0,0,0,0,0,0,0,0,Inf,Inf,Inf,0.045,0.045,0.035,0.04,0.630921870253676,0.542598544609109,2.36675630929582e-12,1.27017884421793e-05,1.6781087079197,0.000132833656308365,0.781040139614625,9463.61794068377,868.345454094955,868.146750225742,868.104306844688,2839.08538220513,387.84,320,320
0.115,0,0,0,0,0,0,0,0,0,0,0,0,0,0,0,0,0,0,0,0,0,Inf,Inf,Inf,0.045,0.045,0.035,0.04,0.630918842658743,0.542591243649738,2.36674494216924e-12,1.27018018915382e-05,1.67810936310257,0.000132833660222394,0.781039096084088,9463.59022012426,868.333778084441,868.146783893583,868.112712938916,2839.07706603728,387.84,320,320
0.116,0,0,0,0,0,0,0,0,0,0,0,0,0,0,0,0,0,0,0,0,0,Inf,Inf,Inf,0.045,0.045,0.035,0.04,0.630912654344963,0.542589459446321,2.3667216410068e-12,1.27017599723692e-05,1.67810935958041,0.00013283365059411,0.781039836071763,9463.47366888079,868.319582815457,868.14477039455,868.09851595376,2839.04210066424,387.84,320,320
0.117,0,0,0,0,0,0,0,0,0,0,0,0,0,0,0,0,0,0,0,0,0,Inf,Inf,Inf,0.045,0.045,0.035,0.04,0.630905752503217,0.5425856707557,2.36668797730605e-12,1.2701775280649e-05,1.67810892077279,0.000132833653831132,0.781039781995439,9463.38488610647,868.324892033856,868.122742776232,868.084475801856,2839.01546583194,387.84,320,320
0.118,0,0,0,0,0,0,0,0,0,0,0,0,0,0,0,0,0,0,0,0,0,Inf,Inf,Inf,0.045,0.045,0.035,0.04,0.630903621634072,0.542579049516801,2.36664947428836e-12,1.27017890383082e-05,1.6781097719193,0.000132833662685,0.781038837818731,9463.34293534637,868.314304794056,868.122858702492,868.073218660969,2839.00288060391,387.84,320,320
0.119,0,0,0,0,0,0,0,0,0,0,0,0,0,0,0,0,0,0,0,0,0,Inf,Inf,Inf,0.045,0.045,0.035,0.04,0.630898403363531,0.542575096015747,2.36661352585517e-12,1.27020036575699e-05,1.67810999589222,0.000132833657077329,0.781037103724486,9463.2611063947,868.3004161923,868.121788777432,868.066314559258,2838.97833191841,387.84,320,320
0.12,0,0,0,0,0,0,0,0,0,0,0,0,0,0,0,0,0,0,0,0,0,Inf,Inf,Inf,0.045,0.045,0.035,0.04,0.630890122745033,0.542572190179208,2.36658657944203e-12,1.27020155914298e-05,1.67810956850062,0.000132833668103664,0.781034836092784,9463.15484815565,868.285719669119,868.098588674143,868.063665283975,2838.94645444669,387.84,320,320
0.121,0,0,0,0,0,0,0,0,0,0,0,0,0,0,0,0,0,0,0,0,0,Inf,Inf,Inf,0.045,0.045,0.035,0.04,0.630887784550785,0.542566383605334,2.36657165673039e-12,1.27020306508346e-05,1.67811008764418,0.000132833680956287,0.781032376043017,9463.09635918169,868.294001985285,868.098450511393,868.063526700153,2838.92890775451,387.84,320,320
0.122,0,0,0,0,0,0,0,0,0,0,0,0,0,0,0,0,0,0,0,0,0,Inf,Inf,Inf,0.045,0.045,0.035,0.04,0.630883600741974,0.542560280807842,2.36656716626107e-12,1.27017701865987e-05,1.67811053936475,0.000132833680056749,0.781030066640972,9463.04762946178,868.28076444714,868.098084317579,868.063162470554,2838.91428883853,387.84,320,320
0.123,0,0,0,0,0,0,0,0,0,0,0,0,0,0,0,0,0,0,0,0,0,Inf,Inf,Inf,0.045,0.045,0.035,0.04,0.630876160371469,0.542558229344007,2.36656747431889e-12,1.2701783999627e-05,1.67811031386291,0.000132833672870539,0.78102818370979,9462.92471579091,868.265763803529,868.074150915442,868.059883808518,2838.87741473727,387.84,320,320
0.124,0,0,0,0,0,0,0,0,0,0,0,0,0,0,0,0,0,0,0,0,0,Inf,Inf,Inf,0.045,0.045,0.035,0.04,0.630871387864937,0.542553349139664,2.36656502962546e-12,1.27018003133388e-05,1.67811041197267,0.000132833690457962,0.781026876548405,9462.84831071633,868.273148528015,868.073407132246,868.052079838608,2838.8544932149,387.84,320,320
0.125,0,0,0,0,0,0,0,0,0,0,0,0,0,0,0,0,0,0,0,0,0,Inf,Inf,Inf,0.045,0.045,0.035,0.04,0.630868247008152,0.542545699239432,2.36655323981405e-12,1.2701815401809e-05,1.67811108673852,0.000132833694536074,0.781026154801942,9462.81819169909,868.260914735671,868.073440177606,868.039843662257,2838.84545750973,387.84,320,320
0.126,0,0,0,0,0,0,0,0,0,0,0,0,0,0,0,0,0,0,0,0,0,Inf,Inf,Inf,0.045,0.045,0.035,0.04,0.630861809407612,0.542543592862001,2.36652900341903e-12,1.27017702683489e-05,1.67811108312124,0.000132833684377269,0.781025989434523,9462.69940393531,868.246022543297,868.071383351657,868.036471980165,2838.80982118059,387.84,320,320
0.127,0,0,0,0,0,0,0,0,0,0,0,0,0,0,0,0,0,0,0,0,0,Inf,Inf,Inf,0.045,0.045,0.035,0.04,0.630854244335871,0.542539689559815,2.36649392491948e-12,1.27017839680065e-05,1.67811071446442,0.000132833696065665,0.781026530449618,9462.60499071078,868.251330086248,868.048068765076,868.030230306551,2838.78149721323,387.84,320,320
0.128,0,0,0,0,0,0,0,0,0,0,0,0,0,0,0,0,0,0,0,0,0,Inf,Inf,Inf,0.045,0.045,0.035,0.04,0.630852077370987,0.542532842367681,2.36645373758746e-12,1.27017982802333e-05,1.6781116022813,0.00013283370529064,0.78102685305816,9462.5597488133,868.240381328631,868.048159351119,868.019278108939,2838.76792464399,387.84,320,320
0.129,0,0,0,0,0,0,0,0,0,0,0,0,0,0,0,0,0,0,0,0,0,Inf,Inf,Inf,0.045,0.045,0.035,0.04,0.630846726505667,0.542528412386683,2.36641614153998e-12,1.2702014068659e-05,1.67811183633725,0.000132833699339085,0.781026999986613,9462.4795544991,868.225985741689,868.047094458773,868.004881013394,2838.74386634973,387.84,320,320
0.13,0,0,0,0,0,0,0,0,0,0,0,0,0,0,0,0,0,0,0,0,0,Inf,Inf,Inf,0.045,0.045,0.035,0.04,0.63083820175433,0.542525461338824,2.36638787281347e-12,1.27020276837848e-05,1.67811138867165,0.000132833708980459,0.781027020175064,9462.36805891161,868.210725436076,868.023053866309,867.989621679237,2838.71041767348,387.84,320,320
0.131,0,0,0,0,0,0,0,0,0,0,0,0,0,0,0,0,0,0,0,0,0,Inf,Inf,Inf,0.045,0.045,0.035,0.04,0.630835480267513,0.542519521142175,2.36637211993819e-12,1.2702043090678e-05,1.67811199450512,0.000132833722966159,0.781027008551857,9462.3062907503,868.219028740257,868.022861689708,867.976420676096,2838.69188722509,387.84,320,320
0.132,0,0,0,0,0,0,0,0,0,0,0,0,0,0,0,0,0,0,0,0,0,Inf,Inf,Inf,0.045,0.045,0.035,0.04,0.630831221611611,0.542513041733707,2.36636727995774e-12,1.27017826820334e-05,1.67811247143988,0.000132833721992152,0.781027087791654,9462.25883985804,868.205436557264,868.022501279555,867.967420853011,2838.67765195741,387.84,320,320
0.133,0,0,0,0,0,0,0,0,0,0,0,0,0,0,0,0,0,0,0,0,0,Inf,Inf,Inf,0.045,0.045,0.035,0.04,0.630823605615099,0.542510963259639,2.36636753991759e-12,1.27017964652591e-05,1.67811223277991,0.000132833707563494,0.781027345376773,9462.13160554424,868.190000140051,868.019175592237,867.963161576801,2838.63948166327,387.84,320,320
0.134,0,0,0,0,0,0,0,0,0,0,0,0,0,0,0,0,0,0,0,0,0,Inf,Inf,Inf,0.045,0.045,0.035,0.04,0.630818606375242,0.54250597661738,2.36636507382163e-12,1.27018144927247e-05,1.6781122523965,0.000132833720135103,0.781027833188024,9462.05238241515,868.197360095962,867.997270957795,867.962361225528,2838.61571472454,387.84,320,320
0.135,0,0,0,0,0,0,0,0,0,0,0,0,0,0,0,0,0,0,0,0,0,Inf,Inf,Inf,0.045,0.045,0.035,0.04,0.630815395791259,0.542498128228549,2.36635302453382e-12,1.27018294171485e-05,1.67811295908794,0.000132833724316903,0.781028543891711,9462.02105116228,868.184808648183,867.997303995213,867.96239544656,2838.60631534868,387.84,320,320
0.136,0,0,0,0,0,0,0,0,0,0,0,0,0,0,0,0,0,0,0,0,0,Inf,Inf,Inf,0.045,0.045,0.035,0.04,0.630808783851897,0.542495977554974,2.36632813391895e-12,1.27017807326564e-05,1.67811295530925,0.000132833714120941,0.7810293810271,9461.89850185773,868.169493187651,867.99519833281,867.960292713246,2838.56955055732,387.84,320,320
0.137,0,0,0,0,0,0,0,0,0,0,0,0,0,0,0,0,0,0,0,0,0,Inf,Inf,Inf,0.045,0.045,0.035,0.04,0.630801086839422,0.542491960616696,2.3662920119403e-12,1.27017973165986e-05,1.6781124149012,0.000132833719952305,0.781030183297655,9461.80117069065,868.174970333724,867.971308860911,867.95386924324,2838.54035120719,387.84,320,320
0.138,0,0,0,0,0,0,0,0,0,0,0,0,0,0,0,0,0,0,0,0,0,Inf,Inf,Inf,0.045,0.045,0.035,0.04,0.630798851142344,0.542484896284042,2.36625055032539e-12,1.27018125168156e-05,1.6781133252818,0.000132833728906271,0.781030828197957,9461.75449178294,868.163674561245,867.971402448093,867.942569533566,2838.52634753488,387.84,320,320
0.139,0,0,0,0,0,0,0,0,0,0,0,0,0,0,0,0,0,0,0,0,0,Inf,Inf,Inf,0.045,0.045,0.035,0.04,0.630793320465839,0.542480417145938,2.36621169397691e-12,1.27020228555921e-05,1.67811356583688,0.000132833722855182,0.781031224629923,9461.66996182104,868.148796101457,867.970301543849,867.927688985936,2838.50098854631,387.84,320,320
0.14,0,0,0,0,0,0,0,0,0,0,0,0,0,0,0,0,0,0,0,0,0,Inf,Inf,Inf,0.045,0.045,0.035,0.04,0.63078449744512,0.542477364395642,2.36618241341393e-12,1.27020384992722e-05,1.67811310494719,0.00013283373979798,0.781031311019357,9461.55446826,868.132996511632,867.945348015028,867.911889777816,2838.466340478,387.84,320,320
0.141,0,0,0,0,0,0,0,0,0,0,0,0,0,0,0,0,0,0,0,0,0,Inf,Inf,Inf,0.045,0.045,0.035,0.04,0.63078173663341,0.542471215074675,2.36616603275971e-12,1.27020542536824e-05,1.67811362823795,0.000132833753897994,0.781032371785085,9461.49022924432,868.141746772425,867.945141738852,867.920683430991,2838.4470687733,387.84,320,320
0.142,0,0,0,0,0,0,0,0,0,0,0,0,0,0,0,0,0,0,0,0,0,Inf,Inf,Inf,0.045,0.045,0.035,0.04,0.630777337315172,0.542464462245604,2.36616093817638e-12,1.27017925843324e-05,1.67811411176729,0.000132833752904065,0.781033423280459,9461.44150425531,868.127662155171,867.944773564306,867.90659562956,2838.43245127659,387.84,320,320
0.143,0,0,0,0,0,0,0,0,0,0,0,0,0,0,0,0,0,0,0,0,0,Inf,Inf,Inf,0.045,0.045,0.035,0.04,0.630769463048111,0.542462327317181,2.36616116874314e-12,1.2701806397523e-05,1.67811386939214,0.000132833737811975,0.7810337817813,9461.3089634229,868.111643238484,867.941357545931,867.890576027814,2838.39268902687,387.84,320,320
0.144,0,0,0,0,0,0,0,0,0,0,0,0,0,0,0,0,0,0,0,0,0,Inf,Inf,Inf,0.045,0.045,0.035,0.04,0.630764120347624,0.542457195145591,2.36615867332447e-12,1.27018226369182e-05,1.67811389932522,0.000132833752504714,0.781033587159481,9461.22593235722,868.119316300279,867.918373877717,867.87568524843,2838.36777970717,387.84,320,320
0.145,0,0,0,0,0,0,0,0,0,0,0,0,0,0,0,0,0,0,0,0,0,Inf,Inf,Inf,0.045,0.045,0.035,0.04,0.630760843513053,0.542449106267369,2.36614637822914e-12,1.27018358331484e-05,1.67811461713155,0.00013283375662123,0.781033092882412,9461.19254072395,868.106380454894,867.918405635303,867.864560055202,2838.35776221719,387.84,320,320
0.146,0,0,0,0,0,0,0,0,0,0,0,0,0,0,0,0,0,0,0,0,0,Inf,Inf,Inf,0.045,0.045,0.035,0.04,0.630754073500583,0.542446658864763,2.36612089624785e-12,1.27017938077886e-05,1.67811461330152,0.000132833746085308,0.781032615921973,9461.06940947585,868.0905723623,867.916287885181,867.85840516474,2838.32082284276,387.84,320,320
0.147,0,0,0,0,0,0,0,0,0,0,0,0,0,0,0,0,0,0,0,0,0,Inf,Inf,Inf,0.045,0.045,0.035,0.04,0.630745815631551,0.542442582507223,2.36608383953069e-12,1.27018096708381e-05,1.67811410974332,0.000132833743839455,0.781032405079288,9460.96766166853,868.095972423955,867.891430256452,867.856527578899,2838.29029850056,387.84,320,320
0.148,0,0,0,0,0,0,0,0,0,0,0,0,0,0,0,0,0,0,0,0,0,Inf,Inf,Inf,0.045,0.045,0.035,0.04,0.630743574530734,0.542435385312609,2.36604122793921e-12,1.27018263134199e-05,1.67811504368127,0.000132833752794772,0.781032597397385,9460.91824426004,868.08446403625,867.891496289192,867.856593999257,2838.27547327801,387.84,320,320
0.149,0,0,0,0,0,0,0,0,0,0,0,0,0,0,0,0,0,0,0,0,0,Inf,Inf,Inf,0.045,0.045,0.035,0.04,0.630737983754371,0.542430488929852,2.36600121014226e-12,1.27020367431196e-05,1.67811529091981,0.000132833746793428,0.781033213747086,9460.83637424057,868.069268736456,867.890415852157,867.855515985258,2838.25091227217,387.84,320,320
0.15,0,0,0,0,0,0,0,0,0,0,0,0,0,0,0,0,0,0,0,0,0,Inf,Inf,Inf,0.045,0.045,0.035,0.04,0.63072902876275,0.542427431196082,2.36597096085675e-12,1.27020530815325e-05,1.67811481624801,0.000132833764237529,0.781034135048318,9460.71703599812,868.053101591129,867.864928784817,867.850627112561,2838.21511079944,387.84,320,320
0.151,0,0,0,0,0,0,0,0,0,0,0,0,0,0,0,0,0,0,0,0,0,Inf,Inf,Inf,0.045,0.045,0.035,0.04,0.630725918050325,0.542421226715,2.3659539366026e-12,1.27020725457596e-05,1.67811537178288,0.000132833778403569,0.781035105671701,9460.6502472928,868.06177132216,867.864668803448,867.840703384765,2838.19507418784,387.84,320,320
0.152,0,0,0,0,0,0,0,0,0,0,0,0,0,0,0,0,0,0,0,0,0,Inf,Inf,Inf,0.045,0.045,0.035,0.04,0.63072150112524,0.542414174106303,2.36594854082746e-12,1.27018007153209e-05,1.67811587120561,0.000132833777416233,0.781035861122693,9460.60347596167,868.04750723988,867.864311993442,867.826436207586,2838.1810427885,387.84,320,320
0.153,0,0,0,1,0,0,0,0,0,0,0,0,0,0,0,0,0,0.001,0,0,0,Inf,Inf,Inf,0.045,0.045,0.035,0.04,0.626853294719275,0.529344091430536,2.58802363538632e-12,3346.35396334448,1.69257494949659,0.000132569740501116,0.812489447240992,9163.98412217715,847.185755136826,846.950776533481,677.135702076071,2749.19523665315,387.84,320,320
0.154,0,0,0,1,0,0,0,0,0,0,0,0,0,0,0,0,0,0.002,0,0,0,Inf,Inf,Inf,0.045,0.045,0.035,0.04,0.631129255150846,0.48915438520371,3.97007723476585e-12,9370.37582093834,1.71637351156565,0.000131988930847939,0.812315753804723,9201.90127548897,755.489844678993,782.654636312373,301.298295254198,2760.57038264669,387.84,320,320
0.155,0,0,0,1,0,0,0,0,0,0,0,0,0,0,0,0,0,0.003,0,0,0,Inf,Inf,Inf,0.045,0.045,0.035,0.04,0.61213992734833,0.562966794324109,3.33450819878187e-12,16796.9750891055,1.73938885728808,0.000132001330187283,0.874648664863387,9229.84796985447,572.030090112209,900.756902952474,378.382422185416,2768.95439095634,387.84,320,320
0.156,0,0,0,1,0,0,0,0,0,0,0,0,0,0,0,0,0,0.004,0,0,0,Inf,Inf,Inf,0.045,0.045,0.035,0.04,0.827029763971551,0.667251626648566,2.0584384542086e-12,28017.7439915351,1.74749917740108,0.000131831745917284,0.921727548945115,14011.2438159671,460.974242544002,1061.68384206277,1061.30296304963,4203.37314479013,387.84,320,320
0.157,1,1,0,1,0,0,0,0,0,0,0,0,0,0,0.001,0.001,0,0.005,0,0,0,27.1370396053776,13.6006069118795,Inf,0.045,0.045,0.035,0.04,1.17462437591827,1.14380127409855,1.38804260666255e-11,41038.2450282743,1.72737114357842,0.000126540726752748,0.735272140539944,20597.4082966175,825.710701700968,825.364517455298,825.457580889404,6179.22248898524,387.84,320,320
0.158,1,1,0,1,0,0,0,0,0,0,0,0,0,0,0.002,0.002,0,0.006,0,0,0,1.98849999392973,6.15992636627608,Inf,0.045,0.045,0.035,0.04,1.62571997861644,1.60514364121093,3.28305253969616e-11,54783.430724724,1.57420605207185,0.000130017053604813,1.15409587576631,27624.7595228303,1082.26025690891,1082.69064075619,1082.16232671131,8287.4278568491,387.84,324.807192226858,324.648698013394
0.159,1,1,0,1,0,0,0,0,0,0,0,0,0,0,0.003,0.003,0,0.007,0,0,0,1.05122425813119,4.53180571332981,Inf,0.045,0.045,0.035,0.04,2.21810940029376,2.00269587479946,5.85285735858084e-11,68036.5594238802,1.58168926081049,0.000128354010064623,1.17086081456002,34403.7370049183,868.470025405864,869.003676942101,868.426792116823,10321.1211014755,387.84,320,320
0.16,1,1,0,1,0,0,0,0,0,0,0,0,0,0,0.004,0.004,0,0.008,0,0,0,0.790988273467334,3.88675991041952,Inf,0.045,0.045,0.035,0.04,2.75216655480838,2.30006663543102,8.95782446421407e-11,79607.9102128199,1.57048745597261,0.000126467691235472,1.15147125802661,40314.9611226963,684.310095151958,685.084941637864,684.490230204494,12094.4883368089,387.84,320,320
0.161,1,1,0,1,0,0,0,0,0,0,0,0,0,0,0.005,0.005,0,0.009,0,0,0,0.677728953844623,3.55843672399223,Inf,0.045,0.045,0.035,0.04,3.18196205297771,2.51551101197962,1.23734147433117e-10,88524.7263866004,1.52912353540844,0.00012469603266777,1.16254719520717,44864.3173076527,993.556073066043,994.277880388609,993.814930521799,13459.2951922958,387.84,320,320
0.162,1,1,0,1,0,0,0,0,0,0,0,0,0,0,0.006,0.006,0,0.01,0,0,0,0.622859454077119,3.08778746305642,Inf,0.045,0.045,0.035,0.04,3.47837373555136,2.9554022599603,1.58190853090411e-10,94226.1863130112,1.45277483112005,0.000123349252616573,1.2369249351768,47771.4849326352,1730.49874124649,1731.09192390197,1730.63674388159,14331.4454797905,519.149622373948,519.32757717059,519.191023164476
0.163,1,1,0,1,0,0,0,0,0,0,0,0,0,0,0.007,0.007,0,0.011,0,0,0,0.59864003604451,2.8390019190668,Inf,0.045,0.045,0.035,0.04,3.63647059556712,3.28749478182168,1.899664957913e-10,96740.5541504172,1.34435972481224,0.000122588496741789,1.33156698492859,49054.0572748151,2618.80773918578,2619.34623750523,2618.82137860403,14716.2171824445,795.604643511465,785.803871251568,785.646413581209
0.164,1,1,0,1,0,0,0,0,0,0,0,0,0,0,0.008,0.008,0,0.012,0,0,0,0.592320495003243,2.71343804564395,Inf,0.045,0.045,0.035,0.04,3.68106681932946,3.49448219097875,2.1634616870464e-10,96804.391101024,1.21438531567331,0.000122348309707034,1.37542659530873,49083.8122125465,3519.16975728641,3519.68084052592,3519.09492958797,14725.1436637639,1335.82185437184,1055.90425215777,1055.72847887639
0.165,1,1,0,1,0,0,0,0,0,0,0,0,0,0,0.009,0.009,0,0.013,0,0,0,0.58954569596514,2.66564537685732,Inf,0.045,0.045,0.035,0.04,3.70112263725063,3.58198137243263,2.35345253941732e-10,100294.694341447,1.01022505115849,0.000117541430702886,1.309291676699,50697.2039263404,4272.55314991054,4273.10775418552,4272.54678091408,15209.1611779021,1787.85188994633,1281.93232625566,1281.76403427423
0.166,1,1,0,1,0,0,0,0,0,0,0,0,0,0,0.01,0.01,0,0.014,0,0,0,0.564677281247925,2.66584728241556,Inf,0.045,0.045,0.035,0.04,3.89497915270428,3.58160056555881,2.46149308969699e-10,103539.450201982,0.956878570010991,0.000116533667644846,1.12431444213209,52370.8153886289,4625.09061202311,4625.62412869256,4625.11841799208,15711.2446165887,1999.37436721387,1387.68723860777,1387.53552539762
0.167,1,1,0,1,0,0,0,0,0,0,0,0,0,0,0.011,0.011,0,0.015,0,0,0,0.556775525130149,2.68367404221306,Inf,0.045,0.045,0.035,0.04,3.96241149318308,3.54835787995906,2.49473983218572e-10,103963.242218664,0.886890537260402,0.000116172394491833,0.904249115684772,52608.5789037919,5136.59229965587,5137.09155838694,5136.68955446135,15782.5736711376,2306.27537979352,1541.12746751608,1541.0068663384
0.168,1,1,0,1,0,0,0,0,0,0,0,0,0,0,0.012,0.012,0,0.016,0,0,0,0.55574704617512,2.67616013061995,Inf,0.045,0.045,0.035,0.04,3.97141462447466,3.56227856159854,2.47737062567015e-10,102779.026085659,0.834617401242558,0.000114654350749801,0.43314708520646,52015.639160074,5675.05487141294,5675.51729641373,5675.25879190628,15604.6917480222,2629.35292284776,1702.65518892412,1702.57763757188
0.169,1,1,0,1,0,0,0,0,0,0,0,0,0,0,0.013,0.013,0,0.017,0,0,0,0.528007141601448,2.52458647297761,Inf,0.045,0.045,0.035,0.04,4.23603836175188,3.87400207617561,2.44808297221717e-10,108274.685209747,0.821894432644211,0.000118416425965871,1.03515343861635,54594.914337295,5766.65824292322,5767.1102004951,5766.56690321609,16378.4743011885,2684.31494575393,1730.13306014853,1729.97007096483
0.17,1,1,0,1,0,0,0,0,0,0,0,0,0,0,0.014,0.014,0,0.018,0,0,0,0.502595037701664,2.4333335002726,Inf,0.045,0.045,0.035,0.04,4.5216918266989,4.09494838549047,2.44980052651431e-10,114352.145478302,0.822142831126241,0.00011630659645411,1.03382795900969,57632.0753713766,5757.67893047956,5758.13604868832,5757.59006417547,17289.622611413,2678.92735828774,1727.4408146065,1727.27701925264
0.171,1,1,0,1,0,0,0,0,0,0,0,0,0,0,0.015,0.015,0,0.019,0,0,0,0.484964210212551,2.39110053986789,Inf,0.045,0.045,0.035,0.04,4.74990126546496,4.20735908630063,2.51131615246721e-10,118928.627072347,0.815622188463214,0.000114364272207943,0.984927326561265,59945.0269105007,5777.49077156656,5777.9513555407,5777.41732826016,17983.5080731502,2690.81446293993,1733.38540666221,1733.22519847805
0.172,1,1,0,1,0,0,0,0,0,0,0,0,0,0,0.016,0.016,0,0.02,0,0,0,0.475745827580352,2.38216097616282,Inf,0.045,0.045,0.035,0.04,4.88075603655028,4.23205920016057,2.63155714206502e-10,121265.31763872,0.791726650863321,0.000112949169764265,0.882300465876984,61159.1671851481,5926.9159793369,5927.3702745388,5926.88020606425,18347.7501555444,2780.46958760214,1778.21108236164,1778.06406181928
0.173,1,1,0,1,0,0,0,0,0,0,0,0,0,0,0.017,0.017,0,0.021,0,0,0,0.469816017863254,2.33117542507816,Inf,0.045,0.045,0.035,0.04,4.96958846767297,4.379427132184,2.76682510068944e-10,122743.503824951,0.773794088170381,0.000112898538246308,0.849545738242493,61950.3264937545,6124.13245091101,6124.57675468517,6124.10335297898,18585.0979481263,2898.79947054661,1837.37302640555,1837.2310058937
0.174,1,1,0,1,0,0,0,0,0,0,0,0,0,0,0.018,0.018,0,0.022,0,0,0,0.467016491840353,2.28933022393316,Inf,0.045,0.045,0.035,0.04,5.01287346255087,4.50925242713252,2.88951815532744e-10,123277.172487256,0.753103189478995,0.00011287786337266,0.757218457107212,62264.8463898031,6341.55144840014,6341.98463340702,6341.55758545894,18679.4539169409,3029.25086904008,1902.59539002211,1902.46727563768
0.175,1,1,0,1,0,0,0,0,0,0,0,0,0,0,0.019,0.019,0,0.023,0,0,0,0.467189357225394,2.26441986129607,Inf,0.045,0.045,0.035,0.04,5.01017494448027,4.59067164720285,2.99031203271304e-10,122801.692125711,0.731613009149957,0.000112876895867507,0.63968842994767,62063.1259727609,6555.87309638988,6556.29545850448,6555.92683996132,18618.9377918283,3157.84385783393,1966.88863755134,1966.7780519884
0.176,1,1,0,1,0,0,0,0,0,0,0,0,0,0,0.02,0.02,0,0.024,0,0,0,0.466132147069223,2.25538263063881,Inf,0.045,0.045,0.035,0.04,5.02673224334209,4.62101583962163,3.06293161370053e-10,123207.803344943,0.718512593562245,0.000112669633389398,0.347016051325933,62195.2828448354,6652.4399121985,6652.85237873641,6652.63234243703,18658.5848534506,3215.7839473191,1995.85571362092,1995.78970273111
0.177,1,1,0,1,0,0,0,0,0,0,0,0,0,0,0.021,0.021,0,0.025,0,0,0,0.461865481724436,2.26124452802806,Inf,0.045,0.045,0.035,0.04,5.09488211971591,4.60128349215659,3.10386446766358e-10,124187.646145243,0.726705242624869,0.000112716218891,0.307850580777504,62743.4561606482,6577.66690385166,6578.08300168824,6577.88942174761,18823.0368481945,3170.92014231099,1973.42490050647,1973.36682652428
0.178,1,1,0,1,0,0,0,0,0,0,0,0,0,0,0.022,0.022,0,0.026,0,0,0,0.460987529643366,2.28108828996788,Inf,0.045,0.045,0.035,0.04,5.10917520271177,4.5358369273757,3.11210622645089e-10,124010.628390677,0.735000163304097,0.000112736076743098,0.339881609944717,62704.9553478177,6499.30389506209,6499.72411422291,6499.5114489363,18811.4866043453,3123.90233703725,1949.91723426687,1949.85343468089
0.179,1,1,0,1,0,0,0,0,0,0,0,0,0,0,0.023,0.023,0,0.027,0,0,0,0.46329420173347,2.3138649855257,Inf,0.045,0.045,0.035,0.04,5.07182138083163,4.43211461919826,3.08896095959921e-10,122665.649830537,0.742520931537667,0.000112730037985707,0.458915613354908,62067.9711975325,6425.23365539852,6425.65801820312,6425.38596940802,18620.3913592597,3079.46019323911,1927.69740546094,1927.61579082241
0.18,1,1,0,1,0,0,0,0,0,0,0,0,0,0,0.024,0.024,0,0.028,0,0,0,0.468581432249712,2.32090910714922,Inf,0.045,0.045,0.035,0.04,4.98856801298233,4.41050507015114,3.03787361680336e-10,120212.467808437,0.74861327334199,0.000112728960997827,0.619789589758634,60862.1387116049,6362.33928203304,6362.76738309911,6362.42505510426,18258.6416134815,3041.72356921983,1908.83021492973,1908.72751653128
0.181,1,1,0,1,0,0,0,0,0,0,0,0,0,0,0.025,0.025,0,0.029,0,0,0,0.476593434442717,2.33198639942855,Inf,0.045,0.045,0.035,0.04,4.86836464839483,4.37699295206656,2.96425120750981e-10,116808.703354302,0.752892380932964,0.000112767582936693,0.756791891926704,59172.6402660177,6315.8168335801,6316.24794207608,6315.85689540499,17751.7920798053,3013.81010014806,1894.87438262282,1894.7570686215
0.182,1,1,0,1,0,0,0,0,0,0,0,0,0,0,0.026,0.026,0,0.03,0,0,0,0.486941374196295,2.35259120249957,Inf,0.045,0.045,0.035,0.04,4.72291967438316,4.31614462500121,2.87521736735082e-10,112731.480874414,0.755212954717756,0.000112855019134356,0.824714338239863,57149.0495656172,6288.77242788287,6289.20560670222,6288.79950655136,17144.7148696852,2997.58345672972,1886.76168201067,1886.63985196541
0.183,1,1,0,1,0,0,0,0,0,0,0,0,0,0,0.027,0.027,0,0.031,0,0,0,0.494051215943035,2.38121325081449,Inf,0.045,0.045,0.035,0.04,4.62887444967627,4.23469700290549,2.77923623648782e-10,111443.549587333,0.77305068565088,0.000112896060829711,0.776439991860836,56577.5054249787,6187.03635656945,6187.46515179557,6187.01619617834,16973.2516274936,2936.54181394167,1856.23954553867,1856.1048588535
0.184,1,1,0,1,0,0,0,0,0,0,0,0,0,0,0.028,0.028,0,0.032,0,0,0,0.496170703474959,2.41571595360763,Inf,0.045,0.045,0.035,0.04,4.60170919580396,4.1410015498253,2.6855383368632e-10,110553.987202625,0.787881372581455,0.000112920242694348,0.744474047889397,56127.8862399671,6010.5747685231,6011.01538429103,6010.5838195748,16838.3658719901,2830.66486111386,1803.30461528731,1803.17514587244
0.185,1,1,0,1,0,0,0,0,0,0,0,0,0,0,0.029,0.029,0,0.033,0,0,0,0.498849307278456,2.45321901721506,Inf,0.045,0.045,0.035,0.04,4.56792809266712,4.04435016367619,2.60329753426288e-10,109349.80530771,0.796974387872305,0.000112937044272869,0.715796437468358,55521.3404647989,5893.05557578525,5893.50549001594,5893.09006876249,16656.4021394397,2760.15334547115,1768.05164700478,1767.92702062875
0.186,1,1,0,1,0,0,0,0,0,0,0,0,0,0,0.03,0.03,0,0.034,0,0,0,0.501805219761227,2.47965577698655,Inf,0.045,0.045,0.035,0.04,4.53134554274339,3.97925928070885,2.54057273214718e-10,107968.199472768,0.800036188010926,0.000112935702586793,0.705672303671778,54838.5792757732,5844.34783057203,5844.80321204553,5844.39512429541,16451.573782732,2730.92869834322,1753.44096361366,1753.31853728862
0.187,1,1,0,1,0,0,0,0,0,0,0,0,0,0,0.031,0.031,0,0.035,0,0,0,0.50473666188166,2.46679533031421,Inf,0.045,0.045,0.035,0.04,4.49576769610881,4.01061994843509,2.50316134190966e-10,106601.72069517,0.797219412487729,0.000112917232632016,0.709030095657844,54182.4233718938,5865.46902261503,5865.92543710682,5865.5177116653,16254.7270115681,2743.60141356902,1759.77763113205,1759.65531349959
0.188,1,1,0,1,0,0,0,0,0,0,0,0,0,0,0.032,0.032,0,0.036,0,0,0,0.507355284554216,2.45345072053708,Inf,0.045,0.045,0.035,0.04,4.46456196808625,4.04376903045164,2.49366984064677e-10,105443.879277724,0.789082556473294,0.000112892965346704,0.707362571816431,53648.087520419,5948.75604492597,5949.20932997872,5948.80397442237,16094.4262561257,2793.57362695558,1784.76279899362,1784.64119232671
0.189,1,1,0,1,0,0,0,0,0,0,0,0,0,0,0.033,0.033,0,0.037,0,0,0,0.509217555704176,2.4409143833544,Inf,0.045,0.045,0.035,0.04,4.44269250480106,4.07548888312349,2.51115341347199e-10,106516.330649715,0.776172370920597,0.00011298711851002,0.801490292243428,54146.4774565678,6076.48591359926,6076.92911190173,6076.49173121548,16243.9432369703,2870.21154815956,1823.07873357052,1822.94751936464
0.19,1,1,0,1,0,0,0,0,0,0,0,0,0,0,0.034,0.034,0,0.038,0,0,0,0.501496525798165,2.43028417460753,Inf,0.045,0.045,0.035,0.04,4.53513238726826,4.10283578885802,2.55149501448174e-10,108167.160529581,0.77561937468028,0.000113033676175725,0.779827093894931,54974.5884529513,6075.87649127091,6076.32118681996,6075.88746850395,16492.3765358854,2869.84589476254,1822.89635604599,1822.76624055118
0.191,1,1,0,1,0,0,0,0,0,0,0,0,0,0,0.035,0.035,0,0.039,0,0,0,0.494827585355674,2.42239645513264,Inf,0.045,0.045,0.035,0.04,4.61887858182454,4.1233999947661,2.60836943051448e-10,109570.145898973,0.771472525836478,0.000113041635147781,0.794365799790252,55699.2202253171,6115.55447641045,6115.99819865273,6115.55109420339,16709.7660675951,2893.65268584627,1834.79945959582,1834.66532826102
0.192,1,1,0,1,0,0,0,0,0,0,0,0,0,0,0.036,0.036,0,0.04,0,0,0,0.489624994548866,2.41778708348298,Inf,0.045,0.045,0.035,0.04,4.68688253787449,4.13552633598015,2.67441984327559e-10,110651.60485922,0.764243600642689,0.000113015085353869,0.839131580284498,56277.1313115686,6188.36981279488,6188.81041788329,6188.33921902853,16883.1393934706,2937.34188767693,1856.64312536499,1856.50176570856
0.193,1,1,0,1,0,0,0,0,0,0,0,0,0,0,0.037,0.037,0,0.041,0,0,0,0.486117646536244,2.39355094143609,Inf,0.045,0.045,0.035,0.04,4.73411580448773,4.20064538135844,2.74230216083386e-10,111343.563312805,0.754680715692788,0.000112976739843652,0.872149209866545,56664.9006970479,6284.36439362781,6284.80031912805,6284.31279024787,16999.4702091144,2994.93863617668,1885.44009573841,1885.29383707436
0.194,1,1,0,1,0,0,0,0,0,0,0,0,0,0,0.038,0.038,0,0.042,0,0,0,0.484394675273827,2.36866841489768,Inf,0.045,0.045,0.035,0.04,4.75774251544711,4.26996578660255,2.80543153528461e-10,111582.334266076,0.743734391526545,0.000112950774657353,0.858723361271378,56821.1084105234,6392.23385170058,6392.66423007069,6392.18377327301,17046.332523157,3059.66031102035,1917.79926902121,1917.6551319819
0.195,1,1,0,1,0,0,0,0,0,0,0,0,0,0,0.039,0.039,0,0.043,0,0,0,0.484437606429197,2.35320825509206,Inf,0.045,0.045,0.035,0.04,4.75715036260157,4.31435155638747,2.8584304480369e-10,111317.151670245,0.732486778644463,0.000112945634417368,0.795657011602172,56713.5998650167,6500.66749874216,6501.09213611519,6500.64300481085,17014.079959505,3124.7204992453,1950.32764083456,1950.19290144325
0.196,1,1,0,1,0,0,0,0,0,0,0,0,0,0,0.04,0.04,0,0.044,0,0,0,0.48407553335989,2.34727439646577,Inf,0.045,0.045,0.035,0.04,4.76215002596069,4.33166400972165,2.89735479403619e-10,111455.715846922,0.726660388817448,0.000112745777212508,0.539570280056266,56756.9078823781,6557.6000963735,6558.01793546125,6557.69361024467,17027.0723647134,3158.8800578241,1967.40538063838,1967.3080830734
0.197,1,1,0,1,0,0,0,0,0,0,1,0,0,0,0.041,0.041,0,0.045,0,0,0,0.481394387912359,2.35053696511317,Inf,0.045,0.045,0.035,0.04,4.79956900690062,4.32212601050132,2.91978059125313e-10,111923.149557463,0.730905959945268,0.000112761607129456,0.427821372258096,57034.1100802767,6520.21713738094,6520.63690133325,6520.36700263998,17110.233024083,3136.45028242856,1956.19107039998,1956.11010079199
0.198,1,1,0,1,0,0,0,0,0,0,1,0,0,0,0.042,0.042,0,0.045,0,0,0,0.480776936926036,2.36228649192134,Inf,0.045,0.045,0.035,0.04,4.80828655374506,4.28816329210919,2.92480903585453e-10,111804.481237582,0.73525019693056,0.00011277557167457,0.362302391918247,57009.6323235129,6481.36005645686,6481.78201362017,6481.54490558258,17102.8896970539,3113.13603387412,1944.53460408605,1944.46347167477
0.199,1,1,0,1,0,0,0,0,0,0,1,0,0,0,0.043,0.043,0,0.045,0,0,0,0.482124991749113,2.38140891020628,Inf,0.045,0.045,0.035,0.04,4.78930266068569,4.23415212040857,2.91301730949244e-10,111075.856798342,0.739220202101642,0.00011276769690287,0.371173462589496,56666.703764921,6445.01465232609,6445.43879647323,6445.19743787081,17000.0111294763,3091.32879139565,1933.63163894197,1933.55923136124
0.2,1,1,0,1,0,0,0,0,0,0,1,0,0,0,0.044,0.044,0,0.045,0,0,0,0.485255957104463,2.38369650663727,Inf,0.045,0.045,0.035,0.04,4.74589657357098,4.22779322437865,2.8863572589039e-10,109754.459673864,0.742439601611354,0.000112744336126579,0.442595887404003,56015.3881513599,6414.50536651609,6414.93144300565,6414.65576737649,16804.616445408,3073.02321990966,1924.4794329017,1924.39673021295
0.201,1,1,0,1,0,0,0,0,0,0,1,0,0,0,0.045,0.045,0,0.045,0,0,0,0.489893253338728,2.38994180403864,Inf,0.045,0.045,0.035,0.04,4.68331666891328,4.2105422980225,2.84798750597295e-10,107919.598633724,0.744681325646047,0.00011273262901186,0.539604535731792,55102.9632744543,6392.18433730935,6392.61192155354,6392.29560386078,16530.8889823363,3059.63060238561,1917.78357646606,1917.68868115824
0.202,1,1,0,1,0,0,0,0,0,0,1,0,0,0,0.046,0.046,0,0.045,0,0,0,0.495651283410618,2.40154092587877,Inf,0.045,0.045,0.035,0.04,4.60833060157109,4.1789215720232,2.80201882405952e-10,105726.473469159,0.745872837949267,0.000112758422437974,0.623643181704344,54018.1922584728,6379.31454615317,6379.743137072,6379.40235596421,16205.4576775418,3051.9087276919,1913.9229411216,1913.82070678926
0.203,1,1,0,1,0,0,0,0,0,0,1,0,0,0,0.047,0.047,0,0.045,0,0,0,0.498850562450633,2.41732950981819,Inf,0.045,0.045,0.035,0.04,4.56791240495421,4.13673455415757,2.75315960959165e-10,105299.162623931,0.755096863279496,0.000112902731105827,0.747615892013169,53914.2011399673,6318.34930456268,6318.77729885098,6318.34881837069,16174.2603419902,3015.32958273761,1895.63318965529,1895.50464551121
0.204,1,1,0,1,0,0,0,0,0,0,1,0,0,0,0.048,0.048,0,0.045,0,0,0,0.500005647850732,2.4357900288103,Inf,0.045,0.045,0.035,0.04,4.55353126516531,4.08861945107702,2.70626717442941e-10,104811.634441888,0.763057965909503,0.000112925474970313,0.744031103349859,53666.5075670537,6233.2727414568,6233.7063855471,6233.28084785639,16099.9522701161,2964.28364487408,1870.11191566413,1869.98425435692
0.205,1,1,0,1,0,0,0,0,0,0,1,0,0,0,0.049,0.049,0,0.045,0,0,0,0.501451537567295,2.45512999194252,Inf,0.045,0.045,0.035,0.04,4.53568492016468,4.03956298318659,2.66584036016555e-10,104125.346601811,0.767955912776074,0.000112950686893152,0.72767214824481,53320.6586093749,6177.49686187859,6177.9347905292,6177.51769500284,15996.1975828125,2930.81811712715,1853.38043715876,1853.25530850085
0.206,1,1,0,1,0,0,0,0,0,0,1,0,0,0,0.05,0.05,0,0.045,0,0,0,0.503023865478411,2.46710539895029,Inf,0.045,0.045,0.035,0.04,4.51647150476688,4.00985713254666,2.63552083059985e-10,103317.311065772,0.769604302306542,0.000112966175685236,0.715136788563424,52926.5002086231,6154.68366549558,6155.12407941027,6154.71290695262,15877.9500625869,2917.13019929735,1846.53722382308,1846.41387208579
0.207,1,1,0,1,0,0,0,0,0,0,1,0,0,0,0.051,0.051,0,0.045,0,0,0,0.50455579463362,2.4611191013675,Inf,0.045,0.045,0.035,0.04,4.49794294339324,4.02464357586998,2.61769099586797e-10,102505.223597959,0.768076260610478,0.000112964982630274,0.716326771123537,52549.0360730682,6164.77104598738,6165.21196150775,6164.80021365679,15764.7108219205,2923.18262759243,1849.56358845232,1849.44006409704
0.208,1,1,0,1,0,0,0,0,0,0,1,0,0,0,0.052,0.052,0,0.045,0,0,0,0.505898803282376,2.4547775534408,Inf,0.045,0.045,0.035,0.04,4.48185245410648,4.04044489827742,2.61325050407132e-10,101812.198837743,0.763681088435166,0.000112949990996417,0.725536569933409,52248.4517874603,6204.26033904265,6204.69986326281,6204.28404794534,15674.5355362381,2946.87620342559,1861.40995897884,1861.2852143836
0.209,1,1,0,1,0,0,0,0,0,0,1,0,0,0,0.053,0.053,0,0.045,0,0,0,0.506938782569282,2.44868662248192,Inf,0.045,0.045,0.035,0.04,4.46948961343187,4.05575647849582,2.62161461212983e-10,102515.750510393,0.756940876865576,0.000112931274357777,0.727705004147165,52612.0318394773,6266.93661470276,6267.37318159121,6266.95697987041,15783.6095518432,2984.48196882166,1880.21195447736,1880.08709396112
0.21,1,1,0,1,0,0,0,0,0,0,1,0,0,0,0.054,0.054,0,0.045,0,0,0,0.503192034525477,2.44340811197779,Inf,0.045,0.045,0.035,0.04,4.51442834304622,4.06913380910495,2.6409196031121e-10,103240.862318121,0.757023978586084,0.000112960743222141,0.717040202953453,52978.4244335039,6267.67874301897,6268.11358904837,6267.72178624587,15893.5273300512,2984.92724581138,1880.43407671451,1880.31653587376
0.211,1,1,0,1,0,0,0,0,0,0,1,0,0,0,0.055,0.055,0,0.045,0,0,0,0.499781161092707,2.43941185206608,Inf,0.045,0.045,0.035,0.04,4.55631751141755,4.07932894578793,2.66837018639122e-10,103841.396235225,0.754815747009687,0.000112999840113443,0.717363122718689,53300.0817359253,6286.82757880437,6287.26200768716,6286.86334353703,15990.0245207776,2996.41654728262,1886.17860230615,1886.05900306111
0.212,1,1,0,1,0,0,0,0,0,0,1,0,0,0,0.056,0.056,0,0.045,0,0,0,0.497032701767179,2.43703157441237,Inf,0.045,0.045,0.035,0.04,4.59077172674553,4.08542926038877,2.70064393525777e-10,104300.98448612,0.750979652096493,0.0001130101867293,0.746788230967209,53563.8382910154,6322.14749784154,6322.58046253166,6322.16052163543,16069.1514873046,3017.60849870493,1896.7741387595,1896.64815649063
0.213,1,1,0,1,0,0,0,0,0,0,1,0,0,0,0.057,0.057,0,0.045,0,0,0,0.495129765531777,2.42541975916384,Inf,0.045,0.045,0.035,0.04,4.61500214944514,4.11549015994554,2.73428019601997e-10,104596.690896174,0.745904973721037,0.000112997563547444,0.797024980438328,53749.4446108042,6369.09291328479,6369.52357910448,6369.0754548942,16124.8333832412,3045.77574797087,1910.85707373135,1910.72263646826
0.214,1,1,0,1,0,0,0,0,0,0,1,0,0,0,0.058,0.058,0,0.045,0,0,0,0.494171058552084,2.4119001392044,Inf,0.045,0.045,0.035,0.04,4.62732802493061,4.15113229371961,2.76601011743274e-10,104694.080103982,0.740088198954405,0.000112980228776949,0.835679237021776,53830.3468428814,6422.40090419017,6422.82872669443,6422.36058423918,16149.1040528644,3077.7605425141,1926.84861800833,1926.70817527175
0.215,1,1,0,1,0,0,0,0,0,0,1,0,0,0,0.059,0.059,0,0.045,0,0,0,0.494175075982153,2.40326493371271,Inf,0.045,0.045,0.035,0.04,4.62727620658957,4.17426754036777,2.79301275583991e-10,104552.867835275,0.73410501516623,0.000112974771515981,0.836548188891841,53779.9334133886,6476.61911625754,6477.0438796274,6476.57522485597,16133.9800240166,3110.29146975452,1943.11316388822,1942.97256745679
0.216,1,1,0,1,0,0,0,0,0,0,1,0,0,0,0.06,0.06,0,0.045,0,0,0,0.494043859811344,2.39983712079116,Inf,0.045,0.045,0.035,0.04,4.62896941264901,4.18353264189252,2.81310008319848e-10,104541.087472631,0.731258491892502,0.000112866864908398,0.736038776233578,53770.8493855491,6507.14235524225,6507.56307953152,6507.14350802468,16131.2548156647,3128.60541314535,1952.26892385946,1952.1430524074
0.217,1,1,0,1,0,0,0,0,0,0,1,0,0,0,0.061,0.061,0,0.045,0,0,0,0.492530167828612,2.40154606462981,Inf,0.045,0.045,0.035,0.04,4.64861148122867,4.17890768226116,2.82484016002703e-10,104748.343129904,0.733490068386953,0.000112854283523492,0.639681822602219,53910.4671109555,6488.59133746326,6489.01306317256,6488.63943044438,16173.1401332867,3117.47480247796,1946.70391895177,1946.59182913331
0.218,1,1,0,1,0,0,0,0,0,0,1,0,0,0,0.062,0.062,0,0.045,0,0,0,0.492159608790075,2.40795753604199,Inf,0.045,0.045,0.035,0.04,4.65345085156341,4.16165901563292,2.82762585470066e-10,104674.765963622,0.735787660989404,0.000112857183532406,0.539912808033137,53900.2409750535,6469.48950639178,6469.91238872481,6469.58833592196,16170.0722925161,3106.01370383507,1940.97371661744,1940.87650077659
0.219,1,1,0,1,0,0,0,0,0,0,1,0,0,0,0.063,0.063,0,0.045,0,0,0,0.492890581258007,2.41829772357842,Inf,0.045,0.045,0.035,0.04,4.64391631044278,4.1341789443783,2.82169034375844e-10,104289.392312101,0.737908161862454,0.000112852386852967,0.478026904756168,53720.9344770497,6451.84771141827,6452.27175868162,6451.97969324366,16116.2803431149,3095.42862685096,1935.68152760448,1935.5939079731
0.22,1,1,0,1,0,0,0,0,0,0,1,0,0,0,0.064,0.064,0,0.045,0,0,0,0.494603045141632,2.41887595624157,Inf,0.045,0.045,0.035,0.04,4.62176416898459,4.13265440668676,2.80806428710575e-10,103582.707868435,0.739642293402733,0.000112828009896481,0.470573326057729,53370.4382596648,6437.2577919571,6437.68286692884,6437.39501188485,16011.1314778994,3086.67467517426,1931.30486007865,1931.21850356545
0.221,1,1,0,1,0,0,0,0,0,0,1,0,0,0,0.065,0.065,0,0.045,0,0,0,0.497103954416819,2.42221653659797,Inf,0.045,0.045,0.035,0.04,4.58987047303399,4.12387180606287,2.78846693581368e-10,102585.413550831,0.740851406287172,0.000112793330002221,0.499131813088191,52872.4286073102,6426.74837340117,6427.1742336627,6426.8702601961,15861.7285821931,3080.3690240407,1928.15227009881,1928.06107805883
0.222,1,1,0,1,0,0,0,0,0,0,1,0,0,0,0.066,0.066,0,0.045,0,0,0,0.500136278595341,2.42841910150088,Inf,0.045,0.045,0.035,0.04,4.55191184395589,4.10767711689018,2.76512751108431e-10,101380.174449338,0.741486728696437,0.000112771735484323,0.5366166958956,52279.2064443627,6420.7706589361,6421.19701958735,6420.87502183346,15683.7619333088,3076.78239536166,1926.3591058762,1926.26250655004
0.223,1,1,0,1,0,0,0,0,0,0,1,0,0,0,0.067,0.067,0,0.045,0,0,0,0.501580463050398,2.43675860650257,Inf,0.045,0.045,0.035,0.04,4.53410193460599,4.08613017205609,2.74054446001367e-10,101237.433248043,0.746601602312666,0.00011290191771281,0.691218630116026,52323.4940775895,6387.19056464687,6387.61722998284,6387.21933501588,15697.0482232768,3056.63433878812,1916.28516899485,1916.16580050476
0.224,1,1,0,1,0,0,0,0,0,0,1,0,0,0,0.068,0.068,0,0.045,0,0,0,0.502203970334354,2.44632879898927,Inf,0.045,0.045,0.035,0.04,4.52646541286761,4.06171944380714,2.71720702239415e-10,100951.343143669,0.750908480288389,0.000112916633788904,0.707788349109564,52176.0361985613,6346.01339809363,6346.44291998877,6346.03834512974,15652.8108595684,3031.92803885618,1903.93287599663,1903.81150353892
0.225,1,1,0,1,0,0,0,0,0,0,1,0,0,0,0.069,0.069,0,0.045,0,0,0,0.502977854697311,2.45613242610421,Inf,0.045,0.045,0.035,0.04,4.51703090651906,4.0370569827311,2.69731815442058e-10,100528.597221252,0.753554299968332,0.000112939422890806,0.708989228840263,51962.6643625423,6319.27348630154,6319.70512450535,6319.30096361437,15588.7993087627,3015.88409178092,1895.9115373516,1895.79028908431
0.226,1,1,0,1,0,0,0,0,0,0,1,0,0,0,0.07,0.07,0,0.045,0,0,0,0.5038079079349,2.46163916677102,Inf,0.045,0.045,0.035,0.04,4.50696517184521,4.02335401593155,2.68256396182268e-10,100017.472337975,0.754439102672031,0.000112962040637534,0.702868610595424,51717.9412212394,6308.40473425395,6308.83758189772,6308.43611248103,15515.3823663718,3009.36284055237,1892.65127456932,1892.53083374431
0.227,1,1,0,1,0,0,0,0,0,0,1,0,0,0,0.071,0.071,0,0.045,0,0,0,0.504602538569237,2.45891310711406,Inf,0.045,0.045,0.035,0.04,4.49738051695975,4.03012416160505,2.67396711868624e-10,99497.4202747749,0.753603692507952,0.000112975187506971,0.701498222333642,51486.9165491537,6313.18826894797,6313.62135243178,6313.21932234149,15446.0749647461,3012.23296136878,1894.08640572953,1893.96579670245
0.228,1,1,0,1,0,0,0,0,0,0,1,0,0,0,0.0720000000000001,0.0720000000000001,0,0.045,0,0,0,0.505285531099493,2.45596535134588,Inf,0.045,0.045,0.035,0.04,4.48918240357924,4.03747440760386,2.67184150535467e-10,99193.2518507816,0.751212985160358,0.000112974836357327,0.710636466706,51411.9598990596,6331.94980477113,6332.38218585184,6331.9745967804,15423.5879697179,3023.48988286268,1899.71465575555,1899.59237903412
0.229,1,1,0,1,0,0,0,0,0,0,1,0,0,0,0.0730000000000001,0.0730000000000001,0,0.045,0,0,0,0.505803968988685,2.45306853407653,Inf,0.045,0.045,0.035,0.04,4.48298400392772,4.04472769186685,2.67584044048943e-10,99522.0644864615,0.747544594358513,0.000112964711798784,0.724310134298204,51569.768989374,6361.86720835237,6362.29807830053,6361.88333607405,15470.9306968122,3041.44032501142,1908.68942349016,1908.56500082221
0.23,1,1,0,1,0,0,0,0,0,0,1,0,0,0,0.0740000000000001,0.0740000000000001,0,0.045,0,0,0,0.504018054127336,2.4505000610445,Inf,0.045,0.045,0.035,0.04,4.50442554999572,4.05118389935323,2.68507196597143e-10,99784.543550616,0.747712041590108,0.000112897873554384,0.648939774311504,51708.8567983965,6362.72717094699,6363.15697633445,6362.79401671062,15512.6570395189,3041.95630256819,1908.94709290034,1908.83820501318
0.231,1,1,0,1,0,0,0,0,0,0,1,0,0,0,0.0750000000000001,0.0750000000000001,0,0.045,0,0,0,0.50232516400249,2.44851427824363,Inf,0.045,0.045,0.035,0.04,4.52498473262939,4.05619165966731,2.69824838238714e-10,99989.6933690181,0.746526277664405,0.000112939173133918,0.648935453195254,51834.7737453637,6371.89919498662,6372.32879358417,6371.96639091708,15550.4321236091,3047.45951699197,1911.69863807525,1911.58991727512
0.232,1,1,0,1,0,0,0,0,0,0,1,0,0,0,0.0760000000000001,0.0760000000000001,0,0.045,0,0,0,0.500932063889957,2.44730902007255,Inf,0.045,0.045,0.035,0.04,4.54207693121439,4.05923801400447,2.71384290365758e-10,100147.752806181,0.744475236206739,0.000112967860774826,0.660218517752907,51947.6964654478,6388.88214414354,6389.31101193042,6388.9390399112,15584.3089396343,3057.64928648612,1916.79330357912,1916.68171197336
0.233,1,1,0,1,0,0,0,0,0,0,1,0,0,0,0.0770000000000001,0.0770000000000001,0,0.045,0,0,0,0.499949915393921,2.44178918956192,Inf,0.045,0.045,0.035,0.04,4.55422260641095,4.0732569221156,2.73023764004589e-10,100255.691425275,0.741754706263509,0.00011297684862557,0.696125967824858,52037.407106732,6411.59072427542,6412.0184182629,6411.62429539512,15611.2221320196,3071.27443456525,1923.60552547887,1923.48728861854
0.234,1,1,0,1,0,0,0,0,0,0,1,0,0,0,0.0780000000000001,0.0780000000000001,0,0.045,0,0,0,0.499446471769291,2.4348191426775,Inf,0.045,0.045,0.035,0.04,4.56047931000492,4.09111814366939,2.74585730502971e-10,100291.71868776,0.738611889182668,0.000112972613447328,0.746482845150648,52084.0204347847,6437.59276260778,6438.0189599465,6437.59761603084,15625.2061304354,3086.87565756467,1931.40568798395,1931.27928480925
0.235,1,1,0,1,0,0,0,0,0,0,1,0,0,0,0.0790000000000001,0.0790000000000001,0,0.045,0,0,0,0.499442084557635,2.43028599973388,Inf,0.045,0.045,0.035,0.04,4.56053392593791,4.10283105760024,2.75928839365585e-10,100220.203186445,0.735344477478371,0.00011296938296381,0.786115902524902,52064.0138215273,6464.30399563562,6464.72853052234,6464.2870737564,15619.2041464582,3102.90239738137,1939.4185591567,1939.28612212692
0.236,1,1,0,1,0,0,0,0,0,0,1,0,0,0,0.0800000000000001,0.0800000000000001,0,0.045,0,0,0,0.499392374491751,2.42844720614181,Inf,0.045,0.045,0.035,0.04,4.56115287310535,4.10760406655145,2.76938400532616e-10,100098.215487728,0.733869016098373,0.000112966473772826,0.818810235751784,52011.8822225097,6479.94733312209,6480.36962416918,6479.90622356393,15603.5646667529,3112.28839987325,1944.11088725075,1943.97186706918
0.237,1,1,0,1,0,0,0,0,0,0,1,0,0,0,0.0810000000000001,0.0810000000000001,0,0.045,0,0,0,0.498589885631156,2.42930890472566,Inf,0.045,0.045,0.035,0.04,4.57117329225647,4.10536575416262,2.77535179201478e-10,100182.497906164,0.73508742143316,0.00011294084228957,0.779868050494439,52085.5559231578,6470.82187422272,6471.24469768203,6470.80024544219,15625.6667769473,3106.81312453363,1941.37340930461,1941.24007363266
0.238,1,1,0,1,0,0,0,0,0,0,1,0,0,0,0.0820000000000001,0.0820000000000001,0,0.045,0,0,0,0.498385926775666,2.43263384392203,Inf,0.045,0.045,0.035,0.04,4.57372864831404,4.0967550588758,2.77681875726946e-10,100141.426966474,0.736326104026465,0.000112934911723366,0.706158631078965,52085.8092360437,6461.57918511211,6462.00261791661,6461.59485552572,15625.7427708131,3101.26751106727,1938.60078537498,1938.47845665772
0.239,1,1,0,1,0,0,0,0,0,0,1,0,0,0,0.0830000000000001,0.0830000000000001,0,0.045,0,0,0,0.498764248729612,2.43796578825105,Inf,0.045,0.045,0.035,0.04,4.56899150015617,4.08303251714004,2.77386356568456e-10,99940.8684531523,0.737468984743766,0.000112934705973043,0.628390531661541,51993.1104392987,6453.22902031748,6453.65307145469,6453.28479721722,15597.9331317896,3096.25741219049,1936.09592143641,1935.98543916517
0.24,1,1,0,1,0,0,0,0,0,0,1,0,0,0,0.0840000000000001,0.0840000000000001,0,0.045,0,0,0,0.499656075777784,2.43795362554895,Inf,0.045,0.045,0.035,0.04,4.55787183552638,4.08306370012899,2.76700626958561e-10,99558.2556514494,0.738412368970013,0.000112922567324141,0.579551794406902,51799.9276174551,6446.50562550334,6446.93022729303,6446.58814216708,15539.9782852365,3092.223375302,1934.07906818791,1933.97644265012
0.241,1,1,0,1,0,0,0,0,0,0,1,0,0,0,0.0850000000000001,0.0850000000000001,0,0.045,0,0,0,0.500946859175321,2.43968678693951,Inf,0.045,0.045,0.035,0.04,4.5418945728306,4.0786256681626,2.75714837670222e-10,98999.1137853588,0.739078413020014,0.000112891986725625,0.568432651393667,51517.764759417,6441.8044783243,6442.22949775828,6441.89420855874,15455.3294278251,3089.40268699458,1932.66884932748,1932.56826256762
0.242,1,1,0,1,0,0,0,0,0,0,1,0,0,0,0.0860000000000001,0.0860000000000001,0,0.045,0,0,0,0.502487770565013,2.44290549624456,Inf,0.045,0.045,0.035,0.04,4.5229999585446,4.07041286088579,2.74546363053313e-10,98306.9503516873,0.739430679928812,0.000112853326344514,0.575725094610418,51178.8928462916,6439.2074393983,6439.63271038111,6439.29213426613,15353.6678538875,3087.84446363898,1931.88981311433,1931.78764027984
0.243,1,1,0,1,0,0,0,0,0,0,1,0,0,0,0.0870000000000001,0.0870000000000001,0,0.045,0,0,0,0.503117904477175,2.44719579691514,Inf,0.045,0.045,0.035,0.04,4.51532870249145,4.05952446101058,2.73325071838788e-10,98250.4736480845,0.74247581105467,0.000112907119441646,0.644178234308942,51263.4874339897,6421.25579788347,6421.6815404353,6421.30656801964,15379.0462301969,3077.07347873008,1926.50446213059,1926.39197040589
0.244,1,1,0,1,0,0,0,0,0,0,1,0,0,0,0.0880000000000001,0.0880000000000001,0,0.045,0,0,0,0.503457203657142,2.45205165949512,Inf,0.045,0.045,0.035,0.04,4.51121129393256,4.04728092108477,2.7217701787726e-10,98070.3054777686,0.744885845527088,0.000112912328474981,0.665041287641095,51168.5801033627,6401.64571082803,6402.07297895146,6401.68891865682,15350.5740310088,3065.30742649682,1920.62189368544,1920.50667559705
0.245,1,1,0,1,0,0,0,0,0,0,1,0,0,0,0.0890000000000001,0.0890000000000001,0,0.045,0,0,0,0.503874310270912,2.4569406725876,Inf,0.045,0.045,0.035,0.04,4.50616231744185,4.03503903238869,2.71209445277091e-10,97788.8434112274,0.746359206607045,0.000112925837120036,0.676667378959771,51026.3813780412,6389.03879081969,6389.46716080534,6389.07886920484,15307.9144134124,3057.74327449181,1916.8401482416,1916.72366076145
0.246,1,1,0,1,0,0,0,0,0,0,1,0,0,0,0.0900000000000001,0.0900000000000001,0,0.045,0,0,0,0.504314330661995,2.45941307684383,Inf,0.045,0.045,0.035,0.04,4.50085101481849,4.028880531163,2.70499839366424e-10,97438.7789827151,0.746846665623729,0.000112945092201475,0.678739896671084,50862.7786510125,6383.94581167244,6384.37479208365,6383.98635644641,15258.8335953038,3054.68748700346,1915.31243762509,1915.19590693392
0.247,1,1,0,1,0,0,0,0,0,0,1,0,0,0,0.0910000000000001,0.0910000000000001,0,0.045,0,0,0,0.504726028228757,2.45826680030297,Inf,0.045,0.045,0.035,0.04,4.495895512864,4.03173310011844,2.70090689418002e-10,97077.7813210939,0.746376485538361,0.0001129631823825,0.678031441626006,50711.2234449988,6386.1456272941,6386.5747051372,6386.18625061546,15213.3670334996,3056.00737637646,1915.97241154116,1915.85587518464
0.248,1,1,0,1,0,0,0,0,0,0,1,0,0,0,0.0920000000000001,0.0920000000000001,0,0.045,0,0,0,0.50507004250721,2.45698536138774,Inf,0.045,0.045,0.035,0.04,4.49176498569523,4.0349275253527,2.69990026477196e-10,97006.1054957023,0.745039330643637,0.000112973389925353,0.68303679541826,50749.7040582485,6394.81646606554,6395.24514742598,6394.85303044741,15224.9112174745,3061.20987963932,1918.57354422779,1918.45590913422
0.249,1,1,0,1,0,0,0,0,0,0,1,0,0,0,0.0930000000000001,0.0930000000000001,0,0.045,0,0,0,0.505323058784573,2.4556780141941,Inf,0.045,0.045,0.035,0.04,4.48873301666127,4.03819253165306,2.70176317591019e-10,97093.538975141,0.742981132102616,0.000112973799079908,0.696475503839039,50791.5803047249,6408.68059368535,6409.10844185763,6408.70858281032,15237.4740914175,3069.52835621121,1922.73253255729,1922.6125748431
0.25,1,1,0,1,0,0,0,0,0,0,1,0,0,0,0.0940000000000001,0.0940000000000001,0,0.045,0,0,0,0.504491552096376,2.45447525820418,Inf,0.045,0.045,0.035,0.04,4.49871619682896,4.04120169087265,2.70605533945109e-10,97133.0867614944,0.74305369594997,0.000112877316208347,0.612906572459001,50823.0200669709,6409.14310939401,6409.57031856736,6409.21455201039,15246.9060200913,3069.80586563641,1922.87109557021,1922.76436560312
0.251,1,1,0,1,0,0,0,0,0,0,1,0,0,0,0.0950000000000001,0.0950000000000001,0,0.045,0,0,0,0.503682710857905,2.45075355607894,Inf,0.045,0.045,0.035,0.04,4.5084798564719,4.05054565379756,2.69919897169307e-10,97148.6082217555,0.733056745051355,0.00011583891503393,0.805549344429298,50856.7457913599,6370.82694330662,6355.62733543331,6355.35118652956,15257.023737408,3046.81616598397,1906.68820062999,1906.60535595887
0.252,1,1,0,1,0,0,0,0,0,0,1,0,0,0,0.0960000000000001,0.0960000000000001,0,0.045,0,0,0,0.50300462001223,2.44696548131448,Inf,0.045,0.045,0.035,0.04,4.51670547155295,4.06010728700964,2.67605985821181e-10,97162.45102264,0.708093090544035,0.000118631193325958,0.752031199121701,50898.8595046601,6226.45385347724,6157.31872388047,6156.97362178645,15269.657851398,2960.19231208634,1847.19561716414,1847.09208653594
0.253,1,1,0,1,0,0,0,0,0,0,1,0,0,0,0.0970000000000001,0.0970000000000001,0,0.045,0,0,0,0.502518579247424,2.44555853991441,Inf,0.045,0.045,0.035,0.04,4.52262414891774,4.06367179452365,2.63859586836094e-10,97181.6934554449,0.667538261413791,0.000119759974996085,0.944045445518435,50944.0665782597,5949.16281371773,5779.1320134382,5778.60110892386,15283.2199734779,2793.81768823064,1733.73960403146,1733.58033267716
0.254,1,1,0,1,0,0,0,0,0,0,1,0,0,0,0.0980000000000001,0.0980000000000001,0,0.045,0,0,0,0.501425617552237,2.45123208186233,Inf,0.045,0.045,0.035,0.04,4.53600333753318,4.049341457829,8.24431171774484e-10,97243.4210440693,0.608085851717376,0.000119733273849359,1.23890243003741,51053.4084145862,5536.53898341042,5241.75699135612,5241.0729935657,15316.0225243759,2546.24339004625,1572.52709740684,1572.32189806971
0.255,1,1,0,1,0,0,0,0,0,0,1,0,0,0,0.0990000000000001,0.0990000000000001,0,0.045,0,0,0,0.50117122676591,2.47687285251006,Inf,0.045,0.045,0.035,0.04,4.53913134197192,3.98599755233964,6.76045692173102e-10,96881.5850488674,0.536612296518681,0.00011960354682288,1.3671990524457,51078.0234816476,5007.72736383337,4615.53256408315,4614.78561703424,15323.4070444943,2228.95641830002,1384.65976922494,1384.43568511027
0.256,1,1,0,1,0,0,0,0,0,0,1,0,0,0,0.1,0.1,0,0.045,0,0,0,0.505214641909452,2.47628920657689,Inf,0.045,0.045,0.035,0.04,4.49003159071635,3.98741407066876,4.82041180545488e-10,95493.9650672542,0.46447525849649,0.000119960944691924,1.26007047344727,50692.2196430406,4455.8233717072,4008.64931076605,4007.95662234993,15207.6658929122,1897.81402302432,1202.59479322981,1202.38698670498
0.257,1,1,0,1,0,0,0,0,0,0,1,0,0,0,0.101,0.101,0,0.045,0,0,0,0.516486302709875,2.47802846585413,Inf,0.045,0.045,0.035,0.04,4.35981024188876,3.98319628121307,4.86938938220055e-10,92707.1854660834,0.408604061153431,0.000120693737329619,1.09244382618047,49677.1057928696,4007.94341800057,3540.93296086909,3540.32917939587,14903.1317378609,1629.08605080034,1062.27988826073,1062.09875381876
0.258,1,1,0,1,0,0,0,0,0,0,1,0,0,0,0.102,0.102,0,0.045,0,0,0,0.541062730019868,2.50421456785452,Inf,0.045,0.045,0.035,0.04,4.10602571604664,3.92091652704688,4.88260209866475e-10,87915.1060586751,0.379588465275619,0.000122278500488976,1.12655225960139,47724.5957764862,3777.74963909993,3287.7028186258,3287.08086948003,14317.3787329458,1490.96978345996,986.310845587741,986.12426084401
0.259,1,1,0,1,0,0,0,0,0,0,1,0,0,0,0.103,0.103,0,0.045,0,0,0,0.584227025549355,2.57832803302062,Inf,0.045,0.045,0.035,0.04,3.74040444849434,3.75629420362994,4.81716514530993e-10,81113.955673003,0.373223868623489,0.000124404434484181,1.25243175875391,41906.7847571115,3723.61414655872,3219.65591216646,3218.99316203262,12572.0354271334,1458.48848793523,965.896773649939,965.697948609786
0.26,1,1,0,1,0,0,0,0,0,0,1,0,0,0,0.104,0.104,0,0.045,0,0,0,0.65249235978924,2.72153058136085,Inf,0.045,0.045,0.035,0.04,3.30892176154426,3.48017449184475,4.66146466484249e-10,78407.0236133913,0.374676757613591,0.000126498636449842,1.38793032063343,40798.4347447093,3723.74905586943,3219.65175280462,3218.98778922029,12239.5304234128,1458.56943352166,965.895525841385,965.696336766088
0.261,1,1,0,1,0,0,0,0,0,0,1,0,0,0,0.105,0.105,0,0.045,0,0,0,0.729139831266344,2.95815386507818,Inf,0.045,0.045,0.035,0.04,2.96268225077715,3.11714307004919,4.43760277181659e-10,73620.3928602176,0.382258797188695,0.000128115174380463,1.46112765213274,38734.0572145653,3524.17302150603,3164.77154018095,3164.1170097471,11620.2171643696,1338.82381290362,949.431462054284,949.235102924129
0.262,1,1,0,1,0,0,0,0,0,0,1,0,0,0,0.106,0.106,0,0.045,0,0,0,0.846620453435066,3.31306673404144,Inf,0.045,0.045,0.035,0.04,2.59922943765762,2.72058491030602,4.19606198904304e-10,67208.095019802,0.366706757131015,0.000129127486315347,1.46342862415021,35816.9887274138,3362.26561407515,2979.47673233234,2978.78052136668,10745.0966182241,1241.67936844509,893.843019699702,893.634156410003
0.263,1,1,0,1,0,0,0,0,0,0,1,0,0,0,0.107,0.107,0,0.045,0,0,0,0.962692078506868,3.78101112829442,Inf,0.045,0.045,0.035,0.04,2.35620257911257,2.36338854069225,4.00079073994256e-10,63652.6556510861,0.30912069627387,0.000129650910414988,1.52546561576158,34531.6502395245,3061.93602554894,2642.38991112718,2641.57648815031,10359.4950718574,1061.48161532937,792.716973338153,792.472946445094
0.264,1,1,0,1,0,0,0,0,0,0,1,0,0,0,0.108,0.108,0,0.045,0,0,0,0.997624379258824,4.25202709816516,Inf,0.045,0.045,0.035,0.04,2.29779318407415,2.11579282644969,3.90258440291201e-10,63533.0715682895,0.256819800286631,0.000129857571059631,1.76618751778839,34063.2319528319,2539.80504837205,2175.21551221516,2174.24662932639,10218.9695858496,761.941514511615,652.564653664547,652.273988797916
0.265,1,1,0,1,0,0,0,0,0,0,1,0,0,0,0.109,0.109,0,0.045,0,0,0,0.997470565933522,4.52661978982481,Inf,0.045,0.045,0.035,0.04,2.29803837605886,2.00461340889561,3.91050646558734e-10,63455.8713281192,0.199057306587416,0.000129884579274095,2.06382277263683,33987.5782154677,1932.41967605996,1629.04402472172,1627.96103775531,10196.2734646403,579.725902817987,488.713207416515,488.388311326594
0.266,1,1,0,1,0,0,0,0,0,0,1,0,0,0,0.11,0.11,0,0.045,0,0,0,1.01398033263135,4.57456442639507,Inf,0.045,0.045,0.035,0.04,2.27228598438206,1.9871182378425,3.98497950583433e-10,62157.8686960036,0.147684486762711,0.000129893979181726,2.20765777820844,33663.4538665618,1321.85907044757,1071.25541252178,1070.17797792,10099.0361599685,396.557721134272,321.376623756533,321.053393376001
0.267,1,1,0,1,0,0,0,0,0,0,1,0,0,0,0.111,0.111,0,0.045,0,0,0,1.09136625700376,4.58790180076068,Inf,0.045,0.045,0.035,0.04,2.16512668990154,1.98234261869148,4.06074715290677e-10,58914.8003907798,0.116174225240414,0.000130159448828071,2.11583874207034,32684.3502050586,817.011660239453,573.349974586674,572.432416484225,9805.30506151758,387.84,320,320
0.268,1,1,0,1,0,0,0,0,0,0,1,0,0,0,0.112,0.112,0,0.045,0,0,0,1.29724000104697,4.76688424864162,Inf,0.045,0.045,0.035,0.04,1.95790740723736,1.92183727570303,4.07863098800644e-10,53645.8271788021,0.108186016906899,0.000131012879250074,1.88998130820035,30933.8704013033,561.711434410845,200.022457014769,199.391834548359,9280.16112039098,387.84,320,320
0.269,1,1,0,1,0,0,0,0,0,0,1,0,0,0,0.113,0.113,0,0.045,0,0,0,1.87025675930217,5.31288810163321,Inf,0.045,0.045,0.035,0.04,1.66204092741109,1.77097773474706,4.00649631357727e-10,48417.8908964421,0.108600049617288,0.000132630042887795,1.73425197830514,24535.5050127369,558.644362059804,0.131402553734169,0.887731360951741,7360.65150382108,387.84,320,320
0.27,1,1,0,1,0,0,0,0,0,0,1,0,0,0,0.114,0.114,0,0.045,0,0,0,5.19256567798761,6.70006336772443,Inf,0.045,0.045,0.035,0.04,1.30968516471254,1.5271824241685,3.84755874974996e-10,45389.8653463872,0.101978988457703,0.000134831484554921,1.72668745761613,23317.8649040469,558.743782978162,0.262633825366133,0.98971134804951,6995.35947121406,387.84,320,320
0.271,0,1,0,1,0,0,0,0,0,0,1,0,0,0,0,0.115,0,0.045,0,0,0,Inf,11.083433170474,Inf,0.045,0.045,0.035,0.04,0.944650291236454,1.21925997285409,3.65556155283047e-10,41604.5824344495,0.136708487760283,0.000134188552337426,1.99697741964464,21767.3261144785,919.478839871961,0.262462959267449,1.08753004771671,6530.19783434354,387.84,320,320
0.272,0,1,0,1,0,0,0,0,0,0,1,0,0,0,0,0.116,0,0.045,0,0,0,Inf,163.239651829488,Inf,0.045,0.045,0.035,0.04,0.613891896175367,0.883078893846093,3.48550220852316e-10,37688.9432688471,0.184890842652495,0.000134187372360272,1.69458959054312,20068.7706324822,980.375644132306,121.46715214369,0.955764182593996,6020.63118974467,387.84,320,320
0.273,0,0,0,1,0,0,0,0,0,0,1,0,0,0,0,0,0,0.045,0,0,0,Inf,Inf,Inf,0.045,0.045,0.035,0.04,0.359738166291397,0.560165735058122,3.38918865181016e-10,34392.0282343615,0.14379401323052,0.000136535074843502,1.07172792629539,18438.2039866525,597.411043076583,0.269342100967185,0.691686449582612,5531.46119599575,387.84,320,320
0.274,0,0,0,1,0,0,0,0,0,0,1,0,0,0,0,0,0,0.045,0,0,0,Inf,Inf,Inf,0.045,0.045,0.035,0.04,0.184351670781048,0.287224286192977,6.72184160375662e-10,32265.9988918169,0.10684274965405,0.000135640083438791,1.04407995688176,17066.9819004527,306.289128006308,0.268896726013505,459.089020600695,5120.09457013582,387.84,320,320
0.275,0,0,0,1,0,0,0,0,0,0,1,0,0,0,0,0,0,0.045,0,0,0,Inf,Inf,Inf,0.045,0.045,0.035,0.04,0.0591579117826899,0.0922612161226335,5.38430786544196e-10,31383.338277355,0.0787496769793809,0.000134576645444296,1.34639004196274,16098.2722055654,98.3414626494947,0.267999374013867,147.050755949832,4829.48166166963,387.84,320,320
0.276,0,0,0,1,0,0,0,0,0,0,1,0,0,0,0,0,0,0.045,0,0,0,Inf,Inf,Inf,0.045,0.045,0.035,0.04,2.00543185423547e-08,8.36189190734917e-05,2.63823659729492e-11,31524.8345107079,0.0607641565906523,0.000133594954065508,1.40471956202656,15762.4173036855,0.151566856230171,0.267047402808013,0.898188093092093,4728.72519110566,387.84,320,320
0.277,0,0,0,1,0,0,0,0,0,0,1,0,0,0,0,0,0,0.045,0,0,0,Inf,Inf,Inf,0.045,0.045,0.035,0.04,2.09642152305418e-08,8.38134836491464e-05,2.63918068097112e-11,31350.0354348551,0.0487122843668543,0.000133418773916793,1.25975366214903,15675.0178597513,0.141509718418718,0.267570910095512,0.77689809092721,4702.5053579254,387.84,320,320
0.278,0,0,0,1,0,0,0,0,0,0,1,0,0,0,0,0,0,0.045,0,0,0,Inf,Inf,Inf,0.045,0.045,0.035,0.04,2.14812273985172e-08,8.3833570136766e-05,2.63231923367696e-11,31344.3337129924,0.040082730325229,0.000133289055751064,1.52652112291373,15672.1669385836,0.132967413341518,0.267663375383538,0.862545335284696,4701.65008157507,387.84,320,320
0.279,0,0,0,1,0,0,0,0,0,0,1,0,0,0,0,0,0,0.045,0,0,0,Inf,Inf,Inf,0.045,0.045,0.035,0.04,2.16992166153999e-08,8.38300821171833e-05,2.61781482043917e-11,31320.6023577655,0.0342735711802862,0.000133350801822124,1.73678536607867,15660.3013159779,0.126567620922615,0.267625004019853,0.956208017028402,4698.09039479338,387.84,320,320
0.28,0,0,0,1,0,0,0,0,0,0,1,0,0,0,0,0,0,0.045,0,0,0,Inf,Inf,Inf,0.045,0.045,0.035,0.04,2.34121812951624e-08,8.3768921696425e-05,2.60264115600991e-11,31219.3624298889,0.0304823087167159,0.000133461395173305,1.56273412847345,15609.6814104778,0.122487333917773,0.267367243910047,0.872642146713767,4682.90442314335,387.84,320,320
0.281,0,0,0,1,0,0,0,0,0,0,1,0,0,0,0,0,0,0.045,0,0,0,Inf,Inf,Inf,0.045,0.045,0.035,0.04,2.4787134210288e-08,8.35361052116119e-05,2.59580769456998e-11,31032.6200251816,0.0279250701547616,0.000133361269239459,1.20500579309211,15516.3102565742,0.120549185861053,0.266678107461402,0.729776346032975,4654.89307697226,387.84,320,320
0.282,0,0,0,1,0,0,0,0,0,0,1,0,0,0,0,0,0,0.045,0,0,0,Inf,Inf,Inf,0.045,0.045,0.035,0.04,2.53536098111878e-08,8.34699649415514e-05,2.60093271954246e-11,30884.7830878216,0.0259736369711857,0.000133071383440994,1.42024691953918,15442.3918603772,0.120325662523646,0.267138807504627,0.812465685865559,4632.71755811317,387.84,320,320
0.283,0,0,0,1,0,0,0,0,0,0,1,0,0,0,0,0,0,0.045,0,0,0,Inf,Inf,Inf,0.045,0.045,0.035,0.04,2.53191295248439e-08,8.35093416878583e-05,2.61324174367931e-11,30943.338638797,0.0242168915783412,0.000133264566458041,1.44343518976135,15471.6696317914,0.121298634799264,0.267133291593414,0.822846066876154,4641.5008895374,387.84,320,320
0.284,0,0,0,1,0,0,0,0,0,0,1,0,0,0,0,0,0,0.045,0,0,0,Inf,Inf,Inf,0.045,0.045,0.035,0.04,2.48556829303069e-08,8.36299441856036e-05,2.62392042070362e-11,30928.6770290298,0.0224394720783177,0.000133665832743897,1.18519082586138,15464.3388222355,0.122956963142138,0.267303913640901,0.698835317965454,4639.30164667064,387.84,320,320
0.285,0,0,0,1,0,0,0,0,0,0,1,0,0,0,0,0,0,0.045,0,0,0,Inf,Inf,Inf,0.045,0.045,0.035,0.04,2.4098123869536e-08,8.36849096464385e-05,2.62758649316324e-11,30842.0373789565,0.0205656355337985,0.000133994094580092,1.14973472048445,15421.0189921961,0.124830574383409,0.267352155537055,0.700948497996476,4626.30569765884,387.84,320,320
0.286,0,0,0,1,0,0,0,0,0,0,1,0,0,0,0,0,0,0.045,0,0,0,Inf,Inf,Inf,0.045,0.045,0.035,0.04,2.31654694856912e-08,8.35046128754772e-05,2.62601665649393e-11,30712.3225867314,0.0186039711861457,0.000133941848485562,1.27319434728867,15356.1615913242,0.126533728555181,0.266867527775395,0.751093831302215,4606.84847739727,387.84,320,320
0.287,0,0,0,1,0,0,0,0,0,0,1,0,0,0,0,0,0,0.045,0,0,0,Inf,Inf,Inf,0.045,0.045,0.035,0.04,2.21797111111052e-08,8.3081633149208e-05,2.62512536408134e-11,30755.9151169574,0.0166062576391311,0.000133470349604016,1.20834058419549,15377.9578827478,0.127833656587451,0.265793038368408,0.721476513689886,4613.38736482435,387.84,320,320
0.288,0,0,0,1,0,0,0,0,0,0,1,0,0,0,0,0,0,0.045,0,0,0,Inf,Inf,Inf,0.045,0.045,0.035,0.04,2.1666564770591e-08,8.30941623801185e-05,2.62841982642381e-11,30790.0750938713,0.0146437256045987,0.000133415777462291,0.966955047091486,15395.0378572657,0.128686737852889,0.26556714239711,0.604177561097268,4618.51135717971,387.84,320,320
0.289,0,0,0,1,0,0,0,0,0,0,1,0,0,0,0,0,0,0.045,0,0,0,Inf,Inf,Inf,0.045,0.045,0.035,0.04,2.13294845461584e-08,8.32336592629356e-05,2.63334804388963e-11,30763.8119856291,0.0127991516941613,0.000133685142355374,0.822650602803146,15381.9062921621,0.129190589662637,0.265843643077962,0.654859538072202,4614.57188764864,387.84,320,320
0.29,0,0,0,1,0,0,0,0,0,0,1,0,0,0,0,0,0,0.045,0,0,0,Inf,Inf,Inf,0.045,0.045,0.035,0.04,2.09669338841315e-08,8.31627229256509e-05,2.63404217387012e-11,30707.8076793332,0.0111671293677308,0.000133612230836568,0.953008103538175,15353.90413126,0.129472834441467,0.265643908273944,0.6747445944074,4606.171239378,387.84,320,320
0.291,0,0,0,1,0,0,0,0,0,0,1,0,0,0,0,0,0,0.045,0,0,0,Inf,Inf,Inf,0.045,0.045,0.035,0.04,2.06077380597886e-08,8.2905673598819e-05,2.62739641999296e-11,30656.9708541192,0.0107082010688164,0.0001332331485778,1.35745985165944,15328.4857137973,0.128451407343508,0.26503905308685,0.844859504287854,4598.54571413919,387.84,320,320
0.292,0,0,0,1,0,0,0,0,0,0,1,0,0,0,0,0,0,0.045,0,0,0,Inf,Inf,Inf,0.045,0.045,0.035,0.04,2.02618231042599e-08,8.28119419757678e-05,2.6163994381869e-11,30634.8517763811,0.0103097462012493,0.000133235060758927,1.62432032295219,15317.4261725062,0.128591177361275,0.264889586172411,0.972516774809664,4595.22785175186,387.84,320,320
0.293,0,0,0,1,0,0,0,0,0,0,1,0,0,0,0,0,0,0.045,0,0,0,Inf,Inf,Inf,0.045,0.045,0.035,0.04,1.99417411825822e-08,8.29767973612021e-05,2.60770375073004e-11,30643.2871332397,0.00997501323810617,0.000133464468155433,1.55391444484883,15321.6438506066,0.128692665954653,0.265176222734249,0.93627757563789,4596.49315518199,387.84,320,320
0.294,0,0,0,1,0,0,0,0,0,0,1,0,0,0,0,0,0,0.045,0,0,0,Inf,Inf,Inf,0.045,0.045,0.035,0.04,1.97896989004593e-08,8.29787821695967e-05,2.60583210866829e-11,30661.2753050133,0.00972354256051161,0.000133434672633811,1.24193880915871,15330.6379378742,0.128747763572405,0.26510897244435,0.76468586938318,4599.19138136225,387.84,320,320
0.295,0,0,0,1,0,0,0,0,0,0,1,0,0,0,0,0,0,0.045,0,0,0,Inf,Inf,Inf,0.045,0.045,0.035,0.04,1.97431599660582e-08,8.28453412795086e-05,2.60955679738424e-11,30653.4816665558,0.00955813575731336,0.000133194487482642,1.22724801056716,15326.7411209817,0.128755457462209,0.264794497728938,0.777247341663836,4598.02233629451,387.84,320,320
0.296,0,0,0,1,0,0,0,0,0,0,1,0,0,0,0,0,0,0.045,0,0,0,Inf,Inf,Inf,0.045,0.045,0.035,0.04,1.96469593862784e-08,8.26900627304935e-05,2.6137428565514e-11,30584.9796010759,0.00946841754060168,0.000132929351010385,1.294736838645,15292.4900903883,0.12873173074622,0.264484369228044,0.810433110848645,4587.74702711649,387.84,320,320
0.297,0,0,0,1,0,0,0,0,0,0,1,0,0,0,0,0,0,0.045,0,0,0,Inf,Inf,Inf,0.045,0.045,0.035,0.04,1.96417878413621e-08,8.27758110908219e-05,2.61457375427161e-11,30436.6537794475,0.00964843548592475,0.000133161389079283,1.16573621673329,15218.3271804357,0.128321584541492,0.264702827377297,0.741290064839051,4565.49815413071,387.84,320,320
0.298,0,0,0,1,0,0,0,0,0,0,1,0,0,0,0,0,0,0.045,0,0,0,Inf,Inf,Inf,0.045,0.045,0.035,0.04,1.95843170905156e-08,8.30165285857003e-05,2.61309846599771e-11,30446.5731704226,0.00980545443835344,0.000133531277061592,0.983125546202243,15223.2868734292,0.128333256827946,0.265346341474002,0.628607285364025,4566.98606202875,387.84,320,320
0.299,0,0,0,1,0,0,0,0,0,0,1,0,0,0,0,0,0,0.045,0,0,0,Inf,Inf,Inf,0.045,0.045,0.035,0.04,1.95211899491929e-08,8.30466114567711e-05,2.61393770570041e-11,30431.7202075444,0.00990226337486536,0.000133574185333356,1.07478011684847,15215.8603924273,0.128335813364042,0.265475971610595,0.700155504013593,4564.7581177282,387.84,320,320
0.3,0,0,0,1,0,0,0,0,0,0,1,0,0,0,0,0,0,0.045,0,0,0,Inf,Inf,Inf,0.045,0.045,0.035,0.04,1.94947329380735e-08,8.29381498571074e-05,2.62052385693513e-11,30344.0787270628,0.00994211542789717,0.000133399802046107,1.04600374020911,15172.0396517982,0.128375140038437,0.26524027584731,0.684823545154909,4551.61189553945,387.84,320,320
0.301,0,0,0,1,0,0,0,0,0,0,1,0,0,0,0,0,0,0.045,0,0,0,Inf,Inf,Inf,0.045,0.045,0.035,0.04,1.94178083773378e-08,8.28434327930032e-05,2.63141471437071e-11,30179.0204963646,0.00993910348650627,0.000133248224842683,0.941479585977718,15089.5105352777,0.128483612495627,0.265011720771897,0.561267490447909,4526.85316058332,387.84,320,320
0.302,0,0,0,1,0,0,0,0,0,0,1,0,0,0,0,0,0,0.045,0,0,0,Inf,Inf,Inf,0.045,0.045,0.035,0.04,1.94234056199659e-08,8.28459353273358e-05,2.64126262571539e-11,30110.1956870873,0.00991429450973066,0.000133249386953172,0.865359237862186,15055.0981305947,0.128632307242693,0.26501077819436,0.565781012273599,4516.52943917842,387.84,320,320
0.303,0,0,0,1,0,0,0,0,0,0,1,0,0,0,0,0,0,0.045,0,0,0,Inf,Inf,Inf,0.045,0.045,0.035,0.04,1.94262150944377e-08,8.28766715852645e-05,2.64539295143722e-11,30153.9888584691,0.00991617949532245,0.000133307982550738,0.864979836890377,15076.9947163103,0.128621752258378,0.26510713086989,0.54833439533477,4523.09841489308,387.84,320,320
0.304,0,0,0,1,0,0,0,0,0,0,1,0,0,0,0,0,0,0.045,0,0,0,Inf,Inf,Inf,0.045,0.045,0.035,0.04,1.93845021387225e-08,8.28161210354777e-05,2.6435541841254e-11,30125.9204454291,0.00992084938410413,0.000133219970623658,0.926712807582495,15062.9605091517,0.128660711127764,0.264983011455246,0.670278464048503,4518.8881527455,387.84,320,320
0.305,0,0,0,1,0,0,0,0,0,0,1,0,0,0,0,0,0,0.045,0,0,0,Inf,Inf,Inf,0.045,0.045,0.035,0.04,1.93076195218328e-08,8.27733340492812e-05,2.63952467536554e-11,30032.0526064678,0.00990827218071135,0.000133031520808842,1.16718563536747,15016.0265885076,0.12862150680256,0.264774699807335,0.797668869626197,4504.80797655227,387.84,320,320
0.306,0,0,0,1,0,0,0,0,0,0,1,0,0,0,0,0,0,0.045,0,0,0,Inf,Inf,Inf,0.045,0.045,0.035,0.04,1.92151854981478e-08,8.28116062594087e-05,2.63719700917233e-11,29936.5992049181,0.00987899520990421,0.000133094176217541,1.1625723126438,14968.2998854741,0.128511104863323,0.264857256489369,0.794428595133683,4490.48996564223,387.84,320,320
0.307,0,0,0,1,0,0,0,0,0,0,1,0,0,0,0,0,0,0.045,0,0,0,Inf,Inf,Inf,0.045,0.045,0.035,0.04,1.9231030752828e-08,8.28463794273593e-05,2.63703627099881e-11,30007.9286633397,0.00983245024108624,0.000133151050955478,1.04260680325422,15003.9646156051,0.128401402586414,0.264923875590024,0.713088362822073,4501.18938468152,387.84,320,320
0.308,0,0,0,1,0,0,0,0,0,0,1,0,0,0,0,0,0,0.045,0,0,0,Inf,Inf,Inf,0.045,0.045,0.035,0.04,1.92683037809037e-08,8.2791693160205e-05,2.63626178176397e-11,30009.5373928146,0.00977633747285581,0.000133064145765691,1.09198743128938,15004.7689808994,0.128364797861963,0.264787362840649,0.694108818414312,4501.43069426981,387.84,320,320
0.309,0,0,0,1,0,0,0,0,0,0,1,0,0,0,0,0,0,0.045,0,0,0,Inf,Inf,Inf,0.045,0.045,0.035,0.04,1.92590379934516e-08,8.2701309849883e-05,2.63229999353524e-11,29958.2833547569,0.00974094210988668,0.000132971385508992,1.30088046360533,14979.141961706,0.128517616272329,0.26460017800611,0.770201891403156,4493.74258851179,387.84,320,320
0.31,0,0,0,1,0,0,0,0,0,0,1,0,0,0,0,0,0,0.045,0,0,0,Inf,Inf,Inf,0.045,0.045,0.035,0.04,1.92023377641763e-08,8.27510074989e-05,2.62591784777291e-11,29887.8472507771,0.009732203321949,0.000133051179752217,1.38944283511636,14943.9239085689,0.128529531171599,0.264682372110307,0.809639543988119,4483.17717257067,387.84,320,320
0.311,0,0,0,1,0,0,0,0,0,0,1,0,0,0,0,0,0,0.045,0,0,0,Inf,Inf,Inf,0.045,0.045,0.035,0.04,1.91505285124125e-08,8.27888729465312e-05,2.62098577997407e-11,29880.8137022878,0.00972496440913636,0.000133108996480676,1.22936477998839,14940.4071340161,0.128556405401791,0.264718544665154,0.732696437828259,4482.12214020482,387.84,320,320
0.312,0,0,0,1,0,0,0,0,0,0,1,0,0,0,0,0,0,0.045,0,0,0,Inf,Inf,Inf,0.045,0.045,0.035,0.04,1.90924118457847e-08,8.27621760030578e-05,2.62115185403486e-11,29852.0627937403,0.00972161525678548,0.00013306079909784,0.98099502753758,14926.0316789194,0.128582559457993,0.264626672393132,0.634611728241309,4477.80950367582,387.84,320,320
0.313,0,0,0,1,0,0,0,0,0,0,1,0,0,0,0,0,0,0.045,0,0,0,Inf,Inf,Inf,0.045,0.045,0.035,0.04,1.90970573900341e-08,8.26668223548896e-05,2.62654983014163e-11,29838.1874199679,0.00972180660165226,0.000132903062538943,1.07461170613017,14919.0939921136,0.128595271079889,0.264428960319779,0.67075488980531,4475.72819763408,387.84,320,320
0.314,0,0,0,1,0,0,0,0,0,0,1,0,0,0,0,0,0,0.045,0,0,0,Inf,Inf,Inf,0.045,0.045,0.035,0.04,1.90833866180881e-08,8.27116931258971e-05,2.63368105969038e-11,29862.9864172953,0.00972310583904828,0.000133045039703097,1.06878061745812,14931.4934906249,0.128595237439407,0.264625857600895,0.668072555628805,4479.44804718748,387.84,320,320
0.315,0,0,0,1,0,0,0,0,0,0,1,0,0,0,0,0,0,0.045,0,0,0,Inf,Inf,Inf,0.045,0.045,0.035,0.04,1.90808518689326e-08,8.28959515602831e-05,2.63851136398501e-11,29867.9060739624,0.00972327909409462,0.000133341066449367,0.948230195426998,14933.9533189082,0.128593716690733,0.26509917430258,0.609689693571133,4480.18599567247,387.84,320,320
0.316,0,0,0,1,0,0,0,0,0,0,1,0,0,0,0,0,0,0.045,0,0,0,Inf,Inf,Inf,0.045,0.045,0.035,0.04,1.90226860061198e-08,8.30098482990997e-05,2.63978982026451e-11,29813.7664040876,0.00972215099551106,0.000133528987163759,0.890189408465006,14906.8834830531,0.128599765141302,0.265411523278887,0.589533986191811,4472.06504491594,387.84,320,320
0.317,0,0,0,1,0,0,0,0,0,0,1,0,0,0,0,0,0,0.045,0,0,0,Inf,Inf,Inf,0.045,0.045,0.035,0.04,1.89025658835399e-08,8.29681317835713e-05,2.63963477009482e-11,29683.6905436851,0.00972829499272746,0.000133469883870978,0.893650345128975,14841.8455510091,0.128655274905463,0.265333918101723,0.590921793447666,4452.55366530273,387.84,320,320
0.318,0,0,0,1,0,0,0,0,0,0,1,0,0,0,0,0,0,0.045,0,0,0,Inf,Inf,Inf,0.045,0.045,0.035,0.04,1.88371549037327e-08,8.27998214507287e-05,2.64103075437311e-11,29701.9342696641,0.00974323099984542,0.000133206073445145,0.84975702808927,14850.9674129839,0.128721185984706,0.264923480409629,0.570931095137723,4455.29022389516,387.84,320,320
0.319,0,0,0,1,0,0,0,0,0,0,1,0,0,0,0,0,0,0.045,0,0,0,Inf,Inf,Inf,0.045,0.045,0.035,0.04,1.88308149607206e-08,8.27778477402955e-05,2.64474731554418e-11,29694.4070791513,0.00974648190219802,0.000133042319256196,0.785163940148637,14847.2038176273,0.128627523266874,0.264799745577363,0.53859976968482,4454.16114528818,387.84,320,320
0.32,0,0,0,1,0,0,0,0,0,0,1,0,0,0,0,0,0,0.045,0,0,0,Inf,Inf,Inf,0.045,0.045,0.035,0.04,1.87964707239485e-08,8.28513851686285e-05,2.64862777243885e-11,29615.2894280292,0.00973606934018675,0.000133160198715186,0.739585223264863,14807.6449915476,0.128567007035377,0.26494643484088,0.513018946750924,4442.29349746428,387.84,320,320
0.321,0,0,0,1,0,0,0,0,0,0,1,0,0,0,0,0,0,0.045,0,0,0,Inf,Inf,Inf,0.045,0.045,0.035,0.04,1.87221289893158e-08,8.28267497992316e-05,2.64980721998567e-11,29463.2705958647,0.00973531253193606,0.000133120634638421,0.891146248757939,14731.635574329,0.128702888218604,0.26487585494627,0.62669354434997,4419.49067229869,387.84,320,320
0.322,0,0,0,1,0,0,0,0,0,0,1,0,0,0,0,0,0,0.045,0,0,0,Inf,Inf,Inf,0.045,0.045,0.035,0.04,1.86041463377179e-08,8.27339372376579e-05,2.64755013920529e-11,29454.1598510015,0.00973869958465553,0.000132972005784998,1.15370071705063,14727.0802000455,0.128658960899728,0.264663098280217,0.747478706369723,4418.12406001364,387.84,320,320
0.323,0,0,0,1,0,0,0,0,0,0,1,0,0,0,0,0,0,0.045,0,0,0,Inf,Inf,Inf,0.045,0.045,0.035,0.04,1.86121031970138e-08,8.26649966242793e-05,2.6439386329902e-11,29483.7512727217,0.00973875178418163,0.000132914049969492,1.26036399349321,14741.8759112055,0.12856820862485,0.264536134291496,0.800682200204544,4422.56277336165,387.84,320,320
0.324,0,0,0,1,0,0,0,0,0,0,1,0,0,0,0,0,0,0.045,0,0,0,Inf,Inf,Inf,0.045,0.045,0.035,0.04,1.85966468879275e-08,8.27159422334582e-05,2.64189563978728e-11,29441.1143672362,0.0097301054980844,0.000132992287797166,1.16981523237042,14720.5574582271,0.12848178733244,0.264591076674441,0.751602159530026,4416.16723746812,387.84,320,320
0.325,0,0,0,1,0,0,0,0,0,0,1,0,0,0,0,0,0,0.045,0,0,0,Inf,Inf,Inf,0.045,0.045,0.035,0.04,1.85400106067695e-08,8.27172037838524e-05,2.6425078963988e-11,29337.3625735056,0.00971468290646932,0.000132989948328376,1.00596944003833,14668.6815604924,0.128447011730815,0.264566752838171,0.649480791452745,4400.60446814773,387.84,320,320
0.326,0,0,0,1,0,0,0,0,0,0,1,0,0,0,0,0,0,0.045,0,0,0,Inf,Inf,Inf,0.045,0.045,0.035,0.04,1.84874136649639e-08,8.26835497427983e-05,2.64424795206637e-11,29320.7053848876,0.00971275408050714,0.000132933418805697,0.961078560505482,14660.3529653695,0.128558627916118,0.264501777807192,0.591553862523586,4398.10588961086,387.84,320,320
0.327,0,0,0,1,0,0,0,0,0,0,1,0,0,0,0,0,0,0.045,0,0,0,Inf,Inf,Inf,0.045,0.045,0.035,0.04,1.85271630082671e-08,8.26495443509927e-05,2.64475544632737e-11,29360.5218316519,0.00971326219476858,0.000132878845986544,1.02119290865512,14680.2611893604,0.128559360777218,0.264450393399822,0.60026494103603,4404.07835680811,387.84,320,320
0.328,0,0,0,1,0,0,0,0,0,0,1,0,0,0,0,0,0,0.045,0,0,0,Inf,Inf,Inf,0.045,0.045,0.035,0.04,1.84958660405076e-08,8.26890075247016e-05,2.64331854306383e-11,29332.1623477687,0.00971315787143668,0.000133008029137097,1.00639071948974,14666.0814469477,0.128571369732759,0.264593061068159,0.595241995430893,4399.82443408431,387.84,320,320
0.329,0,0,0,1,0,0,0,0,0,0,1,0,0,0,0,0,0,0.045,0,0,0,Inf,Inf,Inf,0.045,0.045,0.035,0.04,1.84095101240538e-08,8.27806398888373e-05,2.64168025003918e-11,29258.2301761305,0.00971389919011425,0.000133158396662159,0.863919588659272,14629.1153598499,0.128591413029071,0.264837165823756,0.579600992392564,4388.73460795497,387.84,320,320
0.33,0,0,0,1,0,0,0,0,0,0,1,0,0,0,0,0,0,0.045,0,0,0,Inf,Inf,Inf,0.045,0.045,0.035,0.04,1.83237500710257e-08,8.27760140895183e-05,2.64242696287118e-11,29256.8423026962,0.00972822562992196,0.000133154830653973,0.86220453474309,14628.4214218936,0.128662987875223,0.264832890706786,0.563519699916556,4388.52642656807,387.84,320,320
0.331,0,0,0,1,0,0,0,0,0,0,1,0,0,0,0,0,0,0.045,0,0,0,Inf,Inf,Inf,0.045,0.045,0.035,0.04,1.82861009999151e-08,8.27383383643325e-05,2.64651390434715e-11,29225.5663594871,0.00973839098295208,0.000133096589686882,0.879051454470176,14612.7834497105,0.128646064967624,0.264738704796392,0.565317667898921,4383.83503491314,387.84,320,320
0.332,0,0,0,1,0,0,0,0,0,0,1,0,0,0,0,0,0,0.045,0,0,0,Inf,Inf,Inf,0.045,0.045,0.035,0.04,1.83058383260077e-08,8.2737685219445e-05,2.65225674163322e-11,29209.9526305575,0.00973891084075086,0.000133096457415045,0.859773600401736,14604.9765856062,0.12864818940842,0.264737033610844,0.559593172159051,4381.49297568186,387.84,320,320
0.333,0,0,0,1,0,0,0,0,0,0,1,0,0,0,0,0,0,0.045,0,0,0,Inf,Inf,Inf,0.045,0.045,0.035,0.04,1.82846012815171e-08,8.27795047647345e-05,2.65672297522083e-11,29193.2357420618,0.00973501718975961,0.0001331652025677,0.788296041541,14596.6181410274,0.128676373489805,0.2648466481036,0.533292871358805,4378.98544230821,387.84,320,320
0.334,0,0,0,1,0,0,0,0,0,0,1,0,0,0,0,0,0,0.045,0,0,0,Inf,Inf,Inf,0.045,0.045,0.035,0.04,1.8214514621989e-08,8.28020913313513e-05,2.65816532674252e-11,29183.1291206158,0.00973369106600294,0.000133204971667253,0.78362421780982,14591.5648291693,0.128695726374216,0.264910225446844,0.54155653299637,4377.4694487508,387.84,320,320
0.335,0,0,0,1,0,0,0,0,0,0,1,0,0,0,0,0,0,0.045,0,0,0,Inf,Inf,Inf,0.045,0.045,0.035,0.04,1.82070030196807e-08,8.27424253744927e-05,2.65721572065553e-11,29199.020551402,0.00973984311857614,0.000133113387177077,0.842150431581976,14599.5105444168,0.128671905073701,0.264761994138091,0.617369087469224,4379.85316332505,387.84,320,320
0.336,0,0,0,1,0,0,0,0,0,0,1,0,0,0,0,0,0,0.045,0,0,0,Inf,Inf,Inf,0.045,0.045,0.035,0.04,1.81769150958758e-08,8.26768727504928e-05,2.65591791092073e-11,29154.2892828711,0.00974061830022443,0.000132892596869986,0.911655043284982,14577.1449096868,0.128615762855383,0.264405122043943,0.660050515133379,4373.14347290603,387.84,320,320
0.337,0,0,0,1,0,0,0,0,0,0,1,0,0,0,0,0,0,0.045,0,0,0,Inf,Inf,Inf,0.045,0.045,0.035,0.04,1.81181019584172e-08,8.27152057911236e-05,2.65565914019468e-11,29034.5545404059,0.0097329251186972,0.00013294243168134,0.886571699975889,14517.2775375584,0.128581559466406,0.264639305656083,0.641206555759091,4355.18326126752,387.84,320,320
0.338,0,0,0,1,0,0,0,0,0,0,1,0,0,0,0,0,0,0.045,0,0,0,Inf,Inf,Inf,0.045,0.045,0.035,0.04,1.80927211004202e-08,8.27354470263987e-05,2.65602618460428e-11,29061.6306013664,0.00972283699786002,0.000132974720020806,0.890602848937286,14530.8155677409,0.128575895902442,0.264674426676861,0.619029542191089,4359.24467032226,387.84,320,320
0.339,0,0,0,1,0,0,0,0,0,0,1,0,0,0,0,0,0,0.045,0,0,0,Inf,Inf,Inf,0.045,0.045,0.035,0.04,1.81057793233699e-08,8.27057555396906e-05,2.65560987546467e-11,29058.3671085989,0.00972035259735771,0.000132926705158612,1.00550456041264,14529.183821573,0.128544566423193,0.264600824926607,0.649680597960766,4358.75514647191,387.84,320,320
0.34,0,0,0,1,0,0,0,0,0,0,1,0,0,0,0,0,0,0.045,0,0,0,Inf,Inf,Inf,0.045,0.045,0.035,0.04,1.80689491177312e-08,8.26324097331027e-05,2.65379669209721e-11,28982.2271870038,0.00971748307999314,0.000132831965102891,1.12705323138974,14491.1138602158,0.128547266063763,0.264408213521197,0.69900596038528,4347.33415806474,387.84,320,320
0.341,0,0,0,1,0,0,0,0,0,0,1,0,0,0,0,0,0,0.045,0,0,0,Inf,Inf,Inf,0.045,0.045,0.035,0.04,1.79678907254383e-08,8.2642456179184e-05,2.65170112441139e-11,28835.8889929984,0.00971567896165704,0.000132872505086497,1.1276349444839,14417.944761676,0.128494788420851,0.264434751524735,0.699165983484432,4325.38342850279,387.84,320,320
0.342,0,0,0,1,0,0,0,0,0,0,1,0,0,0,0,0,0,0.045,0,0,0,Inf,Inf,Inf,0.045,0.045,0.035,0.04,1.7883692658073e-08,8.26656262303842e-05,2.65129031711145e-11,28876.8623602425,0.00971457942663289,0.000132906380135457,0.989488560798996,14438.431444125,0.128577583433151,0.264459807302975,0.630492737966189,4331.52943323751,387.84,320,320
0.343,0,0,0,1,0,0,0,0,0,0,1,0,0,0,0,0,0,0.045,0,0,0,Inf,Inf,Inf,0.045,0.045,0.035,0.04,1.7901812834744e-08,8.26691810583237e-05,2.65358150389343e-11,28891.340580752,0.00971575820822319,0.000132908587540205,0.863760588413874,14445.6705546612,0.128586847282859,0.264468475621607,0.58409096100926,4333.70116639835,387.84,320,320
0.344,0,0,0,1,0,0,0,0,0,0,1,0,0,0,0,0,0,0.045,0,0,0,Inf,Inf,Inf,0.045,0.045,0.035,0.04,1.7866535709032e-08,8.26497425426932e-05,2.65763894571186e-11,28832.5148283942,0.00971727020964291,0.000132875935233646,0.901155351887123,14416.2576779446,0.128587939508291,0.264455949793569,0.599612224274628,4324.87730338337,387.84,320,320
0.345,0,0,0,1,0,0,0,0,0,0,1,0,0,0,0,0,0,0.045,0,0,0,Inf,Inf,Inf,0.045,0.045,0.035,0.04,1.77789956529751e-08,8.26689464224602e-05,2.66132823485691e-11,28717.1681093991,0.00971778702959529,0.000132979548446338,0.893780295704482,14358.5843171224,0.128587175192754,0.264563683043626,0.596109717183767,4307.57529513671,387.84,320,320
0.346,0,0,0,1,0,0,0,0,0,0,1,0,0,0,0,0,0,0.045,0,0,0,Inf,Inf,Inf,0.045,0.045,0.035,0.04,1.77242408639688e-08,8.2775149788983e-05,2.66313251860297e-11,28768.0954034619,0.00971719392862603,0.000133152548105079,0.845977237478304,14384.0479633541,0.128590867508808,0.26484188366115,0.571560121831048,4315.21438900624,387.84,320,320
0.347,0,0,0,1,0,0,0,0,0,0,1,0,0,0,0,0,0,0.045,0,0,0,Inf,Inf,Inf,0.045,0.045,0.035,0.04,1.7703023280043e-08,8.28184747911576e-05,2.66331712225525e-11,28778.0776493906,0.00972644074670744,0.00013322659724649,0.791256488698387,14389.0390859947,0.128709467375883,0.264955581640364,0.540076858062099,4316.71172579841,387.84,320,320
0.348,0,0,0,1,0,0,0,0,0,0,1,0,0,0,0,0,0,0.045,0,0,0,Inf,Inf,Inf,0.045,0.045,0.035,0.04,1.76425704707276e-08,8.27772463949699e-05,2.66345468519136e-11,28721.8587039317,0.00973698131893556,0.00013316452370124,0.761782472168087,14360.9296123586,0.12867889757628,0.264847316517066,0.519668960948588,4308.27888370757,387.84,320,320
0.349,0,0,0,1,0,0,0,0,0,0,1,0,0,0,0,0,0,0.045,0,0,0,Inf,Inf,Inf,0.045,0.045,0.035,0.04,1.75689970655116e-08,8.2691798196093e-05,2.66483081171722e-11,28674.3385188141,0.00974060048624175,0.000133029212960425,0.758428588136669,14337.1695186844,0.128622836149619,0.264622835516487,0.516292791244663,4301.15085560532,387.84,320,320
0.35,0,0,0,1,0,0,0,0,0,0,1,0,0,0,0,0,0,0.045,0,0,0,Inf,Inf,Inf,0.045,0.045,0.035,0.04,1.75841455787924e-08,8.26671683698015e-05,2.66725481881065e-11,28688.5898651709,0.00973554215451367,0.000132920951920349,0.760210371856325,14344.2951920953,0.128581475236102,0.264446294343141,0.53518757697608,4303.28855762859,387.84,320,320
0.351,0,0,0,1,0,0,0,0,0,0,1,0,0,0,0,0,0,0.045,0,0,0,Inf,Inf,Inf,0.045,0.045,0.035,0.04,1.75616761481015e-08,8.26964492546909e-05,2.66934227672001e-11,28633.3285583301,0.00972648570923237,0.000132911850057574,0.779196508313336,14316.6645383276,0.128663333624292,0.264595583378293,0.546809683337924,4294.99936149828,387.84,320,320
0.352,0,0,0,1,0,0,0,0,0,0,1,0,0,0,0,0,0,0.045,0,0,0,Inf,Inf,Inf,0.045,0.045,0.035,0.04,1.75352241113998e-08,8.26869727693519e-05,2.66988382882425e-11,28641.4501118157,0.00972932554549721,0.000132896284574825,0.883930678375613,14320.7253147481,0.128643491166199,0.26456874303455,0.612373588954554,4296.21759442443,387.84,320,320
0.353,0,0,0,1,0,0,0,0,0,0,1,0,0,0,0,0,0,0.045,0,0,0,Inf,Inf,Inf,0.045,0.045,0.035,0.04,1.75205936280989e-08,8.26572440017513e-05,2.66895560688946e-11,28617.9680071942,0.00973089057980418,0.000132848618939917,1.00427588238994,14308.9842622135,0.128589336412923,0.264503090921425,0.672737502401405,4292.69527866405,387.84,320,320
0.354,0,0,0,1,0,0,0,0,0,0,1,0,0,0,0,0,0,0.045,0,0,0,Inf,Inf,Inf,0.045,0.045,0.035,0.04,1.74641690915754e-08,8.26347463383415e-05,2.66772145308866e-11,28587.3130514143,0.00972711132330083,0.000132812846978053,1.01471067845163,14293.6567833668,0.128530604974662,0.264456108515599,0.678189719794993,4288.09703501004,387.84,320,320
0.355,0,0,0,1,0,0,0,0,0,0,1,0,0,0,0,0,0,0.045,0,0,0,Inf,Inf,Inf,0.045,0.045,0.035,0.04,1.74913586464629e-08,8.26305341982166e-05,2.66724396805955e-11,28611.0109169492,0.00971900919097417,0.000132824238656544,0.945057526423914,14305.5057165768,0.128563740816224,0.264370485480807,0.635333478049212,4291.65171497303,387.84,320,320
0.356,0,0,0,1,0,0,0,0,0,0,1,0,0,0,0,0,0,0.045,0,0,0,Inf,Inf,Inf,0.045,0.045,0.035,0.04,1.74876236881006e-08,8.26317876918162e-05,2.66752629643687e-11,28570.0098066087,0.00972062723504676,0.00013284061017639,0.892372640935652,14285.0051613614,0.128561432960361,0.264397742916797,0.589407639959414,4285.50154840841,387.84,320,320
0.357,0,0,0,1,0,0,0,0,0,0,1,0,0,0,0,0,0,0.045,0,0,0,Inf,Inf,Inf,0.045,0.045,0.035,0.04,1.74252683418298e-08,8.26245721864575e-05,2.66769591575225e-11,28453.359079709,0.0097213339529772,0.000132839865498254,0.910778187717581,14226.6797969603,0.128561110760989,0.264410684921836,0.578577776735636,4268.00393908808,387.84,320,320
0.358,0,0,0,1,0,0,0,0,0,0,1,0,0,0,0,0,0,0.045,0,0,0,Inf,Inf,Inf,0.045,0.045,0.035,0.04,1.73477406736262e-08,8.26213467492417e-05,2.66711036629065e-11,28494.40952178,0.00972100115308826,0.000132835003581711,0.936849505279299,14247.2050169658,0.128568113234304,0.264411244565004,0.585042143154074,4274.16150508974,387.84,320,320
0.359,0,0,0,1,0,0,0,0,0,0,1,0,0,0,0,0,0,0.045,0,0,0,Inf,Inf,Inf,0.045,0.045,0.035,0.04,1.73385257115661e-08,8.26441919538669e-05,2.66622606204428e-11,28491.2292382987,0.009720500648717,0.000132942501483669,0.892440588463651,14245.6148750779,0.128581514649305,0.264508805461363,0.569295649929766,4273.68446252336,387.84,320,320
0.36,0,0,0,1,0,0,0,0,0,0,1,0,0,0,0,0,0,0.045,0,0,0,Inf,Inf,Inf,0.045,0.045,0.035,0.04,1.72748239676671e-08,8.26687528248624e-05,2.6663629474012e-11,28412.4494089634,0.00972071497278667,0.000132983861389944,0.812003429931943,14206.2249594361,0.128594226118457,0.264571175745575,0.558524294693873,4261.86748783083,387.84,320,320
0.361,0,0,0,1,0,0,0,0,0,0,1,0,0,0,0,0,0,0.045,0,0,0,Inf,Inf,Inf,0.045,0.045,0.035,0.04,1.71615298741742e-08,8.26612573281513e-05,2.6685427573453e-11,28287.0434299239,0.00972556843069216,0.00013297297148432,0.82021403913811,14143.5219678436,0.128620710697985,0.264549645643864,0.557053964457219,4243.05659035309,387.84,320,320
0.362,0,0,0,1,0,0,0,0,0,0,1,0,0,0,0,0,0,0.045,0,0,0,Inf,Inf,Inf,0.045,0.045,0.035,0.04,1.71665097019811e-08,8.26609248788915e-05,2.67249497247773e-11,28353.0177178926,0.00972589610191596,0.000132972847270962,0.828297068200585,14176.5091123706,0.12862197188133,0.264548785799713,0.55898786539596,4252.95273371117,387.84,320,320
0.363,0,0,0,1,0,0,0,0,0,0,1,0,0,0,0,0,0,0.045,0,0,0,Inf,Inf,Inf,0.045,0.045,0.035,0.04,1.71579915116353e-08,8.2687694683635e-05,2.67676627504031e-11,28350.3972901783,0.00972325885987817,0.000133016641834764,0.819414113257281,14175.1988983813,0.128641020044351,0.264619752506868,0.55588210737557,4252.55966951438,387.84,320,320
0.364,0,0,0,1,0,0,0,0,0,0,1,0,0,0,0,0,0,0.045,0,0,0,Inf,Inf,Inf,0.045,0.045,0.035,0.04,1.70975407920695e-08,8.27212509820512e-05,2.67980579746614e-11,28273.6773920902,0.00972461848635458,0.000133072558002834,0.791021356531376,14136.8389484203,0.128661565795712,0.264706318113064,0.54417353732525,4241.0516845261,387.84,320,320
0.365,0,0,0,1,0,0,0,0,0,0,1,0,0,0,0,0,0,0.045,0,0,0,Inf,Inf,Inf,0.045,0.045,0.035,0.04,1.69984322870088e-08,8.27217553819867e-05,2.68106870611226e-11,28201.4255875234,0.00973120708456762,0.000133076057187199,0.756994729338653,14100.7130437477,0.128643558340437,0.26470239634498,0.528485806699465,4230.21391312432,387.84,320,320
0.366,0,0,0,1,0,0,0,0,0,0,1,0,0,0,0,0,0,0.045,0,0,0,Inf,Inf,Inf,0.045,0.045,0.035,0.04,1.69692982039636e-08,8.26705923657217e-05,2.68117442838837e-11,28257.1164805751,0.00973300346828994,0.00013299566211285,0.789102940611653,14128.5584906928,0.128610146143313,0.264561048390167,0.579428028105797,4238.56754720783,387.84,320,320
0.367,0,0,0,1,0,0,0,0,0,0,1,0,0,0,0,0,0,0.045,0,0,0,Inf,Inf,Inf,0.045,0.045,0.035,0.04,1.6964839464282e-08,8.26310910216883e-05,2.68111022507501e-11,28237.9481624773,0.00972911059412137,0.000132866879338478,0.793277759988523,14118.9743315749,0.128586940882139,0.264346532548873,0.583397009024465,4235.69229947247,387.84,320,320
0.368,0,0,0,1,0,0,0,0,0,0,1,0,0,0,0,0,0,0.045,0,0,0,Inf,Inf,Inf,0.045,0.045,0.035,0.04,1.69249775215611e-08,8.26544110461407e-05,2.68131430688352e-11,28155.9086874791,0.00972283625772572,0.00013284468629633,0.799008827924598,14077.9545934593,0.128581947443262,0.264501702435634,0.55651645489439,4223.3863780378,387.84,320,320
0.369,0,0,0,1,0,0,0,0,0,0,1,0,0,0,0,0,0,0.045,0,0,0,Inf,Inf,Inf,0.045,0.045,0.035,0.04,1.68982009492036e-08,8.2665130701448e-05,2.68147337520696e-11,28171.7756942946,0.00971849366166747,0.00013286141967706,0.857566343269773,14085.8880965519,0.128580832697822,0.264519738461795,0.588171864551451,4225.76642896558,387.84,320,320
0.37,0,0,0,1,0,0,0,0,0,0,1,0,0,0,0,0,0,0.045,0,0,0,Inf,Inf,Inf,0.045,0.045,0.035,0.04,1.69000186107132e-08,8.2652963596224e-05,2.68113608460153e-11,28161.3029780596,0.00971746008357748,0.000132841498381066,0.944324016833923,14080.6517384624,0.128564815211339,0.264491420526759,0.620543832114029,4224.19552153873,387.84,320,320
0.371,0,0,0,1,0,0,0,0,0,0,1,0,0,0,0,0,0,0.045,0,0,0,Inf,Inf,Inf,0.045,0.045,0.035,0.04,1.6845599579626e-08,8.26243774956614e-05,2.68041193092801e-11,28086.0993485045,0.00971742514783087,0.000132796307310726,0.986377222578299,14043.0499222499,0.128532445926073,0.264254893991005,0.639067667316264,4212.91497667497,387.84,320,320
0.372,0,0,0,1,0,0,0,0,0,0,1,0,0,0,0,0,0,0.045,0,0,0,Inf,Inf,Inf,0.045,0.045,0.035,0.04,1.68282327775173e-08,8.25970329679888e-05,2.68003018557054e-11,28123.6460177506,0.00971562651552306,0.000132796337338969,0.946186652009712,14061.8232572966,0.128572243138372,0.264255574721861,0.619468874742674,4218.54697718899,387.84,320,320
0.373,0,0,0,1,0,0,0,0,0,0,1,0,0,0,0,0,0,0.045,0,0,0,Inf,Inf,Inf,0.045,0.045,0.035,0.04,1.68133521048348e-08,8.26158715466057e-05,2.68067706006203e-11,28089.0447683544,0.00971822437521342,0.000132825406281853,0.851308363928541,14044.5226323726,0.128578259092476,0.264374827301696,0.568845537022325,4213.35678971178,387.84,320,320
0.374,0,0,0,1,0,0,0,0,0,0,1,0,0,0,0,0,0,0.045,0,0,0,Inf,Inf,Inf,0.045,0.045,0.035,0.04,1.67480760702592e-08,8.2632668709653e-05,2.68229265561504e-11,28053.0570572067,0.00972105779030213,0.000132850758430352,0.805373076339136,14026.5287758151,0.128579311907709,0.264427659996131,0.557386236521095,4207.95863274454,387.84,320,320
0.375,0,0,0,1,0,0,0,0,0,0,1,0,0,0,0,0,0,0.045,0,0,0,Inf,Inf,Inf,0.045,0.045,0.035,0.04,1.67638104875954e-08,8.26369591913544e-05,2.68405951414213e-11,28080.1722520134,0.00972303527420235,0.000132857864479408,0.819372054995249,14040.0863734622,0.128578905567307,0.264462083907161,0.56377212465667,4212.02591203866,387.84,320,320
0.376,0,0,0,1,0,0,0,0,0,0,1,0,0,0,0,0,0,0.045,0,0,0,Inf,Inf,Inf,0.045,0.045,0.035,0.04,1.67271261096179e-08,8.26521668208945e-05,2.68509486649058e-11,28036.8252618788,0.00972380925856476,0.00013295668749246,0.817946233244827,14018.4128778294,0.128581380982592,0.264538575919456,0.563015614534318,4205.52386334882,387.84,320,320
0.377,0,0,0,1,0,0,0,0,0,0,1,0,0,0,0,0,0,0.045,0,0,0,Inf,Inf,Inf,0.045,0.045,0.035,0.04,1.66298552321653e-08,8.26986695705646e-05,2.68524057449415e-11,27924.9142673677,0.00972504719581752,0.000133033828935217,0.80476405814242,13962.4573781794,0.128660033206148,0.264658023765474,0.555556196385369,4188.73721345383,387.84,320,320
0.378,0,0,0,1,0,0,0,0,0,0,1,0,0,0,0,0,0,0.045,0,0,0,Inf,Inf,Inf,0.045,0.045,0.035,0.04,1.65858068692689e-08,8.27039129276765e-05,2.68520950303136e-11,27979.6014879715,0.00973065415515587,0.000133044715838603,0.790900886760624,13989.8009888114,0.128649015805596,0.264663901730441,0.546502181013512,4196.94029664342,387.84,320,320
0.379,0,0,0,1,0,0,0,0,0,0,1,0,0,0,0,0,0,0.045,0,0,0,Inf,Inf,Inf,0.045,0.045,0.035,0.04,1.65763689042428e-08,8.26743843568216e-05,2.68596282327727e-11,27971.4953558494,0.00973234655032198,0.000132998581136199,0.784546704886249,13985.7479226029,0.128617320368826,0.264578356989127,0.541042225116394,4195.72437678086,387.84,320,320
0.38,0,0,0,1,0,0,0,0,0,0,1,0,0,0,0,0,0,0.045,0,0,0,Inf,Inf,Inf,0.045,0.045,0.035,0.04,1.65224564865955e-08,8.26396761643801e-05,2.68789199967523e-11,27884.6990098278,0.00972843311246374,0.000132942864397286,0.784215935830767,13942.3497487702,0.128590513730753,0.264483351853406,0.540088243246821,4182.70492463107,387.84,320,320
0.381,0,0,0,1,0,0,0,0,0,0,1,0,0,0,0,0,0,0.045,0,0,0,Inf,Inf,Inf,0.045,0.045,0.035,0.04,1.6424786068254e-08,8.26236125293781e-05,2.69052325321862e-11,27812.8988890246,0.00972379512408216,0.000132916722924115,0.782292342959697,13906.4496868208,0.128633220745969,0.264441189135118,0.540431506797021,4171.93490604625,387.84,320,320
0.382,0,0,0,1,0,0,0,0,0,0,1,0,0,0,0,0,0,0.045,0,0,0,Inf,Inf,Inf,0.045,0.045,0.035,0.04,1.64380813353949e-08,8.26324736455439e-05,2.69296725886808e-11,27865.9593758378,0.00972574117109243,0.000132916761601251,0.788174853668182,13932.979930628,0.128626410385354,0.264441080196536,0.556787637017775,4179.8939791884,387.84,320,320
0.383,0,0,0,1,0,0,0,0,0,0,1,0,0,0,0,0,0,0.045,0,0,0,Inf,Inf,Inf,0.045,0.045,0.035,0.04,1.64225500426739e-08,8.26305741661406e-05,2.69461785056695e-11,27843.57369566,0.00972732515196272,0.000132907199029445,0.863084294232057,13921.7870903019,0.128595549221809,0.264421570342784,0.597107210510701,4176.53612709057,387.84,320,320
0.384,0,0,0,1,0,0,0,0,0,0,1,0,0,0,0,0,0,0.045,0,0,0,Inf,Inf,Inf,0.045,0.045,0.035,0.04,1.63599155433762e-08,8.26237500569361e-05,2.69549589325035e-11,27747.5475911297,0.00972567795751662,0.000132861281860115,0.894875758642185,13873.7740370848,0.128557143755036,0.264341651513764,0.61472041382009,4162.13221112544,387.84,320,320
0.385,0,0,0,1,0,0,0,0,0,0,1,0,0,0,0,0,0,0.045,0,0,0,Inf,Inf,Inf,0.045,0.045,0.035,0.04,1.62766233235781e-08,8.26213934918808e-05,2.69599029516542e-11,27743.9788653398,0.00972037728265206,0.000132792449410469,0.875569876949531,13871.9896729132,0.128533182241255,0.264229171987181,0.602458412301871,4161.59690187396,387.84,320,320
0.386,0,0,0,1,0,0,0,0,0,0,1,0,0,0,0,0,0,0.045,0,0,0,Inf,Inf,Inf,0.045,0.045,0.035,0.04,1.63094599907872e-08,8.26248079524623e-05,2.6963416159409e-11,27773.5155907427,0.00971416787580739,0.000132796875603731,0.84708083790111,13886.758036121,0.128532143639444,0.264436787283935,0.578527635286342,4166.02741083629,387.84,320,320
0.387,0,0,0,1,0,0,0,0,0,0,1,0,0,0,0,0,0,0.045,0,0,0,Inf,Inf,Inf,0.045,0.045,0.035,0.04,1.62878512661339e-08,8.26268206134183e-05,2.69644712803428e-11,27725.4017873679,0.00971378425460689,0.000132801312221697,0.849212738370935,13862.7011341022,0.128567987468814,0.264366862634001,0.566786962418297,4158.81034023067,387.84,320,320
0.388,0,0,0,1,0,0,0,0,0,0,1,0,0,0,0,0,0,0.045,0,0,0,Inf,Inf,Inf,0.045,0.045,0.035,0.04,1.62112298177837e-08,8.26195926101397e-05,2.69613644405792e-11,27655.6004956639,0.00971379497216445,0.000132807073460565,0.870138485489719,13827.8004865872,0.128570634264329,0.26428504035096,0.569692069747585,4148.34014597615,387.84,320,320
0.389,0,0,0,1,0,0,0,0,0,0,1,0,0,0,0,0,0,0.045,0,0,0,Inf,Inf,Inf,0.045,0.045,0.035,0.04,1.61908690596399e-08,8.26030371355496e-05,2.69559750188694e-11,27697.1865476205,0.00971423977596822,0.000132871243665887,0.866049408854041,13848.5935128886,0.128577805902146,0.264393317069993,0.568417301109108,4154.57805386658,387.84,320,320
0.39,0,0,0,1,0,0,0,0,0,0,1,0,0,0,0,0,0,0.045,0,0,0,Inf,Inf,Inf,0.045,0.045,0.035,0.04,1.61581817462268e-08,8.2620112914641e-05,2.69544897968986e-11,27660.6340678139,0.00971973272315691,0.000132906886962302,0.815428186803876,13830.3172724887,0.128602267405013,0.264448672775945,0.548805583300963,4149.09518174661,387.84,320,320
0.391,0,0,0,1,0,0,0,0,0,0,1,0,0,0,0,0,0,0.045,0,0,0,Inf,Inf,Inf,0.045,0.045,0.035,0.04,1.61015953947293e-08,8.26222938457354e-05,2.69633133064835e-11,27613.0625139291,0.00972580780397145,0.000132910987626719,0.788355230356274,13806.531494769,0.128598922342438,0.264451717569736,0.548715842511365,4141.95944843071,387.84,320,320
0.392,0,0,0,1,0,0,0,0,0,0,1,0,0,0,0,0,0,0.045,0,0,0,Inf,Inf,Inf,0.045,0.045,0.035,0.04,1.61176600164983e-08,8.26357499162203e-05,2.69835732663997e-11,27640.9384664833,0.0097280148332095,0.000132910959310766,0.79414541035228,13820.4694712926,0.12859971824802,0.264451414311974,0.549863708635847,4146.14084138777,387.84,320,320
0.393,0,0,0,1,0,0,0,0,0,0,1,0,0,0,0,0,0,0.045,0,0,0,Inf,Inf,Inf,0.045,0.045,0.035,0.04,1.60814122968342e-08,8.26390552425362e-05,2.70092563696625e-11,27590.7797553372,0.00972749069089731,0.000132932266335462,0.799242569905007,13795.3901151667,0.128612745758126,0.264488012463756,0.551568236497064,4138.61703455001,387.84,320,320
0.394,0,0,0,1,0,0,0,0,0,0,1,0,0,0,0,0,0,0.045,0,0,0,Inf,Inf,Inf,0.045,0.045,0.035,0.04,1.59915780891521e-08,8.26581616644123e-05,2.70312400216128e-11,27564.9690583754,0.00972707653779674,0.00013297024272232,0.798640175946122,13782.4847652961,0.128627830023633,0.264548656539536,0.551318359509348,4134.74542958882,387.84,320,320
0.395,0,0,0,1,0,0,0,0,0,0,1,0,0,0,0,0,0,0.045,0,0,0,Inf,Inf,Inf,0.045,0.045,0.035,0.04,1.5993972977375e-08,8.26717076928029e-05,2.70435414196288e-11,27590.0614372123,0.00972817765849986,0.000132993688425879,0.791401920687114,13795.0309547702,0.128626727981518,0.264578930163805,0.547986994766749,4138.50928643105,387.84,320,320
0.396,0,0,0,1,0,0,0,0,0,0,1,0,0,0,0,0,0,0.045,0,0,0,Inf,Inf,Inf,0.045,0.045,0.035,0.04,1.59554421811578e-08,8.26595063183288e-05,2.7046819046034e-11,27538.205437426,0.00972929969934719,0.000132975358035809,0.781457358764007,13769.102954287,0.128601954591363,0.264536840124938,0.542919695618447,4130.7308862861,387.84,320,320
0.397,0,0,0,1,0,0,0,0,0,0,1,0,0,0,0,0,0,0.045,0,0,0,Inf,Inf,Inf,0.045,0.045,0.035,0.04,1.5871309597205e-08,8.26247591442223e-05,2.70466626575232e-11,27449.930501285,0.00972766236130961,0.000132919575706566,0.774237619442808,13724.9654845978,0.12856545903461,0.26443621318346,0.538819532544982,4117.48964537935,387.84,320,320
0.398,0,0,0,1,0,0,0,0,0,0,1,0,0,0,0,0,0,0.045,0,0,0,Inf,Inf,Inf,0.045,0.045,0.035,0.04,1.5876292780819e-08,8.26105643392229e-05,2.70486632819237e-11,27502.7923253839,0.0097228667109621,0.000132859207911588,0.780115660384135,13751.3963971654,0.128570048660348,0.264336025273429,0.548198256813199,4125.41891914962,387.84,320,320
0.399,0,0,0,1,0,0,0,0,0,0,1,0,0,0,0,0,0,0.045,0,0,0,Inf,Inf,Inf,0.045,0.045,0.035,0.04,1.58722668691352e-08,8.26228432165303e-05,2.70548989784086e-11,27484.2238627332,0.00972194373973822,0.000132826907775907,0.816104807033051,13742.1121657811,0.128564780423021,0.264288904619153,0.565657585020132,4122.63364973433,387.84,320,320
0.4,0,0,0,1,0,0,0,0,0,0,1,0,0,0,0,0,0,0.045,0,0,0,Inf,Inf,Inf,0.045,0.045,0.035,0.04,1.58126023231511e-08,8.26292192121823e-05,2.70642208970363e-11,27384.6181554782,0.00972024414955752,0.000132828167722525,0.849116755639698,13692.3093112453,0.128563662247448,0.264298132170587,0.578365241822893,4107.69279337358,387.84,320,320
0.401,0,0,0,1,0,0,0,0,0,0,1,0,0,0,0,0,0,0.045,0,0,0,Inf,Inf,Inf,0.045,0.045,0.035,0.04,1.57174559102095e-08,8.26261548238214e-05,2.70752128393777e-11,27367.8215090852,0.00971894372256842,0.000132840846337183,0.886996214465916,13683.9109867403,0.128553997247536,0.2643225446568,0.594627990227913,4105.17329602208,387.84,320,320
0.402,0,0,0,1,0,0,0,0,0,0,1,0,0,0,0,0,0,0.045,0,0,0,Inf,Inf,Inf,0.045,0.045,0.035,0.04,1.57429307392953e-08,8.26168767743868e-05,2.70880316287006e-11,27404.0541199289,0.0097177421650194,0.000132840835931521,0.882923122850067,13702.0272925549,0.128532675731269,0.264322879296345,0.592629428403909,4110.60818776646,387.84,320,320
0.403,0,0,0,1,0,0,0,0,0,0,1,0,0,0,0,0,0,0.045,0,0,0,Inf,Inf,Inf,0.045,0.045,0.035,0.04,1.57183995643373e-08,8.26081682801837e-05,2.71033977348394e-11,27359.0006245941,0.00971638931021327,0.000132826559822414,0.840923341674939,13679.5005445138,0.12857909851151,0.264301034013071,0.57045281743187,4103.85016335414,387.84,320,320
0.404,0,0,0,1,0,0,0,0,0,0,1,0,0,0,0,0,0,0.045,0,0,0,Inf,Inf,Inf,0.045,0.045,0.035,0.04,1.56396792119577e-08,8.26044541669033e-05,2.71202502042232e-11,27242.9742429762,0.00971631338457802,0.000132819448896538,0.808688208636563,13621.4873525122,0.128580587064576,0.264295670608709,0.548767758796304,4086.44620575365,387.84,320,320
0.405,0,0,0,1,0,0,0,0,0,0,1,0,0,0,0,0,0,0.045,0,0,0,Inf,Inf,Inf,0.045,0.045,0.035,0.04,1.56036976073381e-08,8.26192896065786e-05,2.71348626367826e-11,27306.1194081217,0.00971613856855301,0.000132840686037615,0.809503007379537,13653.0599345858,0.128580481785392,0.264339871735251,0.548930290112978,4095.91798037575,387.84,320,320
0.406,0,0,0,1,0,0,0,0,0,0,1,0,0,0,0,0,0,0.045,0,0,0,Inf,Inf,Inf,0.045,0.045,0.035,0.04,1.55992329785411e-08,8.26243757703732e-05,2.71432393676e-11,27307.4314666826,0.00971571090689665,0.000132888223629744,0.793236622427467,13653.7159637976,0.128581669829834,0.264424398379382,0.543788117051114,4096.11478913928,387.84,320,320
0.407,0,0,0,1,0,0,0,0,0,0,1,0,0,0,0,0,0,0.045,0,0,0,Inf,Inf,Inf,0.045,0.045,0.035,0.04,1.55354939872243e-08,8.26379902452517e-05,2.71446617547129e-11,27230.6557761878,0.00971818956391759,0.000132936522300134,0.790168945255254,13615.3281175885,0.128626449069437,0.264502476984743,0.549903949909978,4084.59843527654,387.84,320,320
0.408,0,0,0,1,0,0,0,0,0,0,1,0,0,0,0,0,0,0.045,0,0,0,Inf,Inf,Inf,0.045,0.045,0.035,0.04,1.54593912219173e-08,8.26506155191136e-05,2.71431687557663e-11,27223.4724630156,0.00972386205932418,0.00013295832743741,0.789153525082381,13611.7364599473,0.128623535530947,0.264530146548863,0.549231802022805,4083.52093798419,387.84,320,320
0.409,0,0,0,1,0,0,0,0,0,0,1,0,0,0,0,0,0,0.045,0,0,0,Inf,Inf,Inf,0.045,0.045,0.035,0.04,1.54660403283552e-08,8.26438460200901e-05,2.71452940758545e-11,27240.7609335987,0.00972765788394592,0.00013294830981619,0.786975822932886,13620.3806953394,0.128605253636752,0.264504235290929,0.547429429821058,4086.11420860182,387.84,320,320
0.41,0,0,0,1,0,0,0,0,0,0,1,0,0,0,0,0,0,0.045,0,0,0,Inf,Inf,Inf,0.045,0.045,0.035,0.04,1.5423351863667e-08,8.2629199807427e-05,2.71555936411717e-11,27176.8500309715,0.00972787416866204,0.000132924855328246,0.786288402480875,13588.4252433778,0.128587520504595,0.264460269791125,0.546064298078387,4076.52757301333,387.84,320,320
0.411,0,0,0,1,0,0,0,0,0,0,1,0,0,0,0,0,0,0.045,0,0,0,Inf,Inf,Inf,0.045,0.045,0.035,0.04,1.53897904025023e-08,8.26234286821907e-05,2.71736593027032e-11,27169.1678912012,0.00972548334552152,0.000132910412460504,0.787355636282529,13584.5841730856,0.128580643527222,0.264435726444023,0.545802993581354,4075.37525192567,387.84,320,320
0.412,0,0,0,1,0,0,0,0,0,0,1,0,0,0,0,0,0,0.045,0,0,0,Inf,Inf,Inf,0.045,0.045,0.035,0.04,1.53942407353207e-08,8.26202731091483e-05,2.71946792170476e-11,27182.0595976609,0.00972303079698864,0.000132910427025433,0.788007336885861,13591.0300263822,0.12858071047122,0.264435596330668,0.545942042715483,4077.30900791465,387.84,320,320
0.413,0,0,0,1,0,0,0,0,0,0,1,0,0,0,0,0,0,0.045,0,0,0,Inf,Inf,Inf,0.045,0.045,0.035,0.04,1.53467825910577e-08,8.262000503117e-05,2.72130064506544e-11,27112.2350836655,0.00972417467781004,0.000132910364951921,0.80560698502203,13556.1177686631,0.128595007338126,0.264432201672812,0.563240839383918,4066.83533059892,387.84,320,320
0.414,0,0,0,1,0,0,0,0,0,0,1,0,0,0,0,0,0,0.045,0,0,0,Inf,Inf,Inf,0.045,0.045,0.035,0.04,1.52706197738156e-08,8.26103894348942e-05,2.72254280488205e-11,27111.7589579057,0.00972379528649714,0.000132893260835658,0.831158639706944,13555.8797046176,0.128570550870055,0.264398294022535,0.577785585264634,4066.76391138529,387.84,320,320
0.415,0,0,0,1,0,0,0,0,0,0,1,0,0,0,0,0,0,0.045,0,0,0,Inf,Inf,Inf,0.045,0.045,0.035,0.04,1.52864429410654e-08,8.26097909808573e-05,2.72319339220432e-11,27128.565660114,0.00972132696740022,0.000132858886139801,0.828847304821702,13564.2830559685,0.128538813922629,0.264338304770012,0.576218323206791,4069.28491679055,387.84,320,320
0.416,0,0,0,1,0,0,0,0,0,0,1,0,0,0,0,0,0,0.045,0,0,0,Inf,Inf,Inf,0.045,0.045,0.035,0.04,1.52535931747094e-08,8.26116097682353e-05,2.72343751662053e-11,27062.3249814584,0.0097217313585828,0.000132826253757805,0.816486719308128,13531.1627161405,0.128568996447852,0.264287776232623,0.565495472170516,4059.34881484216,387.84,320,320
0.417,0,0,0,1,0,0,0,0,0,0,1,0,0,0,0,0,0,0.045,0,0,0,Inf,Inf,Inf,0.045,0.045,0.035,0.04,1.5163679065693e-08,8.2615572013193e-05,2.72346767950277e-11,27007.9389337861,0.00972215651991499,0.00013281653227782,0.833484423595333,13503.9696908742,0.128568049073106,0.264280978164534,0.567767746498075,4051.19090726225,387.84,320,320
0.418,0,0,0,1,0,0,0,0,0,0,1,0,0,0,0,0,0,0.045,0,0,0,Inf,Inf,Inf,0.045,0.045,0.035,0.04,1.51780617380816e-08,8.26181736768637e-05,2.72345878096412e-11,27053.2051965855,0.00972190464712332,0.000132833961084563,0.836144249295761,13526.6028227069,0.128569817236986,0.26431973376518,0.568937075236464,4057.98084681207,387.84,320,320
0.419,0,0,0,1,0,0,0,0,0,0,1,0,0,0,0,0,0,0.045,0,0,0,Inf,Inf,Inf,0.045,0.045,0.035,0.04,1.51544500912403e-08,8.26159606268764e-05,2.72364622416477e-11,27018.4880873718,0.00972125550895804,0.000132863257503525,0.832995632336126,13509.2442677394,0.128574937609362,0.264373463063522,0.560205328878983,4052.77328032182,387.84,320,320
0.42,0,0,0,1,0,0,0,0,0,0,1,0,0,0,0,0,0,0.045,0,0,0,Inf,Inf,Inf,0.045,0.045,0.035,0.04,1.50702343997915e-08,8.26090858281788e-05,2.72434567113165e-11,26902.2770752083,0.00972067519840147,0.000132884076596222,0.813238643408036,13451.1387603829,0.128581131225146,0.264407633319159,0.552779938758587,4035.34162811488,387.84,320,320
0.421,0,0,0,1,0,0,0,0,0,0,1,0,0,0,0,0,0,0.045,0,0,0,Inf,Inf,Inf,0.045,0.045,0.035,0.04,1.50378530585502e-08,8.2608569450183e-05,2.72580576579066e-11,26943.8148752023,0.00972031407305154,0.000132889400181936,0.776975601473284,13471.9076600243,0.128585079763281,0.264414255359218,0.543744356823858,4041.57229800729,387.84,320,320
0.422,0,0,0,1,0,0,0,0,0,0,1,0,0,0,0,0,0,0.045,0,0,0,Inf,Inf,Inf,0.045,0.045,0.035,0.04,1.50474075594229e-08,8.26182446718167e-05,2.72798433011455e-11,26958.6139538034,0.00971991314416101,0.000132889397133573,0.77783805916533,13479.3071994711,0.12858530515217,0.264414165215428,0.543902234326061,4043.79215984133,387.84,320,320
0.423,0,0,0,1,0,0,0,0,0,0,1,0,0,0,0,0,0,0.045,0,0,0,Inf,Inf,Inf,0.045,0.045,0.035,0.04,1.49983977745725e-08,8.26298518769229e-05,2.73047409645456e-11,26888.2742138052,0.00971912961188803,0.000132898302824374,0.781238367649258,13444.1373287286,0.128583203066305,0.264431179867356,0.545012847420955,4033.24119861858,387.84,320,320
0.424,0,0,0,1,0,0,0,0,0,0,1,0,0,0,0,0,0,0.045,0,0,0,Inf,Inf,Inf,0.045,0.045,0.035,0.04,1.48971974923444e-08,8.26312070964952e-05,2.73266179229261e-11,26825.3732844775,0.00971944413257275,0.000132918309065715,0.786131184603595,13412.6868620303,0.128606963593589,0.264465239332144,0.546977061156834,4023.8060586091,387.84,320,320
0.425,0,0,0,1,0,0,0,0,0,0,1,0,0,0,0,0,0,0.045,0,0,0,Inf,Inf,Inf,0.045,0.045,0.035,0.04,1.48865503317211e-08,8.26365696556863e-05,2.73407237219768e-11,26880.8870708721,0.00972258125008908,0.000132936260791733,0.789800781351486,13440.4437556208,0.128605966805464,0.264490892092129,0.548647933525111,4032.13312668625,387.84,320,320
0.426,0,0,0,1,0,0,0,0,0,0,1,0,0,0,0,0,0,0.045,0,0,0,Inf,Inf,Inf,0.045,0.045,0.035,0.04,1.48622506451707e-08,8.26361053399069e-05,2.73463760232025e-11,26851.7030651978,0.00972430814650741,0.000132936411240419,0.790151351223115,13425.8517524145,0.128595399655225,0.264482360417237,0.548817835996743,4027.75552572434,387.84,320,320
0.427,0,0,0,1,0,0,0,0,0,0,1,0,0,0,0,0,0,0.045,0,0,0,Inf,Inf,Inf,0.045,0.045,0.035,0.04,1.47891747632334e-08,8.26229215243739e-05,2.73469110844925e-11,26747.2189093193,0.00972369588053892,0.0001329153935607,0.787459397239095,13373.6096733718,0.128585654931829,0.264438677022367,0.547290463816607,4012.08290201153,387.84,320,320
0.428,0,0,0,1,0,0,0,0,0,0,1,0,0,0,0,0,0,0.045,0,0,0,Inf,Inf,Inf,0.045,0.045,0.035,0.04,1.47774811987457e-08,8.26050558160324e-05,2.73473827423195e-11,26805.7799577589,0.00972157580554598,0.000132886070710113,0.784031180068084,13402.8901975184,0.128582701144393,0.264386113469709,0.545058019611793,4020.86705925552,387.84,320,320
0.429,0,0,0,1,0,0,0,0,0,0,1,0,0,0,0,0,0,0.045,0,0,0,Inf,Inf,Inf,0.045,0.045,0.035,0.04,1.47755569843675e-08,8.26029904891938e-05,2.73516868122603e-11,26795.16450866,0.00971965771608908,0.000132865947218172,0.793064698736147,13397.58247294,0.128583095265142,0.264354711363771,0.553699879749861,4019.27474188201,387.84,320,320
0.43,0,0,0,1,0,0,0,0,0,0,1,0,0,0,0,0,0,0.045,0,0,0,Inf,Inf,Inf,0.045,0.045,0.035,0.04,1.47168509032696e-08,8.26094872594159e-05,2.73611668895488e-11,26703.2675505682,0.0097189562810262,0.000132861775044727,0.813421679942494,13351.6339930047,0.128578717249031,0.264352357685023,0.564622274447366,4005.4901979014,387.84,320,320
0.431,0,0,0,1,0,0,0,0,0,0,1,0,0,0,0,0,0,0.045,0,0,0,Inf,Inf,Inf,0.045,0.045,0.035,0.04,1.46979448577888e-08,8.26137033698243e-05,2.73749227628692e-11,26746.0698336558,0.0097189609515308,0.00013286591187545,0.833404836720481,13373.035134375,0.12856612234446,0.264362127566472,0.569770127403333,4011.91054031249,387.84,320,320
0.432,0,0,0,1,0,0,0,0,0,0,1,0,0,0,0,0,0,0.045,0,0,0,Inf,Inf,Inf,0.045,0.045,0.035,0.04,1.46954900726726e-08,8.26138420514799e-05,2.73910404237727e-11,26738.3710576506,0.00971835739148108,0.000132865906275156,0.837855825516582,13369.1857463354,0.128551085430639,0.264362291049707,0.571864431146351,4010.75572390063,387.84,320,320
0.433,0,0,0,1,0,0,0,0,0,0,1,0,0,0,0,0,0,0.045,0,0,0,Inf,Inf,Inf,0.045,0.045,0.035,0.04,1.46361269555948e-08,8.26112961518315e-05,2.74073938585459e-11,26645.6026457117,0.00972002370875314,0.000132858018480113,0.81988116275569,13322.801539466,0.128554727471097,0.264349377581947,0.562395374303298,3996.8404618398,387.84,320,320
0.434,0,0,0,1,0,0,0,0,0,0,1,0,0,0,0,0,0,0.045,0,0,0,Inf,Inf,Inf,0.045,0.045,0.035,0.04,1.45912114059953e-08,8.26088743328569e-05,2.74216575381618e-11,26684.4156054614,0.00972070628267951,0.000132850780920875,0.804407107914995,13342.2080186983,0.128575244475935,0.264340888408455,0.550327798369131,4002.6624056095,387.84,320,320
0.435,0,0,0,1,0,0,0,0,0,0,1,0,0,0,0,0,0,0.045,0,0,0,Inf,Inf,Inf,0.045,0.045,0.035,0.04,1.4594967947279e-08,8.26083145997669e-05,2.74316848713177e-11,26686.1940225145,0.0097221518929344,0.000132855951874368,0.808878182331239,13343.0972272833,0.128575183379488,0.264356458269117,0.551050543494105,4002.929168185,387.84,320,320
0.436,0,0,0,1,0,0,0,0,0,0,1,0,0,0,0,0,0,0.045,0,0,0,Inf,Inf,Inf,0.045,0.045,0.035,0.04,1.45360239197942e-08,8.26122726467685e-05,2.7436404604744e-11,26600.4530011893,0.00972292608810221,0.000132876029119726,0.802115709675756,13300.2267157263,0.12857609809569,0.264396477530255,0.548933086320766,3990.0680147179,387.84,320,320
0.437,0,0,0,1,0,0,0,0,0,0,1,0,0,0,0,0,0,0.045,0,0,0,Inf,Inf,Inf,0.045,0.045,0.035,0.04,1.44524422051859e-08,8.26154993285469e-05,2.74369979550147e-11,26591.1109660499,0.00972313263443558,0.000132900573612693,0.780869640557059,13295.5556970295,0.12857871199315,0.264439306783131,0.540683483564123,3988.66670910886,387.84,320,320
0.438,0,0,0,1,0,0,0,0,0,0,1,0,0,0,0,0,0,0.045,0,0,0,Inf,Inf,Inf,0.045,0.045,0.035,0.04,1.44671722482932e-08,8.2624247648686e-05,2.74371769097699e-11,26622.1723080648,0.00972305044934052,0.000132915605974258,0.781881534767241,13311.0863682608,0.128581669593304,0.264460629618294,0.545660524164672,3993.32591047824,387.84,320,320
0.439,0,0,0,1,0,0,0,0,0,0,1,0,0,0,0,0,0,0.045,0,0,0,Inf,Inf,Inf,0.045,0.045,0.035,0.04,1.44275154497018e-08,8.26236961145266e-05,2.74417434737102e-11,26565.9585027943,0.00972374789871659,0.000132915323420938,0.782824825263281,13282.9794650227,0.128599814454973,0.264453881521762,0.546427504247373,3984.89383950679,387.84,320,320
0.44,0,0,0,1,0,0,0,0,0,0,1,0,0,0,0,0,0,0.045,0,0,0,Inf,Inf,Inf,0.045,0.045,0.035,0.04,1.4332839273149e-08,8.26186658193573e-05,2.74541070523692e-11,26462.6922091983,0.00972252066664873,0.000132906126927802,0.782680436256031,13231.3463166381,0.128589294337888,0.26443399438324,0.546154452273151,3969.40389499142,387.84,320,320
0.441,0,0,0,1,0,0,0,0,0,0,1,0,0,0,0,0,0,0.045,0,0,0,Inf,Inf,Inf,0.045,0.045,0.035,0.04,1.43535110815836e-08,8.26227677052708e-05,2.74741996550612e-11,26534.1965330553,0.00972124115722879,0.000132899235616102,0.783515730134288,13267.0984791762,0.128577828846892,0.26442120581038,0.545896693733826,3980.12954375287,387.84,320,320
0.442,0,0,0,1,0,0,0,0,0,0,1,0,0,0,0,0,0,0.045,0,0,0,Inf,Inf,Inf,0.045,0.045,0.035,0.04,1.43437154676603e-08,8.26198404058257e-05,2.7498485123148e-11,26522.758730197,0.00972144948725885,0.000132899239504712,0.786052943681415,13261.3795775976,0.128600416764888,0.264421117021714,0.546395059560242,3978.41387327928,387.84,320,320
0.443,0,0,0,1,0,0,0,0,0,0,1,0,0,0,0,0,0,0.045,0,0,0,Inf,Inf,Inf,0.045,0.045,0.035,0.04,1.4275871693937e-08,8.26143799184839e-05,2.7521748029676e-11,26425.3921917013,0.00972250090667144,0.000132900656928061,0.788742308884951,13212.6963073247,0.12859182418592,0.2644214978703,0.547285984034852,3963.80889219742,387.84,320,320
0.444,0,0,0,1,0,0,0,0,0,0,1,0,0,0,0,0,0,0.045,0,0,0,Inf,Inf,Inf,0.045,0.045,0.035,0.04,1.41852876947517e-08,8.26105185947658e-05,2.75395819263055e-11,26434.9571288032,0.00972252541548274,0.000132894594312912,0.803565626733026,13217.4787745539,0.128576788010318,0.264406942097703,0.560304547835093,3965.24363236616,387.84,320,320
0.445,0,0,0,1,0,0,0,0,0,0,1,0,0,0,0,0,0,0.045,0,0,0,Inf,Inf,Inf,0.045,0.045,0.035,0.04,1.42057822444673e-08,8.26040300013032e-05,2.75501448246973e-11,26462.5193041658,0.00972090325792565,0.000132879028793842,0.804930003802704,13231.2598625488,0.128564277999793,0.264376858398072,0.561186574208403,3969.37795876465,387.84,320,320
0.446,0,0,0,1,0,0,0,0,0,0,1,0,0,0,0,0,0,0.045,0,0,0,Inf,Inf,Inf,0.045,0.045,0.035,0.04,1.41708103883112e-08,8.26043752890268e-05,2.75542685144985e-11,26401.0076644248,0.00971831865706183,0.000132861659305263,0.799566865524424,13200.5040421477,0.128560159377314,0.264347724788572,0.556345002679013,3960.15121264431,387.84,320,320
0.447,0,0,0,1,0,0,0,0,0,0,1,0,0,0,0,0,0,0.045,0,0,0,Inf,Inf,Inf,0.045,0.045,0.035,0.04,1.40826322215176e-08,8.26064398777769e-05,2.75546931954593e-11,26349.2762385861,0.0097162549690056,0.000132853349220406,0.812994659203484,13174.6383280058,0.128562619637347,0.264338630973842,0.559456643108719,3952.39149840174,387.84,320,320
0.448,0,0,0,1,0,0,0,0,0,0,1,0,0,0,0,0,0,0.045,0,0,0,Inf,Inf,Inf,0.045,0.045,0.035,0.04,1.41120355113367e-08,8.26097655686352e-05,2.75549439589523e-11,26396.536890347,0.00971568617497783,0.000132858516915445,0.822000834746083,13198.2686543579,0.128565048431217,0.264354130995877,0.563433807169933,3959.48059630738,387.84,320,320
0.449,0,0,0,1,0,0,0,0,0,0,1,0,0,0,0,0,0,0.045,0,0,0,Inf,Inf,Inf,0.045,0.045,0.035,0.04,1.40840344864245e-08,8.26123385310605e-05,2.75584277351516e-11,26354.7127280761,0.00971627349781692,0.000132871197419221,0.814459857261969,13177.3565727979,0.128563258687031,0.264380283075256,0.559705586786007,3953.20697183936,387.84,320,320
0.45,0,0,0,1,0,0,0,0,0,0,1,0,0,0,0,0,0,0.045,0,0,0,Inf,Inf,Inf,0.045,0.045,0.035,0.04,1.39970649530894e-08,8.26122329522354e-05,2.75676040877585e-11,26282.9918976984,0.0097185710376554,0.000132881584572539,0.802612222137391,13141.4961563955,0.128581470639801,0.264398890872737,0.550663254997077,3942.44884691865,387.84,320,320
0.451,0,0,0,1,0,0,0,0,0,0,1,0,0,0,0,0,0,0.045,0,0,0,Inf,Inf,Inf,0.045,0.045,0.035,0.04,1.40303677026832e-08,8.26093488499399e-05,2.75830951986272e-11,26336.6206107631,0.00972189638048125,0.000132884948067652,0.78203786105117,13168.3105134461,0.12858163607103,0.264403633808717,0.541887230966867,3950.49315403382,387.84,320,320
0.452,0,0,0,1,0,0,0,0,0,0,1,0,0,0,0,0,0,0.045,0,0,0,Inf,Inf,Inf,0.045,0.045,0.035,0.04,1.40092864537766e-08,8.26056585157712e-05,2.760317831437e-11,26302.9689843207,0.0097237807518629,0.00013288494791312,0.774598531407063,13151.4846999047,0.12858190578346,0.264403604361444,0.541974244296939,3945.4454099714,387.84,320,320
0.453,0,0,0,1,0,0,0,0,0,0,1,0,0,0,0,0,0,0.045,0,0,0,Inf,Inf,Inf,0.045,0.045,0.035,0.04,1.39271162695855e-08,8.26159419053115e-05,2.76240003135845e-11,26211.6399740203,0.00972418743406146,0.000132888636524345,0.77456584098977,13105.8201927068,0.128587307333655,0.264411684241012,0.541962726462744,3931.74605781204,387.84,320,320
0.454,0,0,0,1,0,0,0,0,0,0,1,0,0,0,0,0,0,0.045,0,0,0,Inf,Inf,Inf,0.045,0.045,0.035,0.04,7.70210288650153e-08,8.2616854588854e-05,2.9178926756101e-05,26178.8004262544,0.00972237256556272,0.000132882585644409,0.77165079921132,13089.4002701085,0.12856860217505,0.264395307748185,0.536229967026052,3926.82008103256,387.84,320,320
0.455,0,0,0,1,0,0,0,0,0,0,1,0,0,0,0,0,0,0.045,0,0,0,Inf,Inf,Inf,0.045,0.045,0.035,0.04,1.48002389559944e-07,8.26126437877465e-05,5.54414233826657e-05,26392.2092513888,0.00972733249684347,0.000132891610885549,0.765922953889514,13196.1047796804,0.128558097501689,0.264405945344256,0.535520613861573,3958.83143390413,387.84,320,320
0.456,0,0,0,1,0,0,0,0,0,0,1,0,0,0,0,0,0,0.045,0,0,0,Inf,Inf,Inf,0.045,0.045,0.035,0.04,2.05418565300951e-07,8.26157366741745e-05,7.67129120284829e-05,26632.7117209098,0.00973862686532762,0.000132916701903815,0.761482181651696,13316.3561378178,0.128561201487032,0.264447239274366,0.534216072067054,3994.90684134535,387.84,320,320
0.457,0,0,0,1,0,0,0,0,0,0,1,0,0,0,0,0,0,0.045,0,0,0,Inf,Inf,Inf,0.045,0.045,0.035,0.04,2.44473678032748e-07,8.26295542279586e-05,9.12968205871053e-05,26713.3431499546,0.00975544766139253,0.000132944995531256,0.76443233071879,13356.6719661725,0.128569194498922,0.264495367010207,0.535335208356146,4007.00158985174,387.84,320,320
0.458,0,0,0,1,0,0,0,0,0,0,1,0,0,0,0,0,0,0.045,0,0,0,Inf,Inf,Inf,0.045,0.045,0.035,0.04,2.6394964232627e-07,8.26357005259079e-05,9.87217699811003e-05,26527.9026091585,0.00977541798170936,0.000132960397318133,0.775624024576287,13263.9517639582,0.12856986239088,0.264520072426768,0.540257682810847,3979.18552918747,387.84,320,320
0.459,0,0,0,1,0,0,0,0,0,0,1,0,0,0,0,0,0,0.045,0,0,0,Inf,Inf,Inf,0.045,0.045,0.035,0.04,2.70000192419053e-07,8.26327802629627e-05,9.87217680769391e-05,25909.5560121565,0.00979619269733485,0.000132961310735871,0.84559849476188,12954.7786715345,0.128561005889754,0.264519820667321,0.574692341935766,3886.43360146035,387.84,320,320
0.46,0,0,0,1,0,0,0,0,0,0,1,0,0,0,0,0,0,0.045,0,0,0,Inf,Inf,Inf,0.045,0.045,0.035,0.04,2.69671544683285e-07,8.26347092133764e-05,9.87217666565802e-05,24580.6905929124,0.00981830286730253,0.000132968762869713,0.8785349853033,12290.3461432963,0.128560800781644,0.264532747913542,0.592477678933718,3687.10384298889,387.84,320,320
0.461,0,0,0,1,0,0,0,0,0,0,1,0,0,0,0,0,0,0.045,0,0,0,Inf,Inf,Inf,0.045,0.045,0.035,0.04,2.7103673956292e-07,8.26367936349484e-05,9.87217682064826e-05,22568.6364821717,0.00983573353352115,0.000132974123633893,0.866979603760691,11284.3191973278,0.12856216362373,0.264542094757208,0.585393568276756,3385.29575919833,387.84,320,320
0.462,0,0,0,1,0,0,0,0,0,0,1,0,0,0,0,0,0,0.045,0,0,0,Inf,Inf,Inf,0.045,0.045,0.035,0.04,2.83265031566835e-07,8.26368115480391e-05,9.87217736992389e-05,21139.2797814854,0.00984623930567535,0.000132974127433015,0.839455222366975,10569.6425011741,0.128562375602298,0.264542169193377,0.564669110776079,3170.89275035224,387.84,320,320
0.463,0,0,0,1,0,0,0,0,0,0,1,0,0,0,0,0,0,0.045,0,0,0,Inf,Inf,Inf,0.045,0.045,0.035,0.04,3.10312492389824e-07,8.26369622592035e-05,9.8721782144822e-05,19744.9667035835,0.00985011129456025,0.000132973363135994,0.831585461678935,9872.48631565349,0.128565524660345,0.264542608326535,0.550205708851088,2961.74589469605,387.84,320,320
0.464,0,0,0,1,0,0,0,0,0,0,1,0,0,0,0,0,0,0.045,0,0,0,Inf,Inf,Inf,0.045,0.045,0.035,0.04,3.47781433664521e-07,8.2640658813005e-05,9.87217910357249e-05,17668.3626979551,0.00985035348804317,0.000132978753996836,0.844127013031904,8834.18455859552,0.128575482793782,0.264556006464724,0.549132898657925,2650.25536757866,387.84,320,320
0.465,0,0,0,1,0,0,0,0,0,0,1,0,0,0,0,0,0,0.045,0,0,0,Inf,Inf,Inf,0.045,0.045,0.035,0.04,3.86557221061121e-07,8.26479483105876e-05,9.87217974673003e-05,15177.1054066894,0.00985124315409926,0.000132991496123869,0.844955371243355,7588.5560021292,0.128589029174062,0.264582282219299,0.549372663151258,2403.8,387.84,320,320
0.466,0,0,0,1,0,0,0,0,0,0,1,0,0,0,0,0,0,0.045,0,0,0,Inf,Inf,Inf,0.045,0.045,0.035,0.04,4.18005291999412e-07,8.26545771048866e-05,9.87217994327093e-05,13872.6120959189,0.00985582781576476,0.000133004921054571,0.810605039126359,6936.30727847087,0.12859673002145,0.264606342743264,0.537304971393407,2403.8,387.84,320,320
0.467,0,0,0,1,0,0,0,0,0,0,1,0,0,0,0,0,0,0.045,0,0,0,Inf,Inf,Inf,0.045,0.045,0.035,0.04,4.36954012400209e-07,8.26556651643924e-05,9.87217967298211e-05,13866.9766825094,0.00986416872307083,0.000133010374964398,0.749758951808686,6933.48983351592,0.128591049821044,0.264611371731687,0.512637378837687,2403.8,387.84,320,320
0.468,0,0,0,1,0,0,0,0,0,0,1,0,0,0,0,0,0,0.045,0,0,0,Inf,Inf,Inf,0.045,0.045,0.035,0.04,4.43018426462609e-07,8.26501106118351e-05,9.87217910933522e-05,13799.7555807417,0.00987373047167977,0.000133004895909446,0.699881813465016,6899.87948143553,0.128573603026676,0.264594037415377,0.503800289534399,2403.8,387.84,320,320
0.469,0,0,0,1,0,0,0,0,0,0,1,0,0,0,0,0,0,0.045,0,0,0,Inf,Inf,Inf,0.045,0.045,0.035,0.04,4.41068312879802e-07,8.2641773658372e-05,9.87217854992643e-05,13322.1873467185,0.00988146164445312,0.000132993860190506,0.696001970602899,6661.09541300419,0.128554188198685,0.264567619754091,0.50036173416095,2403.8,387.84,320,320
0.47,0,0,0,1,0,0,0,0,0,0,1,0,0,0,0,0,0,0.045,0,0,0,Inf,Inf,Inf,0.045,0.045,0.035,0.04,4.40426738592936e-07,8.26357949518392e-05,9.87217829367702e-05,12296.6336659383,0.00988582714442975,0.000132985425709374,0.704355994593291,6148.31843060928,0.128542387682537,0.264549190586979,0.494335828243381,2403.8,387.84,320,320
0.471,0,0,0,1,0,0,0,0,0,0,1,0,0,0,0,0,0,0.045,0,0,0,Inf,Inf,Inf,0.045,0.045,0.035,0.04,4.51469643188996e-07,8.26370939663537e-05,9.87217851628957e-05,10764.6900792251,0.00988736855848791,0.000132982988992966,0.744182791431859,5382.34631952977,0.128539717967748,0.264544399790968,0.520388576843269,2403.8,387.84,320,320
0.472,0,0,0,1,0,0,0,0,0,0,1,0,0,0,0,0,0,0.045,0,0,0,Inf,Inf,Inf,0.045,0.045,0.035,0.04,4.79767423320031e-07,8.26340441992296e-05,9.87217919568003e-05,8892.60555784702,0.00988765527764044,0.000132982988969148,0.77210295686539,4446.30363734668,0.128539624737777,0.264544423287028,0.541875793712098,2403.8,387.84,320,320
0.473,0,0,0,1,0,0,0,0,0,0,1,0,0,0,0,0,0,0.045,0,0,0,Inf,Inf,Inf,0.045,0.045,0.035,0.04,5.2231896348559e-07,8.26320659144741e-05,9.87218011814603e-05,6917.86443818319,0.00988778148155333,0.000132979518801395,0.778982584786068,3458.93659182574,0.128534980295086,0.264536950201978,0.549508551779663,2403.8,387.84,320,320
0.474,0,0,0,1,0,0,0,0,0,0,1,0,0,0,0,0,0,0.045,0,0,0,Inf,Inf,Inf,0.045,0.045,0.035,0.04,4.92918928280625e-07,8.26393613401214e-05,7.42342804336468e-05,4946.20162986093,0.00988950758205549,0.000132986910059744,0.779688777885407,2473.10439720372,0.128552787934348,0.264554637236542,0.547956418783515,2403.8,387.84,320,320
0.475,0,0,0,1,0,0,0,0,0,0,1,0,0,0,0,0,0,0.045,0,0,0,Inf,Inf,Inf,0.045,0.045,0.035,0.04,4.64983992934866e-07,8.26386670088214e-05,4.99236812373024e-05,3031.11062392707,0.00988466152944436,0.000132980091025504,0.795337560688201,1515.55796958431,0.128560263963147,0.264545442745822,0.549578041915636,2403.8,387.84,320,320
0.476,0,0,0,0,0,0,0,0,0,0,1,0,0,0,0,0,0,0.045,0,0,0,Inf,Inf,Inf,0.045,0.045,0.035,0.04,4.40949332279675e-07,8.26279347450865e-05,2.79879796148123e-05,1427.76134789103,0.00987376202364838,0.000132956755826854,0.846800699252638,713.88241019225,0.128553676155906,0.264504863510637,0.582007369860987,2403.8,387.84,320,320
0.477,0,0,0,0,0,0,0,0,0,0,1,0,0,0,0,0,0,0.045,0,0,0,Inf,Inf,Inf,0.045,0.045,0.035,0.04,4.24039900304775e-07,8.26143443765157e-05,1.0746155951178e-05,365.287040542277,0.00985734263959941,0.000132928779948096,0.866828747737165,182.644456863539,0.128544002932731,0.264456591563963,0.592977177587435,2403.8,387.84,320,320
0.478,0,0,0,0,0,0,0,0,0,0,1,0,0,0,0,0,0,0.045,0,0,0,Inf,Inf,Inf,0.045,0.045,0.035,0.04,4.52134265476836e-07,8.26074358016658e-05,1.64900239420651e-10,6.52336608215871e-06,0.0098374535792182,0.000132912208632283,0.855171058285658,0.00678527069479382,0.128544334361037,0.264431184399204,0.570591891268517,2403.8,387.84,320,320
0.479,0,0,0,0,0,0,0,0,0,0,1,0,0,0,0,0,0,0.045,0,0,0,Inf,Inf,Inf,0.045,0.045,0.035,0.04,4.56943273806047e-07,8.26092021218868e-05,1.7280696929797e-10,6.62965733171284e-06,0.00981621344000149,0.0001329095739137,0.820685923195384,0.00659017004696081,0.128555751382233,0.264430701373201,0.559480353279963,2403.8,387.84,320,320
0.48,0,0,0,0,0,0,0,0,0,0,1,0,0,0,0,0,0,0.045,0,0,0,Inf,Inf,Inf,0.045,0.045,0.035,0.04,4.6147491069748e-07,8.2606484982881e-05,1.81017534842954e-10,6.9647676796004e-06,0.00980358105832088,0.000132900985040389,0.81823395751236,0.0069256054773353,0.128474285321802,0.264417436978514,0.549973040873987,2403.8,387.84,320,320
0.481,0,0,0,0,0,0,0,0,0,0,1,0,0,0,0,0,0,0.045,0,0,0,Inf,Inf,Inf,0.045,0.045,0.035,0.04,4.75049457371287e-07,8.26157037582206e-05,1.87483355006058e-10,7.16954547621734e-06,0.00978982442735673,0.000132895313994767,0.824562736139394,0.00712932608432129,0.128526507544359,0.264408027103804,0.5499453531246,2403.8,387.84,320,320
0.482,0,0,0,0,0,0,0,0,0,0,1,0,0,0,0,0,0,0.045,0,0,0,Inf,Inf,Inf,0.045,0.045,0.035,0.04,4.79765419841256e-07,8.26438481893506e-05,1.91182294377874e-10,7.2412418396143e-06,0.00978485606998263,0.000132895316901474,0.811683618518204,0.00720010137599153,0.128611101439516,0.264407963771158,0.54665839551848,2403.8,387.84,320,320
0.483,0,0,0,0,0,0,0,0,0,0,1,0,0,0,0,0,0,0.045,0,0,0,Inf,Inf,Inf,0.045,0.045,0.035,0.04,4.81612306210525e-07,8.26562052884587e-05,1.92195932849483e-10,7.22022051265192e-06,0.00978710187514853,0.000132909642305183,0.783079078164328,0.00717939274357189,0.128628692461175,0.264581640863369,0.548393509319671,2403.8,387.84,320,320
0.484,0,0,0,0,0,0,0,0,0,0,1,0,0,0,0,0,0,0.045,0,0,0,Inf,Inf,Inf,0.045,0.045,0.035,0.04,4.92737560223639e-07,8.26436994039799e-05,1.91468373130662e-10,7.17066107445639e-06,0.00978549633537024,0.000132889248839625,0.799314400372359,0.00713181974315612,0.128609490470385,0.264393530920359,0.557807895208087,2403.8,387.84,320,320
0.485,0,0,0,0,0,0,0,0,0,0,1,0,0,0,0,0,0,0.045,0,0,0,Inf,Inf,Inf,0.045,0.045,0.035,0.04,4.97119991149411e-07,8.26168719662964e-05,1.90372586697185e-10,7.20652845452238e-06,0.00977648705735653,0.000132875392347182,0.802172675133765,0.00746039762479049,0.128570342205267,0.264366559983718,0.559697237486496,2403.8,387.84,320,320
0.486,0,0,0,0,0,0,0,0,0,0,1,0,0,0,0,0,0,0.045,0,0,0,Inf,Inf,Inf,0.045,0.045,0.035,0.04,4.97262062805801e-07,8.26215592975911e-05,1.90171152198411e-10,7.26323628511845e-06,0.00976074179083383,0.000132861505727777,0.797948471284342,0.00746255709251648,0.128539984378392,0.264341684187008,0.555881636870606,2403.8,387.84,320,320
0.487,0,0,0,0,0,0,0,0,0,0,1,0,0,0,0,0,0,0.045,0,0,0,Inf,Inf,Inf,0.045,0.045,0.035,0.04,5.06435957495217e-07,8.26285231286596e-05,1.91533905866273e-10,7.40034120487335e-06,0.00974826753740526,0.000132856648536489,0.797584306354181,0.00760023417875962,0.128522051693563,0.264336106657629,0.552176933260894,2403.8,387.84,320,320
0.488,0,0,0,0,0,0,0,0,0,0,1,0,0,0,0,0,0,0.045,0,0,0,Inf,Inf,Inf,0.045,0.045,0.035,0.04,5.103833062345e-07,8.26271338922514e-05,1.94333849636437e-10,7.51021541739052e-06,0.00974349619213657,0.000132863311676094,0.844138552928652,0.00748325721304272,0.128593197698746,0.264353283265355,0.580976001402372,2403.8,387.84,320,320
0.489,0,0,0,0,0,0,0,0,0,0,1,0,0,0,0,0,0,0.045,0,0,0,Inf,Inf,Inf,0.045,0.045,0.035,0.04,5.10078478661781e-07,8.26122158729095e-05,1.97821682474516e-10,7.67112145444696e-06,0.00974462957584222,0.000132875467980894,0.893017784319434,0.0076448957390337,0.128567870322879,0.264380066103554,0.604685396282929,2403.8,387.84,320,320
0.49,0,0,0,0,0,0,0,0,0,0,1,0,0,0,0,0,0,0.045,0,0,0,Inf,Inf,Inf,0.045,0.045,0.035,0.04,5.1714394948068e-07,8.26044726374438e-05,2.01040787635499e-10,7.78722131320907e-06,0.00974229403868793,0.000132884486859831,0.891471866399758,0.00776105232403757,0.128534212675764,0.264399098653004,0.603787331444861,2403.8,387.84,320,320
0.491,0,0,0,0,0,0,0,0,0,0,1,0,0,0,0,0,0,0.045,0,0,0,Inf,Inf,Inf,0.045,0.045,0.035,0.04,5.20738330885015e-07,8.26062432191318e-05,2.03237562187372e-10,7.84124937593011e-06,0.00973540451631434,0.000132886961528324,0.853127778263185,0.00781499506392465,0.128512420834592,0.264404221900331,0.580779616305142,2403.8,387.84,320,320
0.492,0,0,0,0,0,0,0,0,0,0,1,0,0,0,0,0,0,0.045,0,0,0,Inf,Inf,Inf,0.045,0.045,0.035,0.04,5.20651956437967e-07,8.26062377547603e-05,2.04108668356963e-10,7.83972855924744e-06,0.00973035561664919,0.00013288696116632,0.818291395780334,0.00781369868797253,0.128565213961771,0.264404199451346,0.554649892500677,2403.8,387.84,320,320
0.493,0,0,0,0,0,0,0,0,0,0,1,0,0,0,0,0,0,0.045,0,0,0,Inf,Inf,Inf,0.045,0.045,0.035,0.04,5.25733907230027e-07,8.26084883512238e-05,2.03851759589308e-10,7.80815137002208e-06,0.00973012583086274,0.000132890792340907,0.848534349711711,0.00778295583820071,0.128568944610408,0.264411696672067,0.573898231313372,2403.8,387.84,320,320
0.494,0,0,0,0,0,0,0,0,0,0,1,0,0,0,0,0,0,0.045,0,0,0,Inf,Inf,Inf,0.045,0.045,0.035,0.04,5.29034933990659e-07,8.26137699446492e-05,2.03047604636987e-10,7.78027018348717e-06,0.0097300491737612,0.000132899720620394,0.862794990407282,0.00775660939262251,0.128577471177306,0.26442894306806,0.579804437511461,2403.8,387.84,320,320
0.495,0,0,0,0,0,0,0,0,0,0,1,0,0,0,0,0,0,0.045,0,0,0,Inf,Inf,Inf,0.045,0.045,0.035,0.04,5.29079644955379e-07,8.26297164074077e-05,2.02420961826707e-10,7.78462720931839e-06,0.0097302289177464,0.000132908062191813,0.843432796542153,0.00776301990049634,0.128585220743562,0.264444534758965,0.570771844448752,2403.8,387.84,320,320
0.496,0,0,0,0,0,0,0,0,0,0,1,0,0,0,0,0,0,0.045,0,0,0,Inf,Inf,Inf,0.045,0.045,0.035,0.04,5.32698798688352e-07,8.26363044324576e-05,2.02552941873737e-10,7.83326242715421e-06,0.00973015962848884,0.000132908493693886,0.801070640047365,0.00781379483102703,0.128585559352246,0.26444431676337,0.5490188737555,2403.8,387.84,320,320
0.497,0,0,0,0,0,0,0,0,0,0,1,0,0,0,0,0,0,0.045,0,0,0,Inf,Inf,Inf,0.045,0.045,0.035,0.04,5.35850238376992e-07,8.26301290684151e-05,2.03652402102242e-10,7.91781333715472e-06,0.00972884064086589,0.00013289916550074,0.768946248587535,0.00790006343546536,0.128607268302838,0.264425279060615,0.542967175552301,2403.8,387.84,320,320
0.498,0,0,0,0,0,0,0,0,0,0,1,0,0,0,0,0,0,0.045,0,0,0,Inf,Inf,Inf,0.045,0.045,0.035,0.04,5.36032290321143e-07,8.26245498432178e-05,2.05491017087996e-10,8.01477897302106e-06,0.0097275892405757,0.000132885663247051,0.768075022078595,0.00799799557543181,0.128599522492431,0.264398902297565,0.543036493662207,2403.8,387.84,320,320
0.499,0,0,0,0,0,0,0,0,0,0,1,0,0,0,0,0,0,0.045,0,0,0,Inf,Inf,Inf,0.045,0.045,0.035,0.04,5.38401756328648e-07,8.26272595778201e-05,2.07530915680288e-10,8.09662414496847e-06,0.00972413447404438,0.000132876064113548,0.774010449464218,0.00808007413854389,0.128604455105333,0.26438095448173,0.544427874855503,2403.8,387.84,320,320
0.5,0,0,0,0,0,0,0,0,0,0,1,0,0,0,0,0,0,0.045,0,0,0,Inf,Inf,Inf,0.045,0.045,0.035,0.04,5.41485916858601e-07,8.26371446383085e-05,2.09171184450731e-10,8.14306696757727e-06,0.00972428170550822,0.000132873909244636,0.788918788022732,0.00812635977086076,0.128618995526828,0.264377734704176,0.549686524007455,2403.8,387.84,320,320
0.501,0,0,0,0,0,0,0,0,0,0,1,0,0,0,0,0,0,0.045,0,0,0,Inf,Inf,Inf,0.045,0.045,0.035,0.04,5.41829383692478e-07,8.26349854931573e-05,2.09993040191131e-10,8.14828775259849e-06,0.0097258577533592,0.000132875807507179,0.805281980250854,0.00813151438401935,0.128614936055184,0.264381996129758,0.55658356357136,2403.8,387.84,320,320
0.502,0,0,0,0,0,0,0,0,0,0,1,0,0,0,0,0,0,0.045,0,0,0,Inf,Inf,Inf,0.045,0.045,0.035,0.04,5.43157535480998e-07,8.26225425198564e-05,2.0991045393538e-10,8.1223402005273e-06,0.00972494471726349,0.000132875805734902,0.812522050508629,0.00810598184507875,0.128595798419198,0.264382080860872,0.560004139284532,2403.8,387.84,320,320
0.503,0,0,0,0,0,0,0,0,0,0,1,0,0,0,0,0,0,0.045,0,0,0,Inf,Inf,Inf,0.045,0.045,0.035,0.04,5.46310594275396e-07,8.26098426734221e-05,2.09186824737986e-10,8.08685101156601e-06,0.00972056185918311,0.000132871923853807,0.807039215563484,0.0080715315098596,0.128577389853126,0.264374643027518,0.571094530586037,2403.8,387.84,320,320
0.504,0,0,0,0,0,0,0,0,0,0,1,0,0,0,0,0,0,0.045,0,0,0,Inf,Inf,Inf,0.045,0.045,0.035,0.04,5.46885021523532e-07,8.26041565456375e-05,2.08322603521021e-10,8.06639235017447e-06,0.00971428952651141,0.000132868238485249,0.807546499896895,0.00805260776391511,0.128569974165163,0.264368150117913,0.564906494032093,2403.8,387.84,320,320
0.505,0,0,0,0,0,0,0,0,0,0,1,0,0,0,0,0,0,0.045,0,0,0,Inf,Inf,Inf,0.045,0.045,0.035,0.04,5.4711934172115e-07,8.26039347960948e-05,2.07853565603494e-10,8.0784380246423e-06,0.009709040392416,0.000132870620572391,0.829821093339951,0.00806638356929475,0.128569886032509,0.264374037025297,0.567171158902366,2403.8,387.84,320,320
0.506,0,0,0,0,0,0,0,0,0,0,1,0,0,0,0,0,0,0.045,0,0,0,Inf,Inf,Inf,0.045,0.045,0.035,0.04,5.50402919424272e-07,8.260381872745e-05,2.081327669143e-10,8.12609077492787e-06,0.00970850329186445,0.000132880544776967,0.861272885053507,0.00811563764071451,0.128567810854989,0.264394583413808,0.577144203936055,2403.8,387.84,320,320
0.507,0,0,0,0,0,0,0,0,0,0,1,0,0,0,0,0,0,0.045,0,0,0,Inf,Inf,Inf,0.045,0.045,0.035,0.04,5.51264499392795e-07,8.26116583885846e-05,2.09187484442606e-10,8.19711846009784e-06,0.00970962349680339,0.000132893070842041,0.870362058520171,0.00818790707760328,0.128579628432876,0.264419483584071,0.580776631198809,2403.8,387.84,320,320
0.508,0,0,0,0,0,0,0,0,0,0,1,0,0,0,0,0,0,0.045,0,0,0,Inf,Inf,Inf,0.045,0.045,0.035,0.04,5.50475374188691e-07,8.26164104997926e-05,2.10717091926281e-10,8.26968747970548e-06,0.00971173872593888,0.000132900963876698,0.841260560983089,0.00826126494703408,0.128586256856648,0.264434499976752,0.567600152229358,2403.8,387.84,320,320
0.509,0,0,0,0,0,0,0,0,0,0,1,0,0,0,0,0,0,0.045,0,0,0,Inf,Inf,Inf,0.045,0.045,0.035,0.04,5.53967825995905e-07,8.26162569603679e-05,2.12228941309112e-10,8.3217174752365e-06,0.00971397976668237,0.000132900990169378,0.809069476647819,0.00831367774196711,0.12858532877722,0.264433819882399,0.556926490014145,2403.8,387.84,320,320
0.51,0,0,0,0,0,0,0,0,0,0,1,0,0,0,0,0,0,0.045,0,0,0,Inf,Inf,Inf,0.045,0.045,0.035,0.04,5.5517052932396e-07,8.26132830979538e-05,2.13243621670206e-10,8.3396085414064e-06,0.00971532467772018,0.000132896287336492,0.806165863909141,0.00833172723877863,0.128580466212325,0.264424145673498,0.549786573029234,2403.8,387.84,320,320
0.511,0,0,0,0,0,0,0,0,0,0,1,0,0,0,0,0,0,0.045,0,0,0,Inf,Inf,Inf,0.045,0.045,0.035,0.04,5.54093874707384e-07,8.26141995540627e-05,2.13481963512302e-10,8.32323153314926e-06,0.0097154770493528,0.000132892646730729,0.811241508759062,0.00831556923034342,0.128577167075556,0.264416919147526,0.549316543528863,2403.8,387.84,320,320
0.512,0,0,0,0,0,0,0,0,0,0,1,0,0,0,0,0,0,0.045,0,0,0,Inf,Inf,Inf,0.045,0.045,0.035,0.04,5.5702033429417e-07,8.26332046799414e-05,2.12968931708146e-10,8.28583538348822e-06,0.00971500329704189,0.000132892648189156,0.806891161923882,0.00827874971861659,0.128577348773669,0.264416859442615,0.548294987830634,2403.8,387.84,320,320
0.513,0,0,0,0,0,0,0,0,0,0,1,0,0,0,0,0,0,0.045,0,0,0,Inf,Inf,Inf,0.045,0.045,0.035,0.04,5.58598329696447e-07,8.26436759385822e-05,2.12023979735147e-10,8.24897592631867e-06,0.00971467746635415,0.000132893483379447,0.783605416031041,0.0082429937439155,0.128577910724045,0.264418120285061,0.540293651386208,2403.8,387.84,320,320
0.514,0,0,0,0,0,0,0,0,0,0,1,0,0,0,0,0,0,0.045,0,0,0,Inf,Inf,Inf,0.045,0.045,0.035,0.04,5.57851622889399e-07,8.26381669166689e-05,2.11139469762142e-10,8.23397753125999e-06,0.00971836977171421,0.000132890350077411,0.789386574937156,0.00822954965656018,0.128620786807111,0.264411354211274,0.551189343852032,2403.8,387.84,320,320
0.515,0,0,0,0,0,0,0,0,0,0,1,0,0,0,0,0,0,0.045,0,0,0,Inf,Inf,Inf,0.045,0.045,0.035,0.04,5.59672806061458e-07,8.26212131102598e-05,2.10783827353477e-10,8.28430335330017e-06,0.00971948031430823,0.000132881857648025,0.792764762621703,0.00839922862734939,0.128593370834152,0.264394326976107,0.55346601817087,2403.8,387.84,320,320
0.516,0,0,0,0,0,0,0,0,0,0,1,0,0,0,0,0,0,0.045,0,0,0,Inf,Inf,Inf,0.045,0.045,0.035,0.04,5.61651037617718e-07,8.26192535688959e-05,2.11204035602194e-10,8.31393193975933e-06,0.00971657866587421,0.000132872076542603,0.790939185316688,0.00842891693492315,0.128591920628688,0.264375472070652,0.551775969780619,2403.8,387.84,320,320
0.517,0,0,0,0,0,0,0,0,0,0,1,0,0,0,0,0,0,0.045,0,0,0,Inf,Inf,Inf,0.045,0.045,0.035,0.04,5.61276806387261e-07,8.26247829956442e-05,2.12318200464269e-10,8.37115126007952e-06,0.00971615398357714,0.000132867149581985,0.79073246810014,0.0083707489453764,0.128600629061962,0.264366758881256,0.549554861984465,2403.8,387.84,320,320
0.518,0,0,0,0,0,0,0,0,0,0,1,0,0,0,0,0,0,0.045,0,0,0,Inf,Inf,Inf,0.045,0.045,0.035,0.04,5.61885538752453e-07,8.26256670517192e-05,2.13753210171143e-10,8.43249562459399e-06,0.00971644927227564,0.000132869751653118,0.807903046006349,0.00843249882808257,0.12860128930793,0.264372876565336,0.56184960388799,2403.8,387.84,320,320
0.519,0,0,0,0,0,0,0,0,0,0,1,0,0,0,0,0,0,0.045,0,0,0,Inf,Inf,Inf,0.045,0.045,0.035,0.04,5.64284417966139e-07,8.26174030378445e-05,2.15006837963636e-10,8.46836857896085e-06,0.00971673453826353,0.000132876861991548,0.844672821232022,0.00846849995483899,0.128587736671251,0.264387372076217,0.579707916084684,2403.8,387.84,320,320
0.52,0,0,0,0,0,0,0,0,0,0,1,0,0,0,0,0,0,0.045,0,0,0,Inf,Inf,Inf,0.045,0.045,0.035,0.04,5.64357533154511e-07,8.26054567574868e-05,2.15654001949808e-10,8.46930252075832e-06,0.00971529785247521,0.000132882903516105,0.85117545232214,0.00846959714997627,0.128565665254918,0.264399220925626,0.583145027224983,2403.8,387.84,320,320
0.521,0,0,0,0,0,0,0,0,0,0,1,0,0,0,0,0,0,0.045,0,0,0,Inf,Inf,Inf,0.045,0.045,0.035,0.04,5.63819366481092e-07,8.26066364275675e-05,2.15510763004093e-10,8.43950164596e-06,0.00971128439369184,0.000132884950408627,0.831650459823464,0.00844026023259554,0.128548150907903,0.264403030464153,0.571353181687784,2403.8,387.84,320,320
0.522,0,0,0,0,0,0,0,0,0,0,1,0,0,0,0,0,0,0.045,0,0,0,Inf,Inf,Inf,0.045,0.045,0.035,0.04,5.66635812271995e-07,8.26066346394347e-05,2.1470149494607e-10,8.39531213402593e-06,0.00970581751448858,0.000132884950397646,0.809413400039473,0.00839697774327484,0.128544201375288,0.264403025006425,0.554891930245924,2403.8,387.84,320,320
0.523,0,0,0,0,0,0,0,0,0,0,1,0,0,0,0,0,0,0.045,0,0,0,Inf,Inf,Inf,0.045,0.045,0.035,0.04,5.67180307856655e-07,8.2607996383293e-05,2.13612025235424e-10,8.3808418359984e-06,0.0097039858841445,0.000132887045571355,0.819789843812959,0.00851188879768897,0.12857754990763,0.264407369130447,0.561905707965868,2403.8,387.84,320,320
0.524,0,0,0,0,0,0,0,0,0,0,1,0,0,0,0,0,0,0.045,0,0,0,Inf,Inf,Inf,0.045,0.045,0.035,0.04,5.6553529211219e-07,8.26115585759158e-05,2.12743278196912e-10,8.3973105301884e-06,0.009703845289814,0.000132892793018049,0.833395541798889,0.00848540115333141,0.128582897320276,0.264418751514631,0.567470480409615,2403.8,387.84,320,320
0.525,0,0,0,0,0,0,0,0,0,0,1,0,0,0,0,0,0,0.045,0,0,0,Inf,Inf,Inf,0.045,0.045,0.035,0.04,5.68635765925555e-07,8.2617653576362e-05,2.12512183169994e-10,8.44624891276765e-06,0.00970437889857931,0.000132899093270138,0.82608666997863,0.00853375392987415,0.128588065114824,0.264430746027451,0.564077334881401,2403.8,387.84,320,320
0.526,0,0,0,0,0,0,0,0,0,0,1,0,0,0,0,0,0,0.045,0,0,0,Inf,Inf,Inf,0.045,0.045,0.035,0.04,5.6969667254821e-07,8.26237382727521e-05,2.13076706207423e-10,8.46200375405064e-06,0.00970767565879887,0.000132900955052599,0.801508848939054,0.00854967541734122,0.128602758238017,0.264433637597388,0.551513975001043,2403.8,387.84,320,320
0.527,0,0,0,0,0,0,0,0,0,0,1,0,0,0,0,0,0,0.045,0,0,0,Inf,Inf,Inf,0.045,0.045,0.035,0.04,5.68447850931322e-07,8.26211018369189e-05,2.14265630866563e-10,8.49729321359429e-06,0.00971100398469284,0.000132896300950685,0.775976042005097,0.00850599066069597,0.128597847006347,0.264423789365671,0.536909635287776,2403.8,387.84,320,320
0.528,0,0,0,0,0,0,0,0,0,0,1,0,0,0,0,0,0,0.045,0,0,0,Inf,Inf,Inf,0.045,0.045,0.035,0.04,5.70361380359493e-07,8.26178008047836e-05,2.15649851188083e-10,8.55057814060045e-06,0.00971164963026829,0.000132887995955186,0.770957867305681,0.00855969550351622,0.128593104894933,0.264407238169365,0.542513820783297,2403.8,387.84,320,320
0.529,0,0,0,0,0,0,0,0,0,0,1,0,0,0,0,0,0,0.045,0,0,0,Inf,Inf,Inf,0.045,0.045,0.035,0.04,5.71927126710855e-07,8.26196151415957e-05,2.16720907913023e-10,8.57399735492806e-06,0.00971027032982231,0.000132881235621607,0.773709101647619,0.0085831934097261,0.12859654789697,0.264394245340728,0.54317206794816,2403.8,387.84,320,320
0.53,0,0,0,0,0,0,0,0,0,0,1,0,0,0,0,0,0,0.045,0,0,0,Inf,Inf,Inf,0.045,0.045,0.035,0.04,5.71113744785156e-07,8.26253669367042e-05,2.17095062618552e-10,8.56171560649966e-06,0.0097089650768969,0.000132878974978016,0.782665410843216,0.00857098653934549,0.128603191138723,0.264390293692464,0.54633580465798,2403.8,387.84,320,320
0.531,0,0,0,0,0,0,0,0,0,0,1,0,0,0,0,0,0,0.045,0,0,0,Inf,Inf,Inf,0.045,0.045,0.035,0.04,5.71786458625479e-07,8.26260881113736e-05,2.16662065098758e-10,8.52185341494964e-06,0.0097090452316541,0.000132879735760273,0.793848152534576,0.00853154795055516,0.128600677407254,0.264392090645305,0.551041517652155,2403.8,387.84,320,320
0.532,0,0,0,0,0,0,0,0,0,0,1,0,0,0,0,0,0,0.045,0,0,0,Inf,Inf,Inf,0.045,0.045,0.035,0.04,5.73874041606911e-07,8.26194426977922e-05,2.15628586407056e-10,8.50989396079377e-06,0.00971067234842101,0.000132879734774587,0.800338101164853,0.00861235920605451,0.128592294452692,0.264392140606094,0.554107729407376,2403.8,387.84,320,320
0.533,0,0,0,0,0,0,0,0,0,0,1,0,0,0,0,0,0,0.045,0,0,0,Inf,Inf,Inf,0.045,0.045,0.035,0.04,5.73568573096093e-07,8.26114165963629e-05,2.14442249651194e-10,8.50529702035856e-06,0.00971118521665238,0.00013287711967402,0.798535754831217,0.00860777487574585,0.128579682899029,0.264387099552967,0.553151427806825,2403.8,387.84,320,320
0.534,0,0,0,0,0,0,0,0,0,0,1,0,0,0,0,0,0,0.045,0,0,0,Inf,Inf,Inf,0.045,0.045,0.035,0.04,5.72953093061477e-07,8.2607269413416e-05,2.13618103671175e-10,8.53831863401262e-06,0.00970997110545561,0.000132874019916929,0.792981594556862,0.0085985598055139,0.128573650981286,0.264381433303018,0.556451510246536,2403.8,387.84,320,320
0.535,0,0,0,0,0,0,0,0,0,0,1,0,0,0,0,0,0,0.045,0,0,0,Inf,Inf,Inf,0.045,0.045,0.035,0.04,5.75529720366055e-07,8.26069153547018e-05,2.13528112462094e-10,8.57743153101423e-06,0.00970855203779074,0.00013287437232048,0.806790097194482,0.00863722879563605,0.128573263952611,0.264382816061827,0.557730367818196,2403.8,387.84,320,320
0.536,0,0,0,0,0,0,0,0,0,0,1,0,0,0,0,0,0,0.045,0,0,0,Inf,Inf,Inf,0.045,0.045,0.035,0.04,5.75757955550074e-07,8.26058928835844e-05,2.14242467429107e-10,8.58094474763819e-06,0.00970806944838864,0.000132879830934282,0.828738454422274,0.008640654082778,0.128571330688307,0.264394123375552,0.56444383382128,2403.8,387.84,320,320
0.537,0,0,0,0,0,0,0,0,0,0,1,0,0,0,0,0,0,0.045,0,0,0,Inf,Inf,Inf,0.045,0.045,0.035,0.04,5.73872853269902e-07,8.26088976496511e-05,2.15499243961033e-10,8.59494811100536e-06,0.00970826821589478,0.000132887870914516,0.839711488389442,0.00861238979340092,0.128562879957255,0.264410008796708,0.568749669149431,2403.8,387.84,320,320
0.538,0,0,0,0,0,0,0,0,0,0,1,0,0,0,0,0,0,0.045,0,0,0,Inf,Inf,Inf,0.045,0.045,0.035,0.04,5.76928903055247e-07,8.26124039193747e-05,2.16816986402304e-10,8.64041613974952e-06,0.00970787249876731,0.000132893851940695,0.826653743724818,0.00865825327651733,0.128551113891959,0.264421292404425,0.562889580958617,2403.8,387.84,320,320
0.539,0,0,0,0,0,0,0,0,0,0,1,0,0,0,0,0,0,0.045,0,0,0,Inf,Inf,Inf,0.045,0.045,0.035,0.04,5.77734117520093e-07,8.26128976700999e-05,2.17693121097639e-10,8.65227271194429e-06,0.00970599451256784,0.000132895019426121,0.800225964294371,0.00867033742247951,0.128544931313116,0.2644229039079,0.554038007404207,2403.8,387.84,320,320
0.54,0,0,0,0,0,0,0,0,0,0,1,0,0,0,0,0,0,0.045,0,0,0,Inf,Inf,Inf,0.045,0.045,0.035,0.04,5.76161420776116e-07,8.26113014269934e-05,2.17800398745657e-10,8.62835808332372e-06,0.00970400444457876,0.000132892664331592,0.7978624049151,0.00864673501332794,0.128583872213691,0.264417808713333,0.549069132972698,2403.8,387.84,320,320
0.541,0,0,0,0,0,0,0,0,0,0,1,0,0,0,0,0,0,0.045,0,0,0,Inf,Inf,Inf,0.045,0.045,0.035,0.04,5.7807607428788e-07,8.26098714771144e-05,2.17110113782394e-10,8.60294737484077e-06,0.00970340348801419,0.000132890411168183,0.801610162197294,0.00867543611454943,0.12858026790211,0.264413240334959,0.548458671648334,2403.8,387.84,320,320
0.542,0,0,0,0,0,0,0,0,0,0,1,0,0,0,0,0,0,0.045,0,0,0,Inf,Inf,Inf,0.045,0.045,0.035,0.04,5.79449961549863e-07,8.26203337569639e-05,2.15905136895861e-10,8.62343820458122e-06,0.009703908090307,0.000132890411915679,0.801146707528112,0.00869605468423112,0.128600127158327,0.264413196343941,0.548365414698439,2403.8,387.84,320,320
0.543,0,0,0,0,0,0,0,0,0,0,1,0,0,0,0,0,0,0.045,0,0,0,Inf,Inf,Inf,0.045,0.045,0.035,0.04,5.78365668990119e-07,8.26289641901747e-05,2.14677609582321e-10,8.6072919585815e-06,0.00970580042980076,0.000132891326915025,0.788568441607254,0.0086797822083485,0.128612405461256,0.264414795106483,0.544091032475777,2403.8,387.84,320,320
0.544,0,0,0,0,0,0,0,0,0,0,1,0,0,0,0,0,0,0.045,0,0,0,Inf,Inf,Inf,0.045,0.045,0.035,0.04,5.78977874602046e-07,8.2627787620292e-05,2.139389135987e-10,8.65795233724141e-06,0.00970823757204286,0.000132890013649931,0.78405935956077,0.00868899132892556,0.128608969106725,0.264411870337627,0.547399140385293,2403.8,387.84,320,320
0.545,0,0,0,0,0,0,0,0,0,0,1,0,0,0,0,0,0,0.045,0,0,0,Inf,Inf,Inf,0.045,0.045,0.035,0.04,5.80924492801551e-07,8.26183558470917e-05,2.14008324481069e-10,8.6872310856377e-06,0.00970932513035415,0.000132885031101395,0.787125767395597,0.00871820526059927,0.12859346809509,0.264401864922604,0.549489358803808,2403.8,387.84,320,320
0.546,0,0,0,0,0,0,0,0,0,0,1,0,0,0,0,0,0,0.045,0,0,0,Inf,Inf,Inf,0.045,0.045,0.035,0.04,5.80382429911549e-07,8.26137143369767e-05,2.14872946911819e-10,8.67915618095606e-06,0.00970787439031645,0.000132878448753758,0.78652466564339,0.00871007027412779,0.12857758612626,0.26438914466189,0.548918311957929,2403.8,387.84,320,320
0.547,0,0,0,0,0,0,0,0,0,0,1,0,0,0,0,0,0,0.045,0,0,0,Inf,Inf,Inf,0.045,0.045,0.035,0.04,5.79635160575032e-07,8.26178264018299e-05,2.16190489674331e-10,8.672132467075e-06,0.00970461957729933,0.000132874234487065,0.786426476186094,0.00869886300995425,0.128570174506143,0.264381512599579,0.547651344397077,2403.8,387.84,320,320
0.548,0,0,0,0,0,0,0,0,0,0,1,0,0,0,0,0,0,0.045,0,0,0,Inf,Inf,Inf,0.045,0.045,0.035,0.04,5.8212042910958e-07,8.26196865025661e-05,2.17434823506593e-10,8.70925272517393e-06,0.00970159592442062,0.000132874743851921,0.789333564418795,0.00873616060018791,0.128569878030415,0.264383247710548,0.547595240990403,2403.8,387.84,320,320
0.549,0,0,0,0,0,0,0,0,0,0,1,0,0,0,0,0,0,0.045,0,0,0,Inf,Inf,Inf,0.045,0.045,0.035,0.04,5.82161587581417e-07,8.26157550698083e-05,2.18112205228558e-10,8.70977095071355e-06,0.00970199723548111,0.000132878692413681,0.815535697275178,0.008736778236476,0.128589777792612,0.264391440488635,0.564241449641426,2403.8,387.84,320,320
0.55,0,0,0,0,0,0,0,0,0,0,1,0,0,0,0,0,0,0.045,0,0,0,Inf,Inf,Inf,0.045,0.045,0.035,0.04,5.80099659965981e-07,8.26070608091629e-05,2.17954049510651e-10,8.67531802265406e-06,0.00970272896326431,0.000132882595731685,0.824250972345563,0.00870267832763724,0.12857536386315,0.264399164137439,0.568903894686835,2403.8,387.84,320,320
0.551,0,0,0,0,0,0,0,0,0,0,1,0,0,0,0,0,0,0.045,0,0,0,Inf,Inf,Inf,0.045,0.045,0.035,0.04,5.83098680795639e-07,8.26064606045578e-05,2.17017724955578e-10,8.70926761954643e-06,0.00970336142296511,0.000132884151532818,0.815279790758303,0.0087508283285699,0.128573986062691,0.264402117987975,0.563442954103975,2403.8,387.84,320,320
0.552,0,0,0,0,0,0,0,0,0,0,1,0,0,0,0,0,0,0.045,0,0,0,Inf,Inf,Inf,0.045,0.045,0.035,0.04,5.83750263919137e-07,8.26064619936936e-05,2.15666292137128e-10,8.71893004789014e-06,0.00970473544779976,0.000132884151536287,0.801808897477507,0.00876060691385609,0.128574020486027,0.264402122362148,0.553498640890675,2403.8,387.84,320,320
0.553,0,0,0,0,0,0,0,0,0,0,1,0,0,0,0,0,0,0.045,0,0,0,Inf,Inf,Inf,0.045,0.045,0.035,0.04,5.81935918287674e-07,8.26071579964032e-05,2.14433157985505e-10,8.70769163176673e-06,0.00970545969065211,0.00013288520745903,0.802258686751527,0.0087096388592077,0.128575525026149,0.264404363247596,0.554396181155453,2403.8,387.84,320,320
0.554,0,0,0,0,0,0,0,0,0,0,1,0,0,0,0,0,0,0.045,0,0,0,Inf,Inf,Inf,0.045,0.045,0.035,0.04,5.83806401558855e-07,8.26093550426285e-05,2.13812833334172e-10,8.76056798079818e-06,0.00970557226547834,0.000132888745681795,0.813557896238407,0.00876147056886162,0.128579527330542,0.264411423859241,0.558979946578863,2403.8,387.84,320,320
0.555,0,0,0,0,0,0,0,0,0,0,1,0,0,0,0,0,0,0.045,0,0,0,Inf,Inf,Inf,0.045,0.045,0.035,0.04,5.85079444393524e-07,8.26120379165633e-05,2.14055561086112e-10,8.77971075377361e-06,0.00970539872635168,0.000132893242168685,0.812255920437317,0.00878057579525544,0.128584194060128,0.264420034158993,0.558370114360793,2403.8,387.84,320,320
0.556,0,0,0,0,0,0,0,0,0,0,1,0,0,0,0,0,0,0.045,0,0,0,Inf,Inf,Inf,0.045,0.045,0.035,0.04,5.83799882638448e-07,8.26155651647295e-05,2.15058180422143e-10,8.76073202077137e-06,0.00970509018829517,0.000132895444345667,0.798657975312293,0.00876137286664763,0.128586396356559,0.264423798744946,0.55143588894483,2403.8,387.84,320,320
0.557,0,0,0,0,0,0,0,0,0,0,1,0,0,0,0,0,0,0.045,0,0,0,Inf,Inf,Inf,0.045,0.045,0.035,0.04,5.84328018284282e-07,8.26148796167002e-05,2.1640670422741e-10,8.7331454332274e-06,0.00970441156769375,0.000132893441781421,0.782151884544194,0.00876928640191913,0.128584641578148,0.264419273475177,0.542044430555089,2403.8,387.84,320,320
0.558,0,0,0,0,0,0,0,0,0,0,1,0,0,0,0,0,0,0.045,0,0,0,Inf,Inf,Inf,0.045,0.045,0.035,0.04,5.86207700959277e-07,8.26130291771428e-05,2.17549459506342e-10,8.76113457221462e-06,0.00970391755750522,0.000132888520219531,0.773671432232541,0.00879749563799502,0.128588232955178,0.264409306304481,0.542548576251199,2403.8,387.84,320,320
0.559,0,0,0,0,0,0,0,0,0,0,1,0,0,0,0,0,0,0.045,0,0,0,Inf,Inf,Inf,0.045,0.045,0.035,0.04,5.85502373165358e-07,8.2614197330864e-05,2.18018707297341e-10,8.75041509386885e-06,0.00970342719260552,0.000132883945367002,0.774673140512211,0.00878691036098752,0.128590507556645,0.26440037851114,0.542790851261363,2403.8,387.84,320,320
0.56,0,0,0,0,0,0,0,0,0,0,1,0,0,0,0,0,0,0.045,0,0,0,Inf,Inf,Inf,0.045,0.045,0.035,0.04,5.84615189296495e-07,8.26176369133338e-05,2.1761055528248e-10,8.7635698727041e-06,0.00970298994809569,0.000132881995334723,0.779833443394147,0.00877360307600793,0.128595134756179,0.264396781588955,0.544617577322792,2403.8,387.84,320,320
0.561,0,0,0,0,0,0,0,0,0,0,1,0,0,0,0,0,0,0.045,0,0,0,Inf,Inf,Inf,0.045,0.045,0.035,0.04,5.87077147272542e-07,8.26190380684619e-05,2.1646283049299e-10,8.80080004493105e-06,0.00970330277575839,0.000132882176356385,0.787210297150293,0.00881055108872961,0.128597785910406,0.264397305120373,0.547720354997551,2403.8,387.84,320,320
0.562,0,0,0,0,0,0,0,0,0,0,1,0,0,0,0,0,0,0.045,0,0,0,Inf,Inf,Inf,0.045,0.045,0.035,0.04,5.86995875450792e-07,8.2615742363445e-05,2.15007384592389e-10,8.79947378533403e-06,0.009703229543456,0.000132882175858653,0.792410048013446,0.00880933134702111,0.128586884212845,0.264397333072904,0.550177442810088,2403.8,387.84,320,320
0.563,0,0,0,0,0,0,0,0,0,0,1,0,0,0,0,0,0,0.045,0,0,0,Inf,Inf,Inf,0.045,0.045,0.035,0.04,5.84714145790319e-07,8.26108099432526e-05,2.13807859180578e-10,8.80391479393804e-06,0.0097028006715955,0.000132880482284243,0.79251542518453,0.00877510844437938,0.128570563710385,0.264394065471001,0.550225763775379,2403.8,387.84,320,320
0.564,0,0,0,0,0,0,0,0,0,0,1,0,0,0,0,0,0,0.045,0,0,0,Inf,Inf,Inf,0.045,0.045,0.035,0.04,5.87711756034154e-07,8.26078903156586e-05,2.13333681869298e-10,8.84958604820981e-06,0.00970072032859402,0.000132878087880765,0.788556632362693,0.00882009546384366,0.128556819828184,0.264389660846489,0.547890079537913,2403.8,387.84,320,320
0.565,0,0,0,0,0,0,0,0,0,0,1,0,0,0,0,0,0,0.045,0,0,0,Inf,Inf,Inf,0.045,0.045,0.035,0.04,5.88268883940506e-07,8.26075276717349e-05,2.13760321072803e-10,8.85799821552732e-06,0.00969763715109198,0.000132877554239023,0.793599796666459,0.00882845659391571,0.128553053165088,0.264389129014699,0.551899561610481,2403.8,387.84,320,320
0.566,0,0,0,0,0,0,0,0,0,0,1,0,0,0,0,0,0,0.045,0,0,0,Inf,Inf,Inf,0.045,0.045,0.035,0.04,5.86265808689883e-07,8.26071315990865e-05,2.14891407617426e-10,8.82855893199005e-06,0.00969555505596276,0.000132880375045391,0.808501345331761,0.00879839572784399,0.128574499983381,0.264395147755538,0.55636147613004,2403.8,387.84,320,320
0.567,0,0,0,0,0,0,0,0,0,0,1,0,0,0,0,0,0,0.045,0,0,0,Inf,Inf,Inf,0.045,0.045,0.035,0.04,5.88121565190805e-07,8.26073626365793e-05,2.1624353192728e-10,8.78092763432044e-06,0.00969619211283437,0.000132885357154944,0.818555872367781,0.00882621351971481,0.128579008537797,0.264405113871391,0.560257248765471,2403.8,387.84,320,320
0.568,0,0,0,0,0,0,0,0,0,0,1,0,0,0,0,0,0,0.045,0,0,0,Inf,Inf,Inf,0.045,0.045,0.035,0.04,5.89338157376065e-07,8.26099137841411e-05,2.17249147585653e-10,8.79897464380775e-06,0.00969742856925221,0.000132889606411934,0.813920478087044,0.00884447142681217,0.12858239781002,0.264413272629271,0.55818635252221,2403.8,387.84,320,320
0.569,0,0,0,0,0,0,0,0,0,0,1,0,0,0,0,0,0,0.045,0,0,0,Inf,Inf,Inf,0.045,0.045,0.035,0.04,5.87902236671234e-07,8.26106747247449e-05,2.17482014145215e-10,8.79246197228911e-06,0.00969902604408613,0.000132891037362751,0.795888827938716,0.00877093870011173,0.128582970367475,0.264415690212042,0.549281033315898,2403.8,387.84,320,320
0.57,0,0,0,0,0,0,0,0,0,0,1,0,0,0,0,0,0,0.045,0,0,0,Inf,Inf,Inf,0.045,0.045,0.035,0.04,5.88329708428482e-07,8.26099530440914e-05,2.16817844986573e-10,8.85234214208492e-06,0.00970049107965017,0.000132890014741436,0.792065479115493,0.00882936530511705,0.128581464048879,0.26441335586504,0.548098502116722,2403.8,387.84,320,320
0.571,0,0,0,0,0,0,0,0,0,0,1,0,0,0,0,0,0,0.045,0,0,0,Inf,Inf,Inf,0.045,0.045,0.035,0.04,5.90183633266169e-07,8.26091029498461e-05,2.15480953584329e-10,8.88022864243817e-06,0.00970145205881198,0.000132888684756015,0.794724777844821,0.00885718814210169,0.128580075698254,0.264410622998539,0.547531011635199,2403.8,387.84,320,320
0.572,0,0,0,0,0,0,0,0,0,0,1,0,0,0,0,0,0,0.045,0,0,0,Inf,Inf,Inf,0.045,0.045,0.035,0.04,5.89358105456852e-07,8.26127277445687e-05,2.13964348406636e-10,8.86781276581107e-06,0.00970192456539484,0.000132888685158658,0.795814186729806,0.00884479900738336,0.128580191188139,0.264410592587224,0.547771056981566,2403.8,387.84,320,320
0.573,0,0,0,0,0,0,0,0,0,0,1,0,0,0,0,0,0,0.045,0,0,0,Inf,Inf,Inf,0.045,0.045,0.035,0.04,5.88321760377904e-07,8.26193920646344e-05,2.12843611108228e-10,8.88974219970322e-06,0.00970215017292316,0.000132889499204833,0.789424936628486,0.00882926569461969,0.12858108303545,0.264412060717488,0.545620543690382,2403.8,387.84,320,320
0.574,0,0,0,0,0,0,0,0,0,0,1,0,0,0,0,0,0,0.045,0,0,0,Inf,Inf,Inf,0.045,0.045,0.035,0.04,5.90793095781707e-07,8.26201854944996e-05,2.12544272006818e-10,8.92716676521504e-06,0.00970221952024664,0.000132889128266582,0.781426038946597,0.00886635446314276,0.128580842932701,0.264411081255278,0.545352924323819,2403.8,387.84,320,320
0.575,0,0,0,0,0,0,0,0,0,0,1,0,0,0,0,0,0,0.045,0,0,0,Inf,Inf,Inf,0.045,0.045,0.035,0.04,5.9062423496082e-07,8.26152313418081e-05,2.13158414374226e-10,8.92458058982276e-06,0.00970192666665288,0.000132886328450596,0.783894311061257,0.00886382025603867,0.128578517792528,0.264405376243844,0.54704745489424,2403.8,387.84,320,320
0.576,0,0,0,0,0,0,0,0,0,0,1,0,0,0,0,0,0,0.045,0,0,0,Inf,Inf,Inf,0.045,0.045,0.035,0.04,5.8815944727347e-07,8.26105643995209e-05,2.1440135979356e-10,8.88536072177331e-06,0.00970241130503829,0.000132882067309392,0.783865399905719,0.00882375139038507,0.128583890050393,0.264397040359798,0.54701332557558,2403.8,387.84,320,320
0.577,0,0,0,0,0,0,0,0,0,0,1,0,0,0,0,0,0,0.045,0,0,0,Inf,Inf,Inf,0.045,0.045,0.035,0.04,5.91189828761686e-07,8.26134333679327e-05,2.15732891584328e-10,8.82733870999413e-06,0.00970248993741165,0.000132878808296319,0.783824520199123,0.00876302637457989,0.128588781553172,0.264390964365544,0.546328000851895,2403.8,387.84,320,320
0.578,0,0,0,0,0,0,0,0,0,0,1,0,0,0,0,0,0,0.045,0,0,0,Inf,Inf,Inf,0.045,0.045,0.035,0.04,5.91690419525535e-07,8.26153589060395e-05,2.16581493369425e-10,8.82492175812826e-06,0.00970249055445055,0.000132878380551609,0.785663357126632,0.00887976835812251,0.128591935200526,0.26439056937864,0.546284425764189,2403.8,387.84,320,320
0.579,0,0,0,0,0,0,0,0,0,0,1,0,0,0,0,0,0,0.045,0,0,0,Inf,Inf,Inf,0.045,0.045,0.035,0.04,5.89534680495585e-07,8.26137287140418e-05,2.1656958447622e-10,8.87718724690104e-06,0.00970233096882557,0.000132880422836255,0.798548843025099,0.00882184535906048,0.128589503294219,0.264394876960615,0.554944924591737,2403.8,387.84,320,320
0.58,0,0,0,0,0,0,0,0,0,0,1,0,0,0,0,0,0,0.045,0,0,0,Inf,Inf,Inf,0.045,0.045,0.035,0.04,5.91365264776052e-07,8.26086082203956e-05,2.15655780465408e-10,8.93132291369136e-06,0.00970140025205512,0.000132882864197406,0.806822686293847,0.00887493825270636,0.128582012652693,0.264399715024052,0.559398352656221,2403.8,387.84,320,320
0.581,0,0,0,0,0,0,0,0,0,0,1,0,0,0,0,0,0,0.045,0,0,0,Inf,Inf,Inf,0.045,0.045,0.035,0.04,5.92549904646582e-07,8.26063320683546e-05,2.14151580337583e-10,8.94905834635288e-06,0.00969927236059152,0.000132883987972082,0.80344803778558,0.00889271673159927,0.128574135539812,0.26440185142106,0.557323773392991,2403.8,387.84,320,320
0.582,0,0,0,0,0,0,0,0,0,0,1,0,0,0,0,0,0,0.045,0,0,0,Inf,Inf,Inf,0.045,0.045,0.035,0.04,5.90982225148312e-07,8.26063343065762e-05,2.12607652768408e-10,8.92575941035016e-06,0.00969627639014431,0.000132883987936472,0.79565201943565,0.00886918987314412,0.128570515573411,0.264401858599169,0.551557077429096,2403.8,387.84,320,320
0.583,0,0,0,0,0,0,0,0,0,0,1,0,0,0,0,0,0,0.045,0,0,0,Inf,Inf,Inf,0.045,0.045,0.035,0.04,5.91313762579883e-07,8.26066727474534e-05,2.11601312227863e-10,8.96641853688464e-06,0.00969399976065035,0.000132884471435159,0.792001262560017,0.00887418423838088,0.128560830348622,0.264402942749064,0.547013518880439,2403.8,387.84,320,320
0.584,0,0,0,0,0,0,0,0,0,0,1,0,0,0,0,0,0,0.045,0,0,0,Inf,Inf,Inf,0.045,0.045,0.035,0.04,5.93165058858936e-07,8.26080026918549e-05,2.11499078399792e-10,8.99444529585606e-06,0.00969295120368568,0.000132886568497682,0.800574932673912,0.00890196771371998,0.128571331257684,0.264407203680615,0.553298329437527,2403.8,387.84,320,320
0.585,0,0,0,0,0,0,0,0,0,0,1,0,0,0,0,0,0,0.045,0,0,0,Inf,Inf,Inf,0.045,0.045,0.035,0.04,5.92241981179561e-07,8.26098553412941e-05,2.12297677671587e-10,8.98072981215977e-06,0.00969315659844616,0.000132889608054683,0.801904198546021,0.00888811468307731,0.12858249862753,0.264413135342949,0.553900459865801,2403.8,387.84,320,320
0.586,0,0,0,0,0,0,0,0,0,0,1,0,0,0,0,0,0,0.045,0,0,0,Inf,Inf,Inf,0.045,0.045,0.035,0.04,5.91110539087038e-07,8.26109847781102e-05,2.13624052339405e-10,8.93272276624579e-06,0.00969454768241556,0.000132891589575843,0.79482681838341,0.00883885329175274,0.128588333079173,0.26441673119372,0.550294797711278,2403.8,387.84,320,320
0.587,0,0,0,0,0,0,0,0,0,0,1,0,0,0,0,0,0,0.045,0,0,0,Inf,Inf,Inf,0.045,0.045,0.035,0.04,5.93603593628916e-07,8.2610844783188e-05,2.14894592546232e-10,8.87153156032055e-06,0.00969611102873541,0.00013289099049864,0.784518912089288,0.00877445562695912,0.128588269655759,0.264415152641455,0.544445287509133,2403.8,387.84,320,320
0.588,0,0,0,0,0,0,0,0,0,0,1,0,0,0,0,0,0,0.045,0,0,0,Inf,Inf,Inf,0.045,0.045,0.035,0.04,5.9336267549962e-07,8.26098570672986e-05,2.1555351594157e-10,8.88422681102449e-06,0.00969685962438571,0.000132888213995573,0.777573571741709,0.00879711809001976,0.128586794936854,0.264409442330683,0.539882629192758,2403.8,387.84,320,320
0.589,0,0,0,0,0,0,0,0,0,0,1,0,0,0,0,0,0,0.045,0,0,0,Inf,Inf,Inf,0.045,0.045,0.035,0.04,5.90719146241694e-07,8.26105927018852e-05,2.15287522370841e-10,8.95490107279176e-06,0.00969670787407427,0.000132885222336471,0.776049383698537,0.00886525839658686,0.128588248389958,0.264403552880562,0.538582742476858,2403.8,387.84,320,320
0.59,0,0,0,0,0,0,0,0,0,0,1,0,0,0,0,0,0,0.045,0,0,0,Inf,Inf,Inf,0.045,0.045,0.035,0.04,5.93798272533581e-07,8.26130808239804e-05,2.14142739001956e-10,9.00173296033717e-06,0.00969633745322638,0.000132883697629683,0.778844201508204,0.0089114687444523,0.128592178954601,0.26440068052496,0.5438346625921,2403.8,387.84,320,320
0.591,0,0,0,0,0,0,0,0,0,0,1,0,0,0,0,0,0,0.045,0,0,0,Inf,Inf,Inf,0.045,0.045,0.035,0.04,5.94260151089269e-07,8.26144417373967e-05,2.12510796530869e-10,9.00850838256952e-06,0.00969678526789389,0.000132883621444928,0.783552102791072,0.00891840031526724,0.128577531479379,0.264400630464315,0.545815126238094,2403.8,387.84,320,320
0.592,0,0,0,0,0,0,0,0,0,0,1,0,0,0,0,0,0,0.045,0,0,0,Inf,Inf,Inf,0.045,0.045,0.035,0.04,5.91970896080841e-07,8.26128854526649e-05,2.10985664802402e-10,8.98015398142398e-06,0.00969739756607163,0.000132883621211521,0.787436111070492,0.00885712882858617,0.128577505261369,0.264400645336292,0.547651047203762,2403.8,387.84,320,320
0.593,0,0,0,0,0,0,0,0,0,0,1,0,0,0,0,0,0,0.045,0,0,0,Inf,Inf,Inf,0.045,0.045,0.035,0.04,5.93778982946918e-07,8.26099968088844e-05,2.10130987318431e-10,9.0352430950913e-06,0.00969796986402978,0.000132882569043197,0.788295767377345,0.00891119717767984,0.128576669986179,0.264398593619648,0.548097956480735,2403.8,387.84,320,320
0.594,0,0,0,0,0,0,0,0,0,0,1,0,0,0,0,0,0,0.045,0,0,0,Inf,Inf,Inf,0.045,0.045,0.035,0.04,5.94945011904057e-07,8.26080363536904e-05,2.10243247835645e-10,9.05279677331186e-06,0.00969813844187641,0.000132880833243752,0.786317821489687,0.00892869639947867,0.128575609552714,0.264395348528619,0.546929068192423,2403.8,387.84,320,320
0.595,0,0,0,0,0,0,0,0,0,0,1,0,0,0,0,0,0,0.045,0,0,0,Inf,Inf,Inf,0.045,0.045,0.035,0.04,5.93262621844863e-07,8.26077279479351e-05,2.11220152463828e-10,9.02788570715215e-06,0.00969787979442101,0.000132880003523436,0.786330878188052,0.00890344808068795,0.128581079196481,0.264394060038453,0.548362029942751,2403.8,387.84,320,320
0.596,0,0,0,0,0,0,0,0,0,0,1,0,0,0,0,0,0,0.045,0,0,0,Inf,Inf,Inf,0.045,0.045,0.035,0.04,5.9357427060653e-07,8.26076385093361e-05,2.12604132560818e-10,8.97214393088861e-06,0.00969802602923831,0.000132881314130987,0.796185957466205,0.00884594529777314,0.128580959462586,0.264396977134116,0.551279649776948,2403.8,387.84,320,320
0.597,0,0,0,0,0,0,0,0,0,0,1,0,0,0,0,0,0,0.045,0,0,0,Inf,Inf,Inf,0.045,0.045,0.035,0.04,5.95433598605018e-07,8.26066964091136e-05,2.13777919391029e-10,8.90962574389917e-06,0.0096982275060858,0.000132884322324481,0.804356529586144,0.00877962308737369,0.128578432473131,0.264403021479104,0.554420093798188,2403.8,387.84,320,320
0.598,0,0,0,0,0,0,0,0,0,0,1,0,0,0,0,0,0,0.045,0,0,0,Inf,Inf,Inf,0.045,0.045,0.035,0.04,5.94422337396906e-07,8.26084467164986e-05,2.14214721668843e-10,8.95830122304186e-06,0.009697984442209,0.000132887236240575,0.803822072391676,0.00883631679756443,0.128573689327811,0.264408626958109,0.554176906523366,2403.8,387.84,320,320
0.599,0,0,0,0,0,0,0,0,0,0,1,0,0,0,0,0,0,0.045,0,0,0,Inf,Inf,Inf,0.045,0.045,0.035,0.04,5.93184910034456e-07,8.26091606291782e-05,2.13679023538319e-10,9.026292222231e-06,0.00969684652517359,0.000132888530626909,0.793936693358303,0.00890228078785878,0.128569914422058,0.264410911917374,0.549304872125198,2403.8,387.84,320,320
0.6,0,0,0,0,0,0,0,0,0,0,1,0,0,0,0,0,0,0.045,0,0,0,Inf,Inf,Inf,0.045,0.045,0.035,0.04,5.9570288729888e-07,8.26088756623459e-05,2.12313277232898e-10,9.06441874107691e-06,0.00969489276803916,0.000132888183160793,0.788062905871634,0.0089400695393987,0.128570363716144,0.264409995229038,0.547116922200363,2403.8,387.84,320,320
