Time_s,GEN51_pickup,GSUT51_pickup,GEN51N_pickup,87G_pickup,87T_pickup,87B_pickup,87L_pickup,GEN51_trip,GSUT51_trip,GEN51N_trip,87G_trip,87T_trip,87B_trip,87L_trip,GEN51_timer_s,GSUT51_timer_s,GEN51N_timer_s,87G_timer_s,87T_timer_s,87B_timer_s,87L_timer_s,GEN51_operating_time_s,GSUT51_operating_time_s,GEN51N_operating_time_s,87G_operating_time_s,87T_operating_time_s,87B_operating_time_s,87L_operating_time_s,GEN51_secondary_A,GSUT51_secondary_A,GEN51N_secondary_A,87G_differential_A,87T_differential_A,87B_differential_A,87L_differential_A,87G_restraint_A,87T_restraint_A,87B_restraint_A,87L_restraint_A,87G_threshold_A,87T_threshold_A,87B_threshold_A,87L_threshold_A
0,0,0,0,0,0,0,0,0,0,0,0,0,0,0,0,0,0,0,0,0,0,Inf,Inf,Inf,0.045,0.045,0.035,0.04,0,0,0,0,0,0,0,0,0,0,0,2403.8,387.84,320,320
0.001,0,0,0,0,0,0,0,0,0,0,0,0,0,0,0,0,0,0,0,0,0,Inf,Inf,Inf,0.045,0.045,0.035,0.04,0,0,0,0,0,0,0,0,0,0,0,2403.8,387.84,320,320
0.002,0,0,0,0,0,0,0,0,0,0,0,0,0,0,0,0,0,0,0,0,0,Inf,Inf,Inf,0.045,0.045,0.035,0.04,0,0,0,0,0,0,0,0,0,0,0,2403.8,387.84,320,320
0.003,0,0,0,0,0,0,0,0,0,0,0,0,0,0,0,0,0,0,0,0,0,Inf,Inf,Inf,0.045,0.045,0.035,0.04,0,0,0,0,0,0,0,0,0,0,0,2403.8,387.84,320,320
0.004,0,0,0,0,0,0,0,0,0,0,0,0,0,0,0,0,0,0,0,0,0,Inf,Inf,Inf,0.045,0.045,0.035,0.04,0,0,0,0,0,0,0,0,0,0,0,2403.8,387.84,320,320
0.005,0,0,0,0,0,0,0,0,0,0,0,0,0,0,0,0,0,0,0,0,0,Inf,Inf,Inf,0.045,0.045,0.035,0.04,0,0,0,0,0,0,0,0,0,0,0,2403.8,387.84,320,320
0.006,0,0,0,0,0,0,0,0,0,0,0,0,0,0,0,0,0,0,0,0,0,Inf,Inf,Inf,0.045,0.045,0.035,0.04,0,0,0,0,0,0,0,0,0,0,0,2403.8,387.84,320,320
0.007,0,0,0,0,0,0,0,0,0,0,0,0,0,0,0,0,0,0,0,0,0,Inf,Inf,Inf,0.045,0.045,0.035,0.04,0,0,0,0,0,0,0,0,0,0,0,2403.8,387.84,320,320
0.008,0,0,0,0,0,0,0,0,0,0,0,0,0,0,0,0,0,0,0,0,0,Inf,Inf,Inf,0.045,0.045,0.035,0.04,0,0,0,0,0,0,0,0,0,0,0,2403.8,387.84,320,320
0.009,0,0,0,0,0,0,0,0,0,0,0,0,0,0,0,0,0,0,0,0,0,Inf,Inf,Inf,0.045,0.045,0.035,0.04,0,0,0,0,0,0,0,0,0,0,0,2403.8,387.84,320,320
0.01,0,0,0,0,0,0,0,0,0,0,0,0,0,0,0,0,0,0,0,0,0,Inf,Inf,Inf,0.045,0.045,0.035,0.04,0,0,0,0,0,0,0,0,0,0,0,2403.8,387.84,320,320
0.011,0,0,0,0,0,0,0,0,0,0,0,0,0,0,0,0,0,0,0,0,0,Inf,Inf,Inf,0.045,0.045,0.035,0.04,0,0,0,0,0,0,0,0,0,0,0,2403.8,387.84,320,320
0.012,0,0,0,0,0,0,0,0,0,0,0,0,0,0,0,0,0,0,0,0,0,Inf,Inf,Inf,0.045,0.045,0.035,0.04,0,0,0,0,0,0,0,0,0,0,0,2403.8,387.84,320,320
0.013,0,0,0,0,0,0,0,0,0,0,0,0,0,0,0,0,0,0,0,0,0,Inf,Inf,Inf,0.045,0.045,0.035,0.04,0,0,0,0,0,0,0,0,0,0,0,2403.8,387.84,320,320
0.014,0,0,0,0,0,0,0,0,0,0,0,0,0,0,0,0,0,0,0,0,0,Inf,Inf,Inf,0.045,0.045,0.035,0.04,0,0,0,0,0,0,0,0,0,0,0,2403.8,387.84,320,320
0.015,0,0,0,0,0,0,0,0,0,0,0,0,0,0,0,0,0,0,0,0,0,Inf,Inf,Inf,0.045,0.045,0.035,0.04,0,0,0,0,0,0,0,0,0,0,0,2403.8,387.84,320,320
0.016,0,0,0,0,0,0,0,0,0,0,0,0,0,0,0,0,0,0,0,0,0,Inf,Inf,Inf,0.045,0.045,0.035,0.04,0,0,0,0,0,0,0,0,0,0,0,2403.8,387.84,320,320
0.017,0,0,0,0,0,0,0,0,0,0,0,0,0,0,0,0,0,0,0,0,0,Inf,Inf,Inf,0.045,0.045,0.035,0.04,0,0,0,0,0,0,0,0,0,0,0,2403.8,387.84,320,320
0.018,0,0,0,0,0,0,0,0,0,0,0,0,0,0,0,0,0,0,0,0,0,Inf,Inf,Inf,0.045,0.045,0.035,0.04,0,0,0,0,0,0,0,0,0,0,0,2403.8,387.84,320,320
0.019,0,0,0,0,0,0,0,0,0,0,0,0,0,0,0,0,0,0,0,0,0,Inf,Inf,Inf,0.045,0.045,0.035,0.04,0,0,0,0,0,0,0,0,0,0,0,2403.8,387.84,320,320
0.02,0,0,0,0,0,0,0,0,0,0,0,0,0,0,0,0,0,0,0,0,0,Inf,Inf,Inf,0.045,0.045,0.035,0.04,0,0,0,0,0,0,0,0,0,0,0,2403.8,387.84,320,320
0.021,0,0,0,0,0,0,0,0,0,0,0,0,0,0,0,0,0,0,0,0,0,Inf,Inf,Inf,0.045,0.045,0.035,0.04,0.631235131853273,0.542878875493819,2.36792764630228e-12,1.27019487712907e-05,1.67809401171871,0.000132833397431153,0.781152858840424,9468.46282838197,868.793918905597,868.601718923724,868.572871958269,2840.53884851459,387.84,320,320
0.022,0,0,0,0,0,0,0,0,0,0,0,0,0,0,0,0,0,0,0,0,0,Inf,Inf,Inf,0.045,0.045,0.035,0.04,0.631233782867081,0.542877561350184,2.36792670423476e-12,1.27016766261648e-05,1.67809409505785,0.000132833419420342,0.781162306874665,9468.44036725807,868.78987198877,868.59934144268,868.568815819083,2840.53211017742,387.84,320,320
0.023,0,0,0,0,0,0,0,0,0,0,0,0,0,0,0,0,0,0,0,0,0,Inf,Inf,Inf,0.045,0.045,0.035,0.04,0.631231403381154,0.542876857091749,2.36792692992274e-12,1.27016921072835e-05,1.67809439331015,0.000132833437724978,0.781167041952466,9468.40432832565,868.790687630275,868.598274986107,868.564198395746,2840.5212984977,387.84,320,320
0.024,0,0,0,0,0,0,0,0,0,0,0,0,0,0,0,0,0,0,0,0,0,Inf,Inf,Inf,0.045,0.045,0.035,0.04,0.631230441151085,0.542875225577477,2.36792601487879e-12,1.27017051123944e-05,1.67809472787042,0.00013283344848754,0.781163367847325,9468.38224041127,868.788080136705,868.598145504748,868.559904762022,2840.51467212338,387.84,320,320
0.025,0,0,0,0,0,0,0,0,0,0,0,0,0,0,0,0,0,0,0,0,0,Inf,Inf,Inf,0.045,0.045,0.035,0.04,0.631229341610684,0.542872826166932,2.36792188036323e-12,1.27016396063424e-05,1.67809492445808,0.000132833450611714,0.781149304462149,9468.37308805206,868.784012763608,868.598160415085,868.556717070027,2840.51192641562,387.84,320,320
0.026,0,0,0,0,0,0,0,0,0,0,0,0,0,0,0,0,0,0,0,0,0,Inf,Inf,Inf,0.045,0.045,0.035,0.04,0.631227121072819,0.542872348710562,2.36791351243035e-12,1.27016503092003e-05,1.67809492337276,0.000132833445575713,0.781125100305445,9468.32891076274,868.779054210049,868.597396445288,868.55500354801,2840.49867322882,387.84,320,320
0.027,0,0,0,0,0,0,0,0,0,0,0,0,0,0,0,0,0,0,0,0,0,Inf,Inf,Inf,0.045,0.045,0.035,0.04,0.631224881952655,0.542870948693085,2.36790142649744e-12,1.2701659848641e-05,1.67809514190973,0.000132833436944318,0.781093153876241,9468.29875855458,868.781276311508,868.595156378279,868.554550693411,2840.48962756637,387.84,320,320
0.028,0,0,0,0,0,0,0,0,0,0,0,0,0,0,0,0,0,0,0,0,0,Inf,Inf,Inf,0.045,0.045,0.035,0.04,0.631224067489503,0.542868511911736,2.36788755503839e-12,1.270166861248e-05,1.67809547060881,0.000132833429162877,0.781072425896367,9468.28484213064,868.777379525237,868.591257498702,868.549118812898,2840.48545263919,387.84,320,320
0.029,0,0,0,0,0,0,0,0,0,0,0,0,0,0,0,0,0,0,0,0,0,Inf,Inf,Inf,0.045,0.045,0.035,0.04,0.631222094359271,0.542867241504063,2.3678745682474e-12,1.27019392876184e-05,1.67809555519057,0.000132833426188658,0.781066102030968,9468.25247867616,868.772256096112,868.586133214863,868.546707709144,2840.47574360285,387.84,320,320
0.03,0,0,0,0,0,0,0,0,0,0,0,0,0,0,0,0,0,0,0,0,0,Inf,Inf,Inf,0.045,0.045,0.035,0.04,0.631218962191344,0.542866105452034,2.36786486318388e-12,1.27019467617948e-05,1.67809539694682,0.000132833431105899,0.781058068773807,9468.21424058131,868.766818578607,868.580696437013,868.545826856918,2840.46427217439,387.84,320,320
0.031,0,0,0,0,0,0,0,0,0,0,0,0,0,0,0,0,0,0,0,0,0,Inf,Inf,Inf,0.045,0.045,0.035,0.04,0.63121834960294,0.542863845131116,2.36785960422132e-12,1.27019535964206e-05,1.67809577698456,0.000132833444044089,0.781049535369748,9468.19366718265,868.769873412723,868.576005076833,868.545829076218,2840.4581001548,387.84,320,320
0.032,0,0,0,0,0,0,0,0,0,0,0,0,0,0,0,0,0,0,0,0,0,Inf,Inf,Inf,0.045,0.045,0.035,0.04,0.631216660529924,0.542861876100598,2.36785819908044e-12,1.27016929479876e-05,1.67809596553868,0.000132833461571251,0.781041679708534,9468.16898827793,868.764712602975,868.572851679743,868.545664105895,2840.45069648338,387.84,320,320
0.033,0,0,0,0,0,0,0,0,0,0,0,0,0,0,0,0,0,0,0,0,0,Inf,Inf,Inf,0.045,0.045,0.035,0.04,0.631213663526378,0.542861004848457,2.36785844316142e-12,1.27016981332981e-05,1.67809587277984,0.00013283347877305,0.781035403381456,9468.12258302618,868.758853873615,868.571436367512,868.544272804614,2840.43677490785,387.84,320,320
0.034,0,0,0,0,0,0,0,0,0,0,0,0,0,0,0,0,0,0,0,0,0,Inf,Inf,Inf,0.045,0.045,0.035,0.04,0.631212325932567,0.542858960089873,2.3678573095591e-12,1.27017028551329e-05,1.67809617383496,0.000132833490656038,0.781031258241751,9468.0944178274,868.762061902393,868.571257838904,868.541004497675,2840.42832534822,387.84,320,320
0.035,0,0,0,0,0,0,0,0,0,0,0,0,0,0,0,0,0,0,0,0,0,Inf,Inf,Inf,0.045,0.045,0.035,0.04,0.631210940784384,0.542856024008391,2.36785210326344e-12,1.2701640898316e-05,1.6780964785873,0.000132833493425458,0.781029219620738,9468.08172845497,868.756949398893,868.571276780824,868.535892725424,2840.42451853649,387.84,320,320
0.036,0,0,0,0,0,0,0,0,0,0,0,0,0,0,0,0,0,0,0,0,0,Inf,Inf,Inf,0.045,0.045,0.035,0.04,0.631208136755846,0.542855413602127,2.36784153853798e-12,1.27016436156847e-05,1.67809647692032,0.000132833489598619,0.781028711548167,9468.02664818141,868.750728721415,868.561283293518,868.529673045361,2840.40799445442,387.84,320,320
0.037,0,0,0,0,0,0,0,0,0,0,0,0,0,0,0,0,0,0,0,0,0,Inf,Inf,Inf,0.045,0.045,0.035,0.04,0.631205552964084,0.542853628355927,2.3678263082932e-12,1.27016486626298e-05,1.67809650178043,0.000132833508685352,0.781028709469408,9467.98951448161,868.753566662726,868.560770729844,868.523523937733,2840.39685434448,387.84,320,320
0.038,0,0,0,0,0,0,0,0,0,0,0,0,0,0,0,0,0,0,0,0,0,Inf,Inf,Inf,0.045,0.045,0.035,0.04,0.631204499883562,0.54285053474911,2.36780889731371e-12,1.27016533217846e-05,1.67809692676058,0.000132833516343529,0.781028081511024,9467.97282413543,868.748620275276,868.560870512226,868.518621220209,2840.39184724063,387.84,320,320
0.039,0,0,0,0,0,0,0,0,0,0,0,0,0,0,0,0,0,0,0,0,0,Inf,Inf,Inf,0.045,0.045,0.035,0.04,0.631201975718114,0.542849164737135,2.36779268061231e-12,1.27019353597937e-05,1.67809703807745,0.000132833511489037,0.781025955698146,9467.92841284954,868.742148605299,868.560301824468,868.515674541928,2840.37852385486,387.84,320,320
0.04,0,0,0,0,0,0,0,0,0,0,0,0,0,0,0,0,0,0,0,0,0,Inf,Inf,Inf,0.045,0.045,0.035,0.04,0.631198103998119,0.54284770169158,2.36778063426938e-12,1.27019404583336e-05,1.67809682567797,0.000132833496499168,0.781021941819938,9467.88095148962,868.735312888227,868.55796090144,868.514628602707,2840.36428544688,387.84,320,320
0.041,0,0,0,0,0,0,0,0,0,0,0,0,0,0,0,0,0,0,0,0,0,Inf,Inf,Inf,0.045,0.045,0.035,0.04,0.631197403812,0.542844826973153,2.36777415212573e-12,1.270194561179e-05,1.67809708787425,0.000132833476587781,0.781016204094083,9467.85559568181,868.739451779264,868.553361312306,868.514653851932,2840.35667870454,387.84,320,320
0.042,0,0,0,0,0,0,0,0,0,0,0,0,0,0,0,0,0,0,0,0,0,Inf,Inf,Inf,0.045,0.045,0.035,0.04,0.631195264404035,0.542842359096909,2.36777243940841e-12,1.27016896114572e-05,1.67809731652962,0.00013283347016392,0.781009294905057,9467.82462555884,868.732941666998,868.549412744472,868.514441497458,2840.34738766765,387.84,320,320
0.043,0,0,0,0,0,0,0,0,0,0,0,0,0,0,0,0,0,0,0,0,0,Inf,Inf,Inf,0.045,0.045,0.035,0.04,0.631191508496949,0.542841267319065,2.3677727430669e-12,1.27016947519295e-05,1.67809720294886,0.000132833462200567,0.781002078859342,9467.76639464949,868.72559264502,868.547665839153,868.512697909183,2840.32991839485,387.84,320,320
0.044,0,0,0,0,0,0,0,0,0,0,0,0,0,0,0,0,0,0,0,0,0,Inf,Inf,Inf,0.045,0.045,0.035,0.04,0.631189660973065,0.542838735129633,2.36777135816334e-12,1.27017012919384e-05,1.67809720996944,0.000132833451061322,0.781012876752858,9467.73087330603,868.729706080592,868.543614283243,868.502422873424,2840.31926199181,387.84,320,320
0.045,0,0,0,0,0,0,0,0,0,0,0,0,0,0,0,0,0,0,0,0,0,Inf,Inf,Inf,0.045,0.045,0.035,0.04,0.631187980426323,0.54283483000581,2.36776504168032e-12,1.27017054158006e-05,1.67809755102885,0.000132833453459936,0.781027949852842,9467.71776287901,868.72342392594,868.527744595313,868.502445510374,2840.3153288637,387.84,320,320
0.046,0,0,0,0,0,0,0,0,0,0,0,0,0,0,0,0,0,0,0,0,0,Inf,Inf,Inf,0.045,0.045,0.035,0.04,0.631184596744867,0.542834111348084,2.36775229335823e-12,1.27016571565043e-05,1.67809754916204,0.000132833466134381,0.781042846200057,9467.65147750272,868.71582061697,868.525086992598,868.501295000193,2840.29544325081,387.84,320,320
0.047,0,0,0,0,0,0,0,0,0,0,0,0,0,0,0,0,0,0,0,0,0,Inf,Inf,Inf,0.045,0.045,0.035,0.04,0.631181080080763,0.542832003920692,2.36773399837053e-12,1.27016678048177e-05,1.67809751525288,0.000132833477885312,0.781055682287982,9467.60531264641,868.718974711408,868.52438462846,868.497920847421,2840.28159379392,387.84,320,320
0.048,0,0,0,0,0,0,0,0,0,0,0,0,0,0,0,0,0,0,0,0,0,Inf,Inf,Inf,0.045,0.045,0.035,0.04,0.631179868732395,0.542828356347363,2.36771316069246e-12,1.27016752934109e-05,1.6780979805598,0.000132833483260552,0.781065032231742,9467.58409592021,868.713141969967,868.524478024456,868.49208088353,2840.27522877606,387.84,320,320
0.049,0,0,0,0,0,0,0,0,0,0,0,0,0,0,0,0,0,0,0,0,0,Inf,Inf,Inf,0.045,0.045,0.035,0.04,0.631176947562745,0.542826379799984,2.36769380306966e-12,1.27019454665963e-05,1.6780981032028,0.000132833479498001,0.781070177522733,9467.53712001644,868.705528532465,868.52384568834,868.484460742487,2840.26113600493,387.84,320,320
0.05,0,0,0,0,0,0,0,0,0,0,0,0,0,0,0,0,0,0,0,0,0,Inf,Inf,Inf,0.045,0.045,0.035,0.04,0.631172342255684,0.542824716755956,2.36767943641146e-12,1.27019560109309e-05,1.67809786895142,0.000132833487628928,0.781071189760828,9467.48050756824,868.697508698181,868.511340179546,868.476435810072,2840.24415227047,387.84,320,320
0.051,0,0,0,0,0,0,0,0,0,0,0,0,0,0,0,0,0,0,0,0,0,Inf,Inf,Inf,0.045,0.045,0.035,0.04,0.631171331475315,0.542821428543184,2.3676716814667e-12,1.27019642345463e-05,1.67809842055325,0.000132833496245693,0.781068858962891,9467.45016068223,868.702018783663,868.511333945651,868.469557518824,2840.23504820467,387.84,320,320
0.052,0,0,0,0,0,0,0,0,0,0,0,0,0,0,0,0,0,0,0,0,0,Inf,Inf,Inf,0.045,0.045,0.035,0.04,0.631168902944411,0.542818412856206,2.36766958360432e-12,1.27016961433808e-05,1.67809868546234,0.000132833495634541,0.781064549060865,9467.41718426219,868.694562943028,868.511098493473,868.464955516534,2840.22515527866,387.84,320,320
0.053,0,0,0,0,0,0,0,0,0,0,0,0,0,0,0,0,0,0,0,0,0,Inf,Inf,Inf,0.045,0.045,0.035,0.04,0.631164621316601,0.542817177035309,2.36766990815546e-12,1.27017012240675e-05,1.67809855333023,0.000132833486485703,0.781059861266113,9467.35026016053,868.686155029362,868.50912111037,868.462885852379,2840.20507804816,387.84,320,320
0.054,0,0,0,0,0,0,0,0,0,0,0,0,0,0,0,0,0,0,0,0,0,Inf,Inf,Inf,0.045,0.045,0.035,0.04,0.631162488693542,0.542814290523877,2.36766833051699e-12,1.27017111163491e-05,1.67809865731094,0.000132833472008476,0.781056188583774,9467.30971370183,868.690602281869,868.504502632331,868.462605520101,2840.19291411055,387.84,320,320
0.055,0,0,0,0,0,0,0,0,0,0,0,0,0,0,0,0,0,0,0,0,0,Inf,Inf,Inf,0.045,0.045,0.035,0.04,0.631160560509226,0.542809966164279,2.36766108412791e-12,1.27016576164244e-05,1.67809906366802,0.000132833457940152,0.781054396982684,9467.29491678568,868.683426479723,868.497323599551,868.462631873913,2840.1884750357,387.84,320,320
0.056,0,0,0,0,0,0,0,0,0,0,0,0,0,0,0,0,0,0,0,0,0,Inf,Inf,Inf,0.045,0.045,0.035,0.04,0.63115667299071,0.542809130782533,2.36764643815076e-12,1.27016637721805e-05,1.67809906145317,0.000132833449564631,0.781054692385736,9467.2175218326,868.674743489039,868.488639681753,868.461297076538,2840.16525654978,387.84,320,320
0.057,0,0,0,0,0,0,0,0,0,0,0,0,0,0,0,0,0,0,0,0,0,Inf,Inf,Inf,0.045,0.045,0.035,0.04,0.631152892637787,0.542806687903803,2.36762542499702e-12,1.27016738661571e-05,1.67809880863957,0.00013283344954496,0.781056595796529,9467.1654258011,868.678474009015,868.480097721874,868.457390201781,2840.14962774033,387.84,320,320
0.058,0,0,0,0,0,0,0,0,0,0,0,0,0,0,0,0,0,0,0,0,0,Inf,Inf,Inf,0.045,0.045,0.035,0.04,0.631151472681057,0.542802468385303,2.3676015138215e-12,1.27016833512175e-05,1.67809934225324,0.000132833458038772,0.781059147724879,9467.14183786728,868.671727252723,868.473311395633,868.450639569397,2840.14255136018,387.84,320,320
0.059,0,0,0,0,0,0,0,0,0,0,0,0,0,0,0,0,0,0,0,0,0,Inf,Inf,Inf,0.045,0.045,0.035,0.04,0.631148070110208,0.542800418987943,2.36757932871722e-12,1.27019542222393e-05,1.6780994820877,0.000132833471230672,0.781068226925403,9467.08410120242,868.662934705266,868.46923308883,868.447380007995,2840.12523036073,387.84,320,320
0.06,0,0,0,0,0,0,0,0,0,0,0,0,0,0,0,0,0,0,0,0,0,Inf,Inf,Inf,0.045,0.045,0.035,0.04,0.631142724500567,0.542798470699804,2.36756288504395e-12,1.27019623909492e-05,1.67809921653472,0.000132833484275852,0.781078829936903,9467.01930615678,868.653682622979,868.467766329874,868.444262283789,2840.10579184704,387.84,320,320
0.061,0,0,0,0,0,0,0,0,0,0,0,0,0,0,0,0,0,0,0,0,0,Inf,Inf,Inf,0.045,0.045,0.035,0.04,0.631141722269423,0.54279464405434,2.36755401741791e-12,1.27019729903059e-05,1.67809971337541,0.000132833491846583,0.781088642775196,9466.98460646263,868.659172075672,868.467775741856,868.438137145334,2840.09538193879,387.84,320,320
0.062,0,0,0,0,0,0,0,0,0,0,0,0,0,0,0,0,0,0,0,0,0,Inf,Inf,Inf,0.045,0.045,0.035,0.04,0.631138901793288,0.542791164335463,2.3675516147545e-12,1.27017053793942e-05,1.67810000492606,0.000132833491300639,0.781095749606249,9466.9463411389,868.65052530445,868.467500551497,868.429482542072,2840.08390234167,387.84,320,320
0.063,0,0,0,0,0,0,0,0,0,0,0,0,0,0,0,0,0,0,0,0,0,Inf,Inf,Inf,0.045,0.045,0.035,0.04,0.631133953705556,0.542789739622642,2.36755197901589e-12,1.27017122333989e-05,1.67809985985806,0.000132833483095858,0.781098678586855,9466.86870664895,868.640789629432,868.465220928513,868.419739533186,2840.06061199469,387.84,320,320
0.064,0,0,0,0,0,0,0,0,0,0,0,0,0,0,0,0,0,0,0,0,0,Inf,Inf,Inf,0.045,0.045,0.035,0.04,0.631131331405395,0.542786429493224,2.36755019490988e-12,1.27017219313996e-05,1.67810009938243,0.000132833491176174,0.781096716013389,9466.82134463785,868.646030544498,868.451539131548,868.410779738305,2840.04640339136,387.84,320,320
0.065,0,0,0,0,0,0,0,0,0,0,0,0,0,0,0,0,0,0,0,0,0,Inf,Inf,Inf,0.045,0.045,0.035,0.04,0.631129151372835,0.542781298917046,2.36754200294725e-12,1.2701730867019e-05,1.6781005517139,0.000132833493735106,0.781090058240646,9466.80370761784,868.637825841384,868.451566525942,868.404193986778,2840.04111228535,387.84,320,320
0.066,0,0,0,0,0,0,0,0,0,0,0,0,0,0,0,0,0,0,0,0,0,Inf,Inf,Inf,0.045,0.045,0.035,0.04,0.631124760381731,0.54278028187936,2.36752546160141e-12,1.27016728846815e-05,1.67810054925242,0.000132833487436646,0.781079801016187,9466.71906231778,868.627912391049,868.450088442944,868.400673421682,2840.01571869533,387.84,320,320
0.067,0,0,0,0,0,0,0,0,0,0,0,0,0,0,0,0,0,0,0,0,0,Inf,Inf,Inf,0.045,0.045,0.035,0.04,0.631120101190622,0.542777565169095,2.36750175030224e-12,1.27016844207177e-05,1.67810035405498,0.00013283347598439,0.781067650560425,9466.65859315527,868.631885885683,868.445741626974,868.399724487484,2839.99757794658,387.84,320,320
0.068,0,0,0,0,0,0,0,0,0,0,0,0,0,0,0,0,0,0,0,0,0,Inf,Inf,Inf,0.045,0.045,0.035,0.04,0.631118552059471,0.542772864903997,2.36747478366644e-12,1.27016931848682e-05,1.67810096010091,0.000132833473171163,0.781055476291373,9466.63066341349,868.624369949826,868.434805954051,868.399835385086,2839.98919902405,387.84,320,320
0.069,0,0,0,0,0,0,0,0,0,0,0,0,0,0,0,0,0,0,0,0,0,Inf,Inf,Inf,0.045,0.045,0.035,0.04,0.631114812361537,0.542770230971909,2.3674497601349e-12,1.27019603105782e-05,1.67810111856886,0.000132833486234133,0.781048852802405,9466.57132630041,868.614571775013,868.419585738278,868.384639470827,2839.97139789012,387.84,320,320
0.07,0,0,0,0,0,0,0,0,0,0,0,0,0,0,0,0,0,0,0,0,0,Inf,Inf,Inf,0.045,0.045,0.035,0.04,0.631108921363124,0.542768118600184,2.36743118364382e-12,1.27019728834399e-05,1.67810081786518,0.000132833500965359,0.781045754882241,9466.49811263412,868.604263127721,868.417852959011,868.382904549836,2839.94943379023,387.84,320,320
0.071,0,0,0,0,0,0,0,0,0,0,0,0,0,0,0,0,0,0,0,0,0,Inf,Inf,Inf,0.045,0.045,0.035,0.04,0.631107499220613,0.542763940736088,2.36742111192584e-12,1.27019821489253e-05,1.67810130502791,0.000132833509324375,0.781043080809337,9466.45868390868,868.610052826028,868.417822374034,868.382873693208,2839.93760517261,387.84,320,320
0.072,0,0,0,0,0,0,0,0,0,0,0,0,0,0,0,0,0,0,0,0,0,Inf,Inf,Inf,0.045,0.045,0.035,0.04,0.631104438958209,0.542759934610484,2.36741831357661e-12,1.27017127175174e-05,1.6781016325238,0.000132833508749359,0.781041281692319,9466.41931699895,868.600587771351,868.417532635781,868.382585501544,2839.92579509968,387.84,320,320
0.073,0,0,0,0,0,0,0,0,0,0,0,0,0,0,0,0,0,0,0,0,0,Inf,Inf,Inf,0.045,0.045,0.035,0.04,0.631099043265857,0.542758393954624,2.36741867797205e-12,1.27017266498056e-05,1.67810146990293,0.000132833528136649,0.781040542813177,9466.33382600549,868.589923786947,868.400677848805,868.380123075804,2839.90014780165,387.84,320,320
0.074,0,0,0,0,0,0,0,0,0,0,0,0,0,0,0,0,0,0,0,0,0,Inf,Inf,Inf,0.045,0.045,0.035,0.04,0.631096129032922,0.542754786769025,2.3674167448256e-12,1.27017397001615e-05,1.67810167638888,0.000132833542644006,0.781040728326464,9466.2818057324,868.595410471277,868.400281910711,868.374354323633,2839.88454171972,387.84,320,320
0.075,0,0,0,0,0,0,0,0,0,0,0,0,0,0,0,0,0,0,0,0,0,Inf,Inf,Inf,0.045,0.045,0.035,0.04,0.631093744128522,0.542749178852853,2.36740778433452e-12,1.27017482024174e-05,1.67810217618381,0.00013283354592512,0.781041447960759,9466.26257496466,868.586441937086,868.40031199284,868.365383405686,2839.8787724894,387.84,320,320
0.076,0,0,0,0,0,0,0,0,0,0,0,0,0,0,0,0,0,0,0,0,0,Inf,Inf,Inf,0.045,0.045,0.035,0.04,0.631088926043177,0.542748152998192,2.36738963518628e-12,1.27016893745079e-05,1.67810217347191,0.000132833537724614,0.78104209718069,9466.16858550366,868.575593342017,868.398681865092,868.354533480786,2839.8505756511,387.84,320,320
0.077,0,0,0,0,0,0,0,0,0,0,0,0,0,0,0,0,0,0,0,0,0,Inf,Inf,Inf,0.045,0.045,0.035,0.04,0.631084016872596,0.54274515421383,2.36736358620086e-12,1.27017016316181e-05,1.67810196786201,0.000132833545752857,0.781042036170889,9466.10274599437,868.580034615915,868.382004553081,868.34385850054,2839.83082379831,387.84,320,320
0.078,0,0,0,0,0,0,0,0,0,0,0,0,0,0,0,0,0,0,0,0,0,Inf,Inf,Inf,0.045,0.045,0.035,0.04,0.631082293877087,0.542739964730298,2.36733394321477e-12,1.27017134465278e-05,1.67810263257631,0.00013283355353856,0.781040770999134,9466.07255290407,868.571736825712,868.382137490481,868.335363730159,2839.82176587122,387.84,320,320
0.079,0,0,0,0,0,0,0,0,0,0,0,0,0,0,0,0,0,0,0,0,0,Inf,Inf,Inf,0.045,0.045,0.035,0.04,0.631078144680692,0.542737252024709,2.36730642413542e-12,1.27019672591885e-05,1.67810280645799,0.000132833548675652,0.781038096008257,9466.00403683603,868.56091690308,868.381240203167,868.33023060434,2839.80121105081,387.84,320,320
0.08,0,0,0,0,0,0,0,0,0,0,0,0,0,0,0,0,0,0,0,0,0,Inf,Inf,Inf,0.045,0.045,0.035,0.04,0.6310716151453,0.542734899403185,2.36728598007557e-12,1.27019778036689e-05,1.67810247642316,0.000132833547970092,0.781034150965215,9465.92346135341,868.54952682627,868.363296545876,868.328345400545,2839.77703840602,387.84,320,320
0.081,0,0,0,0,0,0,0,0,0,0,0,0,0,0,0,0,0,0,0,0,0,Inf,Inf,Inf,0.045,0.045,0.035,0.04,0.631070179366671,0.542730260459009,2.36727487341554e-12,1.2701989444949e-05,1.67810296773519,0.000132833558763797,0.781029353636628,9465.87997824408,868.556173479635,868.363270875598,868.328319228392,2839.76399347323,387.84,320,320
0.082,0,0,0,0,0,0,0,0,0,0,0,0,0,0,0,0,0,0,0,0,0,Inf,Inf,Inf,0.045,0.045,0.035,0.04,0.631066787607973,0.542725820807273,2.36727175897975e-12,1.27017248925653e-05,1.67810332425267,0.000132833558035032,0.781024296836388,9465.83635675405,868.545675196029,868.362950157807,868.328000358728,2839.75090702622,387.84,320,320
0.083,0,0,0,0,0,0,0,0,0,0,0,0,0,0,0,0,0,0,0,0,0,Inf,Inf,Inf,0.045,0.045,0.035,0.04,0.631060819361798,0.542724124344796,2.36727214029252e-12,1.27017370067583e-05,1.6781031475087,0.000132833547494446,0.781019589758667,9465.7412211207,868.533844525323,868.360235718666,868.325289720649,2839.72236633621,387.84,320,320
0.084,0,0,0,0,0,0,0,0,0,0,0,0,0,0,0,0,0,0,0,0,0,Inf,Inf,Inf,0.045,0.045,0.035,0.04,0.631057430934645,0.542720159202084,2.36727004801888e-12,1.2701750042279e-05,1.67810332227683,0.000132833561156605,0.78101683888993,9465.68290099523,868.540013345374,868.343539818302,868.308610720489,2839.70487029857,387.84,320,320
0.085,0,0,0,0,0,0,0,0,0,0,0,0,0,0,0,0,0,0,0,0,0,Inf,Inf,Inf,0.045,0.045,0.035,0.04,0.631054839595599,0.542713998495551,2.36726031364116e-12,1.27017603778008e-05,1.67810386286607,0.00013283356446472,0.781021428981569,9465.66080408664,868.530161182703,868.343570845855,868.308642874285,2839.69824122599,387.84,320,320
0.086,0,0,0,0,0,0,0,0,0,0,0,0,0,0,0,0,0,0,0,0,0,Inf,Inf,Inf,0.045,0.045,0.035,0.04,0.631049598021043,0.542712622653858,2.36724057173266e-12,1.27017044263666e-05,1.67810385994372,0.000132833558399519,0.78102554281065,9465.56129646157,868.518241146545,868.32449340641,868.306906839185,2839.66838893847,387.84,320,320
0.087,0,0,0,0,0,0,0,0,0,0,0,0,0,0,0,0,0,0,0,0,0,Inf,Inf,Inf,0.045,0.045,0.035,0.04,0.6310438584598,0.542709401578851,2.36721221531338e-12,1.27017186799489e-05,1.67810370556408,0.000132833577520041,0.781028777226801,9465.48778757305,868.522838999807,868.323297267209,868.301755163509,2839.64633627191,387.84,320,320
0.088,0,0,0,0,0,0,0,0,0,0,0,0,0,0,0,0,0,0,0,0,0,Inf,Inf,Inf,0.045,0.045,0.035,0.04,0.631042037550837,0.542703810630133,2.36717992010553e-12,1.27017301072774e-05,1.67810443119596,0.000132833585501432,0.781030927970993,9465.45346177631,868.513898905042,868.323412177975,868.292811197626,2839.63603853289,387.84,320,320
0.089,0,0,0,0,0,0,0,0,0,0,0,0,0,0,0,0,0,0,0,0,0,Inf,Inf,Inf,0.045,0.045,0.035,0.04,0.631037616491023,0.542700531379669,2.36714989858319e-12,1.27019749583029e-05,1.67810462132774,0.000132833580386014,0.781031986953095,9465.38449163413,868.502223320392,868.322486768618,868.281133352496,2839.61534749024,387.84,320,320
0.09,0,0,0,0,0,0,0,0,0,0,0,0,0,0,0,0,0,0,0,0,0,Inf,Inf,Inf,0.045,0.045,0.035,0.04,0.631030634165419,0.542698053948534,2.36712753618958e-12,1.27019858500964e-05,1.67810425949637,0.00013283358954254,0.781032165086185,9465.29633605431,868.489919679427,868.303157254071,868.268829656615,2839.58890081629,387.84,320,320
0.091,0,0,0,0,0,0,0,0,0,0,0,0,0,0,0,0,0,0,0,0,0,Inf,Inf,Inf,0.045,0.045,0.035,0.04,0.631028775692075,0.542693132463808,2.36711530994875e-12,1.27019991726847e-05,1.67810488411344,0.00013283360149846,0.781031841390652,9465.24844752266,868.496775517458,868.303083684593,868.258262633447,2839.5745342568,387.84,320,320
0.092,0,0,0,0,0,0,0,0,0,0,0,0,0,0,0,0,0,0,0,0,0,Inf,Inf,Inf,0.045,0.045,0.035,0.04,0.631025197522032,0.542688199669739,2.36711179472702e-12,1.27017326402292e-05,1.67810527881937,0.000132833600662468,0.781031463554154,9465.20458493417,868.48560024184,868.302755920115,868.251144393772,2839.56137548025,387.84,320,320
0.093,0,0,0,0,0,0,0,0,0,0,0,0,0,0,0,0,0,0,0,0,0,Inf,Inf,Inf,0.045,0.045,0.035,0.04,0.631018866361916,0.542686417050863,2.36711215570715e-12,1.27017411630175e-05,1.67810508246297,0.000132833588272058,0.781031466812153,9465.102552499,868.47298656744,868.299903624806,868.247868583579,2839.5307657497,387.84,320,320
0.094,0,0,0,0,0,0,0,0,0,0,0,0,0,0,0,0,0,0,0,0,0,Inf,Inf,Inf,0.045,0.045,0.035,0.04,0.631015192171427,0.54268221574182,2.36710995914829e-12,1.27017559570203e-05,1.6781051692798,0.000132833578253414,0.781032139102143,9465.04001891391,868.479312331499,868.282269377066,868.247339837836,2839.51200567417,387.84,320,320
0.095,0,0,0,0,0,0,0,0,0,0,0,0,0,0,0,0,0,0,0,0,0,Inf,Inf,Inf,0.045,0.045,0.035,0.04,0.631012440297521,0.542675664026018,2.36709962342305e-12,1.27017680211964e-05,1.67810575963053,0.000132833581394951,0.781033507605757,9465.01635890932,868.468834489507,868.282302079606,868.247373704312,2839.5049076728,387.84,320,320
0.096,0,0,0,0,0,0,0,0,0,0,0,0,0,0,0,0,0,0,0,0,0,Inf,Inf,Inf,0.045,0.045,0.035,0.04,0.63100685171381,0.542674256823631,2.36707857605768e-12,1.27017222544541e-05,1.67810575644454,0.000132833573373035,0.78103535318858,9464.90936013642,868.456133901549,868.280447152278,868.245521186247,2839.47280804093,387.84,320,320
0.097,0,0,0,0,0,0,0,0,0,0,0,0,0,0,0,0,0,0,0,0,0,Inf,Inf,Inf,0.045,0.045,0.035,0.04,0.631000882838036,0.542670808399357,2.36704828275935e-12,1.27017366747869e-05,1.67810537258198,0.000132833579437555,0.781037349198935,9464.83113195695,868.46109677646,868.260832797517,868.240006387221,2839.44933958708,387.84,320,320
0.098,0,0,0,0,0,0,0,0,0,0,0,0,0,0,0,0,0,0,0,0,0,Inf,Inf,Inf,0.045,0.045,0.035,0.04,0.630998923154205,0.542664814442072,2.36701373743087e-12,1.27017502653422e-05,1.67810613863143,0.000132833586436139,0.781039101618005,9464.79471448833,868.451512595239,868.260962149248,868.230418054935,2839.4384143465,387.84,320,320
0.099,0,0,0,0,0,0,0,0,0,0,0,0,0,0,0,0,0,0,0,0,0,Inf,Inf,Inf,0.045,0.045,0.035,0.04,0.63099416695072,0.54266145242036,2.36698158895424e-12,1.27019813796585e-05,1.67810633973919,0.000132833589339634,0.781040232660394,9464.71825364531,868.4389831566,868.241394543159,868.217885802212,2839.41547609359,387.84,320,320
0.1,0,0,0,0,0,0,0,0,0,0,0,0,0,0,0,0,0,0,0,0,0,Inf,Inf,Inf,0.045,0.045,0.035,0.04,0.630986654296257,0.542658780569745,2.36695760771012e-12,1.27019942999612e-05,1.678105956824,0.000132833610111619,0.781043224499475,9464.6237127346,868.425764724795,868.239111672351,868.220771479897,2839.38711382038,387.84,320,320
0.101,0,0,0,0,0,0,0,0,0,0,0,0,0,0,0,0,0,0,0,0,0,Inf,Inf,Inf,0.045,0.045,0.035,0.04,0.630984761629316,0.542653479548101,2.36694445774337e-12,1.27020073305551e-05,1.67810651282293,0.000132833622206663,0.781048120304567,9464.57220075684,868.433339861701,868.23903472541,868.21229074892,2839.37166022705,387.84,320,320
0.102,0,0,0,0,0,0,0,0,0,0,0,0,0,0,0,0,0,0,0,0,0,Inf,Inf,Inf,0.045,0.045,0.035,0.04,0.630980914670226,0.542648155080957,2.36694063522404e-12,1.27017459182257e-05,1.67810692251568,0.000132833621485633,0.781051322330786,9464.52514229822,868.421304049105,868.238684132596,868.200250126685,2839.35754268947,387.84,320,320
0.103,0,0,0,0,0,0,0,0,0,0,0,0,0,0,0,0,0,0,0,0,0,Inf,Inf,Inf,0.045,0.045,0.035,0.04,0.630974112487697,0.542646249842462,2.3669409953346e-12,1.27017579727441e-05,1.6781067184258,0.000132833608907715,0.781052520922529,9464.41479380215,868.407708231286,868.235635637701,868.186651455145,2839.32443814065,387.84,320,320
0.104,0,0,0,0,0,0,0,0,0,0,0,0,0,0,0,0,0,0,0,0,0,Inf,Inf,Inf,0.045,0.045,0.035,0.04,0.630969999819731,0.542641759913015,2.36693868397319e-12,1.27017709038883e-05,1.67810687412394,0.000132833614653786,0.781051795075819,9464.3467040723,868.414590324011,868.216354734963,868.174100599571,2839.30401122169,387.84,320,320
0.105,0,0,0,0,0,0,0,0,0,0,0,0,0,0,0,0,0,0,0,0,0,Inf,Inf,Inf,0.045,0.045,0.035,0.04,0.630967087670685,0.542634755817821,2.36692774839434e-12,1.2701784487511e-05,1.67810749187981,0.000132833618120796,0.781049596868692,9464.32039830101,868.403389348765,868.216387595517,868.164816615011,2839.2961194903,387.84,320,320
0.106,0,0,0,0,0,0,0,0,0,0,0,0,0,0,0,0,0,0,0,0,0,Inf,Inf,Inf,0.045,0.045,0.035,0.04,0.630961161342769,0.54263301315138,2.36690543195174e-12,1.27017419714042e-05,1.6781074885511,0.000132833609235631,0.781046600600104,9464.20947484941,868.389801011975,868.21445681119,868.159777979315,2839.26284245482,387.84,320,320
0.107,0,0,0,0,0,0,0,0,0,0,0,0,0,0,0,0,0,0,0,0,0,Inf,Inf,Inf,0.045,0.045,0.035,0.04,0.630954445288618,0.542629395371633,2.36687326845053e-12,1.27017585549192e-05,1.67810716081862,0.000132833603847173,0.781043560934379,9464.12456665426,868.394844438179,868.193264702228,868.158335141813,2839.23736999628,387.84,320,320
0.108,0,0,0,0,0,0,0,0,0,0,0,0,0,0,0,0,0,0,0,0,0,Inf,Inf,Inf,0.045,0.045,0.035,0.04,0.630952418104824,0.542623085773015,2.36683654265133e-12,1.27017723123515e-05,1.6781079758852,0.000132833611446428,0.781041126813717,9464.08441943425,868.38475526421,868.193372330843,868.158443137834,2839.22532583027,387.84,320,320
0.109,0,0,0,0,0,0,0,0,0,0,0,0,0,0,0,0,0,0,0,0,0,Inf,Inf,Inf,0.045,0.045,0.035,0.04,0.630947458161378,0.542619201732494,2.36680230594992e-12,1.27019902882352e-05,1.67810819002076,0.000132833610124856,0.781039669529003,9464.00850958655,868.371539841125,868.172905529499,868.157431696359,2839.20255287597,387.84,320,320
0.11,0,0,0,0,0,0,0,0,0,0,0,0,0,0,0,0,0,0,0,0,0,Inf,Inf,Inf,0.045,0.045,0.035,0.04,0.630939594305883,0.542616444083379,2.36677669272142e-12,1.27020035558867e-05,1.67810778185157,0.000132833631178782,0.78103919736986,9463.90751379047,868.357577141936,868.170385388138,868.153022968098,2839.17225413714,387.84,320,320
0.111,0,0,0,0,0,0,0,0,0,0,0,0,0,0,0,0,0,0,0,0,0,Inf,Inf,Inf,0.045,0.045,0.035,0.04,0.630937296609019,0.542610933167737,2.36676255975699e-12,1.27020172812059e-05,1.67810837856705,0.000132833643065187,0.781039478424042,9463.8521273787,868.365272669492,868.170257087348,868.144208853618,2839.15563821361,387.84,320,320
0.112,0,0,0,0,0,0,0,0,0,0,0,0,0,0,0,0,0,0,0,0,0,Inf,Inf,Inf,0.045,0.045,0.035,0.04,0.630933318010879,0.542605168983338,2.36675835809314e-12,1.27017618473835e-05,1.67810881660425,0.000132833642233042,0.781040088854316,9463.80560744585,868.352716447349,868.169905900781,868.13164989335,2839.14168223376,387.84,320,320
0.113,0,0,0,0,0,0,0,0,0,0,0,0,0,0,0,0,0,0,0,0,0,Inf,Inf,Inf,0.045,0.045,0.035,0.04,0.630926244409854,0.542603206893892,2.36675868319011e-12,1.27017756603374e-05,1.67810859806881,0.000132833639122868,0.781040482345847,9463.68959155214,868.338505466189,868.147414323472,868.117437882895,2839.10687746564,387.84,320,320
0.114,0,0,0,0,0,0,0,0,0,0,0,0,0,0,0,0,0,0,0,0,0,Inf,Inf,Inf,0.045,0.045,0.035,0.04,0.630921870253676,0.542598544609109,2.36675630929582e-12,1.27017884421793e-05,1.6781087079197,0.000132833656308365,0.781040139614625,9463.61794068377,868.345454094955,868.146750225742,868.104306844688,2839.08538220513,387.84,320,320
0.115,0,0,0,0,0,0,0,0,0,0,0,0,0,0,0,0,0,0,0,0,0,Inf,Inf,Inf,0.045,0.045,0.035,0.04,0.630918842658743,0.542591243649738,2.36674494216924e-12,1.27018018915382e-05,1.67810936310257,0.000132833660222394,0.781039096084088,9463.59022012426,868.333778084441,868.146783893583,868.112712938916,2839.07706603728,387.84,320,320
0.116,0,0,0,0,0,0,0,0,0,0,0,0,0,0,0,0,0,0,0,0,0,Inf,Inf,Inf,0.045,0.045,0.035,0.04,0.630912654344963,0.542589459446321,2.3667216410068e-12,1.27017599723692e-05,1.67810935958041,0.00013283365059411,0.781039836071763,9463.47366888079,868.319582815457,868.14477039455,868.09851595376,2839.04210066424,387.84,320,320
0.117,0,0,0,0,0,0,0,0,0,0,0,0,0,0,0,0,0,0,0,0,0,Inf,Inf,Inf,0.045,0.045,0.035,0.04,0.630905752503217,0.5425856707557,2.36668797730605e-12,1.2701775280649e-05,1.67810892077279,0.000132833653831132,0.781039781995439,9463.38488610647,868.324892033856,868.122742776232,868.084475801856,2839.01546583194,387.84,320,320
0.118,0,0,0,0,0,0,0,0,0,0,0,0,0,0,0,0,0,0,0,0,0,Inf,Inf,Inf,0.045,0.045,0.035,0.04,0.630903621634072,0.542579049516801,2.36664947428836e-12,1.27017890383082e-05,1.6781097719193,0.000132833662685,0.781038837818731,9463.34293534637,868.314304794056,868.122858702492,868.073218660969,2839.00288060391,387.84,320,320
0.119,0,0,0,0,0,0,0,0,0,0,0,0,0,0,0,0,0,0,0,0,0,Inf,Inf,Inf,0.045,0.045,0.035,0.04,0.630898403363531,0.542575096015747,2.36661352585517e-12,1.27020036575699e-05,1.67810999589222,0.000132833657077329,0.781037103724486,9463.2611063947,868.3004161923,868.121788777432,868.066314559258,2838.97833191841,387.84,320,320
0.12,0,0,0,0,0,0,0,0,0,0,0,0,0,0,0,0,0,0,0,0,0,Inf,Inf,Inf,0.045,0.045,0.035,0.04,0.630890122745033,0.542572190179208,2.36658657944203e-12,1.27020155914298e-05,1.67810956850062,0.000132833668103664,0.781034836092784,9463.15484815565,868.285719669119,868.098588674143,868.063665283975,2838.94645444669,387.84,320,320
0.121,0,0,0,0,0,0,0,0,0,0,0,0,0,0,0,0,0,0,0,0,0,Inf,Inf,Inf,0.045,0.045,0.035,0.04,0.630887784550785,0.542566383605334,2.36657165673039e-12,1.27020306508346e-05,1.67811008764418,0.000132833680956287,0.781032376043017,9463.09635918169,868.294001985285,868.098450511393,868.063526700153,2838.92890775451,387.84,320,320
0.122,0,0,0,0,0,0,0,0,0,0,0,0,0,0,0,0,0,0,0,0,0,Inf,Inf,Inf,0.045,0.045,0.035,0.04,0.630883600741974,0.542560280807842,2.36656716626107e-12,1.27017701865987e-05,1.67811053936475,0.000132833680056749,0.781030066640972,9463.04762946178,868.28076444714,868.098084317579,868.063162470554,2838.91428883853,387.84,320,320
0.123,0,0,0,0,0,0,0,0,0,0,0,0,0,0,0,0,0,0,0,0,0,Inf,Inf,Inf,0.045,0.045,0.035,0.04,0.630876160371469,0.542558229344007,2.36656747431889e-12,1.2701783999627e-05,1.67811031386291,0.000132833672870539,0.78102818370979,9462.92471579091,868.265763803529,868.074150915442,868.059883808518,2838.87741473727,387.84,320,320
0.124,0,0,0,0,0,0,0,0,0,0,0,0,0,0,0,0,0,0,0,0,0,Inf,Inf,Inf,0.045,0.045,0.035,0.04,0.630871387864937,0.542553349139664,2.36656502962546e-12,1.27018003133388e-05,1.67811041197267,0.000132833690457962,0.781026876548405,9462.84831071633,868.273148528015,868.073407132246,868.052079838608,2838.8544932149,387.84,320,320
0.125,0,0,0,0,0,0,0,0,0,0,0,0,0,0,0,0,0,0,0,0,0,Inf,Inf,Inf,0.045,0.045,0.035,0.04,0.630868247008152,0.542545699239432,2.36655323981405e-12,1.2701815401809e-05,1.67811108673852,0.000132833694536074,0.781026154801942,9462.81819169909,868.260914735671,868.073440177606,868.039843662257,2838.84545750973,387.84,320,320
0.126,0,0,0,0,0,0,0,0,0,0,0,0,0,0,0,0,0,0,0,0,0,Inf,Inf,Inf,0.045,0.045,0.035,0.04,0.630861809407612,0.542543592862001,2.36652900341903e-12,1.27017702683489e-05,1.67811108312124,0.000132833684377269,0.781025989434523,9462.69940393531,868.246022543297,868.071383351657,868.036471980165,2838.80982118059,387.84,320,320
0.127,0,0,0,0,0,0,0,0,0,0,0,0,0,0,0,0,0,0,0,0,0,Inf,Inf,Inf,0.045,0.045,0.035,0.04,0.630854244335871,0.542539689559815,2.36649392491948e-12,1.27017839680065e-05,1.67811071446442,0.000132833696065665,0.781026530449618,9462.60499071078,868.251330086248,868.048068765076,868.030230306551,2838.78149721323,387.84,320,320
0.128,0,0,0,0,0,0,0,0,0,0,0,0,0,0,0,0,0,0,0,0,0,Inf,Inf,Inf,0.045,0.045,0.035,0.04,0.630852077370987,0.542532842367681,2.36645373758746e-12,1.27017982802333e-05,1.6781116022813,0.00013283370529064,0.78102685305816,9462.5597488133,868.240381328631,868.048159351119,868.019278108939,2838.76792464399,387.84,320,320
0.129,0,0,0,0,0,0,0,0,0,0,0,0,0,0,0,0,0,0,0,0,0,Inf,Inf,Inf,0.045,0.045,0.035,0.04,0.630846726505667,0.542528412386683,2.36641614153998e-12,1.2702014068659e-05,1.67811183633725,0.000132833699339085,0.781026999986613,9462.4795544991,868.225985741689,868.047094458773,868.004881013394,2838.74386634973,387.84,320,320
0.13,0,0,0,0,0,0,0,0,0,0,0,0,0,0,0,0,0,0,0,0,0,Inf,Inf,Inf,0.045,0.045,0.035,0.04,0.63083820175433,0.542525461338824,2.36638787281347e-12,1.27020276837848e-05,1.67811138867165,0.000132833708980459,0.781027020175064,9462.36805891161,868.210725436076,868.023053866309,867.989621679237,2838.71041767348,387.84,320,320
0.131,0,0,0,0,0,0,0,0,0,0,0,0,0,0,0,0,0,0,0,0,0,Inf,Inf,Inf,0.045,0.045,0.035,0.04,0.630835480267513,0.542519521142175,2.36637211993819e-12,1.2702043090678e-05,1.67811199450512,0.000132833722966159,0.781027008551857,9462.3062907503,868.219028740257,868.022861689708,867.976420676096,2838.69188722509,387.84,320,320
0.132,0,0,0,0,0,0,0,0,0,0,0,0,0,0,0,0,0,0,0,0,0,Inf,Inf,Inf,0.045,0.045,0.035,0.04,0.630831221611611,0.542513041733707,2.36636727995774e-12,1.27017826820334e-05,1.67811247143988,0.000132833721992152,0.781027087791654,9462.25883985804,868.205436557264,868.022501279555,867.967420853011,2838.67765195741,387.84,320,320
0.133,0,0,0,0,0,0,0,0,0,0,0,0,0,0,0,0,0,0,0,0,0,Inf,Inf,Inf,0.045,0.045,0.035,0.04,0.630823605615099,0.542510963259639,2.36636753991759e-12,1.27017964652591e-05,1.67811223277991,0.000132833707563494,0.781027345376773,9462.13160554424,868.190000140051,868.019175592237,867.963161576801,2838.63948166327,387.84,320,320
0.134,0,0,0,0,0,0,0,0,0,0,0,0,0,0,0,0,0,0,0,0,0,Inf,Inf,Inf,0.045,0.045,0.035,0.04,0.630818606375242,0.54250597661738,2.36636507382163e-12,1.27018144927247e-05,1.6781122523965,0.000132833720135103,0.781027833188024,9462.05238241515,868.197360095962,867.997270957795,867.962361225528,2838.61571472454,387.84,320,320
0.135,0,0,0,0,0,0,0,0,0,0,0,0,0,0,0,0,0,0,0,0,0,Inf,Inf,Inf,0.045,0.045,0.035,0.04,0.630815395791259,0.542498128228549,2.36635302453382e-12,1.27018294171485e-05,1.67811295908794,0.000132833724316903,0.781028543891711,9462.02105116228,868.184808648183,867.997303995213,867.96239544656,2838.60631534868,387.84,320,320
0.136,0,0,0,0,0,0,0,0,0,0,0,0,0,0,0,0,0,0,0,0,0,Inf,Inf,Inf,0.045,0.045,0.035,0.04,0.630808783851897,0.542495977554974,2.36632813391895e-12,1.27017807326564e-05,1.67811295530925,0.000132833714120941,0.7810293810271,9461.89850185773,868.169493187651,867.99519833281,867.960292713246,2838.56955055732,387.84,320,320
0.137,0,0,0,0,0,0,0,0,0,0,0,0,0,0,0,0,0,0,0,0,0,Inf,Inf,Inf,0.045,0.045,0.035,0.04,0.630801086839422,0.542491960616696,2.3662920119403e-12,1.27017973165986e-05,1.6781124149012,0.000132833719952305,0.781030183297655,9461.80117069065,868.174970333724,867.971308860911,867.95386924324,2838.54035120719,387.84,320,320
0.138,0,0,0,0,0,0,0,0,0,0,0,0,0,0,0,0,0,0,0,0,0,Inf,Inf,Inf,0.045,0.045,0.035,0.04,0.630798851142344,0.542484896284042,2.36625055032539e-12,1.27018125168156e-05,1.6781133252818,0.000132833728906271,0.781030828197957,9461.75449178294,868.163674561245,867.971402448093,867.942569533566,2838.52634753488,387.84,320,320
0.139,0,0,0,0,0,0,0,0,0,0,0,0,0,0,0,0,0,0,0,0,0,Inf,Inf,Inf,0.045,0.045,0.035,0.04,0.630793320465839,0.542480417145938,2.36621169397691e-12,1.27020228555921e-05,1.67811356583688,0.000132833722855182,0.781031224629923,9461.66996182104,868.148796101457,867.970301543849,867.927688985936,2838.50098854631,387.84,320,320
0.14,0,0,0,0,0,0,0,0,0,0,0,0,0,0,0,0,0,0,0,0,0,Inf,Inf,Inf,0.045,0.045,0.035,0.04,0.63078449744512,0.542477364395642,2.36618241341393e-12,1.27020384992722e-05,1.67811310494719,0.00013283373979798,0.781031311019357,9461.55446826,868.132996511632,867.945348015028,867.911889777816,2838.466340478,387.84,320,320
0.141,0,0,0,0,0,0,0,0,0,0,0,0,0,0,0,0,0,0,0,0,0,Inf,Inf,Inf,0.045,0.045,0.035,0.04,0.63078173663341,0.542471215074675,2.36616603275971e-12,1.27020542536824e-05,1.67811362823795,0.000132833753897994,0.781032371785085,9461.49022924432,868.141746772425,867.945141738852,867.920683430991,2838.4470687733,387.84,320,320
0.142,0,0,0,0,0,0,0,0,0,0,0,0,0,0,0,0,0,0,0,0,0,Inf,Inf,Inf,0.045,0.045,0.035,0.04,0.630777337315172,0.542464462245604,2.36616093817638e-12,1.27017925843324e-05,1.67811411176729,0.000132833752904065,0.781033423280459,9461.44150425531,868.127662155171,867.944773564306,867.90659562956,2838.43245127659,387.84,320,320
0.143,0,0,0,0,0,0,0,0,0,0,0,0,0,0,0,0,0,0,0,0,0,Inf,Inf,Inf,0.045,0.045,0.035,0.04,0.630769463048111,0.542462327317181,2.36616116874314e-12,1.2701806397523e-05,1.67811386939214,0.000132833737811975,0.7810337817813,9461.3089634229,868.111643238484,867.941357545931,867.890576027814,2838.39268902687,387.84,320,320
0.144,0,0,0,0,0,0,0,0,0,0,0,0,0,0,0,0,0,0,0,0,0,Inf,Inf,Inf,0.045,0.045,0.035,0.04,0.630764120347624,0.542457195145591,2.36615867332447e-12,1.27018226369182e-05,1.67811389932522,0.000132833752504714,0.781033587159481,9461.22593235722,868.119316300279,867.918373877717,867.87568524843,2838.36777970717,387.84,320,320
0.145,0,0,0,0,0,0,0,0,0,0,0,0,0,0,0,0,0,0,0,0,0,Inf,Inf,Inf,0.045,0.045,0.035,0.04,0.630760843513053,0.542449106267369,2.36614637822914e-12,1.27018358331484e-05,1.67811461713155,0.00013283375662123,0.781033092882412,9461.19254072395,868.106380454894,867.918405635303,867.864560055202,2838.35776221719,387.84,320,320
0.146,0,0,0,0,0,0,0,0,0,0,0,0,0,0,0,0,0,0,0,0,0,Inf,Inf,Inf,0.045,0.045,0.035,0.04,0.630754073500583,0.542446658864763,2.36612089624785e-12,1.27017938077886e-05,1.67811461330152,0.000132833746085308,0.781032615921973,9461.06940947585,868.0905723623,867.916287885181,867.85840516474,2838.32082284276,387.84,320,320
0.147,0,0,0,0,0,0,0,0,0,0,0,0,0,0,0,0,0,0,0,0,0,Inf,Inf,Inf,0.045,0.045,0.035,0.04,0.630745815631551,0.542442582507223,2.36608383953069e-12,1.27018096708381e-05,1.67811410974332,0.000132833743839455,0.781032405079288,9460.96766166853,868.095972423955,867.891430256452,867.856527578899,2838.29029850056,387.84,320,320
0.148,0,0,0,0,0,0,0,0,0,0,0,0,0,0,0,0,0,0,0,0,0,Inf,Inf,Inf,0.045,0.045,0.035,0.04,0.630743574530734,0.542435385312609,2.36604122793921e-12,1.27018263134199e-05,1.67811504368127,0.000132833752794772,0.781032597397385,9460.91824426004,868.08446403625,867.891496289192,867.856593999257,2838.27547327801,387.84,320,320
0.149,0,0,0,0,0,0,0,0,0,0,0,0,0,0,0,0,0,0,0,0,0,Inf,Inf,Inf,0.045,0.045,0.035,0.04,0.630737983754371,0.542430488929852,2.36600121014226e-12,1.27020367431196e-05,1.67811529091981,0.000132833746793428,0.781033213747086,9460.83637424057,868.069268736456,867.890415852157,867.855515985258,2838.25091227217,387.84,320,320
0.15,0,0,0,0,0,0,0,0,0,0,0,0,0,0,0,0,0,0,0,0,0,Inf,Inf,Inf,0.045,0.045,0.035,0.04,0.63072902876275,0.542427431196082,2.36597096085675e-12,1.27020530815325e-05,1.67811481624801,0.000132833764237529,0.781034135048318,9460.71703599812,868.053101591129,867.864928784817,867.850627112561,2838.21511079944,387.84,320,320
0.151,0,0,0,0,0,0,0,0,0,0,0,0,0,0,0,0,0,0,0,0,0,Inf,Inf,Inf,0.045,0.045,0.035,0.04,0.630725918050325,0.542421226715,2.3659539366026e-12,1.27020725457596e-05,1.67811537178288,0.000132833778403569,0.781035105671701,9460.6502472928,868.06177132216,867.864668803448,867.840703384765,2838.19507418784,387.84,320,320
0.152,0,0,0,0,0,0,0,0,0,0,0,0,0,0,0,0,0,0,0,0,0,Inf,Inf,Inf,0.045,0.045,0.035,0.04,0.63072150112524,0.542414174106303,2.36594854082746e-12,1.27018007153209e-05,1.67811587120561,0.000132833777416233,0.781035861122693,9460.60347596167,868.04750723988,867.864311993442,867.826436207586,2838.1810427885,387.84,320,320
0.153,0,0,0,0,0,0,0,0,0,0,0,0,0,0,0,0,0,0,0,0,0,Inf,Inf,Inf,0.045,0.045,0.035,0.04,0.630713550897355,0.542412041272347,2.3659487147664e-12,1.27018126506844e-05,1.67811562033304,0.000132833767309828,0.781036192573931,9460.46814723054,868.031246780788,867.838586502733,867.810174964162,2838.14044416916,387.84,320,320
0.154,0,0,0,0,0,0,0,0,0,0,0,0,0,0,0,0,0,0,0,0,0,Inf,Inf,Inf,0.045,0.045,0.035,0.04,0.630708031073881,0.54240686981019,2.36594623590922e-12,1.27018324369648e-05,1.67811559558487,0.000132833786195822,0.781035957131855,9460.38319543492,868.03880233886,867.837661019784,867.795034748388,2838.11495863048,387.84,320,320
0.155,0,0,0,0,0,0,0,0,0,0,0,0,0,0,0,0,0,0,0,0,0,Inf,Inf,Inf,0.045,0.045,0.035,0.04,0.630704729858975,0.542398685394445,2.36593385178635e-12,1.27018472425391e-05,1.67811633309549,0.000132833790462349,0.781035134296017,9460.34889068258,868.0257135313,867.837692095361,867.783707851399,2838.10466720477,387.84,320,320
0.156,0,0,0,0,0,0,0,0,0,0,0,0,0,0,0,0,0,0,0,0,0,Inf,Inf,Inf,0.045,0.045,0.035,0.04,0.630697875374506,0.542396202893769,2.36590805419558e-12,1.27018004538899e-05,1.67811632917015,0.00013283377955878,0.781034497903892,9460.22382239298,868.009678487135,867.83555777662,867.788605163736,2838.06714671789,387.84,320,320
0.157,0,0,0,0,0,0,0,0,0,0,0,0,0,0,0,0,0,0,0,0,0,Inf,Inf,Inf,0.045,0.045,0.035,0.04,0.630689558915926,0.542392070162636,2.36587043226092e-12,1.27018148749831e-05,1.67811570289151,0.000132833778025186,0.781034467165547,9460.12027342659,868.015158430854,867.810414300344,867.772628548286,2838.03608202798,387.84,320,320
0.158,0,0,0,0,0,0,0,0,0,0,0,0,0,0,0,0,0,0,0,0,0,Inf,Inf,Inf,0.045,0.045,0.035,0.04,0.630687282981474,0.542384752771713,2.36582708231749e-12,1.27018299089961e-05,1.67811664897371,0.000132833787513324,0.781033982072525,9460.06989487762,868.003457998054,867.810479467751,867.759697414066,2838.02096846329,387.84,320,320
0.159,0,0,0,0,0,0,0,0,0,0,0,0,0,0,0,0,0,0,0,0,0,Inf,Inf,Inf,0.045,0.045,0.035,0.04,0.630681591250886,0.542379842826008,2.36578629365667e-12,1.27020534110449e-05,1.6781168999215,0.000132833781559792,0.781033180919073,9459.98515209077,867.987978486658,867.80938152692,867.751637843114,2837.99554562723,387.84,320,320
0.16,0,0,0,0,0,0,0,0,0,0,0,0,0,0,0,0,0,0,0,0,0,Inf,Inf,Inf,0.045,0.045,0.035,0.04,0.630672459404847,0.542376728926822,2.36575538902273e-12,1.27020694022742e-05,1.67811641733642,0.000132833794275433,0.781032261916857,9459.86322013292,867.971478075756,867.783312260456,867.748414534153,2837.95896603987,387.84,320,320
0.161,0,0,0,0,0,0,0,0,0,0,0,0,0,0,0,0,0,0,0,0,0,Inf,Inf,Inf,0.045,0.045,0.035,0.04,0.630669324095278,0.542370402376624,2.36573792489045e-12,1.27020875329272e-05,1.6781168758053,0.000132833808663813,0.7810314224695,9459.79469533456,867.980458974198,867.783036515009,867.748138301072,2837.93840860037,387.84,320,320
0.162,0,0,0,0,0,0,0,0,0,0,0,0,0,0,0,0,0,0,0,0,0,Inf,Inf,Inf,0.045,0.045,0.035,0.04,0.630664830361885,0.542363153488175,2.36573232273637e-12,1.27018138546949e-05,1.67811737649482,0.000132833807546625,0.781030802803317,9459.74748738504,867.96589558816,867.782678444185,867.747782089343,2837.92424621551,387.84,320,320
0.163,0,0,0,0,0,0,0,0,0,0,0,0,0,0,0,0,0,0,0,0,0,Inf,Inf,Inf,0.045,0.045,0.035,0.04,0.630656731433152,0.542360996066688,2.36573245837179e-12,1.27018293517786e-05,1.67811712464253,0.000132833797864525,0.781030465859065,9459.60855106539,867.949267092692,867.756212603546,867.744333739157,2837.88256531962,387.84,320,320
0.164,0,0,0,0,0,0,0,0,0,0,0,0,0,0,0,0,0,0,0,0,0,Inf,Inf,Inf,0.045,0.045,0.035,0.04,0.630650932223207,0.542355751237542,2.36572998901766e-12,1.27018490337208e-05,1.67811708792649,0.000132833817016026,0.781030389929461,9459.52082496352,867.957018211604,867.755219761936,867.735946142708,2837.85624748905,387.84,320,320
0.165,0,0,0,0,0,0,0,0,0,0,0,0,0,0,0,0,0,0,0,0,0,Inf,Inf,Inf,0.045,0.045,0.035,0.04,0.630647611034321,0.542347436286689,2.36571753303231e-12,1.27018619019935e-05,1.67811782700789,0.000132833821322407,0.78103047755829,9459.48485188961,867.943720805856,867.755248988826,867.722645545328,2837.84545556688,387.84,320,320
0.166,0,0,0,0,0,0,0,0,0,0,0,0,0,0,0,0,0,0,0,0,0,Inf,Inf,Inf,0.045,0.045,0.035,0.04,0.630640690238235,0.5423446875752,2.36569148980059e-12,1.27018085981545e-05,1.67811782308451,0.000132833810274338,0.781030585097484,9459.36084206751,867.927402832245,867.753132704834,867.70632658856,2837.80825262025,387.84,320,320
0.167,0,0,0,0,0,0,0,0,0,0,0,0,0,0,0,0,0,0,0,0,0,Inf,Inf,Inf,0.045,0.045,0.035,0.04,0.630631922671043,0.542340550402287,2.36565342252767e-12,1.27018244615078e-05,1.67811725432873,0.000132833812160008,0.781030574302848,9459.25416972426,867.932732696683,867.727350925034,867.690034393803,2837.77625091728,387.84,320,320
0.168,0,0,0,0,0,0,0,0,0,0,0,0,0,0,0,0,0,0,0,0,0,Inf,Inf,Inf,0.045,0.045,0.035,0.04,0.630629671449721,0.542333194424247,2.36560947325166e-12,1.27018412714282e-05,1.67811821197184,0.000132833821770176,0.781030345639844,9459.20166088207,867.920970430379,867.727387047868,867.676806154476,2837.76049826462,387.84,320,320
0.169,0,0,0,0,0,0,0,0,0,0,0,0,0,0,0,0,0,0,0,0,0,Inf,Inf,Inf,0.045,0.045,0.035,0.04,0.630623992373601,0.542327932394847,2.36556802943613e-12,1.27020633564882e-05,1.67811846645022,0.000132833815653894,0.781029862514013,9459.12057223654,867.905368786834,867.72632427354,867.668513453053,2837.73617167096,387.84,320,320
0.17,0,0,0,0,0,0,0,0,0,0,0,0,0,0,0,0,0,0,0,0,0,Inf,Inf,Inf,0.045,0.045,0.035,0.04,0.630614842541027,0.542324853355232,2.36553652922477e-12,1.27020786531831e-05,1.67811797596051,0.000132833827266074,0.781029167132996,9458.99626630444,867.888703674824,867.700040340127,867.665147191716,2837.69887989133,387.84,320,320
0.171,0,0,0,0,0,0,0,0,0,0,0,0,0,0,0,0,0,0,0,0,0,Inf,Inf,Inf,0.045,0.045,0.035,0.04,0.630611397485588,0.542318550631345,2.36551862320921e-12,1.27020947556375e-05,1.67811847588959,0.000132833842247657,0.781028404951229,9458.92598167765,867.897501027436,867.699712640709,867.653050950129,2837.67779450329,387.84,320,320
0.172,0,0,0,0,0,0,0,0,0,0,0,0,0,0,0,0,0,0,0,0,0,Inf,Inf,Inf,0.045,0.045,0.035,0.04,0.63060694302293,0.54231108673681,2.36551277686154e-12,1.27018280227664e-05,1.67811898729829,0.000132833841212842,0.781028342316114,9458.88133283938,867.882936286124,867.699371076395,867.643006734309,2837.66439985181,387.84,320,320
0.173,0,0,0,0,0,0,0,0,0,0,0,0,0,0,0,0,0,0,0,0,0,Inf,Inf,Inf,0.045,0.045,0.035,0.04,0.630598868433453,0.542308959799782,2.36551284966853e-12,1.27018454127892e-05,1.67811872952518,0.000132833825853465,0.781028327411096,9458.74121294479,867.866265354782,867.673009258704,867.638120459274,2837.62236388344,387.84,320,320
0.174,0,0,0,0,0,0,0,0,0,0,0,0,0,0,0,0,0,0,0,0,0,Inf,Inf,Inf,0.045,0.045,0.035,0.04,0.630592949677302,0.542303742452817,2.36551043273436e-12,1.27018615333228e-05,1.67811862227978,0.000132833845138222,0.781028388719097,9458.65252532346,867.873809456612,867.67197270841,867.6370827306,2837.59575759704,387.84,320,320
0.175,0,0,0,0,0,0,0,0,0,0,0,0,0,0,0,0,0,0,0,0,0,Inf,Inf,Inf,0.045,0.045,0.035,0.04,0.630589648541086,0.542295435488534,2.36549805463108e-12,1.27018745065055e-05,1.67811937258462,0.000132833849366179,0.781028532994751,9458.61598036823,867.86052468303,867.67200065559,867.637111696438,2837.58479411047,387.84,320,320
0.176,0,0,0,0,0,0,0,0,0,0,0,0,0,0,0,0,0,0,0,0,0,Inf,Inf,Inf,0.045,0.045,0.035,0.04,0.630582732719782,0.542292666699811,2.36547203270422e-12,1.27018205164639e-05,1.67811936861275,0.000132833838228045,0.781028760129124,9458.49180834326,867.844178955174,867.669898737347,867.635012798597,2837.54754250298,387.84,320,320
0.177,0,0,0,0,0,0,0,0,0,0,0,0,0,0,0,0,0,0,0,0,0,Inf,Inf,Inf,0.045,0.045,0.035,0.04,0.630573986870101,0.54228852945845,2.36543388126386e-12,1.27018371010402e-05,1.67811867005461,0.00013283383931623,0.781029033740495,9458.38451269222,867.849503821341,867.644127048473,867.628397133974,2837.51535380767,387.84,320,320
0.178,0,0,0,0,0,0,0,0,0,0,0,0,0,0,0,0,0,0,0,0,0,Inf,Inf,Inf,0.045,0.045,0.035,0.04,0.630571733634583,0.542281149947946,2.36538973802116e-12,1.27018530234216e-05,1.67811962736787,0.00013283384920024,0.78102927235073,9458.33156711423,867.837704043251,867.644159221326,867.616593544783,2837.49947013427,387.84,320,320
0.179,0,0,0,0,0,0,0,0,0,0,0,0,0,0,0,0,0,0,0,0,0,Inf,Inf,Inf,0.045,0.045,0.035,0.04,0.630566031480409,0.542275915317606,2.36534802605103e-12,1.270206553753e-05,1.67811988232275,0.000132833842971132,0.781029420659779,9458.24901703802,867.822018430313,867.643096383082,867.600906103551,2837.47470511141,387.84,320,320
0.18,0,0,0,0,0,0,0,0,0,0,0,0,0,0,0,0,0,0,0,0,0,Inf,Inf,Inf,0.045,0.045,0.035,0.04,0.630556826232051,0.542272824511942,2.36531624235275e-12,1.27020808343328e-05,1.67811938993642,0.000132833855737677,0.78102945413445,9458.12358297428,867.805229880711,867.616567548251,867.58411835008,2837.43707489229,387.84,320,320
0.181,0,0,0,0,0,0,0,0,0,0,0,0,0,0,0,0,0,0,0,0,0,Inf,Inf,Inf,0.045,0.045,0.035,0.04,0.630553377399844,0.542266486037945,2.36529809815942e-12,1.27020982708084e-05,1.67811979856907,0.000132833870593242,0.781029365958898,9458.05235197706,867.814202851692,867.616224025195,867.569433058308,2837.41570559312,387.84,320,320
0.182,0,0,0,0,0,0,0,0,0,0,0,0,0,0,0,0,0,0,0,0,0,Inf,Inf,Inf,0.045,0.045,0.035,0.04,0.630548908710815,0.542258909621733,2.36529210266924e-12,1.27018429846101e-05,1.67812030548805,0.000132833869322244,0.781029198839086,9458.00803278373,867.799532563953,867.615887124811,867.559251755438,2837.40240983512,387.84,320,320
0.183,0,0,0,0,0,0,0,0,0,0,0,0,0,0,0,0,0,0,0,0,0,Inf,Inf,Inf,0.045,0.045,0.035,0.04,0.630540794400583,0.542256788786699,2.36529213098886e-12,1.27018621182183e-05,1.67812004955731,0.000132833853755415,0.781029065460589,9457.86606415287,867.782710993568,867.612493649503,867.561638172445,2837.35981924586,387.84,320,320
0.184,0,0,0,0,0,0,0,0,0,0,0,0,0,0,0,0,0,0,0,0,0,Inf,Inf,Inf,0.045,0.045,0.035,0.04,0.630534667932068,0.542251569090842,2.36528975961632e-12,1.27018799675293e-05,1.6781199339771,0.000132833871506567,0.781029029061271,9457.77569488294,867.790336407374,867.588050071736,867.545871475719,2837.33270846488,387.84,320,320
0.185,0,0,0,0,0,0,0,0,0,0,0,0,0,0,0,0,0,0,0,0,0,Inf,Inf,Inf,0.045,0.045,0.035,0.04,0.630531391683905,0.542243241265897,2.36527747811598e-12,1.27018947442884e-05,1.67812067767987,0.000132833875858634,0.781028967196847,9457.73791752375,867.777018395146,867.588075694034,867.533960761367,2837.32137525713,387.84,320,320
0.186,0,0,0,0,0,0,0,0,0,0,0,0,0,0,0,0,0,0,0,0,0,Inf,Inf,Inf,0.045,0.045,0.035,0.04,0.630524500189927,0.54224024299267,2.36525155184362e-12,1.270182661429e-05,1.67812067375188,0.000132833864774965,0.781028990046163,9457.61637769631,867.760601205759,867.586020238257,867.527238747981,2837.28491330889,387.84,320,320
0.187,0,0,0,0,0,0,0,0,0,0,0,0,0,0,0,0,0,0,0,0,0,Inf,Inf,Inf,0.045,0.045,0.035,0.04,0.630515420229775,0.542236154897227,2.36521344449097e-12,1.27018426447441e-05,1.67812001355977,0.000132833863244651,0.781029210924863,9457.50731167935,867.765708993312,867.559946358526,867.525063773449,2837.25219350381,387.84,320,320
0.188,0,0,0,0,0,0,0,0,0,0,0,0,0,0,0,0,0,0,0,0,0,Inf,Inf,Inf,0.045,0.045,0.035,0.04,0.63051322048121,0.542228830279377,2.36516925890825e-12,1.27018578463355e-05,1.67812096981654,0.000132833872780018,0.781029656870637,9457.45289432833,867.753996884858,867.559948881217,867.525066465834,2837.2358682985,387.84,320,320
0.189,0,0,0,0,0,0,0,0,0,0,0,0,0,0,0,0,0,0,0,0,0,Inf,Inf,Inf,0.045,0.045,0.035,0.04,0.630507602336178,0.542223314588914,2.3651274103224e-12,1.27020747924138e-05,1.67812122502618,0.000132833866566918,0.7810302625903,9457.37493248237,867.738384703205,867.558934650584,867.52405451443,2837.21247974471,387.84,320,320
0.19,0,0,0,0,0,0,0,0,0,0,0,0,0,0,0,0,0,0,0,0,0,Inf,Inf,Inf,0.045,0.045,0.035,0.04,0.630498492689805,0.542220297051124,2.3650954196816e-12,1.27020921177789e-05,1.6781207310155,0.000132833878107677,0.781030936176522,9457.24865736171,867.721637734954,867.532515045395,867.519229968527,2837.17459720851,387.84,320,320
0.191,0,0,0,0,0,0,0,0,0,0,0,0,0,0,0,0,0,0,0,0,0,Inf,Inf,Inf,0.045,0.045,0.035,0.04,0.630494780276534,0.542214060284131,2.36507705002601e-12,1.27021061922841e-05,1.67812115517057,0.000132833892954243,0.78103156882526,9457.17651529815,867.730325134434,867.532123112943,867.509254769513,2837.15295458945,387.84,320,320
0.192,0,0,0,0,0,0,0,0,0,0,0,0,0,0,0,0,0,0,0,0,0,Inf,Inf,Inf,0.045,0.045,0.035,0.04,0.630490406162228,0.542206360016564,2.36507087737961e-12,1.27018631790737e-05,1.67812166502377,0.000132833891926193,0.781032022267339,9457.13529248749,867.715831822317,867.531807190636,867.494758639487,2837.14058774625,387.84,320,320
0.193,0,0,0,0,0,0,0,0,0,0,0,0,0,0,0,0,0,0,0,0,0,Inf,Inf,Inf,0.045,0.045,0.035,0.04,0.630482415611132,0.542204296630802,2.36507083982984e-12,1.27018805244873e-05,1.67812140706645,0.000132833876598995,0.781032200048894,9456.99381079723,867.699169855072,867.528505634818,867.478096329567,2837.09814323917,387.84,320,320
0.194,0,0,0,0,0,0,0,0,0,0,0,0,0,0,0,0,0,0,0,0,0,Inf,Inf,Inf,0.045,0.045,0.035,0.04,0.63047623536508,0.54219916968807,2.36506855340636e-12,1.27018948422275e-05,1.67812123322139,0.000132833895828077,0.78103208739223,9456.90350717966,867.706501166283,867.504350674728,867.462447527997,2837.0710521539,387.84,320,320
0.195,0,0,0,0,0,0,0,0,0,0,0,0,0,0,0,0,0,0,0,0,0,Inf,Inf,Inf,0.045,0.045,0.035,0.04,0.630473021773006,0.542190952750154,2.36505650967329e-12,1.27019114225677e-05,1.67812197745827,0.000132833900108534,0.781031721687911,9456.86555133304,867.693360377239,867.504374535215,867.450603342657,2837.05966539991,387.84,320,320
0.196,0,0,0,0,0,0,0,0,0,0,0,0,0,0,0,0,0,0,0,0,0,Inf,Inf,Inf,0.045,0.045,0.035,0.04,0.630466222966396,0.542187957056352,2.36503093490652e-12,1.27018336020389e-05,1.67812197353713,0.000132833889033934,0.781031214484914,9456.74553153591,867.677115989335,867.502362174787,867.456040605366,2837.02365946077,387.84,320,320
0.197,0,0,0,0,0,0,0,0,0,0,0,0,0,0,0,0,0,0,0,0,0,Inf,Inf,Inf,0.045,0.045,0.035,0.04,0.63045725503709,0.542183923143395,2.36499322170547e-12,1.27018501869396e-05,1.67812126955238,0.00013283388770916,0.781031200078408,9456.63708690719,867.660792412272,867.476602467165,867.439718609735,2836.99112607216,387.84,320,320
0.198,0,0,0,0,0,0,0,0,0,0,0,0,0,0,0,0,0,0,0,0,0,Inf,Inf,Inf,0.045,0.045,0.035,0.04,0.630455084169936,0.542176669860505,2.36494938979076e-12,1.27018661098953e-05,1.678122149049,0.000132833897098092,0.781030993448371,9456.58281443064,867.670543515083,867.476599064395,867.426371374344,2836.97484432919,387.84,320,320
0.199,0,0,0,0,0,0,0,0,0,0,0,0,0,0,0,0,0,0,0,0,0,Inf,Inf,Inf,0.045,0.045,0.035,0.04,0.630449518266569,0.542171231107533,2.36490778478218e-12,1.27020877588777e-05,1.67812240169115,0.000132833890977748,0.781030694746017,9456.504679783,867.655046367435,867.475600515537,867.417913753987,2836.9514039349,387.84,320,320
0.2,0,0,0,0,0,0,0,0,0,0,0,0,0,0,0,0,0,0,0,0,0,Inf,Inf,Inf,0.045,0.045,0.035,0.04,0.630440472465045,0.542168243930216,2.36487589505218e-12,1.27021054317147e-05,1.67812191173806,0.000132833900720337,0.781030417695882,9456.37879255123,867.638386749322,867.449273932417,867.414396390015,2836.91363776537,387.84,320,320
0.201,0,0,0,0,0,0,0,0,0,0,0,0,0,0,0,0,0,0,0,0,0,Inf,Inf,Inf,0.045,0.045,0.035,0.04,0.630436785552494,0.542162055094166,2.36485750152572e-12,1.27021215349279e-05,1.67812223342848,0.000132833915118644,0.781030261458763,9456.30654436806,867.647120411983,867.448868071857,867.413989865614,2836.89196331042,387.84,320,320
0.202,0,0,0,0,0,0,0,0,0,0,0,0,0,0,0,0,0,0,0,0,0,Inf,Inf,Inf,0.045,0.045,0.035,0.04,0.630432457044735,0.54215433209138,2.36485124607986e-12,1.27018722278262e-05,1.6781227325437,0.000132833914105221,0.781030280805008,9456.26631917676,867.632711906621,867.448561947463,867.413685319895,2836.87989575303,387.84,320,320
0.203,0,0,0,0,0,0,0,0,0,0,0,0,0,0,0,0,0,0,0,0,0,Inf,Inf,Inf,0.045,0.045,0.035,0.04,0.63042453278879,0.542152303544788,2.3648511609487e-12,1.27018860415266e-05,1.67812247954288,0.000132833899145377,0.781030460892891,9456.124774974,867.616115127348,867.422205022676,867.410442850747,2836.8374324922,387.84,320,320
0.204,0,0,0,0,0,0,0,0,0,0,0,0,0,0,0,0,0,0,0,0,0,Inf,Inf,Inf,0.045,0.045,0.035,0.04,0.63041822215926,0.542147242527207,2.36484895253236e-12,1.27019023568177e-05,1.67812229272847,0.000132833918052623,0.781030733768293,9456.03391940766,867.623420573601,867.421033011872,867.402349060246,2836.8101758223,387.84,320,320
0.205,0,0,0,0,0,0,0,0,0,0,0,0,0,0,0,0,0,0,0,0,0,Inf,Inf,Inf,0.045,0.045,0.035,0.04,0.630415075964679,0.542139111716114,2.36483716487585e-12,1.27019155400695e-05,1.67812302081832,0.000132833922488935,0.781031002463197,9455.9952005579,867.61041761848,867.421054173879,867.389342870455,2836.79856016737,387.84,320,320
0.206,0,0,0,0,0,0,0,0,0,0,0,0,0,0,0,0,0,0,0,0,0,Inf,Inf,Inf,0.045,0.045,0.035,0.04,0.630408389112875,0.542135927613089,2.36481201554086e-12,1.27018436968438e-05,1.67812301699053,0.000132833911391103,0.781031167855004,9455.87929842811,867.594310256016,867.419114506727,867.373234467094,2836.76378952843,387.84,320,320
0.207,0,0,0,0,0,0,0,0,0,0,0,0,0,0,0,0,0,0,0,0,0,Inf,Inf,Inf,0.045,0.045,0.035,0.04,0.630399207946808,0.542131994012611,2.3647748251948e-12,1.27018590065515e-05,1.6781223254126,0.00013283391187806,0.781031155628519,9455.77046090551,867.578086397103,867.393387218347,867.357012121765,2836.73113827165,387.84,320,320
0.208,0,0,0,0,0,0,0,0,0,0,0,0,0,0,0,0,0,0,0,0,0,Inf,Inf,Inf,0.045,0.045,0.035,0.04,0.630397117518073,0.542124886311385,2.3647315009791e-12,1.27018753172313e-05,1.67812323239404,0.000132833921299049,0.78103094536176,9455.71540442802,867.587692512157,867.393354344159,867.343702702003,2836.71462132841,387.84,320,320
0.209,0,0,0,0,0,0,0,0,0,0,0,0,0,0,0,0,0,0,0,0,0,Inf,Inf,Inf,0.045,0.045,0.035,0.04,0.630391704106527,0.542119241428238,2.36469027606886e-12,1.27021007273562e-05,1.6781234821165,0.000132833915156946,0.781030571261369,9455.6427068382,867.572460485733,867.392416471971,867.335220885539,2836.69281205146,387.84,320,320
0.21,0,0,0,0,0,0,0,0,0,0,0,0,0,0,0,0,0,0,0,0,0,Inf,Inf,Inf,0.045,0.045,0.035,0.04,0.630382864314918,0.542116363793025,2.36465857102198e-12,1.27021150381422e-05,1.67812299673439,0.000132833923098899,0.781030104474825,9455.51752412063,867.55604638375,867.366519691266,867.331645179319,2836.65525723619,387.84,320,320
0.211,0,0,0,0,0,0,0,0,0,0,0,0,0,0,0,0,0,0,0,0,0,Inf,Inf,Inf,0.045,0.045,0.035,0.04,0.630378964940436,0.542110351578491,2.36464017431623e-12,1.27021311416084e-05,1.67812333102224,0.000132833937308995,0.781029639513128,9455.44523755165,867.564396755395,867.366070297024,867.331194997384,2836.63357126549,387.84,320,320
0.212,0,0,0,0,0,0,0,0,0,0,0,0,0,0,0,0,0,0,0,0,0,Inf,Inf,Inf,0.045,0.045,0.035,0.04,0.630374783512311,0.542102599335901,2.36463381449278e-12,1.27018751855465e-05,1.67812382696238,0.000132833936304746,0.781029443739588,9455.40856043368,867.550338581889,867.365788983909,867.310343449167,2836.6225681301,387.84,320,320
0.213,0,0,0,0,0,0,0,0,0,0,0,0,0,0,0,0,0,0,0,0,0,Inf,Inf,Inf,0.045,0.045,0.035,0.04,0.630367078747241,0.542100653332696,2.36463366286051e-12,1.27018908772123e-05,1.67812357496716,0.000132833921395443,0.781029295448634,9455.26917097621,867.53409940091,867.362675243939,867.305277621694,2836.58075129286,387.84,320,320
0.214,0,0,0,0,0,0,0,0,0,0,0,0,0,0,0,0,0,0,0,0,0,Inf,Inf,Inf,0.045,0.045,0.035,0.04,0.630360784423488,0.542095747194314,2.36463156854894e-12,1.27019054193153e-05,1.67812332653709,0.000132833937262805,0.781029213716365,9455.17942306278,867.541030221574,867.338955704399,867.304082416742,2836.55382691883,387.84,320,320
0.215,0,0,0,0,0,0,0,0,0,0,0,0,0,0,0,0,0,0,0,0,0,Inf,Inf,Inf,0.045,0.045,0.035,0.04,0.630357740858269,0.542087826364958,2.36462016856519e-12,1.27019187670987e-05,1.67812404597357,0.000132833941546445,0.781029221581934,9455.140941421,867.528362986185,867.33897471662,867.304102152539,2836.5422824263,387.84,320,320
0.216,0,0,0,0,0,0,0,0,0,0,0,0,0,0,0,0,0,0,0,0,0,Inf,Inf,Inf,0.045,0.045,0.035,0.04,0.630351230369742,0.542084671690852,2.36459568561959e-12,1.27018524052475e-05,1.67812404220026,0.000132833930689289,0.781029299524032,9455.02812695863,867.512623199475,867.337104481623,867.302234628351,2836.50843808759,387.84,320,320
0.217,0,0,0,0,0,0,0,0,0,0,0,0,0,0,0,0,0,0,0,0,0,Inf,Inf,Inf,0.045,0.045,0.035,0.04,0.630342254175402,0.542080843418161,2.36455935020775e-12,1.27018689904667e-05,1.678123355275,0.000132833932494933,0.781029430866599,9454.9211572891,867.496731638895,867.311989229375,867.296113056255,2836.47634718673,387.84,320,320
0.218,0,0,0,0,0,0,0,0,0,0,0,0,0,0,0,0,0,0,0,0,0,Inf,Inf,Inf,0.045,0.045,0.035,0.04,0.630340221295569,0.542073897686448,2.36451691150062e-12,1.2701884913986e-05,1.67812413666524,0.000132833941782571,0.781029584448809,9454.86684462645,867.50611238722,867.311949216181,867.285003337754,2836.46005338794,387.84,320,320
0.219,0,0,0,0,0,0,0,0,0,0,0,0,0,0,0,0,0,0,0,0,0,Inf,Inf,Inf,0.045,0.045,0.035,0.04,0.630334931407904,0.542068382224978,2.364476431239e-12,1.2702107265082e-05,1.67812438073705,0.000132833935691002,0.78102969517723,9454.79515650009,867.491187239501,867.311041200174,867.270076506256,2836.43854695003,387.84,320,320
0.22,0,0,0,0,0,0,0,0,0,0,0,0,0,0,0,0,0,0,0,0,0,Inf,Inf,Inf,0.045,0.045,0.035,0.04,0.630326269571826,0.542065574306866,2.36444520750221e-12,1.27021192001569e-05,1.67812390530577,0.000132833942775051,0.781029720055793,9454.67186255388,867.475065275118,867.28556591073,867.253955370509,2836.40155876616,387.84,320,320
0.221,0,0,0,0,0,0,0,0,0,0,0,0,0,0,0,0,0,0,0,0,0,Inf,Inf,Inf,0.045,0.045,0.035,0.04,0.630322429128737,0.542059689406676,2.36442700291892e-12,1.27021342617119e-05,1.67812414278562,0.000132833956828038,0.781029655922748,9454.60031746736,867.483339152366,867.285105702995,867.23971106977,2836.38009524021,387.84,320,320
0.222,0,0,0,0,0,0,0,0,0,0,0,0,0,0,0,0,0,0,0,0,0,Inf,Inf,Inf,0.045,0.045,0.035,0.04,0.630318349445765,0.542052005706744,2.36442063080587e-12,1.27018806053055e-05,1.67812462258518,0.000132833955838334,0.781029518642697,9454.56521549903,867.469548066621,867.284838633772,867.229693860078,2836.36956464971,387.84,320,320
0.223,0,0,0,0,0,0,0,0,0,0,0,0,0,0,0,0,0,0,0,0,0,Inf,Inf,Inf,0.045,0.045,0.035,0.04,0.630310811693973,0.5420501210476,2.36442043077049e-12,1.27018908126867e-05,1.67812437823937,0.000132833940746022,0.781029360444359,9454.42751498117,867.453582313561,867.281823047337,867.224643710879,2836.32825449435,387.84,320,320
0.224,0,0,0,0,0,0,0,0,0,0,0,0,0,0,0,0,0,0,0,0,0,Inf,Inf,Inf,0.045,0.045,0.035,0.04,0.630304466705031,0.542045345059519,2.36441844328663e-12,1.27019107646884e-05,1.67812411816708,0.000132833953840828,0.781029258543706,9454.33833794821,867.460388075474,867.258287608095,867.223417626322,2836.30150138446,387.84,320,320
0.225,0,0,0,0,0,0,0,0,0,0,0,0,0,0,0,0,0,0,0,0,0,Inf,Inf,Inf,0.045,0.045,0.035,0.04,0.630301529973744,0.542037612100381,2.36440744720232e-12,1.27019239933382e-05,1.6781248134921,0.000132833957879882,0.781029243793475,9454.29957412114,867.448021363696,867.258303638774,867.223434281364,2836.28987223634,387.84,320,320
0.226,0,0,0,0,0,0,0,0,0,0,0,0,0,0,0,0,0,0,0,0,0,Inf,Inf,Inf,0.045,0.045,0.035,0.04,0.630295214049668,0.54203431285101,2.36438370043614e-12,1.27018631120169e-05,1.67812480985176,0.00013283394733625,0.78102929097336,9454.19224079887,867.432618489336,867.256529801561,867.221663020636,2836.25767223966,387.84,320,320
0.227,0,0,0,0,0,0,0,0,0,0,0,0,0,0,0,0,0,0,0,0,0,Inf,Inf,Inf,0.045,0.045,0.035,0.04,0.630286145248005,0.542030632545487,2.36434834359028e-12,1.27018788094332e-05,1.67812414269169,0.000132833948263066,0.781029383592014,9454.08623427512,867.417026973842,867.231770216814,867.21577806369,2836.22587028254,387.84,320,320
0.228,0,0,0,0,0,0,0,0,0,0,0,0,0,0,0,0,0,0,0,0,0,Inf,Inf,Inf,0.045,0.045,0.035,0.04,0.630284217433129,0.542023918051679,2.36430694045486e-12,1.27018940121223e-05,1.67812492743938,0.000132833957216353,0.781029504635138,9454.03182942319,867.426145913553,867.23170156441,867.205038225779,2836.20954882696,387.84,320,320
0.229,0,0,0,0,0,0,0,0,0,0,0,0,0,0,0,0,0,0,0,0,0,Inf,Inf,Inf,0.045,0.045,0.035,0.04,0.630279144069676,0.542018272285378,2.36426734042425e-12,1.27021080108915e-05,1.67812516554179,0.000132833951308294,0.78102959980621,9453.9663347604,867.411668681027,867.230864764816,867.190559446555,2836.18990042812,387.84,320,320
0.23,0,0,0,0,0,0,0,0,0,0,0,0,0,0,0,0,0,0,0,0,0,Inf,Inf,Inf,0.045,0.045,0.035,0.04,0.630270792766213,0.542015607294618,2.36423668461361e-12,1.27021212797585e-05,1.67812470049828,0.000132833957884659,0.781029899019604,9453.84525857554,867.395988377665,867.206127574688,867.191737686939,2836.15357757266,387.84,320,320
0.231,0,0,0,0,0,0,0,0,0,0,0,0,0,0,0,0,0,0,0,0,0,Inf,Inf,Inf,0.045,0.045,0.035,0.04,0.630266793288681,0.542009969270219,2.36421869843878e-12,1.27021363415225e-05,1.67812493926314,0.000132833971340613,0.781030210421129,9453.77454585985,867.403787262518,867.205629769737,867.182720252752,2836.13236375796,387.84,320,320
0.232,0,0,0,0,0,0,0,0,0,0,0,0,0,0,0,0,0,0,0,0,0,Inf,Inf,Inf,0.045,0.045,0.035,0.04,0.630262909302997,0.542002351055611,2.36421229816711e-12,1.27018871733695e-05,1.67812540930197,0.000132833970380343,0.781030434001202,9453.74336359913,867.390510949842,867.205390663813,867.169441552445,2836.12300907974,387.84,320,320
0.233,0,0,0,0,0,0,0,0,0,0,0,0,0,0,0,0,0,0,0,0,0,Inf,Inf,Inf,0.045,0.045,0.035,0.04,0.630255681064243,0.542000571689464,2.36421203328953e-12,1.27019009723843e-05,1.67812516929762,0.000132833955986927,0.781030524591791,9453.60944416908,867.375092371803,867.2025435503,867.154022867367,2836.08283325072,387.84,320,320
0.234,0,0,0,0,0,0,0,0,0,0,0,0,0,0,0,0,0,0,0,0,0,Inf,Inf,Inf,0.045,0.045,0.035,0.04,0.630249424718165,0.541996008326722,2.36421018517239e-12,1.27019172583889e-05,1.67812485606944,0.000132833969298284,0.781030469804226,9453.52240864473,867.381449776811,867.179839247111,867.139394667973,2836.05672259342,387.84,320,320
0.235,0,0,0,0,0,0,0,0,0,0,0,0,0,0,0,0,0,0,0,0,0,Inf,Inf,Inf,0.045,0.045,0.035,0.04,0.630246627170946,0.541988578675735,2.36419971372724e-12,1.27019286990319e-05,1.67812553358465,0.000132833973448083,0.781030313533526,9453.48431146932,867.369568052683,867.179852842849,867.128177444992,2836.0452934408,387.84,320,320
0.236,0,0,0,0,0,0,0,0,0,0,0,0,0,0,0,0,0,0,0,0,0,Inf,Inf,Inf,0.045,0.045,0.035,0.04,0.630240565587747,0.541985339454127,2.36417692666077e-12,1.27018667764801e-05,1.67812553004387,0.000132833963065589,0.781030112659791,9453.381486548,867.354717959001,867.17817184616,867.121687559523,2836.0144459644,387.84,320,320
0.237,0,0,0,0,0,0,0,0,0,0,0,0,0,0,0,0,0,0,0,0,0,Inf,Inf,Inf,0.045,0.045,0.035,0.04,0.630231796150188,0.541981811475268,2.3641428588966e-12,1.2701879923329e-05,1.67812487602932,0.000132833961695078,0.781030044768761,9453.27857294762,867.339645095167,867.154311162641,867.118575653015,2835.98357188428,387.84,320,320
0.238,0,0,0,0,0,0,0,0,0,0,0,0,0,0,0,0,0,0,0,0,0,Inf,Inf,Inf,0.045,0.045,0.035,0.04,0.630229951708566,0.541975343521346,2.36410284692223e-12,1.27018940714243e-05,1.67812553026706,0.000132833970657478,0.781029951260753,9453.2255179345,867.348426632152,867.154234980128,867.106104608427,2835.96765538035,387.84,320,320
0.239,0,0,0,0,0,0,0,0,0,0,0,0,0,0,0,0,0,0,0,0,0,Inf,Inf,Inf,0.045,0.045,0.035,0.04,0.63022506761914,0.541969882316601,2.36406447227953e-12,1.2702113745791e-05,1.67812575990233,0.000132833965038057,0.781029921135774,9453.16207534861,867.334437117821,867.153440298642,867.118576125815,2835.94862260458,387.84,320,320
0.24,0,0,0,0,0,0,0,0,0,0,0,0,0,0,0,0,0,0,0,0,0,Inf,Inf,Inf,0.045,0.045,0.035,0.04,0.630217000880096,0.541967322755089,2.3640346669978e-12,1.2702127362159e-05,1.67812531026337,0.000132833970041866,0.781030075755664,9453.0443454061,867.319243680303,867.129436641122,867.114483914071,2835.91330362183,387.84,320,320
0.241,0,0,0,0,0,0,0,0,0,0,0,0,0,0,0,0,0,0,0,0,0,Inf,Inf,Inf,0.045,0.045,0.035,0.04,0.630213097619962,0.541961885435001,2.36401708673444e-12,1.27021420767198e-05,1.67812544786785,0.00013283398303755,0.781030246523978,9452.97521392497,867.326853233414,867.128932369845,867.105787549464,2835.89256417749,387.84,320,320
0.242,0,0,0,0,0,0,0,0,0,0,0,0,0,0,0,0,0,0,0,0,0,Inf,Inf,Inf,0.045,0.045,0.035,0.04,0.630209366616732,0.54195442667798,2.36401074775669e-12,1.27018980364644e-05,1.67812589600798,0.000132833982116062,0.781030392816265,9452.94608348243,867.314014448505,867.128711148516,867.09294656011,2835.88382504473,387.84,320,320
0.243,0,0,0,0,0,0,0,0,0,0,0,0,0,0,0,0,0,0,0,0,0,Inf,Inf,Inf,0.045,0.045,0.035,0.04,0.63020239873223,0.541952732336318,2.36401043604725e-12,1.27019100920157e-05,1.67812566654759,0.000132833968030163,0.781030463441103,9452.81553607761,867.299065767798,867.126000078575,867.077997862953,2835.84466082328,387.84,320,320
0.244,0,0,0,0,0,0,0,0,0,0,0,0,0,0,0,0,0,0,0,0,0,Inf,Inf,Inf,0.045,0.045,0.035,0.04,0.630196172032141,0.541948357949986,2.36400871928544e-12,1.27019246645136e-05,1.67812534275405,0.000132833982152981,0.78103041401952,9452.73016657489,867.305208777607,867.103777627356,867.06377180148,2835.81904997247,387.84,320,320
0.245,0,0,0,0,0,0,0,0,0,0,0,0,0,0,0,0,0,0,0,0,0,Inf,Inf,Inf,0.045,0.045,0.035,0.04,0.630193516847527,0.541941210596052,2.36399878478195e-12,1.27019381474961e-05,1.67812598787354,0.000132833985824304,0.781030619164532,9452.69227101131,867.293778571303,867.103788058841,867.07271024144,2835.80768130339,387.84,320,320
0.246,0,0,0,0,0,0,0,0,0,0,0,0,0,0,0,0,0,0,0,0,0,Inf,Inf,Inf,0.045,0.045,0.035,0.04,0.630187725722808,0.541937872437067,2.36397701922949e-12,1.27018625104832e-05,1.6781259845056,0.000132833976043804,0.78103074539626,9452.59614187757,867.279452664402,867.102224118037,867.058383455103,2835.77884256327,387.84,320,320
0.247,0,0,0,0,0,0,0,0,0,0,0,0,0,0,0,0,0,0,0,0,0,Inf,Inf,Inf,0.045,0.045,0.035,0.04,0.630179058903621,0.541934535562167,2.36394435335702e-12,1.27018760448062e-05,1.67812535817694,0.000132833973888448,0.781030736672912,9452.49549956941,867.264869138364,867.079025136358,867.043801360694,2835.74864987082,387.84,320,320
0.248,0,0,0,0,0,0,0,0,0,0,0,0,0,0,0,0,0,0,0,0,0,Inf,Inf,Inf,0.045,0.045,0.035,0.04,0.630177264420094,0.541928377651973,2.36390587166995e-12,1.27018901931155e-05,1.67812600677897,0.000132833982301421,0.781030596442403,9452.44303458619,867.273280414457,867.078921800529,867.031688423496,2835.73291037586,387.84,320,320
0.249,0,0,0,0,0,0,0,0,0,0,0,0,0,0,0,0,0,0,0,0,0,Inf,Inf,Inf,0.045,0.045,0.035,0.04,0.630172655018701,0.541922861879158,2.3638688500012e-12,1.27021164116889e-05,1.6781262275905,0.000132833976777046,0.781030369128493,9452.38642176236,867.259908722164,867.078207103385,867.023822143241,2835.71592652871,387.84,320,320
0.25,0,0,0,0,0,0,0,0,0,0,0,0,0,0,0,0,0,0,0,0,0,Inf,Inf,Inf,0.045,0.045,0.035,0.04,0.630164995055621,0.541920474976086,2.36383997873632e-12,1.27021293333322e-05,1.67812579395021,0.000132833981080259,0.781030122038706,9452.2723558191,867.245340811373,867.055230555398,867.020368093888,2835.68170674573,387.84,320,320
0.251,0,0,0,0,0,0,0,0,0,0,0,0,0,0,0,0,0,0,0,0,0,Inf,Inf,Inf,0.045,0.045,0.035,0.04,0.630160987947784,0.541915348457756,2.36382283223557e-12,1.270214474291e-05,1.67812592820938,0.000132833993575835,0.781029993646803,9452.20490372252,867.252392720196,867.054695518276,867.011249342032,2835.66147111676,387.84,320,320
0.252,0,0,0,0,0,0,0,0,0,0,0,0,0,0,0,0,0,0,0,0,0,Inf,Inf,Inf,0.045,0.045,0.035,0.04,0.63015749621922,0.541908047939669,2.36381654249787e-12,1.27019028674286e-05,1.67812636073963,0.000132833992692625,0.781029880399395,9452.17997066099,867.240220114247,867.054504677128,867.002003878474,2835.6539911983,387.84,320,320
0.253,0,0,0,0,0,0,0,0,0,0,0,0,0,0,0,0,0,0,0,0,0,Inf,Inf,Inf,0.045,0.045,0.035,0.04,0.630150919897046,0.541906478791354,2.3638161696674e-12,1.27019132541163e-05,1.67812613854939,0.00013283397923953,0.78102978315708,9452.05474337671,867.225994694663,867.051993922214,867.017134149172,2835.61642301301,387.84,320,320
0.254,0,0,0,0,0,0,0,0,0,0,0,0,0,0,0,0,0,0,0,0,0,Inf,Inf,Inf,0.045,0.045,0.035,0.04,0.630144854016965,0.541902368995124,2.36381461325634e-12,1.27019261876944e-05,1.67812576446245,0.00013283399073398,0.781029846410075,9451.97250824199,867.23162520313,867.03085404739,867.01056164817,2835.5917524726,387.84,320,320
0.255,0,0,0,0,0,0,0,0,0,0,0,0,0,0,0,0,0,0,0,0,0,Inf,Inf,Inf,0.045,0.045,0.035,0.04,0.630142370375856,0.541895610085307,2.3638053245235e-12,1.27019380915393e-05,1.67812638350051,0.00013283399453817,0.781029933899855,9451.9357056814,867.220816149892,867.030861858077,866.999750069328,2835.58071170442,387.84,320,320
0.256,0,0,0,0,0,0,0,0,0,0,0,0,0,0,0,0,0,0,0,0,0,Inf,Inf,Inf,0.045,0.045,0.035,0.04,0.630136904014607,0.541892364466198,2.36378478343841e-12,1.27018608503774e-05,1.67812638027271,0.000132833984985792,0.781029993359683,9451.8453338753,867.207213556089,867.029410885857,866.986146801656,2835.55360016259,387.84,320,320
0.257,0,0,0,0,0,0,0,0,0,0,0,0,0,0,0,0,0,0,0,0,0,Inf,Inf,Inf,0.045,0.045,0.035,0.04,0.630128683406171,0.541889221804043,2.36375380305134e-12,1.27018738305803e-05,1.67812577525706,0.00013283398232765,0.781029988716242,9451.74894679806,867.193321708013,867.007377376695,866.972256471383,2835.52468403942,387.84,320,320
0.258,0,0,0,0,0,0,0,0,0,0,0,0,0,0,0,0,0,0,0,0,0,Inf,Inf,Inf,0.045,0.045,0.035,0.04,0.630126939685706,0.541883386971037,2.3637171782045e-12,1.27018858157304e-05,1.6781262909649,0.000132833990438884,0.781029952604084,9451.69842059225,867.201293566229,867.007266791451,866.980192737064,2835.50952617768,387.84,320,320
0.259,0,0,0,0,0,0,0,0,0,0,0,0,0,0,0,0,0,0,0,0,0,Inf,Inf,Inf,0.045,0.045,0.035,0.04,0.63012257843321,0.541878110546527,2.36368182835683e-12,1.27021190231605e-05,1.67812650059449,0.000132833985068199,0.781030045895468,9451.64475738396,867.188574860618,867.006604498235,866.967472605628,2835.49342721519,387.84,320,320
0.26,0,0,0,0,0,0,0,0,0,0,0,0,0,0,0,0,0,0,0,0,0,Inf,Inf,Inf,0.045,0.045,0.035,0.04,0.630115299673106,0.541875860554756,2.36365415403617e-12,1.2702130611265e-05,1.67812608762694,0.000132833989820755,0.781030069258037,9451.53540572921,867.174673218692,866.984649080948,866.953571675712,2835.46062171876,387.84,320,320
0.261,0,0,0,0,0,0,0,0,0,0,0,0,0,0,0,0,0,0,0,0,0,Inf,Inf,Inf,0.045,0.045,0.035,0.04,0.630111427626941,0.541871000609631,2.36363761744322e-12,1.27021432977279e-05,1.67812612562357,0.000132834001709866,0.781030009599052,9451.47033679846,867.181434512355,866.984112739308,866.941133843033,2835.44110103954,387.84,320,320
0.262,0,0,0,0,0,0,0,0,0,0,0,0,0,0,0,0,0,0,0,0,0,Inf,Inf,Inf,0.045,0.045,0.035,0.04,0.630108134262717,0.541863946960736,2.3636314622951e-12,1.27021543592572e-05,1.67812653152879,0.000132834000866239,0.781029894359285,9451.44635352854,867.169853996988,866.983942644175,866.932234798305,2835.43390605856,387.84,320,320
0.263,0,0,0,0,0,0,0,0,0,0,0,0,0,0,0,0,0,0,0,0,0,Inf,Inf,Inf,0.045,0.045,0.035,0.04,0.630101902159006,0.541862483343886,2.36363104609335e-12,1.27019101747995e-05,1.67812632229187,0.000132833988009685,0.78102975587316,9451.32753934848,867.156278065956,866.981600745601,866.927602557293,2835.39826180454,387.84,320,320
0.264,0,0,0,0,0,0,0,0,0,0,0,0,0,0,0,0,0,0,0,0,0,Inf,Inf,Inf,0.045,0.045,0.035,0.04,0.630095944155435,0.541858614726897,2.36362964112108e-12,1.2701923257745e-05,1.67812594036779,0.000132833997206139,0.781029636779195,9451.248001988,867.161616309748,866.961218091636,866.926357094914,2835.3744005964,387.84,320,320
0.265,0,0,0,0,0,0,0,0,0,0,0,0,0,0,0,0,0,0,0,0,0,Inf,Inf,Inf,0.045,0.045,0.035,0.04,0.630093633828803,0.541852222953182,2.36362100511004e-12,1.27019335525527e-05,1.67812652010373,0.000132834000710787,0.781029593588142,9451.21186959198,867.151394438378,866.961222647457,866.926361888257,2835.36356087759,387.84,320,320
0.266,0,0,0,0,0,0,0,0,0,0,0,0,0,0,0,0,0,0,0,0,0,Inf,Inf,Inf,0.045,0.045,0.035,0.04,0.630088505349672,0.541848924226266,2.36360173889058e-12,1.27018609079595e-05,1.67812651708127,0.00013283399171954,0.781029637773002,9451.12923288515,867.138485773463,866.959906048547,866.925047204862,2835.33876986554,387.84,320,320
0.267,0,0,0,0,0,0,0,0,0,0,0,0,0,0,0,0,0,0,0,0,0,Inf,Inf,Inf,0.045,0.045,0.035,0.04,0.630080756094306,0.541846010359027,2.36357254055161e-12,1.27018717248826e-05,1.6781259465206,0.000132833987393343,0.781029722443704,9451.03633669068,867.125256215871,866.938814246975,866.920387802163,2835.3109010072,387.84,320,320
0.268,0,0,0,0,0,0,0,0,0,0,0,0,0,0,0,0,0,0,0,0,0,Inf,Inf,Inf,0.045,0.045,0.035,0.04,0.630078824335246,0.541840555595483,2.36353789413394e-12,1.27018844313418e-05,1.67812644270588,0.000132833994843317,0.781029808756856,9450.98704980969,867.132760793572,866.938678507356,866.911662903565,2835.29611494291,387.84,320,320
0.269,0,0,0,0,0,0,0,0,0,0,0,0,0,0,0,0,0,0,0,0,0,Inf,Inf,Inf,0.045,0.045,0.035,0.04,0.630074788734175,0.541835297457102,2.36350432916763e-12,1.27021185092793e-05,1.67812664087527,0.000132833990016954,0.781029878042099,9450.9407265135,867.120812487683,866.938103108771,866.899713323397,2835.28221795405,387.84,320,320
0.27,0,0,0,0,0,0,0,0,0,0,0,0,0,0,0,0,0,0,0,0,0,Inf,Inf,Inf,0.045,0.045,0.035,0.04,0.63006800231922,0.541833245600343,2.36347792690449e-12,1.27021277215755e-05,1.67812624895464,0.000132833994517665,0.781029896841584,9450.83637493979,867.107702939626,866.917436539118,866.886604511068,2835.25091248194,387.84,320,320
0.271,0,0,0,0,0,0,0,0,0,0,0,0,0,0,0,0,0,0,0,0,0,Inf,Inf,Inf,0.045,0.045,0.035,0.04,0.630064081033901,0.541828752572977,2.36346202635897e-12,1.27021423805475e-05,1.67812627909403,0.000132834005804219,0.781029924851528,9450.77378169467,867.113834639581,866.916876807063,866.892777436835,2835.2321345084,387.84,320,320
0.272,0,0,0,0,0,0,0,0,0,0,0,0,0,0,0,0,0,0,0,0,0,Inf,Inf,Inf,0.045,0.045,0.035,0.04,0.630061064559344,0.541822012843517,2.3634559962038e-12,1.27021510663915e-05,1.67812666419128,0.00013283400489714,0.781030041754016,9450.75025704849,867.103054951766,866.916738777918,866.881995875312,2835.22507711455,387.84,320,320
0.273,0,0,0,0,0,0,0,0,0,0,0,0,0,0,0,0,0,0,0,0,0,Inf,Inf,Inf,0.045,0.045,0.035,0.04,0.630055296196996,0.541820623093052,2.36345552430893e-12,1.27019103475664e-05,1.67812646496194,0.000132833992832667,0.781030087703583,9450.64209761533,867.09036040774,866.914623911661,866.86930132468,2835.1926292846,387.84,320,320
0.274,0,0,0,0,0,0,0,0,0,0,0,0,0,0,0,0,0,0,0,0,0,Inf,Inf,Inf,0.045,0.045,0.035,0.04,0.630049568603233,0.541817064143282,2.36345429615298e-12,1.27019234455508e-05,1.67812604065167,0.00013283400172764,0.781030056821425,9450.56661789346,867.095132444273,866.8955526849,866.857094123748,2835.16998536804,387.84,320,320
0.275,0,0,0,0,0,0,0,0,0,0,0,0,0,0,0,0,0,0,0,0,0,Inf,Inf,Inf,0.045,0.045,0.035,0.04,0.630047457354194,0.541811135825563,2.36344640886367e-12,1.27019336808591e-05,1.67812658696353,0.000132834004811582,0.781029963344206,9450.53198828845,867.085651697431,866.895554530504,866.847574762176,2835.15959648654,387.84,320,320
0.276,0,0,0,0,0,0,0,0,0,0,0,0,0,0,0,0,0,0,0,0,0,Inf,Inf,Inf,0.045,0.045,0.035,0.04,0.630042714981898,0.541807962848784,2.36342859761803e-12,1.27018597984828e-05,1.67812658411535,0.000132833996483567,0.781029860035714,9450.45616274627,867.073618189198,866.894367418714,866.841913681644,2835.13684882388,387.84,320,320
0.277,0,0,0,0,0,0,0,0,0,0,0,0,0,0,0,0,0,0,0,0,0,Inf,Inf,Inf,0.045,0.045,0.035,0.04,0.630035504718217,0.54180527911941,2.36340143443499e-12,1.27018706154879e-05,1.67812604198894,0.000132833989684423,0.781029853370202,9450.36859068557,867.061235818844,866.874681013866,866.840177023819,2835.11057720567,387.84,320,320
0.278,0,0,0,0,0,0,0,0,0,0,0,0,0,0,0,0,0,0,0,0,0,Inf,Inf,Inf,0.045,0.045,0.035,0.04,0.630033636193533,0.541800214276284,2.36336905969166e-12,1.27018826009881e-05,1.67812640297592,0.000132833996670545,0.781029814169223,9450.32179787534,867.068211238551,866.874538914683,866.847116798931,2835.0965393626,387.84,320,320
0.279,0,0,0,0,0,0,0,0,0,0,0,0,0,0,0,0,0,0,0,0,0,Inf,Inf,Inf,0.045,0.045,0.035,0.04,0.630029899521437,0.541795248322934,2.36333756803441e-12,1.27021138274897e-05,1.6781265876299,0.00013283399192225,0.781029881755558,9450.27916181573,867.057061904486,866.874024075353,866.835966233311,2835.08374854472,387.84,320,320
0.28,0,0,0,0,0,0,0,0,0,0,0,0,0,0,0,0,0,0,0,0,0,Inf,Inf,Inf,0.045,0.045,0.035,0.04,0.630023578885708,0.541793360013323,2.36331267792318e-12,1.27021240260126e-05,1.67812622089891,0.000132833995980571,0.781029955200834,9450.18076993707,867.044778598186,866.854635135886,866.836146625142,2835.05423098112,387.84,320,320
0.281,0,0,0,0,0,0,0,0,0,0,0,0,0,0,0,0,0,0,0,0,0,Inf,Inf,Inf,0.045,0.045,0.035,0.04,0.630019831733482,0.54178919053275,2.36329757643709e-12,1.27021346281526e-05,1.678126155839,0.000132834006342172,0.781030110521922,9450.1213040853,867.050532022551,866.854079886779,866.829478002789,2835.03639122559,387.84,320,320
0.282,0,0,0,0,0,0,0,0,0,0,0,0,0,0,0,0,0,0,0,0,0,Inf,Inf,Inf,0.045,0.045,0.035,0.04,0.630017052246392,0.541782905663243,2.36329175197644e-12,1.27021405908383e-05,1.67812650988278,0.000132834005603258,0.781030220397174,9450.09856142279,867.040479828069,866.853964648286,866.819424078878,2835.02956842684,387.84,320,320
0.283,0,0,0,0,0,0,0,0,0,0,0,0,0,0,0,0,0,0,0,0,0,Inf,Inf,Inf,0.045,0.045,0.035,0.04,0.630011700768766,0.541781511992553,2.36329124191008e-12,1.2701917421218e-05,1.67812632595337,0.000132833994363212,0.78103026509851,9449.99866528308,867.028593670666,866.852045747034,866.807537931126,2834.99959958493,387.84,320,320
0.284,0,0,0,0,0,0,0,0,0,0,0,0,0,0,0,0,0,0,0,0,0,Inf,Inf,Inf,0.045,0.045,0.035,0.04,0.630006155226459,0.54177823875055,2.36329018047586e-12,1.27019269277311e-05,1.67812589751367,0.000132834002417035,0.781030232690825,9449.92682938175,867.033008132175,866.833978974386,866.79605686997,2834.97804881453,387.84,320,320
0.285,0,0,0,0,0,0,0,0,0,0,0,0,0,0,0,0,0,0,0,0,0,Inf,Inf,Inf,0.045,0.045,0.035,0.04,0.630004243047818,0.541772751084601,2.36328304211509e-12,1.27019372527579e-05,1.67812639817079,0.000132834005340388,0.781030239802505,9449.89331320003,867.024232125909,866.833977567977,866.803176184937,2834.96799396001,387.84,320,320
0.286,0,0,0,0,0,0,0,0,0,0,0,0,0,0,0,0,0,0,0,0,0,Inf,Inf,Inf,0.045,0.045,0.035,0.04,0.629999896125199,0.541769569993275,2.36326672190152e-12,1.27018607935025e-05,1.67812639555664,0.000132833997541667,0.781030320131564,9449.82606613863,867.013041256723,866.832938454448,866.791984662147,2834.94781984159,387.84,320,320
0.287,0,0,0,0,0,0,0,0,0,0,0,0,0,0,0,0,0,0,0,0,0,Inf,Inf,Inf,0.045,0.045,0.035,0.04,0.629993244582492,0.541767146513391,2.36324166983187e-12,1.2701870889445e-05,1.67812589411924,0.000132833989996482,0.781030314815774,9449.74309076246,867.001474201334,866.814442443562,866.780418786771,2834.92292722874,387.84,320,320
0.288,0,0,0,0,0,0,0,0,0,0,0,0,0,0,0,0,0,0,0,0,0,Inf,Inf,Inf,0.045,0.045,0.035,0.04,0.629991219544005,0.541762521490713,2.36321166561296e-12,1.2701881987024e-05,1.67812622834258,0.000132833996587632,0.781030232314704,9449.69814026804,867.007898540604,866.814277668399,866.770643766367,2834.90944208041,387.84,320,320
0.289,0,0,0,0,0,0,0,0,0,0,0,0,0,0,0,0,0,0,0,0,0,Inf,Inf,Inf,0.045,0.045,0.035,0.04,0.629987851158774,0.541757642650429,2.36318234062341e-12,1.27021039913708e-05,1.67812639930715,0.00013283399220017,0.781030103245833,9449.66321014012,866.997651536427,866.813854612038,866.764133110973,2834.89896304204,387.84,320,320
0.29,0,0,0,0,0,0,0,0,0,0,0,0,0,0,0,0,0,0,0,0,0,Inf,Inf,Inf,0.045,0.045,0.035,0.04,0.629982095840371,0.541755973110589,2.36315902513273e-12,1.27021118140246e-05,1.67812605810951,0.000132833995251498,0.781030067146274,9449.57101488776,866.986305892147,866.795983112335,866.765214654223,2834.87130446633,387.84,320,320
0.291,0,0,0,0,0,0,0,0,0,0,0,0,0,0,0,0,0,0,0,0,0,Inf,Inf,Inf,0.045,0.045,0.035,0.04,0.629978352647875,0.541752217557411,2.3631447443407e-12,1.27021207352423e-05,1.678125982708,0.000132834004714509,0.78103001982669,9449.51475229488,866.99137065608,866.795412234815,866.754928500849,2834.85442568846,387.84,320,320
0.292,0,0,0,0,0,0,0,0,0,0,0,0,0,0,0,0,0,0,0,0,0,Inf,Inf,Inf,0.045,0.045,0.035,0.04,0.629975880832998,0.54174650511423,2.36313911717632e-12,1.27021293652462e-05,1.67812631132099,0.000132834004035164,0.781029989856484,9449.49275099644,866.982234029451,866.795329979704,866.761182209332,2834.84782529893,387.84,320,320
0.293,0,0,0,0,0,0,0,0,0,0,0,0,0,0,0,0,0,0,0,0,0,Inf,Inf,Inf,0.045,0.045,0.035,0.04,0.629971053716406,0.541745020571409,2.36313855837812e-12,1.27019145568472e-05,1.67812613978956,0.000132833993544225,0.781030020965768,9449.40456153103,866.971365639091,866.793659101955,866.750313835595,2834.82136845931,387.84,320,320
0.294,0,0,0,0,0,0,0,0,0,0,0,0,0,0,0,0,0,0,0,0,0,Inf,Inf,Inf,0.045,0.045,0.035,0.04,0.629965803668576,0.541742094152811,2.36313768541071e-12,1.27019260905177e-05,1.67812567478908,0.000132833999846317,0.7810300170204,9449.33761313572,866.975172246969,866.777103826864,866.754122016742,2834.80128394072,387.84,320,320
0.295,0,0,0,0,0,0,0,0,0,0,0,0,0,0,0,0,0,0,0,0,0,Inf,Inf,Inf,0.045,0.045,0.035,0.04,0.629964112697808,0.541737133071243,2.36313137838233e-12,1.27019332567869e-05,1.67812613566696,0.000132834002630643,0.781030114681273,9449.30598118191,866.967238330241,866.777099715166,866.746186217031,2834.79179435457,387.84,320,320
0.296,0,0,0,0,0,0,0,0,0,0,0,0,0,0,0,0,0,0,0,0,0,Inf,Inf,Inf,0.045,0.045,0.035,0.04,0.629960202790151,0.541734110385031,2.36311670429879e-12,1.27018571821885e-05,1.67812613325634,0.000132833995338726,0.781030173988399,9449.24638526754,866.957052124021,866.776202718047,866.735999476807,2834.77391558026,387.84,320,320
0.297,0,0,0,0,0,0,0,0,0,0,0,0,0,0,0,0,0,0,0,0,0,Inf,Inf,Inf,0.045,0.045,0.035,0.04,0.629954168534989,0.541731946285327,2.36309398232416e-12,1.27018658359088e-05,1.67812566669347,0.000132833988261404,0.781030169807873,9449.16968086166,866.946466402086,866.759319126564,866.725414890694,2834.7509042585,387.84,320,320
0.298,0,0,0,0,0,0,0,0,0,0,0,0,0,0,0,0,0,0,0,0,0,Inf,Inf,Inf,0.045,0.045,0.035,0.04,0.629952221662796,0.541727766893628,2.36306660396854e-12,1.27018747701828e-05,1.67812586719978,0.000132833994069977,0.78103010118575,9449.12772975536,866.95228614879,866.759149402423,866.716419972756,2834.73831892661,387.84,320,320
0.299,0,0,0,0,0,0,0,0,0,0,0,0,0,0,0,0,0,0,0,0,0,Inf,Inf,Inf,0.045,0.045,0.035,0.04,0.629949193884255,0.541723229271863,2.36303969898768e-12,1.27020960722444e-05,1.67812602262718,0.000132833990163534,0.781030089845889,9449.09705650755,866.942961527491,866.758792851419,866.721873714729,2834.72911695227,387.84,320,320
0.3,0,0,0,0,0,0,0,0,0,0,0,0,0,0,0,0,0,0,0,0,0,Inf,Inf,Inf,0.045,0.045,0.035,0.04,0.629943975050758,0.541721744604207,2.36301817155091e-12,1.27021038949364e-05,1.67812571075205,0.000132833992525526,0.781030105807679,9449.01191166244,866.932578911247,866.742418520916,866.711491641212,2834.70357349873,387.84,320,320
0.301,0,0,0,0,0,0,0,0,0,0,0,0,0,0,0,0,0,0,0,0,0,Inf,Inf,Inf,0.045,0.045,0.035,0.04,0.629940443836744,0.541718359530575,2.3630048589001e-12,1.27021121213427e-05,1.67812554551483,0.000132834001270743,0.781030059389882,9448.9594423706,866.93719286839,866.741858275086,866.702023017823,2834.68783271118,387.84,320,320
0.302,0,0,0,0,0,0,0,0,0,0,0,0,0,0,0,0,0,0,0,0,0,Inf,Inf,Inf,0.045,0.045,0.035,0.04,0.629938240150348,0.54171317277722,2.36299950407099e-12,1.27021187230037e-05,1.67812583956943,0.000132834000650146,0.781029963217105,9448.93848344978,866.928897028459,866.741800043813,866.695075132315,2834.68154503493,387.84,320,320
0.303,0,0,0,0,0,0,0,0,0,0,0,0,0,0,0,0,0,0,0,0,0,Inf,Inf,Inf,0.045,0.045,0.035,0.04,0.629933889847732,0.541711700154254,2.36299891371144e-12,1.27019084619355e-05,1.67812568514324,0.000132833991030089,0.781029862321337,9448.85968565485,866.918971539542,866.74034609659,866.697923831476,2834.65790569645,387.84,320,320
0.304,0,0,0,0,0,0,0,0,0,0,0,0,0,0,0,0,0,0,0,0,0,Inf,Inf,Inf,0.045,0.045,0.035,0.04,0.629928889988664,0.541709095394489,2.36299821781457e-12,1.27019165681901e-05,1.67812522038944,0.000132833995097355,0.781029845786264,9448.79721596332,866.922369034118,866.725008547186,866.688230098457,2834.63916478899,387.84,320,320
0.305,0,0,0,0,0,0,0,0,0,0,0,0,0,0,0,0,0,0,0,0,0,Inf,Inf,Inf,0.045,0.045,0.035,0.04,0.629927418162385,0.541704635512265,2.36299273454629e-12,1.27019221700157e-05,1.67812563058354,0.00013283399765662,0.781029799607548,9448.76710232404,866.915236679409,866.725001273573,866.694188737733,2834.63013069721,387.84,320,320
0.306,0,0,0,0,0,0,0,0,0,0,0,0,0,0,0,0,0,0,0,0,0,Inf,Inf,Inf,0.045,0.045,0.035,0.04,0.62992395015992,0.541701647641579,2.36297972577169e-12,1.27018483567704e-05,1.67812562842941,0.000132833990906328,0.781029834373832,9448.71671411776,866.906017251239,866.724262000033,866.68496882304,2834.61501423533,387.84,320,320
0.307,0,0,0,0,0,0,0,0,0,0,0,0,0,0,0,0,0,0,0,0,0,Inf,Inf,Inf,0.045,0.045,0.035,0.04,0.629918546428006,0.541699768353513,2.36295938517968e-12,1.27018561224377e-05,1.67812520774246,0.000132833982232649,0.78102983187021,9448.64556901413,866.89637612186,866.708779854992,866.675328726051,2834.59367070424,387.84,320,320
0.308,0,0,0,0,0,0,0,0,0,0,0,0,0,0,0,0,0,0,0,0,0,Inf,Inf,Inf,0.045,0.045,0.035,0.04,0.629916475226727,0.541696076885608,2.36293470374879e-12,1.27018632806041e-05,1.67812537474795,0.000132833987652823,0.781029902883166,9448.60599978413,866.901576350652,866.708590303809,866.680493790438,2834.58179993524,387.84,320,320
0.309,0,0,0,0,0,0,0,0,0,0,0,0,0,0,0,0,0,0,0,0,0,Inf,Inf,Inf,0.045,0.045,0.035,0.04,0.629913849104337,0.541691689161446,2.36291028731197e-12,1.27020904173325e-05,1.67812551456863,0.000132833984172695,0.781029952442494,9448.58324967069,866.89326214477,866.708328355449,866.672178692391,2834.57497490121,387.84,320,320
0.31,0,0,0,0,0,0,0,0,0,0,0,0,0,0,0,0,0,0,0,0,0,Inf,Inf,Inf,0.045,0.045,0.035,0.04,0.629909254241251,0.541690438644574,2.36289059347396e-12,1.27020978925986e-05,1.67812523208463,0.000132833986278572,0.781029964506993,9448.50532635095,866.883938083786,866.693661073939,866.662855159036,2834.55159790528,387.84,320,320
0.311,0,0,0,0,0,0,0,0,0,0,0,0,0,0,0,0,0,0,0,0,0,Inf,Inf,Inf,0.045,0.045,0.035,0.04,0.629905777079605,0.541687504342716,2.36287826326436e-12,1.27021074526338e-05,1.67812505570235,0.000132833993952053,0.781029926967265,9448.45669837839,866.887818490457,866.69309305822,866.654292101533,2834.53700951352,387.84,320,320
0.312,0,0,0,0,0,0,0,0,0,0,0,0,0,0,0,0,0,0,0,0,0,Inf,Inf,Inf,0.045,0.045,0.035,0.04,0.629903904372845,0.541682947591871,2.36287317226789e-12,1.27021133594873e-05,1.67812532074257,0.000132833993394593,0.781029907873406,9448.43674173956,866.880530301173,866.693067977233,866.659487164265,2834.53102252187,387.84,320,320
0.313,0,0,0,0,0,0,0,0,0,0,0,0,0,0,0,0,0,0,0,0,0,Inf,Inf,Inf,0.045,0.045,0.035,0.04,0.629900126102983,0.541681407131104,2.36287254131701e-12,1.27018944405359e-05,1.67812518062336,0.000132833984859931,0.781029936220795,9448.37043192545,866.871733800524,866.691876958294,866.650690669293,2834.51112957763,387.84,320,320
0.314,0,0,0,0,0,0,0,0,0,0,0,0,0,0,0,0,0,0,0,0,0,Inf,Inf,Inf,0.045,0.045,0.035,0.04,0.629895480317553,0.541679177645613,2.36287204064611e-12,1.27019027258638e-05,1.67812468760471,0.000132833987486788,0.78102992031723,9448.31356257039,866.874494642843,866.678216896464,866.642036223502,2834.49406877112,387.84,320,320
0.315,0,0,0,0,0,0,0,0,0,0,0,0,0,0,0,0,0,0,0,0,0,Inf,Inf,Inf,0.045,0.045,0.035,0.04,0.629894246015567,0.541675294155418,2.36286744946055e-12,1.27019084471254e-05,1.67812505293967,0.000132833989572538,0.781029865968749,9448.2856742463,866.868284038086,866.678207009919,866.635100701051,2834.48570227389,387.84,320,320
0.316,0,0,0,0,0,0,0,0,0,0,0,0,0,0,0,0,0,0,0,0,0,Inf,Inf,Inf,0.045,0.045,0.035,0.04,0.629891254417792,0.541672495591624,2.36285623456423e-12,1.27018371413348e-05,1.67812505101198,0.000132833983736794,0.781029812586758,9448.24354918876,866.860173356309,866.677618427757,866.639129610962,2834.47306475663,387.84,320,320
0.317,0,0,0,0,0,0,0,0,0,0,0,0,0,0,0,0,0,0,0,0,0,Inf,Inf,Inf,0.045,0.045,0.035,0.04,0.62988653001046,0.541670897685602,2.36283845760283e-12,1.27018423563623e-05,1.67812467039085,0.000132833973633054,0.781029810199034,9448.17947399849,866.851623023198,866.663917516797,866.630580219926,2834.45384219955,387.84,320,320
0.318,0,0,0,0,0,0,0,0,0,0,0,0,0,0,0,0,0,0,0,0,0,Inf,Inf,Inf,0.045,0.045,0.035,0.04,0.629884553472296,0.5416676952492,2.36281668723343e-12,1.27018500687829e-05,1.67812470562811,0.000132833978337203,0.781029803736759,9448.14334451386,866.85615924536,866.663724851097,866.635081233452,2834.44300335416,387.84,320,320
0.319,0,0,0,0,0,0,0,0,0,0,0,0,0,0,0,0,0,0,0,0,0,Inf,Inf,Inf,0.045,0.045,0.035,0.04,0.629882299728314,0.541663692307767,2.36279497427393e-12,1.27020789125346e-05,1.6781248283199,0.000132833975201239,0.781029848123233,9448.12524820098,866.848865512774,866.663533106385,866.627786693308,2834.4375744603,387.84,320,320
0.32,0,0,0,0,0,0,0,0,0,0,0,0,0,0,0,0,0,0,0,0,0,Inf,Inf,Inf,0.045,0.045,0.035,0.04,0.629878296706213,0.541662642321247,2.36277729812853e-12,1.27020840118847e-05,1.67812457833355,0.000132833976329656,0.781029858038707,9448.05528376063,866.840614927448,866.650540560175,866.619536554583,2834.41658512819,387.84,320,320
0.321,0,0,0,0,0,0,0,0,0,0,0,0,0,0,0,0,0,0,0,0,0,Inf,Inf,Inf,0.045,0.045,0.035,0.04,0.629875066727898,0.541660114478596,2.3627660806056e-12,1.27020911960368e-05,1.67812431682162,0.000132833982999012,0.781029885919824,9448.01101904525,866.843988321658,866.649989443906,866.622950853327,2834.40330571358,387.84,320,320
0.322,0,0,0,0,0,0,0,0,0,0,0,0,0,0,0,0,0,0,0,0,0,Inf,Inf,Inf,0.045,0.045,0.035,0.04,0.629873485256611,0.541656138964854,2.36276132220014e-12,1.2702098089057e-05,1.67812454455132,0.000132833982623331,0.781029959551056,9447.99234094756,866.837629767606,866.649988819685,866.616591197798,2834.39770228427,387.84,320,320
0.323,0,0,0,0,0,0,0,0,0,0,0,0,0,0,0,0,0,0,0,0,0,Inf,Inf,Inf,0.045,0.045,0.035,0.04,0.62987022982501,0.541654627469039,2.36276066743148e-12,1.27018811954963e-05,1.67812442305105,0.000132833974893961,0.781029987539563,9447.93625666513,866.829883456363,866.64902923458,866.608844891463,2834.38087699954,387.84,320,320
0.324,0,0,0,0,0,0,0,0,0,0,0,0,0,0,0,0,0,0,0,0,0,Inf,Inf,Inf,0.045,0.045,0.035,0.04,0.629865894581269,0.541652746352236,2.36276034915733e-12,1.2701887707441e-05,1.67812398271763,0.000132833976954691,0.781029971546671,9447.88457066895,866.822190952768,866.636761760502,866.601153630543,2834.36537120069,387.84,320,320
0.325,0,0,0,0,0,0,0,0,0,0,0,0,0,0,0,0,0,0,0,0,0,Inf,Inf,Inf,0.045,0.045,0.035,0.04,0.629864893462936,0.541649410448413,2.36275663387937e-12,1.27018953663015e-05,1.67812424625963,0.000132833978843764,0.781029919149607,9447.85855769945,866.826863138418,866.636748884124,866.605824519878,2834.35756730983,387.84,320,320
0.326,0,0,0,0,0,0,0,0,0,0,0,0,0,0,0,0,0,0,0,0,0,Inf,Inf,Inf,0.045,0.045,0.035,0.04,0.629862378208508,0.541646686543765,2.36274721329137e-12,1.27018311343605e-05,1.67812424460533,0.000132833973678069,0.78102996196122,9447.82604445218,866.819816271727,866.636323696886,866.598777252148,2834.34781333565,387.84,320,320
0.327,0,0,0,0,0,0,0,0,0,0,0,0,0,0,0,0,0,0,0,0,0,Inf,Inf,Inf,0.045,0.045,0.035,0.04,0.629858339096409,0.541645390643665,2.36273202367885e-12,1.27018376247552e-05,1.67812391395273,0.000132833963127315,0.781029959035437,9447.76832729298,866.81231336119,866.634250198401,866.591275118612,2834.33049818789,387.84,320,320
0.328,0,0,0,0,0,0,0,0,0,0,0,0,0,0,0,0,0,0,0,0,0,Inf,Inf,Inf,0.045,0.045,0.035,0.04,0.629856270457654,0.541642711599586,2.36271320408996e-12,1.27018435077179e-05,1.67812391228466,0.000132833965905567,0.781029915053575,9447.73504396907,866.81617824378,866.623984213729,866.58472779625,2834.32051319072,387.84,320,320
0.329,0,0,0,0,0,0,0,0,0,0,0,0,0,0,0,0,0,0,0,0,0,Inf,Inf,Inf,0.045,0.045,0.035,0.04,0.629854441778625,0.541638914127622,2.36269423471271e-12,1.27018475611744e-05,1.67812401798227,0.000132833963335058,0.781029860446411,9447.72342469656,866.809976872308,866.623887773803,866.588902927489,2834.31702740897,387.84,320,320
0.33,0,0,0,0,0,0,0,0,0,0,0,0,0,0,0,0,0,0,0,0,0,Inf,Inf,Inf,0.045,0.045,0.035,0.04,0.629851105795021,0.541638108096135,2.36267860184456e-12,1.2702071005097e-05,1.67812380026945,0.000132833963933962,0.781029870155687,9447.66301944454,866.802878421854,866.612748723801,866.581804875149,2834.29890583336,387.84,320,320
0.331,0,0,0,0,0,0,0,0,0,0,0,0,0,0,0,0,0,0,0,0,0,Inf,Inf,Inf,0.045,0.045,0.035,0.04,0.629847975898684,0.541636056902513,2.36266850193677e-12,1.27020758133463e-05,1.67812352838657,0.000132833969678877,0.781029845720051,9447.62313008718,866.805488814685,866.612197606229,866.575154296433,2834.28693902615,387.84,320,320
0.332,0,0,0,0,0,0,0,0,0,0,0,0,0,0,0,0,0,0,0,0,0,Inf,Inf,Inf,0.045,0.045,0.035,0.04,0.62984674074425,0.54163275352671,2.36266406655208e-12,1.27020820114892e-05,1.67812372413748,0.000132833969261479,0.781029861909342,9447.60568714791,866.800205299756,866.612229551607,866.579171706004,2834.28170614437,387.84,320,320
0.333,0,0,0,0,0,0,0,0,0,0,0,0,0,0,0,0,0,0,0,0,0,Inf,Inf,Inf,0.045,0.045,0.035,0.04,0.629844091036343,0.541631197725121,2.36266338028128e-12,1.27018706045437e-05,1.67812361851013,0.000132833962537643,0.781029885188327,9447.56258412131,866.793671543579,866.611541419398,866.572637947559,2834.26877523639,387.84,320,320
0.334,0,0,0,0,0,0,0,0,0,0,0,0,0,0,0,0,0,0,0,0,0,Inf,Inf,Inf,0.045,0.045,0.035,0.04,0.629840178496646,0.541629711036852,2.36266325902641e-12,1.27018789048759e-05,1.67812323049625,0.000132833963261518,0.781029871307054,9447.51707715101,866.787102333909,866.601079176975,866.566069791262,2834.2551231453,387.84,320,320
0.335,0,0,0,0,0,0,0,0,0,0,0,0,0,0,0,0,0,0,0,0,0,Inf,Inf,Inf,0.045,0.045,0.035,0.04,0.629839406984368,0.541626986947249,2.36266047360753e-12,1.27018848649585e-05,1.67812337190639,0.000132833964847607,0.78102989493255,9447.49358131321,866.790977752304,866.601063861565,866.569944037366,2834.24807439396,387.84,320,320
0.336,0,0,0,0,0,0,0,0,0,0,0,0,0,0,0,0,0,0,0,0,0,Inf,Inf,Inf,0.045,0.045,0.035,0.04,0.629837395222922,0.541624480479489,2.36265294830655e-12,1.27018265096637e-05,1.67812337049549,0.000132833960632678,0.781029930857198,9447.46970675304,866.785116012561,866.600793778743,866.564081987327,2834.24091202591,387.84,320,320
0.337,0,0,0,0,0,0,0,0,0,0,0,0,0,0,0,0,0,0,0,0,0,Inf,Inf,Inf,0.045,0.045,0.035,0.04,0.629834079930064,0.541623480337249,2.36264048963238e-12,1.27018302824347e-05,1.67812308402368,0.000132833951397141,0.781029928269071,9447.41969111408,866.778786219015,866.599193501809,866.557752870583,2834.22590733422,387.84,320,320
0.338,0,0,0,0,0,0,0,0,0,0,0,0,0,0,0,0,0,0,0,0,0,Inf,Inf,Inf,0.045,0.045,0.035,0.04,0.629832123271123,0.541621320582775,2.36262479123172e-12,1.27018343891708e-05,1.67812295542954,0.000132833950539791,0.781029887238876,9447.39021143248,866.781944860855,866.590361294747,866.55215198402,2834.21706342975,387.84,320,320
0.339,0,0,0,0,0,0,0,0,0,0,0,0,0,0,0,0,0,0,0,0,0,Inf,Inf,Inf,0.045,0.045,0.035,0.04,0.629830688284451,0.541618125983459,2.36260873933471e-12,1.27018381087174e-05,1.67812304287976,0.000132833948247671,0.781029852776014,9447.37944492617,866.776834753891,866.590336502013,866.555765819873,2834.21383347785,387.84,320,320
0.34,0,0,0,0,0,0,0,0,0,0,0,0,0,0,0,0,0,0,0,0,0,Inf,Inf,Inf,0.045,0.045,0.035,0.04,0.629827983099894,0.541617348972042,2.36259530229421e-12,1.2702059566976e-05,1.67812286010944,0.000132833949427706,0.781029861500645,9447.3317264286,866.770891576621,866.581004136148,866.549822952925,2834.19951792858,387.84,320,320
0.341,0,0,0,0,0,0,0,0,0,0,0,0,0,0,0,0,0,0,0,0,0,Inf,Inf,Inf,0.045,0.045,0.035,0.04,0.629825131875962,0.541615728632202,2.36258643160987e-12,1.27020633328314e-05,1.67812251022925,0.000132833954061044,0.781029840348853,9447.29666060317,866.772955945178,866.580476097146,866.544169367157,2834.18899818095,387.84,320,320
0.342,0,0,0,0,0,0,0,0,0,0,0,0,0,0,0,0,0,0,0,0,0,Inf,Inf,Inf,0.045,0.045,0.035,0.04,0.629824202663311,0.541613045699566,2.36258238109049e-12,1.27020651265922e-05,1.67812266665851,0.000132833953713689,0.781029786534405,9447.28070184709,866.768664776677,866.580532153575,866.539799424296,2834.18421055413,387.84,320,320
0.343,0,0,0,0,0,0,0,0,0,0,0,0,0,0,0,0,0,0,0,0,0,Inf,Inf,Inf,0.045,0.045,0.035,0.04,0.629822107070142,0.541611536524492,2.36258167959958e-12,1.27018691960477e-05,1.67812258066498,0.000132833948144661,0.781029746354961,9447.24835055463,866.763259102982,866.580083312873,866.542230482365,2834.17450516639,387.84,320,320
0.344,0,0,0,0,0,0,0,0,0,0,0,0,0,0,0,0,0,0,0,0,0,Inf,Inf,Inf,0.045,0.045,0.035,0.04,0.629818934242796,0.541610415210024,2.36258174106455e-12,1.2701872310355e-05,1.67812225938256,0.000132833946523723,0.781029735108158,9447.20858512349,866.757732325342,866.571146538633,866.536704596673,2834.16257553705,387.84,320,320
0.345,0,0,0,0,0,0,0,0,0,0,0,0,0,0,0,0,0,0,0,0,0,Inf,Inf,Inf,0.045,0.045,0.035,0.04,0.629818025674873,0.541608270032549,2.36257986021493e-12,1.27018732037554e-05,1.67812228761094,0.000132833947822284,0.78102971366216,9447.18726498802,866.761022507008,866.571128479677,866.539993801854,2834.15617949641,387.84,320,320
0.346,0,0,0,0,0,0,0,0,0,0,0,0,0,0,0,0,0,0,0,0,0,Inf,Inf,Inf,0.045,0.045,0.035,0.04,0.629816512029682,0.541605874075627,2.36257421052434e-12,1.27018126166764e-05,1.67812228648471,0.000132833944309429,0.78102973434553,9447.17317368455,866.756292509392,866.571023357718,866.535263545162,2834.15195210537,387.84,320,320
0.347,0,0,0,0,0,0,0,0,0,0,0,0,0,0,0,0,0,0,0,0,0,Inf,Inf,Inf,0.045,0.045,0.035,0.04,0.629813918656223,0.541605185460247,2.36256447666629e-12,1.27018149471435e-05,1.6781220529509,0.00013283393666677,0.78102973273002,9447.13013270676,866.751084295814,866.569921533102,866.530055878565,2834.13903981203,387.84,320,320
0.348,0,0,0,0,0,0,0,0,0,0,0,0,0,0,0,0,0,0,0,0,0,Inf,Inf,Inf,0.045,0.045,0.035,0.04,0.629811901417038,0.541603571218776,2.36255190490944e-12,1.27018179987716e-05,1.6781218861993,0.000132833932626075,0.781029705682739,9447.10387708565,866.753537543066,866.562272276132,866.525353259496,2834.1311631257,387.84,320,320
0.349,0,0,0,0,0,0,0,0,0,0,0,0,0,0,0,0,0,0,0,0,0,Inf,Inf,Inf,0.045,0.045,0.035,0.04,0.62981090449195,0.541601093319673,2.36253877908778e-12,1.27018202760292e-05,1.67812195564549,0.000132833930764753,0.781029735011935,9447.09360897585,866.749573855096,866.562341392605,866.52851010746,2834.12808269276,387.84,320,320
0.35,0,0,0,0,0,0,0,0,0,0,0,0,0,0,0,0,0,0,0,0,0,Inf,Inf,Inf,0.045,0.045,0.035,0.04,0.629808892928527,0.541600100147696,2.36252754080568e-12,1.27020439594126e-05,1.67812180732662,0.000132833931853148,0.781029741521227,9447.06194981569,866.744846994138,866.554962466132,866.52378351104,2834.11858494471,387.84,320,320
0.351,0,0,0,0,0,0,0,0,0,0,0,0,0,0,0,0,0,0,0,0,0,Inf,Inf,Inf,0.045,0.045,0.035,0.04,0.62980618258516,0.541598970849677,2.36251989298847e-12,1.27020473778068e-05,1.67812146747037,0.000132833935274767,0.781029725566607,9447.03167611067,866.74024743304,866.554441881293,866.51918495985,2834.1095028332,387.84,320,320
0.352,0,0,0,0,0,0,0,0,0,0,0,0,0,0,0,0,0,0,0,0,0,Inf,Inf,Inf,0.045,0.045,0.035,0.04,0.629805606780636,0.541596985840148,2.36251621570753e-12,1.27020501576429e-05,1.67812157181501,0.0001328339351158,0.781029682733195,9447.01715094147,866.74296010966,866.554529214144,866.515538921583,2834.10514528244,387.84,320,320
0.353,0,0,0,0,0,0,0,0,0,0,0,0,0,0,0,0,0,0,0,0,0,Inf,Inf,Inf,0.045,0.045,0.035,0.04,0.629804135927649,0.541595455715244,2.36251549243317e-12,1.27018613071802e-05,1.67812150268908,0.00013283393060243,0.781029665852317,9446.99797668595,866.738820989091,866.554353874088,866.517797678812,2834.09939300579,387.84,320,320
0.354,0,0,0,0,0,0,0,0,0,0,0,0,0,0,0,0,0,0,0,0,0,Inf,Inf,Inf,0.045,0.045,0.035,0.04,0.629801790073817,0.541594738338215,2.36251574784291e-12,1.2701862841968e-05,1.67812123762349,0.000132833927628218,0.781029656573106,9446.96481957683,866.734474034405,866.54730863893,866.513451420268,2834.08944587305,387.84,320,320
0.355,0,0,0,0,0,0,0,0,0,0,0,0,0,0,0,0,0,0,0,0,0,Inf,Inf,Inf,0.045,0.045,0.035,0.04,0.629800751850731,0.541593225287314,2.36251481115902e-12,1.27018641381092e-05,1.67812114565773,0.000132833928533124,0.781029637830293,9446.94625063117,866.736942033646,866.547288387003,866.509713395316,2834.08387518935,387.84,320,320
0.356,0,0,0,0,0,0,0,0,0,0,0,0,0,0,0,0,0,0,0,0,0,Inf,Inf,Inf,0.045,0.045,0.035,0.04,0.629799755995807,0.54159107120308,2.36251111000151e-12,1.27018670287029e-05,1.67812114478594,0.000132833925795773,0.781029608528947,9446.94037984671,866.733444178386,866.547338627745,866.507159677864,2834.08211395401,387.84,320,320
0.357,0,0,0,0,0,0,0,0,0,0,0,0,0,0,0,0,0,0,0,0,0,Inf,Inf,Inf,0.045,0.045,0.035,0.04,0.629797912502009,0.541590684892474,2.36250420481685e-12,1.27018015479587e-05,1.67812095827481,0.000132833919605449,0.781029593124496,9446.90604184287,866.729462376935,866.546720500143,866.508439207102,2834.07181255286,387.84,320,320
0.358,0,0,0,0,0,0,0,0,0,0,0,0,0,0,0,0,0,0,0,0,0,Inf,Inf,Inf,0.045,0.045,0.035,0.04,0.629796024550605,0.541589606520366,2.36249488483135e-12,1.2701803878436e-05,1.67812067075206,0.000132833912504251,0.781029575361561,9446.88386705692,866.731185217104,866.540578426887,866.504732192976,2834.06516011707,387.84,320,320
0.359,0,0,0,0,0,0,0,0,0,0,0,0,0,0,0,0,0,0,0,0,0,Inf,Inf,Inf,0.045,0.045,0.035,0.04,0.629795431868135,0.541587837149768,2.36248481623961e-12,1.2701805988726e-05,1.67812072121678,0.000132833911075701,0.781029585465598,9446.87456171988,866.728354909991,866.54071843244,866.507296464773,2834.06236851596,387.84,320,320
0.36,0,0,0,0,0,0,0,0,0,0,0,0,0,0,0,0,0,0,0,0,0,Inf,Inf,Inf,0.045,0.045,0.035,0.04,0.629794072991142,0.541586799950254,2.3624758962194e-12,1.27020292252698e-05,1.67812060933989,0.000132833911554475,0.781029590407033,9446.85601387648,866.724834781367,866.535229852592,866.503776517534,2834.05680416295,387.84,320,320
0.361,0,0,0,0,0,0,0,0,0,0,0,0,0,0,0,0,0,0,0,0,0,Inf,Inf,Inf,0.045,0.045,0.035,0.04,0.629792026828172,0.541586113960022,2.36246956321032e-12,1.27020319487114e-05,1.67812034325778,0.000132833913928521,0.781029579736291,9446.83090263737,866.721283701958,866.534738216507,866.500226207021,2834.04927079121,387.84,320,320
0.362,0,0,0,0,0,0,0,0,0,0,0,0,0,0,0,0,0,0,0,0,0,Inf,Inf,Inf,0.045,0.045,0.035,0.04,0.629791404249504,0.541584771585892,2.36246631361744e-12,1.27020329911572e-05,1.67812026270386,0.000132833913846633,0.781029587221366,9446.81803095777,866.723408263652,866.534848579784,866.502390190232,2834.04540928733,387.84,320,320
0.363,0,0,0,0,0,0,0,0,0,0,0,0,0,0,0,0,0,0,0,0,0,Inf,Inf,Inf,0.045,0.045,0.035,0.04,0.629790503565862,0.541583305690147,2.36246558426575e-12,1.27018477864136e-05,1.67812021380542,0.000132833910567388,0.78102959901499,9446.80982237847,866.720444280245,866.534913730888,866.499426203205,2834.04294671354,387.84,320,320
0.364,0,0,0,0,0,0,0,0,0,0,0,0,0,0,0,0,0,0,0,0,0,Inf,Inf,Inf,0.045,0.045,0.035,0.04,0.629788923507123,0.541582960776564,2.36246601785538e-12,1.2701849380868e-05,1.67812001796266,0.000132833906370403,0.781029591517436,9446.78280638785,866.717190264993,866.529482404636,866.49617270763,2834.03484191635,387.84,320,320
0.365,0,0,0,0,0,0,0,0,0,0,0,0,0,0,0,0,0,0,0,0,0,Inf,Inf,Inf,0.045,0.045,0.035,0.04,0.629787764342472,0.541582042414135,2.36246599070588e-12,1.27018508858317e-05,1.67811981491181,0.000132833907146709,0.781029575175182,9446.76664995361,866.719040271215,866.529459720347,866.493246880702,2834.02999498608,387.84,320,320
0.366,0,0,0,0,0,0,0,0,0,0,0,0,0,0,0,0,0,0,0,0,0,Inf,Inf,Inf,0.045,0.045,0.035,0.04,0.629787275400616,0.541580586921844,2.36246419761252e-12,1.27018521819841e-05,1.67811981433021,0.000132833904984269,0.781029550859515,9446.76091527071,866.716711802315,866.529672422841,866.495693515945,2834.02827458121,387.84,320,320
0.367,0,0,0,0,0,0,0,0,0,0,0,0,0,0,0,0,0,0,0,0,0,Inf,Inf,Inf,0.045,0.045,0.035,0.04,0.629786171689614,0.54157995683537,2.36246008392085e-12,1.27017858716085e-05,1.67811968244326,0.000132833900389198,0.781029549955059,9446.7435597083,866.713895695201,866.529555526248,866.492877698837,2834.02306791249,387.84,320,320
0.368,0,0,0,0,0,0,0,0,0,0,0,0,0,0,0,0,0,0,0,0,0,Inf,Inf,Inf,0.045,0.045,0.035,0.04,0.62978454469055,0.541579432396512,2.36245398525443e-12,1.27017860386027e-05,1.67811943117607,0.000132833894321118,0.781029534086976,9446.72489247694,866.711128624357,866.528716405126,866.490111384232,2834.01746774308,387.84,320,320
0.369,0,0,0,0,0,0,0,0,0,0,0,0,0,0,0,0,0,0,0,0,0,Inf,Inf,Inf,0.045,0.045,0.035,0.04,0.62978410107514,0.541578395479461,2.36244694915502e-12,1.27017885360826e-05,1.67811938977129,0.000132833889520071,0.781029509930848,9446.71621609038,866.713238658872,866.524904014389,866.487899976295,2834.01486482711,387.84,320,320
0.37,0,0,0,0,0,0,0,0,0,0,0,0,0,0,0,0,0,0,0,0,0,Inf,Inf,Inf,0.045,0.045,0.035,0.04,0.629783445451511,0.541577162289247,2.36244032598693e-12,1.2702010265024e-05,1.67811931340702,0.000132833889141214,0.781029491861933,9446.71373775664,866.710968392961,866.521420378964,866.48991548814,2834.01412132699,387.84,320,320
0.371,0,0,0,0,0,0,0,0,0,0,0,0,0,0,0,0,0,0,0,0,0,Inf,Inf,Inf,0.045,0.045,0.035,0.04,0.629782267528525,0.541576970016485,2.36243528887784e-12,1.2702010265024e-05,1.67811911904954,0.000132833890665756,0.781029484837868,9446.69370900057,866.708508112461,866.52094315635,866.487455751644,2834.00811270017,387.84,320,320
0.372,0,0,0,0,0,0,0,0,0,0,0,0,0,0,0,0,0,0,0,0,0,Inf,Inf,Inf,0.045,0.045,0.035,0.04,0.629781304515477,0.541576334530319,2.36243245258268e-12,1.27020092789963e-05,1.67811892718417,0.000132833890432216,0.781029482387271,9446.68243017576,866.709899197541,866.52108283111,866.488886594687,2834.00472905273,387.84,320,320
0.373,0,0,0,0,0,0,0,0,0,0,0,0,0,0,0,0,0,0,0,0,0,Inf,Inf,Inf,0.045,0.045,0.035,0.04,0.629781032608197,0.541575288225987,2.36243171152588e-12,1.27020120024419e-05,1.67811889580963,0.000132833888255332,0.781029487405194,9446.6794486806,866.708225158698,866.521417085951,866.487212555821,2834.00383460418,387.84,320,320
0.374,0,0,0,0,0,0,0,0,0,0,0,0,0,0,0,0,0,0,0,0,0,Inf,Inf,Inf,0.045,0.045,0.035,0.04,0.62978029025293,0.541574929101229,2.36243233127993e-12,1.27018375306647e-05,1.67811875874383,0.00013283388404663,0.781029481682796,9446.66715722507,866.706179065431,866.521511113083,866.485166783263,2834.00014716752,387.84,320,320
0.375,0,0,0,0,0,0,0,0,0,0,0,0,0,0,0,0,0,0,0,0,0,Inf,Inf,Inf,0.045,0.045,0.035,0.04,0.629779143679518,0.541574647756573,2.36243323915898e-12,1.27018392295272e-05,1.67811852435511,0.000132833882873369,0.781029470224986,9446.65392246161,866.704167866026,866.517895584884,866.486186325935,2833.99617673848,387.84,320,320
0.376,0,0,0,0,0,0,0,0,0,0,0,0,0,0,0,0,0,0,0,0,0,Inf,Inf,Inf,0.045,0.045,0.035,0.04,0.629779049144628,0.541573973001177,2.36243339910571e-12,1.270183718762e-05,1.67811843889108,0.000132833881622849,0.781029477468015,9446.64855714039,866.70611960011,866.518259839079,866.485106785478,2833.99456714212,387.84,320,320
0.377,0,0,0,0,0,0,0,0,0,0,0,0,0,0,0,0,0,0,0,0,0,Inf,Inf,Inf,0.045,0.045,0.035,0.04,0.629778702563634,0.541573125013716,2.3624321408495e-12,1.27017736267104e-05,1.6781183555559,0.000132833878743335,0.781029476851626,9446.64790815492,866.704553178147,866.518624570766,866.483540534793,2833.99437244648,387.84,320,320
0.378,0,0,0,0,0,0,0,0,0,0,0,0,0,0,0,0,0,0,0,0,0,Inf,Inf,Inf,0.045,0.045,0.035,0.04,0.629777948860615,0.541573139176948,2.36242934286456e-12,1.27017736267104e-05,1.67811817780259,0.000132833874360227,0.781029464773296,9446.63350540581,866.702806884626,866.518647219962,866.481794728356,2833.99005162174,387.84,320,320
0.379,0,0,0,0,0,0,0,0,0,0,0,0,0,0,0,0,0,0,0,0,0,Inf,Inf,Inf,0.045,0.045,0.035,0.04,0.629777181841775,0.541572818836347,2.36242542698904e-12,1.27017737937066e-05,1.67811793111814,0.000132833869313856,0.781029443644551,9446.62588306378,866.704306140976,866.518134665464,866.480231555031,2833.98776491913,387.84,320,320
0.38,0,0,0,0,0,0,0,0,0,0,0,0,0,0,0,0,0,0,0,0,0,Inf,Inf,Inf,0.045,0.045,0.035,0.04,0.629777183499664,0.541572166874046,2.36242118643607e-12,1.27017746818676e-05,1.67811789175619,0.000132833864845266,0.781029418948343,9446.625078866,866.703262926765,866.514028383945,866.479151934196,2833.9875236598,387.84,320,320
0.381,0,0,0,0,0,0,0,0,0,0,0,0,0,0,0,0,0,0,0,0,0,Inf,Inf,Inf,0.045,0.045,0.035,0.04,0.62977682404523,0.541571802937519,2.36241751695378e-12,1.27019915394534e-05,1.67811777302412,0.000132833865174601,0.781029406470915,9446.62190632281,866.701875280406,866.513585496315,866.480828016433,2833.98657189684,387.84,320,320
0.382,0,0,0,0,0,0,0,0,0,0,0,0,0,0,0,0,0,0,0,0,0,Inf,Inf,Inf,0.045,0.045,0.035,0.04,0.629776121376909,0.541571815045658,2.36241514069522e-12,1.27019915394534e-05,1.67811757240204,0.000132833865131091,0.781029404070066,9446.61240988825,866.700443302533,866.513746435856,866.479396637409,2833.98372296648,387.84,320,320
0.383,0,0,0,0,0,0,0,0,0,0,0,0,0,0,0,0,0,0,0,0,0,Inf,Inf,Inf,0.045,0.045,0.035,0.04,0.629775977634698,0.541571512995783,2.36241440297776e-12,1.27019902059441e-05,1.67811739206325,0.000132833864050109,0.781029387392393,9446.6094225491,866.702174918212,866.514315844961,866.47823911762,2833.98282676473,387.84,320,320
0.384,0,0,0,0,0,0,0,0,0,0,0,0,0,0,0,0,0,0,0,0,0,Inf,Inf,Inf,0.045,0.045,0.035,0.04,0.629776006714623,0.541570930667424,2.36241519173147e-12,1.27019909009135e-05,1.67811732488261,0.000132833861825484,0.781029348083997,9446.61247743338,866.701242934076,866.515001330848,866.477597153335,2833.98374323001,387.84,320,320
0.385,0,0,0,0,0,0,0,0,0,0,0,0,0,0,0,0,0,0,0,0,0,Inf,Inf,Inf,0.045,0.045,0.035,0.04,0.629775693529063,0.541571173948363,2.36241699073274e-12,1.27018197202717e-05,1.678117180996,0.000132833858413675,0.781029331417218,9446.60372735136,866.700066929071,866.515502850488,866.479060211258,2833.98111820541,387.84,320,320
0.386,0,0,0,0,0,0,0,0,0,0,0,0,0,0,0,0,0,0,0,0,0,Inf,Inf,Inf,0.045,0.045,0.035,0.04,0.629775166428905,0.541571234479427,2.36241904235624e-12,1.2701821419135e-05,1.67811696246911,0.000132833856831569,0.781029329356433,9446.5985744694,866.698938565763,866.512969185696,866.47793253611,2833.97957234082,387.84,320,320
0.387,0,0,0,0,0,0,0,0,0,0,0,0,0,0,0,0,0,0,0,0,0,Inf,Inf,Inf,0.045,0.045,0.035,0.04,0.629775558577484,0.541570992471246,2.3624205709096e-12,1.27018194518034e-05,1.67811687059853,0.000132833855385917,0.781029323024554,9446.59985031097,866.701340634111,866.513825591504,866.480333237362,2833.97995509329,387.84,320,320
0.388,0,0,0,0,0,0,0,0,0,0,0,0,0,0,0,0,0,0,0,0,0,Inf,Inf,Inf,0.045,0.045,0.035,0.04,0.629775660137331,0.541570688448232,2.36242100654547e-12,1.27017615413698e-05,1.6781167788871,0.000132833852660982,0.781029320037375,9446.6040498955,866.700552855364,866.514726062446,866.479545668952,2833.98121496865,387.84,320,320
0.389,0,0,0,0,0,0,0,0,0,0,0,0,0,0,0,0,0,0,0,0,0,Inf,Inf,Inf,0.045,0.045,0.035,0.04,0.629775420253185,0.54157109811847,2.36242015188882e-12,1.27017606532084e-05,1.67811660717815,0.000132833848583366,0.781029310158375,9446.5971647313,866.699588344473,866.515381528641,866.478581635356,2833.97914941939,387.84,320,320
0.39,0,0,0,0,0,0,0,0,0,0,0,0,0,0,0,0,0,0,0,0,0,Inf,Inf,Inf,0.045,0.045,0.035,0.04,0.629775165472756,0.541571228817202,2.36241824718825e-12,1.2701761928541e-05,1.67811639028687,0.000132833843667172,0.781029294232753,9446.59627835054,866.701751836353,866.515590641588,866.477742319888,2833.97888350516,387.84,320,320
0.391,0,0,0,0,0,0,0,0,0,0,0,0,0,0,0,0,0,0,0,0,0,Inf,Inf,Inf,0.045,0.045,0.035,0.04,0.629775670131944,0.541571048627942,2.36241591297199e-12,1.27017599320438e-05,1.67811634453216,0.000132833839325635,0.781029280802812,9446.6019973244,866.70146340183,866.514254261528,866.480421313866,2833.98059919732,387.84,320,320
0.392,0,0,0,0,0,0,0,0,0,0,0,0,0,0,0,0,0,0,0,0,0,Inf,Inf,Inf,0.045,0.045,0.035,0.04,0.629775841325794,0.541571104664238,2.36241397898279e-12,1.27019756591106e-05,1.67811622231835,0.000132833838730181,0.781029282021821,9446.60636206844,866.700798229666,866.512388273857,866.479756426774,2833.98190862053,387.84,320,320
0.393,0,0,0,0,0,0,0,0,0,0,0,0,0,0,0,0,0,0,0,0,0,Inf,Inf,Inf,0.045,0.045,0.035,0.04,0.629775650954216,0.541571604171539,2.36241323971066e-12,1.27019769926201e-05,1.67811601137286,0.000132833838901705,0.781029273074981,9446.60334829037,866.700021155279,866.513216141803,866.478979926442,2833.98100448711,387.84,320,320
0.394,0,0,0,0,0,0,0,0,0,0,0,0,0,0,0,0,0,0,0,0,0,Inf,Inf,Inf,0.045,0.045,0.035,0.04,0.629775981331204,0.54157177609431,2.36241420243074e-12,1.27019762976514e-05,1.67811586521069,0.000132833838452014,0.781029240111739,9446.60710258615,866.702585467983,866.514531738651,866.47842631597,2833.98213077584,387.84,320,320
0.395,0,0,0,0,0,0,0,0,0,0,0,0,0,0,0,0,0,0,0,0,0,Inf,Inf,Inf,0.045,0.045,0.035,0.04,0.629776563754637,0.541571616697425,2.3624169044861e-12,1.27019749641417e-05,1.67811579517262,0.000132833836418703,0.781029206128808,9446.61774889196,866.702330256546,866.516035732889,866.481328537236,2833.98532466759,387.84,320,320
0.396,0,0,0,0,0,0,0,0,0,0,0,0,0,0,0,0,0,0,0,0,0,Inf,Inf,Inf,0.045,0.045,0.035,0.04,0.629776746860565,0.541572339844886,2.36242086550301e-12,1.27017973502299e-05,1.67811563156782,0.00013283383272939,0.781029216531915,9446.61563653921,866.70173304584,866.517368318267,866.480731695704,2833.98469096176,387.84,320,320
0.397,0,0,0,0,0,0,0,0,0,0,0,0,0,0,0,0,0,0,0,0,0,Inf,Inf,Inf,0.045,0.045,0.035,0.04,0.629776694573754,0.541572874379308,2.36242520554795e-12,1.27017974993789e-05,1.67811537150539,0.000132833830019898,0.781029223693788,9446.61705881559,866.701129239057,866.515268478152,866.480128587574,2833.98511764468,387.84,320,320
0.398,0,0,0,0,0,0,0,0,0,0,0,0,0,0,0,0,0,0,0,0,0,Inf,Inf,Inf,0.045,0.045,0.035,0.04,0.629777660863693,0.541573020104364,2.36242890887788e-12,1.27018011208291e-05,1.67811533370015,0.000132833829000591,0.781029194891314,9446.6262211301,866.70457458829,866.51701318132,866.479900154316,2833.98786633903,387.84,320,320
0.399,0,0,0,0,0,0,0,0,0,0,0,0,0,0,0,0,0,0,0,0,0,Inf,Inf,Inf,0.045,0.045,0.035,0.04,0.629778241000648,0.541573233947676,2.36243115997131e-12,1.27017409084122e-05,1.67811522920843,0.000132833826058262,0.781029164522496,9446.63607231783,866.704264483737,866.518798908413,866.483262577472,2833.99082169535,387.84,320,320
0.4,0,0,0,0,0,0,0,0,0,0,0,0,0,0,0,0,0,0,0,0,0,Inf,Inf,Inf,0.045,0.045,0.035,0.04,0.629778353301023,0.54157412469664,2.36243164311979e-12,1.27017404074249e-05,1.6781150137482,0.000132833821027869,0.781029162195121,9446.63515201013,866.703705032006,866.520224101738,866.482703637275,2833.99054560304,387.84,320,320
0.401,0,0,0,0,0,0,0,0,0,0,0,0,0,0,0,0,0,0,0,0,0,Inf,Inf,Inf,0.045,0.045,0.035,0.04,0.629778812767805,0.541574612659826,2.36243069549004e-12,1.27017420699309e-05,1.6781148151668,0.000132833815644901,0.781029151952094,9446.64213948424,866.707155889304,866.518329371453,866.482319754002,2833.99264184527,387.84,320,320
0.402,0,0,0,0,0,0,0,0,0,0,0,0,0,0,0,0,0,0,0,0,0,Inf,Inf,Inf,0.045,0.045,0.035,0.04,0.629779802729996,0.541574663161811,2.36242924258284e-12,1.27017426240997e-05,1.67811477560415,0.00013283381411408,0.781029128366497,9446.65773875725,866.707236727503,866.520483938823,866.482525292975,2833.99732162717,387.84,320,320
0.403,0,0,0,0,0,0,0,0,0,0,0,0,0,0,0,0,0,0,0,0,0,Inf,Inf,Inf,0.045,0.045,0.035,0.04,0.629780286464794,0.541575521030002,2.36242851604622e-12,1.27019548575673e-05,1.67811462059826,0.000132833812255258,0.781029134994377,9446.66244005952,866.70682918264,866.518463319356,866.485792460557,2833.99873201786,387.84,320,320
0.404,0,0,0,0,0,0,0,0,0,0,0,0,0,0,0,0,0,0,0,0,0,Inf,Inf,Inf,0.045,0.045,0.035,0.04,0.629780269979579,0.541576383949295,2.36242963428953e-12,1.27019554961124e-05,1.67811434284153,0.000132833813129987,0.781029124440262,9446.66682090233,866.706358588746,866.52035046686,866.485322588105,2834.0000462707,387.84,320,320
0.405,0,0,0,0,0,0,0,0,0,0,0,0,0,0,0,0,0,0,0,0,0,Inf,Inf,Inf,0.045,0.045,0.035,0.04,0.629781674557622,0.54157674651014,2.36243318657227e-12,1.27019568296243e-05,1.67811427685694,0.000132833812813128,0.781029093977359,9446.68087107264,866.710528349888,866.522781693324,866.485291791071,2834.00426132179,387.84,320,320
0.406,0,0,0,0,0,0,0,0,0,0,0,0,0,0,0,0,0,0,0,0,0,Inf,Inf,Inf,0.045,0.045,0.035,0.04,0.629782584934401,0.541577276643276,2.3624389752519e-12,1.27017826719771e-05,1.67811418993541,0.000132833809795455,0.781029097924642,9446.69456517434,866.710399970495,866.525267276225,866.489403186182,2834.0083695523,387.84,320,320
0.407,0,0,0,0,0,0,0,0,0,0,0,0,0,0,0,0,0,0,0,0,0,Inf,Inf,Inf,0.045,0.045,0.035,0.04,0.629782892899879,0.54157853734151,2.36244602727594e-12,1.27017832834935e-05,1.67811396351924,0.000132833804030514,0.781029106587492,9446.69616827554,866.709943767991,866.52728438801,866.488947510962,2834.00885048266,387.84,320,320
0.408,0,0,0,0,0,0,0,0,0,0,0,0,0,0,0,0,0,0,0,0,0,Inf,Inf,Inf,0.045,0.045,0.035,0.04,0.629783911133047,0.541579277195743,2.3624528950471e-12,1.27017874269705e-05,1.67811376607675,0.000132833803492314,0.781029081813838,9446.7077682562,866.714576083753,866.52537615814,866.488716203752,2834.01233047686,387.84,320,320
0.409,0,0,0,0,0,0,0,0,0,0,0,0,0,0,0,0,0,0,0,0,0,Inf,Inf,Inf,0.045,0.045,0.035,0.04,0.62978528640171,0.541579459049323,2.36245815874986e-12,1.27017877103573e-05,1.67811374402909,0.000132833801859288,0.781029044708712,9446.73013677147,866.714867281952,866.528297362966,866.493869996786,2834.01904103144,387.84,320,320
0.41,0,0,0,0,0,0,0,0,0,0,0,0,0,0,0,0,0,0,0,0,0,Inf,Inf,Inf,0.045,0.045,0.035,0.04,0.629786008030166,0.541580826132839,2.36246095744283e-12,1.27017252023646e-05,1.67811357628234,0.000132833797127748,0.781029051371388,9446.73488114625,866.714555399901,866.530946494058,866.493558395704,2834.02046434387,387.84,320,320
0.411,0,0,0,0,0,0,0,0,0,0,0,0,0,0,0,0,0,0,0,0,0,Inf,Inf,Inf,0.045,0.045,0.035,0.04,0.629786174428104,0.541581989220857,2.36246135018034e-12,1.27017261437113e-05,1.67811325795354,0.000132833789951545,0.781029047611613,9446.74334066236,866.714196937823,866.532807429948,866.493200745653,2834.02300219871,387.84,320,320
0.412,0,0,0,0,0,0,0,0,0,0,0,0,0,0,0,0,0,0,0,0,0,Inf,Inf,Inf,0.045,0.045,0.035,0.04,0.62978801760505,0.541582514293207,2.36246035680046e-12,1.27017270850585e-05,1.67811326137989,0.0001328337892935,0.781029025475929,9446.76382105133,866.719788856264,866.531566727667,866.493429773646,2834.0291463154,387.84,320,320
0.413,0,0,0,0,0,0,0,0,0,0,0,0,0,0,0,0,0,0,0,0,0,Inf,Inf,Inf,0.045,0.045,0.035,0.04,0.629789210406751,0.541583225573061,2.36245963866092e-12,1.27019346381828e-05,1.67811315830839,0.000132833785474865,0.781029010429359,9446.78432003739,866.719764914176,866.53478564092,866.498732715746,2834.03529601122,387.84,320,320
0.414,0,0,0,0,0,0,0,0,0,0,0,0,0,0,0,0,0,0,0,0,0,Inf,Inf,Inf,0.045,0.045,0.035,0.04,0.629789649264009,0.541584824361594,2.36246091462873e-12,1.27019345817713e-05,1.6781128829955,0.000132833785909361,0.781029017755029,9446.78933652253,866.719388147143,866.532101014036,866.498356531114,2834.03680095676,387.84,320,320
0.415,0,0,0,0,0,0,0,0,0,0,0,0,0,0,0,0,0,0,0,0,0,Inf,Inf,Inf,0.045,0.045,0.035,0.04,0.629791007734764,0.541585751751448,2.36246531629042e-12,1.27019372488019e-05,1.6781127331685,0.000132833787045798,0.78102898577051,9446.80678890957,866.724926762834,866.535494092918,866.498324563174,2834.04203667287,387.84,320,320
0.416,0,0,0,0,0,0,0,0,0,0,0,0,0,0,0,0,0,0,0,0,0,Inf,Inf,Inf,0.045,0.045,0.035,0.04,0.629792693536512,0.541586000749859,2.36247292434691e-12,1.27019372488019e-05,1.67811270237619,0.000132833784662424,0.781028959281645,9446.83694522128,866.725325556071,866.539172405613,866.504333348457,2834.05108356638,387.84,320,320
0.417,0,0,0,0,0,0,0,0,0,0,0,0,0,0,0,0,0,0,0,0,0,Inf,Inf,Inf,0.045,0.045,0.035,0.04,0.629793555937811,0.541587981496952,2.36248267530102e-12,1.27017748667115e-05,1.67811248794743,0.000132833778608773,0.78102897123245,9446.8406095223,866.725056504126,866.542395157777,866.504064608939,2834.05218285669,387.84,320,320
0.418,0,0,0,0,0,0,0,0,0,0,0,0,0,0,0,0,0,0,0,0,0,Inf,Inf,Inf,0.045,0.045,0.035,0.04,0.629794340522616,0.54158934408359,2.36249269781374e-12,1.27017774604931e-05,1.67811217000803,0.000132833777084891,0.781028961945259,9446.85430122116,866.730672917485,866.539793006526,866.503842608054,2834.05629036635,387.84,320,320
0.419,0,0,0,0,0,0,0,0,0,0,0,0,0,0,0,0,0,0,0,0,0,Inf,Inf,Inf,0.045,0.045,0.035,0.04,0.629796512067999,0.541589928538077,2.36250097668361e-12,1.2701781529404e-05,1.67811221559355,0.000132833776433817,0.781028926800373,9446.88225258183,866.731608835486,866.543799928237,866.510616209807,2834.06467577455,387.84,320,320
0.42,0,0,0,0,0,0,0,0,0,0,0,0,0,0,0,0,0,0,0,0,0,Inf,Inf,Inf,0.045,0.045,0.035,0.04,0.629797848519255,0.54159124935091,2.36250610991688e-12,1.27017073860839e-05,1.67811207956272,0.000132833771573615,0.781028938582795,9446.90031005084,866.731578739431,866.547623777226,866.510586145654,2834.07009301525,387.84,320,320
0.421,0,0,0,0,0,0,0,0,0,0,0,0,0,0,0,0,0,0,0,0,0,Inf,Inf,Inf,0.045,0.045,0.035,0.04,0.629798294754583,0.54159306180335,2.36250787423542e-12,1.27017098229636e-05,1.67811174054673,0.00013283376321746,0.781028933861699,9446.90992836156,866.731263455073,866.550523694509,866.510271577705,2834.07297850847,387.84,320,320
0.422,0,0,0,0,0,0,0,0,0,0,0,0,0,0,0,0,0,0,0,0,0,Inf,Inf,Inf,0.045,0.045,0.035,0.04,0.629800341757274,0.541594043576761,2.36250737124947e-12,1.27017118726628e-05,1.67811167236177,0.000132833762367284,0.781028905672503,9446.93461714337,866.738226002681,866.548686543415,866.5105164856,2834.08038514301,387.84,320,320
0.423,0,0,0,0,0,0,0,0,0,0,0,0,0,0,0,0,0,0,0,0,0,Inf,Inf,Inf,0.045,0.045,0.035,0.04,0.629802190569618,0.541594631037213,2.3625066749652e-12,1.27019095541325e-05,1.67811162648626,0.000132833759115344,0.781028890925457,9446.9692992116,866.738570303033,866.5530345308,866.517542475406,2834.09078976348,387.84,320,320
0.424,0,0,0,0,0,0,0,0,0,0,0,0,0,0,0,0,0,0,0,0,0,Inf,Inf,Inf,0.045,0.045,0.035,0.04,0.629803051714133,0.541596897760305,2.36250808910119e-12,1.27019111787337e-05,1.67811136046042,0.000132833757330648,0.78102890234763,9446.97487397201,866.738282200869,866.549935780108,866.517254816701,2834.0924621916,387.84,320,320
0.425,0,0,0,0,0,0,0,0,0,0,0,0,0,0,0,0,0,0,0,0,0,Inf,Inf,Inf,0.045,0.045,0.035,0.04,0.629804434505351,0.541598333693424,2.36251327901373e-12,1.27019134982946e-05,1.67811108142888,0.000132833759816493,0.781028866060892,9446.99548442519,866.745048019777,866.554208044373,866.517221582584,2834.09864532756,387.84,320,320
0.426,0,0,0,0,0,0,0,0,0,0,0,0,0,0,0,0,0,0,0,0,0,Inf,Inf,Inf,0.045,0.045,0.035,0.04,0.629806823406856,0.541598871870873,2.36252260544547e-12,1.27019144843363e-05,1.67811112594268,0.000132833758372196,0.781028812501931,9447.03249583007,866.74590999631,866.558986587622,866.524922195343,2834.10974874902,387.84,320,320
0.427,0,0,0,0,0,0,0,0,0,0,0,0,0,0,0,0,0,0,0,0,0,Inf,Inf,Inf,0.045,0.045,0.035,0.04,0.629808182371042,0.541601062250648,2.36253492633331e-12,1.27017575843815e-05,1.6781109468516,0.000132833752221685,0.781028834661727,9447.04484003776,866.74579268731,866.563324523397,866.524805024282,2834.11345201133,387.84,320,320
0.428,0,0,0,0,0,0,0,0,0,0,0,0,0,0,0,0,0,0,0,0,0,Inf,Inf,Inf,0.045,0.045,0.035,0.04,0.629808857091626,0.541602999069407,2.36254796555055e-12,1.27017604317549e-05,1.67811053953744,0.000132833749701969,0.781028841827543,9447.06076573587,866.745570221058,866.56006239429,866.524583504331,2834.11822972076,387.84,320,320
0.429,0,0,0,0,0,0,0,0,0,0,0,0,0,0,0,0,0,0,0,0,0,Inf,Inf,Inf,0.045,0.045,0.035,0.04,0.629811791339965,0.541603950374031,2.36255913340725e-12,1.27017628614874e-05,1.67811060289504,0.000132833750073574,0.781028799077189,9447.09450774449,866.754034251149,866.565144806414,866.525232508671,2834.12835232335,387.84,320,320
0.43,0,0,0,0,0,0,0,0,0,0,0,0,0,0,0,0,0,0,0,0,0,Inf,Inf,Inf,0.045,0.045,0.035,0.04,0.629813716733632,0.541605318510713,2.36256650391761e-12,1.27016871788615e-05,1.67811051560416,0.00013283374548947,0.781028802425336,9447.12428171656,866.754252043934,866.570134606489,866.53326366121,2834.13728451497,387.84,320,320
0.431,0,0,0,0,0,0,0,0,0,0,0,0,0,0,0,0,0,0,0,0,0,Inf,Inf,Inf,0.045,0.045,0.035,0.04,0.629814506604481,0.541607778051566,2.36256957980455e-12,1.27016905571276e-05,1.67811017522117,0.000132833736163629,0.781028797820154,9447.13522810898,866.753967629548,866.574069863571,866.532979890202,2834.14056843269,387.84,320,320
0.432,0,0,0,0,0,0,0,0,0,0,0,0,0,0,0,0,0,0,0,0,0,Inf,Inf,Inf,0.045,0.045,0.035,0.04,0.629816731115605,0.541609218519521,2.36256954162842e-12,1.27016933280019e-05,1.67811003695803,0.000132833733639464,0.78102876559988,9447.16442771525,866.762496080942,866.57154365742,866.53324472021,2834.14932831458,387.84,320,320
0.433,0,0,0,0,0,0,0,0,0,0,0,0,0,0,0,0,0,0,0,0,0,Inf,Inf,Inf,0.045,0.045,0.035,0.04,0.629819259420005,0.541609668505861,2.36256886324403e-12,1.27016964328454e-05,1.67811004347979,0.000132833731104963,0.781028748429663,9447.21163854151,866.763216967521,866.577069212235,866.542193448756,2834.16349156245,387.84,320,320
0.434,0,0,0,0,0,0,0,0,0,0,0,0,0,0,0,0,0,0,0,0,0,Inf,Inf,Inf,0.045,0.045,0.035,0.04,0.629820567138508,0.54161261956908,2.36257041528345e-12,1.27018852307187e-05,1.67810978337161,0.000132833727792326,0.781028762459724,9447.22046805994,866.76302575606,866.573444034134,866.542002533822,2834.16614041798,387.84,320,320
0.435,0,0,0,0,0,0,0,0,0,0,0,0,0,0,0,0,0,0,0,0,0,Inf,Inf,Inf,0.045,0.045,0.035,0.04,0.629821882658706,0.54161459681829,2.36257638084829e-12,1.27018888838226e-05,1.67810942252607,0.00013283373179504,0.78102873228392,9447.24418772533,866.771058947344,866.578614955007,866.541968568853,2834.1732563176,387.84,320,320
0.436,0,0,0,0,0,0,0,0,0,0,0,0,0,0,0,0,0,0,0,0,0,Inf,Inf,Inf,0.045,0.045,0.035,0.04,0.629825009529803,0.541615454056224,2.36258739314969e-12,1.27018902173495e-05,1.67810952293409,0.000132833731036859,0.781028672550354,9447.28792768529,866.772431966014,866.584515046723,866.55144853068,2834.18637830559,387.84,320,320
0.437,0,0,0,0,0,0,0,0,0,0,0,0,0,0,0,0,0,0,0,0,0,Inf,Inf,Inf,0.045,0.045,0.035,0.04,0.629826900488397,0.541617730084161,2.36260223550501e-12,1.27017366525741e-05,1.67810935932686,0.000132833724713124,0.781028701195134,9447.31120752753,866.772501116237,866.589993255671,866.551517605794,2834.19336225826,387.84,320,320
0.438,0,0,0,0,0,0,0,0,0,0,0,0,0,0,0,0,0,0,0,0,0,Inf,Inf,Inf,0.045,0.045,0.035,0.04,0.629827548274154,0.541620259794906,2.36261824039657e-12,1.27017415120803e-05,1.67810891681406,0.000132833720867003,0.781028710981686,9447.32901401307,866.772290512074,866.586083963454,866.551307897911,2834.19870420392,387.84,320,320
0.439,0,0,0,0,0,0,0,0,0,0,0,0,0,0,0,0,0,0,0,0,0,Inf,Inf,Inf,0.045,0.045,0.035,0.04,0.629831027599622,0.541621598183132,2.36263225994645e-12,1.2701744165583e-05,1.67810896690277,0.000132833722444687,0.781028664195679,9447.36788331376,866.78226105313,866.592180802875,866.552005102058,2834.21036499413,387.84,320,320
0.44,0,0,0,0,0,0,0,0,0,0,0,0,0,0,0,0,0,0,0,0,0,Inf,Inf,Inf,0.045,0.045,0.035,0.04,0.629833539085835,0.541622906103274,2.36264185518723e-12,1.27016667443117e-05,1.67810891287334,0.000132833717943668,0.78102865276404,9447.41045739901,866.782755286296,866.598274965543,866.561771084845,2834.2231372197,387.84,320,320
0.441,0,0,0,0,0,0,0,0,0,0,0,0,0,0,0,0,0,0,0,0,0,Inf,Inf,Inf,0.045,0.045,0.035,0.04,0.629834676133113,0.541625980141631,2.36264625443346e-12,1.27016701226176e-05,1.6781085568746,0.000132833707728031,0.78102865324936,9447.42242183926,866.782517102889,866.603193417067,866.561533442566,2834.22672655178,387.84,320,320
0.442,0,0,0,0,0,0,0,0,0,0,0,0,0,0,0,0,0,0,0,0,0,Inf,Inf,Inf,0.045,0.045,0.035,0.04,0.629836996328041,0.541627856716717,2.36264670408151e-12,1.2701677106713e-05,1.67810834944814,0.000132833705328366,0.781028622363156,9447.45544398067,866.79230746083,866.600101138994,866.561810800016,2834.2366331942,387.84,320,320
0.443,0,0,0,0,0,0,0,0,0,0,0,0,0,0,0,0,0,0,0,0,0,Inf,Inf,Inf,0.045,0.045,0.035,0.04,0.629840145901752,0.541628529935111,2.36264605614099e-12,1.27016798776052e-05,1.67810841212745,0.000132833703263369,0.781028586461412,9447.50994093739,866.793385990301,866.606681023238,866.572366593365,2834.25298228122,387.84,320,320
0.444,0,0,0,0,0,0,0,0,0,0,0,0,0,0,0,0,0,0,0,0,0,Inf,Inf,Inf,0.045,0.045,0.035,0.04,0.629841858071129,0.541631754628849,2.36264772563026e-12,1.27018595176919e-05,1.67810816437775,0.000132833697225938,0.781028611950879,9447.52549454193,866.793285876478,866.602687773384,866.572266635168,2834.25764836258,387.84,320,320
0.445,0,0,0,0,0,0,0,0,0,0,0,0,0,0,0,0,0,0,0,0,0,Inf,Inf,Inf,0.045,0.045,0.035,0.04,0.629843177071056,0.541634213878733,2.36265439829126e-12,1.27018645043569e-05,1.67810768166273,0.000132833702426357,0.781028597283812,9447.55204960535,866.802436416403,866.60866782883,866.572231877833,2834.26561488161,387.84,320,320
0.446,0,0,0,0,0,0,0,0,0,0,0,0,0,0,0,0,0,0,0,0,0,Inf,Inf,Inf,0.045,0.045,0.035,0.04,0.629846964914958,0.541635349115406,2.36266697783469e-12,1.27018705334369e-05,1.6781078554272,0.000132833702523424,0.781028534659837,9447.6020444332,866.80425471178,866.615587868323,866.583275416892,2834.28061332996,387.84,320,320
0.447,0,0,0,0,0,0,0,0,0,0,0,0,0,0,0,0,0,0,0,0,0,Inf,Inf,Inf,0.045,0.045,0.035,0.04,0.62984932724835,0.541637800787929,2.36268418540632e-12,1.27017152454326e-05,1.67810772852397,0.000132833695864394,0.781028558968469,9447.63373408441,866.804475409553,866.622106616279,866.583495861536,2834.29012022532,387.84,320,320
0.448,0,0,0,0,0,0,0,0,0,0,0,0,0,0,0,0,0,0,0,0,0,Inf,Inf,Inf,0.045,0.045,0.035,0.04,0.629850216796204,0.541640870328775,2.36270298553496e-12,1.27017204182503e-05,1.67810727410297,0.000132833690987205,0.781028560941964,9447.65352155404,866.804268453123,866.617591295493,866.583289784906,2834.29605646621,387.84,320,320
0.449,0,0,0,0,0,0,0,0,0,0,0,0,0,0,0,0,0,0,0,0,0,Inf,Inf,Inf,0.045,0.045,0.035,0.04,0.629854047619832,0.541642557528934,2.36271969959215e-12,1.27017286307503e-05,1.67810727045998,0.000132833693740568,0.781028515424546,9447.69762999244,866.81578653219,866.624678047304,866.584045954985,2834.30928899773,387.84,320,320
0.45,0,0,0,0,0,0,0,0,0,0,0,0,0,0,0,0,0,0,0,0,0,Inf,Inf,Inf,0.045,0.045,0.035,0.04,0.629857113122975,0.541643891802743,2.36273139864096e-12,1.27016513509073e-05,1.67810726504798,0.000132833689538902,0.781028506834628,9447.75135737424,866.816522357277,866.631852332011,866.595542091994,2834.32540721227,387.84,320,320
0.451,0,0,0,0,0,0,0,0,0,0,0,0,0,0,0,0,0,0,0,0,0,Inf,Inf,Inf,0.045,0.045,0.035,0.04,0.629858577905466,0.541647569396816,2.36273704791626e-12,1.27016556706526e-05,1.67810691174774,0.000132833678532639,0.781028513538902,9447.76447824569,866.816318590862,866.637736471162,866.595338786707,2834.32934347371,387.84,320,320
0.452,0,0,0,0,0,0,0,0,0,0,0,0,0,0,0,0,0,0,0,0,0,Inf,Inf,Inf,0.045,0.045,0.035,0.04,0.629861040887004,0.541649877777662,2.36273795568518e-12,1.27016619336284e-05,1.67810663702111,0.000132833676789847,0.781028483178303,9447.80154075849,866.82753143956,866.634000995567,866.595632130179,2834.34046222755,387.84,320,320
0.453,0,0,0,0,0,0,0,0,0,0,0,0,0,0,0,0,0,0,0,0,0,Inf,Inf,Inf,0.045,0.045,0.035,0.04,0.629864824469235,0.541650776018515,2.36273733445811e-12,1.27016654256943e-05,1.67810675101589,0.000132833675051793,0.781028430779493,9447.86356537248,866.828970473275,866.641664272773,866.607955082526,2834.35906961174,387.84,320,320
0.454,0,0,0,0,0,0,0,0,0,0,0,0,0,0,0,0,0,0,0,0,0,Inf,Inf,Inf,0.045,0.045,0.035,0.04,0.629866957841973,0.541654267450715,2.36273911899444e-12,1.27018364157269e-05,1.67810651300015,0.000132833666049452,0.781028467797132,9447.88636209108,866.828967972281,866.648453450929,866.607952590163,2834.36590862733,387.84,320,320
0.455,0,0,0,0,0,0,0,0,0,0,0,0,0,0,0,0,0,0,0,0,0,Inf,Inf,Inf,0.045,0.045,0.035,0.04,0.62986819525664,0.541657232034989,2.36274647564196e-12,1.27018423885073e-05,1.67810595404294,0.000132833672166107,0.781028462520164,9447.91566143264,866.839255560488,866.644000265386,866.607917557099,2834.37469842979,387.84,320,320
0.456,0,0,0,0,0,0,0,0,0,0,0,0,0,0,0,0,0,0,0,0,0,Inf,Inf,Inf,0.045,0.045,0.035,0.04,0.629872666586584,0.541658668990349,2.36276056797931e-12,1.27018463891377e-05,1.6781061820902,0.000132833672989133,0.781028392303904,9447.97169674206,866.841557121427,866.651944616426,866.60932475889,2834.39150902262,387.84,320,320
0.457,0,0,0,0,0,0,0,0,0,0,0,0,0,0,0,0,0,0,0,0,0,Inf,Inf,Inf,0.045,0.045,0.035,0.04,0.629875526253978,0.541661178793185,2.36278005995759e-12,1.27016997557079e-05,1.67810607253577,0.000132833666051041,0.781028403744795,9448.01376044941,866.841959479731,866.659511694927,866.62098375948,2834.40412813482,387.84,320,320
0.458,0,0,0,0,0,0,0,0,0,0,0,0,0,0,0,0,0,0,0,0,0,Inf,Inf,Inf,0.045,0.045,0.035,0.04,0.629876683321819,0.54166479756554,2.36280156630557e-12,1.27017068213627e-05,1.67810558927167,0.000132833661210678,0.781028402345993,9448.03517037023,866.841766718633,866.654411242404,866.620791817963,2834.41055111107,387.84,320,320
0.459,0,0,0,0,0,0,0,0,0,0,0,0,0,0,0,0,0,0,0,0,0,Inf,Inf,Inf,0.045,0.045,0.035,0.04,0.629880706443716,0.541666847343495,2.36282090070776e-12,1.27017132157238e-05,1.67810557145209,0.000132833664960433,0.781028367155527,9448.08382327048,866.854640733268,866.662416569468,866.621586657237,2834.42514698114,387.84,320,320
0.46,0,0,0,0,0,0,0,0,0,0,0,0,0,0,0,0,0,0,0,0,0,Inf,Inf,Inf,0.045,0.045,0.035,0.04,0.629884315328935,0.541668107698958,2.36283466160108e-12,1.27016344018868e-05,1.67810559987324,0.000132833660941962,0.781028363916724,9448.14954646151,866.855641316106,866.670598047318,866.634664880475,2834.44486393845,387.84,320,320
0.461,0,0,0,0,0,0,0,0,0,0,0,0,0,0,0,0,0,0,0,0,0,Inf,Inf,Inf,0.045,0.045,0.035,0.04,0.629886106546376,0.541672349940663,2.36284155436574e-12,1.27016398300732e-05,1.67810523632667,0.000132833649203035,0.781028374467913,9448.16351783563,866.855485842471,866.677385621268,866.634509760546,2834.44905535069,387.84,320,320
0.462,0,0,0,0,0,0,0,0,0,0,0,0,0,0,0,0,0,0,0,0,0,Inf,Inf,Inf,0.045,0.045,0.035,0.04,0.629888633878996,0.541675063127295,2.36284293568042e-12,1.27016470344992e-05,1.67810489613547,0.000132833646971564,0.781028340287753,9448.20392034933,866.867818494556,866.673129593906,866.634811929754,2834.4611761048,387.84,320,320
0.463,0,0,0,0,0,0,0,0,0,0,0,0,0,0,0,0,0,0,0,0,0,Inf,Inf,Inf,0.045,0.045,0.035,0.04,0.629892988484418,0.54167617242373,2.3628423527328e-12,1.27016523561082e-05,1.67810506466979,0.000132833645740198,0.781028287979192,9448.2724168377,866.869595663037,866.6817461119,866.648584042756,2834.48172505131,387.84,320,320
0.464,0,0,0,0,0,0,0,0,0,0,0,0,0,0,0,0,0,0,0,0,0,Inf,Inf,Inf,0.045,0.045,0.035,0.04,0.629895498227116,0.541679890363269,2.3628442312111e-12,1.27018115205452e-05,1.67810484224505,0.000132833636375904,0.781028324317227,9448.30166338368,866.869684307506,866.689450402195,866.648672553101,2834.4904990151,387.84,320,320
0.465,0,0,0,0,0,0,0,0,0,0,0,0,0,0,0,0,0,0,0,0,0,Inf,Inf,Inf,0.045,0.045,0.035,0.04,0.629896719633244,0.541683298175755,2.36285219694751e-12,1.27018167984626e-05,1.67810423698881,0.000132833641537751,0.781028316606521,9448.33340784179,866.869647705575,866.68448971986,866.648637208139,2834.50002235254,387.84,320,320
0.466,0,0,0,0,0,0,0,0,0,0,0,0,0,0,0,0,0,0,0,0,0,Inf,Inf,Inf,0.045,0.045,0.035,0.04,0.62990179321042,0.541684994716324,2.36286766795403e-12,1.27018228275966e-05,1.67810446797279,0.000132833643117126,0.781028243033628,9448.39494831174,866.883669188265,866.693348670697,866.650140916545,2834.51848449352,387.84,320,320
0.467,0,0,0,0,0,0,0,0,0,0,0,0,0,0,0,0,0,0,0,0,0,Inf,Inf,Inf,0.045,0.045,0.035,0.04,0.629905087048199,0.541687643784722,2.36288926379292e-12,1.27016868753046e-05,1.67810439512427,0.00013283363603258,0.781028249888601,9448.44491325109,866.884218658645,866.701855983943,866.663246523214,2834.53347397533,387.84,320,320
0.468,0,0,0,0,0,0,0,0,0,0,0,0,0,0,0,0,0,0,0,0,0,Inf,Inf,Inf,0.045,0.045,0.035,0.04,0.629906471299773,0.541691754568315,2.36291327677249e-12,1.27016940753033e-05,1.67810390549895,0.000132833630966918,0.781028252230171,9448.46800858446,866.884032438531,866.69621790951,866.663061094532,2834.54040257534,387.84,320,320
0.469,0,0,0,0,0,0,0,0,0,0,0,0,0,0,0,0,0,0,0,0,0,Inf,Inf,Inf,0.045,0.045,0.035,0.04,0.629910788477115,0.541694126310684,2.36293504620654e-12,1.27017006785694e-05,1.67810383643162,0.000132833635664075,0.781028223242469,9448.52123208001,866.898277907697,866.7051044456,866.663903704371,2834.556369624,387.84,320,320
0.47,0,0,0,0,0,0,0,0,0,0,0,0,0,0,0,0,0,0,0,0,0,Inf,Inf,Inf,0.045,0.045,0.035,0.04,0.629914902992011,0.541695393015881,2.3629507263502e-12,1.27016152295448e-05,1.67810391260082,0.000132833631908158,0.781028214471724,9448.59725771712,866.899507442448,866.714254868323,866.67853455045,2834.57917731514,387.84,320,320
0.471,0,0,0,0,0,0,0,0,0,0,0,0,0,0,0,0,0,0,0,0,0,Inf,Inf,Inf,0.045,0.045,0.035,0.04,0.629916997980365,0.541700181066727,2.36295877687836e-12,1.27016217662031e-05,1.67810355603765,0.000132833619514465,0.781028227493777,9448.61219061089,866.899388842874,866.721915735541,866.678416218879,2834.58365718327,387.84,320,320
0.472,0,0,0,0,0,0,0,0,0,0,0,0,0,0,0,0,0,0,0,0,0,Inf,Inf,Inf,0.045,0.045,0.035,0.04,0.629919631199983,0.541703288970547,2.36296059801259e-12,1.27016282495482e-05,1.67810315330413,0.000132833616849371,0.781028188677108,9448.65607553476,866.912970491011,866.717076285469,866.678730166894,2834.59682266043,387.84,320,320
0.473,0,0,0,0,0,0,0,0,0,0,0,0,0,0,0,0,0,0,0,0,0,Inf,Inf,Inf,0.045,0.045,0.035,0.04,0.629924559745143,0.541704607915823,2.36296004969996e-12,1.2701634846523e-05,1.67810337118174,0.000132833616105837,0.781028140700233,9448.73115789918,866.915083534799,866.726657522637,866.69407550436,2834.61934736975,387.84,320,320
0.474,0,0,0,0,0,0,0,0,0,0,0,0,0,0,0,0,0,0,0,0,0,Inf,Inf,Inf,0.045,0.045,0.035,0.04,0.629927455650006,0.541708541740289,2.36296201793587e-12,1.27017881943533e-05,1.67810316130692,0.000132833606310202,0.781028168223932,9448.76724203528,866.915268179039,866.735292929142,866.694259866182,2834.63017261058,387.84,320,320
0.475,0,0,0,0,0,0,0,0,0,0,0,0,0,0,0,0,0,0,0,0,0,Inf,Inf,Inf,0.045,0.045,0.035,0.04,0.629928582260942,0.54171240745403,2.3629705605713e-12,1.27017951533672e-05,1.67810252712723,0.000132833610216006,0.781028157177927,9448.80130393199,866.915231764051,866.729717796777,866.694224702951,2834.6403911796,387.84,320,320
0.476,0,0,0,0,0,0,0,0,0,0,0,0,0,0,0,0,0,0,0,0,0,Inf,Inf,Inf,0.045,0.045,0.035,0.04,0.629934269336487,0.54171438158595,2.36298733656058e-12,1.27018045445707e-05,1.67810276853818,0.000132833612452738,0.781028089428803,9448.8680580993,866.930679171748,866.739480483706,866.6958090833,2834.66041742979,387.84,320,320
0.477,0,0,0,0,0,0,0,0,0,0,0,0,0,0,0,0,0,0,0,0,0,Inf,Inf,Inf,0.045,0.045,0.035,0.04,0.629938014600791,0.541717058708139,2.36301092683231e-12,1.27016685428777e-05,1.67810271478904,0.000132833605397919,0.781028107603419,9448.92761797679,866.93140152607,866.748920195532,866.710432796531,2834.67828539304,387.84,320,320
0.478,0,0,0,0,0,0,0,0,0,0,0,0,0,0,0,0,0,0,0,0,0,Inf,Inf,Inf,0.045,0.045,0.035,0.04,0.629939646453527,0.541721662479852,2.36303732356485e-12,1.27016778744596e-05,1.67810220389545,0.000132833599916213,0.781028109158736,9448.95203739049,866.931231582288,866.742772558513,866.710263575263,2834.68561121715,387.84,320,320
0.479,0,0,0,0,0,0,0,0,0,0,0,0,0,0,0,0,0,0,0,0,0,Inf,Inf,Inf,0.045,0.045,0.035,0.04,0.629944105425566,0.541724364007563,2.36306142076131e-12,1.2701686445163e-05,1.67810212032761,0.000132833605379763,0.781028071421287,9449.00911197179,866.946649157791,866.752460006324,866.711134273068,2834.70273359154,387.84,320,320
0.48,0,0,0,0,0,0,0,0,0,0,0,0,0,0,0,0,0,0,0,0,0,Inf,Inf,Inf,0.045,0.045,0.035,0.04,0.629948707876543,0.541725543794033,2.36307895153382e-12,1.27015988821302e-05,1.67810222987796,0.000132833601732651,0.781028056858252,9449.09606018315,866.948125775736,866.762496457166,866.727156271112,2834.72881805494,387.84,320,320
0.481,0,0,0,0,0,0,0,0,0,0,0,0,0,0,0,0,0,0,0,0,0,Inf,Inf,Inf,0.045,0.045,0.035,0.04,0.629951100880973,0.541730833128475,2.36308813643203e-12,1.27016056392026e-05,1.67810186826741,0.000132833588749399,0.781028074226764,9449.11165403017,866.948056487122,866.770959376902,866.727087140578,2834.73349620905,387.84,320,320
0.482,0,0,0,0,0,0,0,0,0,0,0,0,0,0,0,0,0,0,0,0,0,Inf,Inf,Inf,0.045,0.045,0.035,0.04,0.629953765079849,0.541734304772472,2.36309040561725e-12,1.27016152275011e-05,1.67810140596472,0.000132833586763834,0.781028034445336,9449.15831364198,866.962586751697,866.765658605369,866.727405965172,2834.74749409259,387.84,320,320
0.483,0,0,0,0,0,0,0,0,0,0,0,0,0,0,0,0,0,0,0,0,0,Inf,Inf,Inf,0.045,0.045,0.035,0.04,0.6299592004002,0.541735817421902,2.36308990246811e-12,1.27016225456499e-05,1.67810167499296,0.000132833586479042,0.781027980220662,9449.23889507055,866.965010131296,866.776068619679,866.744005412964,2834.77166852116,387.84,320,320
0.484,0,0,0,0,0,0,0,0,0,0,0,0,0,0,0,0,0,0,0,0,0,Inf,Inf,Inf,0.045,0.045,0.035,0.04,0.629962435211291,0.54173992542657,2.36309193898742e-12,1.27017732176878e-05,1.67810148266534,0.000132833576408811,0.781028005723298,9449.28098928169,866.965283615606,866.78550717947,866.744278475911,2834.78429678451,387.84,320,320
0.485,0,0,0,0,0,0,0,0,0,0,0,0,0,0,0,0,0,0,0,0,0,Inf,Inf,Inf,0.045,0.045,0.035,0.04,0.629963568554827,0.54174418453208,2.36310097856343e-12,1.27017811629202e-05,1.67810082769411,0.000132833579065508,0.781027998337127,9449.31704920255,866.965247368436,866.779494435295,866.744243475851,2834.79511476077,387.84,320,320
0.486,0,0,0,0,0,0,0,0,0,0,0,0,0,0,0,0,0,0,0,0,0,Inf,Inf,Inf,0.045,0.045,0.035,0.04,0.629969743763444,0.541746393186637,2.3631189124676e-12,1.27017902067224e-05,1.67810105291441,0.000132833582188192,0.781027939445864,9449.3884302562,866.981889132135,866.790044330669,866.745903202116,2834.81652907686,387.84,320,320
0.487,0,0,0,0,0,0,0,0,0,0,0,0,0,0,0,0,0,0,0,0,0,Inf,Inf,Inf,0.045,0.045,0.035,0.04,0.629973875113159,0.541749171622521,2.36314429594352e-12,1.27016579315055e-05,1.6781010363716,0.000132833575133604,0.781027968098489,9449.4551628141,866.982750122479,866.80030122061,866.761784512591,2834.83654884423,387.84,320,320
0.488,0,0,0,0,0,0,0,0,0,0,0,0,0,0,0,0,0,0,0,0,0,Inf,Inf,Inf,0.045,0.045,0.035,0.04,0.629975713676686,0.541754207579324,2.36317285172871e-12,1.27016673378075e-05,1.67810052512257,0.000132833568760557,0.781027959570562,9449.4809372217,866.982589281887,866.793696961736,866.7616243546,2834.84428116651,387.84,320,320
0.489,0,0,0,0,0,0,0,0,0,0,0,0,0,0,0,0,0,0,0,0,0,Inf,Inf,Inf,0.045,0.045,0.035,0.04,0.629980404595215,0.541757196233203,2.36319906690143e-12,1.27016758787438e-05,1.67810039256802,0.000132833575036507,0.781027906159036,9449.54181469047,866.999172089318,866.804136794442,866.762530799999,2834.86254440714,387.84,320,320
0.49,0,0,0,0,0,0,0,0,0,0,0,0,0,0,0,0,0,0,0,0,0,Inf,Inf,Inf,0.045,0.045,0.035,0.04,0.629985452232747,0.541758363754501,2.36321828663521e-12,1.27016818256466e-05,1.67810054781717,0.000132833571596007,0.781027898203368,9449.63642213365,867.0008591086,866.81500876569,866.779892670984,2834.89092664009,387.84,320,320
0.491,0,0,0,0,0,0,0,0,0,0,0,0,0,0,0,0,0,0,0,0,0,Inf,Inf,Inf,0.045,0.045,0.035,0.04,0.629988117696239,0.541764128559315,2.36322850905741e-12,1.27015933923836e-05,1.67810019733697,0.000132833558093372,0.781027922217555,9449.6542949817,867.000828026307,866.824232436872,866.779861658805,2834.89628849451,387.84,320,320
0.492,0,0,0,0,0,0,0,0,0,0,0,0,0,0,0,0,0,0,0,0,0,Inf,Inf,Inf,0.045,0.045,0.035,0.04,0.629990849596034,0.541767948677526,2.36323118876736e-12,1.27016040891785e-05,1.678099678658,0.000132833557045572,0.78102788410152,9449.70380619443,867.016408255229,866.818420323765,866.78018788701,2834.91114185833,387.84,320,320
0.493,0,0,0,0,0,0,0,0,0,0,0,0,0,0,0,0,0,0,0,0,0,Inf,Inf,Inf,0.045,0.045,0.035,0.04,0.629996785843501,0.541769650705014,2.36323072709567e-12,1.27016117946271e-05,1.678099993314,0.000132833557290893,0.781027819370485,9449.78988946375,867.019135035137,866.829655080673,866.798133401539,2834.93696683913,387.84,320,320
0.494,0,0,0,0,0,0,0,0,0,0,0,0,0,0,0,0,0,0,0,0,0,Inf,Inf,Inf,0.045,0.045,0.035,0.04,0.630000363066568,0.541773919259299,2.36323282630976e-12,1.27017574907136e-05,1.6780998160648,0.00013283354703498,0.781027853324713,9449.83826051114,867.019500628368,866.839897691955,866.798498433935,2834.95147815334,387.84,320,320
0.495,0,0,0,0,0,0,0,0,0,0,0,0,0,0,0,0,0,0,0,0,0,Inf,Inf,Inf,0.045,0.045,0.035,0.04,0.630001663001268,0.541778578672552,2.36324232313783e-12,1.27017654360623e-05,1.67809914127156,0.000132833548286037,0.7810278483769,9449.87616053778,867.01946503196,866.833356584856,866.798464063448,2834.96284816133,387.84,320,320
0.496,0,0,0,0,0,0,0,0,0,0,0,0,0,0,0,0,0,0,0,0,0,Inf,Inf,Inf,0.045,0.045,0.035,0.04,0.630008095015341,0.541781034667612,2.36326132510383e-12,1.27017758135092e-05,1.67809937352689,0.00013283355214905,0.78102778939199,9449.95181218274,867.037307109404,866.844669577569,866.800182898818,2834.98554365482,387.84,320,320
0.497,0,0,0,0,0,0,0,0,0,0,0,0,0,0,0,0,0,0,0,0,0,Inf,Inf,Inf,0.045,0.045,0.035,0.04,0.630012621894398,0.541783809437897,2.36328836804406e-12,1.27016478580801e-05,1.67809937715119,0.000132833544857577,0.781027817316245,9450.02716275034,867.038328471416,866.855722114032,866.817365758539,2835.0081488251,387.84,320,320
0.498,0,0,0,0,0,0,0,0,0,0,0,0,0,0,0,0,0,0,0,0,0,Inf,Inf,Inf,0.045,0.045,0.035,0.04,0.630014682707241,0.541789271101105,2.36331893096741e-12,1.27016573540375e-05,1.67809885144229,0.000132833537805915,0.781027801811075,9450.05393104725,867.038185677904,866.848695341412,866.817223570871,2835.01617931417,387.84,320,320
0.499,0,0,0,0,0,0,0,0,0,0,0,0,0,0,0,0,0,0,0,0,0,Inf,Inf,Inf,0.045,0.045,0.035,0.04,0.630019460307932,0.541792549365248,2.3633471281728e-12,1.27016660293407e-05,1.67809870478841,0.000132833545091582,0.781027740806125,9450.1178749053,867.055728705864,866.85979986859,866.818146761565,2835.03536247159,387.84,320,320
0.5,0,0,0,0,0,0,0,0,0,0,0,0,0,0,0,0,0,0,0,0,0,Inf,Inf,Inf,0.045,0.045,0.035,0.04,0.630024929241261,0.541793741775346,2.36336794485886e-12,1.27016738839748e-05,1.67809889182506,0.000132833541749797,0.781027743058903,9450.21788469887,867.057639630938,866.87141607962,866.836676051223,2835.06536540966,387.84,320,320
0.501,0,0,0,0,0,0,0,0,0,0,0,0,0,0,0,0,0,0,0,0,0,Inf,Inf,Inf,0.045,0.045,0.035,0.04,0.630027857420549,0.541799809058748,2.3633791663364e-12,1.27015810329188e-05,1.67809854148492,0.000132833528029541,0.78102777369996,9450.24041939214,867.057657807023,866.881321631747,866.836694187669,2835.07212581764,387.84,320,320
0.502,0,0,0,0,0,0,0,0,0,0,0,0,0,0,0,0,0,0,0,0,0,Inf,Inf,Inf,0.045,0.045,0.035,0.04,0.630030585774847,0.541803943244699,2.36338225812868e-12,1.27015924509532e-05,1.67809796977071,0.000132833527726203,0.781027736508846,9450.2920728721,867.073991256655,866.875119334935,866.837021204131,2835.08762186163,387.84,320,320
0.503,0,0,0,0,0,0,0,0,0,0,0,0,0,0,0,0,0,0,0,0,0,Inf,Inf,Inf,0.045,0.045,0.035,0.04,0.630036952369109,0.541805816955595,2.36338184738229e-12,1.27016005437372e-05,1.67809833151652,0.000132833528329861,0.781027670126147,9450.38255085805,867.076993092972,866.887038518658,866.855994233274,2835.11476525742,387.84,320,320
0.504,0,0,0,0,0,0,0,0,0,0,0,0,0,0,0,0,0,0,0,0,0,Inf,Inf,Inf,0.045,0.045,0.035,0.04,0.630040822747425,0.541810203535832,2.36338398774712e-12,1.27017436807945e-05,1.67809817429266,0.000132833517727177,0.781027712570234,9450.4363408494,867.077442964815,866.89795293817,866.856443414442,2835.13090225482,387.84,320,320
0.505,0,0,0,0,0,0,0,0,0,0,0,0,0,0,0,0,0,0,0,0,0,Inf,Inf,Inf,0.045,0.045,0.035,0.04,0.63004226302592,0.54181519688499,2.36339385823515e-12,1.2701755335776e-05,1.67809748752938,0.000132833517276787,0.781027699512806,9450.47574699496,867.077408010622,866.891056013525,866.856409665042,2835.14272409849,387.84,320,320
0.506,0,0,0,0,0,0,0,0,0,0,0,0,0,0,0,0,0,0,0,0,0,Inf,Inf,Inf,0.045,0.045,0.035,0.04,0.630048947499259,0.541817856445368,2.36341377115865e-12,1.27017653658644e-05,1.67809770151287,0.000132833521743674,0.781027631340457,9450.55504247621,867.096214071647,866.90301031738,866.858181181392,2835.16651274286,387.84,320,320
0.507,0,0,0,0,0,0,0,0,0,0,0,0,0,0,0,0,0,0,0,0,0,Inf,Inf,Inf,0.045,0.045,0.035,0.04,0.630053802890096,0.541820693895318,2.36344225580835e-12,1.27016366537475e-05,1.67809774131737,0.000132833514511416,0.781027658757263,9450.63664021891,867.097361852484,866.914737657642,866.876401708751,2835.19099206567,387.84,320,320
0.508,0,0,0,0,0,0,0,0,0,0,0,0,0,0,0,0,0,0,0,0,0,Inf,Inf,Inf,0.045,0.045,0.035,0.04,0.630056044667087,0.541826517594359,2.36347458074255e-12,1.27016444808931e-05,1.67809722099216,0.000132833506872302,0.781027651116162,9450.6644067471,867.097230342294,866.907345611213,866.876270756318,2835.19932202413,387.84,320,320
0.509,0,0,0,0,0,0,0,0,0,0,0,0,0,0,0,0,0,0,0,0,0,Inf,Inf,Inf,0.045,0.045,0.035,0.04,0.630060988906759,0.541830041154543,2.3635045300047e-12,1.27016551535263e-05,1.67809702900033,0.000132833514968085,0.781027590293137,9450.73130673094,867.115707707843,866.919057041373,866.877217135384,2835.21939201928,387.84,320,320
0.51,0,0,0,0,0,0,0,0,0,0,0,0,0,0,0,0,0,0,0,0,0,Inf,Inf,Inf,0.045,0.045,0.035,0.04,0.630066832202709,0.54183134993876,2.36352676600825e-12,1.27016630678842e-05,1.67809725889286,0.000132833511791487,0.781027590297963,9450.83646732748,867.117805138613,866.931356698899,866.896844064974,2835.25094019824,387.84,320,320
0.511,0,0,0,0,0,0,0,0,0,0,0,0,0,0,0,0,0,0,0,0,0,Inf,Inf,Inf,0.045,0.045,0.035,0.04,0.630069995066983,0.541837666128199,2.36353888019039e-12,1.27015656764465e-05,1.67809692390167,0.000132833497434473,0.781027625226387,9450.86222202338,867.117861721475,866.941893361553,866.896900519719,2835.25866660701,387.84,320,320
0.512,0,0,0,0,0,0,0,0,0,0,0,0,0,0,0,0,0,0,0,0,0,Inf,Inf,Inf,0.045,0.045,0.035,0.04,0.630072752541516,0.541842094656869,2.36354234312182e-12,1.27015780361126e-05,1.67809630296151,0.000132833497844292,0.781027587569262,9450.91603970775,867.135025603208,866.935262267923,866.897230503635,2835.27481191233,387.84,320,320
0.513,0,0,0,0,0,0,0,0,0,0,0,0,0,0,0,0,0,0,0,0,0,Inf,Inf,Inf,0.045,0.045,0.035,0.04,0.630079536075937,0.541844133146756,2.36354197947092e-12,1.27015881254388e-05,1.67809670636768,0.000132833498858334,0.781027525089632,9451.01082161523,867.138291430655,866.947848627256,866.917295074813,2835.30324648457,387.84,320,320
0.514,0,0,0,0,0,0,0,0,0,0,0,0,0,0,0,0,0,0,0,0,0,Inf,Inf,Inf,0.045,0.045,0.035,0.04,0.630083697597401,0.541848621913342,2.36354415438029e-12,1.27017314968549e-05,1.67809656661526,0.000132833487986212,0.781027569320973,9451.07018760242,867.138827369614,866.959422768457,866.917830191611,2835.32105628073,387.84,320,320
0.515,0,0,0,0,0,0,0,0,0,0,0,0,0,0,0,0,0,0,0,0,0,Inf,Inf,Inf,0.045,0.045,0.035,0.04,0.630085285094036,0.541853949356041,2.36355435304114e-12,1.27017404286556e-05,1.67809586870429,0.000132833486572292,0.781027544054493,9451.1109184999,867.138793508443,866.952093603792,866.917797498561,2835.33327554997,387.84,320,320
0.516,0,0,0,0,0,0,0,0,0,0,0,0,0,0,0,0,0,0,0,0,0,Inf,Inf,Inf,0.045,0.045,0.035,0.04,0.630092140921403,0.541856820687166,2.36357507426219e-12,1.27017487777877e-05,1.67809608538842,0.000132833491862874,0.781027468863363,9451.19345007914,867.158549296146,866.964654026167,866.91960530807,2835.35803502374,387.84,320,320
0.517,0,0,0,0,0,0,0,0,0,0,0,0,0,0,0,0,0,0,0,0,0,Inf,Inf,Inf,0.045,0.045,0.035,0.04,0.630097327434183,0.541859622007579,2.36360484732568e-12,1.27016229033955e-05,1.67809614545034,0.000132833484944732,0.781027506779509,9451.28251611504,867.159841526913,866.977023070364,866.938883694213,2835.38475483451,387.84,320,320
0.518,0,0,0,0,0,0,0,0,0,0,0,0,0,0,0,0,0,0,0,0,0,Inf,Inf,Inf,0.045,0.045,0.035,0.04,0.630099761344983,0.54186579488331,2.36363875869731e-12,1.27016327727263e-05,1.67809561839036,0.000132833476456345,0.781027515256387,9451.31092340774,867.159729474348,866.969304697799,866.938772118013,2835.39327702232,387.84,320,320
0.519,0,0,0,0,0,0,0,0,0,0,0,0,0,0,0,0,0,0,0,0,0,Inf,Inf,Inf,0.045,0.045,0.035,0.04,0.63010473407706,0.541869561568731,2.36367030038927e-12,1.27016435200828e-05,1.67809541380531,0.000132833485428075,0.781027450270743,9451.38003490127,867.178932859048,866.98152971348,866.939723448094,2835.41401047038,387.84,320,320
0.52,0,0,0,0,0,0,0,0,0,0,0,0,0,0,0,0,0,0,0,0,0,Inf,Inf,Inf,0.045,0.045,0.035,0.04,0.630110922633747,0.541870992561632,2.36369384405947e-12,1.27016514792521e-05,1.67809567306991,0.000132833482731889,0.781027437597079,9451.48925197201,867.181226139996,866.994415027817,866.960267325148,2835.4467755916,387.84,320,320
0.521,0,0,0,0,0,0,0,0,0,0,0,0,0,0,0,0,0,0,0,0,0,Inf,Inf,Inf,0.045,0.045,0.035,0.04,0.630114307000684,0.541877418681547,2.36370679949968e-12,1.27015611315649e-05,1.67809534309839,0.000132833468343052,0.781027475012554,9451.51927901096,867.181330863718,867.005497885344,866.960371812905,2835.45578370329,387.84,320,320
0.522,0,0,0,0,0,0,0,0,0,0,0,0,0,0,0,0,0,0,0,0,0,Inf,Inf,Inf,0.045,0.045,0.035,0.04,0.630117026214882,0.541882104372787,2.36371062910824e-12,1.27015714949058e-05,1.67809467738142,0.000132833467727499,0.781027438283238,9451.57455652229,867.199033772457,866.998557671306,866.960698465464,2835.47236695669,387.84,320,320
0.523,0,0,0,0,0,0,0,0,0,0,0,0,0,0,0,0,0,0,0,0,0,Inf,Inf,Inf,0.045,0.045,0.035,0.04,0.63012415360122,0.541884288481441,2.36371032089141e-12,1.27015834138718e-05,1.67809512275679,0.000132833469316455,0.781027371645578,9451.67252718547,867.202532898247,867.011668171171,866.981538703528,2835.50175815564,387.84,320,320
0.524,0,0,0,0,0,0,0,0,0,0,0,0,0,0,0,0,0,0,0,0,0,Inf,Inf,Inf,0.045,0.045,0.035,0.04,0.630128555520376,0.541888836777979,2.36371250904773e-12,1.2701714562277e-05,1.67809500440431,0.000132833458237642,0.781027418579793,9451.73658666081,867.203146449574,867.02376699634,866.982151312471,2835.52097599824,387.84,320,320
0.525,0,0,0,0,0,0,0,0,0,0,0,0,0,0,0,0,0,0,0,0,0,Inf,Inf,Inf,0.045,0.045,0.035,0.04,0.63013026357785,0.541894430725044,2.36372295019876e-12,1.27017268563348e-05,1.67809430285902,0.000132833456945454,0.781027391064584,9451.77829990774,867.203113676289,867.016173324318,866.982119670705,2835.53348997232,387.84,320,320
0.526,0,0,0,0,0,0,0,0,0,0,0,0,0,0,0,0,0,0,0,0,0,Inf,Inf,Inf,0.045,0.045,0.035,0.04,0.630137281528255,0.541897469644071,2.36374431575018e-12,1.27017372340149e-05,1.67809449907012,0.00013283346269218,0.781027315377556,9451.8634135127,867.223580666336,867.029214580194,866.983956564613,2835.55902405381,387.84,320,320
0.527,0,0,0,0,0,0,0,0,0,0,0,0,0,0,0,0,0,0,0,0,0,Inf,Inf,Inf,0.045,0.045,0.035,0.04,0.630142731089362,0.541900295174155,2.36377514752721e-12,1.2701606666957e-05,1.67809459450535,0.000132833456035204,0.781027364777428,9451.95763250339,867.224983739362,867.042100587365,867.004027863966,2835.58728975102,387.84,320,320
0.528,0,0,0,0,0,0,0,0,0,0,0,0,0,0,0,0,0,0,0,0,0,Inf,Inf,Inf,0.045,0.045,0.035,0.04,0.630145315687647,0.541906751528552,2.36381038499944e-12,1.27016185337435e-05,1.67809407964658,0.000132833447689902,0.781027382737373,9451.98666394257,867.224884728017,867.034116250575,867.003929273468,2835.59599918277,387.84,320,320
0.529,0,0,0,0,0,0,0,0,0,0,0,0,0,0,0,0,0,0,0,0,0,Inf,Inf,Inf,0.045,0.045,0.035,0.04,0.630150388092316,0.541910715850955,2.36384327378829e-12,1.27016312038633e-05,1.67809383324581,0.000132833457630221,0.781027307051213,9452.05782751284,867.244772820755,867.04678985592,867.004891007399,2835.61734825385,387.84,320,320
0.53,0,0,0,0,0,0,0,0,0,0,0,0,0,0,0,0,0,0,0,0,0,Inf,Inf,Inf,0.045,0.045,0.035,0.04,0.630156871728678,0.541912245408858,2.36386793509022e-12,1.27016392227783e-05,1.67809413155487,0.000132833455416021,0.781027286485902,9452.17077132144,867.247224066394,867.060191917391,867.026267135822,2835.65123139643,387.84,320,320
0.531,0,0,0,0,0,0,0,0,0,0,0,0,0,0,0,0,0,0,0,0,0,Inf,Inf,Inf,0.045,0.045,0.035,0.04,0.630160447588661,0.541918833843085,2.36388161783522e-12,1.27015495436089e-05,1.6780938206569,0.000132833441044234,0.781027326529494,9452.20367624142,867.247366289982,867.071762599458,867.026409037062,2835.66110287243,387.84,320,320
0.532,0,0,0,0,0,0,0,0,0,0,0,0,0,0,0,0,0,0,0,0,0,Inf,Inf,Inf,0.045,0.045,0.035,0.04,0.630163157885928,0.541923753306918,2.36388577025426e-12,1.27015606282174e-05,1.6780931144436,0.000132833439114642,0.781027293155461,9452.26039145362,867.265665185864,867.064484488568,867.026734265929,2835.67811743608,387.84,320,320
0.533,0,0,0,0,0,0,0,0,0,0,0,0,0,0,0,0,0,0,0,0,0,Inf,Inf,Inf,0.045,0.045,0.035,0.04,0.630170609451852,0.541926073928889,2.36388551340867e-12,1.27015712719169e-05,1.67809359565075,0.000132833441176901,0.781027212617162,9452.36138500017,867.269383018954,867.078091093694,867.04839068041,2835.70841550005,387.84,320,320
0.534,0,0,0,0,0,0,0,0,0,0,0,0,0,0,0,0,0,0,0,0,0,Inf,Inf,Inf,0.045,0.045,0.035,0.04,0.63017524506666,0.541930664483504,2.3638877075833e-12,1.27017032548663e-05,1.67809349626689,0.000132833430356387,0.781027271720856,9452.43019847553,867.270074612946,867.090691786395,867.04908121466,2835.72905954266,387.84,320,320
0.535,0,0,0,0,0,0,0,0,0,0,0,0,0,0,0,0,0,0,0,0,0,Inf,Inf,Inf,0.045,0.045,0.035,0.04,0.630177077820334,0.541936519407831,2.36389834171803e-12,1.27017155491101e-05,1.67809279276815,0.000132833427912147,0.781027252879835,9452.47269636914,867.270043342539,867.082769619166,867.049051024891,2835.74180891074,387.84,320,320
0.536,0,0,0,0,0,0,0,0,0,0,0,0,0,0,0,0,0,0,0,0,0,Inf,Inf,Inf,0.045,0.045,0.035,0.04,0.630184178028947,0.541939730136554,2.36392023970176e-12,1.2701727260525e-05,1.67809298849607,0.000132833434232014,0.781027174628678,9452.55994704987,867.291190912373,867.096247755102,867.050900732567,2835.76798411496,387.84,320,320
0.537,0,0,0,0,0,0,0,0,0,0,0,0,0,0,0,0,0,0,0,0,0,Inf,Inf,Inf,0.045,0.045,0.035,0.04,0.630189887479337,0.541942487237758,2.36395196244924e-12,1.27015985999916e-05,1.67809310410578,0.000132833427656742,0.781027220570369,9452.66034084847,867.292719522065,867.109608355145,867.071765320181,2835.79810225454,387.84,320,320
0.538,0,0,0,0,0,0,0,0,0,0,0,0,0,0,0,0,0,0,0,0,0,Inf,Inf,Inf,0.045,0.045,0.035,0.04,0.630192630122285,0.541949208998765,2.36398833261189e-12,1.27016088279279e-05,1.67809258986268,0.000132833420163816,0.781027240073026,9452.68964626849,867.292640981836,867.101400546669,867.071687114208,2835.80689388055,387.84,320,320
0.539,0,0,0,0,0,0,0,0,0,0,0,0,0,0,0,0,0,0,0,0,0,Inf,Inf,Inf,0.045,0.045,0.035,0.04,0.630197671390278,0.541953364875695,2.36402239062583e-12,1.27016234656084e-05,1.67809233245743,0.000132833430833773,0.781027160599786,9452.76211885701,867.31300482019,867.114425722399,867.07264186592,2835.8286356571,387.84,320,320
0.54,0,0,0,0,0,0,0,0,0,0,0,0,0,0,0,0,0,0,0,0,0,Inf,Inf,Inf,0.045,0.045,0.035,0.04,0.630204416871402,0.541954996554876,2.3640480423601e-12,1.2701635180622e-05,1.67809265664642,0.000132833429061044,0.781027140614697,9452.87768525161,867.315619724483,867.128242264105,867.094664398364,2835.86330557548,387.84,320,320
0.541,0,0,0,0,0,0,0,0,0,0,0,0,0,0,0,0,0,0,0,0,0,Inf,Inf,Inf,0.045,0.045,0.035,0.04,0.630208168204811,0.541961614141441,2.36406239028137e-12,1.27015265860411e-05,1.67809235519063,0.000132833414315183,0.781027184050664,9452.91438992845,867.315807937586,867.140211546393,867.094852186157,2835.87431697854,387.84,320,320
0.542,0,0,0,0,0,0,0,0,0,0,0,0,0,0,0,0,0,0,0,0,0,Inf,Inf,Inf,0.045,0.045,0.035,0.04,0.630210806237869,0.541966728147498,2.36406685576127e-12,1.27015375039319e-05,1.67809161308824,0.0001328334115709,0.781027154211979,9452.97185055341,867.334418671038,867.132713017533,867.095170040994,2835.89155516602,387.84,320,320
0.543,0,0,0,0,0,0,0,0,0,0,0,0,0,0,0,0,0,0,0,0,0,Inf,Inf,Inf,0.045,0.045,0.035,0.04,0.630218507402818,0.541969164983513,2.3640666575003e-12,1.27015468723674e-05,1.67809212982015,0.000132833414160666,0.781027062484859,9453.0747571523,867.338322693179,867.146671797657,867.117331849043,2835.92242714569,387.84,320,320
0.544,0,0,0,0,0,0,0,0,0,0,0,0,0,0,0,0,0,0,0,0,0,Inf,Inf,Inf,0.045,0.045,0.035,0.04,0.630223325080438,0.541973755696282,2.36406883696178e-12,1.27016865022987e-05,1.67809205338289,0.000132833403113241,0.781027137831609,9453.14742525155,867.33908332645,867.159638200411,867.118091318065,2835.94422757546,387.84,320,320
0.545,0,0,0,0,0,0,0,0,0,0,0,0,0,0,0,0,0,0,0,0,0,Inf,Inf,Inf,0.045,0.045,0.035,0.04,0.630225255661861,0.541979803542984,2.36407957791754e-12,1.27017001303982e-05,1.67809135556775,0.000132833400287624,0.781027126550132,9453.19036339836,867.339053550958,867.151549866812,867.118062572397,2835.95710901951,387.84,320,320
0.546,0,0,0,0,0,0,0,0,0,0,0,0,0,0,0,0,0,0,0,0,0,Inf,Inf,Inf,0.045,0.045,0.035,0.04,0.630232425388541,0.541983141860889,2.36410184086519e-12,1.27017118419187e-05,1.67809152925034,0.000132833407535995,0.781027037831052,9453.27908314199,867.360643809155,867.165338023397,867.119917434962,2835.9837249426,387.84,320,320
0.547,0,0,0,0,0,0,0,0,0,0,0,0,0,0,0,0,0,0,0,0,0,Inf,Inf,Inf,0.045,0.045,0.035,0.04,0.630238326315222,0.541985885762527,2.36413421782815e-12,1.27015932332612e-05,1.67809167799851,0.000132833401329208,0.781027068609346,9453.3833980124,867.362264792525,867.179046472246,867.141311886913,2836.01501940372,387.84,320,320
0.548,0,0,0,0,0,0,0,0,0,0,0,0,0,0,0,0,0,0,0,0,0,Inf,Inf,Inf,0.045,0.045,0.035,0.04,0.630241185684374,0.541992806135886,2.36417145073462e-12,1.27016035211446e-05,1.6780911816631,0.000132833393136878,0.781027093328695,9453.41294552118,867.362200600073,867.170677366289,867.141247967417,2836.02388365635,387.84,320,320
0.549,0,0,0,0,0,0,0,0,0,0,0,0,0,0,0,0,0,0,0,0,0,Inf,Inf,Inf,0.045,0.045,0.035,0.04,0.63024625958785,0.541997107448664,2.36420642249113e-12,1.27016164154403e-05,1.67809088700561,0.000132833404345316,0.781027025261195,9453.48653180725,867.382987192946,867.183984084124,867.142200416785,2836.04595954217,387.84,320,320
0.55,0,0,0,0,0,0,0,0,0,0,0,0,0,0,0,0,0,0,0,0,0,Inf,Inf,Inf,0.045,0.045,0.035,0.04,0.630253214499225,0.541998817480478,2.36423286608793e-12,1.2701629978536e-05,1.6780912456899,0.000132833402669632,0.781027002424898,9453.60433347321,867.385727669488,867.198140370564,867.164773556884,2836.08130004196,387.84,320,320
0.551,0,0,0,0,0,0,0,0,0,0,0,0,0,0,0,0,0,0,0,0,0,Inf,Inf,Inf,0.045,0.045,0.035,0.04,0.630257109865451,0.542005509289928,2.36424775973173e-12,1.27015098398184e-05,1.67809096683219,0.000132833387819218,0.781027048203141,9453.64349030002,867.385951414771,867.210444264758,867.164996795097,2836.09304709001,387.84,320,320
0.552,0,0,0,0,0,0,0,0,0,0,0,0,0,0,0,0,0,0,0,0,0,Inf,Inf,Inf,0.045,0.045,0.035,0.04,0.63025970233804,0.54201079163822,2.36425249208326e-12,1.27015241965436e-05,1.67809019325693,0.000132833384489869,0.781027019476074,9453.70164122386,867.404914577616,867.20270479009,867.165308985798,2836.11049236716,387.84,320,320
0.553,0,0,0,0,0,0,0,0,0,0,0,0,0,0,0,0,0,0,0,0,0,Inf,Inf,Inf,0.045,0.045,0.035,0.04,0.630267628545539,0.542013333802098,2.36425234804734e-12,1.27015353946596e-05,1.67809073966519,0.000132833387543,0.781026926242942,9453.80623900808,867.408987345536,867.216979474577,867.187997671491,2836.14187170243,387.84,320,320
0.554,0,0,0,0,0,0,0,0,0,0,0,0,0,0,0,0,0,0,0,0,0,Inf,Inf,Inf,0.045,0.045,0.035,0.04,0.630272617789323,0.542017906784588,2.36425450533012e-12,1.27016696952952e-05,1.67809068395095,0.000132833376989085,0.781027008955934,9453.8827395316,867.409816240073,867.23028042591,867.18882529846,2836.16482185948,387.84,320,320
0.555,0,0,0,0,0,0,0,0,0,0,0,0,0,0,0,0,0,0,0,0,0,Inf,Inf,Inf,0.045,0.045,0.035,0.04,0.630274647988508,0.542024137477646,2.36426530139296e-12,1.27016782803941e-05,1.67808999339932,0.000132833374345901,0.781026998466379,9453.92591114111,867.409788335651,867.221972446515,867.188798359927,2836.17777334233,387.84,320,320
0.556,0,0,0,0,0,0,0,0,0,0,0,0,0,0,0,0,0,0,0,0,0,Inf,Inf,Inf,0.045,0.045,0.035,0.04,0.63028180957229,0.542027604284136,2.3642878118578e-12,1.27016916730934e-05,1.67809016300435,0.0001328333818677,0.781026900013504,9454.01563249874,867.431778327306,867.236020320404,867.190642493693,2836.20468974962,387.84,320,320
0.557,0,0,0,0,0,0,0,0,0,0,0,0,0,0,0,0,0,0,0,0,0,Inf,Inf,Inf,0.045,0.045,0.035,0.04,0.630287894156892,0.542030248519774,2.36432066616178e-12,1.27015861543922e-05,1.67809033003061,0.000132833375824318,0.781026920986993,9454.12471700177,867.433503426432,867.250027370727,867.212551511319,2836.23741510053,387.84,320,320
0.558,0,0,0,0,0,0,0,0,0,0,0,0,0,0,0,0,0,0,0,0,0,Inf,Inf,Inf,0.045,0.045,0.035,0.04,0.63029087437912,0.542037345440808,2.36435855665035e-12,1.27015963977375e-05,1.67808984125754,0.000132833367262223,0.781026958102303,9454.15416756104,867.433460293671,867.241541628162,867.212508563055,2836.24625026831,387.84,320,320
0.559,0,0,0,0,0,0,0,0,0,0,0,0,0,0,0,0,0,0,0,0,0,Inf,Inf,Inf,0.045,0.045,0.035,0.04,0.630295857667026,0.542041782977076,2.36439425174477e-12,1.27016110954297e-05,1.67808953881678,0.000132833378918846,0.781026906253232,9454.22813617542,867.454462828231,867.255031187926,867.213442269113,2836.26844085263,387.84,320,320
0.56,0,0,0,0,0,0,0,0,0,0,0,0,0,0,0,0,0,0,0,0,0,Inf,Inf,Inf,0.045,0.045,0.035,0.04,0.630302985784561,0.542043572979317,2.36442134879737e-12,1.27016228702741e-05,1.67808991935985,0.000132833377410832,0.781026871085914,9454.34707573824,867.457331465001,867.269422621166,867.236378265207,2836.30412272147,387.84,320,320
0.561,0,0,0,0,0,0,0,0,0,0,0,0,0,0,0,0,0,0,0,0,0,Inf,Inf,Inf,0.045,0.045,0.035,0.04,0.630307006979439,0.542050212228086,2.36443671784159e-12,1.27015029105045e-05,1.67808965400792,0.000132833362593204,0.781026917134204,9454.38948868919,867.457598072233,867.281969454422,867.236644269065,2836.31684660676,387.84,320,320
0.562,0,0,0,0,0,0,0,0,0,0,0,0,0,0,0,0,0,0,0,0,0,Inf,Inf,Inf,0.045,0.045,0.035,0.04,0.630309494784222,0.542055622430844,2.36444170286464e-12,1.27015158251863e-05,1.67808885438763,0.000132833358538658,0.781026887960151,9454.44765719666,867.476638858506,867.274103556153,867.236945224127,2836.334297159,387.84,320,320
0.563,0,0,0,0,0,0,0,0,0,0,0,0,0,0,0,0,0,0,0,0,0,Inf,Inf,Inf,0.045,0.045,0.035,0.04,0.630317571072378,0.542058248854472,2.36444161914689e-12,1.2701528465592e-05,1.67808942954903,0.000132833362442344,0.781026795055484,9454.55285582378,867.480846621684,867.288551282812,867.259857743984,2836.36585674713,387.84,320,320
0.564,0,0,0,0,0,0,0,0,0,0,0,0,0,0,0,0,0,0,0,0,0,Inf,Inf,Inf,0.045,0.045,0.035,0.04,0.630322680026046,0.542062763280653,2.36444373440129e-12,1.27016461655357e-05,1.67808939748261,0.000132833352222663,0.781026874475172,9454.6322811966,867.481734325212,867.30205131007,867.260744087995,2836.38968435898,387.84,320,320
0.565,0,0,0,0,0,0,0,0,0,0,0,0,0,0,0,0,0,0,0,0,0,Inf,Inf,Inf,0.045,0.045,0.035,0.04,0.630324782992057,0.54206910911055,2.36445450056961e-12,1.270165944668e-05,1.67808872101469,0.000132833349745967,0.781026866783792,9454.67534643868,867.481708275434,867.293679844829,867.260718940553,2836.4026039316,387.84,320,320
0.566,0,0,0,0,0,0,0,0,0,0,0,0,0,0,0,0,0,0,0,0,0,Inf,Inf,Inf,0.045,0.045,0.035,0.04,0.630331921518776,0.542072660556398,2.36447709103801e-12,1.27016728394952e-05,1.67808886656153,0.000132833357715249,0.781026770683752,9454.76540121328,867.5038637462,867.307861014488,867.262544556997,2836.42962036399,387.84,320,320
0.567,0,0,0,0,0,0,0,0,0,0,0,0,0,0,0,0,0,0,0,0,0,Inf,Inf,Inf,0.045,0.045,0.035,0.04,0.630338121789325,0.542075256053718,2.36451018393142e-12,1.27015790621482e-05,1.67808906397398,0.000132833352098781,0.781026792188273,9454.87707185528,867.505660377818,867.322039917247,867.284709066408,2836.46312155658,387.84,320,320
0.568,0,0,0,0,0,0,0,0,0,0,0,0,0,0,0,0,0,0,0,0,0,Inf,Inf,Inf,0.045,0.045,0.035,0.04,0.63034118200964,0.542082462627586,2.36454845827582e-12,1.27015911686903e-05,1.67808859937094,0.000132833342166615,0.781026836554659,9454.90638391344,867.505632429007,867.313500221411,867.284681237325,2836.47191517403,387.84,320,320
0.569,0,0,0,0,0,0,0,0,0,0,0,0,0,0,0,0,0,0,0,0,0,Inf,Inf,Inf,0.045,0.045,0.035,0.04,0.630346132359814,0.542086990235127,2.36458461655046e-12,1.27016022302049e-05,1.67808826477053,0.000132833354111578,0.781026791225697,9454.98051698456,867.526789986487,867.327099792209,867.285600322296,2836.49415509537,387.84,320,320
0.57,0,0,0,0,0,0,0,0,0,0,0,0,0,0,0,0,0,0,0,0,0,Inf,Inf,Inf,0.045,0.045,0.035,0.04,0.630353380118605,0.542088836525278,2.36461216408037e-12,1.27016139752544e-05,1.67808867472226,0.000132833352845206,0.781026745335053,9455.10017052401,867.529748834521,867.341648186197,867.308796149053,2836.5300511572,387.84,320,320
0.571,0,0,0,0,0,0,0,0,0,0,0,0,0,0,0,0,0,0,0,0,0,Inf,Inf,Inf,0.045,0.045,0.035,0.04,0.630357494869434,0.542095462528151,2.36462788586827e-12,1.2701490547593e-05,1.6780884348917,0.000132833338182331,0.781026791122684,9455.144539176,867.530048021509,867.35437042815,867.309094657508,2836.5433617528,387.84,320,320
0.572,0,0,0,0,0,0,0,0,0,0,0,0,0,0,0,0,0,0,0,0,0,Inf,Inf,Inf,0.045,0.045,0.035,0.04,0.630359902745112,0.542100972474964,2.36463307574469e-12,1.2701502020258e-05,1.67808761426034,0.000132833335111798,0.781026762413119,9455.20264820865,867.549194592182,867.346364207431,867.309385957789,2836.5607944626,387.84,320,320
0.573,0,0,0,0,0,0,0,0,0,0,0,0,0,0,0,0,0,0,0,0,0,Inf,Inf,Inf,0.045,0.045,0.035,0.04,0.630368101089854,0.542103670933509,2.36463304764206e-12,1.27015146607464e-05,1.67808821170668,0.000132833339208303,0.78102666380012,9455.30818899301,867.553517762946,867.36094305873,867.312328506035,2836.5924566979,387.84,320,320
0.574,0,0,0,0,0,0,0,0,0,0,0,0,0,0,0,0,0,0,0,0,0,Inf,Inf,Inf,0.045,0.045,0.035,0.04,0.630373316377418,0.542108109073039,2.36463511354321e-12,1.27016378228268e-05,1.67808820054917,0.000132833329340758,0.781026739334852,9455.3904491671,867.554462449394,867.374605072739,867.333472578974,2836.61713475013,387.84,320,320
0.575,0,0,0,0,0,0,0,0,0,0,0,0,0,0,0,0,0,0,0,0,0,Inf,Inf,Inf,0.045,0.045,0.035,0.04,0.630375491961254,0.542114556570608,2.3646457977061e-12,1.2701651104193e-05,1.67808753997507,0.000132833326685828,0.781026743510745,9455.43319941056,867.554438588944,867.366125206346,867.333449545694,2836.62995982317,387.84,320,320
0.576,0,0,0,0,0,0,0,0,0,0,0,0,0,0,0,0,0,0,0,0,0,Inf,Inf,Inf,0.045,0.045,0.035,0.04,0.630382532906727,0.542118190914205,2.36466834890546e-12,1.27016641497518e-05,1.67808767888149,0.000132833335110007,0.781026658925524,9455.5231125076,867.576708272708,867.380385468537,867.335241416097,2836.65693375228,387.84,320,320
0.577,0,0,0,0,0,0,0,0,0,0,0,0,0,0,0,0,0,0,0,0,0,Inf,Inf,Inf,0.045,0.045,0.035,0.04,0.630388837532853,0.542120657390337,2.36470149979005e-12,1.27015717922912e-05,1.67808789297021,0.000132833329918794,0.781026678927806,9455.63807096173,867.578585632428,867.394682551205,867.357634612221,2836.69142128852,387.84,320,320
0.578,0,0,0,0,0,0,0,0,0,0,0,0,0,0,0,0,0,0,0,0,0,Inf,Inf,Inf,0.045,0.045,0.035,0.04,0.630391979256235,0.542127948819423,2.36473994731391e-12,1.27015821704942e-05,1.67808744268031,0.000132833317768193,0.781026715836933,9455.66692042957,867.578578892444,867.386134378869,867.357627901644,2836.70007612887,387.84,320,320
0.579,0,0,0,0,0,0,0,0,0,0,0,0,0,0,0,0,0,0,0,0,0,Inf,Inf,Inf,0.045,0.045,0.035,0.04,0.630396781254993,0.542132554969365,2.36477637172917e-12,1.2701596883426e-05,1.6780871032967,0.000132833329815484,0.781026669291306,9455.74050859383,867.599689706845,867.399745652344,867.35851696076,2836.72215257815,387.84,320,320
0.58,0,0,0,0,0,0,0,0,0,0,0,0,0,0,0,0,0,0,0,0,0,Inf,Inf,Inf,0.045,0.045,0.035,0.04,0.630404110630486,0.542134457583896,2.36480422463363e-12,1.27016087031905e-05,1.67808753031367,0.000132833329295795,0.781026625966013,9455.85980257569,867.602738820345,867.414346296185,867.381786335263,2836.75794077271,387.84,320,320
0.581,0,0,0,0,0,0,0,0,0,0,0,0,0,0,0,0,0,0,0,0,0,Inf,Inf,Inf,0.045,0.045,0.035,0.04,0.630408299228973,0.54214095054593,2.3648202232431e-12,1.27014789611088e-05,1.67808730732745,0.000132833315338641,0.781026673356534,9455.90682552531,867.603076848501,867.427151751814,867.382123597841,2836.77204765759,387.84,320,320
0.582,0,0,0,0,0,0,0,0,0,0,0,0,0,0,0,0,0,0,0,0,0,Inf,Inf,Inf,0.045,0.045,0.035,0.04,0.63041057247552,0.542146519311319,2.36482560020098e-12,1.27014897128728e-05,1.67808647740791,0.00013283331370838,0.781026646589851,9455.96422952187,867.603351822949,867.419115883774,867.382400079923,2836.78926885656,387.84,320,320
0.583,0,0,0,0,0,0,0,0,0,0,0,0,0,0,0,0,0,0,0,0,0,Inf,Inf,Inf,0.045,0.045,0.035,0.04,0.630418818677946,0.54214926835458,2.36482563270116e-12,1.27015016323603e-05,1.67808708931181,0.000132833318138888,0.781026551025444,9456.06905597523,867.626470152659,867.433686072784,867.385285960033,2836.82071679257,387.84,320,320
0.584,0,0,0,0,0,0,0,0,0,0,0,0,0,0,0,0,0,0,0,0,0,Inf,Inf,Inf,0.045,0.045,0.035,0.04,0.630424088920328,0.542153591312981,2.36482763058669e-12,1.27016385818404e-05,1.67808710168467,0.000132833308729133,0.781026618553157,9456.15324548335,867.627462037336,867.447377151575,867.406472168559,2836.845973645,387.84,320,320
0.585,0,0,0,0,0,0,0,0,0,0,0,0,0,0,0,0,0,0,0,0,0,Inf,Inf,Inf,0.045,0.045,0.035,0.04,0.630426310549174,0.542160073973261,2.36483815052816e-12,1.27016515160692e-05,1.67808646389267,0.000132833305246805,0.781026635668155,9456.19535195215,867.627440336603,867.438938105762,867.406451220663,2836.85860558565,387.84,320,320
0.586,0,0,0,0,0,0,0,0,0,0,0,0,0,0,0,0,0,0,0,0,0,Inf,Inf,Inf,0.045,0.045,0.035,0.04,0.630433238139025,0.542163748188052,2.36486049836387e-12,1.27016645617541e-05,1.67808657824858,0.000132833313860247,0.78102655926984,9456.28446878707,867.649596653225,867.453153541463,867.40820174425,2836.88534063612,387.84,320,320
0.587,0,0,0,0,0,0,0,0,0,0,0,0,0,0,0,0,0,0,0,0,0,Inf,Inf,Inf,0.045,0.045,0.035,0.04,0.630439580421993,0.542166133057375,2.36489347160159e-12,1.27015720803125e-05,1.67808681963057,0.000132833309115284,0.781026568521519,9456.40061141571,867.651522910855,867.467444112948,867.430571791742,2836.92018342471,387.84,320,320
0.588,0,0,0,0,0,0,0,0,0,0,0,0,0,0,0,0,0,0,0,0,0,Inf,Inf,Inf,0.045,0.045,0.035,0.04,0.630442763627213,0.542173443380764,2.36493182072031e-12,1.27015825334287e-05,1.67808639828765,0.000132833295792739,0.781026591937415,9456.42895253018,867.651531714814,867.458949319193,867.43058055763,2836.92868575905,387.84,320,320
0.589,0,0,0,0,0,0,0,0,0,0,0,0,0,0,0,0,0,0,0,0,0,Inf,Inf,Inf,0.045,0.045,0.035,0.04,0.630447470122357,0.542178082514368,2.36496825202381e-12,1.27015955030139e-05,1.67808603194966,0.00013283330866516,0.781026548820275,9456.50176853139,867.672530722581,867.472498901156,867.431443352033,2836.95053055942,387.84,320,320
0.59,0,0,0,0,0,0,0,0,0,0,0,0,0,0,0,0,0,0,0,0,0,Inf,Inf,Inf,0.045,0.045,0.035,0.04,0.630454827506708,0.542180018085867,2.36499620713077e-12,1.27016073377787e-05,1.67808648265561,0.00013283330875478,0.781026515788945,9456.62026324461,867.67563265709,867.487072548057,867.454679973914,2836.98607897338,387.84,320,320
0.591,0,0,0,0,0,0,0,0,0,0,0,0,0,0,0,0,0,0,0,0,0,Inf,Inf,Inf,0.045,0.045,0.035,0.04,0.630459057464245,0.54218641303745,2.36501235906148e-12,1.27014684309242e-05,1.67808628767361,0.000132833295287512,0.781026566313056,9456.66868900647,867.675999422143,867.499892232232,867.455045907516,2837.00060670194,387.84,320,320
0.592,0,0,0,0,0,0,0,0,0,0,0,0,0,0,0,0,0,0,0,0,0,Inf,Inf,Inf,0.045,0.045,0.035,0.04,0.630461219434971,0.542192011509811,2.36501787439446e-12,1.27014791828753e-05,1.67808548604769,0.000132833294540912,0.781026540866086,9456.72529972651,867.676261167242,867.491817816989,867.455309087908,2837.01758991795,387.84,320,320
0.593,0,0,0,0,0,0,0,0,0,0,0,0,0,0,0,0,0,0,0,0,0,Inf,Inf,Inf,0.045,0.045,0.035,0.04,0.630469483433315,0.54219479803151,2.36501796242466e-12,1.27014923778097e-05,1.67808607346822,0.000132833299351891,0.781026446387296,9456.82913524642,867.699314823016,867.506334356924,867.458134247958,2837.04874057393,387.84,320,320
0.594,0,0,0,0,0,0,0,0,0,0,0,0,0,0,0,0,0,0,0,0,0,Inf,Inf,Inf,0.045,0.045,0.035,0.04,0.630474793316156,0.54219898898573,2.36501988546299e-12,1.27016366192556e-05,1.67808610704259,0.000132833290878967,0.781026515594868,9456.91511154663,867.70035121119,867.520013921027,867.479361005953,2837.07453346399,387.84,320,320
0.595,0,0,0,0,0,0,0,0,0,0,0,0,0,0,0,0,0,0,0,0,0,Inf,Inf,Inf,0.045,0.045,0.035,0.04,0.630477059328074,0.542205491122058,2.3650301904316e-12,1.27016482199719e-05,1.67808549379185,0.000132833285501641,0.781026534239522,9456.95637080664,867.700331961624,867.511577483358,867.479342424609,2837.08691124199,387.84,320,320
0.596,0,0,0,0,0,0,0,0,0,0,0,0,0,0,0,0,0,0,0,0,0,Inf,Inf,Inf,0.045,0.045,0.035,0.04,0.630483803131311,0.542209201519874,2.36505221747179e-12,1.27016625995336e-05,1.67808559952067,0.000132833294637296,0.781026459553802,9457.04422327659,867.722319347145,867.525692428835,867.48103728773,2837.11326698298,387.84,320,320
0.597,0,0,0,0,0,0,0,0,0,0,0,0,0,0,0,0,0,0,0,0,0,Inf,Inf,Inf,0.045,0.045,0.035,0.04,0.630490169379228,0.542211430702096,2.36508483410317e-12,1.27015708503874e-05,1.67808585457083,0.000132833289955226,0.781026460077297,9457.16213105667,867.724301565209,867.539920835904,867.503350028195,2837.148639317,387.84,320,320
0.598,0,0,0,0,0,0,0,0,0,0,0,0,0,0,0,0,0,0,0,0,0,Inf,Inf,Inf,0.045,0.045,0.035,0.04,0.630493393560665,0.542218733647028,2.36512287483097e-12,1.27015811395041e-05,1.67808545271528,0.000132833276963412,0.781026478726587,9457.18965842866,867.724331283537,867.531524315959,867.503379619596,2837.1568975286,387.84,320,320
0.599,0,0,0,0,0,0,0,0,0,0,0,0,0,0,0,0,0,0,0,0,0,Inf,Inf,Inf,0.045,0.045,0.035,0.04,0.630497897221109,0.54222339273375,2.36515911522937e-12,1.2701594019655e-05,1.67808508576822,0.000132833290015854,0.781026444906667,9457.26102510013,867.745024665021,867.544916351126,867.504201865349,2837.17830753004,387.84,320,320
0.6,0,0,0,0,0,0,0,0,0,0,0,0,0,0,0,0,0,0,0,0,0,Inf,Inf,Inf,0.045,0.045,0.035,0.04,0.630505243980127,0.542225360078885,2.36518702525838e-12,1.27016039467274e-05,1.67808554837615,0.000132833290592795,0.781026416003545,9457.3776877529,867.748177520333,867.559360387383,867.527224323279,2837.21330632587,387.84,320,320
0.601,0,0,0,0,0,0,0,0,0,0,0,0,0,0,0,0,0,0,0,0,0,Inf,Inf,Inf,0.045,0.045,0.035,0.04,0.630509494776205,0.542231544785023,2.36520325162457e-12,1.27014593444321e-05,1.67808537321351,0.000132833277480308,0.781026468958408,9457.42812276042,867.748578313501,867.572103517767,867.52762420893,2837.22843682813,387.84,320,320
0.602,0,0,0,0,0,0,0,0,0,0,0,0,0,0,0,0,0,0,0,0,0,Inf,Inf,Inf,0.045,0.045,0.035,0.04,0.630511495331412,0.542237132440392,2.36520888492312e-12,1.2701471926215e-05,1.67808459586292,0.000132833278232037,0.781026443437102,9457.48332923943,867.748822126326,867.564096514174,867.527869358307,2837.24499877183,387.84,320,320
0.603,0,0,0,0,0,0,0,0,0,0,0,0,0,0,0,0,0,0,0,0,0,Inf,Inf,Inf,0.045,0.045,0.035,0.04,0.630519704866252,0.542239935017985,2.36520903240274e-12,1.27014858423132e-05,1.67808516697134,0.000132833283307427,0.781026349381122,9457.58516548642,867.771531924247,867.578424722507,867.530602915977,2837.27554964593,387.84,320,320
0.604,0,0,0,0,0,0,0,0,0,0,0,0,0,0,0,0,0,0,0,0,0,Inf,Inf,Inf,0.045,0.045,0.035,0.04,0.63052500421833,0.542243957668657,2.36521086339999e-12,1.27016319907491e-05,1.67808522374779,0.000132833275180907,0.781026420203588,9457.67203567004,867.772602836059,867.591964300692,867.551611935159,2837.30161070101,387.84,320,320
0.605,0,0,0,0,0,0,0,0,0,0,0,0,0,0,0,0,0,0,0,0,0,Inf,Inf,Inf,0.045,0.045,0.035,0.04,0.630527288597196,0.542250414856748,2.36522087553169e-12,1.27016439390244e-05,1.67808464076887,0.000132833267630519,0.781026430633759,9457.71213626301,867.772585990986,867.58367191563,867.551595675069,2837.3136408789,387.84,320,320
0.606,0,0,0,0,0,0,0,0,0,0,0,0,0,0,0,0,0,0,0,0,0,Inf,Inf,Inf,0.045,0.045,0.035,0.04,0.630533833234627,0.542254119696856,2.36524242448018e-12,1.27016569849586e-05,1.67808472089614,0.000132833276773859,0.781026360520194,9457.79809685813,867.794186609591,867.597566994869,867.55322775793,2837.33942905744,387.84,320,320
0.607,0,0,0,0,0,0,0,0,0,0,0,0,0,0,0,0,0,0,0,0,0,Inf,Inf,Inf,0.045,0.045,0.035,0.04,0.630540158861998,0.542256237783727,2.36527445699225e-12,1.27015616475241e-05,1.67808499928452,0.000132833272800637,0.781026366802416,9457.91575703609,867.796193900432,867.611612650927,867.575241560064,2837.37472711083,387.84,320,320
0.608,0,0,0,0,0,0,0,0,0,0,0,0,0,0,0,0,0,0,0,0,0,Inf,Inf,Inf,0.045,0.045,0.035,0.04,0.630543385217909,0.542263469358029,2.36531192571969e-12,1.27015717875398e-05,1.67808463093204,0.000132833259928668,0.781026389322312,9457.94242587411,867.796239049402,867.603374124431,867.575286516203,2837.38272776223,387.84,320,320
0.609,0,0,0,0,0,0,0,0,0,0,0,0,0,0,0,0,0,0,0,0,0,Inf,Inf,Inf,0.045,0.045,0.035,0.04,0.630547735210596,0.54226810407038,2.36534772239853e-12,1.27015845931709e-05,1.67808424301284,0.000132833272745126,0.781026357774507,9458.01211922989,867.816561217937,867.616536842735,867.576071801291,2837.40363576897,387.84,320,320
0.61,0,0,0,0,0,0,0,0,0,0,0,0,0,0,0,0,0,0,0,0,0,Inf,Inf,Inf,0.045,0.045,0.035,0.04,0.630555018805699,0.542270080381448,2.36537538821595e-12,1.27015945501734e-05,1.67808472339552,0.000132833273478031,0.781026325427797,9458.1265145216,867.819728446182,867.630773312444,867.598774346578,2837.43795435648,387.84,320,320
0.611,0,0,0,0,0,0,0,0,0,0,0,0,0,0,0,0,0,0,0,0,0,Inf,Inf,Inf,0.045,0.045,0.035,0.04,0.630559258370125,0.54227608699047,2.36539156710149e-12,1.27014542523193e-05,1.67808457818747,0.000132833260867451,0.781026379224622,9458.17775877289,867.820153359482,867.643371528556,867.599198296859,2837.45332763187,387.84,320,320
0.612,0,0,0,0,0,0,0,0,0,0,0,0,0,0,0,0,0,0,0,0,0,Inf,Inf,Inf,0.045,0.045,0.035,0.04,0.63056112004763,0.542281634633286,2.36539726957449e-12,1.27014671678441e-05,1.67808383843459,0.000132833263145852,0.781026354216358,9458.23147188606,867.820380740548,867.635426480899,867.599426924675,2837.46944156582,387.84,320,320
0.613,0,0,0,0,0,0,0,0,0,0,0,0,0,0,0,0,0,0,0,0,0,Inf,Inf,Inf,0.045,0.045,0.035,0.04,0.630569244434379,0.542284439744026,2.36539747105561e-12,1.27014783665272e-05,1.67808437885731,0.00013283326845635,0.781026266213212,9458.33103259502,867.842738110684,867.649520822968,867.621747871831,2837.49930977851,387.84,320,320
0.614,0,0,0,0,0,0,0,0,0,0,0,0,0,0,0,0,0,0,0,0,0,Inf,Inf,Inf,0.045,0.045,0.035,0.04,0.630574516929628,0.542288278882752,2.36539920400071e-12,1.27016270720082e-05,1.67808445588259,0.000132833260440772,0.781026326995591,9458.41861693332,867.843840168235,867.662878722231,867.622848237236,2837.52558507999,387.84,320,320
0.615,0,0,0,0,0,0,0,0,0,0,0,0,0,0,0,0,0,0,0,0,0,Inf,Inf,Inf,0.045,0.045,0.035,0.04,0.63057681692102,0.542294674363167,2.36540887557798e-12,1.27016373393658e-05,1.67808390437058,0.000132833251681284,0.781026332137199,9458.45736733038,867.843825974535,867.654697020389,867.622834536652,2837.53721019911,387.84,320,320
0.616,0,0,0,0,0,0,0,0,0,0,0,0,0,0,0,0,0,0,0,0,0,Inf,Inf,Inf,0.045,0.045,0.035,0.04,0.630583096919545,0.542298368692057,2.36542983436968e-12,1.27016487043019e-05,1.67808397398555,0.000132833260963458,0.781026274152856,9458.54098901043,867.864983832607,867.668317470263,867.624390678295,2837.56229670313,387.84,320,320
0.617,0,0,0,0,0,0,0,0,0,0,0,0,0,0,0,0,0,0,0,0,0,Inf,Inf,Inf,0.045,0.045,0.035,0.04,0.630589367005575,0.542300307783114,2.365461110632e-12,1.27015555000068e-05,1.67808426344899,0.000132833257395951,0.781026294309824,9458.65888805389,867.86702154116,867.682125125217,867.646068088743,2837.59766641617,387.84,320,320
0.618,0,0,0,0,0,0,0,0,0,0,0,0,0,0,0,0,0,0,0,0,0,Inf,Inf,Inf,0.045,0.045,0.035,0.04,0.630592593631099,0.54230744147618,2.36549780411147e-12,1.27015657298579e-05,1.67808392002371,0.00013283324464372,0.781026317240627,9458.68441518587,867.867086873459,867.674087611509,867.646133142762,2837.60532455576,387.84,320,320
0.619,0,0,0,0,0,0,0,0,0,0,0,0,0,0,0,0,0,0,0,0,0,Inf,Inf,Inf,0.045,0.045,0.035,0.04,0.630596690948437,0.542312038092796,2.3655329643025e-12,1.270157676228e-05,1.67808353534925,0.00013283325745012,0.781026275010318,9458.75180001649,867.886854743948,867.686929612953,867.646868383813,2837.62554000495,387.84,320,320
0.62,0,0,0,0,0,0,0,0,0,0,0,0,0,0,0,0,0,0,0,0,0,Inf,Inf,Inf,0.045,0.045,0.035,0.04,0.630603873318073,0.542314021333401,2.365560240936e-12,1.27015885524401e-05,1.67808402206018,0.000132833258512627,0.781026242934188,9458.86295230674,867.890033078117,867.700860167722,867.6690777663,2837.65888569202,387.84,320,320
0.621,0,0,0,0,0,0,0,0,0,0,0,0,0,0,0,0,0,0,0,0,0,Inf,Inf,Inf,0.045,0.045,0.035,0.04,0.630608081012401,0.542319745748291,2.36557629313642e-12,1.27014507165812e-05,1.67808389880458,0.000132833246901522,0.78102629775988,9458.91553276224,867.890486537806,867.713226012577,867.669530199183,2837.67465982867,387.84,320,320
0.622,0,0,0,0,0,0,0,0,0,0,0,0,0,0,0,0,0,0,0,0,0,Inf,Inf,Inf,0.045,0.045,0.035,0.04,0.630609758365326,0.542325214086801,2.36558204268687e-12,1.27014627444413e-05,1.67808319277118,0.000132833249302399,0.781026276031851,9458.96718323221,867.890693237441,867.705443253251,867.669738031743,2837.69015496966,387.84,320,320
0.623,0,0,0,0,0,0,0,0,0,0,0,0,0,0,0,0,0,0,0,0,0,Inf,Inf,Inf,0.045,0.045,0.035,0.04,0.630617728429353,0.542328000741578,2.36558230106789e-12,1.2701474831036e-05,1.67808370998907,0.000132833254941835,0.781026188138966,9459.06352188881,867.912435083415,867.719176111778,867.672252186463,2837.71905656664,387.84,320,320
0.624,0,0,0,0,0,0,0,0,0,0,0,0,0,0,0,0,0,0,0,0,0,Inf,Inf,Inf,0.045,0.045,0.035,0.04,0.630622925820649,0.542331623233677,2.36558392049316e-12,1.27016181533278e-05,1.67808380868579,0.000132833247509844,0.781026245911469,9459.15095134273,867.913558253377,867.732230150736,867.692564944256,2837.74528540282,387.84,320,320
0.625,0,0,0,0,0,0,0,0,0,0,0,0,0,0,0,0,0,0,0,0,0,Inf,Inf,Inf,0.045,0.045,0.035,0.04,0.630625216250193,0.542337895523794,2.36559317947482e-12,1.27016297546701e-05,1.67808329407256,0.000132833238063493,0.78102625319762,9459.18806329142,867.913546644186,867.72429198159,867.692553738541,2837.75641898743,387.84,320,320
0.626,0,0,0,0,0,0,0,0,0,0,0,0,0,0,0,0,0,0,0,0,0,Inf,Inf,Inf,0.045,0.045,0.035,0.04,0.63063121777245,0.542341539357171,2.36561340082362e-12,1.27016394385915e-05,1.67808333821472,0.000132833247460897,0.781026205452532,9459.26875842489,867.934056553473,867.737524944282,867.694027573314,2837.78062752747,387.84,320,320
0.627,0,0,0,0,0,0,0,0,0,0,0,0,0,0,0,0,0,0,0,0,0,Inf,Inf,Inf,0.045,0.045,0.035,0.04,0.630637370686945,0.542343341862779,2.3656437062542e-12,1.27015545992593e-05,1.67808364770824,0.000132833244373138,0.78102623127921,9459.38498571894,867.936094946707,867.750980115092,867.71514001403,2837.81549571568,387.84,320,320
0.628,0,0,0,0,0,0,0,0,0,0,0,0,0,0,0,0,0,0,0,0,0,Inf,Inf,Inf,0.045,0.045,0.035,0.04,0.630640560397691,0.542350316670628,2.36567937448607e-12,1.27015647845264e-05,1.6780833416453,0.00013283323199745,0.781026248300785,9459.40933211181,867.936175139171,867.743199970234,867.715219864213,2837.82279963354,387.84,320,320
0.629,0,0,0,0,0,0,0,0,0,0,0,0,0,0,0,0,0,0,0,0,0,Inf,Inf,Inf,0.045,0.045,0.035,0.04,0.63064445161577,0.542354832730989,2.36571365719031e-12,1.27015776053778e-05,1.67808294115449,0.000132833245132083,0.781026194373784,9459.47419963167,867.955326084393,867.755653204122,867.71590864162,2837.8422598895,387.84,320,320
0.63,0,0,0,0,0,0,0,0,0,0,0,0,0,0,0,0,0,0,0,0,0,Inf,Inf,Inf,0.045,0.045,0.035,0.04,0.630651482376727,0.542356800903072,2.36574035367493e-12,1.27015893657249e-05,1.67808343925305,0.000132833246744036,0.781026170452981,9459.58169722913,867.958480273763,867.769203442081,867.737523377815,2837.87450916874,387.84,320,320
0.631,0,0,0,0,0,0,0,0,0,0,0,0,0,0,0,0,0,0,0,0,0,Inf,Inf,Inf,0.045,0.045,0.035,0.04,0.630655627170477,0.542362273691497,2.36575616123367e-12,1.27014426350463e-05,1.67808334716524,0.000132833235861114,0.781026227513001,9459.63446846932,867.958952595044,867.781271179999,867.737994629031,2837.8903405408,387.84,320,320
0.632,0,0,0,0,0,0,0,0,0,0,0,0,0,0,0,0,0,0,0,0,0,Inf,Inf,Inf,0.045,0.045,0.035,0.04,0.630657142383197,0.542367634327962,2.36576190978603e-12,1.27014562719438e-05,1.67808268723042,0.000132833238212343,0.78102621072424,9459.68397588993,867.95914015784,867.773647151348,867.738183220002,2837.90519276698,387.84,320,320
0.633,0,0,0,0,0,0,0,0,0,0,0,0,0,0,0,0,0,0,0,0,0,Inf,Inf,Inf,0.045,0.045,0.035,0.04,0.630664928170419,0.542370389039938,2.36576221925294e-12,1.27014674708042e-05,1.67808316744712,0.00013283324387312,0.781026126676819,9459.77683371479,867.98025645075,867.7869748321,867.740570267784,2837.93305011444,387.84,320,320
0.634,0,0,0,0,0,0,0,0,0,0,0,0,0,0,0,0,0,0,0,0,0,Inf,Inf,Inf,0.045,0.045,0.035,0.04,0.630670034022378,0.542373781906666,2.36576372025878e-12,1.27016139875381e-05,1.67808328537303,0.000132833236930693,0.781026186684438,9459.86390696783,867.981396863581,867.799684480738,867.760401857771,2837.95917209035,387.84,320,320
0.635,0,0,0,0,0,0,0,0,0,0,0,0,0,0,0,0,0,0,0,0,0,Inf,Inf,Inf,0.045,0.045,0.035,0.04,0.630672311465313,0.542379914287193,2.36577252350425e-12,1.27016255890793e-05,1.67808280898498,0.000132833226630282,0.781026194460609,9459.89920703473,867.981388040724,867.79195962385,867.760393341669,2837.96976211042,387.84,320,320
0.636,0,0,0,0,0,0,0,0,0,0,0,0,0,0,0,0,0,0,0,0,0,Inf,Inf,Inf,0.045,0.045,0.035,0.04,0.630677974820018,0.542383502077428,2.36579190401372e-12,1.27016389826833e-05,1.67808284182115,0.000132833236156229,0.781026145275256,9459.97656283402,868.001197226136,867.804753486539,867.761773081391,2837.99296885021,387.84,320,320
0.637,0,0,0,0,0,0,0,0,0,0,0,0,0,0,0,0,0,0,0,0,0,Inf,Inf,Inf,0.045,0.045,0.035,0.04,0.630683995509791,0.542385106264514,2.36582107821391e-12,1.27015515381535e-05,1.67808315914407,0.000132833233622661,0.781026165891322,9460.09153518612,868.003240346436,867.817803605389,867.782283637011,2838.02746055584,387.84,320,320
0.638,0,0,0,0,0,0,0,0,0,0,0,0,0,0,0,0,0,0,0,0,0,Inf,Inf,Inf,0.045,0.045,0.035,0.04,0.630687145596111,0.542391896624407,2.36585553042826e-12,1.27015615294473e-05,1.67808288175535,0.000132833221907556,0.78102618269301,9460.11444309945,868.003339573291,867.81032070446,867.782382441046,2838.03433292983,387.84,320,320
0.639,0,0,0,0,0,0,0,0,0,0,0,0,0,0,0,0,0,0,0,0,0,Inf,Inf,Inf,0.045,0.045,0.035,0.04,0.630690740228399,0.542396318495902,2.36588875340067e-12,1.27015741711811e-05,1.67808248859946,0.000132833235168367,0.781026129527575,9460.17620915243,868.021703911758,867.822300117627,867.783012934461,2838.05286274573,387.84,320,320
0.64,0,0,0,0,0,0,0,0,0,0,0,0,0,0,0,0,0,0,0,0,0,Inf,Inf,Inf,0.045,0.045,0.035,0.04,0.630697583018713,0.542398269065439,2.36591473134618e-12,1.27015840238e-05,1.6780829871667,0.00013283323676553,0.781026110813757,9460.27914891823,868.024829892126,867.835378005461,867.803871118481,2838.08374467547,387.84,320,320
0.641,0,0,0,0,0,0,0,0,0,0,0,0,0,0,0,0,0,0,0,0,0,Inf,Inf,Inf,0.045,0.045,0.035,0.04,0.630701644822558,0.54240339475086,2.36593021727939e-12,1.2701436884758e-05,1.67808291861356,0.000132833226575986,0.781026169628666,9460.33257146522,868.025324743164,867.847065317067,867.804364849385,2838.09977143956,387.84,320,320
0.642,0,0,0,0,0,0,0,0,0,0,0,0,0,0,0,0,0,0,0,0,0,Inf,Inf,Inf,0.045,0.045,0.035,0.04,0.630703131291185,0.542408610423472,2.36593594199333e-12,1.27014492464377e-05,1.6780823009758,0.000132833228988436,0.781026156874723,9460.37941474829,868.025489389307,867.839693861577,867.804530397731,2838.11382442449,387.84,320,320
0.643,0,0,0,0,0,0,0,0,0,0,0,0,0,0,0,0,0,0,0,0,0,Inf,Inf,Inf,0.045,0.045,0.035,0.04,0.630710493731173,0.542411313039977,2.36593630448915e-12,1.27014591700178e-05,1.67808275148692,0.000132833234622875,0.781026076090564,9460.46791982321,868.045735690699,867.852497673669,867.806764465179,2838.14037594696,387.84,320,320
0.644,0,0,0,0,0,0,0,0,0,0,0,0,0,0,0,0,0,0,0,0,0,Inf,Inf,Inf,0.045,0.045,0.035,0.04,0.630715462428912,0.542414446841002,2.36593767355198e-12,1.27016135880622e-05,1.67808289006439,0.00013283322837765,0.781026143602253,9460.55380274414,868.046883414931,867.864748811373,867.825886388292,2838.16614082324,387.84,320,320
0.645,0,0,0,0,0,0,0,0,0,0,0,0,0,0,0,0,0,0,0,0,0,Inf,Inf,Inf,0.045,0.045,0.035,0.04,0.630717702843354,0.542420381606865,2.36594595617517e-12,1.27016275655529e-05,1.67808245643153,0.000132833217411635,0.781026144327706,9460.58703121878,868.046877289235,867.857360758672,867.825880475567,2838.17610936563,387.84,320,320
0.646,0,0,0,0,0,0,0,0,0,0,0,0,0,0,0,0,0,0,0,0,0,Inf,Inf,Inf,0.045,0.045,0.035,0.04,0.630723016806372,0.542423875585735,2.36596436153207e-12,1.27016385835023e-05,1.67808246361591,0.000132833227050478,0.781026087249699,9460.66051174217,868.0657959769,867.869611032223,867.827160749866,2838.19815352265,387.84,320,320
0.647,0,0,0,0,0,0,0,0,0,0,0,0,0,0,0,0,0,0,0,0,0,Inf,Inf,Inf,0.045,0.045,0.035,0.04,0.630728847398605,0.542425322240767,2.36599220731704e-12,1.27016473365078e-05,1.67808279636463,0.000132833225120118,0.781026104355984,9460.77135571943,868.067815459429,867.882149596583,867.846856624574,2838.23140671583,387.84,320,320
0.648,0,0,0,0,0,0,0,0,0,0,0,0,0,0,0,0,0,0,0,0,0,Inf,Inf,Inf,0.045,0.045,0.035,0.04,0.630731922678637,0.542431871098596,2.36602521238356e-12,1.27015591825345e-05,1.678082559207,0.000132833214115345,0.78102613413255,9460.79387246832,868.0679285431,867.875015752329,867.8469692269,2838.23816174049,387.84,320,320
0.649,0,0,0,0,0,0,0,0,0,0,0,0,0,0,0,0,0,0,0,0,0,Inf,Inf,Inf,0.045,0.045,0.035,0.04,0.630735265649993,0.542436158793523,2.36605715148117e-12,1.27015699763517e-05,1.67808215622465,0.000132833227047975,0.781026090316802,9460.8523543893,868.085449808327,867.88645895716,867.847545157333,2838.25570631679,387.84,320,320
0.65,0,0,0,0,0,0,0,0,0,0,0,0,0,0,0,0,0,0,0,0,0,Inf,Inf,Inf,0.045,0.045,0.035,0.04,0.630741873268526,0.542438070817906,2.36608223199682e-12,1.27015798439583e-05,1.67808265986294,0.000132833228957429,0.781026064483633,9460.95036592264,868.088514020151,867.898995755252,867.867553023246,2838.28510977679,387.84,320,320
0.651,0,0,0,0,0,0,0,0,0,0,0,0,0,0,0,0,0,0,0,0,0,Inf,Inf,Inf,0.045,0.045,0.035,0.04,0.63074582269248,0.542442879546577,2.36609728460512e-12,1.27014385129501e-05,1.67808262316439,0.000132833219398727,0.781026122297221,9461.00335279986,868.089021976281,867.910241413659,867.868059828794,2838.30100583996,387.84,320,320
0.652,0,0,0,0,0,0,0,0,0,0,0,0,0,0,0,0,0,0,0,0,0,Inf,Inf,Inf,0.045,0.045,0.035,0.04,0.63074729229034,0.542447923501971,2.36610293894057e-12,1.27014508747693e-05,1.67808205897293,0.000132833221503619,0.781026112171528,9461.04746899312,868.089165336675,867.903119479983,867.868203975034,2838.31424069794,387.84,320,320
0.653,0,0,0,0,0,0,0,0,0,0,0,0,0,0,0,0,0,0,0,0,0,Inf,Inf,Inf,0.045,0.045,0.035,0.04,0.630754213828239,0.54245056101634,2.36610334831749e-12,1.27014615194753e-05,1.67808246757206,0.000132833227797267,0.781026036071737,9461.13139583505,868.108533999131,867.915359807544,867.870283037905,2838.33941875052,387.84,320,320
0.654,0,0,0,0,0,0,0,0,0,0,0,0,0,0,0,0,0,0,0,0,0,Inf,Inf,Inf,0.045,0.045,0.035,0.04,0.630759029687262,0.542453425575493,2.36610458189706e-12,1.27016169547719e-05,1.67808262401441,0.000132833222434951,0.781026103586132,9461.2158801085,868.109684868616,867.927115203047,867.888685524946,2838.36476403255,387.84,320,320
0.655,0,0,0,0,0,0,0,0,0,0,0,0,0,0,0,0,0,0,0,0,0,Inf,Inf,Inf,0.045,0.045,0.035,0.04,0.630761229381067,0.542459147088316,2.36611230671824e-12,1.27016275701482e-05,1.67808223358987,0.000132833210579223,0.781026098263858,9461.24688721075,868.109681596909,867.920035246546,867.888682366963,2838.37406616322,387.84,320,320
0.656,0,0,0,0,0,0,0,0,0,0,0,0,0,0,0,0,0,0,0,0,0,Inf,Inf,Inf,0.045,0.045,0.035,0.04,0.630766140748586,0.54246254174348,2.36612964519447e-12,1.27016379489615e-05,1.6780822280702,0.000132833220141847,0.781026039610657,9461.31612591013,868.12766362299,867.931695535475,867.889852943595,2838.39483777304,387.84,320,320
0.657,0,0,0,0,0,0,0,0,0,0,0,0,0,0,0,0,0,0,0,0,0,Inf,Inf,Inf,0.045,0.045,0.035,0.04,0.630771767083515,0.542463788518267,2.36615601838227e-12,1.27016446735445e-05,1.67808256494927,0.000132833218622518,0.781026060896021,9461.42112616557,868.129662605402,867.943674767021,867.908701373695,2838.42633784967,387.84,320,320
0.658,0,0,0,0,0,0,0,0,0,0,0,0,0,0,0,0,0,0,0,0,0,Inf,Inf,Inf,0.045,0.045,0.035,0.04,0.630774764609323,0.542470059063979,2.36618740329445e-12,1.27015580573262e-05,1.67808236031874,0.000132833208317161,0.781026106399647,9461.44510887651,868.129793183616,867.936925580067,867.908831397507,2838.43353266295,387.84,320,320
0.659,0,0,0,0,0,0,0,0,0,0,0,0,0,0,0,0,0,0,0,0,0,Inf,Inf,Inf,0.045,0.045,0.035,0.04,0.6307777740801,0.542474199776271,2.36621789190356e-12,1.27015670181607e-05,1.67808196901726,0.000132833220846065,0.781026067653186,9461.49978168893,868.146317474339,867.947755600527,867.909342262471,2838.44993450668,387.84,320,320
0.66,0,0,0,0,0,0,0,0,0,0,0,0,0,0,0,0,0,0,0,0,0,Inf,Inf,Inf,0.045,0.045,0.035,0.04,0.630784112926669,0.542476070569474,2.36624194720698e-12,1.27015750527206e-05,1.67808246732621,0.000132833223199471,0.78102602946426,9461.59204830788,868.149315610078,867.959667486754,867.928352120199,2838.47761449236,387.84,320,320
0.661,0,0,0,0,0,0,0,0,0,0,0,0,0,0,0,0,0,0,0,0,0,Inf,Inf,Inf,0.045,0.045,0.035,0.04,0.630787931071896,0.542480475917812,2.36625649416658e-12,1.27014431389888e-05,1.67808245489658,0.000132833214731481,0.781026084245828,9461.64500594617,868.149839693671,867.970396009701,867.928875017122,2838.49350178385,387.84,320,320
0.662,0,0,0,0,0,0,0,0,0,0,0,0,0,0,0,0,0,0,0,0,0,Inf,Inf,Inf,0.045,0.045,0.035,0.04,0.630789377996861,0.542485313680169,2.3662620554743e-12,1.27014553342272e-05,1.67808194010841,0.000132833217281088,0.781026077399966,9461.68592789789,868.149958468462,867.963610155739,867.928994442784,2838.50577836937,387.84,320,320
0.663,0,0,0,0,0,0,0,0,0,0,0,0,0,0,0,0,0,0,0,0,0,Inf,Inf,Inf,0.045,0.045,0.035,0.04,0.630795768790044,0.542487867160404,2.36626251279791e-12,1.27014678087044e-05,1.67808231400114,0.000132833223879833,0.78102600888719,9461.76449064073,868.168226105914,867.975178935219,867.930895559454,2838.52934719222,387.84,320,320
0.664,0,0,0,0,0,0,0,0,0,0,0,0,0,0,0,0,0,0,0,0,0,Inf,Inf,Inf,0.045,0.045,0.035,0.04,0.6308003894822,0.542490437165904,2.36626359949594e-12,1.27016153344957e-05,1.67808248886726,0.000132833218973298,0.781026066055495,9461.84678786102,868.169370442995,867.986334141628,867.948368483917,2838.55403635831,387.84,320,320
0.665,0,0,0,0,0,0,0,0,0,0,0,0,0,0,0,0,0,0,0,0,0,Inf,Inf,Inf,0.045,0.045,0.035,0.04,0.63080252581995,0.542495892263013,2.36627070995345e-12,1.27016279784709e-05,1.67808214549896,0.000132833206007287,0.781026066521372,9461.87534710955,868.169369912268,867.979675683551,867.948367971619,2838.56260413287,387.84,320,320
0.666,0,0,0,0,0,0,0,0,0,0,0,0,0,0,0,0,0,0,0,0,0,Inf,Inf,Inf,0.045,0.045,0.035,0.04,0.630807026877762,0.54249915247307,2.36628686284872e-12,1.27016366762057e-05,1.67808211465952,0.00013283321556382,0.781026014358658,9461.93987026611,868.186243374219,867.990651542121,867.949424680601,2838.58196107983,387.84,320,320
0.667,0,0,0,0,0,0,0,0,0,0,0,0,0,0,0,0,0,0,0,0,0,Inf,Inf,Inf,0.045,0.045,0.035,0.04,0.63081239559167,0.542500369756229,2.36631158767505e-12,1.27016430535201e-05,1.67808246298117,0.000132833214540652,0.781026036499417,9462.03832700053,868.188195075845,868.001974638653,867.967231134062,2838.61149810016,387.84,320,320
0.668,0,0,0,0,0,0,0,0,0,0,0,0,0,0,0,0,0,0,0,0,0,Inf,Inf,Inf,0.045,0.045,0.035,0.04,0.630815282556646,0.542506179020421,2.36634114495751e-12,1.27015575411193e-05,1.67808230133621,0.00013283320503254,0.781026086203311,9462.0627876327,868.188338109948,867.995656370256,867.967373560682,2838.61883628981,387.84,320,320
0.669,0,0,0,0,0,0,0,0,0,0,0,0,0,0,0,0,0,0,0,0,0,Inf,Inf,Inf,0.045,0.045,0.035,0.04,0.630818002652378,0.542510135807092,2.36636998042584e-12,1.27015664273517e-05,1.67808190535511,0.000132833217165302,0.781026047581334,9462.11350449243,868.203818003765,868.005818239795,867.96782334839,2838.63405134773,387.84,320,320
0.67,0,0,0,0,0,0,0,0,0,0,0,0,0,0,0,0,0,0,0,0,0,Inf,Inf,Inf,0.045,0.045,0.035,0.04,0.630824029662844,0.542511945721432,2.36639284732848e-12,1.27015762502268e-05,1.67808240235438,0.000132833219677739,0.781026005365369,9462.19971301339,868.206718578813,868.017044063211,867.985752282169,2838.65991390402,387.84,320,320
0.671,0,0,0,0,0,0,0,0,0,0,0,0,0,0,0,0,0,0,0,0,0,Inf,Inf,Inf,0.045,0.045,0.035,0.04,0.630827689343345,0.542515978463684,2.36640678534783e-12,1.27014533676303e-05,1.67808242153077,0.000132833212173548,0.781026057562518,9462.25161649246,868.20724966907,868.027200461602,867.986282169099,2838.67548494774,387.84,320,320
0.672,0,0,0,0,0,0,0,0,0,0,0,0,0,0,0,0,0,0,0,0,0,Inf,Inf,Inf,0.045,0.045,0.035,0.04,0.630829102005249,0.542520585700156,2.36641220940203e-12,1.27014657297065e-05,1.67808196615052,0.000132833215196253,0.78102605529359,9462.28930639776,868.207345609985,868.020746807283,867.986378636008,2838.68679191933,387.84,320,320
0.673,0,0,0,0,0,0,0,0,0,0,0,0,0,0,0,0,0,0,0,0,0,Inf,Inf,Inf,0.045,0.045,0.035,0.04,0.630834971548883,0.542523043029178,2.36641270823223e-12,1.27014760411529e-05,1.67808229373199,0.000132833221764738,0.78102599558712,9462.3623268662,868.224510453102,868.031610505794,867.988101260469,2838.70869805986,387.84,320,320
0.674,0,0,0,0,0,0,0,0,0,0,0,0,0,0,0,0,0,0,0,0,0,Inf,Inf,Inf,0.045,0.045,0.035,0.04,0.6308393829294,0.542525311544951,2.36641364607217e-12,1.27016168408239e-05,1.67808248433249,0.000132833217671092,0.781026042577832,9462.44223615214,868.225643982949,868.042133518023,868.00463914183,2838.73267084564,387.84,320,320
0.675,0,0,0,0,0,0,0,0,0,0,0,0,0,0,0,0,0,0,0,0,0,Inf,Inf,Inf,0.045,0.045,0.035,0.04,0.630841452334414,0.542530486624464,2.36642011214005e-12,1.27016261226268e-05,1.67808218865068,0.000132833204862442,0.781026056845467,9462.46822621152,868.225646305775,868.0504136285,868.004641383947,2838.74046786346,387.84,320,320
0.676,0,0,0,0,0,0,0,0,0,0,0,0,0,0,0,0,0,0,0,0,0,Inf,Inf,Inf,0.045,0.045,0.035,0.04,0.630845496953393,0.542533607504281,2.36643500203028e-12,1.27016378354523e-05,1.67808214525547,0.000132833213202977,0.781026009350887,9462.52772404992,868.241374638957,868.046120032355,868.005575705022,2838.75831721497,387.84,320,320
0.677,0,0,0,0,0,0,0,0,0,0,0,0,0,0,0,0,0,0,0,0,0,Inf,Inf,Inf,0.045,0.045,0.035,0.04,0.630850595731559,0.542534796931243,2.36645795451943e-12,1.27016465885273e-05,1.67808249409171,0.000132833212922313,0.781026018705017,9462.61914337418,868.2432816797,868.056745917967,868.022314787795,2838.78574301225,387.84,320,320
0.678,0,0,0,0,0,0,0,0,0,0,0,0,0,0,0,0,0,0,0,0,0,Inf,Inf,Inf,0.045,0.045,0.035,0.04,0.630853369482034,0.54254007317942,2.36648553367209e-12,1.27015617182373e-05,1.6780823672453,0.000132833204011432,0.781026063112038,9462.64472467542,868.243440316358,868.050888885575,868.022472750717,2838.79341740263,387.84,320,320
0.679,0,0,0,0,0,0,0,0,0,0,0,0,0,0,0,0,0,0,0,0,0,Inf,Inf,Inf,0.045,0.045,0.035,0.04,0.630855727092159,0.542543834740812,2.36651256963001e-12,1.27015724227146e-05,1.67808198680888,0.000132833215909527,0.78102603202092,9462.69102677798,868.257739821367,868.060315238945,868.022852307935,2838.8073080334,387.84,320,320
0.68,0,0,0,0,0,0,0,0,0,0,0,0,0,0,0,0,0,0,0,0,0,Inf,Inf,Inf,0.045,0.045,0.035,0.04,0.630861412390157,0.542545581260941,2.36653413460513e-12,1.27015823053961e-05,1.67808247262636,0.000132833218896355,0.781025994243484,9462.77045914773,868.260538801922,868.070781077495,868.039569459695,2838.83113774432,387.84,320,320
0.681,0,0,0,0,0,0,0,0,0,0,0,0,0,0,0,0,0,0,0,0,0,Inf,Inf,Inf,0.045,0.045,0.035,0.04,0.630864896481168,0.542549164341935,2.36654739824091e-12,1.27014704198973e-05,1.67808251605117,0.000132833212174871,0.781026045034129,9462.82167281741,868.26107938552,868.080298219351,868.040108819125,2838.84650184522,387.84,320,320
0.682,0,0,0,0,0,0,0,0,0,0,0,0,0,0,0,0,0,0,0,0,0,Inf,Inf,Inf,0.045,0.045,0.035,0.04,0.630866269324515,0.542553510039706,2.36655266345645e-12,1.27014812857573e-05,1.67808211590182,0.00013283321505164,0.781026046592706,9462.85572225209,868.261149676812,868.074255296139,868.040179495674,2838.85671667563,387.84,320,320
0.683,0,0,0,0,0,0,0,0,0,0,0,0,0,0,0,0,0,0,0,0,0,Inf,Inf,Inf,0.045,0.045,0.035,0.04,0.630871538431846,0.542555853860359,2.36655320407074e-12,1.27014919306637e-05,1.67808240401588,0.000132833221501295,0.781025994501783,9462.92251044649,868.27701143271,868.084317966121,868.041703837575,2838.87675313395,387.84,320,320
0.684,0,0,0,0,0,0,0,0,0,0,0,0,0,0,0,0,0,0,0,0,0,Inf,Inf,Inf,0.045,0.045,0.035,0.04,0.630875702063761,0.542557800040538,2.36655398391151e-12,1.27016221681304e-05,1.67808261106906,0.000132833218153115,0.781026038314347,9462.99929948936,868.278124885865,868.094115453887,868.057116902728,2838.89978984681,387.84,320,320
0.685,0,0,0,0,0,0,0,0,0,0,0,0,0,0,0,0,0,0,0,0,0,Inf,Inf,Inf,0.045,0.045,0.035,0.04,0.630877683572484,0.542562647180403,2.36655975831819e-12,1.27016334784954e-05,1.67808236644374,0.000132833206537083,0.781026061275099,9463.02253098766,868.278129924911,868.10187086191,868.057121766645,2838.9067592963,387.84,320,320
0.686,0,0,0,0,0,0,0,0,0,0,0,0,0,0,0,0,0,0,0,0,0,Inf,Inf,Inf,0.045,0.045,0.035,0.04,0.630881268340241,0.542565596655073,2.36657328437071e-12,1.27016435102322e-05,1.67808229884662,0.000132833213166594,0.781026012722557,9463.07660101337,868.292561241129,868.097790887389,868.057930900656,2838.92298030401,387.84,320,320
0.687,0,0,0,0,0,0,0,0,0,0,0,0,0,0,0,0,0,0,0,0,0,Inf,Inf,Inf,0.045,0.045,0.035,0.04,0.630886049002628,0.542566742638509,2.36659431366315e-12,1.27016502348841e-05,1.67808265410356,0.000132833213270296,0.781026003924217,9463.16038220527,868.294398631487,868.107633973259,868.073428510064,2838.94811466158,387.84,320,320
0.688,0,0,0,0,0,0,0,0,0,0,0,0,0,0,0,0,0,0,0,0,0,Inf,Inf,Inf,0.045,0.045,0.035,0.04,0.63088867944587,0.542571493760261,2.36661973504029e-12,1.27015694278583e-05,1.67808257098288,0.000132833205669177,0.781026046368914,9463.18614821486,868.294567969273,868.102277961554,868.073597128217,2838.95584446446,387.84,320,320
0.689,0,0,0,0,0,0,0,0,0,0,0,0,0,0,0,0,0,0,0,0,0,Inf,Inf,Inf,0.045,0.045,0.035,0.04,0.630890718595575,0.542575026707784,2.36664479438987e-12,1.2701580027827e-05,1.67808219150407,0.00013283321717382,0.781026034106947,9463.22793283071,868.307651230857,868.110922779175,868.073910809838,2838.96837984921,387.84,320,320
0.69,0,0,0,0,0,0,0,0,0,0,0,0,0,0,0,0,0,0,0,0,0,Inf,Inf,Inf,0.045,0.045,0.035,0.04,0.63089602409651,0.542576691699293,2.36666491315282e-12,1.27015880625131e-05,1.67808266993641,0.000132833220696481,0.781025997648854,9463.30034678259,868.310319557272,868.120576748601,868.089346895381,2838.99010403478,387.84,320,320
0.691,0,0,0,0,0,0,0,0,0,0,0,0,0,0,0,0,0,0,0,0,0,Inf,Inf,Inf,0.045,0.045,0.035,0.04,0.630899308122709,0.542579857377593,2.36667740945532e-12,1.2701478436775e-05,1.67808274422723,0.000132833214953636,0.781026046318529,9463.34991193496,868.310860864564,868.129407401159,868.089886976253,2839.00497358049,387.84,320,320
0.692,0,0,0,0,0,0,0,0,0,0,0,0,0,0,0,0,0,0,0,0,0,Inf,Inf,Inf,0.045,0.045,0.035,0.04,0.630900630345215,0.542583920320859,2.36668247466295e-12,1.27014853099135e-05,1.67808240807721,0.000132833216118987,0.781026049068402,9463.38031474039,868.310907404075,868.123769348984,868.089933771296,2839.01409442212,387.84,320,320
0.693,0,0,0,0,0,0,0,0,0,0,0,0,0,0,0,0,0,0,0,0,0,Inf,Inf,Inf,0.045,0.045,0.035,0.04,0.630905312607184,0.542586139787268,2.36668305039056e-12,1.27014937374898e-05,1.67808264663234,0.000132833222560007,0.781026003434278,9463.44075186399,868.325473203778,868.133005304553,868.091261061378,2839.0322255592,387.84,320,320
0.694,0,0,0,0,0,0,0,0,0,0,0,0,0,0,0,0,0,0,0,0,0,Inf,Inf,Inf,0.045,0.045,0.035,0.04,0.630909216607353,0.542587760313826,2.36668367196794e-12,1.27016316082676e-05,1.67808286742801,0.000132833219898366,0.781026043850463,9463.51424010012,868.326562384444,868.142052205901,868.105551031847,2839.05427203004,387.84,320,320
0.695,0,0,0,0,0,0,0,0,0,0,0,0,0,0,0,0,0,0,0,0,0,Inf,Inf,Inf,0.045,0.045,0.035,0.04,0.630911107113998,0.542592268802789,2.36668873281283e-12,1.27016399036842e-05,1.67808267358876,0.000132833209638228,0.78102606697118,9463.53462406063,868.326570209488,868.149265773491,868.105558584911,2839.06038721819,387.84,320,320
0.696,0,0,0,0,0,0,0,0,0,0,0,0,0,0,0,0,0,0,0,0,0,Inf,Inf,Inf,0.045,0.045,0.035,0.04,0.630914193443297,0.542595043145177,2.36670083411309e-12,1.27016482543169e-05,1.67808259331178,0.000132833215998834,0.78102602107667,9463.58302209821,868.33968017414,868.14535605932,868.106235836619,2839.07490662946,387.84,320,320
0.697,0,0,0,0,0,0,0,0,0,0,0,0,0,0,0,0,0,0,0,0,0,Inf,Inf,Inf,0.045,0.045,0.035,0.04,0.630918646359163,0.542596147218753,2.36671983981597e-12,1.27016583413241e-05,1.67808294449832,0.000132833216581411,0.781026004671576,9463.65876477267,868.341450370917,868.154383625155,868.120476814995,2839.0976294318,387.84,320,320
0.698,0,0,0,0,0,0,0,0,0,0,0,0,0,0,0,0,0,0,0,0,0,Inf,Inf,Inf,0.045,0.045,0.035,0.04,0.630921131615529,0.542600311362779,2.36674297947209e-12,1.27015779253111e-05,1.67808289744184,0.000132833209745712,0.78102605068454,9463.68529397391,868.341633111785,868.149552800293,868.120658779877,2839.10558819217,387.84,320,320
0.699,0,0,0,0,0,0,0,0,0,0,0,0,0,0,0,0,0,0,0,0,0,Inf,Inf,Inf,0.045,0.045,0.035,0.04,0.630922787885001,0.542603606506902,2.36676594006402e-12,1.27015883609785e-05,1.67808253805841,0.000132833220673169,0.781026055471815,9463.7221740822,868.353383768082,868.15735961738,868.120898799326,2839.11665222466,387.84,320,320
0.7,0,0,0,0,0,0,0,0,0,0,0,0,0,0,0,0,0,0,0,0,0,Inf,Inf,Inf,0.045,0.045,0.035,0.04,0.630927688281158,0.542605187921941,2.36678451654212e-12,1.27015981241909e-05,1.67808299994757,0.000132833224156094,0.781026013755506,9463.78696022491,868.35591815599,868.166139134395,868.134941973866,2839.13608806747,387.84,320,320
0.701,0,0,0,0,0,0,0,0,0,0,0,0,0,0,0,0,0,0,0,0,0,Inf,Inf,Inf,0.045,0.045,0.035,0.04,0.630930757420343,0.542607868712276,2.36679618895501e-12,1.27014780267201e-05,1.67808309784268,0.000132833219405653,0.781026058751649,9463.83521052949,868.356462249644,868.174225831596,868.135484835212,2839.15056315885,387.84,320,320
0.702,0,0,0,0,0,0,0,0,0,0,0,0,0,0,0,0,0,0,0,0,0,Inf,Inf,Inf,0.045,0.045,0.035,0.04,0.630932023931083,0.542611621954422,2.36680103446548e-12,1.27014848999408e-05,1.67808282103701,0.000132833219503213,0.78102606154463,9463.86162072759,868.356482701842,868.169062575912,868.135505400022,2839.15848621828,387.84,320,320
0.703,0,0,0,0,0,0,0,0,0,0,0,0,0,0,0,0,0,0,0,0,0,Inf,Inf,Inf,0.045,0.045,0.035,0.04,0.630936051339371,0.542613701607425,2.36680164489867e-12,1.27014940485749e-05,1.67808301740476,0.000132833225683937,0.781026023236532,9463.91512060932,868.369577043198,868.177389240996,868.136619155775,2839.1745361828,387.84,320,320
0.704,0,0,0,0,0,0,0,0,0,0,0,0,0,0,0,0,0,0,0,0,0,Inf,Inf,Inf,0.045,0.045,0.035,0.04,0.630939661687339,0.5426149803575,2.36680210141249e-12,1.27016373946284e-05,1.67808325173368,0.00013283322421567,0.781026051237697,9463.98464092454,868.370633237278,868.185604559815,868.14961829506,2839.19539227736,387.84,320,320
0.705,0,0,0,0,0,0,0,0,0,0,0,0,0,0,0,0,0,0,0,0,0,Inf,Inf,Inf,0.045,0.045,0.035,0.04,0.630941442133198,0.542619108102382,2.36680641146438e-12,1.27016447035012e-05,1.67808311083502,0.00013283321558193,0.781026075611419,9464.00202810003,868.370643686754,868.19220893803,868.14962838136,2839.20060843001,387.84,320,320
0.706,0,0,0,0,0,0,0,0,0,0,0,0,0,0,0,0,0,0,0,0,0,Inf,Inf,Inf,0.045,0.045,0.035,0.04,0.630944031505937,0.542621678625387,2.36681700686111e-12,1.27016547353614e-05,1.67808300742439,0.000132833220989558,0.781026044082495,9464.04443012195,868.382302176783,868.188558175274,868.150172444626,2839.21332903659,387.84,320,320
0.707,0,0,0,0,0,0,0,0,0,0,0,0,0,0,0,0,0,0,0,0,0,Inf,Inf,Inf,0.045,0.045,0.035,0.04,0.630948114254847,0.542622726436229,2.3668338658751e-12,1.27016597788787e-05,1.67808336047859,0.000132833222166905,0.781026031391319,9464.11164399836,868.383982169692,868.196697107698,868.163004946335,2839.23349319951,387.84,320,320
0.708,0,0,0,0,0,0,0,0,0,0,0,0,0,0,0,0,0,0,0,0,0,Inf,Inf,Inf,0.045,0.045,0.035,0.04,0.630950427246256,0.542626316100701,2.36685457546915e-12,1.27015847496751e-05,1.67808335773259,0.000132833216227364,0.781026074758247,9464.13805250813,868.38417355384,868.203741825843,868.163195517333,2839.24141575244,387.84,320,320
0.709,0,0,0,0,0,0,0,0,0,0,0,0,0,0,0,0,0,0,0,0,0,Inf,Inf,Inf,0.045,0.045,0.035,0.04,0.630951745129663,0.542629344052059,2.36687528919925e-12,1.27015932178096e-05,1.67808303065516,0.000132833226025543,0.781026082767275,9464.16997618614,868.384344289052,868.199357075486,868.163366675276,2839.25099285584,387.84,320,320
0.71,0,0,0,0,0,0,0,0,0,0,0,0,0,0,0,0,0,0,0,0,0,Inf,Inf,Inf,0.045,0.045,0.035,0.04,0.630956208045271,0.542630825469547,2.36689220078079e-12,1.27016028316067e-05,1.67808345323862,0.000132833229901043,0.78102604013429,9464.2269744952,868.396943509154,868.207220937999,868.175963576827,2839.26809234856,387.84,320,320
0.711,0,0,0,0,0,0,0,0,0,0,0,0,0,0,0,0,0,0,0,0,0,Inf,Inf,Inf,0.045,0.045,0.035,0.04,0.630959040982572,0.542633055844062,2.36690296841134e-12,1.27014829433808e-05,1.6780835804433,0.000132833226591421,0.781026081724529,9464.27302090268,868.397482022962,868.214525506099,868.176500870334,2839.2819062708,387.84,320,320
0.712,0,0,0,0,0,0,0,0,0,0,0,0,0,0,0,0,0,0,0,0,0,Inf,Inf,Inf,0.045,0.045,0.035,0.04,0.630960241944199,0.542636481888974,2.36690755679287e-12,1.27014919797341e-05,1.67808337045618,0.00013283322606038,0.781026086026867,9464.29546918958,868.397478448087,868.209828189404,868.176497276812,2839.28864075687,387.84,320,320
0.713,0,0,0,0,0,0,0,0,0,0,0,0,0,0,0,0,0,0,0,0,0,Inf,Inf,Inf,0.045,0.045,0.035,0.04,0.630963633085804,0.542638412486526,2.36690819509953e-12,1.27015002407104e-05,1.67808351554509,0.000132833232290992,0.781026056165911,9464.34198219926,868.409119956732,868.217229187823,868.177400734659,2839.30259465978,387.84,320,320
0.714,0,0,0,0,0,0,0,0,0,0,0,0,0,0,0,0,0,0,0,0,0,Inf,Inf,Inf,0.045,0.045,0.035,0.04,0.630966940774964,0.542639349996313,2.36690848809778e-12,1.27016423052208e-05,1.67808376031359,0.000132833231543746,0.781026067788757,9464.4073863254,868.41013921806,868.224596234418,868.189120498835,2839.32221589762,387.84,320,320
0.715,0,0,0,0,0,0,0,0,0,0,0,0,0,0,0,0,0,0,0,0,0,Inf,Inf,Inf,0.045,0.045,0.035,0.04,0.63096860884018,0.542643089900489,2.36691203431889e-12,1.27016512953329e-05,1.67808367178301,0.000132833224577153,0.781026099742071,9464.42172307437,868.410152320903,868.23058006868,868.189133146433,2839.32651692231,387.84,320,320
0.716,0,0,0,0,0,0,0,0,0,0,0,0,0,0,0,0,0,0,0,0,0,Inf,Inf,Inf,0.045,0.045,0.035,0.04,0.630970670496037,0.542645454500974,2.36692108114091e-12,1.27016599933336e-05,1.67808355685026,0.000132833228317736,0.781026087254282,9464.45795745115,868.420349340996,868.227146771775,868.189539225459,2839.33738723534,387.84,320,320
0.717,0,0,0,0,0,0,0,0,0,0,0,0,0,0,0,0,0,0,0,0,0,Inf,Inf,Inf,0.045,0.045,0.035,0.04,0.630974376859971,0.542646447686807,2.36693571937104e-12,1.27016670653029e-05,1.67808390233647,0.000132833230043226,0.781026075969552,9464.51634648414,868.421941753868,868.234374088754,868.200960703528,2839.35490394524,387.84,320,320
0.718,0,0,0,0,0,0,0,0,0,0,0,0,0,0,0,0,0,0,0,0,0,Inf,Inf,Inf,0.045,0.045,0.035,0.04,0.630976516910725,0.54264941125078,2.36695390482534e-12,1.27015951608799e-05,1.67808393595151,0.000132833225521435,0.781026104917555,9464.54315682706,868.422144088267,868.240694308398,868.201162177791,2839.36294704812,387.84,320,320
0.719,0,0,0,0,0,0,0,0,0,0,0,0,0,0,0,0,0,0,0,0,0,Inf,Inf,Inf,0.045,0.045,0.035,0.04,0.630977440588734,0.542652165454549,2.3669722770723e-12,1.27016034796098e-05,1.67808367928361,0.000132833234274159,0.781026108364232,9464.56981295682,868.422239721085,868.236690849741,868.20125804777,2839.37094388705,387.84,320,320
0.72,0,0,0,0,0,0,0,0,0,0,0,0,0,0,0,0,0,0,0,0,0,Inf,Inf,Inf,0.045,0.045,0.035,0.04,0.630981445997785,0.542653545560165,2.3669874478383e-12,1.27016076240315e-05,1.67808403322495,0.000132833238465226,0.781026076937397,9464.61853042551,868.433301458536,868.243588979379,868.212317617572,2839.38555912765,387.84,320,320
0.721,0,0,0,0,0,0,0,0,0,0,0,0,0,0,0,0,0,0,0,0,0,Inf,Inf,Inf,0.045,0.045,0.035,0.04,0.630984030665493,0.542655267691149,2.36699726473275e-12,1.27014962916713e-05,1.67808418258788,0.000132833236505915,0.781026117317436,9464.66268624266,868.433836138789,868.250064692183,868.212851086942,2839.3988058728,387.84,320,320
0.722,0,0,0,0,0,0,0,0,0,0,0,0,0,0,0,0,0,0,0,0,0,Inf,Inf,Inf,0.045,0.045,0.035,0.04,0.630985161643828,0.542658344152434,2.36700157892442e-12,1.27015034983418e-05,1.67808403446868,0.000132833234599386,0.781026124737325,9464.68089160266,868.43380667115,868.24589412377,868.212821458679,2839.4042674808,387.84,320,320
0.723,0,0,0,0,0,0,0,0,0,0,0,0,0,0,0,0,0,0,0,0,0,Inf,Inf,Inf,0.045,0.045,0.035,0.04,0.630987859979416,0.542660112404293,2.36700224411808e-12,1.27015106506308e-05,1.67808413526704,0.000132833240625222,0.781026102351837,9464.71994117992,868.443845902709,868.252301209921,868.213501539812,2839.41598235398,387.84,320,320
0.724,0,0,0,0,0,0,0,0,0,0,0,0,0,0,0,0,0,0,0,0,0,Inf,Inf,Inf,0.045,0.045,0.035,0.04,0.630990835840276,0.542660719637898,2.3670023691739e-12,1.2701517027516e-05,1.67808439035427,0.00013283324064418,0.781026106103553,9464.77766345978,868.444820208681,868.258752280455,868.223797539228,2839.43329903794,387.84,320,320
0.725,0,0,0,0,0,0,0,0,0,0,0,0,0,0,0,0,0,0,0,0,0,Inf,Inf,Inf,0.045,0.045,0.035,0.04,0.630992374578596,0.542664013669219,2.3670051248805e-12,1.27016630964986e-05,1.67808435599778,0.000132833235215126,0.781026143157559,9464.79181492513,868.444835780082,868.264058318841,868.223812569784,2839.43754447754,387.84,320,320
0.726,0,0,0,0,0,0,0,0,0,0,0,0,0,0,0,0,0,0,0,0,0,Inf,Inf,Inf,0.045,0.045,0.035,0.04,0.630993915337695,0.542666147339474,2.36701256299079e-12,1.27016704606161e-05,1.67808422039871,0.000132833238242293,0.781026141720789,9464.82164142916,868.453464256559,868.260923248327,868.224080935902,2839.44649242875,387.84,320,320
0.727,0,0,0,0,0,0,0,0,0,0,0,0,0,0,0,0,0,0,0,0,0,Inf,Inf,Inf,0.045,0.045,0.035,0.04,0.630997209127616,0.542667072888638,2.36702488727265e-12,1.27016768380754e-05,1.67808456341808,0.000132833240634729,0.781026124228365,9464.87083444417,868.454948229292,868.267179306435,868.233963164624,2839.46125033325,387.84,320,320
0.728,0,0,0,0,0,0,0,0,0,0,0,0,0,0,0,0,0,0,0,0,0,Inf,Inf,Inf,0.045,0.045,0.035,0.04,0.630999152426413,0.542669428129688,2.3670404342513e-12,1.27016013084151e-05,1.6780846399177,0.000132833237377828,0.781026138766415,9464.89721463109,868.455156904854,868.272721523199,868.234170952078,2839.46916438933,387.84,320,320
0.729,0,0,0,0,0,0,0,0,0,0,0,0,0,0,0,0,0,0,0,0,0,Inf,Inf,Inf,0.045,0.045,0.035,0.04,0.630999861864347,0.542671883556637,2.36705634861518e-12,1.27016095823439e-05,1.67808446136787,0.000132833245080262,0.781026143194773,9464.91860711581,868.455182714567,868.269153081606,868.234196826905,2839.47558213474,387.84,320,320
0.73,0,0,0,0,0,0,0,0,0,0,0,0,0,0,0,0,0,0,0,0,0,Inf,Inf,Inf,0.045,0.045,0.035,0.04,0.631003249116924,0.542673147809717,2.36706967983257e-12,1.27016155748217e-05,1.67808472939457,0.000132833249550627,0.781026127238354,9464.95897460309,868.464671423108,868.275056063323,868.235148239103,2839.48769238093,387.84,320,320
0.731,0,0,0,0,0,0,0,0,0,0,0,0,0,0,0,0,0,0,0,0,0,Inf,Inf,Inf,0.045,0.045,0.035,0.04,0.631005567726483,0.542674398905825,2.36707847854835e-12,1.27015088104862e-05,1.67808490603183,0.000132833248594377,0.781026166446004,9465.00042390964,868.465194357186,868.280674832445,868.244205242211,2839.50012717289,387.84,320,320
0.732,0,0,0,0,0,0,0,0,0,0,0,0,0,0,0,0,0,0,0,0,0,Inf,Inf,Inf,0.045,0.045,0.035,0.04,0.631006620003046,0.542677112493754,2.36708248544568e-12,1.2701514908474e-05,1.67808482613431,0.000132833245674229,0.781026176376769,9465.01445770147,868.465141227041,868.2770183134,868.244151822101,2839.50433731044,387.84,320,320
0.733,0,0,0,0,0,0,0,0,0,0,0,0,0,0,0,0,0,0,0,0,0,Inf,Inf,Inf,0.045,0.045,0.035,0.04,0.631008649756112,0.542678711045618,2.3670831706139e-12,1.27015209520585e-05,1.67808487464536,0.000132833251352392,0.781026159299702,9465.04607078017,868.473610313382,868.282425567976,868.24461392563,2839.51382123405,387.84,320,320
0.734,0,0,0,0,0,0,0,0,0,0,0,0,0,0,0,0,0,0,0,0,0,Inf,Inf,Inf,0.045,0.045,0.035,0.04,0.631011288180665,0.542679288056514,2.36708313112793e-12,1.270152461154e-05,1.67808513743392,0.000132833252223073,0.781026164884786,9465.09393941187,868.474536130184,868.287953501171,868.253509372783,2839.52818182356,387.84,320,320
0.735,0,0,0,0,0,0,0,0,0,0,0,0,0,0,0,0,0,0,0,0,0,Inf,Inf,Inf,0.045,0.045,0.035,0.04,0.63101269633891,0.54268183781184,2.36708509262534e-12,1.27016794123002e-05,1.67808515599568,0.000132833248765735,0.781026195230209,9465.10995538632,868.47455416101,868.292577133153,868.253526777512,2839.5329866159,387.84,320,320
0.736,0,0,0,0,0,0,0,0,0,0,0,0,0,0,0,0,0,0,0,0,0,Inf,Inf,Inf,0.045,0.045,0.035,0.04,0.631013693435739,0.542683740467121,2.36709089882085e-12,1.27016830668205e-05,1.67808501019747,0.000132833250650341,0.781026196494215,9465.1332798507,868.481620090645,868.289699850764,868.253654565599,2839.53998395521,387.84,320,320
0.737,0,0,0,0,0,0,0,0,0,0,0,0,0,0,0,0,0,0,0,0,0,Inf,Inf,Inf,0.045,0.045,0.035,0.04,0.631016572437052,0.542684600302273,2.36710086333907e-12,1.27016897915505e-05,1.6780853414666,0.000132833253664218,0.781026176500703,9465.1730930606,868.482998703898,868.294972474612,868.262009507268,2839.55192791818,387.84,320,320
0.738,0,0,0,0,0,0,0,0,0,0,0,0,0,0,0,0,0,0,0,0,0,Inf,Inf,Inf,0.045,0.045,0.035,0.04,0.63101831987205,0.542686305994695,2.36711371009909e-12,1.27016174085945e-05,1.67808545299209,0.000132833251761848,0.781026189655854,9465.19951760227,868.483215681893,868.299726281286,868.262225562275,2839.55985528068,387.84,320,320
0.739,0,0,0,0,0,0,0,0,0,0,0,0,0,0,0,0,0,0,0,0,0,Inf,Inf,Inf,0.045,0.045,0.035,0.04,0.631018994407113,0.542688459147968,2.36712710199262e-12,1.27016237597839e-05,1.67808534695846,0.000132833258310958,0.781026200412804,9465.21541372304,868.483166588873,868.296581403697,868.262176348279,2839.56462411691,387.84,320,320
0.74,0,0,0,0,0,0,0,0,0,0,0,0,0,0,0,0,0,0,0,0,0,Inf,Inf,Inf,0.045,0.045,0.035,0.04,0.631021522534308,0.542689607193726,2.36713853999267e-12,1.27016278743454e-05,1.67808554341228,0.000132833262885334,0.781026200368301,9465.2470596928,868.491013255561,868.301452511295,868.262801583116,2839.57411790784,387.84,320,320
0.741,0,0,0,0,0,0,0,0,0,0,0,0,0,0,0,0,0,0,0,0,0,Inf,Inf,Inf,0.045,0.045,0.035,0.04,0.631023566141922,0.542690339007898,2.36714628657697e-12,1.27015153981954e-05,1.6780857403622,0.000132833262976746,0.781026226638051,9465.28610522253,868.491525977091,868.306179157441,868.270532686171,2839.58583156676,387.84,320,320
0.742,0,0,0,0,0,0,0,0,0,0,0,0,0,0,0,0,0,0,0,0,0,Inf,Inf,Inf,0.045,0.045,0.035,0.04,0.631024536111761,0.542692672287084,2.36714997240166e-12,1.27015203874827e-05,1.67808572324284,0.000132833259364526,0.781026237975949,9465.29575263706,868.491447770076,868.303088080038,868.270454051739,2839.58872579112,387.84,320,320
0.743,0,0,0,0,0,0,0,0,0,0,0,0,0,0,0,0,0,0,0,0,0,Inf,Inf,Inf,0.045,0.045,0.035,0.04,0.631025852332424,0.542694090246164,2.3671506760979e-12,1.27015244346888e-05,1.67808572710541,0.000132833265057701,0.781026225981223,9465.31956584632,868.498224108115,868.30744226088,868.270688527987,2839.5958697539,387.84,320,320
0.744,0,0,0,0,0,0,0,0,0,0,0,0,0,0,0,0,0,0,0,0,0,Inf,Inf,Inf,0.045,0.045,0.035,0.04,0.631028129342535,0.542694632543949,2.36715046999399e-12,1.27015288151897e-05,1.67808599708078,0.000132833266830233,0.781026231540774,9465.35709503586,868.499094231211,868.311993336987,868.278063262689,2839.60712851076,387.84,320,320
0.745,0,0,0,0,0,0,0,0,0,0,0,0,0,0,0,0,0,0,0,0,0,Inf,Inf,Inf,0.045,0.045,0.035,0.04,0.631029392254386,0.542696406990346,2.36715162140405e-12,1.27016941022053e-05,1.67808606896159,0.000132833264833798,0.78102624913411,9465.37488420788,868.499114515073,868.315887969302,868.278082842425,2839.61246526236,387.84,320,320
0.746,0,0,0,0,0,0,0,0,0,0,0,0,0,0,0,0,0,0,0,0,0,Inf,Inf,Inf,0.045,0.045,0.035,0.04,0.631029858106569,0.542698057518334,2.36715575738084e-12,1.27017014663683e-05,1.67808596242945,0.000132833265319983,0.781026255244477,9465.39155348848,868.499103620828,868.313341166653,868.278071932287,2839.61746604654,387.84,320,320
0.747,0,0,0,0,0,0,0,0,0,0,0,0,0,0,0,0,0,0,0,0,0,Inf,Inf,Inf,0.045,0.045,0.035,0.04,0.631032292700471,0.542698840053609,2.36716330033201e-12,1.27017068571766e-05,1.67808622871116,0.000132833268713876,0.781026245096669,9465.42174051285,868.505789404922,868.317584863645,868.284795939977,2839.62652215386,387.84,320,320
0.748,0,0,0,0,0,0,0,0,0,0,0,0,0,0,0,0,0,0,0,0,0,Inf,Inf,Inf,0.045,0.045,0.035,0.04,0.631033823919769,0.542699919674058,2.36717336838775e-12,1.27016306147179e-05,1.67808638150068,0.000132833268151717,0.78102626563309,9465.4474299129,868.506010239252,868.32150830655,868.285015835263,2839.63422897387,387.84,320,320
0.749,0,0,0,0,0,0,0,0,0,0,0,0,0,0,0,0,0,0,0,0,0,Inf,Inf,Inf,0.045,0.045,0.035,0.04,0.631034453519018,0.542701750154557,2.36718415503738e-12,1.27016349534817e-05,1.67808635457419,0.000132833273734755,0.781026276042113,9465.45789260785,868.505892039648,868.318832902796,868.284897344534,2839.63736778235,387.84,320,320
0.75,0,0,0,0,0,0,0,0,0,0,0,0,0,0,0,0,0,0,0,0,0,Inf,Inf,Inf,0.045,0.045,0.035,0.04,0.631036159772109,0.542702769469262,2.36719362660665e-12,1.27016390082697e-05,1.67808646383835,0.000132833278308438,0.781026278505149,9465.48084464785,868.512080189746,868.322655290434,868.285207297764,2839.64425339436,387.84,320,320
0.751,0,0,0,0,0,0,0,0,0,0,0,0,0,0,0,0,0,0,0,0,0,Inf,Inf,Inf,0.045,0.045,0.035,0.04,0.631037914406778,0.542703077613136,2.36720026817484e-12,1.27016427491881e-05,1.678086685442,0.000132833279580433,0.781026295195143,9465.5147817169,868.512575291673,868.326472572712,868.291577712156,2839.65443451507,387.84,320,320
0.752,0,0,0,0,0,0,0,0,0,0,0,0,0,0,0,0,0,0,0,0,0,Inf,Inf,Inf,0.045,0.045,0.035,0.04,0.631038794604887,0.542704966578775,2.36720360466395e-12,1.27015293628478e-05,1.67808673615031,0.000132833277515695,0.781026308860102,9465.52212175299,868.512474406203,868.329583388943,868.291476275256,2839.6566365259,387.84,320,320
0.753,0,0,0,0,0,0,0,0,0,0,0,0,0,0,0,0,0,0,0,0,0,Inf,Inf,Inf,0.045,0.045,0.035,0.04,0.631039427600557,0.542706198707764,2.36720431998461e-12,1.27015346854433e-05,1.67808668867209,0.000132833280627275,0.781026303952397,9465.53824347579,868.517605142734,868.32723622499,868.291490765706,2839.66147304274,387.84,320,320
0.754,0,0,0,0,0,0,0,0,0,0,0,0,0,0,0,0,0,0,0,0,0,Inf,Inf,Inf,0.045,0.045,0.035,0.04,0.631041341383887,0.542706704435058,2.36720395250473e-12,1.27015365151899e-05,1.67808696277866,0.000132833282781054,0.781026301502301,9465.56551186725,868.518416591556,868.330813640133,868.297381321232,2839.66965356017,387.84,320,320
0.755,0,0,0,0,0,0,0,0,0,0,0,0,0,0,0,0,0,0,0,0,0,Inf,Inf,Inf,0.045,0.045,0.035,0.04,0.631042459088872,0.542707715758491,2.36720429970073e-12,1.27017133065379e-05,1.67808708596454,0.000132833282147346,0.781026313536375,9465.58496295241,868.518439084381,868.333982113146,868.297403033622,2839.67548888572,387.84,320,320
0.756,0,0,0,0,0,0,0,0,0,0,0,0,0,0,0,0,0,0,0,0,0,Inf,Inf,Inf,0.045,0.045,0.035,0.04,0.631042838822814,0.542709116400596,2.36720676241634e-12,1.27017193367816e-05,1.67808706252614,0.000132833281699236,0.781026329958758,9465.59496314208,868.518288759213,868.331725646754,868.297252474258,2839.67848894262,387.84,320,320
0.757,0,0,0,0,0,0,0,0,0,0,0,0,0,0,0,0,0,0,0,0,0,Inf,Inf,Inf,0.045,0.045,0.035,0.04,0.631044371311272,0.542709823999747,2.36721186748067e-12,1.27017243803419e-05,1.67808722218383,0.000132833285611106,0.781026332078972,9465.61545733064,868.523371194161,868.334939791659,868.297555625927,2839.68463719919,387.84,320,320
0.758,0,0,0,0,0,0,0,0,0,0,0,0,0,0,0,0,0,0,0,0,0,Inf,Inf,Inf,0.045,0.045,0.035,0.04,0.631045689062262,0.54271024667925,2.3672191290279e-12,1.27016402690591e-05,1.67808740873674,0.000132833286479425,0.781026355215666,9465.64084594425,868.523597551628,868.338031617174,868.302598792261,2839.69225378328,387.84,320,320
0.759,0,0,0,0,0,0,0,0,0,0,0,0,0,0,0,0,0,0,0,0,0,Inf,Inf,Inf,0.045,0.045,0.035,0.04,0.631046276224712,0.54271175437571,2.36722727759808e-12,1.27016444733175e-05,1.67808745440433,0.000132833290644145,0.781026356297424,9465.64572169789,868.523406448041,868.335810558604,868.302407217898,2839.69371650937,387.84,320,320
0.76,0,0,0,0,0,0,0,0,0,0,0,0,0,0,0,0,0,0,0,0,0,Inf,Inf,Inf,0.045,0.045,0.035,0.04,0.63104711079193,0.542712645753482,2.36723475283582e-12,1.27016484533801e-05,1.67808749043036,0.000132833295360013,0.781026356826891,9465.65973220776,868.527889904538,868.338561385588,868.302389540972,2839.69791966233,387.84,320,320
0.761,0,0,0,0,0,0,0,0,0,0,0,0,0,0,0,0,0,0,0,0,0,Inf,Inf,Inf,0.045,0.045,0.035,0.04,0.631048570917103,0.542712943813142,2.367240268506e-12,1.27016540273934e-05,1.67808772971675,0.000132833297580842,0.781026372525941,9465.68263051646,868.528368806577,868.341446207475,868.307366875385,2839.70478915494,387.84,320,320
0.762,0,0,0,0,0,0,0,0,0,0,0,0,0,0,0,0,0,0,0,0,0,Inf,Inf,Inf,0.045,0.045,0.035,0.04,0.631049358710335,0.542713923814558,2.36724324570258e-12,1.27015427765661e-05,1.67808784238072,0.000132833297355064,0.781026390833748,9465.69374515708,868.528244254412,868.343915056757,868.307241641863,2839.70812354712,387.84,320,320
0.763,0,0,0,0,0,0,0,0,0,0,0,0,0,0,0,0,0,0,0,0,0,Inf,Inf,Inf,0.045,0.045,0.035,0.04,0.631049552581333,0.542714961782736,2.36724397085828e-12,1.27015469904315e-05,1.67808783844275,0.00013283329733501,0.781026394485556,9465.70192635191,868.528032729645,868.341714290717,868.307029885033,2839.71057790557,387.84,320,320
0.764,0,0,0,0,0,0,0,0,0,0,0,0,0,0,0,0,0,0,0,0,0,Inf,Inf,Inf,0.045,0.045,0.035,0.04,0.631050807010404,0.542715427024037,2.36724344220628e-12,1.27015493745489e-05,1.67808802853394,0.000132833300334295,0.781026389978996,9465.71859815819,868.532380448098,868.344278684006,868.307228591161,2839.71557944746,387.84,320,320
0.765,0,0,0,0,0,0,0,0,0,0,0,0,0,0,0,0,0,0,0,0,0,Inf,Inf,Inf,0.045,0.045,0.035,0.04,0.631051767246796,0.54271565526482,2.36724298012051e-12,1.27017312871456e-05,1.67808820313663,0.000132833301099883,0.781026399681287,9465.73959877888,868.532404924218,868.346685401372,868.311364430218,2839.72187963366,387.84,320,320
0.766,0,0,0,0,0,0,0,0,0,0,0,0,0,0,0,0,0,0,0,0,0,Inf,Inf,Inf,0.045,0.045,0.035,0.04,0.631052131066741,0.542716788952114,2.36724375339847e-12,1.27017322738336e-05,1.67808826348884,0.000132833300349006,0.781026422383778,9465.74286500713,868.532118640519,868.348499294316,868.311077700367,2839.72285950214,387.84,320,320
0.767,0,0,0,0,0,0,0,0,0,0,0,0,0,0,0,0,0,0,0,0,0,Inf,Inf,Inf,0.045,0.045,0.035,0.04,0.631052686496063,0.542717411524006,2.36724639080761e-12,1.27017376646472e-05,1.6780883131703,0.000132833304513693,0.781026435293835,9465.75354746704,868.535519101386,868.346937496872,868.31095413684,2839.72606424011,387.84,320,320
0.768,0,0,0,0,0,0,0,0,0,0,0,0,0,0,0,0,0,0,0,0,0,Inf,Inf,Inf,0.045,0.045,0.035,0.04,0.631053774021453,0.542717552655924,2.36725080419994e-12,1.27017413742728e-05,1.67808853833135,0.000132833306637177,0.781026443714526,9465.77126250643,868.535746715407,868.349167667923,868.314743536617,2839.73137875193,387.84,320,320
0.769,0,0,0,0,0,0,0,0,0,0,0,0,0,0,0,0,0,0,0,0,0,Inf,Inf,Inf,0.045,0.045,0.035,0.04,0.631054309755587,0.542718375988603,2.36725626666256e-12,1.2701665578975e-05,1.67808866129495,0.000132833309133123,0.781026439993619,9465.77732081845,868.535489019726,868.347438877481,868.314485206489,2839.73319624554,387.84,320,320
0.77,0,0,0,0,0,0,0,0,0,0,0,0,0,0,0,0,0,0,0,0,0,Inf,Inf,Inf,0.045,0.045,0.035,0.04,0.631054360531361,0.542719129020448,2.36726169889292e-12,1.27016676960523e-05,1.67808868969823,0.000132833314079905,0.78102644583815,9465.78251710609,868.535157999319,868.349114312525,868.314153913254,2839.73475513183,387.84,320,320
0.771,0,0,0,0,0,0,0,0,0,0,0,0,0,0,0,0,0,0,0,0,0,Inf,Inf,Inf,0.045,0.045,0.035,0.04,0.631055472843952,0.542719412728757,2.36726605107265e-12,1.27016751031595e-05,1.67808887147752,0.000132833317004158,0.781026460730215,9465.79448501729,868.538727018354,868.351060736966,868.317720675541,2839.73834550519,387.84,320,320
0.772,0,0,0,0,0,0,0,0,0,0,0,0,0,0,0,0,0,0,0,0,0,Inf,Inf,Inf,0.045,0.045,0.035,0.04,0.631056162122445,0.542719527752296,2.36726864594147e-12,1.2701551367646e-05,1.6780890501325,0.0001328333185407,0.781026484128574,9465.80876202573,868.53858135671,868.352881411104,868.317574216916,2839.74262860772,387.84,320,320
0.773,0,0,0,0,0,0,0,0,0,0,0,0,0,0,0,0,0,0,0,0,0,Inf,Inf,Inf,0.045,0.045,0.035,0.04,0.631056357963622,0.542720368603398,2.36726937412881e-12,1.27015530307562e-05,1.6780891358121,0.00013283331857505,0.781026495587744,9465.80919479735,868.538153716111,868.354226765828,868.317146105212,2839.74275843921,387.84,320,320
0.774,0,0,0,0,0,0,0,0,0,0,0,0,0,0,0,0,0,0,0,0,0,Inf,Inf,Inf,0.045,0.045,0.035,0.04,0.631056550760495,0.542720791922796,2.36726869132162e-12,1.27015561358852e-05,1.67808918730755,0.000132833319378864,0.781026499260617,9465.81546302889,868.54097232071,868.3523936382,868.316811279401,2839.74463890867,387.84,320,320
0.775,0,0,0,0,0,0,0,0,0,0,0,0,0,0,0,0,0,0,0,0,0,Inf,Inf,Inf,0.045,0.045,0.035,0.04,0.631057355044236,0.54272080734011,2.36726743535472e-12,1.2701558686644e-05,1.67808941118743,0.000132833321729128,0.781026503211268,9465.82748909386,868.540998705006,868.35404937274,868.31995373328,2839.74824672816,387.84,320,320
0.776,0,0,0,0,0,0,0,0,0,0,0,0,0,0,0,0,0,0,0,0,0,Inf,Inf,Inf,0.045,0.045,0.035,0.04,0.631057703795081,0.542721129251337,2.36726653646702e-12,1.27017503645963e-05,1.67808955352839,0.000132833322927722,0.781026521661884,9465.83448305306,868.540577368753,868.355443814408,868.319531741568,2839.75034491592,387.84,320,320
0.777,0,0,0,0,0,0,0,0,0,0,0,0,0,0,0,0,0,0,0,0,0,Inf,Inf,Inf,0.045,0.045,0.035,0.04,0.631057627180961,0.542721669730927,2.36726671983281e-12,1.2701752045785e-05,1.67808961442907,0.000132833324230493,0.781026538671895,9465.83540604601,868.540027557354,868.353566800463,868.318981574075,2839.7506218138,387.84,320,320
0.778,0,0,0,0,0,0,0,0,0,0,0,0,0,0,0,0,0,0,0,0,0,Inf,Inf,Inf,0.045,0.045,0.035,0.04,0.631058143419979,0.542721812523132,2.36726829190377e-12,1.27017557554112e-05,1.67808975240011,0.000132833327670993,0.781026540372374,9465.84184645973,868.542570677672,868.354943628699,868.31863080286,2839.75255393792,387.84,320,320
0.779,0,0,0,0,0,0,0,0,0,0,0,0,0,0,0,0,0,0,0,0,0,Inf,Inf,Inf,0.045,0.045,0.035,0.04,0.631058630408926,0.542721651057096,2.36727106802416e-12,1.27016913917512e-05,1.67808994586889,0.000132833329712163,0.781026539661385,9465.85301434787,868.542243807729,868.356278710033,868.321235381194,2839.75590430436,387.84,320,320
0.78,0,0,0,0,0,0,0,0,0,0,0,0,0,0,0,0,0,0,0,0,0,Inf,Inf,Inf,0.045,0.045,0.035,0.04,0.631058685250449,0.542722267826535,2.36727445195198e-12,1.27016935237751e-05,1.67809006054328,0.000132833334128636,0.781026555415401,9465.84927240224,868.541591988688,868.354279149671,868.320583019728,2839.75478172067,387.84,320,320
0.781,0,0,0,0,0,0,0,0,0,0,0,0,0,0,0,0,0,0,0,0,0,Inf,Inf,Inf,0.045,0.045,0.035,0.04,0.631058624084573,0.542722538052222,2.3672776335097e-12,1.27016972945881e-05,1.67809010438888,0.000132833338264478,0.781026579295103,9465.85013948167,868.540923824621,868.355276391045,868.319914582158,2839.7550418445,387.84,320,320
0.782,0,0,0,0,0,0,0,0,0,0,0,0,0,0,0,0,0,0,0,0,0,Inf,Inf,Inf,0.045,0.045,0.035,0.04,0.631059213299275,0.542722432367418,2.36727984033619e-12,1.27017009009893e-05,1.67809033687724,0.00013283334159315,0.781026586731408,9465.85618901006,868.543568393983,868.35643792271,868.319519313953,2839.75685670302,387.84,320,320
0.783,0,0,0,0,0,0,0,0,0,0,0,0,0,0,0,0,0,0,0,0,0,Inf,Inf,Inf,0.045,0.045,0.035,0.04,0.631059410561106,0.542722388637358,2.36728056954672e-12,1.27015665600135e-05,1.6780905069274,0.00013283334339934,0.781026604273786,9465.8605192751,868.542921659535,868.357458836207,868.321909263304,2839.75815578253,387.84,320,320
0.784,0,0,0,0,0,0,0,0,0,0,0,0,0,0,0,0,0,0,0,0,0,Inf,Inf,Inf,0.045,0.045,0.035,0.04,0.631059194499338,0.542722766751345,2.36727973494248e-12,1.2701570386152e-05,1.67809059888806,0.000132833344067479,0.781026616452525,9465.85619759599,868.542047777204,868.358063809031,868.3210349382,2839.7568592788,387.84,320,320
0.785,0,0,0,0,0,0,0,0,0,0,0,0,0,0,0,0,0,0,0,0,0,Inf,Inf,Inf,0.045,0.045,0.035,0.04,0.631059145508418,0.542722783142944,2.36727769058419e-12,1.270157365792e-05,1.67809070461533,0.000132833344317314,0.781026625498212,9465.85678550803,868.544168413291,868.355974718025,868.320239141092,2839.75703565241,387.84,320,320
0.786,0,0,0,0,0,0,0,0,0,0,0,0,0,0,0,0,0,0,0,0,0,Inf,Inf,Inf,0.045,0.045,0.035,0.04,0.631059474411818,0.542722437506107,2.36727512524193e-12,1.27015782050674e-05,1.67809092801626,0.000132833347126642,0.781026629320695,9465.86237142732,868.543617036525,868.356928974995,868.319788069902,2839.7587114282,387.84,320,320
0.787,0,0,0,0,0,0,0,0,0,0,0,0,0,0,0,0,0,0,0,0,0,Inf,Inf,Inf,0.045,0.045,0.035,0.04,0.631059387943775,0.542722507306528,2.36727285671615e-12,1.2701770941165e-05,1.67809107504597,0.000132833348597717,0.781026646602378,9465.86103443587,868.542650232724,868.357648696728,868.321599291505,2839.75831033076,387.84,320,320
0.788,0,0,0,0,0,0,0,0,0,0,0,0,0,0,0,0,0,0,0,0,0,Inf,Inf,Inf,0.045,0.045,0.035,0.04,0.631058897554089,0.542722649235158,2.36727158272795e-12,1.27017746507913e-05,1.67809114238562,0.000132833350468282,0.781026666156556,9465.85618085215,868.541550056668,868.355303078815,868.32049877047,2839.75685425564,387.84,320,320
0.789,0,0,0,0,0,0,0,0,0,0,0,0,0,0,0,0,0,0,0,0,0,Inf,Inf,Inf,0.045,0.045,0.035,0.04,0.631059140405547,0.542722404817165,2.36727165947165e-12,1.27017790549151e-05,1.67809132103947,0.000132833354422534,0.781026671850886,9465.85669558752,868.543528610695,868.356085185608,868.319581075107,2839.75700867626,387.84,320,320
0.79,0,0,0,0,0,0,0,0,0,0,0,0,0,0,0,0,0,0,0,0,0,Inf,Inf,Inf,0.045,0.045,0.035,0.04,0.631059198321715,0.542722002378428,2.36727297532538e-12,1.27017086817601e-05,1.67809152514219,0.000132833356983176,0.781026679546229,9465.85953473735,868.542573074667,868.356840806496,868.321559245538,2839.7578604212,387.84,320,320
0.791,0,0,0,0,0,0,0,0,0,0,0,0,0,0,0,0,0,0,0,0,0,Inf,Inf,Inf,0.045,0.045,0.035,0.04,0.631058806478648,0.542722255224646,2.36727496434951e-12,1.27017123927871e-05,1.67809164267263,0.000132833361616903,0.781026704882865,9465.84953471218,868.541272605136,868.354120221986,868.320258253739,2839.75486041365,387.84,320,320
0.792,0,0,0,0,0,0,0,0,0,0,0,0,0,0,0,0,0,0,0,0,0,Inf,Inf,Inf,0.045,0.045,0.035,0.04,0.631058495205899,0.542722137539469,2.36727676561692e-12,1.27017178023887e-05,1.67809170866858,0.000132833366397199,0.781026719719927,9465.84458396923,868.543105338993,868.354624317952,868.318940758244,2839.75337519077,387.84,320,320
0.793,0,0,0,0,0,0,0,0,0,0,0,0,0,0,0,0,0,0,0,0,0,Inf,Inf,Inf,0.045,0.045,0.035,0.04,0.631058692100491,0.542721602800056,2.36727748924583e-12,1.27017176678698e-05,1.67809196544808,0.000132833370101311,0.781026721302598,9465.84554612726,868.542251571742,868.355319882705,868.317939849141,2839.75366383818,387.84,320,320
0.794,0,0,0,0,0,0,0,0,0,0,0,0,0,0,0,0,0,0,0,0,0,Inf,Inf,Inf,0.045,0.045,0.035,0.04,0.631058437622201,0.542721383761711,2.36727651151917e-12,1.27015908499547e-05,1.67809213874056,0.000132833371965413,0.781026742367435,9465.84064133281,868.540858444983,868.355851000836,868.319840579772,2839.75219239984,387.84,320,320
0.795,0,0,0,0,0,0,0,0,0,0,0,0,0,0,0,0,0,0,0,0,0,Inf,Inf,Inf,0.045,0.045,0.035,0.04,0.631057699369906,0.542721401068187,2.3672737034057e-12,1.27015955637415e-05,1.67809221541881,0.000132833372088093,0.781026760843421,9465.83008695936,868.539227022649,868.35587867557,868.318208773793,2839.74902608781,387.84,320,320
0.796,0,0,0,0,0,0,0,0,0,0,0,0,0,0,0,0,0,0,0,0,0,Inf,Inf,Inf,0.045,0.045,0.035,0.04,0.631057529015297,0.542720975586057,2.36726950881423e-12,1.27015990021491e-05,1.678092374354,0.000132833373515153,0.781026770319071,9465.82581131039,868.541286976698,868.353099947758,868.316722039972,2839.74774339312,387.84,320,320
0.797,0,0,0,0,0,0,0,0,0,0,0,0,0,0,0,0,0,0,0,0,0,Inf,Inf,Inf,0.045,0.045,0.035,0.04,0.631057432592233,0.542720113119467,2.36726483158814e-12,1.2701603882576e-05,1.67809260559322,0.000132833376600383,0.78102676985564,9465.8278118241,868.539908772152,868.353680397172,868.315718644943,2839.74834354723,387.84,320,320
0.798,0,0,0,0,0,0,0,0,0,0,0,0,0,0,0,0,0,0,0,0,0,Inf,Inf,Inf,0.045,0.045,0.035,0.04,0.631056803200119,0.542720168968199,2.36726075280441e-12,1.27017913356553e-05,1.67809273335084,0.000132833377650947,0.781026803916001,9465.81455806,868.538066533231,868.353907302821,868.317010074449,2839.744367418,387.84,320,320
0.799,0,0,0,0,0,0,0,0,0,0,0,0,0,0,0,0,0,0,0,0,0,Inf,Inf,Inf,0.045,0.045,0.035,0.04,0.631055955837059,0.542719884473172,2.36725816254586e-12,1.27017937113425e-05,1.67809275976929,0.000132833381008979,0.781026817698935,9465.80451200581,868.536155563277,868.350577172344,868.315098898296,2839.74135360174,387.84,320,320
0.8,0,0,0,0,0,0,0,0,0,0,0,0,0,0,0,0,0,0,0,0,0,Inf,Inf,Inf,0.045,0.045,0.035,0.04,0.631056017079425,0.542719094437699,2.36725742985672e-12,1.27017984627171e-05,1.6780930455354,0.00013283338523467,0.78102681916973,9465.8018411127,868.538242963074,868.351107146571,868.313545583086,2839.74055233381,387.84,320,320
0.801,0,0,0,0,0,0,0,0,0,0,0,0,0,0,0,0,0,0,0,0,0,Inf,Inf,Inf,0.045,0.045,0.035,0.04,0.631055543043811,0.542718655241264,2.36725823330563e-12,1.27017223301459e-05,1.67809323251512,0.000132833387280836,0.781026831645985,9465.79316169984,868.536306538247,868.351485323038,868.315287099708,2839.73794850995,387.84,320,320
0.802,0,0,0,0,0,0,0,0,0,0,0,0,0,0,0,0,0,0,0,0,0,Inf,Inf,Inf,0.045,0.045,0.035,0.04,0.631054478764996,0.542718525404946,2.36725962784663e-12,1.27017259066543e-05,1.67809330048962,0.000132833393218576,0.781026857151758,9465.77715817909,868.534062136335,868.34746543229,868.313042312738,2839.73314745373,387.84,320,320
0.803,0,0,0,0,0,0,0,0,0,0,0,0,0,0,0,0,0,0,0,0,0,Inf,Inf,Inf,0.045,0.045,0.035,0.04,0.631054257382639,0.542717861074038,2.36726034378681e-12,1.27017275753367e-05,1.67809348037584,0.000132833398532072,0.781026865229927,9465.76897099477,868.536274093542,868.347830945113,868.310971764111,2839.73069129843,387.84,320,320
0.804,0,0,0,0,0,0,0,0,0,0,0,0,0,0,0,0,0,0,0,0,0,Inf,Inf,Inf,0.045,0.045,0.035,0.04,0.631053965637356,0.542716665503184,2.36725922728221e-12,1.27017325813847e-05,1.67809373061256,0.000132833401549383,0.781026877415758,9465.76867442157,868.534363097356,868.348284030237,868.31334024108,2839.73060232647,387.84,320,320
0.805,0,0,0,0,0,0,0,0,0,0,0,0,0,0,0,0,0,0,0,0,0,Inf,Inf,Inf,0.045,0.045,0.035,0.04,0.631053027658822,0.542716672515764,2.36725567096823e-12,1.27016117592355e-05,1.67809385324055,0.000132833402118987,0.781026904360385,9465.74779918615,868.531897898069,868.348312923724,868.31087445914,2839.72433975584,387.84,320,320
0.806,0,0,0,0,0,0,0,0,0,0,0,0,0,0,0,0,0,0,0,0,0,Inf,Inf,Inf,0.045,0.045,0.035,0.04,0.631051837253494,0.54271617123435,2.3672498739693e-12,1.27016166396651e-05,1.67809388710974,0.000132833400981592,0.781026918659643,9465.73355484747,868.533609168139,868.343904877619,868.308353009812,2839.72006645424,387.84,320,320
0.807,0,0,0,0,0,0,0,0,0,0,0,0,0,0,0,0,0,0,0,0,0,Inf,Inf,Inf,0.045,0.045,0.035,0.04,0.631051732192062,0.542715060193239,2.3672428212443e-12,1.27016209657264e-05,1.67809420119693,0.000132833405477629,0.781026917832826,9465.72848635343,868.5318337395,868.344334857365,868.306305225527,2839.71854590603,387.84,320,320
0.808,0,0,0,0,0,0,0,0,0,0,0,0,0,0,0,0,0,0,0,0,0,Inf,Inf,Inf,0.045,0.045,0.035,0.04,0.631050972482835,0.542714325559093,2.36723596904144e-12,1.27018000169104e-05,1.67809438848452,0.00013283340722158,0.781026947413093,9465.71763336297,868.529270009768,868.34455777113,868.308208451712,2839.71529000889,387.84,320,320
0.809,0,0,0,0,0,0,0,0,0,0,0,0,0,0,0,0,0,0,0,0,0,Inf,Inf,Inf,0.045,0.045,0.035,0.04,0.631049509154126,0.542714005537762,2.36723073318311e-12,1.27018023925992e-05,1.67809443085186,0.000132833408546698,0.781026967516631,9465.69711058301,868.526389231485,868.339748206346,868.305327362018,2839.7091331749,387.84,320,320
0.81,0,0,0,0,0,0,0,0,0,0,0,0,0,0,0,0,0,0,0,0,0,Inf,Inf,Inf,0.045,0.045,0.035,0.04,0.631049096325582,0.542713036175794,2.36722795883753e-12,1.27018067967261e-05,1.67809463944748,0.000132833414175049,0.781026970336054,9465.68637787153,868.528559245203,868.340042855854,868.302726468552,2839.70591336146,387.84,320,320
0.811,0,0,0,0,0,0,0,0,0,0,0,0,0,0,0,0,0,0,0,0,0,Inf,Inf,Inf,0.045,0.045,0.035,0.04,0.631048547366247,0.542711720131806,2.36722757049987e-12,1.27017379109459e-05,1.67809489692451,0.000132833417022564,0.781026967482647,9465.68166519584,868.526018411528,868.340389061298,868.304993976881,2839.70449955875,387.84,320,320
0.812,0,0,0,0,0,0,0,0,0,0,0,0,0,0,0,0,0,0,0,0,0,Inf,Inf,Inf,0.045,0.045,0.035,0.04,0.631047221569323,0.542711579921975,2.36722854646699e-12,1.27017415322944e-05,1.67809499694726,0.000132833420557338,0.781027004510776,9465.65493971585,868.522885861623,868.335065568607,868.30186088929,2839.69648191475,387.84,320,320
0.813,0,0,0,0,0,0,0,0,0,0,0,0,0,0,0,0,0,0,0,0,0,Inf,Inf,Inf,0.045,0.045,0.035,0.04,0.631046136570801,0.542710794836857,2.36722924840492e-12,1.27017467027571e-05,1.67809506326289,0.000132833427537581,0.781027018013366,9465.6378608138,868.524977482913,868.335103999795,868.298761226901,2839.69135824414,387.84,320,320
0.814,0,0,0,0,0,0,0,0,0,0,0,0,0,0,0,0,0,0,0,0,0,Inf,Inf,Inf,0.045,0.045,0.035,0.04,0.631045810210611,0.542709291265438,2.36722800329239e-12,1.27017534372815e-05,1.67809539111987,0.000132833431810569,0.781027019366754,9465.63182166507,868.522574172419,868.335478380091,868.301546419478,2839.68954649952,387.84,320,320
0.815,0,0,0,0,0,0,0,0,0,0,0,0,0,0,0,0,0,0,0,0,0,Inf,Inf,Inf,0.045,0.045,0.035,0.04,0.631044681284693,0.542708669738436,2.36722373211054e-12,1.27016269037755e-05,1.67809556003273,0.000132833432735756,0.781027053835599,9465.6109646077,868.519309355624,868.335508376835,868.298280832481,2839.68328938231,387.84,320,320
0.816,0,0,0,0,0,0,0,0,0,0,0,0,0,0,0,0,0,0,0,0,0,Inf,Inf,Inf,0.045,0.045,0.035,0.04,0.631042741053344,0.542708095341022,2.36721638894462e-12,1.27016316175668e-05,1.67809555921945,0.000132833430774063,0.781027072702785,9465.58710672591,868.515790999002,868.334589310078,868.294762293893,2839.67613201777,387.84,320,320
0.817,0,0,0,0,0,0,0,0,0,0,0,0,0,0,0,0,0,0,0,0,0,Inf,Inf,Inf,0.045,0.045,0.035,0.04,0.631042412685731,0.542706742460593,2.3672070323844e-12,1.27016366646462e-05,1.67809584755468,0.000132833435668517,0.781027071493212,9465.57522140508,868.518535098765,868.329833073849,868.291705232021,2839.67256642153,387.84,320,320
0.818,0,0,0,0,0,0,0,0,0,0,0,0,0,0,0,0,0,0,0,0,0,Inf,Inf,Inf,0.045,0.045,0.035,0.04,0.631041524427748,0.542705260191357,2.36719748137097e-12,1.2701807419344e-05,1.67809609239297,0.000132833438073285,0.781027090919072,9465.56638809937,868.515266631427,868.330053070563,868.294200066537,2839.66991642981,387.84,320,320
0.819,0,0,0,0,0,0,0,0,0,0,0,0,0,0,0,0,0,0,0,0,0,Inf,Inf,Inf,0.045,0.045,0.035,0.04,0.631039725013828,0.542704904371897,2.36718966406067e-12,1.27018114762204e-05,1.67809615025245,0.000132833437140258,0.781027119483143,9465.53564071838,868.51143586831,868.323777508084,868.290368885392,2839.66069221551,387.84,320,320
0.82,0,0,0,0,0,0,0,0,0,0,0,0,0,0,0,0,0,0,0,0,0,Inf,Inf,Inf,0.045,0.045,0.035,0.04,0.631038592430306,0.542703756680962,2.3671848919638e-12,1.27018169221083e-05,1.67809627025289,0.000132833444299238,0.781027124629666,9465.5170178486,868.513721644678,868.323844687991,868.286739015089,2839.65510535458,387.84,320,320
0.821,0,0,0,0,0,0,0,0,0,0,0,0,0,0,0,0,0,0,0,0,0,Inf,Inf,Inf,0.045,0.045,0.035,0.04,0.631037968728338,0.542701792505701,2.36718333281469e-12,1.27018213813188e-05,1.67809659365248,0.000132833448050172,0.781027118351237,9465.51112784802,868.510581467618,868.324160497986,868.28955211142,2839.65333835441,387.84,320,320
0.822,0,0,0,0,0,0,0,0,0,0,0,0,0,0,0,0,0,0,0,0,0,Inf,Inf,Inf,0.045,0.045,0.035,0.04,0.63103638382947,0.542701426819062,2.3671838937442e-12,1.27017593594404e-05,1.6780967238304,0.000132833449012048,0.781027161272607,9465.47885943766,868.50656822816,868.317516622334,868.285538184569,2839.6436578313,387.84,320,320
0.823,0,0,0,0,0,0,0,0,0,0,0,0,0,0,0,0,0,0,0,0,0,Inf,Inf,Inf,0.045,0.045,0.035,0.04,0.631034428262721,0.542700522849118,2.36718457959107e-12,1.27017645448554e-05,1.67809668386774,0.00013283345774079,0.781027177767948,9465.45292250231,868.50855173633,868.317227589222,868.281416302683,2839.63587675069,387.84,320,320
0.824,0,0,0,0,0,0,0,0,0,0,0,0,0,0,0,0,0,0,0,0,0,Inf,Inf,Inf,0.045,0.045,0.035,0.04,0.631034068913918,0.542698716445679,2.36718321198779e-12,1.27017693715677e-05,1.67809708413531,0.00013283346309102,0.781027170858843,9465.44110887717,868.505664375335,868.317520207306,868.278005465785,2839.63233266315,387.84,320,320
0.825,0,0,0,0,0,0,0,0,0,0,0,0,0,0,0,0,0,0,0,0,0,Inf,Inf,Inf,0.045,0.045,0.035,0.04,0.631032755671318,0.542697446502262,2.36717825082971e-12,1.2701640497494e-05,1.67809729656123,0.000132833464079617,0.781027207860496,9465.42067802763,868.50161290543,868.317551061485,868.280579393579,2839.62620340829,387.84,320,320
0.826,0,0,0,0,0,0,0,0,0,0,0,0,0,0,0,0,0,0,0,0,0,Inf,Inf,Inf,0.045,0.045,0.035,0.04,0.631030416589584,0.542696803852386,2.36716940821727e-12,1.27016466533145e-05,1.67809729550617,0.000132833461593344,0.781027231560457,9465.38723495023,868.497111968717,868.316522782576,868.2760782219,2839.61617048507,387.84,320,320
0.827,0,0,0,0,0,0,0,0,0,0,0,0,0,0,0,0,0,0,0,0,0,Inf,Inf,Inf,0.045,0.045,0.035,0.04,0.631029495294722,0.542695220826495,2.36715781046513e-12,1.27016524214177e-05,1.67809753828769,0.000132833466636801,0.781027229970536,9465.36849361114,868.500110222816,868.310180339603,868.272023460516,2839.61054808334,387.84,320,320
0.828,0,0,0,0,0,0,0,0,0,0,0,0,0,0,0,0,0,0,0,0,0,Inf,Inf,Inf,0.045,0.045,0.035,0.04,0.631028488444825,0.542692973257602,2.36714562646352e-12,1.27018196834058e-05,1.67809783898813,0.000132833469358414,0.781027237739887,9465.36215040335,868.496165934725,868.310393830256,868.275094490787,2839.608645121,387.84,320,320
0.829,0,0,0,0,0,0,0,0,0,0,0,0,0,0,0,0,0,0,0,0,0,Inf,Inf,Inf,0.045,0.045,0.035,0.04,0.631026372644847,0.542692586427358,2.36713528213396e-12,1.27018281444158e-05,1.67809791197018,0.000132833467819009,0.781027276749438,9465.32139344136,868.491420070627,868.309774860139,868.270348104021,2839.59641803241,387.84,320,320
0.83,0,0,0,0,0,0,0,0,0,0,0,0,0,0,0,0,0,0,0,0,0,Inf,Inf,Inf,0.045,0.045,0.035,0.04,0.631024511824747,0.542691274631059,2.3671285449189e-12,1.27018319091323e-05,1.67809795372181,0.000132833475180324,0.781027284285345,9465.29500840342,868.49375992938,868.302561686698,868.26572369981,2839.58850252103,387.84,320,320
0.831,0,0,0,0,0,0,0,0,0,0,0,0,0,0,0,0,0,0,0,0,0,Inf,Inf,Inf,0.045,0.045,0.035,0.04,0.63102382125765,0.542688959171309,2.36712582408901e-12,1.27018383968011e-05,1.67809834314363,0.000132833479617491,0.781027277937852,9465.28455012291,868.49005813903,868.302842150283,868.26902401244,2839.58536503687,387.84,320,320
0.832,0,0,0,0,0,0,0,0,0,0,0,0,0,0,0,0,0,0,0,0,0,Inf,Inf,Inf,0.045,0.045,0.035,0.04,0.631021996046715,0.542688094454206,2.36712596383698e-12,1.27017745166117e-05,1.67809850344568,0.000132833479685621,0.781027321038318,9465.2505946556,868.485212587222,868.294984674279,868.264177639942,2839.57517839668,387.84,320,320
0.833,0,0,0,0,0,0,0,0,0,0,0,0,0,0,0,0,0,0,0,0,0,Inf,Inf,Inf,0.045,0.045,0.035,0.04,0.631019208950699,0.542687081594119,2.36712662766557e-12,1.27017778689401e-05,1.67809842936321,0.000132833489870787,0.781027339980958,9465.21615590072,868.48012004428,868.294374989785,868.259085103562,2839.56484677022,387.84,320,320
0.834,0,0,0,0,0,0,0,0,0,0,0,0,0,0,0,0,0,0,0,0,0,Inf,Inf,Inf,0.045,0.045,0.035,0.04,0.631018819613445,0.542684991578811,2.36712514903006e-12,1.27017844241421e-05,1.678098823984,0.000132833496469098,0.781027329775336,9465.19879166377,868.4837144435,868.294586077712,868.25475018623,2839.55963749913,387.84,320,320
0.835,0,0,0,0,0,0,0,0,0,0,0,0,0,0,0,0,0,0,0,0,0,Inf,Inf,Inf,0.045,0.045,0.035,0.04,0.631017332951381,0.542683113231818,2.3671195391608e-12,1.27016541491367e-05,1.67809907964309,0.000132833497896867,0.781027366503493,9465.17863118698,868.478919156509,868.294617658034,868.257880817771,2839.55358935609,387.84,320,320
0.836,0,0,0,0,0,0,0,0,0,0,0,0,0,0,0,0,0,0,0,0,0,Inf,Inf,Inf,0.045,0.045,0.035,0.04,0.631014614531541,0.542682405918935,2.3671092709936e-12,1.27016595839511e-05,1.6780990783482,0.000132833494744151,0.781027395020668,9465.13606084075,868.473484238853,868.293485910373,868.252445617473,2839.54081825223,387.84,320,320
0.837,0,0,0,0,0,0,0,0,0,0,0,0,0,0,0,0,0,0,0,0,0,Inf,Inf,Inf,0.045,0.045,0.035,0.04,0.631013145383369,0.542680602452991,2.36709553034841e-12,1.2701666239737e-05,1.67809925893406,0.000132833498721448,0.781027393102259,9465.11078697506,868.476730528358,868.285651475655,868.247439428797,2839.53323609252,387.84,320,320
0.838,0,0,0,0,0,0,0,0,0,0,0,0,0,0,0,0,0,0,0,0,0,Inf,Inf,Inf,0.045,0.045,0.035,0.04,0.631012023453118,0.542677728947425,2.36708081936755e-12,1.27016733954856e-05,1.67809961305288,0.000132833501973958,0.781027394281419,9465.10263366293,868.472135810444,868.2858594359,868.251059628611,2839.53079009888,387.84,320,320
0.839,0,0,0,0,0,0,0,0,0,0,0,0,0,0,0,0,0,0,0,0,0,Inf,Inf,Inf,0.045,0.045,0.035,0.04,0.631009600463146,0.542677221827144,2.367068042286e-12,1.27018479380643e-05,1.67809970055895,0.00013283350006293,0.781027441003865,9465.05616111181,868.46650631975,868.285191313105,868.245429516561,2839.51684833354,387.84,320,320
0.84,0,0,0,0,0,0,0,0,0,0,0,0,0,0,0,0,0,0,0,0,0,Inf,Inf,Inf,0.045,0.045,0.035,0.04,0.631007048071279,0.542675749408828,2.36705940716711e-12,1.27018561069346e-05,1.6780996547997,0.000132833506424234,0.781027450150078,9465.02227751762,868.468929111085,868.276446394904,868.239841844601,2839.50668325528,387.84,320,320
0.841,0,0,0,0,0,0,0,0,0,0,0,0,0,0,0,0,0,0,0,0,0,Inf,Inf,Inf,0.045,0.045,0.035,0.04,0.631006291925581,0.54267309085561,2.3670555592406e-12,1.27018653175855e-05,1.67810010478968,0.000132833511824532,0.78102743605927,9465.00738531182,868.464678805683,868.276693276196,868.243640050366,2839.50221559355,387.84,320,320
0.842,0,0,0,0,0,0,0,0,0,0,0,0,0,0,0,0,0,0,0,0,0,Inf,Inf,Inf,0.045,0.045,0.035,0.04,0.631004232356194,0.542671743244799,2.36705528609389e-12,1.27017865256156e-05,1.67810029292148,0.000132833511466191,0.781027480832688,9464.97173615186,868.459020028891,868.276425527846,868.237980317644,2839.49152084556,387.84,320,320
0.843,0,0,0,0,0,0,0,0,0,0,0,0,0,0,0,0,0,0,0,0,0,Inf,Inf,Inf,0.045,0.045,0.035,0.04,0.631000862818239,0.542670624975089,2.36705592594715e-12,1.27017970160403e-05,1.67810020448501,0.000132833522229325,0.781027503429329,9464.92894477694,868.452977175284,868.266698320931,868.231937468834,2839.47868343308,387.84,320,320
0.844,0,0,0,0,0,0,0,0,0,0,0,0,0,0,0,0,0,0,0,0,0,Inf,Inf,Inf,0.045,0.045,0.035,0.04,0.631000201351543,0.542668260455431,2.36705434392105e-12,1.27018033022524e-05,1.67810057579538,0.00013283352983992,0.781027489248433,9464.90607534188,868.45695443975,868.266825960978,868.226694307727,2839.47182260256,387.84,320,320
0.845,0,0,0,0,0,0,0,0,0,0,0,0,0,0,0,0,0,0,0,0,0,Inf,Inf,Inf,0.045,0.045,0.035,0.04,0.630998550148548,0.54266576358326,2.3670481186354e-12,1.27016667500938e-05,1.67810087152957,0.000132833531349683,0.781027529627053,9464.88656695472,868.451438379325,868.266858017627,868.23039536653,2839.46597008641,387.84,320,320
0.846,0,0,0,0,0,0,0,0,0,0,0,0,0,0,0,0,0,0,0,0,0,Inf,Inf,Inf,0.045,0.045,0.035,0.04,0.630995469640986,0.542664997182026,2.36703648980087e-12,1.27016736269511e-05,1.67810087001248,0.000132833527602594,0.781027562378809,9464.83502495374,868.445096481245,868.265631721062,868.224053137195,2839.45050748612,387.84,320,320
0.847,0,0,0,0,0,0,0,0,0,0,0,0,0,0,0,0,0,0,0,0,0,Inf,Inf,Inf,0.045,0.045,0.035,0.04,0.63099343128533,0.542662987513134,2.3670206960503e-12,1.27016815581425e-05,1.67810100269057,0.000132833531080221,0.781027560189868,9464.80327284766,868.448556219006,868.256321163687,868.218119888263,2839.4409818543,387.84,320,320
0.848,0,0,0,0,0,0,0,0,0,0,0,0,0,0,0,0,0,0,0,0,0,Inf,Inf,Inf,0.045,0.045,0.035,0.04,0.630992205343272,0.542659730088189,2.36700355588951e-12,1.27016874385601e-05,1.67810140795137,0.000132833534928907,0.781027559203589,9464.79169583991,868.443347612774,868.256520257476,868.222266875218,2839.43750875197,387.84,320,320
0.849,0,0,0,0,0,0,0,0,0,0,0,0,0,0,0,0,0,0,0,0,0,Inf,Inf,Inf,0.045,0.045,0.035,0.04,0.630989498114527,0.542658859226803,2.36698843136355e-12,1.27018715517762e-05,1.6781015093889,0.000132833532582036,0.781027608586193,9464.74186891316,868.436879815214,868.255810934719,868.215798368816,2839.42256067395,387.84,320,320
0.85,0,0,0,0,0,0,0,0,0,0,0,0,0,0,0,0,0,0,0,0,0,Inf,Inf,Inf,0.045,0.045,0.035,0.04,0.630986255868606,0.542657241896733,2.36697795524757e-12,1.27018814018484e-05,1.67810138664321,0.000132833538126853,0.78102761895402,9464.70071077484,868.439326490598,868.24561384662,868.209293291587,2839.41021323245,387.84,320,320
0.851,0,0,0,0,0,0,0,0,0,0,0,0,0,0,0,0,0,0,0,0,0,Inf,Inf,Inf,0.045,0.045,0.035,0.04,0.63098544252975,0.54265426734195,2.36697300401041e-12,1.27018896258846e-05,1.6781018962393,0.000132833544332333,0.781027597415442,9464.6814769935,868.434570980197,868.245822870201,868.204001366849,2839.40444309805,387.84,320,320
0.852,0,0,0,0,0,0,0,0,0,0,0,0,0,0,0,0,0,0,0,0,0,Inf,Inf,Inf,0.045,0.045,0.035,0.04,0.630983169662718,0.54265244296211,2.36697231743438e-12,1.27018069927556e-05,1.67810211181305,0.000132833544032616,0.781027644566472,9464.64456598563,868.428155933296,868.245544850017,868.207111669244,2839.39336979569,387.84,320,320
0.853,0,0,0,0,0,0,0,0,0,0,0,0,0,0,0,0,0,0,0,0,0,Inf,Inf,Inf,0.045,0.045,0.035,0.04,0.63097939366236,0.54265123027574,2.36697292785608e-12,1.27018174234224e-05,1.67810200914364,0.000132833553370868,0.781027670700698,9464.59387040998,868.421224486112,868.234427814138,868.200180228496,2839.37816112299,387.84,320,320
0.854,0,0,0,0,0,0,0,0,0,0,0,0,0,0,0,0,0,0,0,0,0,Inf,Inf,Inf,0.045,0.045,0.035,0.04,0.630978335038477,0.542648613353358,2.36697125494864e-12,1.27018271666408e-05,1.67810235217989,0.00013283356195789,0.781027653810265,9464.56577888567,868.425528695652,868.234473163602,868.194084991889,2839.3697336657,387.84,320,320
0.855,0,0,0,0,0,0,0,0,0,0,0,0,0,0,0,0,0,0,0,0,0,Inf,Inf,Inf,0.045,0.045,0.035,0.04,0.630976532054353,0.542645543439584,2.3669644624786e-12,1.27016825143441e-05,1.67810268713631,0.000132833563883084,0.781027695282609,9464.54677916411,868.419342546049,868.234505554565,868.198295075595,2839.36403374923,387.84,320,320
0.856,0,0,0,0,0,0,0,0,0,0,0,0,0,0,0,0,0,0,0,0,0,Inf,Inf,Inf,0.045,0.045,0.035,0.04,0.630973113180178,0.542644722317865,2.36695156269222e-12,1.27016886701968e-05,1.67810268540251,0.000132833559411938,0.781027731857449,9464.48681884166,868.412152290338,868.233191698092,868.191104446136,2839.3460456525,387.84,320,320
0.857,0,0,0,0,0,0,0,0,0,0,0,0,0,0,0,0,0,0,0,0,0,Inf,Inf,Inf,0.045,0.045,0.035,0.04,0.630970554897465,0.542642518787254,2.36693383827514e-12,1.27016978767957e-05,1.67810275559597,0.000132833562736265,0.781027729407615,9464.44897901504,868.415815701122,868.222513902532,868.184300679468,2839.33469370451,387.84,320,320
0.858,0,0,0,0,0,0,0,0,0,0,0,0,0,0,0,0,0,0,0,0,0,Inf,Inf,Inf,0.045,0.045,0.035,0.04,0.630969229981125,0.542638898182819,2.36691440363194e-12,1.27017046449528e-05,1.67810320880061,0.000132833567077682,0.781027724593053,9464.43418522003,868.410026370266,868.22270504983,868.188941279529,2839.33025556601,387.84,320,320
0.859,0,0,0,0,0,0,0,0,0,0,0,0,0,0,0,0,0,0,0,0,0,Inf,Inf,Inf,0.045,0.045,0.035,0.04,0.630966251629264,0.542637699905059,2.36689705365763e-12,1.27018844944851e-05,1.67810332334878,0.000132833564370769,0.781027775311067,9464.38090166681,868.40276231818,868.221955772307,868.181676436123,2839.31427050004,387.84,320,320
0.86,0,0,0,0,0,0,0,0,0,0,0,0,0,0,0,0,0,0,0,0,0,Inf,Inf,Inf,0.045,0.045,0.035,0.04,0.630962363043747,0.542635943341487,2.36688482541453e-12,1.27018923161428e-05,1.67810311534202,0.000132833570773121,0.781027787332189,9464.33281806999,868.405258059578,868.210367820643,868.174296784661,2839.299845421,387.84,320,320
0.861,0,0,0,0,0,0,0,0,0,0,0,0,0,0,0,0,0,0,0,0,0,Inf,Inf,Inf,0.045,0.045,0.035,0.04,0.630961494754535,0.542632665474172,2.36687881827694e-12,1.27018994984321e-05,1.67810367882476,0.000132833577636092,0.781027759666722,9464.30942744684,868.400017633176,868.210540985981,868.168218188161,2839.29282823405,387.84,320,320
0.862,0,0,0,0,0,0,0,0,0,0,0,0,0,0,0,0,0,0,0,0,0,Inf,Inf,Inf,0.045,0.045,0.035,0.04,0.630959017675487,0.542630385873686,2.3668777312021e-12,1.27018253830336e-05,1.67810391942569,0.000132833577055755,0.781027815628677,9464.27128012772,868.392875896249,868.210253253738,868.171827266522,2839.28138403832,387.84,320,320
0.863,0,0,0,0,0,0,0,0,0,0,0,0,0,0,0,0,0,0,0,0,0,Inf,Inf,Inf,0.045,0.045,0.035,0.04,0.630954852432893,0.542629083650072,2.36687831046729e-12,1.27018339955788e-05,1.67810380374306,0.000132833585227993,0.781027842988765,9464.21293595186,868.385088426917,868.19777373934,868.164039807537,2839.26388078556,387.84,320,320
0.864,0,0,0,0,0,0,0,0,0,0,0,0,0,0,0,0,0,0,0,0,0,Inf,Inf,Inf,0.045,0.045,0.035,0.04,0.630953397743688,0.542626226919961,2.3668765555666e-12,1.27018473452721e-05,1.67810411970727,0.000132833594665717,0.781027825061665,9464.17973983248,868.389719843097,868.197736013912,868.157120107174,2839.25392194974,387.84,320,320
0.865,0,0,0,0,0,0,0,0,0,0,0,0,0,0,0,0,0,0,0,0,0,Inf,Inf,Inf,0.045,0.045,0.035,0.04,0.630951453806708,0.542622582937887,2.36686923648877e-12,1.27016951194951e-05,1.67810449030348,0.000132833596751215,0.781027861162995,9464.16160293572,868.382895668955,868.197768489902,868.161843948714,2839.24848088072,387.84,320,320
0.866,0,0,0,0,0,0,0,0,0,0,0,0,0,0,0,0,0,0,0,0,0,Inf,Inf,Inf,0.045,0.045,0.035,0.04,0.630947718091308,0.542621713254625,2.36685514668366e-12,1.27017045471351e-05,1.67810448837329,0.000132833591674906,0.781027901819766,9464.09349650706,868.374895369167,868.196376928276,868.153843231015,2839.22804895212,387.84,320,320
0.867,0,0,0,0,0,0,0,0,0,0,0,0,0,0,0,0,0,0,0,0,0,Inf,Inf,Inf,0.045,0.045,0.035,0.04,0.630944627607332,0.542619332298796,2.36683560561973e-12,1.2701713199416e-05,1.67810451010752,0.000132833595000806,0.781027899091302,9464.04970970745,868.378726542527,868.184367646322,868.146204928008,2839.21491291224,387.84,320,320
0.868,0,0,0,0,0,0,0,0,0,0,0,0,0,0,0,0,0,0,0,0,0,Inf,Inf,Inf,0.045,0.045,0.035,0.04,0.630943215704605,0.542615375568588,2.36681400306703e-12,1.27017214096904e-05,1.67810500820747,0.000132833599897019,0.781027886844838,9464.03171131106,868.372399745544,868.184547781318,868.151310537096,2839.20951339332,387.84,320,320
0.869,0,0,0,0,0,0,0,0,0,0,0,0,0,0,0,0,0,0,0,0,0,Inf,Inf,Inf,0.045,0.045,0.035,0.04,0.630939991988752,0.542613831904441,2.3667945409431e-12,1.27018890317245e-05,1.67810513510906,0.000132833596791048,0.781027941663208,9463.97575958556,868.364394049721,868.183766695837,868.143303970113,2839.19272787567,387.84,320,320
0.87,0,0,0,0,0,0,0,0,0,0,0,0,0,0,0,0,0,0,0,0,0,Inf,Inf,Inf,0.045,0.045,0.035,0.04,0.630935468248985,0.542611953055041,2.3667806396858e-12,1.27018968534089e-05,1.67810490099496,0.000132833603503473,0.781027955536206,9463.92106242079,868.356195491141,868.170883200472,868.13510585033,2839.17631872624,387.84,320,320
0.871,0,0,0,0,0,0,0,0,0,0,0,0,0,0,0,0,0,0,0,0,0,Inf,Inf,Inf,0.045,0.045,0.035,0.04,0.630934553783417,0.542608401975839,2.36677361403617e-12,1.27019047302885e-05,1.67810546856505,0.000132833610940219,0.781027923809028,9463.89366095701,868.361205389979,868.1710169151,868.140153982985,2839.1680982871,387.84,320,320
0.872,0,0,0,0,0,0,0,0,0,0,0,0,0,0,0,0,0,0,0,0,0,Inf,Inf,Inf,0.045,0.045,0.035,0.04,0.630931895464994,0.542605679308934,2.36677213131167e-12,1.27018414775178e-05,1.67810573343314,0.000132833610421977,0.781027989388904,9463.8547057749,868.353401431732,868.170722467944,868.132348702532,2839.15641173247,387.84,320,320
0.873,0,0,0,0,0,0,0,0,0,0,0,0,0,0,0,0,0,0,0,0,0,Inf,Inf,Inf,0.045,0.045,0.035,0.04,0.630927378260822,0.542604299349123,2.36677267451443e-12,1.27018500602054e-05,1.67810560512371,0.000132833617862186,0.781028016380868,9463.78924487545,868.344828656149,868.157017487302,868.123775947651,2839.13677346264,387.84,320,320
0.874,0,0,0,0,0,0,0,0,0,0,0,0,0,0,0,0,0,0,0,0,0,Inf,Inf,Inf,0.045,0.045,0.035,0.04,0.630925549261173,0.542601227366296,2.36677085091082e-12,1.27018615469868e-05,1.67810588948861,0.000132833628118716,0.781027997546523,9463.7512817504,868.349729713568,868.156898770783,868.116096620616,2839.12538452512,387.84,320,320
0.875,0,0,0,0,0,0,0,0,0,0,0,0,0,0,0,0,0,0,0,0,0,Inf,Inf,Inf,0.045,0.045,0.035,0.04,0.630923478690233,0.542597059802456,2.36676305928186e-12,1.27017076164268e-05,1.67810629433742,0.000132833630356954,0.781028026550193,9463.733872814,868.342325013488,868.156931184295,868.121269307539,2839.1201618442,387.84,320,320
0.876,0,0,0,0,0,0,0,0,0,0,0,0,0,0,0,0,0,0,0,0,0,Inf,Inf,Inf,0.045,0.045,0.035,0.04,0.630919453475893,0.542596146560001,2.36674788278115e-12,1.27017163230571e-05,1.67810629221908,0.000132833624758415,0.781028071698717,9463.65825895901,868.333582095221,868.155469921708,868.112525932218,2839.0974776877,387.84,320,320
0.877,0,0,0,0,0,0,0,0,0,0,0,0,0,0,0,0,0,0,0,0,0,Inf,Inf,Inf,0.045,0.045,0.035,0.04,0.630915883968206,0.542593602765377,2.36672666855812e-12,1.2701725696407e-05,1.6781062523107,0.000132833628155157,0.781028068701039,9463.60897638926,868.337568251291,868.142251027798,868.104118737888,2839.08269291678,387.84,320,320
0.878,0,0,0,0,0,0,0,0,0,0,0,0,0,0,0,0,0,0,0,0,0,Inf,Inf,Inf,0.045,0.045,0.035,0.04,0.630914391399444,0.54258933486128,2.36670305804999e-12,1.27017351821391e-05,1.67810679171765,0.000132833633500825,0.781028050493167,9463.58801075263,868.330743886693,868.142421053027,868.109650804369,2839.07640322579,387.84,320,320
0.879,0,0,0,0,0,0,0,0,0,0,0,0,0,0,0,0,0,0,0,0,0,Inf,Inf,Inf,0.045,0.045,0.035,0.04,0.630910938805508,0.542587484180133,2.36668163040073e-12,1.27018950137089e-05,1.67810693006401,0.000132833629953037,0.781028110832938,9463.52935463914,868.322047858943,868.141610035419,868.100953828625,2839.05880639174,387.84,320,320
0.88,0,0,0,0,0,0,0,0,0,0,0,0,0,0,0,0,0,0,0,0,0,Inf,Inf,Inf,0.045,0.045,0.035,0.04,0.630905829660353,0.542585490587451,2.36666616444291e-12,1.27019052111429e-05,1.67810667298534,0.000132833635740656,0.781028125752864,9463.46846976477,868.313083844442,868.127509026047,868.091990294866,2839.04054092943,387.84,320,320
0.881,0,0,0,0,0,0,0,0,0,0,0,0,0,0,0,0,0,0,0,0,0,Inf,Inf,Inf,0.045,0.045,0.035,0.04,0.630904872053203,0.542581682868012,2.3666581794165e-12,1.27019144771973e-05,1.67810722897971,0.000132833644094757,0.781028089869052,9463.43728828363,868.318463902663,868.127605559754,868.084477012292,2839.03118648509,387.84,320,320
0.882,0,0,0,0,0,0,0,0,0,0,0,0,0,0,0,0,0,0,0,0,0,Inf,Inf,Inf,0.045,0.045,0.035,0.04,0.630902044250389,0.542578543659355,2.3666563184044e-12,1.27018556797231e-05,1.67810751536459,0.000132833643531202,0.781028158346497,9463.3975759746,868.310036457272,868.127305120896,868.088979875534,2839.01927279238,387.84,320,320
0.883,0,0,0,0,0,0,0,0,0,0,0,0,0,0,0,0,0,0,0,0,0,Inf,Inf,Inf,0.045,0.045,0.035,0.04,0.630897197234313,0.542577092003601,2.3666568241474e-12,1.27018624891164e-05,1.67810737580422,0.000132833649815404,0.781028186296612,9463.32534919917,868.300721702651,868.112420755502,868.079665144613,2838.99760475975,387.84,320,320
0.884,0,0,0,0,0,0,0,0,0,0,0,0,0,0,0,0,0,0,0,0,0,Inf,Inf,Inf,0.045,0.045,0.035,0.04,0.630895000284225,0.542573820330083,2.36665494167292e-12,1.27018740058518e-05,1.67810762961487,0.000132833661042186,0.781028165744483,9463.28280195975,868.305887323313,868.112221368237,868.071264232391,2838.98484058792,387.84,320,320
0.885,0,0,0,0,0,0,0,0,0,0,0,0,0,0,0,0,0,0,0,0,0,Inf,Inf,Inf,0.045,0.045,0.035,0.04,0.630892815518493,0.542569136430374,2.36664672407673e-12,1.27017234980558e-05,1.67810806483748,0.000132833663522872,0.781028191833293,9463.26644634966,868.297941933892,868.112253475045,868.076882495546,2838.9799339049,387.84,320,320
0.886,0,0,0,0,0,0,0,0,0,0,0,0,0,0,0,0,0,0,0,0,0,Inf,Inf,Inf,0.045,0.045,0.035,0.04,0.630888525948081,0.542568186232206,2.36663055538177e-12,1.27017336467616e-05,1.67810806255252,0.000132833657298532,0.781028241174977,9463.18370064824,868.288504546039,868.110733077593,868.067444611466,2838.95511019447,387.84,320,320
0.887,0,0,0,0,0,0,0,0,0,0,0,0,0,0,0,0,0,0,0,0,0,Inf,Inf,Inf,0.045,0.045,0.035,0.04,0.630884473487683,0.542565497838541,2.36660780278438e-12,1.27017431868504e-05,1.67810797455662,0.000132833661460676,0.781028237951554,9463.12914065063,868.292609004684,868.096357898468,868.058314696675,2838.93874219519,387.84,320,320
0.888,0,0,0,0,0,0,0,0,0,0,0,0,0,0,0,0,0,0,0,0,0,Inf,Inf,Inf,0.045,0.045,0.035,0.04,0.630882912940047,0.542560949343928,2.36658233580095e-12,1.27017519516424e-05,1.67810855194918,0.000132833666916008,0.781028218910527,9463.10526440462,868.285335974701,868.09651503298,868.064239292643,2838.93157932139,387.84,320,320
0.889,0,0,0,0,0,0,0,0,0,0,0,0,0,0,0,0,0,0,0,0,0,Inf,Inf,Inf,0.045,0.045,0.035,0.04,0.630879259512371,0.542558779557259,2.36655908039808e-12,1.27019088732101e-05,1.67810870085536,0.000132833663309908,0.781028282291978,9463.04468955697,868.276012143109,868.095682313462,868.054914446007,2838.91340686709,387.84,320,320
0.89,0,0,0,0,0,0,0,0,0,0,0,0,0,0,0,0,0,0,0,0,0,Inf,Inf,Inf,0.045,0.045,0.035,0.04,0.630873614988295,0.542556689116,2.36654214851164e-12,1.27019197652515e-05,1.67810842252007,0.000132833667717821,0.781028297258886,9462.97800670989,868.266347614889,868.080472623007,868.045250442572,2838.89340201297,387.84,320,320
0.891,0,0,0,0,0,0,0,0,0,0,0,0,0,0,0,0,0,0,0,0,0,Inf,Inf,Inf,0.045,0.045,0.035,0.04,0.630872592957895,0.542552657299951,2.36653325377309e-12,1.27019300179902e-05,1.67810897419053,0.000132833676766037,0.78102825941599,9462.94323967878,868.272031687608,868.080529065906,868.037097191145,2838.88297190363,387.84,320,320
0.892,0,0,0,0,0,0,0,0,0,0,0,0,0,0,0,0,0,0,0,0,0,Inf,Inf,Inf,0.045,0.045,0.035,0.04,0.630869620139636,0.542549119168371,2.36653102437655e-12,1.2701867332228e-05,1.67810928098198,0.000132833676161544,0.781028321843207,9462.90319070039,868.263051475977,868.080225604246,868.041991349342,2838.87095721012,387.84,320,320
0.893,0,0,0,0,0,0,0,0,0,0,0,0,0,0,0,0,0,0,0,0,0,Inf,Inf,Inf,0.045,0.045,0.035,0.04,0.630864483802602,0.542547608211448,2.36653148837235e-12,1.27018759448616e-05,1.67810913067527,0.000132833681404008,0.781028353017207,9462.8248023801,868.253073052737,868.064309081794,868.032012949201,2838.84744071403,387.84,320,320
0.894,0,0,0,0,0,0,0,0,0,0,0,0,0,0,0,0,0,0,0,0,0,Inf,Inf,Inf,0.045,0.045,0.035,0.04,0.630861944473483,0.542544163360004,2.36652956081234e-12,1.27018874168453e-05,1.67810935020222,0.000132833693268598,0.781028331006056,9462.77805665055,868.258444651758,868.064032004127,868.022962691136,2838.83341699516,387.84,320,320
0.895,0,0,0,0,0,0,0,0,0,0,0,0,0,0,0,0,0,0,0,0,0,Inf,Inf,Inf,0.045,0.045,0.035,0.04,0.630859661050776,0.542539018004265,2.36652097585079e-12,1.27018980969469e-05,1.67810981399874,0.000132833695960399,0.781028356112416,9462.7615410273,868.250021666446,868.06406365649,868.028958800594,2838.82846230819,387.84,320,320
0.896,0,0,0,0,0,0,0,0,0,0,0,0,0,0,0,0,0,0,0,0,0,Inf,Inf,Inf,0.045,0.045,0.035,0.04,0.63085513741292,0.542538036332273,2.36650392934804e-12,1.27017459820393e-05,1.67810981155815,0.00013283368934072,0.781028408785418,9462.67345789167,868.239964583746,868.062492895747,868.018901189773,2838.8020373675,387.84,320,320
0.897,0,0,0,0,0,0,0,0,0,0,0,0,0,0,0,0,0,0,0,0,0,Inf,Inf,Inf,0.045,0.045,0.035,0.04,0.630850658614458,0.542535219732788,2.36647979931875e-12,1.27017567975627e-05,1.67810966404387,0.000132833694203901,0.781028405360944,9462.61412433327,868.244172308836,868.047094193129,868.009121900412,2838.78423729998,387.84,320,320
0.898,0,0,0,0,0,0,0,0,0,0,0,0,0,0,0,0,0,0,0,0,0,Inf,Inf,Inf,0.045,0.045,0.035,0.04,0.630849037424465,0.542530419070441,2.36645265704596e-12,1.27017664501828e-05,1.67811027543324,0.000132833700098361,0.781028386202873,9462.58760202497,868.236496061881,868.047239357347,868.015396070484,2838.77628060749,387.84,320,320
0.899,0,0,0,0,0,0,0,0,0,0,0,0,0,0,0,0,0,0,0,0,0,Inf,Inf,Inf,0.045,0.045,0.035,0.04,0.630845202405394,0.542527970385564,2.3664277414742e-12,1.27019251643846e-05,1.67811043382629,0.000132833696304948,0.781028450552332,9462.525126224,868.226603481266,868.046387291579,868.00550241554,2838.7575378672,387.84,320,320
0.9,0,0,0,0,0,0,0,0,0,0,0,0,0,0,0,0,0,0,0,0,0,Inf,Inf,Inf,0.045,0.045,0.035,0.04,0.630839240653389,0.542525792141457,2.3664094687571e-12,1.27019357091915e-05,1.6781101362898,0.00013283369891128,0.781028465561821,9462.45313757042,868.216300138847,868.030161132791,867.995199637343,2838.73594127113,387.84,320,320
0.901,0,0,0,0,0,0,0,0,0,0,0,0,0,0,0,0,0,0,0,0,0,Inf,Inf,Inf,0.045,0.045,0.035,0.04,0.630837994854708,0.542521555998622,2.36639973377608e-12,1.27019466565911e-05,1.67811066965025,0.000132833708355416,0.7810284246514,9462.41505647371,868.222277925797,868.030180047076,867.986458654376,2838.72451694211,387.84,320,320
0.902,0,0,0,0,0,0,0,0,0,0,0,0,0,0,0,0,0,0,0,0,0,Inf,Inf,Inf,0.045,0.045,0.035,0.04,0.630834890936647,0.542517649883143,2.36639715744398e-12,1.27018837824681e-05,1.67811099405017,0.000132833707599691,0.781028484748791,9462.37473953742,868.212791316438,868.029874395611,867.991727924349,2838.71242186123,387.84,320,320
0.903,0,0,0,0,0,0,0,0,0,0,0,0,0,0,0,0,0,0,0,0,0,Inf,Inf,Inf,0.045,0.045,0.035,0.04,0.630829491485864,0.542516086570193,2.36639757869963e-12,1.27018905470991e-05,1.67811083439882,0.000132833711915013,0.781028519203218,9462.29062241612,868.202201610947,868.012987727167,867.981138237852,2838.68718672483,387.84,320,320
0.904,0,0,0,0,0,0,0,0,0,0,0,0,0,0,0,0,0,0,0,0,0,Inf,Inf,Inf,0.045,0.045,0.035,0.04,0.630826620944105,0.542512486493077,2.36639561651645e-12,1.27019037924943e-05,1.67811102117956,0.000132833724473076,0.781028497169735,9462.2399183403,868.207769755338,868.012634326525,867.971485573958,2838.67197550209,387.84,320,320
0.905,0,0,0,0,0,0,0,0,0,0,0,0,0,0,0,0,0,0,0,0,0,Inf,Inf,Inf,0.045,0.045,0.035,0.04,0.63082425254334,0.54250694982295,2.36638671538645e-12,1.27019126844487e-05,1.67811150938671,0.000132833727225715,0.781028517309241,9462.22144601573,868.198915380935,868.012665290018,867.977849382174,2838.66643380472,387.84,320,320
0.906,0,0,0,0,0,0,0,0,0,0,0,0,0,0,0,0,0,0,0,0,0,Inf,Inf,Inf,0.045,0.045,0.035,0.04,0.630819522865011,0.542505887998791,2.36636889638326e-12,1.27017606478422e-05,1.67811150681384,0.000132833720181025,0.781028572747593,9462.13058134479,868.188294919645,868.011055200263,867.967228361747,2838.63917440344,387.84,320,320
0.907,0,0,0,0,0,0,0,0,0,0,0,0,0,0,0,0,0,0,0,0,0,Inf,Inf,Inf,0.045,0.045,0.035,0.04,0.630814621252349,0.542502962795326,2.36634354056764e-12,1.27017729055081e-05,1.67811131334152,0.000132833726551936,0.781028569105327,9462.0667599346,868.192569060031,867.994701201957,867.956854430548,2838.62002798038,387.84,320,320
0.908,0,0,0,0,0,0,0,0,0,0,0,0,0,0,0,0,0,0,0,0,0,Inf,Inf,Inf,0.045,0.045,0.035,0.04,0.630812952564744,0.542497943323944,2.36631489499996e-12,1.27017840003191e-05,1.67811195477866,0.000132833732944234,0.78102854436553,9462.03768781755,868.18454293633,867.994831912302,867.963439955292,2838.61130634526,387.84,320,320
0.909,0,0,0,0,0,0,0,0,0,0,0,0,0,0,0,0,0,0,0,0,0,Inf,Inf,Inf,0.045,0.045,0.035,0.04,0.63080896570181,0.542495208992651,2.36628847745907e-12,1.27019394831788e-05,1.67811212162752,0.000132833728968691,0.781028612070836,9461.97408627518,868.174150495537,867.993968696365,867.953046385217,2838.59222588255,387.84,320,320
0.91,0,0,0,0,0,0,0,0,0,0,0,0,0,0,0,0,0,0,0,0,0,Inf,Inf,Inf,0.045,0.045,0.035,0.04,0.630802732185717,0.542492961468556,2.36626897934935e-12,1.2701948694185e-05,1.67811180679828,0.000132833729253223,0.781028627864083,9461.89724759541,868.163280486679,867.976845896949,867.942176971583,2838.56917427862,387.84,320,320
0.911,0,0,0,0,0,0,0,0,0,0,0,0,0,0,0,0,0,0,0,0,0,Inf,Inf,Inf,0.045,0.045,0.035,0.04,0.630801253451858,0.542488555349534,2.36625846443863e-12,1.27019636985754e-05,1.67811232852495,0.000132833739018315,0.781028583824687,9461.85608898687,868.169484721672,867.976825040917,867.932910129474,2838.55682669606,387.84,320,320
0.912,0,0,0,0,0,0,0,0,0,0,0,0,0,0,0,0,0,0,0,0,0,Inf,Inf,Inf,0.045,0.045,0.035,0.04,0.630798043937654,0.542484303679376,2.36625555566867e-12,1.2701896970642e-05,1.67811266924789,0.000132833738342453,0.781028647803882,9461.81591110166,868.159567244048,867.976520098548,867.938500927578,2838.5447733305,387.84,320,320
0.913,0,0,0,0,0,0,0,0,0,0,0,0,0,0,0,0,0,0,0,0,0,Inf,Inf,Inf,0.045,0.045,0.035,0.04,0.630792424257846,0.542482700766441,2.36625593056948e-12,1.27019073566746e-05,1.67811250091172,0.000132833741463595,0.781028683882776,9461.72672900331,868.148450545898,867.958818264871,867.927384250582,2838.51801870099,387.84,320,320
0.914,0,0,0,0,0,0,0,0,0,0,0,0,0,0,0,0,0,0,0,0,0,Inf,Inf,Inf,0.045,0.045,0.035,0.04,0.630789251463182,0.542478973386401,2.36625394774244e-12,1.27019169359615e-05,1.67811265194951,0.000132833754496276,0.781028662377729,9461.67249260355,868.154156395762,867.958392366833,867.917207361089,2838.50174778107,387.84,320,320
0.915,0,0,0,0,0,0,0,0,0,0,0,0,0,0,0,0,0,0,0,0,0,Inf,Inf,Inf,0.045,0.045,0.035,0.04,0.630786814471003,0.542473209070819,2.36624479219992e-12,1.27019222216043e-05,1.67811316236367,0.000132833757548129,0.781028674263127,9461.65224978826,868.144937962851,867.958422498752,867.923869170601,2838.49567493648,387.84,320,320
0.916,0,0,0,0,0,0,0,0,0,0,0,0,0,0,0,0,0,0,0,0,0,Inf,Inf,Inf,0.045,0.045,0.035,0.04,0.630781911243899,0.542471967708047,2.36622632334487e-12,1.27017821372163e-05,1.6781131596711,0.000132833750154615,0.781028732451027,9461.55905826663,868.133834612309,867.956782355532,867.912765235852,2838.46771747999,387.84,320,320
0.917,0,0,0,0,0,0,0,0,0,0,0,0,0,0,0,0,0,0,0,0,0,Inf,Inf,Inf,0.045,0.045,0.035,0.04,0.630776646237789,0.542468951626285,2.36619991613992e-12,1.2701795670329e-05,1.67811291019413,0.00013283375850222,0.781028728577638,9461.49129600885,868.138158586164,867.939614305604,867.901876108646,2838.44738880265,387.84,320,320
0.918,0,0,0,0,0,0,0,0,0,0,0,0,0,0,0,0,0,0,0,0,0,Inf,Inf,Inf,0.045,0.045,0.035,0.04,0.630774938125026,0.542463744427657,2.36616996516308e-12,1.27018076530322e-05,1.67811357728005,0.000132833765233693,0.781028694135105,9461.4599616308,868.129832285922,867.939731529835,867.908726638566,2838.43798848924,387.84,320,320
0.919,0,0,0,0,0,0,0,0,0,0,0,0,0,0,0,0,0,0,0,0,0,Inf,Inf,Inf,0.045,0.045,0.035,0.04,0.63077082075503,0.54246076620198,2.3661422300079e-12,1.27019504958661e-05,1.67811375146262,0.000132833761066116,0.78102876907603,9461.3952935054,868.119005099304,867.938859847697,867.897898269259,2838.41858805162,387.84,320,320
0.92,0,0,0,0,0,0,0,0,0,0,0,0,0,0,0,0,0,0,0,0,0,Inf,Inf,Inf,0.045,0.045,0.035,0.04,0.630764350262658,0.542458459564498,2.36612164528719e-12,1.27019617353872e-05,1.67811342146962,0.000132833759298482,0.781028785879739,9461.31415106272,868.107637000891,867.920943984435,867.8865307911,2838.39424531882,387.84,320,320
0.921,0,0,0,0,0,0,0,0,0,0,0,0,0,0,0,0,0,0,0,0,0,Inf,Inf,Inf,0.045,0.045,0.035,0.04,0.630762667491348,0.542453905695203,2.36611042858287e-12,1.27019737249036e-05,1.67811391895248,0.000132833769732005,0.781028741072966,9461.2702205667,868.114052642,867.92088622003,867.876796749662,2838.38106617001,387.84,320,320
0.922,0,0,0,0,0,0,0,0,0,0,0,0,0,0,0,0,0,0,0,0,0,Inf,Inf,Inf,0.045,0.045,0.035,0.04,0.630759367914368,0.54244934315743,2.36610721246227e-12,1.27019074599586e-05,1.6781142729878,0.000132833768911757,0.781028804783551,9461.23026114982,868.10375663952,867.920582876002,867.882687721948,2838.36907834495,387.84,320,320
0.923,0,0,0,0,0,0,0,0,0,0,0,0,0,0,0,0,0,0,0,0,0,Inf,Inf,Inf,0.045,0.045,0.035,0.04,0.63075355733154,0.542447708224823,2.36610754048722e-12,1.27019195297338e-05,1.67811409749794,0.000132833770483575,0.781028842203235,9461.13651394071,868.092172543352,867.902140713291,867.871103646258,2838.34095418221,387.84,320,320
0.924,0,0,0,0,0,0,0,0,0,0,0,0,0,0,0,0,0,0,0,0,0,Inf,Inf,Inf,0.045,0.045,0.035,0.04,0.630750097665158,0.542443873266937,2.36610554778411e-12,1.27019308675077e-05,1.67811421425071,0.000132833784020754,0.781028819955611,9461.07903352011,868.098003336165,867.901644658131,867.860456652899,2838.32371005603,387.84,320,320
0.925,0,0,0,0,0,0,0,0,0,0,0,0,0,0,0,0,0,0,0,0,0,Inf,Inf,Inf,0.045,0.045,0.035,0.04,0.630747606605866,0.542437913231168,2.36609619215861e-12,1.2701941159583e-05,1.67811474252552,0.000132833787119204,0.781028827091019,9461.05710732245,868.088471902585,867.901673738392,867.867400641512,2838.31713219674,387.84,320,320
0.926,0,0,0,0,0,0,0,0,0,0,0,0,0,0,0,0,0,0,0,0,0,Inf,Inf,Inf,0.045,0.045,0.035,0.04,0.630742559949789,0.542436488227279,2.36607718658662e-12,1.27017975299428e-05,1.67811473973727,0.00013283377943347,0.78102888776167,9460.96230193261,868.076948314383,867.900014791631,867.855876444944,2838.28869057978,387.84,320,320
0.927,0,0,0,0,0,0,0,0,0,0,0,0,0,0,0,0,0,0,0,0,0,Inf,Inf,Inf,0.045,0.045,0.035,0.04,0.630736941541734,0.542433401760922,2.36604989223714e-12,1.2701810508819e-05,1.67811444731895,0.00013283378813322,0.781028883697526,9460.89094026653,868.081285691276,867.882112934095,867.844533614769,2838.26728207996,387.84,320,320
0.928,0,0,0,0,0,0,0,0,0,0,0,0,0,0,0,0,0,0,0,0,0,Inf,Inf,Inf,0.045,0.045,0.035,0.04,0.630735207351504,0.542428042151522,2.36601882351697e-12,1.27018217706267e-05,1.67811513595629,0.000132833794802465,0.781028842143855,9460.85747388655,868.072715685082,867.882214493614,867.851607711473,2838.25724216596,387.84,320,320
0.929,0,0,0,0,0,0,0,0,0,0,0,0,0,0,0,0,0,0,0,0,0,Inf,Inf,Inf,0.045,0.045,0.035,0.04,0.630730990296534,0.542424818037363,2.36598994487638e-12,1.27019656217778e-05,1.67811531640801,0.000132833790471783,0.781028923947725,9460.79249527337,868.061527293905,867.881342386349,867.840418092659,2838.23774858201,387.84,320,320
0.93,0,0,0,0,0,0,0,0,0,0,0,0,0,0,0,0,0,0,0,0,0,Inf,Inf,Inf,0.045,0.045,0.035,0.04,0.630724330470901,0.542422471095875,2.36596840229792e-12,1.27019768613712e-05,1.67811497333359,0.000132833788056272,0.781028941174955,9460.70755767418,868.049738662598,867.862761451234,867.828630105562,2838.21226730225,387.84,320,320
0.931,0,0,0,0,0,0,0,0,0,0,0,0,0,0,0,0,0,0,0,0,0,Inf,Inf,Inf,0.045,0.045,0.035,0.04,0.630722438496384,0.542417804946078,2.36595655292737e-12,1.2701990879467e-05,1.67811545323962,0.00013283379867219,0.78102889768998,9460.6611267419,868.056298242592,867.862665181697,867.818495865186,2838.19833802257,387.84,320,320
0.932,0,0,0,0,0,0,0,0,0,0,0,0,0,0,0,0,0,0,0,0,0,Inf,Inf,Inf,0.045,0.045,0.035,0.04,0.630719074902252,0.542412957999755,2.36595304801158e-12,1.27019159185046e-05,1.6781158189551,0.000132833797940419,0.781028951046514,9460.62177455021,868.045702490717,867.862366222487,867.824631345666,2838.18653236506,387.84,320,320
0.933,0,0,0,0,0,0,0,0,0,0,0,0,0,0,0,0,0,0,0,0,0,Inf,Inf,Inf,0.045,0.045,0.035,0.04,0.630713117815584,0.542411303920167,2.36595332626251e-12,1.2701928003271e-05,1.67811563708222,0.000132833799458186,0.781028991470766,9460.52417119679,868.033739503781,867.843343768669,867.812668375968,2838.15725135904,387.84,320,320
0.934,0,0,0,0,0,0,0,0,0,0,0,0,0,0,0,0,0,0,0,0,0,Inf,Inf,Inf,0.045,0.045,0.035,0.04,0.630709403074909,0.542407390131962,2.36595133755255e-12,1.27019410547411e-05,1.6781157170972,0.000132833813468209,0.781028967126327,9460.46390440509,868.039636892083,867.842782152121,867.801633768016,2838.13917132153,387.84,320,320
0.935,0,0,0,0,0,0,0,0,0,0,0,0,0,0,0,0,0,0,0,0,0,Inf,Inf,Inf,0.045,0.045,0.035,0.04,0.630706874796325,0.542401278208994,2.36594184529813e-12,1.27019530904628e-05,1.67811626080155,0.000132833816542121,0.781028975471702,9460.44049669094,868.029862554614,867.842810047982,867.808789187548,2838.13214900728,387.84,320,320
0.936,0,0,0,0,0,0,0,0,0,0,0,0,0,0,0,0,0,0,0,0,0,Inf,Inf,Inf,0.045,0.045,0.035,0.04,0.630701718613564,0.542399692868862,2.3659224309355e-12,1.27018065468401e-05,1.67811625793151,0.000132833808678232,0.781029037650514,9460.34455712323,868.018003144892,867.84114181092,867.796929152899,2838.10336713697,387.84,320,320
0.937,0,0,0,0,0,0,0,0,0,0,0,0,0,0,0,0,0,0,0,0,0,Inf,Inf,Inf,0.045,0.045,0.035,0.04,0.63069580830815,0.542396554579357,2.36589443298777e-12,1.27018188047518e-05,1.67811591388674,0.000132833815951369,0.781029033464684,9460.27017538243,868.02233655665,867.822653214304,867.785216409397,2838.08105261473,387.84,320,320
0.938,0,0,0,0,0,0,0,0,0,0,0,0,0,0,0,0,0,0,0,0,0,Inf,Inf,Inf,0.045,0.045,0.035,0.04,0.630694056559244,0.542391075436281,2.36586245620236e-12,1.27018313420738e-05,1.67811661959597,0.000132833823001345,0.78102898914059,9460.2348826667,868.01357541522,867.822740148772,867.792465460791,2838.07046480001,387.84,320,320
0.939,0,0,0,0,0,0,0,0,0,0,0,0,0,0,0,0,0,0,0,0,0,Inf,Inf,Inf,0.045,0.045,0.035,0.04,0.630689762554586,0.542387648349194,2.36583263064476e-12,1.27019804568341e-05,1.67811680511871,0.000132833818619092,0.781029073534348,9460.16968153022,868.002095190636,867.821870475398,867.780983975441,2838.05090445907,387.84,320,320
0.94,0,0,0,0,0,0,0,0,0,0,0,0,0,0,0,0,0,0,0,0,0,Inf,Inf,Inf,0.045,0.045,0.035,0.04,0.630682950700343,0.542385271994886,2.36581027928929e-12,1.27019954060829e-05,1.6781164513241,0.000132833815667375,0.781029090860494,9460.08153579768,867.989959584051,867.802736339798,867.76884903369,2838.0244607393,387.84,320,320
0.941,0,0,0,0,0,0,0,0,0,0,0,0,0,0,0,0,0,0,0,0,0,Inf,Inf,Inf,0.045,0.045,0.035,0.04,0.630680879475529,0.542380517470969,2.36579788220517e-12,1.27020073958651e-05,1.67811690159793,0.000132833826508388,0.781029047878849,9460.03293695167,867.996644534926,867.802604723522,867.758378031998,2838.0098810855,387.84,320,320
0.942,0,0,0,0,0,0,0,0,0,0,0,0,0,0,0,0,0,0,0,0,0,Inf,Inf,Inf,0.045,0.045,0.035,0.04,0.630677468452717,0.542375423770251,2.36579411667878e-12,1.27019295039743e-05,1.67811727591972,0.000132833825756575,0.781029090126943,9459.99427544946,867.985805599234,867.802311042778,867.76473256698,2837.99828263484,387.84,320,320
0.943,0,0,0,0,0,0,0,0,0,0,0,0,0,0,0,0,0,0,0,0,0,Inf,Inf,Inf,0.045,0.045,0.035,0.04,0.630671396317731,0.542373758484216,2.36579434515432e-12,1.27019398602575e-05,1.67811708916868,0.000132833828015454,0.781029134184874,9459.89336675016,867.973528539035,867.782792724917,867.752455516167,2837.96801002505,387.84,320,320
0.944,0,0,0,0,0,0,0,0,0,0,0,0,0,0,0,0,0,0,0,0,0,Inf,Inf,Inf,0.045,0.045,0.035,0.04,0.630667445447689,0.542369786719441,2.3657923711918e-12,1.27019511683675e-05,1.67811713436666,0.000132833842256416,0.781029108105329,9459.83063985199,867.979477448195,867.782168758398,867.741092768706,2837.9491919556,387.84,320,320
0.945,0,0,0,0,0,0,0,0,0,0,0,0,0,0,0,0,0,0,0,0,0,Inf,Inf,Inf,0.045,0.045,0.035,0.04,0.630664894913452,0.542363556865315,2.36578279824672e-12,1.27019633536395e-05,1.67811768907038,0.000132833845508876,0.781029118131332,9459.80585928564,867.969514512175,867.782195268461,867.748439387133,2837.94175778569,387.84,320,320
0.946,0,0,0,0,0,0,0,0,0,0,0,0,0,0,0,0,0,0,0,0,0,Inf,Inf,Inf,0.045,0.045,0.035,0.04,0.63065966058865,0.542361810091829,2.36576309293903e-12,1.27018198911045e-05,1.67811768614291,0.000132833837430809,0.781029180809232,9459.70949897463,867.957386326352,867.780528950556,867.736310562252,2837.91284969239,387.84,320,320
0.947,0,0,0,0,0,0,0,0,0,0,0,0,0,0,0,0,0,0,0,0,0,Inf,Inf,Inf,0.045,0.045,0.035,0.04,0.630653473764616,0.54235864087474,2.36573456374464e-12,1.2701833978773e-05,1.67811730363627,0.000132833843082608,0.781029176539829,9459.63248183059,867.961680406587,867.761542749374,867.724294239612,2837.88974454918,387.84,320,320
0.948,0,0,0,0,0,0,0,0,0,0,0,0,0,0,0,0,0,0,0,0,0,Inf,Inf,Inf,0.045,0.045,0.035,0.04,0.630651717744398,0.542353078612438,2.36570187709956e-12,1.27018439655174e-05,1.67811802197307,0.000132833850463202,0.781029128361981,9459.59552093461,867.952786356352,867.761613190041,867.73167478774,2837.87865628038,387.84,320,320
0.949,0,0,0,0,0,0,0,0,0,0,0,0,0,0,0,0,0,0,0,0,0,Inf,Inf,Inf,0.045,0.045,0.035,0.04,0.630647378031148,0.542349450635428,2.36567128989284e-12,1.2701997321417e-05,1.67811821138519,0.000132833845894523,0.78102921289872,9459.53082597459,867.941090689272,867.760753714275,867.719977837646,2837.85924779238,387.84,320,320
0.95,0,0,0,0,0,0,0,0,0,0,0,0,0,0,0,0,0,0,0,0,0,Inf,Inf,Inf,0.045,0.045,0.035,0.04,0.630640462923402,0.542347063612197,2.36564826822391e-12,1.27020085611605e-05,1.67811784911455,0.000132833841976504,0.781029230924147,9459.44001931629,867.928689165761,867.741199544234,867.707576991251,2837.83200579489,387.84,320,320
0.951,0,0,0,0,0,0,0,0,0,0,0,0,0,0,0,0,0,0,0,0,0,Inf,Inf,Inf,0.045,0.045,0.035,0.04,0.630638210835391,0.542342256584791,2.36563539934073e-12,1.27020208984068e-05,1.67811827577697,0.000132833852961011,0.781029186237453,9459.3895509492,867.935432733544,867.741031593834,867.696839691634,2837.81686528476,387.84,320,320
0.952,0,0,0,0,0,0,0,0,0,0,0,0,0,0,0,0,0,0,0,0,0,Inf,Inf,Inf,0.045,0.045,0.035,0.04,0.63063477846027,0.542336945772717,2.36563139517355e-12,1.27019441211344e-05,1.67811865704457,0.000132833852308098,0.781029227429433,9459.35194551767,867.924430976686,867.740745825679,867.70335643797,2837.8055836553,387.84,320,320
0.953,0,0,0,0,0,0,0,0,0,0,0,0,0,0,0,0,0,0,0,0,0,Inf,Inf,Inf,0.045,0.045,0.035,0.04,0.630628636265094,0.54233528202107,2.36563157171494e-12,1.27019544326532e-05,1.67811846623739,0.000132833854149328,0.781029272912347,9459.24846987064,867.911930677926,867.720893860226,867.690856148276,2837.77454096119,387.84,320,320
0.954,0,0,0,0,0,0,0,0,0,0,0,0,0,0,0,0,0,0,0,0,0,Inf,Inf,Inf,0.045,0.045,0.035,0.04,0.630624483304845,0.542331281245285,2.36562962595987e-12,1.27019657109934e-05,1.67811847505372,0.000132833868596187,0.78102924632254,9459.1837624885,867.917874080122,867.720212811853,867.679250332109,2837.75512874655,387.84,320,320
0.955,0,0,0,0,0,0,0,0,0,0,0,0,0,0,0,0,0,0,0,0,0,Inf,Inf,Inf,0.045,0.045,0.035,0.04,0.630621927427191,0.542324978063602,2.36562003598737e-12,1.27019778814954e-05,1.67811903811837,0.00013283387185291,0.781029253320376,9459.15782292045,867.907793874879,867.720237818077,867.686717373069,2837.74734687614,387.84,320,320
0.956,0,0,0,0,0,0,0,0,0,0,0,0,0,0,0,0,0,0,0,0,0,Inf,Inf,Inf,0.045,0.045,0.035,0.04,0.63061664945361,0.542323094076247,2.36560016985223e-12,1.27018306857195e-05,1.67811903514798,0.000132833863591822,0.781029316267464,9459.06153086419,867.895483384409,867.718582901292,867.674406235638,2837.71845925926,387.84,320,320
0.957,0,0,0,0,0,0,0,0,0,0,0,0,0,0,0,0,0,0,0,0,0,Inf,Inf,Inf,0.045,0.045,0.035,0.04,0.630610248842817,0.542319912819726,2.36557129762516e-12,1.27018438316343e-05,1.67811860693071,0.000132833868098703,0.781029311918784,9458.98247835277,867.899720697214,867.699249132915,867.662172607785,2837.69474350583,387.84,320,320
0.958,0,0,0,0,0,0,0,0,0,0,0,0,0,0,0,0,0,0,0,0,0,Inf,Inf,Inf,0.045,0.045,0.035,0.04,0.630608497225961,0.54231430121901,2.36553811744565e-12,1.27018565360304e-05,1.67811933307811,0.000132833875400531,0.78102925557794,9458.94416760646,867.890747754117,867.699304210372,867.66963493718,2837.68325028194,387.84,320,320
0.959,0,0,0,0,0,0,0,0,0,0,0,0,0,0,0,0,0,0,0,0,0,Inf,Inf,Inf,0.045,0.045,0.035,0.04,0.630604135228421,0.54231051596656,2.36550697254725e-12,1.27020111721757e-05,1.67811952513412,0.000132833870576934,0.781029341735467,9458.8800834286,867.878908397675,867.698457818341,867.657794280595,2837.66402502858,387.84,320,320
0.96,0,0,0,0,0,0,0,0,0,0,0,0,0,0,0,0,0,0,0,0,0,Inf,Inf,Inf,0.045,0.045,0.035,0.04,0.630597155560343,0.54230812949244,2.36548343630146e-12,1.2702020730878e-05,1.6781191567223,0.000132833867122528,0.781029361095061,9458.78722926354,867.866317500762,867.678600614004,867.64520406439,2837.63616877906,387.84,320,320
0.961,0,0,0,0,0,0,0,0,0,0,0,0,0,0,0,0,0,0,0,0,0,Inf,Inf,Inf,0.045,0.045,0.035,0.04,0.630594753361432,0.542303294753537,2.36547018534431e-12,1.27020330682714e-05,1.67811954886149,0.000132833878259685,0.78102931444652,9458.73524278543,867.873098808676,867.678399765741,867.634266952785,2837.62057283563,387.84,320,320
0.962,0,0,0,0,0,0,0,0,0,0,0,0,0,0,0,0,0,0,0,0,0,Inf,Inf,Inf,0.045,0.045,0.035,0.04,0.630591316707172,0.542297806623264,2.36546597318423e-12,1.2701958052263e-05,1.67811993399979,0.000132833877483613,0.781029360893324,9458.69877406592,867.861993202799,867.678122759595,867.640917515363,2837.60963221978,387.84,320,320
0.963,0,0,0,0,0,0,0,0,0,0,0,0,0,0,0,0,0,0,0,0,0,Inf,Inf,Inf,0.045,0.045,0.035,0.04,0.630585137025218,0.542296152431831,2.36546609834186e-12,1.2701968289156e-05,1.67811974071633,0.0001328338780272,0.781029405082725,9458.59331621665,867.849337648874,867.658027767908,867.628261974073,2837.577994865,387.84,320,320
0.964,0,0,0,0,0,0,0,0,0,0,0,0,0,0,0,0,0,0,0,0,0,Inf,Inf,Inf,0.045,0.045,0.035,0.04,0.630580803758933,0.542292143974037,2.36546419122133e-12,1.27019795377356e-05,1.67811971514751,0.000132833892589222,0.78102937808187,9458.52698191388,867.85525922011,867.657293605754,867.616476003134,2837.55809457416,387.84,320,320
0.965,0,0,0,0,0,0,0,0,0,0,0,0,0,0,0,0,0,0,0,0,0,Inf,Inf,Inf,0.045,0.045,0.035,0.04,0.630578257531183,0.542285802427511,2.36545464023254e-12,1.27019898603826e-05,1.67812028210393,0.00013283389593304,0.781029380178291,9458.50000917042,867.845117660777,867.657316929422,867.62404014402,2837.55000275113,387.84,320,320
0.966,0,0,0,0,0,0,0,0,0,0,0,0,0,0,0,0,0,0,0,0,0,Inf,Inf,Inf,0.045,0.045,0.035,0.04,0.630572967714465,0.542283782735928,2.36543473265257e-12,1.27018372138533e-05,1.67812027911493,0.000132833887581324,0.781029443628955,9458.4044851005,867.832694303827,867.655684327912,867.611616132844,2837.52134553015,387.84,320,320
0.967,0,0,0,0,0,0,0,0,0,0,0,0,0,0,0,0,0,0,0,0,0,Inf,Inf,Inf,0.045,0.045,0.035,0.04,0.630566372927666,0.542280610242693,2.36540569323428e-12,1.27018507473923e-05,1.67811981794483,0.000132833890464969,0.781029439227728,9458.32381187926,867.836841117879,867.636097819936,867.59923437782,2837.49714356378,387.84,320,320
0.968,0,0,0,0,0,0,0,0,0,0,0,0,0,0,0,0,0,0,0,0,0,Inf,Inf,Inf,0.045,0.045,0.035,0.04,0.630564638679951,0.542274985938243,2.36537222294737e-12,1.27018627308896e-05,1.67812054739163,0.000132833897754858,0.781029375414564,9458.2843307014,867.827847860511,867.636135974239,867.606734166531,2837.48529921042,387.84,320,320
0.969,0,0,0,0,0,0,0,0,0,0,0,0,0,0,0,0,0,0,0,0,0,Inf,Inf,Inf,0.045,0.045,0.035,0.04,0.630560285392266,0.542271048870568,2.36534071175132e-12,1.27020243849692e-05,1.67812074092584,0.000132833893005496,0.781029463971501,9458.22154989489,867.815942193835,867.635310035216,867.594827189936,2837.46646496847,387.84,320,320
0.97,0,0,0,0,0,0,0,0,0,0,0,0,0,0,0,0,0,0,0,0,0,Inf,Inf,Inf,0.045,0.045,0.035,0.04,0.630553289993859,0.542268681269716,2.36531680529389e-12,1.27020376533216e-05,1.67812036859421,0.00013283389107365,0.781029484240826,9458.12721899642,867.803244496606,867.615285021903,867.582130174822,2837.43816569893,387.84,320,320
0.971,0,0,0,0,0,0,0,0,0,0,0,0,0,0,0,0,0,0,0,0,0,Inf,Inf,Inf,0.045,0.045,0.035,0.04,0.630550739159842,0.542263854357537,2.36530325280697e-12,1.27020520193184e-05,1.67812073264983,0.00013283390228877,0.781029437343125,9458.07403126826,867.809998491751,867.61505085213,867.571065468062,2837.42220938048,387.84,320,320
0.972,0,0,0,0,0,0,0,0,0,0,0,0,0,0,0,0,0,0,0,0,0,Inf,Inf,Inf,0.045,0.045,0.035,0.04,0.630547323818271,0.54225822082462,2.36529885734223e-12,1.27019660371581e-05,1.67812111979164,0.000132833901507442,0.781029483469277,9458.03903670915,867.798869291883,867.614785051653,867.577792854332,2837.41171101274,387.84,320,320
0.973,0,0,0,0,0,0,0,0,0,0,0,0,0,0,0,0,0,0,0,0,0,Inf,Inf,Inf,0.045,0.045,0.035,0.04,0.630541151289004,0.54225658855467,2.36529892970935e-12,1.27019763487749e-05,1.6781209249649,0.000132833900572716,0.781029526115703,9457.93234828797,867.786149713279,867.594608430638,867.565073293795,2837.37970448639,387.84,320,320
0.974,0,0,0,0,0,0,0,0,0,0,0,0,0,0,0,0,0,0,0,0,0,Inf,Inf,Inf,0.045,0.045,0.035,0.04,0.630536673300266,0.542252600987017,2.36529707398407e-12,1.27019876273348e-05,1.67812086375642,0.000132833915314236,0.781029497770103,9457.86487853251,867.791994539265,867.59382698349,867.553193003509,2837.35946355975,387.84,320,320
0.975,0,0,0,0,0,0,0,0,0,0,0,0,0,0,0,0,0,0,0,0,0,Inf,Inf,Inf,0.045,0.045,0.035,0.04,0.630534153304329,0.542246265473014,2.36528762436975e-12,1.27019961021313e-05,1.67812143191393,0.000132833918595362,0.781029498629911,9457.83709438036,867.781862625436,867.593848525364,867.560784480385,2837.35112831411,387.84,320,320
0.976,0,0,0,0,0,0,0,0,0,0,0,0,0,0,0,0,0,0,0,0,0,Inf,Inf,Inf,0.045,0.045,0.035,0.04,0.630528885901759,0.542244134944123,2.36526780454086e-12,1.27018412464028e-05,1.6781214289207,0.000132833910106707,0.781029562380571,9457.74282108821,867.769413002385,867.592247430281,867.548334201993,2837.32284632646,387.84,320,320
0.977,0,0,0,0,0,0,0,0,0,0,0,0,0,0,0,0,0,0,0,0,0,Inf,Inf,Inf,0.045,0.045,0.035,0.04,0.630522159998804,0.54224098992385,2.36523878624943e-12,1.27018535046696e-05,1.67812092846116,0.000132833911354758,0.781029557994445,9457.66113552785,867.773452503977,867.572558271554,867.535891156477,2837.29834065835,387.84,320,320
0.978,0,0,0,0,0,0,0,0,0,0,0,0,0,0,0,0,0,0,0,0,0,Inf,Inf,Inf,0.045,0.045,0.035,0.04,0.630520451666427,0.54223538670209,2.36520524355225e-12,1.27018653215387e-05,1.6781216566235,0.000132833918709568,0.781029493231492,9457.62080898221,867.76449295698,867.57258073659,867.543378750239,2837.28624269466,387.84,320,320
0.979,0,0,0,0,0,0,0,0,0,0,0,0,0,0,0,0,0,0,0,0,0,Inf,Inf,Inf,0.045,0.045,0.035,0.04,0.630516130492464,0.542231341631637,2.3651735724338e-12,1.27020366125399e-05,1.67812185040882,0.000132833913948472,0.781029580692818,9457.5594407324,867.752593209472,867.571778022212,867.531477694389,2837.26783221972,387.84,320,320
0.98,0,0,0,0,0,0,0,0,0,0,0,0,0,0,0,0,0,0,0,0,0,Inf,Inf,Inf,0.045,0.045,0.035,0.04,0.630509158310036,0.542229004055353,2.3651494543947e-12,1.27020495336227e-05,1.6781214765707,0.000132833912822798,0.781029600805553,9457.46425807699,867.739866208958,867.551704050031,867.518751378436,2837.2392774231,387.84,320,320
0.981,0,0,0,0,0,0,0,0,0,0,0,0,0,0,0,0,0,0,0,0,0,Inf,Inf,Inf,0.045,0.045,0.035,0.04,0.63050649006923,0.542224209855533,2.36513569275655e-12,1.27020635524208e-05,1.67812180258238,0.000132833923756276,0.781029554243446,9457.41023108746,867.746570946281,867.551440245687,867.507626842441,2837.22306932624,387.84,320,320
0.982,0,0,0,0,0,0,0,0,0,0,0,0,0,0,0,0,0,0,0,0,0,Inf,Inf,Inf,0.045,0.045,0.035,0.04,0.630503113035569,0.54221847194309,2.3651311464193e-12,1.27019757965466e-05,1.67812218862323,0.000132833923089016,0.781029593457859,9457.37678284477,867.73547771635,867.55118641058,867.514400893213,2837.21303485343,387.84,320,320
0.983,0,0,0,0,0,0,0,0,0,0,0,0,0,0,0,0,0,0,0,0,0,Inf,Inf,Inf,0.045,0.045,0.035,0.04,0.630496980340595,0.542216869437932,2.36513116711344e-12,1.27019861231458e-05,1.67812199379585,0.000132833921643205,0.781029635921109,9457.269465147,867.722763184937,867.531021599217,867.501686378835,2837.1808395441,387.84,320,320
0.984,0,0,0,0,0,0,0,0,0,0,0,0,0,0,0,0,0,0,0,0,0,Inf,Inf,Inf,0.045,0.045,0.035,0.04,0.630492381471814,0.54221292391653,2.36512937258932e-12,1.2701999190115e-05,1.67812189918054,0.000132833936322851,0.781029606301127,9457.20122960009,867.728514664002,867.530197457372,867.489776167881,2837.16036888003,387.84,320,320
0.985,0,0,0,0,0,0,0,0,0,0,0,0,0,0,0,0,0,0,0,0,0,Inf,Inf,Inf,0.045,0.045,0.035,0.04,0.630489902330092,0.542206629376076,2.36512007893197e-12,1.27020111819594e-05,1.6781224641835,0.000132833939708329,0.781029608509479,9457.1727722392,867.718448275935,867.53021706482,867.497369867968,2837.15183167176,387.84,320,320
0.986,0,0,0,0,0,0,0,0,0,0,0,0,0,0,0,0,0,0,0,0,0,Inf,Inf,Inf,0.045,0.045,0.035,0.04,0.630484688729335,0.542204391726387,2.36510046461731e-12,1.27018430629736e-05,1.67812246120898,0.000132833931324185,0.781029671835787,9457.08042128587,867.70604219679,867.528657852046,867.484963134774,2837.12412638576,387.84,320,320
0.987,0,0,0,0,0,0,0,0,0,0,0,0,0,0,0,0,0,0,0,0,0,Inf,Inf,Inf,0.045,0.045,0.035,0.04,0.630477854378493,0.542201294401383,2.3650716421582e-12,1.27018565966896e-05,1.67812193409211,0.000132833931824365,0.781029667520158,9456.99815444949,867.709942889267,867.508963301084,867.472528800147,2837.09944633485,387.84,320,320
0.988,0,0,0,0,0,0,0,0,0,0,0,0,0,0,0,0,0,0,0,0,0,Inf,Inf,Inf,0.045,0.045,0.035,0.04,0.630476184349964,0.542195748241909,2.36503823034723e-12,1.2701869134794e-05,1.67812265656914,0.000132833939231298,0.781029605862453,9456.95717636888,867.701074583703,867.508968820913,867.479960238955,2837.08715291066,387.84,320,320
0.989,0,0,0,0,0,0,0,0,0,0,0,0,0,0,0,0,0,0,0,0,0,Inf,Inf,Inf,0.045,0.045,0.035,0.04,0.630471925377599,0.542191603256846,2.36500659176933e-12,1.27020440897069e-05,1.67812284939492,0.000132833934575085,0.781029687993319,9456.89786915033,867.689257259294,867.508196193406,867.468141620756,2837.0693607451,387.84,320,320
0.99,0,0,0,0,0,0,0,0,0,0,0,0,0,0,0,0,0,0,0,0,0,Inf,Inf,Inf,0.045,0.045,0.035,0.04,0.630465024225802,0.54218931326254,2.36498240855781e-12,1.27020556771236e-05,1.67812247639985,0.000132833932943501,0.781029707526997,9456.80241384725,867.676583050686,867.488207393735,867.455468096588,2837.04072415417,387.84,320,320
0.991,0,0,0,0,0,0,0,0,0,0,0,0,0,0,0,0,0,0,0,0,0,Inf,Inf,Inf,0.045,0.045,0.035,0.04,0.630462242607603,0.542184586257236,2.36496852072369e-12,1.270206697289e-05,1.67812277020463,0.000132833943909802,0.781029659664558,9456.74787420962,867.683176123301,867.487914040834,867.444355943226,2837.02436226289,387.84,320,320
0.992,0,0,0,0,0,0,0,0,0,0,0,0,0,0,0,0,0,0,0,0,0,Inf,Inf,Inf,0.045,0.045,0.035,0.04,0.630458928484032,0.542178777198202,2.36496385016424e-12,1.27019835000022e-05,1.6781231533666,0.000132833943246549,0.781029695921018,9456.71627774637,867.672197317941,867.487674390375,867.451120496859,2837.01488332391,387.84,320,320
0.993,0,0,0,0,0,0,0,0,0,0,0,0,0,0,0,0,0,0,0,0,0,Inf,Inf,Inf,0.045,0.045,0.035,0.04,0.630452878980259,0.542177216201457,2.36496381852053e-12,1.27019938117193e-05,1.67812295942551,0.00013283394112198,0.781029738064343,9456.60907891677,867.65957750271,867.467678991504,867.438500699414,2836.98272367503,387.84,320,320
0.994,0,0,0,0,0,0,0,0,0,0,0,0,0,0,0,0,0,0,0,0,0,Inf,Inf,Inf,0.045,0.045,0.035,0.04,0.63044819565249,0.542173340303727,2.36496209699255e-12,1.27020068190793e-05,1.67812283104309,0.000132833955440883,0.781029708903224,9456.54057027705,867.665183612184,867.466818411761,867.426645347998,2836.96217108312,387.84,320,320
0.995,0,0,0,0,0,0,0,0,0,0,0,0,0,0,0,0,0,0,0,0,0,Inf,Inf,Inf,0.045,0.045,0.035,0.04,0.630445773234175,0.542167129959549,2.36495301897776e-12,1.27020188857759e-05,1.67812339020425,0.000132833958614911,0.781029708500155,9456.51166505278,867.655251871066,867.466836007974,867.434173586388,2836.95349951583,387.84,320,320
0.996,0,0,0,0,0,0,0,0,0,0,0,0,0,0,0,0,0,0,0,0,0,Inf,Inf,Inf,0.045,0.045,0.035,0.04,0.630440646644756,0.542164810416607,2.36493373539774e-12,1.27018530871466e-05,1.67812338726291,0.000132833950295924,0.781029770967095,9456.42169792008,867.642974151625,867.465327330102,867.421895220467,2836.92650937602,387.84,320,320
0.997,0,0,0,0,0,0,0,0,0,0,0,0,0,0,0,0,0,0,0,0,0,Inf,Inf,Inf,0.045,0.045,0.035,0.04,0.630433766267028,0.542161778825305,2.36490529268921e-12,1.27018653455946e-05,1.67812285817467,0.000132833950801451,0.781029766721587,9456.33945402755,867.630632684387,867.445774542258,867.409555074331,2836.90183620826,387.84,320,320
0.998,0,0,0,0,0,0,0,0,0,0,0,0,0,0,0,0,0,0,0,0,0,Inf,Inf,Inf,0.045,0.045,0.035,0.04,0.630432142687096,0.542156322638265,2.36487222560303e-12,1.27018774964027e-05,1.67812354058265,0.000132833958022243,0.781029705216615,9456.29815009574,867.637996068151,867.445764461658,867.416881955753,2836.88944502872,387.84,320,320
0.999,0,0,0,0,0,0,0,0,0,0,0,0,0,0,0,0,0,0,0,0,0,Inf,Inf,Inf,0.045,0.045,0.035,0.04,0.630427968611231,0.542152121180706,2.36484082339877e-12,1.27020478585133e-05,1.67812373119744,0.000132833953233662,0.781029782368206,9456.24100686787,867.626331994021,867.445024446554,867.405216608662,2836.87230206036,387.84,320,320
1,0,0,0,0,0,0,0,0,0,0,0,0,0,0,0,0,0,0,0,0,0,Inf,Inf,Inf,0.045,0.045,0.035,0.04,0.630421176576708,0.542149889476398,2.3648167327366e-12,1.27020570701918e-05,1.67812336142321,0.000132833950473244,0.781029801709985,9456.14590044719,867.613787008492,867.425238308325,867.392672300126,2836.84377013416,387.84,320,320
1.001,0,0,0,0,0,0,0,0,0,0,0,0,0,0,0,0,0,0,0,0,0,Inf,Inf,Inf,0.045,0.045,0.035,0.04,0.630418312917924,0.54214525387387,2.36480281154335e-12,1.27020707419106e-05,1.67812361371386,0.000132833961340675,0.781029751525668,9456.09121210912,867.620246555253,867.424919304445,867.381639789416,2836.82736363273,387.84,320,320
1.002,0,0,0,0,0,0,0,0,0,0,0,0,0,0,0,0,0,0,0,0,0,Inf,Inf,Inf,0.045,0.045,0.035,0.04,0.630415078078377,0.542139415011903,2.36479805023385e-12,1.27019894013932e-05,1.67812399112583,0.000132833960685113,0.781029793026276,9456.06152539322,867.609440538509,867.424694468765,867.388364075929,2836.81845761797,387.84,320,320
1.003,0,0,0,0,0,0,0,0,0,0,0,0,0,0,0,0,0,0,0,0,0,Inf,Inf,Inf,0.045,0.045,0.035,0.04,0.630409143568839,0.542137902930213,2.36479796793193e-12,1.27019979397873e-05,1.67812379957325,0.000132833958095131,0.781029832922517,9455.95504575747,867.59698353819,867.404961384951,867.375907096364,2836.78651372724,387.84,320,320
1.004,0,0,0,0,0,0,0,0,0,0,0,0,0,0,0,0,0,0,0,0,0,Inf,Inf,Inf,0.045,0.045,0.035,0.04,0.630404400895463,0.542134117012923,2.36479632831286e-12,1.27020128400851e-05,1.67812363999978,0.000132833972091502,0.781029805734937,9455.88663853774,867.602428387774,867.404069434739,867.36417055709,2836.76599156132,387.84,320,320
1.005,0,0,0,0,0,0,0,0,0,0,0,0,0,0,0,0,0,0,0,0,0,Inf,Inf,Inf,0.045,0.045,0.035,0.04,0.630402049067866,0.542128024785053,2.36478751765508e-12,1.27020231933156e-05,1.67812418907402,0.000132833975375869,0.781029797179314,9455.85743119962,867.592685541019,867.404084896078,867.371607741184,2836.75722935989,387.84,320,320
1.006,0,0,0,0,0,0,0,0,0,0,0,0,0,0,0,0,0,0,0,0,0,Inf,Inf,Inf,0.045,0.045,0.035,0.04,0.630397039646973,0.542125628822814,2.36476867789827e-12,1.27018605617674e-05,1.67812418618767,0.000132833967039837,0.781029858959087,9455.77047807947,867.580604388997,867.402636359931,867.359525951195,2836.73114342384,387.84,320,320
1.007,0,0,0,0,0,0,0,0,0,0,0,0,0,0,0,0,0,0,0,0,0,Inf,Inf,Inf,0.045,0.045,0.035,0.04,0.630390137749712,0.542122682138072,2.36474078399993e-12,1.27018720992149e-05,1.67812366366521,0.000132833966804614,0.781029854764183,9455.68869104578,867.568425959889,867.383321810907,867.347348824422,2836.70660731373,387.84,320,320
1.008,0,0,0,0,0,0,0,0,0,0,0,0,0,0,0,0,0,0,0,0,0,Inf,Inf,Inf,0.045,0.045,0.035,0.04,0.630388572188972,0.542117350399615,2.36470825954814e-12,1.27018833622799e-05,1.67812430541395,0.000132833974084564,0.781029789573794,9455.64726250913,867.575642204112,867.383295167752,867.354528693107,2836.69417875274,387.84,320,320
1.009,0,0,0,0,0,0,0,0,0,0,0,0,0,0,0,0,0,0,0,0,0,Inf,Inf,Inf,0.045,0.045,0.035,0.04,0.630384511557726,0.542113102425195,2.36467728223447e-12,1.27020522674786e-05,1.67812449266096,0.000132833969293371,0.781029865494543,9455.59288008225,867.564205186656,867.382594019564,867.34309042669,2836.67786402468,387.84,320,320
1.01,0,0,0,0,0,0,0,0,0,0,0,0,0,0,0,0,0,0,0,0,0,Inf,Inf,Inf,0.045,0.045,0.035,0.04,0.630377874395909,0.542110945472529,2.36465342869838e-12,1.27020614792329e-05,1.67812412830863,0.000132833965790435,0.781029884710644,9455.49869467628,867.551869070609,867.363140504968,867.330754975212,2836.64960840288,387.84,320,320
1.011,0,0,0,0,0,0,0,0,0,0,0,0,0,0,0,0,0,0,0,0,0,Inf,Inf,Inf,0.045,0.045,0.035,0.04,0.630374934753999,0.542106433998045,2.36463955724899e-12,1.27020748037082e-05,1.67812434532669,0.000132833976528995,0.781029834100418,9455.4441851042,867.558136257999,867.362796381412,867.319872588293,2836.63325553126,387.84,320,320
1.012,0,0,0,0,0,0,0,0,0,0,0,0,0,0,0,0,0,0,0,0,0,Inf,Inf,Inf,0.045,0.045,0.035,0.04,0.630371802328091,0.542100598932616,2.36463473301331e-12,1.27019932618406e-05,1.6781247152321,0.000132833975774657,0.781029879174992,9455.41667782093,867.547578035215,867.362588325883,867.326502317542,2836.62500334628,387.84,320,320
1.013,0,0,0,0,0,0,0,0,0,0,0,0,0,0,0,0,0,0,0,0,0,Inf,Inf,Inf,0.045,0.045,0.035,0.04,0.630366023988961,0.542099146667521,2.36463460010838e-12,1.2702005376896e-05,1.67812452700203,0.000132833973267769,0.781029916128658,9455.31164564067,867.53537005503,867.343268403008,867.314294363777,2836.5934936922,387.84,320,320
1.014,0,0,0,0,0,0,0,0,0,0,0,0,0,0,0,0,0,0,0,0,0,Inf,Inf,Inf,0.045,0.045,0.035,0.04,0.630361258471215,0.542095476739123,2.36463305298181e-12,1.27020184143582e-05,1.67812433619287,0.000132833987143495,0.781029890602984,9455.24382331935,867.540605266095,867.342351629588,867.30275855432,2836.5731469958,387.84,320,320
1.015,0,0,0,0,0,0,0,0,0,0,0,0,0,0,0,0,0,0,0,0,0,Inf,Inf,Inf,0.045,0.045,0.035,0.04,0.630358992029093,0.542089543742879,2.36462456530552e-12,1.27020286781976e-05,1.67812487257988,0.000132833990404149,0.781029874589364,9455.21453838225,867.531117064787,867.342364904513,867.31004012362,2836.56436151467,387.84,320,320
1.016,0,0,0,0,0,0,0,0,0,0,0,0,0,0,0,0,0,0,0,0,0,Inf,Inf,Inf,0.045,0.045,0.035,0.04,0.630354131161066,0.54208709660225,2.36460628769214e-12,1.27018658742659e-05,1.67812486976188,0.000132833982138584,0.781029935764272,9455.1310257396,867.519313648851,867.340984395629,867.298236083466,2836.53930772188,387.84,320,320
1.017,0,0,0,0,0,0,0,0,0,0,0,0,0,0,0,0,0,0,0,0,0,Inf,Inf,Inf,0.045,0.045,0.035,0.04,0.630347268550683,0.542084251726255,2.36457911776677e-12,1.27018779660546e-05,1.67812435624175,0.000132833980841207,0.781029931638131,9455.05028308347,867.507380499808,867.322049431406,867.286304210743,2836.51508492504,387.84,320,320
1.018,0,0,0,0,0,0,0,0,0,0,0,0,0,0,0,0,0,0,0,0,0,Inf,Inf,Inf,0.045,0.045,0.035,0.04,0.630345768499695,0.542079075626534,2.36454734082859e-12,1.27018897835328e-05,1.67812494613513,0.000132833987751037,0.781029867588248,9455.00904994702,867.51440355915,867.322007681652,867.27647341211,2836.50271498411,387.84,320,320
1.019,0,0,0,0,0,0,0,0,0,0,0,0,0,0,0,0,0,0,0,0,0,Inf,Inf,Inf,0.045,0.045,0.035,0.04,0.630341842644897,0.542074823644871,2.36451698482196e-12,1.27020536069727e-05,1.67812512887658,0.000132833983316893,0.781029940793755,9454.95751461176,867.503261205816,867.321347562249,867.282147428133,2836.48725438353,387.84,320,320
1.02,0,0,0,0,0,0,0,0,0,0,0,0,0,0,0,0,0,0,0,0,0,Inf,Inf,Inf,0.045,0.045,0.035,0.04,0.630335396513784,0.542072751354727,2.36449352146715e-12,1.27020641524956e-05,1.67812477220591,0.000132833978819399,0.781029959093897,9454.86485347108,867.491207358155,867.302339648256,867.270094232427,2836.45945604132,387.84,320,320
1.021,0,0,0,0,0,0,0,0,0,0,0,0,0,0,0,0,0,0,0,0,0,Inf,Inf,Inf,0.045,0.045,0.035,0.04,0.630332411950215,0.542068386805489,2.36447979087863e-12,1.27020757960143e-05,1.67812494596645,0.000132833989198154,0.781029910916949,9454.81088001843,867.497261553107,867.301974465699,867.259426999473,2836.44326400553,387.84,320,320
1.022,0,0,0,0,0,0,0,0,0,0,0,0,0,0,0,0,0,0,0,0,0,Inf,Inf,Inf,0.045,0.045,0.035,0.04,0.630329397180367,0.542062596267485,2.36447493747951e-12,1.27020024585586e-05,1.67812530552848,0.000132833988575734,0.781029948589131,9454.78559152538,867.48700658275,867.301783655643,867.265931963557,2836.43567745761,387.84,320,320
1.023,0,0,0,0,0,0,0,0,0,0,0,0,0,0,0,0,0,0,0,0,0,Inf,Inf,Inf,0.045,0.045,0.035,0.04,0.630323805002121,0.542061210553163,2.36447475619574e-12,1.27020128152138e-05,1.67812512206757,0.00013283398599882,0.781029984574155,9454.68258924537,867.475112778477,867.282966044055,867.254038183485,2836.40477677361,387.84,320,320
1.024,0,0,0,0,0,0,0,0,0,0,0,0,0,0,0,0,0,0,0,0,0,Inf,Inf,Inf,0.045,0.045,0.035,0.04,0.630319042193293,0.542057675580932,2.36447330933888e-12,1.27020239749163e-05,1.67812490261821,0.000132833999282705,0.781029959654267,9454.61572010157,867.480124032614,867.282029839076,867.242764721645,2836.38471603047,387.84,320,320
1.025,0,0,0,0,0,0,0,0,0,0,0,0,0,0,0,0,0,0,0,0,0,Inf,Inf,Inf,0.045,0.045,0.035,0.04,0.630316873892217,0.542051933761611,2.36446519215555e-12,1.27020360123298e-05,1.6781254223411,0.000132834002296506,0.781029941501744,9454.58650590537,867.470941565974,867.282040834954,867.249865828741,2836.37595177161,387.84,320,320
1.026,0,0,0,0,0,0,0,0,0,0,0,0,0,0,0,0,0,0,0,0,0,Inf,Inf,Inf,0.045,0.045,0.035,0.04,0.630312189736169,0.542049442220558,2.36444758221417e-12,1.27018674155442e-05,1.67812541961129,0.000132833994471238,0.781030001370933,9454.50701002486,867.459480590003,867.280736984761,867.238404244734,2836.35210300746,387.84,320,320
1.027,0,0,0,0,0,0,0,0,0,0,0,0,0,0,0,0,0,0,0,0,0,Inf,Inf,Inf,0.045,0.045,0.035,0.04,0.63030539158719,0.542046716840106,2.36442129537415e-12,1.27018782320554e-05,1.67812491897759,0.00013283399319871,0.781029997363166,9454.42773516629,867.447858465923,867.26227421359,867.226783362912,2836.32832054989,387.84,320,320
1.028,0,0,0,0,0,0,0,0,0,0,0,0,0,0,0,0,0,0,0,0,0,Inf,Inf,Inf,0.045,0.045,0.035,0.04,0.630303967577309,0.542041728549196,2.36439045343081e-12,1.27018900496795e-05,1.67812546105689,0.000132833999813515,0.781029935852508,9454.38689913589,867.454648491546,867.262216673976,867.217174719033,2836.31606974077,387.84,320,320
1.029,0,0,0,0,0,0,0,0,0,0,0,0,0,0,0,0,0,0,0,0,0,Inf,Inf,Inf,0.045,0.045,0.035,0.04,0.630300202912515,0.542037483629161,2.36436089847634e-12,1.27020535579932e-05,1.67812563820661,0.000132833995437775,0.781030006702753,9454.33874921841,867.443870174978,867.261603140255,867.222757738796,2836.30162476552,387.84,320,320
1.03,0,0,0,0,0,0,0,0,0,0,0,0,0,0,0,0,0,0,0,0,0,Inf,Inf,Inf,0.045,0.045,0.035,0.04,0.630293990523414,0.542035511062161,2.3643379643105e-12,1.27020637561838e-05,1.6781252914168,0.00013283398948599,0.781030023397157,9454.24816273819,867.432173913372,867.243163631559,867.211062115833,2836.27444882146,387.84,320,320
1.031,0,0,0,0,0,0,0,0,0,0,0,0,0,0,0,0,0,0,0,0,0,Inf,Inf,Inf,0.045,0.045,0.035,0.04,0.630290968556624,0.542031323751469,2.3643244556372e-12,1.2702075052435e-05,1.67812542797654,0.000132833999721671,0.781029978247385,9454.19504508704,867.437960729289,867.242778298019,867.200677114354,2836.25851352611,387.84,320,320
1.032,0,0,0,0,0,0,0,0,0,0,0,0,0,0,0,0,0,0,0,0,0,Inf,Inf,Inf,0.045,0.045,0.035,0.04,0.630288092653194,0.542025610741431,2.36431960127917e-12,1.2702008676961e-05,1.67812577553732,0.000132833999010101,0.781030003072157,9454.17220671279,867.428079015045,867.242606420423,867.207005858176,2836.25166201384,387.84,320,320
1.033,0,0,0,0,0,0,0,0,0,0,0,0,0,0,0,0,0,0,0,0,0,Inf,Inf,Inf,0.045,0.045,0.035,0.04,0.630282724786937,0.542024301433828,2.3643193723514e-12,1.27020172304211e-05,1.67812559766473,0.000132833996249718,0.781030040095312,9454.07192679197,867.416580311952,867.22443244462,867.195507173078,2836.22157803759,387.84,320,320
1.034,0,0,0,0,0,0,0,0,0,0,0,0,0,0,0,0,0,0,0,0,0,Inf,Inf,Inf,0.045,0.045,0.035,0.04,0.630278000518476,0.542020925322961,2.36431803492694e-12,1.27020286141506e-05,1.67812535023515,0.00013283400913631,0.781030015954656,9454.00647468537,867.42132351705,867.22348349488,867.184573389969,2836.20194240561,387.84,320,320
1.035,0,0,0,0,0,0,0,0,0,0,0,0,0,0,0,0,0,0,0,0,0,Inf,Inf,Inf,0.045,0.045,0.035,0.04,0.630275943748539,0.542015412809537,2.36431033856473e-12,1.27020391022658e-05,1.67812585089883,0.00013283401223316,0.781029997779486,9453.97755038992,867.412507760398,867.223492187476,867.191433580673,2836.19326511698,387.84,320,320
1.036,0,0,0,0,0,0,0,0,0,0,0,0,0,0,0,0,0,0,0,0,0,Inf,Inf,Inf,0.045,0.045,0.035,0.04,0.630271465140348,0.542012901791356,2.3642935049969e-12,1.27018657397368e-05,1.67812584826955,0.000132834004510525,0.78103005530262,9453.90244969287,867.401464983707,867.22227191155,867.18039021885,2836.17073490786,387.84,320,320
1.037,0,0,0,0,0,0,0,0,0,0,0,0,0,0,0,0,0,0,0,0,0,Inf,Inf,Inf,0.045,0.045,0.035,0.04,0.630264789684863,0.54201031124368,2.36426826356962e-12,1.27018760020762e-05,1.67812536285828,0.000132834002469547,0.781030051436894,9453.82520139023,867.390231094955,867.204414084263,867.16915753158,2836.14756041707,387.84,320,320
1.038,0,0,0,0,0,0,0,0,0,0,0,0,0,0,0,0,0,0,0,0,0,Inf,Inf,Inf,0.045,0.045,0.035,0.04,0.630263448322145,0.542005539445143,2.36423854774236e-12,1.27018865444907e-05,1.67812584723834,0.000132834008805921,0.781029992176693,9453.78507066884,867.396745460407,867.204342318114,867.159835894994,2836.13552120065,387.84,320,320
1.039,0,0,0,0,0,0,0,0,0,0,0,0,0,0,0,0,0,0,0,0,0,Inf,Inf,Inf,0.045,0.045,0.035,0.04,0.630259864213257,0.542001342570753,2.36420997823715e-12,1.27020487583181e-05,1.67812601769397,0.000132834004620403,0.781030058619142,9453.74036703225,867.38639386868,867.203777064145,867.165283119826,2836.12211010968,387.84,320,320
1.04,0,0,0,0,0,0,0,0,0,0,0,0,0,0,0,0,0,0,0,0,0,Inf,Inf,Inf,0.045,0.045,0.035,0.04,0.630253918804079,0.541999478519317,2.36418771807238e-12,1.27020569280949e-05,1.67812568297047,0.000132833997550252,0.781030074100102,9453.65242605561,867.375123713377,867.186011469479,867.154013582866,2836.09572781668,387.84,320,320
1.041,0,0,0,0,0,0,0,0,0,0,0,0,0,0,0,0,0,0,0,0,0,Inf,Inf,Inf,0.045,0.045,0.035,0.04,0.630250889791714,0.5419954891578,2.36417451859393e-12,1.27020675296637e-05,1.67812577475936,0.000132834007147872,0.781030030651794,9453.60050663754,867.380624747641,867.185610153366,867.143971948804,2836.08015199126,387.84,320,320
1.042,0,0,0,0,0,0,0,0,0,0,0,0,0,0,0,0,0,0,0,0,0,Inf,Inf,Inf,0.045,0.045,0.035,0.04,0.630248166399437,0.541989892890659,2.36416969655943e-12,1.27020122005014e-05,1.67812610781067,0.000132834006575781,0.781030048727851,9453.58013519574,867.371167246697,867.185457480478,867.150095874319,2836.07404055872,387.84,320,320
1.043,0,0,0,0,0,0,0,0,0,0,0,0,0,0,0,0,0,0,0,0,0,Inf,Inf,Inf,0.045,0.045,0.035,0.04,0.630243050155238,0.541988665841059,2.36416942271737e-12,1.27020244052687e-05,1.67812593681615,0.00013283400535446,0.781030086103339,9453.48312589648,867.360123992906,867.168009541955,867.139052631923,2836.04493776895,387.84,320,320
1.044,0,0,0,0,0,0,0,0,0,0,0,0,0,0,0,0,0,0,0,0,0,Inf,Inf,Inf,0.045,0.045,0.035,0.04,0.630238389638156,0.541985465628819,2.36416820116124e-12,1.27020322721653e-05,1.67812566449356,0.000132834017686961,0.781030063852201,9453.41944213228,867.364587215636,867.167053402476,867.128516049808,2836.02583263968,387.84,320,320
1.045,0,0,0,0,0,0,0,0,0,0,0,0,0,0,0,0,0,0,0,0,0,Inf,Inf,Inf,0.045,0.045,0.035,0.04,0.630236455721316,0.541980211511533,2.36416096772423e-12,1.27020429395485e-05,1.67812614240013,0.000132834020412541,0.781030042205129,9453.3909538412,867.356184692265,867.167059731526,867.135112393697,2836.01728615236,387.84,320,320
1.046,0,0,0,0,0,0,0,0,0,0,0,0,0,0,0,0,0,0,0,0,0,Inf,Inf,Inf,0.045,0.045,0.035,0.04,0.630232208119159,0.541977688642452,2.36414500585712e-12,1.27018691662978e-05,1.67812613988936,0.000132834013095046,0.781030096863079,9453.32075965293,867.345619553844,867.165930502833,867.124546694966,2835.99622789588,387.84,320,320
1.047,0,0,0,0,0,0,0,0,0,0,0,0,0,0,0,0,0,0,0,0,0,Inf,Inf,Inf,0.045,0.045,0.035,0.04,0.630225826375956,0.5419752487314,2.36412095504116e-12,1.27018805371923e-05,1.67812567332906,0.000132834008724125,0.781030093127004,9453.24593824603,867.33483475368,867.148763433275,867.113763046564,2835.97378147381,387.84,320,320
1.048,0,0,0,0,0,0,0,0,0,0,0,0,0,0,0,0,0,0,0,0,0,Inf,Inf,Inf,0.045,0.045,0.035,0.04,0.63022443061608,0.541970722553591,2.36409253770177e-12,1.27018909128716e-05,1.67812610422553,0.00013283401487927,0.781030035733764,9453.2067083029,867.34103724862,867.148677017438,867.104778643463,2835.96201249087,387.84,320,320
1.049,0,0,0,0,0,0,0,0,0,0,0,0,0,0,0,0,0,0,0,0,0,Inf,Inf,Inf,0.045,0.045,0.035,0.04,0.630221050804541,0.541966585152119,2.36406512010025e-12,1.27020445425158e-05,1.67812626697122,0.000132834010694021,0.781030095040669,9453.16592530714,867.331175718798,867.14816482823,867.11006699193,2835.94977759214,387.84,320,320
1.05,0,0,0,0,0,0,0,0,0,0,0,0,0,0,0,0,0,0,0,0,0,Inf,Inf,Inf,0.045,0.045,0.035,0.04,0.630215411138515,0.541964843005633,2.36404366382472e-12,1.27020530597424e-05,1.67812594627619,0.000132834003494864,0.781030110194049,9453.08114445711,867.320400904505,867.131186060209,867.099292766401,2835.92434333713,387.84,320,320
1.051,0,0,0,0,0,0,0,0,0,0,0,0,0,0,0,0,0,0,0,0,0,Inf,Inf,Inf,0.045,0.045,0.035,0.04,0.630212383508856,0.541961078898369,2.36403085041049e-12,1.27020636614051e-05,1.67812599953947,0.000132834012685208,0.781030068389636,9453.03072675794,867.325566978204,867.130769969595,867.089656600449,2835.90921802738,387.84,320,320
1.052,0,0,0,0,0,0,0,0,0,0,0,0,0,0,0,0,0,0,0,0,0,Inf,Inf,Inf,0.045,0.045,0.035,0.04,0.630209831517559,0.541955630873854,2.36402608848378e-12,1.27020706095292e-05,1.67812631663441,0.000132834012031625,0.781030085847525,9453.0121735635,867.316597258078,867.130637892008,867.095528006391,2835.90365206905,387.84,320,320
1.053,0,0,0,0,0,0,0,0,0,0,0,0,0,0,0,0,0,0,0,0,0,Inf,Inf,Inf,0.045,0.045,0.035,0.04,0.630205001253315,0.541954494714166,2.36402577108719e-12,1.27020236395021e-05,1.6781261532929,0.00013283401165653,0.781030121473541,9452.91991575027,867.306083418043,867.114045194532,867.085014177635,2835.87597472508,387.84,320,320
1.054,0,0,0,0,0,0,0,0,0,0,0,0,0,0,0,0,0,0,0,0,0,Inf,Inf,Inf,0.045,0.045,0.035,0.04,0.630200438919137,0.541951491722829,2.36402467296393e-12,1.27020316557316e-05,1.67812585714526,0.000132834023421755,0.781030101142361,9452.85843484394,867.310227472413,867.113088542152,867.074945939006,2835.85753045318,387.84,320,320
1.055,0,0,0,0,0,0,0,0,0,0,0,0,0,0,0,0,0,0,0,0,0,Inf,Inf,Inf,0.045,0.045,0.035,0.04,0.630198639547425,0.541946530348417,2.36401794638591e-12,1.2702042472498e-05,1.67812631012488,0.000132834026011348,0.781030074184073,9452.83059206971,867.302293109138,867.113092511962,867.081223017119,2835.84917762091,387.84,320,320
1.056,0,0,0,0,0,0,0,0,0,0,0,0,0,0,0,0,0,0,0,0,0,Inf,Inf,Inf,0.045,0.045,0.035,0.04,0.630194648586987,0.541944019860718,2.36400295285198e-12,1.27018799657273e-05,1.67812630774355,0.000132834019000436,0.781030125990663,9452.76562394731,867.292274347489,867.112060099751,867.071203724548,2835.82968718419,387.84,320,320
1.057,0,0,0,0,0,0,0,0,0,0,0,0,0,0,0,0,0,0,0,0,0,Inf,Inf,Inf,0.045,0.045,0.035,0.04,0.630188620365574,0.541941743977305,2.3639802384221e-12,1.27018907824505e-05,1.67812586211701,0.000132834013120797,0.781030122389405,9452.69374804521,867.28200916023,867.095705395032,867.060939632918,2835.80812441356,387.84,320,320
1.058,0,0,0,0,0,0,0,0,0,0,0,0,0,0,0,0,0,0,0,0,0,Inf,Inf,Inf,0.045,0.045,0.035,0.04,0.630187170639394,0.541937488888134,2.36395329251895e-12,1.27018991617872e-05,1.67812623069739,0.000132834019040523,0.781030067243669,9452.65570932777,867.287861501169,867.095605990026,867.052352158071,2835.79671279833,387.84,320,320
1.059,0,0,0,0,0,0,0,0,0,0,0,0,0,0,0,0,0,0,0,0,0,Inf,Inf,Inf,0.045,0.045,0.035,0.04,0.63018401198714,0.54193344985603,2.36392719491671e-12,1.27020463569621e-05,1.67812638478693,0.000132834015106021,0.7810301194519,9452.61887454183,867.278546249931,867.095148007071,867.05743985358,2835.78566236255,387.84,320,320
1.06,0,0,0,0,0,0,0,0,0,0,0,0,0,0,0,0,0,0,0,0,0,Inf,Inf,Inf,0.045,0.045,0.035,0.04,0.630178707481881,0.541931837006248,2.36390667573067e-12,1.27020562078812e-05,1.67812607998949,0.000132834006985667,0.781030134399366,9452.53777894751,867.268328712627,867.079051395253,867.047222870858,2835.76133368425,387.84,320,320
1.061,0,0,0,0,0,0,0,0,0,0,0,0,0,0,0,0,0,0,0,0,0,Inf,Inf,Inf,0.045,0.045,0.035,0.04,0.630175710488193,0.541928316170146,2.36389432980576e-12,1.27020668096316e-05,1.67812608864099,0.000132834015702215,0.78103009621069,9452.48918254379,867.273144588107,867.078624744608,867.038047898333,2835.74675476314,387.84,320,320
1.062,0,0,0,0,0,0,0,0,0,0,0,0,0,0,0,0,0,0,0,0,0,Inf,Inf,Inf,0.045,0.045,0.035,0.04,0.630173341532873,0.541923053229893,2.363889660042e-12,1.27020734104723e-05,1.67812638740533,0.000132834015310299,0.781030108858842,9452.47096887463,867.264707664172,867.078513319295,867.043640835139,2835.74129066239,387.84,320,320
1.063,0,0,0,0,0,0,0,0,0,0,0,0,0,0,0,0,0,0,0,0,0,Inf,Inf,Inf,0.045,0.045,0.035,0.04,0.630168821105006,0.541922012745865,2.36388930227758e-12,1.27020255583598e-05,1.67812623294523,0.000132834015355039,0.781030142333928,9452.38543173688,867.254777096371,867.062848754242,867.033710277199,2835.71562952106,387.84,320,320
1.064,0,0,0,0,0,0,0,0,0,0,0,0,0,0,0,0,0,0,0,0,0,Inf,Inf,Inf,0.045,0.045,0.035,0.04,0.63016438103294,0.541919221604929,2.36388833251185e-12,1.27020318311061e-05,1.67812591589164,0.000132834026386878,0.781030122463657,9452.32647811394,867.258593128355,867.061897151191,867.024162175732,2835.69794343418,387.84,320,320
1.065,0,0,0,0,0,0,0,0,0,0,0,0,0,0,0,0,0,0,0,0,0,Inf,Inf,Inf,0.045,0.045,0.035,0.04,0.630162725814841,0.541914578419777,2.36388214844401e-12,1.27020409193617e-05,1.67812634063999,0.000132834029088693,0.781030094595175,9452.29942009431,867.251167621022,867.061898734234,867.030100026494,2835.68982602829,387.84,320,320
1.066,0,0,0,0,0,0,0,0,0,0,0,0,0,0,0,0,0,0,0,0,0,Inf,Inf,Inf,0.045,0.045,0.035,0.04,0.630159013630031,0.541912088319704,2.36386820602869e-12,1.27018844428017e-05,1.67812633840389,0.000132834022391366,0.781030143294229,9452.24011509861,867.241747810918,867.060969302043,867.020679716207,2835.67203452958,387.84,320,320
1.067,0,0,0,0,0,0,0,0,0,0,0,0,0,0,0,0,0,0,0,0,0,Inf,Inf,Inf,0.045,0.045,0.035,0.04,0.630153372942329,0.541909990040902,2.36384695570728e-12,1.27018952595895e-05,1.6781259169859,0.000132834014822648,0.781030139884527,9452.17155013889,867.232056551211,867.045503354585,867.01098948971,2835.65146504167,387.84,320,320
1.068,0,0,0,0,0,0,0,0,0,0,0,0,0,0,0,0,0,0,0,0,0,Inf,Inf,Inf,0.045,0.045,0.035,0.04,0.63015186624186,0.541906031474983,2.36382163425872e-12,1.27019020299049e-05,1.67812622771192,0.000132834020245781,0.781030087782488,9452.13488548325,867.23752706928,867.045390773421,867.002844214273,2835.64046564498,387.84,320,320
1.069,0,0,0,0,0,0,0,0,0,0,0,0,0,0,0,0,0,0,0,0,0,Inf,Inf,Inf,0.045,0.045,0.035,0.04,0.630148949346922,0.541902101900745,2.3637970056922e-12,1.2702048463569e-05,1.67812637228397,0.000132834016542388,0.781030134505182,9452.10240451088,867.228813958958,867.044990952018,867.007710191111,2835.63072135326,387.84,320,320
1.07,0,0,0,0,0,0,0,0,0,0,0,0,0,0,0,0,0,0,0,0,0,Inf,Inf,Inf,0.045,0.045,0.035,0.04,0.630144014015397,0.541900629833506,2.36377754110839e-12,1.27020562860572e-05,1.67812608514805,0.000132834008986634,0.781030148582865,9452.02546014796,867.219215266699,867.029877003079,866.998112019425,2835.60763804439,387.84,320,320
1.071,0,0,0,0,0,0,0,0,0,0,0,0,0,0,0,0,0,0,0,0,0,Inf,Inf,Inf,0.045,0.045,0.035,0.04,0.630141056452261,0.541897376044118,2.36376573339075e-12,1.2702064859426e-05,1.67812605581097,0.000132834017096397,0.781030115090118,9451.97896458337,867.223637674352,867.029441223003,866.98945394624,2835.59368937501,387.84,320,320
1.072,0,0,0,0,0,0,0,0,0,0,0,0,0,0,0,0,0,0,0,0,0,Inf,Inf,Inf,0.045,0.045,0.035,0.04,0.63013888675807,0.541892469125159,2.36376118239916e-12,1.27020727940148e-05,1.67812633488437,0.000132834016516254,0.781030115643681,9451.96119493878,867.215789417768,867.02935153164,866.994725315254,2835.58835848163,387.84,320,320
1.073,0,0,0,0,0,0,0,0,0,0,0,0,0,0,0,0,0,0,0,0,0,Inf,Inf,Inf,0.045,0.045,0.035,0.04,0.630134706060423,0.541891389763734,2.36376078618569e-12,1.27020244236271e-05,1.67812618997147,0.000132834016526484,0.781030148246543,9451.8830000291,867.206507632141,867.014729898558,866.985443535804,2835.56490000873,387.84,320,320
1.074,0,0,0,0,0,0,0,0,0,0,0,0,0,0,0,0,0,0,0,0,0,Inf,Inf,Inf,0.045,0.045,0.035,0.04,0.630130420567819,0.541888828797997,2.36375995060851e-12,1.27020306665842e-05,1.67812585337087,0.00013283402684468,0.781030127879787,9451.8269698027,867.209961815346,867.013789860533,866.976479073757,2835.54809094081,387.84,320,320
1.075,0,0,0,0,0,0,0,0,0,0,0,0,0,0,0,0,0,0,0,0,0,Inf,Inf,Inf,0.045,0.045,0.035,0.04,0.630128919250058,0.541884533664925,2.36375434566623e-12,1.27020380263131e-05,1.67812624809733,0.000132834029088863,0.781030104209753,9451.80089221381,867.203092920017,867.013789089878,866.982028111305,2835.54026766414,387.84,320,320
1.076,0,0,0,0,0,0,0,0,0,0,0,0,0,0,0,0,0,0,0,0,0,Inf,Inf,Inf,0.045,0.045,0.035,0.04,0.630125507710989,0.5418820871496,2.3637415368089e-12,1.27018842601007e-05,1.67812624601512,0.000132834022885237,0.781030149022902,9451.747501426,867.194332343241,867.01296711995,866.973267070509,2835.5242504278,387.84,320,320
1.077,0,0,0,0,0,0,0,0,0,0,0,0,0,0,0,0,0,0,0,0,0,Inf,Inf,Inf,0.045,0.045,0.035,0.04,0.63012028789471,0.541880177595525,2.36372187655242e-12,1.27018929135791e-05,1.67812585063827,0.00013283401472926,0.781030145870109,9451.68271545128,867.185277368336,866.998498102822,866.964213062283,2835.50481463538,387.84,320,320
1.078,0,0,0,0,0,0,0,0,0,0,0,0,0,0,0,0,0,0,0,0,0,Inf,Inf,Inf,0.045,0.045,0.035,0.04,0.630118745509992,0.541876537187851,2.36369833042525e-12,1.27019007924234e-05,1.67812609602333,0.000132834019875451,0.781030097073996,9451.64769204577,867.190332981669,866.998374089133,866.956563278117,2835.49430761373,387.84,320,320
1.079,0,0,0,0,0,0,0,0,0,0,0,0,0,0,0,0,0,0,0,0,0,Inf,Inf,Inf,0.045,0.045,0.035,0.04,0.630116084267482,0.541872753339382,2.36367531888186e-12,1.27020481389304e-05,1.67812623023031,0.000132834016509024,0.781030137747653,9451.61955293615,867.182270395817,866.998032949837,866.961169535874,2835.48586588084,387.84,320,320
1.08,0,0,0,0,0,0,0,0,0,0,0,0,0,0,0,0,0,0,0,0,0,Inf,Inf,Inf,0.045,0.045,0.035,0.04,0.630111542927356,0.541871427807453,2.36365702748121e-12,1.27020559614513e-05,1.67812596248337,0.000132834008962052,0.781030150676046,9451.54722733729,867.173344400328,866.983984390353,866.952244024917,2835.46416820119,387.84,320,320
1.081,0,0,0,0,0,0,0,0,0,0,0,0,0,0,0,0,0,0,0,0,0,Inf,Inf,Inf,0.045,0.045,0.035,0.04,0.630108652516467,0.541868455868432,2.36364583171236e-12,1.27020625064313e-05,1.67812588951866,0.000132834016350921,0.781030120145512,9451.50312213548,867.177362051678,866.983543677928,866.944151794671,2835.45093664064,387.84,320,320
1.082,0,0,0,0,0,0,0,0,0,0,0,0,0,0,0,0,0,0,0,0,0,Inf,Inf,Inf,0.045,0.045,0.035,0.04,0.630106691360559,0.541863940645762,2.36364142960634e-12,1.27020684126537e-05,1.67812614686569,0.000132834015812527,0.781030111418334,9451.48591372506,867.170140283518,866.983475547156,866.949079162454,2835.44577411752,387.84,320,320
1.083,0,0,0,0,0,0,0,0,0,0,0,0,0,0,0,0,0,0,0,0,0,Inf,Inf,Inf,0.045,0.045,0.035,0.04,0.630102870126425,0.541862823965435,2.36364099852108e-12,1.27020187751808e-05,1.67812601252294,0.000132834015169018,0.781030143071326,9451.41534433389,867.161553157415,866.969957848342,866.940492037298,2835.42460330017,387.84,320,320
1.084,0,0,0,0,0,0,0,0,0,0,0,0,0,0,0,0,0,0,0,0,0,Inf,Inf,Inf,0.045,0.045,0.035,0.04,0.630098761448842,0.541860504990797,2.36364030042271e-12,1.27020287440773e-05,1.6781256596426,0.000132834024616096,0.781030123131905,9451.36252587098,867.164640282705,866.969034785634,866.932155847154,2835.40875776129,387.84,320,320
1.085,0,0,0,0,0,0,0,0,0,0,0,0,0,0,0,0,0,0,0,0,0,Inf,Inf,Inf,0.045,0.045,0.035,0.04,0.630097421695725,0.541856579031694,2.36363530294437e-12,1.27020327660049e-05,1.67812602148971,0.000132834026816951,0.781030102275236,9451.3375567154,867.158361779302,866.969031666071,866.937300010364,2835.40126701462,387.84,320,320
1.086,0,0,0,0,0,0,0,0,0,0,0,0,0,0,0,0,0,0,0,0,0,Inf,Inf,Inf,0.045,0.045,0.035,0.04,0.630094329083557,0.54185418406236,2.36362369590605e-12,1.27018830766182e-05,1.67812601957529,0.000132834021039429,0.781030142627335,9451.29043509112,867.150304759122,866.968321894423,866.929242563845,2835.38713052734,387.84,320,320
1.087,0,0,0,0,0,0,0,0,0,0,0,0,0,0,0,0,0,0,0,0,0,Inf,Inf,Inf,0.045,0.045,0.035,0.04,0.630089558716653,0.541852474296418,2.36360573290782e-12,1.27018906751941e-05,1.67812565317039,0.000132834013150573,0.781030139752082,9451.2297481436,867.141932409413,866.95491441715,866.920871108005,2835.36892444308,387.84,320,320
1.088,0,0,0,0,0,0,0,0,0,0,0,0,0,0,0,0,0,0,0,0,0,Inf,Inf,Inf,0.045,0.045,0.035,0.04,0.63008797897348,0.541849173234721,2.36358409210072e-12,1.27018968914579e-05,1.6781258381387,0.000132834017930676,0.781030094033337,9451.1965304023,867.146546789364,866.954778993969,866.913755908907,2835.35895912069,387.84,320,320
1.089,0,0,0,0,0,0,0,0,0,0,0,0,0,0,0,0,0,0,0,0,0,Inf,Inf,Inf,0.045,0.045,0.035,0.04,0.630085590447296,0.541845545184022,2.36356282560216e-12,1.27020490924302e-05,1.67812596119433,0.000132834014704875,0.781030125849604,9451.17306709278,867.139181885191,866.95449962161,866.918084197127,2835.35192012783,387.84,320,320
1.09,0,0,0,0,0,0,0,0,0,0,0,0,0,0,0,0,0,0,0,0,0,Inf,Inf,Inf,0.045,0.045,0.035,0.04,0.630081471684423,0.541844375584037,2.36354580964145e-12,1.27020548865127e-05,1.67812571436505,0.000132834005885076,0.781030138166483,9451.10576618614,867.130981119294,866.941602408977,866.909883873423,2835.33172985584,387.84,320,320
1.091,0,0,0,0,0,0,0,0,0,0,0,0,0,0,0,0,0,0,0,0,0,Inf,Inf,Inf,0.045,0.045,0.035,0.04,0.630078657055036,0.541841705308458,2.36353528859503e-12,1.27020627651745e-05,1.67812560420096,0.000132834012474564,0.781030108327956,9451.06429987525,867.134557178354,866.941158336389,866.902405536383,2835.31928996258,387.84,320,320
1.092,0,0,0,0,0,0,0,0,0,0,0,0,0,0,0,0,0,0,0,0,0,Inf,Inf,Inf,0.045,0.045,0.035,0.04,0.630076917717608,0.541837611229985,2.36353106007917e-12,1.27020679766273e-05,1.67812583883837,0.000132834011981607,0.781030101110428,9451.04775003757,867.12800899681,866.941112533938,866.906951110383,2835.31432501127,387.84,320,320
1.093,0,0,0,0,0,0,0,0,0,0,0,0,0,0,0,0,0,0,0,0,0,Inf,Inf,Inf,0.045,0.045,0.035,0.04,0.630073480813362,0.541836459528962,2.36353059651816e-12,1.27020216086931e-05,1.67812571560121,0.000132834012031636,0.781030129350799,9450.9853159844,867.120172291362,866.928797204751,866.899114408154,2835.29559479532,387.84,320,320
1.094,0,0,0,0,0,0,0,0,0,0,0,0,0,0,0,0,0,0,0,0,0,Inf,Inf,Inf,0.045,0.045,0.035,0.04,0.630069578523803,0.541834397533419,2.36353003990372e-12,1.27020281054323e-05,1.67812534827049,0.000132834020491699,0.781030111294669,9450.93605893149,867.122864295351,866.92789732503,866.891461108817,2835.28081767945,387.84,320,320
1.095,0,0,0,0,0,0,0,0,0,0,0,0,0,0,0,0,0,0,0,0,0,Inf,Inf,Inf,0.045,0.045,0.035,0.04,0.630068407938989,0.541830865543676,2.36352567844882e-12,1.27020322766466e-05,1.6781256758042,0.000132834022533206,0.781030087716013,9450.91237629391,867.11721583611,866.927891917889,866.896157354738,2835.27371288817,387.84,320,320
1.096,0,0,0,0,0,0,0,0,0,0,0,0,0,0,0,0,0,0,0,0,0,Inf,Inf,Inf,0.045,0.045,0.035,0.04,0.630065651893017,0.541828543935499,2.36351533972953e-12,1.2701875790828e-05,1.67812567406435,0.000132834017273132,0.781030123841213,9450.87169925759,867.109912991066,866.927297431068,866.888854124214,2835.26150977728,387.84,320,320
1.097,0,0,0,0,0,0,0,0,0,0,0,0,0,0,0,0,0,0,0,0,0,Inf,Inf,Inf,0.045,0.045,0.035,0.04,0.630061358341422,0.54182704254377,2.36349917740101e-12,1.27018815598702e-05,1.67812533811509,0.000132834008422981,0.781030121232072,9450.8155197296,867.102276194717,866.915044260938,866.881218143892,2835.24465591888,387.84,320,320
1.098,0,0,0,0,0,0,0,0,0,0,0,0,0,0,0,0,0,0,0,0,0,Inf,Inf,Inf,0.045,0.045,0.035,0.04,0.630059761965785,0.541824098120477,2.3634795673922e-12,1.27018879965878e-05,1.67812545631585,0.000132834012590024,0.781030078795887,9450.78434660837,867.106422138305,866.914899236641,866.874683340429,2835.23530398251,387.84,320,320
1.099,0,0,0,0,0,0,0,0,0,0,0,0,0,0,0,0,0,0,0,0,0,Inf,Inf,Inf,0.045,0.045,0.035,0.04,0.630057656709096,0.541820659006709,2.363460170545e-12,1.27020435574973e-05,1.67812556751908,0.000132834009694232,0.781030100409157,9450.76550295994,867.099794323602,866.914681484122,866.878700038271,2835.22965088798,387.84,320,320
1.1,0,0,0,0,0,0,0,0,0,0,0,0,0,0,0,0,0,0,0,0,0,Inf,Inf,Inf,0.045,0.045,0.035,0.04,0.630053980091768,0.541819649265149,2.36344453134399e-12,1.27020510326426e-05,1.6781253429516,0.000132834000769074,0.781030112453388,9450.70362622903,867.09236327222,866.913065837894,866.871269382078,2835.21108786871,387.84,320,320
1.101,0,0,0,0,0,0,0,0,0,0,0,0,0,0,0,0,0,0,0,0,0,Inf,Inf,Inf,0.045,0.045,0.035,0.04,0.630051267056474,0.541817291816983,2.36343474942861e-12,1.27020561880224e-05,1.67812519107039,0.000132834006884713,0.781030083568929,9450.6650517772,867.09549104134,866.902560397037,866.864445931976,2835.19951553316,387.84,320,320
1.102,0,0,0,0,0,0,0,0,0,0,0,0,0,0,0,0,0,0,0,0,0,Inf,Inf,Inf,0.045,0.045,0.035,0.04,0.630049756178295,0.541813637376565,2.36343072200671e-12,1.27020610521137e-05,1.67812540129176,0.000132834006324801,0.781030081738129,9450.64926774439,867.089646027367,866.90253651139,866.868591592152,2835.19478032332,387.84,320,320
1.103,0,0,0,0,0,0,0,0,0,0,0,0,0,0,0,0,0,0,0,0,0,Inf,Inf,Inf,0.045,0.045,0.035,0.04,0.630046718668253,0.541812464187897,2.3634302298636e-12,1.2702016008333e-05,1.67812529009114,0.00013283400629054,0.78103010453882,9450.59515941214,867.082596391525,866.891470613397,866.861541965069,2835.17854782364,387.84,320,320
1.104,0,0,0,0,0,0,0,0,0,0,0,0,0,0,0,0,0,0,0,0,0,Inf,Inf,Inf,0.045,0.045,0.035,0.04,0.630043042495527,0.541810667849889,2.3634298163052e-12,1.27020207764621e-05,1.67812491139251,0.000132834013947732,0.781030088452428,9450.54970821651,867.084892184688,866.890599029161,866.85460779936,2835.16491246495,387.84,320,320
1.105,0,0,0,0,0,0,0,0,0,0,0,0,0,0,0,0,0,0,0,0,0,Inf,Inf,Inf,0.045,0.045,0.035,0.04,0.630042046620564,0.541807546073618,2.3634261112332e-12,1.27020249477313e-05,1.67812520222385,0.000132834015626206,0.781030060712646,9450.52742499705,867.079899748835,866.89059137027,866.858844764853,2835.15822749911,387.84,320,320
1.106,0,0,0,0,0,0,0,0,0,0,0,0,0,0,0,0,0,0,0,0,0,Inf,Inf,Inf,0.045,0.045,0.035,0.04,0.630039641146393,0.541805305308036,2.36341709298301e-12,1.27018680581787e-05,1.67812520066989,0.00013283401100364,0.781030093113514,9450.49346012844,867.073386001433,866.890115393727,866.852330672275,2835.14803803853,387.84,320,320
1.107,0,0,0,0,0,0,0,0,0,0,0,0,0,0,0,0,0,0,0,0,0,Inf,Inf,Inf,0.045,0.045,0.035,0.04,0.630035846891029,0.541804020619983,2.36340281549171e-12,1.27018751025873e-05,1.67812489763069,0.000132834001469092,0.781030090784013,9450.44205350002,867.066521912836,866.888059838991,866.845467316624,2835.13261605001,387.84,320,320
1.108,0,0,0,0,0,0,0,0,0,0,0,0,0,0,0,0,0,0,0,0,0,Inf,Inf,Inf,0.045,0.045,0.035,0.04,0.630034233224419,0.541801449335276,2.36338534020952e-12,1.27018808182233e-05,1.67812495428151,0.000132834004484808,0.781030052622961,9450.41306576237,867.070179038867,866.878912987346,866.839544780939,2835.12391972871,387.84,320,320
1.109,0,0,0,0,0,0,0,0,0,0,0,0,0,0,0,0,0,0,0,0,0,Inf,Inf,Inf,0.045,0.045,0.035,0.04,0.630032424463784,0.541798207626079,2.36336791698033e-12,1.27020369245535e-05,1.67812505304585,0.000132834002129691,0.781030066090864,9450.39910196791,867.06432576,866.878759048694,866.843235085418,2835.11973059037,387.84,320,320
1.11,0,0,0,0,0,0,0,0,0,0,0,0,0,0,0,0,0,0,0,0,0,Inf,Inf,Inf,0.045,0.045,0.035,0.04,0.630029212607454,0.541797364913312,2.36335373906951e-12,1.27020403427787e-05,1.67812485192702,0.000132833993901124,0.781030077161572,9450.34298551787,867.057706783391,866.877410655239,866.836616458721,2835.10289565536,387.84,320,320
1.111,0,0,0,0,0,0,0,0,0,0,0,0,0,0,0,0,0,0,0,0,0,Inf,Inf,Inf,0.045,0.045,0.035,0.04,0.63002660915727,0.541795335805468,2.36334474955968e-12,1.27020468317927e-05,1.67812466538262,0.000132833998471027,0.781030051234755,9450.30751430403,867.0603563023,866.867929415718,866.830487259452,2835.09225429121,387.84,320,320
1.112,0,0,0,0,0,0,0,0,0,0,0,0,0,0,0,0,0,0,0,0,0,Inf,Inf,Inf,0.045,0.045,0.035,0.04,0.630025336864462,0.541792144434653,2.36334094538353e-12,1.27020506536271e-05,1.67812485037369,0.000132833997849923,0.781030047436283,9450.29258371202,867.055251931754,866.867927901338,866.834201163574,2835.08777511361,387.84,320,320
1.113,0,0,0,0,0,0,0,0,0,0,0,0,0,0,0,0,0,0,0,0,0,Inf,Inf,Inf,0.045,0.045,0.035,0.04,0.630022718152986,0.541790952663305,2.36334042744607e-12,1.2702009127342e-05,1.67812475165254,0.000132833998077176,0.781030065641473,9450.24719239383,867.049034347083,866.858191925032,866.827983591764,2835.07415771815,387.84,320,320
1.114,0,0,0,0,0,0,0,0,0,0,0,0,0,0,0,0,0,0,0,0,0,Inf,Inf,Inf,0.045,0.045,0.035,0.04,0.630019294328646,0.541789433377784,2.36334015907322e-12,1.27020122862189e-05,1.67812439413193,0.000132834004505384,0.78103005072117,9450.20584342391,867.042863024161,866.857354400491,866.821813254653,2835.06175302717,387.84,320,320
1.115,0,0,0,0,0,0,0,0,0,0,0,0,0,0,0,0,0,0,0,0,0,Inf,Inf,Inf,0.045,0.045,0.035,0.04,0.630018478481449,0.541786741085518,2.36333713035757e-12,1.27020185442922e-05,1.67812461653162,0.000132834006124744,0.781030022819723,9450.18511673183,867.0466062685,866.857344577933,866.825554980533,2835.05553501955,387.84,320,320
1.116,0,0,0,0,0,0,0,0,0,0,0,0,0,0,0,0,0,0,0,0,0,Inf,Inf,Inf,0.045,0.045,0.035,0.04,0.630016436631502,0.541784601273928,2.36332948180311e-12,1.27018638714866e-05,1.6781246151678,0.000132834001891382,0.781030051440503,9450.15795853636,867.040921603895,866.856988733962,866.81987001425,2835.04738756091,387.84,320,320
1.117,0,0,0,0,0,0,0,0,0,0,0,0,0,0,0,0,0,0,0,0,0,Inf,Inf,Inf,0.045,0.045,0.035,0.04,0.630013162496232,0.541783539148533,2.36331716786955e-12,1.27018689194387e-05,1.67812434612648,0.000132833993430893,0.781030049433001,9450.11166583232,867.03487269144,866.855289285973,866.813821749113,2835.0334997497,387.84,320,320
1.118,0,0,0,0,0,0,0,0,0,0,0,0,0,0,0,0,0,0,0,0,0,Inf,Inf,Inf,0.045,0.045,0.035,0.04,0.630011551528847,0.541781353559763,2.36330192475409e-12,1.2701874301255e-05,1.6781243361107,0.00013283399471705,0.78103001642174,9450.08506987788,867.038020224167,866.84705975966,866.80854891959,2835.02552096336,387.84,320,320
1.119,0,0,0,0,0,0,0,0,0,0,0,0,0,0,0,0,0,0,0,0,0,Inf,Inf,Inf,0.045,0.045,0.035,0.04,0.630010046192326,0.541778338839657,2.36328657371448e-12,1.2701878187394e-05,1.67812442191333,0.000132833992478563,0.781030024090997,9450.07587776635,867.032971012078,866.846968792522,866.811884130874,2835.0227633299,387.84,320,320
1.12,0,0,0,0,0,0,0,0,0,0,0,0,0,0,0,0,0,0,0,0,0,Inf,Inf,Inf,0.045,0.045,0.035,0.04,0.630007312914597,0.541777665119684,2.36327393899219e-12,1.27020376548042e-05,1.67812424536703,0.000132833985522953,0.781030033175368,9450.0258489827,867.02719820773,866.845890794475,866.806111634748,2835.00775469481,387.84,320,320
1.121,0,0,0,0,0,0,0,0,0,0,0,0,0,0,0,0,0,0,0,0,0,Inf,Inf,Inf,0.045,0.045,0.035,0.04,0.630004842587716,0.541775971555768,2.36326579559615e-12,1.27020421153762e-05,1.67812402026974,0.000132833987638845,0.781030010719893,9449.99369202494,867.029367879425,866.837486384791,866.800708781887,2834.99810760748,387.84,320,320
1.122,0,0,0,0,0,0,0,0,0,0,0,0,0,0,0,0,0,0,0,0,0,Inf,Inf,Inf,0.045,0.045,0.035,0.04,0.630003812682864,0.54177325609575,2.36326223897674e-12,1.27020459372543e-05,1.6781241786472,0.000132833987298855,0.781029998758651,9449.97970983918,867.025024692254,866.837506590641,866.803977758666,2834.99391295175,387.84,320,320
1.123,0,0,0,0,0,0,0,0,0,0,0,0,0,0,0,0,0,0,0,0,0,Inf,Inf,Inf,0.045,0.045,0.035,0.04,0.630001622752102,0.541772059020688,2.36326169937143e-12,1.27019988064413e-05,1.67812409311834,0.000132833988012138,0.781030014397235,9449.94312604837,867.019665596194,866.829132083144,866.798618672703,2834.98293781451,387.84,320,320
1.124,0,0,0,0,0,0,0,0,0,0,0,0,0,0,0,0,0,0,0,0,0,Inf,Inf,Inf,0.045,0.045,0.035,0.04,0.629998467917095,0.541770822091712,2.36326157600406e-12,1.27020039177951e-05,1.6781237794577,0.000132833993496337,0.781030000933006,9449.90607310356,867.01428509765,866.828333292903,866.793239031113,2834.97182193107,387.84,320,320
1.125,0,0,0,0,0,0,0,0,0,0,0,0,0,0,0,0,0,0,0,0,0,Inf,Inf,Inf,0.045,0.045,0.035,0.04,0.629997835395837,0.541768570228398,2.36325923557851e-12,1.27020069722441e-05,1.67812391206136,0.000132833994954357,0.781029974825103,9449.8869972495,867.01752690007,866.828321371426,866.79647946881,2834.96609917485,387.84,320,320
1.126,0,0,0,0,0,0,0,0,0,0,0,0,0,0,0,0,0,0,0,0,0,Inf,Inf,Inf,0.045,0.045,0.035,0.04,0.629996166591799,0.541766538007116,2.36325299160457e-12,1.2701855745533e-05,1.67812391089691,0.000132833991256158,0.781029999129656,9449.8668221373,867.012695948773,866.828087331206,866.791648260124,2834.96004664119,387.84,320,320
1.127,0,0,0,0,0,0,0,0,0,0,0,0,0,0,0,0,0,0,0,0,0,Inf,Inf,Inf,0.045,0.045,0.035,0.04,0.629993428462188,0.54176570388869,2.36324270049805e-12,1.27018599054274e-05,1.67812367787015,0.000132833983979598,0.781029997461746,9449.8258467938,867.007489231122,866.826752701144,866.786442100189,2834.94775403814,387.84,320,320
1.128,0,0,0,0,0,0,0,0,0,0,0,0,0,0,0,0,0,0,0,0,0,Inf,Inf,Inf,0.045,0.045,0.035,0.04,0.629991820249383,0.541763915487804,2.36322976507892e-12,1.27018618485148e-05,1.67812360698717,0.000132833982346833,0.781029969587174,9449.80175535461,867.010113237454,866.819467713481,866.781842792107,2834.94052660638,387.84,320,320
1.129,0,0,0,0,0,0,0,0,0,0,0,0,0,0,0,0,0,0,0,0,0,Inf,Inf,Inf,0.045,0.045,0.035,0.04,0.629990627517545,0.541761278497931,2.36321656378549e-12,1.27018650135563e-05,1.67812367935877,0.000132833980451397,0.781029970688283,9449.79300580544,867.005895079279,866.819441017962,866.784812157122,2834.93790174163,387.84,320,320
1.13,0,0,0,0,0,0,0,0,0,0,0,0,0,0,0,0,0,0,0,0,0,Inf,Inf,Inf,0.045,0.045,0.035,0.04,0.629988389074387,0.541760634218104,2.36320553710541e-12,1.27020335211218e-05,1.67812352837133,0.000132833974232235,0.781029977667356,9449.75383862782,867.000999775067,866.818641190793,866.779917118084,2834.92615158834,387.84,320,320
1.131,0,0,0,0,0,0,0,0,0,0,0,0,0,0,0,0,0,0,0,0,0,Inf,Inf,Inf,0.045,0.045,0.035,0.04,0.629986058763729,0.541759287180365,2.36319828232013e-12,1.27020372868253e-05,1.67812327133228,0.000132833975572431,0.781029957258572,9449.72516509959,867.002666764457,866.811359379388,866.775270461558,2834.91754952988,387.84,320,320
1.132,0,0,0,0,0,0,0,0,0,0,0,0,0,0,0,0,0,0,0,0,0,Inf,Inf,Inf,0.045,0.045,0.035,0.04,0.629985278085332,0.541757064662083,2.36319499227593e-12,1.27020404138459e-05,1.67812340272282,0.000132833975286,0.781029941362546,9449.71220696401,866.999111999053,866.811401454564,866.778069054685,2834.9136620892,387.84,320,320
1.133,0,0,0,0,0,0,0,0,0,0,0,0,0,0,0,0,0,0,0,0,0,Inf,Inf,Inf,0.045,0.045,0.035,0.04,0.629983530572305,0.541755865557664,2.36319443408429e-12,1.27019960589471e-05,1.67812333061111,0.000132833976672464,0.781029954551387,9449.68469910081,866.994644813577,866.804449833496,866.773601877384,2834.90540973024,387.84,320,320
1.134,0,0,0,0,0,0,0,0,0,0,0,0,0,0,0,0,0,0,0,0,0,Inf,Inf,Inf,0.045,0.045,0.035,0.04,0.629980894084723,0.541754918618571,2.3631944559745e-12,1.27019993670528e-05,1.67812306173923,0.000132833981128758,0.781029944116499,9449.65217966102,866.990089134498,866.803694969821,866.769046928125,2834.8956538983,387.84,320,320
1.135,0,0,0,0,0,0,0,0,0,0,0,0,0,0,0,0,0,0,0,0,0,Inf,Inf,Inf,0.045,0.045,0.035,0.04,0.629980220892506,0.541753120610843,2.36319281491154e-12,1.27020006480987e-05,1.67812310536592,0.000132833982236478,0.781029915819991,9449.63488791845,866.992801033969,866.803681062123,866.771757607849,2834.89046637554,387.84,320,320
1.136,0,0,0,0,0,0,0,0,0,0,0,0,0,0,0,0,0,0,0,0,0,Inf,Inf,Inf,0.045,0.045,0.035,0.04,0.629978933361581,0.541751214110727,2.36318800657886e-12,1.27018445081397e-05,1.67812310440295,0.000132833979062422,0.781029935608163,9449.62170637105,866.988852454302,866.80356895135,866.767808817869,2834.88651191132,387.84,320,320
1.137,0,0,0,0,0,0,0,0,0,0,0,0,0,0,0,0,0,0,0,0,0,Inf,Inf,Inf,0.045,0.045,0.035,0.04,0.629976745120684,0.541750611007941,2.36317979082957e-12,1.27018481138414e-05,1.67812290806708,0.000132833972678567,0.781029934247087,9449.58631613467,866.984519186101,866.802603953277,866.763476014524,2834.8758948404,387.84,320,320
1.138,0,0,0,0,0,0,0,0,0,0,0,0,0,0,0,0,0,0,0,0,0,Inf,Inf,Inf,0.045,0.045,0.035,0.04,0.629975158712354,0.541749227350245,2.36316923060247e-12,1.27018506111451e-05,1.67812277237208,0.000132833968292134,0.781029911106763,9449.5648995676,866.986605697792,866.796318178922,866.759578619779,2834.86946987028,387.84,320,320
1.139,0,0,0,0,0,0,0,0,0,0,0,0,0,0,0,0,0,0,0,0,0,Inf,Inf,Inf,0.045,0.045,0.035,0.04,0.629974281705838,0.541747121788212,2.36315824962619e-12,1.27018521669941e-05,1.67812283093042,0.00013283396670163,0.781029903792948,9449.55666557393,866.983237613936,866.796354210667,866.762158783756,2834.86699967218,387.84,320,320
1.14,0,0,0,0,0,0,0,0,0,0,0,0,0,0,0,0,0,0,0,0,0,Inf,Inf,Inf,0.045,0.045,0.035,0.04,0.629972545820124,0.541746378824547,2.36314889179941e-12,1.27020242321347e-05,1.67812270626828,0.000132833961653816,0.781029909304951,9449.52837420685,866.979242775472,866.795832430454,866.758164162175,2834.85851226205,387.84,320,320
1.141,0,0,0,0,0,0,0,0,0,0,0,0,0,0,0,0,0,0,0,0,0,Inf,Inf,Inf,0.045,0.045,0.035,0.04,0.629970376472856,0.541745381344792,2.36314256751428e-12,1.27020276504039e-05,1.67812242231884,0.000132833961296351,0.781029890568035,9449.50334875561,866.975373959882,866.789711434011,866.754296178016,2834.85100462668,387.84,320,320
1.142,0,0,0,0,0,0,0,0,0,0,0,0,0,0,0,0,0,0,0,0,0,Inf,Inf,Inf,0.045,0.045,0.035,0.04,0.629969845861702,0.541743658605609,2.36313956464407e-12,1.27020314161238e-05,1.67812251744203,0.000132833960837534,0.781029877190654,9449.49149532383,866.977655485962,866.789774494251,866.756616644692,2834.84744859715,387.84,320,320
1.143,0,0,0,0,0,0,0,0,0,0,0,0,0,0,0,0,0,0,0,0,0,Inf,Inf,Inf,0.045,0.045,0.035,0.04,0.629968545391923,0.541742470331039,2.36313899213402e-12,1.27019879017769e-05,1.67812245928659,0.000132833962606702,0.781029886487445,9449.47304928985,866.974095729954,866.784260632201,866.753056897222,2834.84191478695,387.84,320,320
1.144,0,0,0,0,0,0,0,0,0,0,0,0,0,0,0,0,0,0,0,0,0,Inf,Inf,Inf,0.045,0.045,0.035,0.04,0.629966502854471,0.541741815166765,2.36313915735862e-12,1.27019894663132e-05,1.67812223741956,0.000132833966037401,0.781029879885106,9449.4452013324,866.970381645064,866.783553808834,866.749343413813,2834.83356039972,387.84,320,320
1.145,0,0,0,0,0,0,0,0,0,0,0,0,0,0,0,0,0,0,0,0,0,Inf,Inf,Inf,0.045,0.045,0.035,0.04,0.629965727459559,0.541740476386714,2.36313821893477e-12,1.2701992505867e-05,1.67812219165544,0.000132833966865426,0.781029851925476,9449.42976662768,866.972563386581,866.783538005852,866.746169837882,2834.8289299883,387.84,320,320
1.146,0,0,0,0,0,0,0,0,0,0,0,0,0,0,0,0,0,0,0,0,0,Inf,Inf,Inf,0.045,0.045,0.035,0.04,0.629964825851815,0.541738701045932,2.36313486316328e-12,1.27018364291316e-05,1.67812219090051,0.000132833964547983,0.781029861241997,9449.42366289374,866.969510913413,866.783547932939,866.748471437417,2834.82709886812,387.84,320,320
1.147,0,0,0,0,0,0,0,0,0,0,0,0,0,0,0,0,0,0,0,0,0,Inf,Inf,Inf,0.045,0.045,0.035,0.04,0.629963196465707,0.541738331438747,2.36312875592636e-12,1.2701839867897e-05,1.67812203273124,0.000132833959166741,0.781029860151668,9449.39399346599,866.96606730639,866.782956534934,866.745028198459,2834.8181980398,387.84,320,320
1.148,0,0,0,0,0,0,0,0,0,0,0,0,0,0,0,0,0,0,0,0,0,Inf,Inf,Inf,0.045,0.045,0.035,0.04,0.629961632314685,0.541737358815661,2.36312061643577e-12,1.27018416440705e-05,1.67812183831527,0.00013283395309475,0.781029841868421,9449.37533289492,866.967609113959,866.77768561975,866.741847862519,2834.81259986847,387.84,320,320
1.149,0,0,0,0,0,0,0,0,0,0,0,0,0,0,0,0,0,0,0,0,0,Inf,Inf,Inf,0.045,0.045,0.035,0.04,0.629961076059271,0.541735794711932,2.36311190524629e-12,1.27018437541357e-05,1.67812188280332,0.000132833952066977,0.781029826896337,9449.36764349576,866.965107149171,866.777784803318,866.744032515022,2834.81029304873,387.84,320,320
1.15,0,0,0,0,0,0,0,0,0,0,0,0,0,0,0,0,0,0,0,0,0,Inf,Inf,Inf,0.045,0.045,0.035,0.04,0.629959852391743,0.541734949305464,2.3631042599918e-12,1.27020144833747e-05,1.67812178501572,0.000132833947801658,0.781029831143204,9449.35048747263,866.96203248386,866.777545100521,866.740958016104,2834.80514624179,387.84,320,320
1.151,0,0,0,0,0,0,0,0,0,0,0,0,0,0,0,0,0,0,0,0,0,Inf,Inf,Inf,0.045,0.045,0.035,0.04,0.629958042181057,0.541734307711087,2.3630988969226e-12,1.2702015525729e-05,1.67812155500197,0.000132833944578689,0.781029816270467,9449.32923309131,866.958962284762,866.772615749788,866.737888476535,2834.79876992739,387.84,320,320
1.152,0,0,0,0,0,0,0,0,0,0,0,0,0,0,0,0,0,0,0,0,0,Inf,Inf,Inf,0.045,0.045,0.035,0.04,0.629957572382155,0.541733095152683,2.36309619662671e-12,1.27020169155355e-05,1.67812154009168,0.000132833944403708,0.781029801809598,9449.31854609943,866.960746729643,866.772699652703,866.739712101901,2834.79556382983,387.84,320,320
1.153,0,0,0,0,0,0,0,0,0,0,0,0,0,0,0,0,0,0,0,0,0,Inf,Inf,Inf,0.045,0.045,0.035,0.04,0.629956726664028,0.541731921130594,2.36309561307649e-12,1.27019818612692e-05,1.67812149601214,0.000132833946622973,0.781029807267531,9449.30930588267,866.958115786138,866.768665170054,866.737081167962,2834.7927917648,387.84,320,320
1.154,0,0,0,0,0,0,0,0,0,0,0,0,0,0,0,0,0,0,0,0,0,Inf,Inf,Inf,0.045,0.045,0.035,0.04,0.629955289917676,0.541731561536439,2.36309592004874e-12,1.2701983351212e-05,1.67812132164291,0.000132833949136191,0.781029803403275,9449.28630404985,866.955266075254,866.768010900468,866.734231923089,2834.78589121495,387.84,320,320
1.155,0,0,0,0,0,0,0,0,0,0,0,0,0,0,0,0,0,0,0,0,0,Inf,Inf,Inf,0.045,0.045,0.035,0.04,0.629954419213757,0.541730689393174,2.36309568633931e-12,1.27019882238747e-05,1.67812118805199,0.000132833949849187,0.781029780213268,9449.27283358197,866.956896920792,866.767993336588,866.731705160801,2834.78185007459,387.84,320,320
1.156,0,0,0,0,0,0,0,0,0,0,0,0,0,0,0,0,0,0,0,0,0,Inf,Inf,Inf,0.045,0.045,0.035,0.04,0.629953906813713,0.541729352056922,2.36309379558832e-12,1.27019893557473e-05,1.6781211875049,0.000132833948020586,0.781029777449886,9449.26822519497,866.954757468631,866.768123937598,866.733722247481,2834.78046755849,387.84,320,320
1.157,0,0,0,0,0,0,0,0,0,0,0,0,0,0,0,0,0,0,0,0,0,Inf,Inf,Inf,0.045,0.045,0.035,0.04,0.629952842999192,0.54172892509993,2.36308982236021e-12,1.27018307873161e-05,1.67812106768352,0.00013283394400637,0.781029776640366,9449.24997516044,866.952223078713,866.767906316656,866.731188128024,2834.77499254813,387.84,320,320
1.158,0,0,0,0,0,0,0,0,0,0,0,0,0,0,0,0,0,0,0,0,0,Inf,Inf,Inf,0.045,0.045,0.035,0.04,0.629951328913637,0.541728365927907,2.36308413999783e-12,1.27018325634981e-05,1.67812084373795,0.000132833938820028,0.781029763729853,9449.23420220108,866.949778015799,866.76701162435,866.728743743229,2834.77026066032,387.84,320,320
1.159,0,0,0,0,0,0,0,0,0,0,0,0,0,0,0,0,0,0,0,0,0,Inf,Inf,Inf,0.045,0.045,0.035,0.04,0.62995108276331,0.541727348374196,2.36307773989893e-12,1.27018336185377e-05,1.67812084186605,0.000132833935060579,0.781029743664337,9449.22712134731,866.951585508825,866.763850780953,866.730515143598,2834.76813640419,387.84,320,320
1.16,0,0,0,0,0,0,0,0,0,0,0,0,0,0,0,0,0,0,0,0,0,Inf,Inf,Inf,0.045,0.045,0.035,0.04,0.629950372758108,0.541726414738491,2.36307184581656e-12,1.27020032886435e-05,1.67812077136332,0.000132833931868682,0.781029746080136,9449.22098717264,866.949442393926,866.76388972551,866.728372147121,2834.76629615179,387.84,320,320
1.161,0,0,0,0,0,0,0,0,0,0,0,0,0,0,0,0,0,0,0,0,0,Inf,Inf,Inf,0.045,0.045,0.035,0.04,0.629949197524451,0.541726127790355,2.36306747324339e-12,1.27020056645695e-05,1.67812059645327,0.000132833928060726,0.781029737301811,9449.20361900218,866.947183215938,866.760982195523,866.726113458419,2834.76108570065,387.84,320,320
1.162,0,0,0,0,0,0,0,0,0,0,0,0,0,0,0,0,0,0,0,0,0,Inf,Inf,Inf,0.045,0.045,0.035,0.04,0.629948528632083,0.541725426063445,2.36306509200812e-12,1.2702006706929e-05,1.67812046730373,0.000132833928135077,0.781029716436475,9449.19416320429,866.948468627477,866.759038746041,866.724169383415,2834.75824896129,387.84,320,320
1.163,0,0,0,0,0,0,0,0,0,0,0,0,0,0,0,0,0,0,0,0,0,Inf,Inf,Inf,0.045,0.045,0.035,0.04,0.629948136807959,0.541724364825057,2.36306450173649e-12,1.27020043872498e-05,1.67812043764779,0.000132833929485953,0.781029715704726,9449.19179398598,866.946770699524,866.757721124305,866.725740355635,2834.75753819579,387.84,320,320
1.164,0,0,0,0,0,0,0,0,0,0,0,0,0,0,0,0,0,0,0,0,0,Inf,Inf,Inf,0.045,0.045,0.035,0.04,0.629947307126583,0.541724212732279,2.36306494684335e-12,1.27019796809881e-05,1.67812031211375,0.000132833931023351,0.781029713169001,9449.17593177614,866.944791596491,866.757122855265,866.723761575467,2834.75277953284,387.84,320,320
1.165,0,0,0,0,0,0,0,0,0,0,0,0,0,0,0,0,0,0,0,0,0,Inf,Inf,Inf,0.045,0.045,0.035,0.04,0.629946347642744,0.541723806895757,2.36306541246164e-12,1.27019813201317e-05,1.67812010446035,0.000132833931299357,0.781029696186185,9449.16447482002,866.942917478075,866.757103644119,866.721888095363,2834.74934244601,387.84,320,320
1.166,0,0,0,0,0,0,0,0,0,0,0,0,0,0,0,0,0,0,0,0,0,Inf,Inf,Inf,0.045,0.045,0.035,0.04,0.6299462242636,0.541723041850516,2.36306498544625e-12,1.27019827951615e-05,1.67812009115166,0.000132833930081092,0.781029685389342,9449.16005373793,866.944653418128,866.75735349713,866.723622504981,2834.74801612138,387.84,320,320
1.167,0,0,0,0,0,0,0,0,0,0,0,0,0,0,0,0,0,0,0,0,0,Inf,Inf,Inf,0.045,0.045,0.035,0.04,0.629945727920506,0.541722426724038,2.36306315272064e-12,1.27018192628158e-05,1.67812001064802,0.00013283392743709,0.78102968489529,9449.15458803484,866.943033262176,866.75750887082,866.722002521089,2834.74637641045,387.84,320,320
1.168,0,0,0,0,0,0,0,0,0,0,0,0,0,0,0,0,0,0,0,0,0,Inf,Inf,Inf,0.045,0.045,0.035,0.04,0.629944867722618,0.541722282030839,2.36305994223759e-12,1.27018185416716e-05,1.67811984714802,0.000132833923262797,0.781029677324772,9449.14174958403,866.941330452151,866.757277349947,866.720300184126,2834.74252487521,387.84,320,320
1.169,0,0,0,0,0,0,0,0,0,0,0,0,0,0,0,0,0,0,0,0,0,Inf,Inf,Inf,0.045,0.045,0.035,0.04,0.629944329299732,0.541721814087681,2.36305587368441e-12,1.2701820872054e-05,1.67811971544402,0.000132833919063764,0.781029662309255,9449.13529989788,866.942722837339,866.756528632148,866.718850778482,2834.74058996936,387.84,320,320
1.17,0,0,0,0,0,0,0,0,0,0,0,0,0,0,0,0,0,0,0,0,0,Inf,Inf,Inf,0.045,0.045,0.035,0.04,0.629944135951631,0.541721061791107,2.36305175249129e-12,1.27018190425208e-05,1.67811967253476,0.000132833915169745,0.781029653019278,9449.13466541543,866.941519077131,866.755324953604,866.720453106963,2834.74039962463,387.84,320,320
1.171,0,0,0,0,0,0,0,0,0,0,0,0,0,0,0,0,0,0,0,0,0,Inf,Inf,Inf,0.045,0.045,0.035,0.04,0.629943601072763,0.541720859556302,2.36304838868977e-12,1.2701993023819e-05,1.67811955358934,0.000132833912306116,0.781029649799723,9449.12688854953,866.940080298787,866.753886708392,866.719014644299,2834.73806656486,387.84,320,320
1.172,0,0,0,0,0,0,0,0,0,0,0,0,0,0,0,0,0,0,0,0,0,Inf,Inf,Inf,0.045,0.045,0.035,0.04,0.629942784950006,0.541720672368691,2.36304633791964e-12,1.27019950522922e-05,1.67811936676313,0.000132833910979635,0.781029633543251,9449.11871027101,866.938703006555,866.752510438161,866.717637921974,2834.7356130813,387.84,320,320
1.173,0,0,0,0,0,0,0,0,0,0,0,0,0,0,0,0,0,0,0,0,0,Inf,Inf,Inf,0.045,0.045,0.035,0.04,0.629942795324526,0.54172020000814,2.36304574429925e-12,1.27019957472007e-05,1.67811930115667,0.000132833910803881,0.781029615072836,9449.11631257673,866.940099086273,866.751469677815,866.719073061862,2834.73489377302,387.84,320,320
1.174,0,0,0,0,0,0,0,0,0,0,0,0,0,0,0,0,0,0,0,0,0,Inf,Inf,Inf,0.045,0.045,0.035,0.04,0.629942576605167,0.541719782631669,2.36304632420073e-12,1.27019596641234e-05,1.67811922415868,0.000132833911107367,0.781029613962003,9449.11461981975,866.939001902458,866.750931148821,866.717976057511,2834.73438594592,387.84,320,320
1.175,0,0,0,0,0,0,0,0,0,0,0,0,0,0,0,0,0,0,0,0,0,Inf,Inf,Inf,0.045,0.045,0.035,0.04,0.629942059775331,0.541719844463961,2.36304748235158e-12,1.27019615568978e-05,1.67811907766888,0.000132833911010563,0.781029607885415,9449.10525581641,866.937792970606,866.750910443017,866.716767542217,2834.73157674492,387.84,320,320
1.176,0,0,0,0,0,0,0,0,0,0,0,0,0,0,0,0,0,0,0,0,0,Inf,Inf,Inf,0.045,0.045,0.035,0.04,0.62994180028802,0.541719654863009,2.36304851295541e-12,1.27019579802203e-05,1.67811891949518,0.000132833910635438,0.781029589850845,9449.10105885154,866.939226230292,866.751276739474,866.715714616285,2834.73031765546,387.84,320,320
1.177,0,0,0,0,0,0,0,0,0,0,0,0,0,0,0,0,0,0,0,0,0,Inf,Inf,Inf,0.045,0.045,0.035,0.04,0.629941870922786,0.541719218534255,2.36304881903411e-12,1.27019579056234e-05,1.67811887806386,0.00013283390888151,0.781029584940884,9449.10201384718,866.938527978423,866.751800686985,866.717501486741,2834.73060415415,387.84,320,320
1.178,0,0,0,0,0,0,0,0,0,0,0,0,0,0,0,0,0,0,0,0,0,Inf,Inf,Inf,0.045,0.045,0.035,0.04,0.629941665867034,0.541719126173891,2.36304808535819e-12,1.27018020758731e-05,1.6781187747108,0.000132833905943978,0.781029581946097,9449.09848082216,866.937576603941,866.75222797156,866.716550377555,2834.72954424665,387.84,320,320
1.179,0,0,0,0,0,0,0,0,0,0,0,0,0,0,0,0,0,0,0,0,0,Inf,Inf,Inf,0.045,0.045,0.035,0.04,0.629941198998868,0.541719206083734,2.36304635988651e-12,1.27018006335841e-05,1.67811860769881,0.000132833902319756,0.781029574131505,9449.09271632853,866.936600564282,866.752355821055,866.715574829117,2834.72781489856,387.84,320,320
1.18,0,0,0,0,0,0,0,0,0,0,0,0,0,0,0,0,0,0,0,0,0,Inf,Inf,Inf,0.045,0.045,0.035,0.04,0.629941164375409,0.541719040625429,2.36304402742665e-12,1.27018006335841e-05,1.67811849640091,0.000132833898564935,0.781029557915201,9449.09203465849,866.938277197847,866.752091083685,866.714819604415,2834.72761039755,387.84,320,320
1.181,0,0,0,0,0,0,0,0,0,0,0,0,0,0,0,0,0,0,0,0,0,Inf,Inf,Inf,0.045,0.045,0.035,0.04,0.629941265975698,0.54171865561882,2.36304168858721e-12,1.27017993582454e-05,1.67811843373591,0.000132833894783925,0.781029549605684,9449.09606322512,866.937660948104,866.751475072588,866.716599413671,2834.72881896754,387.84,320,320
1.182,0,0,0,0,0,0,0,0,0,0,0,0,0,0,0,0,0,0,0,0,0,Inf,Inf,Inf,0.045,0.045,0.035,0.04,0.629941092589635,0.541718848520223,2.3630399803402e-12,1.27019893705801e-05,1.67811830733727,0.000132833891944139,0.781029538026067,9449.09236589566,866.936855040106,866.750669772878,866.715793836724,2834.7277097687,387.84,320,320
1.183,0,0,0,0,0,0,0,0,0,0,0,0,0,0,0,0,0,0,0,0,0,Inf,Inf,Inf,0.045,0.045,0.035,0.04,0.629940722642944,0.541718960519491,2.36303938764349e-12,1.27019873421069e-05,1.67811812017857,0.000132833890092998,0.781029519122826,9449.08995683895,866.936094143852,866.749909902741,866.715033495521,2834.72698705168,387.84,320,320
1.184,0,0,0,0,0,0,0,0,0,0,0,0,0,0,0,0,0,0,0,0,0,Inf,Inf,Inf,0.045,0.045,0.035,0.04,0.629941108766542,0.541718823228134,2.36304009713393e-12,1.27019890231256e-05,1.67811805737293,0.000132833889250153,0.781029511273539,9449.09271613568,866.937888033948,866.749433804947,866.714556766916,2834.7278148407,387.84,320,320
1.185,0,0,0,0,0,0,0,0,0,0,0,0,0,0,0,0,0,0,0,0,0,Inf,Inf,Inf,0.045,0.045,0.035,0.04,0.629941245665312,0.541718812029499,2.36304193397848e-12,1.27019447457189e-05,1.67811797380041,0.000132833888978895,0.781029515840547,9449.09496208311,866.937342711998,866.74941173698,866.716321245528,2834.72848862493,387.84,320,320
1.186,0,0,0,0,0,0,0,0,0,0,0,0,0,0,0,0,0,0,0,0,0,Inf,Inf,Inf,0.045,0.045,0.035,0.04,0.629941095637656,0.541719192418218,2.36304440293716e-12,1.27019430170575e-05,1.67811782201012,0.000132833889167208,0.78102950907964,9449.09100494253,866.936664163908,866.749891590418,866.715643107853,2834.72730148276,387.84,320,320
1.187,0,0,0,0,0,0,0,0,0,0,0,0,0,0,0,0,0,0,0,0,0,Inf,Inf,Inf,0.045,0.045,0.035,0.04,0.629941273970399,0.541719328277283,2.36304682779461e-12,1.27019429722994e-05,1.67811766903593,0.000132833888666098,0.781029487253018,9449.09209269282,866.938695491343,866.750778684562,866.715088954414,2834.72762780784,387.84,320,320
1.188,0,0,0,0,0,0,0,0,0,0,0,0,0,0,0,0,0,0,0,0,0,Inf,Inf,Inf,0.045,0.045,0.035,0.04,0.62994172000062,0.541719201458117,2.36304855487318e-12,1.27019427634284e-05,1.67811762690114,0.000132833887028682,0.781029477833631,9449.09859682634,866.93849246589,866.75185810527,866.717470277438,2834.7295790479,387.84,320,320
1.189,0,0,0,0,0,0,0,0,0,0,0,0,0,0,0,0,0,0,0,0,0,Inf,Inf,Inf,0.045,0.045,0.035,0.04,0.629941869347951,0.541719518891228,2.36304916374062e-12,1.27017824982861e-05,1.6781175170231,0.000132833884239563,0.781029477328622,9449.09897942612,866.937990272711,866.752856339923,866.7169683379,2834.72969382784,387.84,320,320
1.19,0,0,0,0,0,0,0,0,0,0,0,0,0,0,0,0,0,0,0,0,0,Inf,Inf,Inf,0.045,0.045,0.035,0.04,0.629941714078012,0.541719937714863,2.36304861941081e-12,1.27017830524806e-05,1.67811733266619,0.000132833880467286,0.78102946967054,9449.09825329042,866.937431111663,866.753526453638,866.716409682948,2834.72947598713,387.84,320,320
1.191,0,0,0,0,0,0,0,0,0,0,0,0,0,0,0,0,0,0,0,0,0,Inf,Inf,Inf,0.045,0.045,0.035,0.04,0.629942181757742,0.541720065933036,2.36304731100816e-12,1.27017834397257e-05,1.67811724418948,0.000132833875945791,0.781029453420334,9449.10336504591,866.93990952255,866.753731600842,866.71608584504,2834.73100951377,387.84,320,320
1.192,0,0,0,0,0,0,0,0,0,0,0,0,0,0,0,0,0,0,0,0,0,Inf,Inf,Inf,0.045,0.045,0.035,0.04,0.62994265006094,0.541719939164087,2.36304595241473e-12,1.2701782885531e-05,1.67811717858472,0.000132833871505003,0.781029437643466,9449.11410140556,866.939676793821,866.753499065257,866.71861946684,2834.73423042167,387.84,320,320
1.193,0,0,0,0,0,0,0,0,0,0,0,0,0,0,0,0,0,0,0,0,0,Inf,Inf,Inf,0.045,0.045,0.035,0.04,0.629942766528002,0.541720633659846,2.36304536400911e-12,1.27019825339991e-05,1.6781170314609,0.000132833868134198,0.781029429052694,9449.11247730216,866.939200544863,866.753023471929,866.71814356586,2834.73374319065,387.84,320,320
1.194,0,0,0,0,0,0,0,0,0,0,0,0,0,0,0,0,0,0,0,0,0,Inf,Inf,Inf,0.045,0.045,0.035,0.04,0.629942885113588,0.541721044561551,2.36304619811651e-12,1.2701982186545e-05,1.67811682784159,0.000132833866315388,0.781029426348058,9449.11573795492,866.941434058053,866.752612701439,866.717732241733,2834.73472138648,387.84,320,320
1.195,0,0,0,0,0,0,0,0,0,0,0,0,0,0,0,0,0,0,0,0,0,Inf,Inf,Inf,0.045,0.045,0.035,0.04,0.629943673215058,0.541721120313423,2.36304869832328e-12,1.27019831726562e-05,1.67811680642511,0.000132833865976674,0.781029421042118,9449.12560978673,866.941555310909,866.752589438258,866.717708218716,2834.73768293602,387.84,320,320
1.196,0,0,0,0,0,0,0,0,0,0,0,0,0,0,0,0,0,0,0,0,0,Inf,Inf,Inf,0.045,0.045,0.035,0.04,0.629944100344971,0.541721635056168,2.36305258142354e-12,1.27019304240891e-05,1.67811670381135,0.00013283386662451,0.78102941216364,9449.12984185407,866.941256729438,866.753178674583,866.720239400033,2834.73895255622,387.84,320,320
1.197,0,0,0,0,0,0,0,0,0,0,0,0,0,0,0,0,0,0,0,0,0,Inf,Inf,Inf,0.045,0.045,0.035,0.04,0.629944132694427,0.541722340530298,2.36305709667165e-12,1.27019287551055e-05,1.67811650770203,0.000132833867519693,0.781029389272928,9449.13105215996,866.940828310278,866.754420052094,866.719811469321,2834.73931564799,387.84,320,320
1.198,0,0,0,0,0,0,0,0,0,0,0,0,0,0,0,0,0,0,0,0,0,Inf,Inf,Inf,0.045,0.045,0.035,0.04,0.629945006136097,0.541722680890632,2.3630612583724e-12,1.27019306180412e-05,1.67811641827784,0.000132833867176755,0.781029369523701,9449.13932237855,866.944051649998,866.75613920882,866.719627027048,2834.74179671356,387.84,320,320
1.199,0,0,0,0,0,0,0,0,0,0,0,0,0,0,0,0,0,0,0,0,0,Inf,Inf,Inf,0.045,0.045,0.035,0.04,0.629945766896964,0.54172273004821,2.36306418355591e-12,1.27017660789229e-05,1.67811636465842,0.000132833865365974,0.781029374457543,9449.1539871243,866.944026047109,866.757994249228,866.723007896912,2834.74619613729,387.84,320,320
1.2,0,0,0,0,0,0,0,0,0,0,0,0,0,0,0,0,0,0,0,0,0,Inf,Inf,Inf,0.045,0.045,0.035,0.04,0.629946080418124,0.541723725678546,2.36306542043838e-12,1.2701765745026e-05,1.67811620891661,0.000132833861529713,0.781029375892264,9449.1532234485,866.943667805335,866.759587253685,866.722649980866,2834.74596703455,387.84,320,320
1.201,0,0,0,0,0,0,0,0,0,0,0,0,0,0,0,0,0,0,0,0,0,Inf,Inf,Inf,0.045,0.045,0.035,0.04,0.629946320705531,0.541724362068574,2.36306514541662e-12,1.27017661322731e-05,1.67811599332141,0.000132833855992317,0.781029363474032,9449.15936569756,866.94677526134,866.760605474524,866.722351361099,2834.74780970927,387.84,320,320
1.202,0,0,0,0,0,0,0,0,0,0,0,0,0,0,0,0,0,0,0,0,0,Inf,Inf,Inf,0.045,0.045,0.035,0.04,0.629947420729166,0.541724572620273,2.36306414391662e-12,1.27017666864686e-05,1.67811598868556,0.00013283385213519,0.781029339610139,9449.17363321212,866.947112365452,866.759901075573,866.722524702096,2834.75208996364,387.84,320,320
1.203,0,0,0,0,0,0,0,0,0,0,0,0,0,0,0,0,0,0,0,0,0,Inf,Inf,Inf,0.045,0.045,0.035,0.04,0.629948059849061,0.541725187253127,2.36306356393852e-12,1.27019701944152e-05,1.67811588240084,0.000132833848830901,0.781029337868538,9449.18343613655,866.94692124636,866.761925800666,866.725867907748,2834.75503084096,387.84,320,320
1.204,0,0,0,0,0,0,0,0,0,0,0,0,0,0,0,0,0,0,0,0,0,Inf,Inf,Inf,0.045,0.045,0.035,0.04,0.629948203187669,0.541726136937799,2.36306451599773e-12,1.27019725140964e-05,1.67811566088078,0.000132833843903028,0.781029331487493,9449.18717230573,866.946576671382,866.763445291825,866.725523861844,2834.75615169172,387.84,320,320
1.205,0,0,0,0,0,0,0,0,0,0,0,0,0,0,0,0,0,0,0,0,0,Inf,Inf,Inf,0.045,0.045,0.035,0.04,0.629949301819562,0.541726623058222,2.36306765769628e-12,1.27019735002111e-05,1.67811557747707,0.000132833841967305,0.781029318884076,9449.19961356217,866.950351860783,866.760383641932,866.725498749991,2834.75988406865,387.84,320,320
1.206,0,0,0,0,0,0,0,0,0,0,0,0,0,0,0,0,0,0,0,0,0,Inf,Inf,Inf,0.045,0.045,0.035,0.04,0.629950296490232,0.54172694767893,2.36307291836553e-12,1.27019117818055e-05,1.67811552537056,0.000132833843103491,0.781029303635396,9449.21674184701,866.950429272678,866.761078012515,866.72941562206,2834.7650225541,387.84,320,320
1.207,0,0,0,0,0,0,0,0,0,0,0,0,0,0,0,0,0,0,0,0,0,Inf,Inf,Inf,0.045,0.045,0.035,0.04,0.629950730436545,0.541728211927164,2.36307947825373e-12,1.27019103664546e-05,1.67811534673516,0.000132833845142161,0.781029291931324,9449.21806841051,866.950127087249,866.762663822411,866.729113781539,2834.76542052315,387.84,320,320
1.208,0,0,0,0,0,0,0,0,0,0,0,0,0,0,0,0,0,0,0,0,0,Inf,Inf,Inf,0.045,0.045,0.035,0.04,0.629951480527628,0.541729011859793,2.36308602846705e-12,1.27019125128615e-05,1.67811515050213,0.000132833846231205,0.78102927601098,9449.22805283422,866.954173185384,866.765008042043,866.728931676871,2834.76841585026,387.84,320,320
1.209,0,0,0,0,0,0,0,0,0,0,0,0,0,0,0,0,0,0,0,0,0,Inf,Inf,Inf,0.045,0.045,0.035,0.04,0.629952843021685,0.541729289737836,2.36309123257153e-12,1.27019126322178e-05,1.67811515429082,0.000132833845097989,0.781029266301788,9449.24779097472,866.954618158889,866.767702966956,866.733603742145,2834.77433729242,387.84,320,320
1.21,0,0,0,0,0,0,0,0,0,0,0,0,0,0,0,0,0,0,0,0,0,Inf,Inf,Inf,0.045,0.045,0.035,0.04,0.629953619549955,0.54173036057796,2.36309422800561e-12,1.27017456063698e-05,1.67811502935463,0.000132833841316456,0.781029275158528,9449.25596733616,866.954459776657,866.770203181615,866.7334455052,2834.77679020085,387.84,320,320
1.211,0,0,0,0,0,0,0,0,0,0,0,0,0,0,0,0,0,0,0,0,0,Inf,Inf,Inf,0.045,0.045,0.035,0.04,0.629953803381173,0.541731498068414,2.36309497903904e-12,1.27017469350674e-05,1.67811476711468,0.000132833835237516,0.781029265695378,9449.26310558465,866.954186646541,866.772023161829,866.733172993826,2834.7789316754,387.84,320,320
1.212,0,0,0,0,0,0,0,0,0,0,0,0,0,0,0,0,0,0,0,0,0,Inf,Inf,Inf,0.045,0.045,0.035,0.04,0.629955354877193,0.541732061126757,2.3630943373432e-12,1.27017474892642e-05,1.67811474566914,0.00013283383112773,0.781029238308817,9449.2808128277,866.959086204319,866.770818979768,866.73336124846,2834.78424384831,387.84,320,320
1.213,0,0,0,0,0,0,0,0,0,0,0,0,0,0,0,0,0,0,0,0,0,Inf,Inf,Inf,0.045,0.045,0.035,0.04,0.629956511063378,0.541732572643253,2.36309376905891e-12,1.27019621467721e-05,1.67811468059584,0.000132833828481606,0.781029235479137,9449.30198698676,866.95917996022,866.773742524011,866.738130208083,2834.79059609603,387.84,320,320
1.214,0,0,0,0,0,0,0,0,0,0,0,0,0,0,0,0,0,0,0,0,0,Inf,Inf,Inf,0.045,0.045,0.035,0.04,0.629956989489071,0.541734054092509,2.36309483262718e-12,1.27019624379881e-05,1.67811446343805,0.000132833822858495,0.781029223387686,9449.30617298637,866.958904775388,866.776112837496,866.737855444146,2834.79185189591,387.84,320,320
1.215,0,0,0,0,0,0,0,0,0,0,0,0,0,0,0,0,0,0,0,0,0,Inf,Inf,Inf,0.045,0.045,0.035,0.04,0.629958075103712,0.54173494709435,2.36309859249222e-12,1.27019651051289e-05,1.67811430047493,0.000132833819668927,0.781029207122172,9449.32109023142,866.963662378904,866.774479381647,866.737829426284,2834.79632706943,387.84,320,320
1.216,0,0,0,0,0,0,0,0,0,0,0,0,0,0,0,0,0,0,0,0,0,Inf,Inf,Inf,0.045,0.045,0.035,0.04,0.629959629723039,0.541735230164874,2.36310518933621e-12,1.27019664386996e-05,1.6781142978498,0.000132833819035467,0.781029194620539,9449.34725079267,866.964115751854,866.773512252632,866.743105724897,2834.8041752378,387.84,320,320
1.217,0,0,0,0,0,0,0,0,0,0,0,0,0,0,0,0,0,0,0,0,0,Inf,Inf,Inf,0.045,0.045,0.035,0.04,0.629960462043127,0.541736888495128,2.363113739942e-12,1.27018954670006e-05,1.6781141367598,0.000132833822124935,0.781029199770935,9449.35246917884,866.963942757994,866.775429454267,866.742932930663,2834.80574075365,387.84,320,320
1.218,0,0,0,0,0,0,0,0,0,0,0,0,0,0,0,0,0,0,0,0,0,Inf,Inf,Inf,0.045,0.045,0.035,0.04,0.629961079526192,0.541738141784115,2.36312262264951e-12,1.27018978670485e-05,1.67811383853593,0.000132833824365369,0.781029182448904,9449.36407951006,866.968772972238,866.778378697871,866.742754851185,2834.80922385302,387.84,320,320
1.219,0,0,0,0,0,0,0,0,0,0,0,0,0,0,0,0,0,0,0,0,0,Inf,Inf,Inf,0.045,0.045,0.035,0.04,0.62996303139996,0.541738711411868,2.36313005905662e-12,1.27019001477393e-05,1.6781138981948,0.000132833824073154,0.781029157348857,9449.38810135497,866.96968515646,866.781889621705,866.743239260798,2834.81643040649,387.84,320,320
1.22,0,0,0,0,0,0,0,0,0,0,0,0,0,0,0,0,0,0,0,0,0,Inf,Inf,Inf,0.045,0.045,0.035,0.04,0.629964263250751,0.541739779718109,2.36313478395613e-12,1.27017286793553e-05,1.67811380330357,0.000132833820411519,0.781029166534778,9449.40576765755,866.969728132014,866.785273924628,866.748717348073,2834.82173029726,387.84,320,320
1.221,0,0,0,0,0,0,0,0,0,0,0,0,0,0,0,0,0,0,0,0,0,Inf,Inf,Inf,0.045,0.045,0.035,0.04,0.62996471332634,0.541741407077259,2.3631365509346e-12,1.27017320045451e-05,1.6781135322554,0.000132833813602125,0.781029161073658,9449.41383819798,866.969483544327,866.787877693488,866.748473314683,2834.82415145939,387.84,320,320
1.222,0,0,0,0,0,0,0,0,0,0,0,0,0,0,0,0,0,0,0,0,0,Inf,Inf,Inf,0.045,0.045,0.035,0.04,0.62996637684911,0.541742316194411,2.36313627178551e-12,1.27017340543966e-05,1.6781134578748,0.000132833809487993,0.781029132846641,9449.43482543967,866.975486489841,866.786189352764,866.748674853637,2834.8304476319,387.84,320,320
1.223,0,0,0,0,0,0,0,0,0,0,0,0,0,0,0,0,0,0,0,0,0,Inf,Inf,Inf,0.045,0.045,0.035,0.04,0.62996803711509,0.541742722547142,2.36313571910465e-12,1.27019492911057e-05,1.67811343387801,0.000132833807397267,0.781029121520471,9449.46709408121,866.975862069329,866.78998249893,866.754815823898,2834.84012822436,387.84,320,320
1.224,0,0,0,0,0,0,0,0,0,0,0,0,0,0,0,0,0,0,0,0,0,Inf,Inf,Inf,0.045,0.045,0.035,0.04,0.629968843581459,0.541744719974963,2.36313688622969e-12,1.27019502210077e-05,1.67811322222305,0.000132833801208316,0.781029112602301,9449.47169886681,866.975657285614,866.793178377156,866.754611352917,2834.84150966004,387.84,320,320
1.225,0,0,0,0,0,0,0,0,0,0,0,0,0,0,0,0,0,0,0,0,0,Inf,Inf,Inf,0.045,0.045,0.035,0.04,0.629969913622464,0.541746008994706,2.36314123497733e-12,1.27019538742831e-05,1.67811297880751,0.000132833797611966,0.781029098688519,9449.48897664047,866.98135345766,866.791037640787,866.754584591339,2834.84669299214,387.84,320,320
1.226,0,0,0,0,0,0,0,0,0,0,0,0,0,0,0,0,0,0,0,0,0,Inf,Inf,Inf,0.045,0.045,0.035,0.04,0.629972011866292,0.541746521526706,2.36314911521184e-12,1.27019535268346e-05,1.67811302679008,0.000132833796591351,0.781029085500239,9449.52025905721,866.982174362651,866.795142398257,866.761167871874,2834.85607771716,387.84,320,320
1.227,0,0,0,0,0,0,0,0,0,0,0,0,0,0,0,0,0,0,0,0,0,Inf,Inf,Inf,0.045,0.045,0.035,0.04,0.62997323229895,0.541748292385555,2.36315958649811e-12,1.27018900037139e-05,1.67811288560578,0.000132833798065135,0.781029101009961,9449.53286034581,866.982128942455,866.792600300602,866.761122505902,2834.85985810374,387.84,320,320
1.228,0,0,0,0,0,0,0,0,0,0,0,0,0,0,0,0,0,0,0,0,0,Inf,Inf,Inf,0.045,0.045,0.035,0.04,0.629973720669247,0.541749985957464,2.36317072704387e-12,1.2701892687259e-05,1.6781125505556,0.000132833801385844,0.781029076322722,9449.54602394498,866.981954736265,866.79613239312,866.760949038656,2834.86380718349,387.84,320,320
1.229,0,0,0,0,0,0,0,0,0,0,0,0,0,0,0,0,0,0,0,0,0,Inf,Inf,Inf,0.045,0.045,0.035,0.04,0.629976245013965,0.54175084007488,2.36318033098282e-12,1.27018950873232e-05,1.6781126006391,0.000132833801693139,0.781029035723948,9449.57416879149,866.989083323321,866.800432260031,866.761477757747,2834.87225063745,387.84,320,320
1.23,0,0,0,0,0,0,0,0,0,0,0,0,0,0,0,0,0,0,0,0,0,Inf,Inf,Inf,0.045,0.045,0.035,0.04,0.629977920810494,0.541751904652962,2.36318674144554e-12,1.27017171274741e-05,1.67811253741945,0.000132833797842535,0.781029052212531,9449.60108812328,866.989324209328,866.804673968121,866.76831681702,2834.88032643698,387.84,320,320
1.231,0,0,0,0,0,0,0,0,0,0,0,0,0,0,0,0,0,0,0,0,0,Inf,Inf,Inf,0.045,0.045,0.035,0.04,0.629978632097952,0.541754008693229,2.36318950454582e-12,1.27017201187994e-05,1.67811226071373,0.000132833790255188,0.781029052604989,9449.61004420879,866.989108744151,866.808040425548,866.768101840378,2834.88301326264,387.84,320,320
1.232,0,0,0,0,0,0,0,0,0,0,0,0,0,0,0,0,0,0,0,0,0,Inf,Inf,Inf,0.045,0.045,0.035,0.04,0.629980398480132,0.541755256143434,2.36318958618579e-12,1.27017228898036e-05,1.67811213326506,0.000132833787939084,0.781029025089702,9449.63417794039,866.996182580996,866.80587615506,866.76831561119,2834.89025338212,387.84,320,320
1.233,0,0,0,0,0,0,0,0,0,0,0,0,0,0,0,0,0,0,0,0,0,Inf,Inf,Inf,0.045,0.045,0.035,0.04,0.629982550826945,0.541755664108392,2.36318905218023e-12,1.27017252735459e-05,1.67811215032717,0.000132833785756323,0.781029005861637,9449.67341525052,866.996836153306,866.810513111037,866.77579331593,2834.90202457515,387.84,320,320
1.234,0,0,0,0,0,0,0,0,0,0,0,0,0,0,0,0,0,0,0,0,0,Inf,Inf,Inf,0.045,0.045,0.035,0.04,0.629983679614088,0.541758053877239,2.36319031514101e-12,1.2701936558128e-05,1.6781119457695,0.000132833779308828,0.781029008155045,9449.68233480494,866.996702852636,866.814512777226,866.775660219536,2834.90470044148,387.84,320,320
1.235,0,0,0,0,0,0,0,0,0,0,0,0,0,0,0,0,0,0,0,0,0,Inf,Inf,Inf,0.045,0.045,0.035,0.04,0.629984722978687,0.541759730329927,2.36319522217565e-12,1.27019415450019e-05,1.67811162666446,0.000132833774399576,0.781028993254264,9449.70185053025,867.003299638023,866.811873824526,866.77563290306,2834.91055515908,387.84,320,320
1.236,0,0,0,0,0,0,0,0,0,0,0,0,0,0,0,0,0,0,0,0,0,Inf,Inf,Inf,0.045,0.045,0.035,0.04,0.629987350307443,0.541760469297679,2.36320432854869e-12,1.27019428785824e-05,1.6781117235741,0.000132833774218056,0.781028966158368,9449.73802601222,867.004483228306,866.816787620975,866.783480172599,2834.92140780366,387.84,320,320
1.237,0,0,0,0,0,0,0,0,0,0,0,0,0,0,0,0,0,0,0,0,0,Inf,Inf,Inf,0.045,0.045,0.035,0.04,0.629988950615882,0.541762335737923,2.3632166428276e-12,1.27018748251506e-05,1.6781116016745,0.000132833772678105,0.781028985630576,9449.75798492738,867.00456658215,866.814041034012,866.783563432808,2834.92739547822,387.84,320,320
1.238,0,0,0,0,0,0,0,0,0,0,0,0,0,0,0,0,0,0,0,0,0,Inf,Inf,Inf,0.045,0.045,0.035,0.04,0.629989512517114,0.541764457780696,2.36322995719715e-12,1.27018776877694e-05,1.67811124799961,0.000132833777324877,0.781028960352437,9449.77259572511,867.004398591379,866.818128880631,866.783396154549,2834.93177871753,387.84,320,320
1.239,0,0,0,0,0,0,0,0,0,0,0,0,0,0,0,0,0,0,0,0,0,Inf,Inf,Inf,0.045,0.045,0.035,0.04,0.629992380129783,0.541765590626807,2.36324165508738e-12,1.27018818612654e-05,1.67811127403298,0.000132833778615995,0.781028915188602,9449.80463622898,867.012676531773,866.823184211532,866.783964700146,2834.94139086869,387.84,320,320
1.24,0,0,0,0,0,0,0,0,0,0,0,0,0,0,0,0,0,0,0,0,0,Inf,Inf,Inf,0.045,0.045,0.035,0.04,0.62999448663553,0.541766639402354,2.36324970095163e-12,1.27016996930708e-05,1.67811124144882,0.00013283377496863,0.781028935318622,9449.84062696065,867.013114205732,866.828249742698,866.792110096924,2834.9521880882,387.84,320,320
1.241,0,0,0,0,0,0,0,0,0,0,0,0,0,0,0,0,0,0,0,0,0,Inf,Inf,Inf,0.045,0.045,0.035,0.04,0.629995453190568,0.541769203060326,2.36325343748979e-12,1.27017025174888e-05,1.6781109596665,0.000132833766680454,0.781028941324802,9449.85039526138,867.012929795177,866.83235158729,866.791926104915,2834.95511857841,387.84,320,320
1.242,0,0,0,0,0,0,0,0,0,0,0,0,0,0,0,0,0,0,0,0,0,Inf,Inf,Inf,0.045,0.045,0.035,0.04,0.629997307428613,0.541770778246231,2.36325387799744e-12,1.27017058427112e-05,1.67811078088218,0.000132833765554659,0.781028913700925,9449.87747959707,867.021010167106,866.829732456782,866.792150361575,2834.96324387912,387.84,320,320
1.243,0,0,0,0,0,0,0,0,0,0,0,0,0,0,0,0,0,0,0,0,0,Inf,Inf,Inf,0.045,0.045,0.035,0.04,0.629999932959809,0.541771355691186,2.36325336626924e-12,1.27017095018009e-05,1.67811083885004,0.000132833763761415,0.781028893017155,9449.92228556407,867.021935262649,866.835174000202,866.800895714915,2834.97668566922,387.84,320,320
1.244,0,0,0,0,0,0,0,0,0,0,0,0,0,0,0,0,0,0,0,0,0,Inf,Inf,Inf,0.045,0.045,0.035,0.04,0.630001373161242,0.541773947434679,2.3632547160249e-12,1.27019292158739e-05,1.67811064276351,0.000132833756865141,0.781028904072526,9449.93647823271,867.021873571889,866.839942652945,866.80083411932,2834.98094346981,387.84,320,320
1.245,0,0,0,0,0,0,0,0,0,0,0,0,0,0,0,0,0,0,0,0,0,Inf,Inf,Inf,0.045,0.045,0.035,0.04,0.630002387376792,0.541775995865089,2.36326014544217e-12,1.27019338553337e-05,1.67811024784718,0.000132833751144803,0.781028880230355,9449.95808989277,867.029316617444,866.836834752745,866.800806415944,2834.98742696783,387.84,320,320
1.246,0,0,0,0,0,0,0,0,0,0,0,0,0,0,0,0,0,0,0,0,0,Inf,Inf,Inf,0.045,0.045,0.035,0.04,0.630005521183507,0.541776953341322,2.36327041044669e-12,1.27019398845655e-05,1.67811039349999,0.000132833751306744,0.781028836092343,9449.99889146684,867.030850196388,866.842517794948,866.801862048882,2834.99966744005,387.84,320,320
1.247,0,0,0,0,0,0,0,0,0,0,0,0,0,0,0,0,0,0,0,0,0,Inf,Inf,Inf,0.045,0.045,0.035,0.04,0.630007486608423,0.541778908546077,2.36328447541562e-12,1.2701863417438e-05,1.67811029254985,0.000132833746921224,0.781028861014816,9450.02591519776,867.031059229631,866.839582887334,866.810059235337,2835.00777455933,387.84,320,320
1.248,0,0,0,0,0,0,0,0,0,0,0,0,0,0,0,0,0,0,0,0,0,Inf,Inf,Inf,0.045,0.045,0.035,0.04,0.630008240593702,0.541781440862238,2.36329986259382e-12,1.27018664889845e-05,1.6781099239265,0.00013283375303932,0.781028848438427,9450.04188225721,867.030897995451,866.844197490891,866.809898685619,2835.01256467716,387.84,320,320
1.249,0,0,0,0,0,0,0,0,0,0,0,0,0,0,0,0,0,0,0,0,0,Inf,Inf,Inf,0.045,0.045,0.035,0.04,0.630011314001787,0.541782841853779,2.36331356421027e-12,1.27018709012353e-05,1.67810992328383,0.000132833755200802,0.781028804679473,9450.07760890608,867.040270904886,866.849971935341,866.810503976119,2835.02328267182,387.84,320,320
1.25,0,0,0,0,0,0,0,0,0,0,0,0,0,0,0,0,0,0,0,0,0,Inf,Inf,Inf,0.045,0.045,0.035,0.04,0.630013834594187,0.541783873466053,2.36332318165895e-12,1.27016844756801e-05,1.67810992260539,0.000132833751729873,0.781028816283638,9450.12232778644,867.040899599204,866.855824446707,866.819898637755,2835.03669833593,387.84,320,320
1.251,0,0,0,0,0,0,0,0,0,0,0,0,0,0,0,0,0,0,0,0,0,Inf,Inf,Inf,0.045,0.045,0.035,0.04,0.630015048271616,0.541786877869709,2.36332785994433e-12,1.27016884085446e-05,1.67810963887546,0.000132833742708088,0.781028825503397,9450.13285094852,867.040746479249,866.860631483288,866.819745865346,2835.03985528456,387.84,320,320
1.252,0,0,0,0,0,0,0,0,0,0,0,0,0,0,0,0,0,0,0,0,0,Inf,Inf,Inf,0.045,0.045,0.035,0.04,0.630016979931037,0.541788768993859,2.36332865318194e-12,1.2701692842199e-05,1.67810940951509,0.00013283374250338,0.781028797009081,9450.16271486779,867.049787680074,866.857571724564,866.819979412,2835.04881446034,387.84,320,320
1.253,0,0,0,0,0,0,0,0,0,0,0,0,0,0,0,0,0,0,0,0,0,Inf,Inf,Inf,0.045,0.045,0.035,0.04,0.63002006069205,0.541789511401253,2.36332816652798e-12,1.27016970555034e-05,1.6781095079991,0.000132833741219214,0.78102877521284,9450.21279683374,867.050977061503,866.863781920872,866.829940664714,2835.06383905012,387.84,320,320
1.254,0,0,0,0,0,0,0,0,0,0,0,0,0,0,0,0,0,0,0,0,0,Inf,Inf,Inf,0.045,0.045,0.035,0.04,0.630021802625261,0.541792288180111,2.36332959429837e-12,1.27019207753439e-05,1.67810932155894,0.000132833734003081,0.781028789079184,9450.23218683141,867.050987133877,866.869288055593,866.829950721915,2835.06965604942,387.84,320,320
1.255,0,0,0,0,0,0,0,0,0,0,0,0,0,0,0,0,0,0,0,0,0,Inf,Inf,Inf,0.045,0.045,0.035,0.04,0.630022777332235,0.541794695257835,2.36333550912514e-12,1.27019237338077e-05,1.67810886130877,0.000132833727198192,0.781028757597981,9450.25574626276,867.050958244267,866.865726643575,866.829922821925,2835.07672387883,387.84,320,320
1.256,0,0,0,0,0,0,0,0,0,0,0,0,0,0,0,0,0,0,0,0,0,Inf,Inf,Inf,0.045,0.045,0.035,0.04,0.630026396660293,0.541795865378945,2.36334686134171e-12,1.27019280820276e-05,1.67810904772716,0.000132833728001051,0.78102870618724,9450.30088857438,867.061102051397,866.872140835975,866.831052025259,2835.09026657231,387.84,320,320
1.257,0,0,0,0,0,0,0,0,0,0,0,0,0,0,0,0,0,0,0,0,0,Inf,Inf,Inf,0.045,0.045,0.035,0.04,0.63002871428976,0.541797891806833,2.36336257786671e-12,1.27018533379598e-05,1.67810896730394,0.00013283372248264,0.781028740405892,9450.33485520575,867.061436252897,866.878253935588,866.840439272004,2835.10045656172,387.84,320,320
1.258,0,0,0,0,0,0,0,0,0,0,0,0,0,0,0,0,0,0,0,0,0,Inf,Inf,Inf,0.045,0.045,0.035,0.04,0.630029655784786,0.541800817417561,2.36337992838884e-12,1.27018600906672e-05,1.67810858541758,0.000132833728628189,0.781028743110539,9450.35205720721,867.061283223452,866.874147986151,866.840286893036,2835.10561716216,387.84,320,320
1.259,0,0,0,0,0,0,0,0,0,0,0,0,0,0,0,0,0,0,0,0,0,Inf,Inf,Inf,0.045,0.045,0.035,0.04,0.630032908621957,0.541802477377725,2.36339553547102e-12,1.27018646223195e-05,1.67810856094465,0.000132833731474345,0.781028695216057,9450.39119985903,867.071680269866,866.880599412913,866.840924082313,2835.11735995771,387.84,320,320
1.26,0,0,0,0,0,0,0,0,0,0,0,0,0,0,0,0,0,0,0,0,0,Inf,Inf,Inf,0.045,0.045,0.035,0.04,0.630035824939028,0.541803480434217,2.36340665489259e-12,1.27016717491394e-05,1.67810859076845,0.000132833727698269,0.781028693733507,9450.4443523953,867.072496362069,866.887195822932,866.851498400066,2835.13330571859,387.84,320,320
1.261,0,0,0,0,0,0,0,0,0,0,0,0,0,0,0,0,0,0,0,0,0,Inf,Inf,Inf,0.045,0.045,0.035,0.04,0.630037276708114,0.541806903187149,2.36341224048365e-12,1.27016769573935e-05,1.67810830560744,0.000132833718169539,0.781028704615841,9450.45554909072,867.072376004935,866.892672217311,866.85137831616,2835.13666472721,387.84,320,320
1.262,0,0,0,0,0,0,0,0,0,0,0,0,0,0,0,0,0,0,0,0,0,Inf,Inf,Inf,0.045,0.045,0.035,0.04,0.630039270204706,0.541809095819028,2.36341338002428e-12,1.27016817783656e-05,1.67810802840702,0.000132833719129446,0.781028676566342,9450.48796527853,867.082303063833,866.889197894158,866.851619325134,2835.14638958356,387.84,320,320
1.263,0,0,0,0,0,0,0,0,0,0,0,0,0,0,0,0,0,0,0,0,0,Inf,Inf,Inf,0.045,0.045,0.035,0.04,0.630042781887299,0.541809997140283,2.36341292166489e-12,1.27016861586038e-05,1.67810816626738,0.000132833718492509,0.781028645506115,9450.54294351579,867.083747040838,866.896128513456,866.862713633268,2835.16288305474,387.84,320,320
1.264,0,0,0,0,0,0,0,0,0,0,0,0,0,0,0,0,0,0,0,0,0,Inf,Inf,Inf,0.045,0.045,0.035,0.04,0.63004481106142,0.541812938411666,2.36341441754844e-12,1.27019045124998e-05,1.67810799030985,0.000132833710992064,0.781028664373196,9450.5673459264,867.08382811955,866.902328660589,866.862794588069,2835.17020377792,387.84,320,320
1.265,0,0,0,0,0,0,0,0,0,0,0,0,0,0,0,0,0,0,0,0,0,Inf,Inf,Inf,0.045,0.045,0.035,0.04,0.630045744024933,0.541815684469482,2.36342077621281e-12,1.27019121666716e-05,1.67810750816075,0.000132833702558159,0.7810286365525,9450.59268835068,867.083799200706,866.898347850227,866.862766660603,2835.1778065052,387.84,320,320
1.266,0,0,0,0,0,0,0,0,0,0,0,0,0,0,0,0,0,0,0,0,0,Inf,Inf,Inf,0.045,0.045,0.035,0.04,0.63004982056382,0.541817056827966,2.36343313524676e-12,1.27019178485133e-05,1.67810769256549,0.000132833703929025,0.781028583950986,9450.64185295326,867.095001124233,866.905444789663,866.863962010847,2835.19255588598,387.84,320,320
1.267,0,0,0,0,0,0,0,0,0,0,0,0,0,0,0,0,0,0,0,0,0,Inf,Inf,Inf,0.045,0.045,0.035,0.04,0.630052471513434,0.541819146460659,2.36345039131163e-12,1.27018475069465e-05,1.67810763445728,0.000132833698272191,0.781028623084169,9450.68239336488,867.095455973529,866.912261624417,866.874461840659,2835.20471800946,387.84,320,320
1.268,0,0,0,0,0,0,0,0,0,0,0,0,0,0,0,0,0,0,0,0,0,Inf,Inf,Inf,0.045,0.045,0.035,0.04,0.630053591912212,0.541822442519972,2.36346958063394e-12,1.27018506382772e-05,1.67810724306701,0.000132833703403232,0.78102863105083,9450.70072390207,867.095311615204,866.907762733714,866.874318096128,2835.21021717062,387.84,320,320
1.269,0,0,0,0,0,0,0,0,0,0,0,0,0,0,0,0,0,0,0,0,0,Inf,Inf,Inf,0.045,0.045,0.035,0.04,0.630057009071065,0.54182434781285,2.36348698006254e-12,1.27018568986041e-05,1.67810719212505,0.000132833707308629,0.781028575166788,9450.74303069951,867.106665671613,866.91484655898,866.874983674852,2835.22290920985,387.84,320,320
1.27,0,0,0,0,0,0,0,0,0,0,0,0,0,0,0,0,0,0,0,0,0,Inf,Inf,Inf,0.045,0.045,0.035,0.04,0.630060299725271,0.541825320985843,2.36349951955696e-12,1.27016565256841e-05,1.67810725314224,0.000132833704029289,0.781028568331789,9450.80417559466,867.107661206107,866.922140956155,866.886666069414,2835.2412526784,387.84,320,320
1.271,0,0,0,0,0,0,0,0,0,0,0,0,0,0,0,0,0,0,0,0,0,Inf,Inf,Inf,0.045,0.045,0.035,0.04,0.63006197856716,0.541829138098851,2.36350596981426e-12,1.27016619543733e-05,1.67810696952689,0.000132833694038469,0.78102858158439,9450.8159797294,867.10757348242,866.92824832569,866.886578544841,2835.24479391882,387.84,320,320
1.272,0,0,0,0,0,0,0,0,0,0,0,0,0,0,0,0,0,0,0,0,0,Inf,Inf,Inf,0.045,0.045,0.035,0.04,0.630064022544492,0.541831616731272,2.36350744532291e-12,1.27016674965171e-05,1.67810664576316,0.000132833695993614,0.781028555576801,9450.85074503498,867.118329177691,866.924379066047,866.886825716855,2835.25522351049,387.84,320,320
1.273,0,0,0,0,0,0,0,0,0,0,0,0,0,0,0,0,0,0,0,0,0,Inf,Inf,Inf,0.045,0.045,0.035,0.04,0.630067941817868,0.541832670470822,2.36350701770291e-12,1.27016720971487e-05,1.67810682176357,0.000132833695512822,0.781028510266106,9450.91026575154,867.120017343849,866.931985176616,866.898986746564,2835.27307972546,387.84,320,320
1.274,0,0,0,0,0,0,0,0,0,0,0,0,0,0,0,0,0,0,0,0,0,Inf,Inf,Inf,0.045,0.045,0.035,0.04,0.630070244926679,0.541835757295118,2.36350857210441e-12,1.27018928334333e-05,1.67810665755484,0.000132833687488574,0.781028541643654,9450.9395407017,867.120168668866,866.938839131634,866.89913784139,2835.28186221051,387.84,320,320
1.275,0,0,0,0,0,0,0,0,0,0,0,0,0,0,0,0,0,0,0,0,0,Inf,Inf,Inf,0.045,0.045,0.035,0.04,0.630071126651853,0.541838824720147,2.36351533229081e-12,1.27019004876651e-05,1.67810615707848,0.000132833677676612,0.781028524453532,9450.96649649168,867.120139914662,866.934460038007,866.899110073722,2835.2899489475,387.84,320,320
1.276,0,0,0,0,0,0,0,0,0,0,0,0,0,0,0,0,0,0,0,0,0,Inf,Inf,Inf,0.045,0.045,0.035,0.04,0.630075633715366,0.541840390854481,2.36352861457213e-12,1.27019065169671e-05,1.67810633963019,0.000132833679539699,0.781028467143315,9451.01934948587,867.1323285101,866.942193198339,866.900363362373,2835.30580484576,387.84,320,320
1.277,0,0,0,0,0,0,0,0,0,0,0,0,0,0,0,0,0,0,0,0,0,Inf,Inf,Inf,0.045,0.045,0.035,0.04,0.630078600851564,0.541842525865861,2.36354729242242e-12,1.27018377862501e-05,1.678106302928,0.000132833673941646,0.781028497436044,9451.06625249054,867.13290187549,866.949668937843,866.911910413591,2835.31987574716,387.84,320,320
1.278,0,0,0,0,0,0,0,0,0,0,0,0,0,0,0,0,0,0,0,0,0,Inf,Inf,Inf,0.045,0.045,0.035,0.04,0.63007989325981,0.541846170779894,2.36356818878114e-12,1.27018428402647e-05,1.678105903278,0.000132833678473206,0.781028503984572,9451.0855778779,867.132767482232,866.944807012837,866.911776591651,2835.32567336337,387.84,320,320
1.279,0,0,0,0,0,0,0,0,0,0,0,0,0,0,0,0,0,0,0,0,0,Inf,Inf,Inf,0.045,0.045,0.035,0.04,0.630083447017115,0.541848309134668,2.3635872604788e-12,1.27018472824476e-05,1.67810582901245,0.000132833682855638,0.781028448952158,9451.13074263174,867.144996701514,866.952473601618,866.912465449987,2835.33922278952,387.84,320,320
1.28,0,0,0,0,0,0,0,0,0,0,0,0,0,0,0,0,0,0,0,0,0,Inf,Inf,Inf,0.045,0.045,0.035,0.04,0.630087089062023,0.541849241834901,2.3636011330474e-12,1.27016422975951e-05,1.67810591947134,0.000132833679734335,0.781028443095892,9451.1994830907,867.146165728893,866.960414586992,866.925173233933,2835.35984492721,387.84,320,320
1.281,0,0,0,0,0,0,0,0,0,0,0,0,0,0,0,0,0,0,0,0,0,Inf,Inf,Inf,0.045,0.045,0.035,0.04,0.63008898313526,0.541853426194028,2.3636084028314e-12,1.27016464510159e-05,1.67810563803333,0.000132833669258462,0.781028459610294,9451.21180717599,867.146111640956,866.967109549433,866.925119269004,2835.3635421528,387.84,320,320
1.282,0,0,0,0,0,0,0,0,0,0,0,0,0,0,0,0,0,0,0,0,0,Inf,Inf,Inf,0.045,0.045,0.035,0.04,0.630091061725373,0.541856172961694,2.36361020362394e-12,1.27016531016392e-05,1.67810527060443,0.000132833672114037,0.781028434825761,9451.24866833026,867.157612039554,866.962875807467,866.925370733059,2835.37460049908,387.84,320,320
1.283,0,0,0,0,0,0,0,0,0,0,0,0,0,0,0,0,0,0,0,0,0,Inf,Inf,Inf,0.045,0.045,0.035,0.04,0.630095359497772,0.541857371231746,2.3636098095175e-12,1.27016577022976e-05,1.67810548336399,0.000132833671959906,0.781028381043498,9451.31230026781,867.15953175801,866.971101383131,866.938503777739,2835.39369008034,387.84,320,320
1.284,0,0,0,0,0,0,0,0,0,0,0,0,0,0,0,0,0,0,0,0,0,Inf,Inf,Inf,0.045,0.045,0.035,0.04,0.630097918839649,0.541860581481781,2.36361141191843e-12,1.27018845169069e-05,1.67810533208363,0.000132833663663012,0.781028424804881,9451.34620538777,867.159751716408,866.978558108951,866.938723402078,2835.40386161633,387.84,320,320
1.285,0,0,0,0,0,0,0,0,0,0,0,0,0,0,0,0,0,0,0,0,0,Inf,Inf,Inf,0.045,0.045,0.035,0.04,0.630098818444392,0.541863946890378,2.36361852746526e-12,1.27018921711998e-05,1.67810481663236,0.000132833652572228,0.781028413387901,9451.37459130259,867.159723298359,866.973819032384,866.938695959787,2835.41237739078,387.84,320,320
1.286,0,0,0,0,0,0,0,0,0,0,0,0,0,0,0,0,0,0,0,0,0,Inf,Inf,Inf,0.045,0.045,0.035,0.04,0.630103651809184,0.541865694164813,2.36363264184607e-12,1.27018995341497e-05,1.67810499490128,0.000132833655029634,0.78102834558187,9451.43077126231,867.172806998166,866.982132643377,866.939999082455,2835.42923137869,387.84,320,320
1.287,0,0,0,0,0,0,0,0,0,0,0,0,0,0,0,0,0,0,0,0,0,Inf,Inf,Inf,0.045,0.045,0.035,0.04,0.630106912595471,0.541867865703199,2.36365261276259e-12,1.2701823670929e-05,1.67810498035398,0.000132833649383387,0.781028362060917,9451.48359856379,867.173493021477,866.990212963172,866.952504028761,2835.44507956914,387.84,320,320
1.288,0,0,0,0,0,0,0,0,0,0,0,0,0,0,0,0,0,0,0,0,0,Inf,Inf,Inf,0.045,0.045,0.035,0.04,0.630108366435647,0.541871832560429,2.36367507145576e-12,1.27018288593157e-05,1.67810457593977,0.000132833653346315,0.781028372207484,9451.50380009742,867.173368961045,866.98502222408,866.952380495818,2835.45114002923,387.84,320,320
1.289,0,0,0,0,0,0,0,0,0,0,0,0,0,0,0,0,0,0,0,0,0,Inf,Inf,Inf,0.045,0.045,0.035,0.04,0.630112039641755,0.541874187628041,2.36369568248094e-12,1.27018371468086e-05,1.67810447676036,0.000132833658796696,0.781028329674486,9451.55153599591,867.186395473269,866.993220004841,866.953088809421,2835.46546079877,387.84,320,320
1.29,0,0,0,0,0,0,0,0,0,0,0,0,0,0,0,0,0,0,0,0,0,Inf,Inf,Inf,0.045,0.045,0.035,0.04,0.630116007510004,0.541875078714042,2.36371079036976e-12,1.2701841201015e-05,1.67810459705542,0.000132833655866229,0.781028320019862,9451.62571391815,867.187728031886,867.001753885846,866.966737972882,2835.48771417544,387.84,320,320
1.291,0,0,0,0,0,0,0,0,0,0,0,0,0,0,0,0,0,0,0,0,0,Inf,Inf,Inf,0.045,0.045,0.035,0.04,0.630118103226878,0.541879601892063,2.36371882726201e-12,1.27016319431571e-05,1.67810432076118,0.000132833645103566,0.781028338744244,9451.64011509053,867.187707073873,867.008990957711,866.966717062629,2835.49203452716,387.84,320,320
1.292,0,0,0,0,0,0,0,0,0,0,0,0,0,0,0,0,0,0,0,0,0,Inf,Inf,Inf,0.045,0.045,0.035,0.04,0.630120204507547,0.541882598028989,2.36372093910309e-12,1.27016391480591e-05,1.67810391144652,0.000132833647482506,0.781028312716401,9451.6788428592,867.199885320459,867.004417082668,866.966971457457,2835.50365285776,387.84,320,320
1.293,0,0,0,0,0,0,0,0,0,0,0,0,0,0,0,0,0,0,0,0,0,Inf,Inf,Inf,0.045,0.045,0.035,0.04,0.630124852787506,0.541883932558373,2.36372058054279e-12,1.27016459121119e-05,1.67810415967718,0.000132833647876994,0.781028258591406,9451.74618155883,867.202023340221,867.013209554429,866.980997770488,2835.52385446765,387.84,320,320
1.294,0,0,0,0,0,0,0,0,0,0,0,0,0,0,0,0,0,0,0,0,0,Inf,Inf,Inf,0.045,0.045,0.035,0.04,0.630127651864366,0.541887245844275,2.36372222078846e-12,1.2701881591413e-05,1.67810402240638,0.000132833639578469,0.78102830460884,9451.7845181412,867.202310301823,867.021221386918,866.981284294903,2835.53535544236,387.84,320,320
1.295,0,0,0,0,0,0,0,0,0,0,0,0,0,0,0,0,0,0,0,0,0,Inf,Inf,Inf,0.045,0.045,0.035,0.04,0.630128667729538,0.541890887901656,2.36372964518533e-12,1.27018898845607e-05,1.67810349532039,0.000132833627870975,0.781028292566635,9451.81414767033,867.202282406298,867.016148286333,866.981257357883,2835.5442443011,387.84,320,320
1.296,0,0,0,0,0,0,0,0,0,0,0,0,0,0,0,0,0,0,0,0,0,Inf,Inf,Inf,0.045,0.045,0.035,0.04,0.630133688900502,0.541892805548795,2.36374449822694e-12,1.27018969001312e-05,1.67810366889482,0.000132833630723384,0.781028218578566,9451.87328123637,867.216178678995,867.024988746864,866.982601564689,2835.56198437091,387.84,320,320
1.297,0,0,0,0,0,0,0,0,0,0,0,0,0,0,0,0,0,0,0,0,0,Inf,Inf,Inf,0.045,0.045,0.035,0.04,0.630137222519473,0.541894995799143,2.36376562906396e-12,1.27018074121014e-05,1.6781036752817,0.000132833625337432,0.78102823078824,9451.93174196055,867.216973727418,867.033621420913,866.995986994964,2835.57952258817,387.84,320,320
1.298,0,0,0,0,0,0,0,0,0,0,0,0,0,0,0,0,0,0,0,0,0,Inf,Inf,Inf,0.045,0.045,0.035,0.04,0.630138828821805,0.541899259039655,2.36378949966199e-12,1.27018147022983e-05,1.67810326791487,0.000132833629590308,0.781028249462032,9451.95267677509,867.216861122317,867.028135695907,866.995874869112,2835.58580303253,387.84,320,320
1.299,0,0,0,0,0,0,0,0,0,0,0,0,0,0,0,0,0,0,0,0,0,Inf,Inf,Inf,0.045,0.045,0.035,0.04,0.630142592911544,0.541901815844208,2.36381151146101e-12,1.27018231838571e-05,1.67810314731527,0.000132833635734563,0.781028217887937,9452.0026491456,867.230594096737,867.036808845378,866.996597376002,2835.60079474368,387.84,320,320
1.3,0,0,0,0,0,0,0,0,0,0,0,0,0,0,0,0,0,0,0,0,0,Inf,Inf,Inf,0.045,0.045,0.035,0.04,0.630146859719713,0.541902744375926,2.36382775274743e-12,1.27018309042763e-05,1.6781032954796,0.000132833633486334,0.781028198050481,9452.08075964777,867.232082137699,867.045877277911,867.011094301449,2835.62422789433,387.84,320,320
1.301,0,0,0,0,0,0,0,0,0,0,0,0,0,0,0,0,0,0,0,0,0,Inf,Inf,Inf,0.045,0.045,0.035,0.04,0.63014914277571,0.541907486537713,2.36383650224193e-12,1.27016157133524e-05,1.67810302488588,0.000132833622723744,0.781028217400158,9452.09816481414,867.232094845036,867.053606700169,867.011106980089,2835.62944944424,387.84,320,320
1.302,0,0,0,0,0,0,0,0,0,0,0,0,0,0,0,0,0,0,0,0,0,Inf,Inf,Inf,0.045,0.045,0.035,0.04,0.630151250945108,0.541910711233294,2.36383891055773e-12,1.27016229183204e-05,1.67810257750745,0.000132833623226561,0.78102818925882,9452.13848607474,867.244859944818,867.048726865915,867.011362429758,2835.64154582242,387.84,320,320
1.303,0,0,0,0,0,0,0,0,0,0,0,0,0,0,0,0,0,0,0,0,0,Inf,Inf,Inf,0.045,0.045,0.035,0.04,0.63015621660646,0.541912172514512,2.36383858982091e-12,1.27016300697327e-05,1.67810285923871,0.000132833623857764,0.781028134094267,9452.2090594394,867.247201034042,867.058023817753,867.026177651565,2835.66271783182,387.84,320,320
1.304,0,0,0,0,0,0,0,0,0,0,0,0,0,0,0,0,0,0,0,0,0,Inf,Inf,Inf,0.045,0.045,0.035,0.04,0.630159234952227,0.541915565672694,2.36384025703471e-12,1.27018754836642e-05,1.6781027363851,0.00013283361560779,0.781028174879609,9452.2515333441,867.247552576921,867.066533427599,867.026528656643,2835.67546000323,387.84,320,320
1.305,0,0,0,0,0,0,0,0,0,0,0,0,0,0,0,0,0,0,0,0,0,Inf,Inf,Inf,0.045,0.045,0.035,0.04,0.630160359045449,0.541919457852745,2.363847940715e-12,1.27018804148001e-05,1.67810220079715,0.000132833603516753,0.781028165411037,9452.28220950923,867.247525367388,867.061167958078,867.02650238273,2835.68466285277,387.84,320,320
1.306,0,0,0,0,0,0,0,0,0,0,0,0,0,0,0,0,0,0,0,0,0,Inf,Inf,Inf,0.045,0.045,0.035,0.04,0.630165537347879,0.541921531307696,2.36386343289114e-12,1.27018907925264e-05,1.67810236756016,0.000132833607121396,0.781028096793846,9452.34390172702,867.262133688538,867.070473535695,867.027879101623,2835.70317051811,387.84,320,320
1.307,0,0,0,0,0,0,0,0,0,0,0,0,0,0,0,0,0,0,0,0,0,Inf,Inf,Inf,0.045,0.045,0.035,0.04,0.630169318170445,0.541923730929577,2.36388558161086e-12,1.27017957304584e-05,1.67810239588082,0.000132833601625068,0.781028113530692,9452.40749780982,867.263030687758,867.079597950358,867.042045989896,2835.72224934295,387.84,320,320
1.308,0,0,0,0,0,0,0,0,0,0,0,0,0,0,0,0,0,0,0,0,0,Inf,Inf,Inf,0.045,0.045,0.035,0.04,0.630171064640204,0.541928260257674,2.36391070308643e-12,1.27018013966083e-05,1.67810198936535,0.000132833606733184,0.781028133316154,9452.429038295,867.262929787906,867.073854826397,867.041945519435,2835.7287114885,387.84,320,320
1.309,0,0,0,0,0,0,0,0,0,0,0,0,0,0,0,0,0,0,0,0,0,Inf,Inf,Inf,0.045,0.045,0.035,0.04,0.630174901040104,0.541931000146888,2.3639339664426e-12,1.27018116814764e-05,1.67810184571385,0.00013283361327525,0.781028100697941,9452.48093346808,867.277282806754,867.08294618558,867.042678201888,2835.74428004042,387.84,320,320
1.31,0,0,0,0,0,0,0,0,0,0,0,0,0,0,0,0,0,0,0,0,0,Inf,Inf,Inf,0.045,0.045,0.035,0.04,0.630179437732203,0.541932018378286,2.36395123015015e-12,1.27018176434467e-05,1.67810202167323,0.000132833611208916,0.781028075790479,9452.56247965449,867.278914601672,867.092489167125,867.057928754926,2835.76874389635,387.84,320,320
1.311,0,0,0,0,0,0,0,0,0,0,0,0,0,0,0,0,0,0,0,0,0,Inf,Inf,Inf,0.045,0.045,0.035,0.04,0.630181892342258,0.541936894406084,2.36396063147374e-12,1.27016009799943e-05,1.67810175947826,0.000132833600161641,0.781028096317515,9452.58270619374,867.278960093665,867.100659614901,867.057974143689,2835.77481185812,387.84,320,320
1.312,0,0,0,0,0,0,0,0,0,0,0,0,0,0,0,0,0,0,0,0,0,Inf,Inf,Inf,0.045,0.045,0.035,0.04,0.630183995288558,0.541940326160916,2.36396331851988e-12,1.27016089061448e-05,1.67810127653748,0.000132833599603878,0.781028067585163,9452.62437220259,867.292237687589,867.095502090127,867.058229266417,2835.78731166078,387.84,320,320
1.313,0,0,0,0,0,0,0,0,0,0,0,0,0,0,0,0,0,0,0,0,0,Inf,Inf,Inf,0.045,0.045,0.035,0.04,0.630189246484614,0.541941904384135,2.36396303717416e-12,1.27016166118262e-05,1.67810158960359,0.000132833600589478,0.781028005454635,9452.69773656806,867.29476613003,867.105244826282,867.073744697205,2835.80932097042,387.84,320,320
1.314,0,0,0,0,0,0,0,0,0,0,0,0,0,0,0,0,0,0,0,0,0,Inf,Inf,Inf,0.045,0.045,0.035,0.04,0.630192464898628,0.541945356116904,2.36396472091176e-12,1.27018622489502e-05,1.67810148177721,0.000132833592133792,0.781028044490914,9452.74409722854,867.295179811033,867.114198468778,867.074157744217,2835.82322916856,387.84,320,320
1.315,0,0,0,0,0,0,0,0,0,0,0,0,0,0,0,0,0,0,0,0,0,Inf,Inf,Inf,0.045,0.045,0.035,0.04,0.630193690299729,0.541949473996734,2.36397261440775e-12,1.27018705422911e-05,1.67810094140921,0.000132833579851242,0.781028044469345,9452.77562157351,867.295153462147,867.108570507895,867.074132302056,2835.83268647205,387.84,320,320
1.316,0,0,0,0,0,0,0,0,0,0,0,0,0,0,0,0,0,0,0,0,0,Inf,Inf,Inf,0.045,0.045,0.035,0.04,0.630198989595116,0.541951690529935,2.36398864490428e-12,1.27018775579611e-05,1.67810110164512,0.00013283358400126,0.781027985542634,9452.8394695508,867.310382591933,867.118282035945,867.075532461312,2835.85184086524,387.84,320,320
1.317,0,0,0,0,0,0,0,0,0,0,0,0,0,0,0,0,0,0,0,0,0,Inf,Inf,Inf,0.045,0.045,0.035,0.04,0.63020299374525,0.541953882035998,2.36401166653998e-12,1.27017858228735e-05,1.6781011508059,0.000132833578568632,0.781028002648668,9452.90784146453,867.311376565798,867.127840055855,867.090393671582,2835.87235243936,387.84,320,320
1.318,0,0,0,0,0,0,0,0,0,0,0,0,0,0,0,0,0,0,0,0,0,Inf,Inf,Inf,0.045,0.045,0.035,0.04,0.630204869631737,0.541958648667112,2.36403787385605e-12,1.27017912353913e-05,1.67810074657532,0.000132833583736732,0.78102801166667,9452.9298389464,867.311288310035,867.121876376426,867.090305790744,2835.87895168392,387.84,320,320
1.319,0,0,0,0,0,0,0,0,0,0,0,0,0,0,0,0,0,0,0,0,0,Inf,Inf,Inf,0.045,0.045,0.035,0.04,0.630208749514126,0.541961554411872,2.36406223550819e-12,1.27017996275184e-05,1.67810058316787,0.000132833590744757,0.78102797272608,9452.98330198524,867.326163828656,867.131325390632,867.091043346205,2835.89499059557,387.84,320,320
1.32,0,0,0,0,0,0,0,0,0,0,0,0,0,0,0,0,0,0,0,0,0,Inf,Inf,Inf,0.045,0.045,0.035,0.04,0.63021352600623,0.541962656181415,2.36408040759239e-12,1.27018055447348e-05,1.67810078457085,0.000132833589147249,0.78102795461934,9453.06772758905,867.327929502827,867.141279164581,867.106945407225,2835.92031827672,387.84,320,320
1.321,0,0,0,0,0,0,0,0,0,0,0,0,0,0,0,0,0,0,0,0,0,Inf,Inf,Inf,0.045,0.045,0.035,0.04,0.63021613580062,0.541967629316451,2.36409039839571e-12,1.27015868015522e-05,1.67810053128885,0.000132833577821075,0.781027978628879,9453.09067671715,867.328007859383,867.149835810594,867.10702358628,2835.92720301514,387.84,320,320
1.322,0,0,0,0,0,0,0,0,0,0,0,0,0,0,0,0,0,0,0,0,0,Inf,Inf,Inf,0.045,0.045,0.035,0.04,0.630218218102076,0.541971244920261,2.36409334614314e-12,1.27015936729163e-05,1.67810001671874,0.000132833576540203,0.781027950539959,9453.13340104371,867.341701960947,867.144437671167,867.107276540781,2835.94002031311,387.84,320,320
1.323,0,0,0,0,0,0,0,0,0,0,0,0,0,0,0,0,0,0,0,0,0,Inf,Inf,Inf,0.045,0.045,0.035,0.04,0.630223718501228,0.541972929207942,2.36409310592591e-12,1.27016020997496e-05,1.67810035871903,0.000132833577591793,0.781027882373448,9453.20905503161,867.344400329792,867.154558921638,867.12338059876,2835.96271650948,387.84,320,320
1.324,0,0,0,0,0,0,0,0,0,0,0,0,0,0,0,0,0,0,0,0,0,Inf,Inf,Inf,0.045,0.045,0.035,0.04,0.630227114263687,0.541976415854388,2.36409479521817e-12,1.270185405812e-05,1.67810026649201,0.000132833569283793,0.781027925754059,9453.25896392241,867.34487298425,867.163894392172,867.123852528984,2835.97768917672,387.84,320,320
1.325,0,0,0,0,0,0,0,0,0,0,0,0,0,0,0,0,0,0,0,0,0,Inf,Inf,Inf,0.045,0.045,0.035,0.04,0.630228431798065,0.541980730421356,2.36410284680984e-12,1.27018620041613e-05,1.67809972493018,0.00013283355707694,0.781027932378228,9453.29113073108,867.34484764743,867.158048097188,867.123828064696,2835.98733921933,387.84,320,320
1.326,0,0,0,0,0,0,0,0,0,0,0,0,0,0,0,0,0,0,0,0,0,Inf,Inf,Inf,0.045,0.045,0.035,0.04,0.630233820017749,0.541983073892883,2.36411931027643e-12,1.27018710483471e-05,1.67809987692989,0.000132833561491802,0.781027876247363,9453.35671616035,867.360590521207,867.168099429367,867.125242852859,2836.00701484811,387.84,320,320
1.327,0,0,0,0,0,0,0,0,0,0,0,0,0,0,0,0,0,0,0,0,0,Inf,Inf,Inf,0.045,0.045,0.035,0.04,0.630238019410954,0.5419852478316,2.36414305315014e-12,1.27017756174151e-05,1.67809994720174,0.000132833556146512,0.781027886520456,9453.42931653068,867.361673336179,867.178025676229,867.140691996149,2836.02879495921,387.84,320,320
1.328,0,0,0,0,0,0,0,0,0,0,0,0,0,0,0,0,0,0,0,0,0,Inf,Inf,Inf,0.045,0.045,0.035,0.04,0.630240010997819,0.5419902188447,2.36417017314481e-12,1.27017846663639e-05,1.67809954831208,0.000132833561103175,0.781027884937962,9453.45163805028,867.361597841201,867.171881427034,867.140616821097,2836.03549141508,387.84,320,320
1.329,0,0,0,0,0,0,0,0,0,0,0,0,0,0,0,0,0,0,0,0,0,Inf,Inf,Inf,0.045,0.045,0.035,0.04,0.630243915002391,0.541993269949768,2.36419547149427e-12,1.27017894222081e-05,1.67809936420989,0.000132833568626228,0.781027846069495,9453.50633706811,867.376903306293,867.181626868098,867.141355155786,2836.05190112043,387.84,320,320
1.33,0,0,0,0,0,0,0,0,0,0,0,0,0,0,0,0,0,0,0,0,0,Inf,Inf,Inf,0.045,0.045,0.035,0.04,0.63024889951052,0.541994447008402,2.3642144306506e-12,1.27017934764968e-05,1.67809959065979,0.000132833566949339,0.781027837343789,9453.59311167876,867.37878964022,867.191926718775,867.157807041941,2836.07793350363,387.84,320,320
1.331,0,0,0,0,0,0,0,0,0,0,0,0,0,0,0,0,0,0,0,0,0,Inf,Inf,Inf,0.045,0.045,0.035,0.04,0.630251646920343,0.541999490319122,2.36422494338907e-12,1.27015725105941e-05,1.67809934895726,0.000132833555775991,0.781027865898041,9453.61857296343,867.378899615294,867.200813765525,867.157916768047,2836.08557188903,387.84,320,320
1.332,0,0,0,0,0,0,0,0,0,0,0,0,0,0,0,0,0,0,0,0,0,Inf,Inf,Inf,0.045,0.045,0.035,0.04,0.630253696613179,0.542003266118338,2.36422813105097e-12,1.27015806574018e-05,1.67809880526038,0.000132833553895828,0.781027837645994,9453.66209426753,867.392930567785,867.195206326998,867.158166193911,2836.09862828026,387.84,320,320
1.333,0,0,0,0,0,0,0,0,0,0,0,0,0,0,0,0,0,0,0,0,0,Inf,Inf,Inf,0.045,0.045,0.035,0.04,0.630259411406003,0.542005045395674,2.36422793302801e-12,1.27015890842742e-05,1.67809917419888,0.00013283355538421,0.781027771922422,9453.73956724892,867.395781120334,867.205642907703,867.174762837057,2836.12187017468,387.84,320,320
1.334,0,0,0,0,0,0,0,0,0,0,0,0,0,0,0,0,0,0,0,0,0,Inf,Inf,Inf,0.045,0.045,0.035,0.04,0.630262963172703,0.542008545327919,2.36422961740918e-12,1.2701843144764e-05,1.67809909836703,0.00013283354700023,0.781027817249721,9453.79272983837,867.396309574124,867.21530190404,867.175290480824,2836.13781895151,387.84,320,320
1.335,0,0,0,0,0,0,0,0,0,0,0,0,0,0,0,0,0,0,0,0,0,Inf,Inf,Inf,0.045,0.045,0.035,0.04,0.630264364768707,0.542013029779151,2.36423777595717e-12,1.27018531193767e-05,1.67809855915819,0.00013283353458161,0.781027819218531,9453.82533384902,867.396285408697,867.209270100952,867.175267148097,2836.14760015471,387.84,320,320
1.336,0,0,0,0,0,0,0,0,0,0,0,0,0,0,0,0,0,0,0,0,0,Inf,Inf,Inf,0.045,0.045,0.035,0.04,0.630269805075308,0.542015485883292,2.36425456684067e-12,1.27018618162209e-05,1.67809870268919,0.000132833539269119,0.781027760077876,9453.89223481042,867.412444674364,867.219598127032,867.176687396109,2836.16767044313,387.84,320,320
1.337,0,0,0,0,0,0,0,0,0,0,0,0,0,0,0,0,0,0,0,0,0,Inf,Inf,Inf,0.045,0.045,0.035,0.04,0.630274173458588,0.542017625407718,2.36427887796683e-12,1.27017570382559e-05,1.6780987923677,0.000132833534289965,0.781027768558393,9453.96864778614,867.4136101921,867.229830155438,867.192630152582,2836.19059433584,387.84,320,320
1.338,0,0,0,0,0,0,0,0,0,0,0,0,0,0,0,0,0,0,0,0,0,Inf,Inf,Inf,0.045,0.045,0.035,0.04,0.630276268539776,0.542022769594562,2.36430673533715e-12,1.2701764612467e-05,1.67809840032191,0.000132833539180845,0.781027768109116,9453.99114237688,867.413548203231,867.223544184248,867.192568426264,2836.19734271306,387.84,320,320
1.339,0,0,0,0,0,0,0,0,0,0,0,0,0,0,0,0,0,0,0,0,0,Inf,Inf,Inf,0.045,0.045,0.035,0.04,0.630280168131288,0.542025947070615,2.3643328064629e-12,1.27017731539876e-05,1.67809819936896,0.000132833547010688,0.781027733292663,9454.04671080777,867.4291817551,867.233522316936,867.193302310453,2836.21401324233,387.84,320,320
1.34,0,0,0,0,0,0,0,0,0,0,0,0,0,0,0,0,0,0,0,0,0,Inf,Inf,Inf,0.045,0.045,0.035,0.04,0.630285328169675,0.542027192310219,2.36435242956231e-12,1.27017791011055e-05,1.67809844838413,0.00013283354524516,0.781027724697332,9454.13525452674,867.431177357112,867.244100712995,867.210196001058,2836.24057635802,387.84,320,320
1.341,0,0,0,0,0,0,0,0,0,0,0,0,0,0,0,0,0,0,0,0,0,Inf,Inf,Inf,0.045,0.045,0.035,0.04,0.630288195203832,0.542032268791803,2.36436339574101e-12,1.27015606042639e-05,1.67809821874075,0.000132833533898387,0.781027756508793,9454.16309424159,867.431318597154,867.253259681756,867.210336921483,2836.24892827248,387.84,320,320
1.342,0,0,0,0,0,0,0,0,0,0,0,0,0,0,0,0,0,0,0,0,0,Inf,Inf,Inf,0.045,0.045,0.035,0.04,0.630290197575878,0.542036179782939,2.3643668023627e-12,1.27015693054184e-05,1.67809765029329,0.000132833531653304,0.781027727235082,9454.20711961504,867.445587585567,867.247482093491,867.210581050295,2836.26213588451,387.84,320,320
1.343,0,0,0,0,0,0,0,0,0,0,0,0,0,0,0,0,0,0,0,0,0,Inf,Inf,Inf,0.045,0.045,0.035,0.04,0.630296088140007,0.542038042091075,2.36436664770721e-12,1.27015777323307e-05,1.67809804376718,0.000132833533107533,0.781027667882875,9454.28589317938,867.448571162723,867.258163539685,867.227554064825,2836.28576795381,387.84,320,320
1.344,0,0,0,0,0,0,0,0,0,0,0,0,0,0,0,0,0,0,0,0,0,Inf,Inf,Inf,0.045,0.045,0.035,0.04,0.63029977150463,0.542041531734697,2.36436831637926e-12,1.27018395953688e-05,1.67809798444008,0.00013283352472334,0.781027708322814,9454.34193445295,867.449151595618,867.268080517521,867.228133606689,2836.30258033589,387.84,320,320
1.345,0,0,0,0,0,0,0,0,0,0,0,0,0,0,0,0,0,0,0,0,0,Inf,Inf,Inf,0.045,0.045,0.035,0.04,0.630301247065935,0.542046155279168,2.36437652930282e-12,1.27018475416341e-05,1.67809745052457,0.000132833512855365,0.781027700511851,9454.37476637589,867.449128737318,867.261908894802,867.228111536468,2836.31242991277,387.84,320,320
1.346,0,0,0,0,0,0,0,0,0,0,0,0,0,0,0,0,0,0,0,0,0,Inf,Inf,Inf,0.045,0.045,0.035,0.04,0.630306706873416,0.542048706684118,2.36439353909517e-12,1.27018575722295e-05,1.67809758363229,0.000132833518124158,0.781027642437589,9454.44255182892,867.465593385556,867.272444686284,867.229528417039,2836.33276554868,387.84,320,320
1.347,0,0,0,0,0,0,0,0,0,0,0,0,0,0,0,0,0,0,0,0,0,Inf,Inf,Inf,0.045,0.045,0.035,0.04,0.630311214391783,0.542050802563134,2.36441826101742e-12,1.27017443920189e-05,1.67809769302896,0.000132833513102224,0.781027661630482,9454.52219293187,867.466832590786,867.282913969147,867.245853587618,2836.35665787956,387.84,320,320
1.348,0,0,0,0,0,0,0,0,0,0,0,0,0,0,0,0,0,0,0,0,0,Inf,Inf,Inf,0.045,0.045,0.035,0.04,0.630313398156769,0.542056085190155,2.36444667489341e-12,1.27017483449449e-05,1.67809731137813,0.000132833517710551,0.781027668837366,9454.54472591158,867.46678408,867.276527667602,867.245805282426,2836.36341777347,387.84,320,320
1.349,0,0,0,0,0,0,0,0,0,0,0,0,0,0,0,0,0,0,0,0,0,Inf,Inf,Inf,0.045,0.045,0.035,0.04,0.630317273805379,0.542059367201519,2.36447334896192e-12,1.27017569163931e-05,1.67809709276105,0.000132833525893433,0.781027629985942,9454.60082256407,867.482649498709,867.286674787811,867.24653066887,2836.38024676922,387.84,320,320
1.35,0,0,0,0,0,0,0,0,0,0,0,0,0,0,0,0,0,0,0,0,0,Inf,Inf,Inf,0.045,0.045,0.035,0.04,0.630322575686308,0.54206067164,2.36449350750507e-12,1.27017683628245e-05,1.67809736362348,0.000132833524328255,0.781027615310591,9454.6905856837,867.48473997451,867.297463993706,867.263759592999,2836.40717570511,387.84,320,320
1.351,0,0,0,0,0,0,0,0,0,0,0,0,0,0,0,0,0,0,0,0,0,Inf,Inf,Inf,0.045,0.045,0.035,0.04,0.630325543453255,0.542065753816764,2.36450485457113e-12,1.27015493067234e-05,1.67809714839127,0.000132833513163637,0.781027649029155,9454.72056971399,867.484910890479,867.306836088591,867.263930122031,2836.4161709142,387.84,320,320
1.352,0,0,0,0,0,0,0,0,0,0,0,0,0,0,0,0,0,0,0,0,0,Inf,Inf,Inf,0.045,0.045,0.035,0.04,0.630327487055299,0.542069774824313,2.36450845687486e-12,1.27015585622418e-05,1.6780965583746,0.000132833509919461,0.78102762024689,9454.7648323285,867.499335296659,867.300921804339,867.264167654145,2836.42944969855,387.84,320,320
1.353,0,0,0,0,0,0,0,0,0,0,0,0,0,0,0,0,0,0,0,0,0,Inf,Inf,Inf,0.045,0.045,0.035,0.04,0.630333516567687,0.542071708124142,2.36450834612658e-12,1.27015669891962e-05,1.67809697381333,0.000132833512081448,0.781027560766897,9454.84442156814,867.502432610714,867.311782165606,867.281416427132,2836.45332647044,387.84,320,320
1.354,0,0,0,0,0,0,0,0,0,0,0,0,0,0,0,0,0,0,0,0,0,Inf,Inf,Inf,0.045,0.045,0.035,0.04,0.630337308633044,0.542075166091154,2.3645099888711e-12,1.27018363942029e-05,1.67809693111944,0.000132833503789567,0.781027597530907,9454.90301182073,867.503061210779,867.321895856661,867.282044061329,2836.47090354622,387.84,320,320
1.355,0,0,0,0,0,0,0,0,0,0,0,0,0,0,0,0,0,0,0,0,0,Inf,Inf,Inf,0.045,0.045,0.035,0.04,0.630338849173587,0.54207990028688,2.36451820467359e-12,1.2701843993203e-05,1.67809640580833,0.000132833492072485,0.781027586692699,9454.93586483961,867.503039800235,867.315619126487,867.28202338936,2836.48075945188,387.84,320,320
1.356,0,0,0,0,0,0,0,0,0,0,0,0,0,0,0,0,0,0,0,0,0,Inf,Inf,Inf,0.045,0.045,0.035,0.04,0.63034429178614,0.54208253152246,2.36453532579752e-12,1.27018560523327e-05,1.67809652863871,0.000132833497700488,0.7810275352965,9455.00410465448,867.519709032298,867.326297316519,867.283427857873,2836.50123139634,387.84,320,320
1.357,0,0,0,0,0,0,0,0,0,0,0,0,0,0,0,0,0,0,0,0,0,Inf,Inf,Inf,0.045,0.045,0.035,0.04,0.630348910539111,0.542084567837862,2.36456030145855e-12,1.2701735666533e-05,1.67809665651692,0.00013283349295052,0.781027567016202,9455.08651528988,867.521014830559,867.33693877911,867.300036601871,2836.52595458696,387.84,320,320
1.358,0,0,0,0,0,0,0,0,0,0,0,0,0,0,0,0,0,0,0,0,0,Inf,Inf,Inf,0.045,0.045,0.035,0.04,0.630351169685021,0.542089956124682,2.36458909081348e-12,1.27017432559181e-05,1.67809628690015,0.000132833497095506,0.781027576399261,9455.10893692133,867.52098034515,867.330492008145,867.300002262513,2836.5326810764,387.84,320,320
1.359,0,0,0,0,0,0,0,0,0,0,0,0,0,0,0,0,0,0,0,0,0,Inf,Inf,Inf,0.045,0.045,0.035,0.04,0.630354993727745,0.542093322454481,2.36461619751879e-12,1.27017519618045e-05,1.6780960539572,0.000132833505388265,0.781027524542485,9455.16519243409,867.536973930288,867.340742812514,867.300714107392,2836.54955773023,387.84,320,320
1.36,0,0,0,0,0,0,0,0,0,0,0,0,0,0,0,0,0,0,0,0,0,Inf,Inf,Inf,0.045,0.045,0.035,0.04,0.630360403416453,0.542094678251971,2.36463676253439e-12,1.27017616348843e-05,1.6780963438343,0.000132833504326715,0.781027509026735,9455.25558563385,867.539146715466,867.351673241894,867.318167041373,2836.57667569016,387.84,320,320
1.361,0,0,0,0,0,0,0,0,0,0,0,0,0,0,0,0,0,0,0,0,0,Inf,Inf,Inf,0.045,0.045,0.035,0.04,0.630363452782119,0.542099729671574,2.364648417676e-12,1.27015381769012e-05,1.67809614325806,0.000132833493342184,0.781027545182015,9455.28755027414,867.53934655186,867.361197827781,867.318366425458,2836.58626508224,387.84,320,320
1.362,0,0,0,0,0,0,0,0,0,0,0,0,0,0,0,0,0,0,0,0,0,Inf,Inf,Inf,0.045,0.045,0.035,0.04,0.630365323920253,0.542103834536938,2.3646521923609e-12,1.27015487078859e-05,1.67809553627299,0.000132833490028461,0.781027519586213,9455.33175768642,867.553826998414,867.355187145229,867.318595702,2836.59952730593,387.84,320,320
1.363,0,0,0,0,0,0,0,0,0,0,0,0,0,0,0,0,0,0,0,0,0,Inf,Inf,Inf,0.045,0.045,0.035,0.04,0.630371452413391,0.542105826091748,2.36465212611216e-12,1.27015571348816e-05,1.67809597063047,0.000132833492556877,0.781027452855136,9455.41163964591,867.557017643928,867.366154466402,867.336002097838,2836.62349189377,387.84,320,320
1.364,0,0,0,0,0,0,0,0,0,0,0,0,0,0,0,0,0,0,0,0,0,Inf,Inf,Inf,0.045,0.045,0.035,0.04,0.630375327679366,0.542109229429607,2.36465373256301e-12,1.27018297759183e-05,1.67809594456624,0.000132833484662161,0.781027495789126,9455.47237661782,867.557690032342,867.376397570748,867.336673454059,2836.64171298535,387.84,320,320
1.365,0,0,0,0,0,0,0,0,0,0,0,0,0,0,0,0,0,0,0,0,0,Inf,Inf,Inf,0.045,0.045,0.035,0.04,0.63037692242264,0.542114042451133,2.36466189910249e-12,1.2701838069789e-05,1.67809543111245,0.000132833472587511,0.781027488914358,9455.50504306674,867.557670186446,867.370061980501,867.336654293167,2836.65151292002,387.84,320,320
1.366,0,0,0,0,0,0,0,0,0,0,0,0,0,0,0,0,0,0,0,0,0,Inf,Inf,Inf,0.045,0.045,0.035,0.04,0.630382315605829,0.542116735409223,2.36467902260487e-12,1.27018484479054e-05,1.67809554241715,0.000132833478607978,0.781027439738473,9455.57330428357,867.574431666546,867.380812548598,867.338037732726,2836.67199128507,387.84,320,320
1.367,0,0,0,0,0,0,0,0,0,0,0,0,0,0,0,0,0,0,0,0,0,Inf,Inf,Inf,0.045,0.045,0.035,0.04,0.630387014699318,0.542118703494015,2.36470409273465e-12,1.27017275390444e-05,1.67809568880018,0.000132833474130315,0.781027472096792,9455.65787560244,867.575794366854,867.391556202274,867.354816641407,2836.69736268073,387.84,320,320
1.368,0,0,0,0,0,0,0,0,0,0,0,0,0,0,0,0,0,0,0,0,0,Inf,Inf,Inf,0.045,0.045,0.035,0.04,0.630389333677481,0.542124161748518,2.36473307356674e-12,1.27017371109578e-05,1.67809533406378,0.000132833477782536,0.781027479066226,9455.68005307524,867.575773727911,867.385090743551,867.354796089412,2836.70401592257,387.84,320,320
1.369,0,0,0,0,0,0,0,0,0,0,0,0,0,0,0,0,0,0,0,0,0,Inf,Inf,Inf,0.045,0.045,0.035,0.04,0.630393087048081,0.542127589752685,2.36476043915028e-12,1.27017459513036e-05,1.67809508615789,0.000132833486942483,0.781027419060592,9455.73612597296,867.591798159955,867.395380687496,867.355490505272,2836.72083779189,387.84,320,320
1.37,0,0,0,0,0,0,0,0,0,0,0,0,0,0,0,0,0,0,0,0,0,Inf,Inf,Inf,0.045,0.045,0.035,0.04,0.630398569810843,0.542128987406177,2.36478127820608e-12,1.2701753880902e-05,1.67809539398027,0.000132833486158403,0.781027408451721,9455.82659472041,867.594038025344,867.406383327723,867.373058783314,2836.74797841612,387.84,320,320
1.371,0,0,0,0,0,0,0,0,0,0,0,0,0,0,0,0,0,0,0,0,0,Inf,Inf,Inf,0.045,0.045,0.035,0.04,0.63040168104128,0.542133980872866,2.36479316569849e-12,1.27015339789923e-05,1.67809521023239,0.000132833475253788,0.781027447947168,9455.86028701419,867.594264878865,867.416000123581,867.373285123451,2836.75808610426,387.84,320,320
1.372,0,0,0,0,0,0,0,0,0,0,0,0,0,0,0,0,0,0,0,0,0,Inf,Inf,Inf,0.045,0.045,0.035,0.04,0.630403469081144,0.542138143548265,2.36479708758374e-12,1.27015445100919e-05,1.67809458922291,0.000132833472071128,0.781027426271568,9455.90417400979,867.60871811399,867.409927655449,867.373504943717,2836.77125220294,387.84,320,320
1.373,0,0,0,0,0,0,0,0,0,0,0,0,0,0,0,0,0,0,0,0,0,Inf,Inf,Inf,0.045,0.045,0.035,0.04,0.630409658695414,0.542140180670547,2.3647970658362e-12,1.27015533245808e-05,1.67809503989203,0.000132833474658483,0.781027354521902,9455.98386229087,867.611981764499,867.420934971152,867.390966579422,2836.79515868726,387.84,320,320
1.374,0,0,0,0,0,0,0,0,0,0,0,0,0,0,0,0,0,0,0,0,0,Inf,Inf,Inf,0.045,0.045,0.035,0.04,0.630413593336044,0.542143508775841,2.3647986262787e-12,1.27018157394278e-05,1.67809503097054,0.000132833467091918,0.781027409105253,9456.04639081579,867.612693601102,867.431244898742,867.391677325096,2836.81391724474,387.84,320,320
1.375,0,0,0,0,0,0,0,0,0,0,0,0,0,0,0,0,0,0,0,0,0,Inf,Inf,Inf,0.045,0.045,0.035,0.04,0.630415232643649,0.542148371321006,2.36480669299971e-12,1.2701823686043e-05,1.67809453282686,0.00013283345432806,0.781027403222564,9456.07866751949,867.612675439131,867.424886026188,867.39165979033,2836.82360025585,387.84,320,320
1.376,0,0,0,0,0,0,0,0,0,0,0,0,0,0,0,0,0,0,0,0,0,Inf,Inf,Inf,0.045,0.045,0.035,0.04,0.630420540712093,0.542151109806181,2.36482371200514e-12,1.27018340642282e-05,1.67809463261546,0.000132833460532738,0.781027346248983,9456.1465226668,867.629427635663,867.43564307201,867.393013501575,2836.84395680004,387.84,320,320
1.377,0,0,0,0,0,0,0,0,0,0,0,0,0,0,0,0,0,0,0,0,0,Inf,Inf,Inf,0.045,0.045,0.035,0.04,0.630425291355266,0.542152994966695,2.36484871946572e-12,1.27017220070025e-05,1.67809479545943,0.000132833456334881,0.781027370410996,9456.23276719408,867.630839412425,867.446422932514,867.409861919813,2836.86983015822,387.84,320,320
1.378,0,0,0,0,0,0,0,0,0,0,0,0,0,0,0,0,0,0,0,0,0,Inf,Inf,Inf,0.045,0.045,0.035,0.04,0.630427656140272,0.542158489708902,2.36487770963478e-12,1.27017281219093e-05,1.6780944567782,0.000132833460364008,0.781027382187025,9456.25455548554,867.630832967911,867.439978604976,867.409855502189,2836.87636664566,387.84,320,320
1.379,0,0,0,0,0,0,0,0,0,0,0,0,0,0,0,0,0,0,0,0,0,Inf,Inf,Inf,0.045,0.045,0.035,0.04,0.630431312594405,0.542161958490628,2.36490516175136e-12,1.27017405688207e-05,1.67809419780893,0.000132833469682002,0.781027327585772,9456.3100824431,867.646785226794,867.45024244618,867.41052773596,2836.89302473293,387.84,320,320
1.38,0,0,0,0,0,0,0,0,0,0,0,0,0,0,0,0,0,0,0,0,0,Inf,Inf,Inf,0.045,0.045,0.035,0.04,0.63043683371611,0.542163389652296,2.3649261433348e-12,1.27017503166224e-05,1.67809452066419,0.000132833469052042,0.781027316220286,9456.40004222142,867.64907879395,867.46124739293,867.42809971363,2836.92001266643,387.84,320,320
1.381,0,0,0,0,0,0,0,0,0,0,0,0,0,0,0,0,0,0,0,0,0,Inf,Inf,Inf,0.045,0.045,0.035,0.04,0.630439987027502,0.542168290013906,2.36493818793332e-12,1.27015339955127e-05,1.67809435392826,0.000132833458428512,0.781027357799154,9456.43527448451,867.649331545363,867.470895122866,867.428351893132,2836.93058234535,387.84,320,320
1.382,0,0,0,0,0,0,0,0,0,0,0,0,0,0,0,0,0,0,0,0,0,Inf,Inf,Inf,0.045,0.045,0.035,0.04,0.630441679565766,0.542172483843967,2.3649422320015e-12,1.27015446935373e-05,1.67809373026622,0.000132833454999321,0.781027338475899,9456.47855595059,867.649539254811,867.464801402113,867.428560742118,2836.94356678518,387.84,320,320
1.383,0,0,0,0,0,0,0,0,0,0,0,0,0,0,0,0,0,0,0,0,0,Inf,Inf,Inf,0.045,0.045,0.035,0.04,0.630447889969588,0.542174553344322,2.36494225476847e-12,1.27015529538102e-05,1.67809418762476,0.000132833458233787,0.781027268405966,9456.55753558969,867.666975364554,867.47577700338,867.445960265401,2836.96726067691,387.84,320,320
1.384,0,0,0,0,0,0,0,0,0,0,0,0,0,0,0,0,0,0,0,0,0,Inf,Inf,Inf,0.045,0.045,0.035,0.04,0.630451858016391,0.542177784437341,2.36494375951191e-12,1.27018067471036e-05,1.67809419584215,0.000132833450772431,0.781027328942551,9456.6214355491,867.667721827619,867.486086330186,867.446705585248,2836.98643066473,387.84,320,320
1.385,0,0,0,0,0,0,0,0,0,0,0,0,0,0,0,0,0,0,0,0,0,Inf,Inf,Inf,0.045,0.045,0.035,0.04,0.630453530690562,0.542182664413626,2.36495167598296e-12,1.27018167222948e-05,1.67809371572769,0.00013283343700139,0.781027318245931,9456.65312155355,867.667705445111,867.479749986834,867.446689768721,2836.99593646607,387.84,320,320
1.386,0,0,0,0,0,0,0,0,0,0,0,0,0,0,0,0,0,0,0,0,0,Inf,Inf,Inf,0.045,0.045,0.035,0.04,0.63045872262864,0.542185429969366,2.36496848378239e-12,1.27018284342901e-05,1.67809380229737,0.000132833443248747,0.781027252109218,9456.7201464714,867.684337376056,867.49044409123,867.448005558981,2837.01604394142,387.84,320,320
1.387,0,0,0,0,0,0,0,0,0,0,0,0,0,0,0,0,0,0,0,0,0,Inf,Inf,Inf,0.045,0.045,0.035,0.04,0.630463493629211,0.542187224402097,2.36499327144027e-12,1.2701716550584e-05,1.67809398108052,0.000132833439273344,0.781027272624723,9456.80744451536,867.685788077905,867.501190401326,867.464810543164,2837.04223335461,387.84,320,320
1.388,0,0,0,0,0,0,0,0,0,0,0,0,0,0,0,0,0,0,0,0,0,Inf,Inf,Inf,0.045,0.045,0.035,0.04,0.630465888300188,0.542192719842438,2.36502208838724e-12,1.27017244240865e-05,1.67809366147736,0.000132833443784717,0.781027298953501,9456.82871619236,867.685795494912,867.494808342423,867.464817928924,2837.04861485771,387.84,320,320
1.389,0,0,0,0,0,0,0,0,0,0,0,0,0,0,0,0,0,0,0,0,0,Inf,Inf,Inf,0.045,0.045,0.035,0.04,0.630469429802505,0.542196206491509,2.36504945368044e-12,1.27017369158894e-05,1.67809339135748,0.00013283345317336,0.78102725464807,9456.88336430982,867.701579673346,867.504982322931,867.465464364269,2837.06500929294,387.84,320,320
1.39,0,0,0,0,0,0,0,0,0,0,0,0,0,0,0,0,0,0,0,0,0,Inf,Inf,Inf,0.045,0.045,0.035,0.04,0.630474954374055,0.542197661360451,2.36507044473543e-12,1.27017448604983e-05,1.67809372805873,0.000132833452911296,0.781027232076855,9456.97227007658,867.70391123569,867.515921029654,867.48293204204,2837.09168102298,387.84,320,320
1.391,0,0,0,0,0,0,0,0,0,0,0,0,0,0,0,0,0,0,0,0,0,Inf,Inf,Inf,0.045,0.045,0.035,0.04,0.630478129689779,0.542202442493317,2.36508256945259e-12,1.27015306872863e-05,1.6780935802019,0.000132833442437064,0.781027272994509,9457.00877598651,867.704187706275,867.525539461097,867.483207886702,2837.10263279595,387.84,320,320
1.392,0,0,0,0,0,0,0,0,0,0,0,0,0,0,0,0,0,0,0,0,0,Inf,Inf,Inf,0.045,0.045,0.035,0.04,0.630479717217954,0.542206641229357,2.36508670926797e-12,1.27015401100546e-05,1.67809297738585,0.000132833439174821,0.781027254916853,9457.05119526584,867.704383442355,867.519459325674,867.483404696568,2837.11535857975,387.84,320,320
1.393,0,0,0,0,0,0,0,0,0,0,0,0,0,0,0,0,0,0,0,0,0,Inf,Inf,Inf,0.045,0.045,0.035,0.04,0.630485910512073,0.542208730104949,2.36508677601885e-12,1.27015489246602e-05,1.67809341854686,0.000132833442832009,0.781027186200423,9457.128991031,867.721656044077,867.530336993017,867.50064075556,2837.1386973093,387.84,320,320
1.394,0,0,0,0,0,0,0,0,0,0,0,0,0,0,0,0,0,0,0,0,0,Inf,Inf,Inf,0.045,0.045,0.035,0.04,0.630489887844667,0.542211844909529,2.36508821609275e-12,1.27018092873767e-05,1.67809344378244,0.000132833435836179,0.781027245369964,9457.19389152331,867.722432385355,867.540583455488,867.501415907413,2837.15816745699,387.84,320,320
1.395,0,0,0,0,0,0,0,0,0,0,0,0,0,0,0,0,0,0,0,0,0,Inf,Inf,Inf,0.045,0.045,0.035,0.04,0.630491583860546,0.542216712930743,2.36509593395938e-12,1.2701820249082e-05,1.67809298452326,0.000132833421118538,0.781027233679109,9457.22479233827,867.722417877957,867.534305002589,867.501401901414,2837.16743770148,387.84,320,320
1.396,0,0,0,0,0,0,0,0,0,0,0,0,0,0,0,0,0,0,0,0,0,Inf,Inf,Inf,0.045,0.045,0.035,0.04,0.630496625798562,0.542219489075864,2.36511242704569e-12,1.2701828946301e-05,1.67809305786336,0.000132833427651176,0.781027167563585,9457.29057284895,867.738829973277,867.544871429512,867.502671620336,2837.18717185468,387.84,320,320
1.397,0,0,0,0,0,0,0,0,0,0,0,0,0,0,0,0,0,0,0,0,0,Inf,Inf,Inf,0.045,0.045,0.035,0.04,0.630501388235839,0.542221179547774,2.36513684160967e-12,1.27017141789394e-05,1.67809325083373,0.000132833424242388,0.781027191053652,9457.37842274417,867.740311277047,867.555519002544,867.519333434413,2837.21352682325,387.84,320,320
1.398,0,0,0,0,0,0,0,0,0,0,0,0,0,0,0,0,0,0,0,0,0,Inf,Inf,Inf,0.045,0.045,0.035,0.04,0.630503798430167,0.542226642381887,2.36516530664738e-12,1.27017236467562e-05,1.67809295184177,0.000132833428925435,0.781027228800648,9457.39904082462,867.740332707458,867.549237995836,867.519354774645,2837.21971224738,387.84,320,320
1.399,0,0,0,0,0,0,0,0,0,0,0,0,0,0,0,0,0,0,0,0,0,Inf,Inf,Inf,0.045,0.045,0.035,0.04,0.630507200669553,0.54223012587975,2.3651924150762e-12,1.27017323529948e-05,1.67809267414714,0.000132833438746999,0.781027187999399,9457.45246138172,867.755848900233,867.559258540227,867.519971052524,2837.23573841452,387.84,320,320
1.4,0,0,0,0,0,0,0,0,0,0,0,0,0,0,0,0,0,0,0,0,0,Inf,Inf,Inf,0.045,0.045,0.035,0.04,0.630512694176061,0.542231595836018,2.36521328489302e-12,1.27017421008697e-05,1.67809302162048,0.000132833439123945,0.78102715425325,9457.5397474174,867.758204643209,867.570062515338,867.537225068118,2837.26192422522,387.84,320,320
1.401,0,0,0,0,0,0,0,0,0,0,0,0,0,0,0,0,0,0,0,0,0,Inf,Inf,Inf,0.045,0.045,0.035,0.04,0.63051587157126,0.54223622463737,2.3652254139922e-12,1.270152372063e-05,1.67809289247715,0.000132833429308248,0.781027193398452,9457.57732124673,867.758503397822,867.579591257988,867.537523146092,2837.27319637402,387.84,320,320
1.402,0,0,0,0,0,0,0,0,0,0,0,0,0,0,0,0,0,0,0,0,0,Inf,Inf,Inf,0.045,0.045,0.035,0.04,0.630517343247163,0.542240401793029,2.36522962348572e-12,1.27015329767108e-05,1.67809231326785,0.000132833425134613,0.781027177507556,9457.61860719564,867.758685826809,867.573564550536,867.537706575734,2837.28558215869,387.84,320,320
1.403,0,0,0,0,0,0,0,0,0,0,0,0,0,0,0,0,0,0,0,0,0,Inf,Inf,Inf,0.045,0.045,0.035,0.04,0.630523479706597,0.542242496730108,2.36522973366663e-12,1.2701542345661e-05,1.67809273697265,0.000132833429124288,0.78102710660181,9457.69472429732,867.775681058228,867.584274526484,867.539749682424,2837.3084172892,387.84,320,320
1.404,0,0,0,0,0,0,0,0,0,0,0,0,0,0,0,0,0,0,0,0,0,Inf,Inf,Inf,0.045,0.045,0.035,0.04,0.630527440505553,0.542245475130513,2.36523110028516e-12,1.27018101473829e-05,1.67809277864171,0.000132833422609675,0.781027162544537,9457.76019733202,867.776482132037,867.594392173277,867.555465151705,2837.3280591996,387.84,320,320
1.405,0,0,0,0,0,0,0,0,0,0,0,0,0,0,0,0,0,0,0,0,0,Inf,Inf,Inf,0.045,0.045,0.035,0.04,0.630529148505228,0.54225029959339,2.36523857204602e-12,1.27018194281109e-05,1.67809234289874,0.000132833407596548,0.781027160570753,9457.79012359502,867.776469571815,867.588215987945,867.555453025809,2837.33703707851,387.84,320,320
1.406,0,0,0,0,0,0,0,0,0,0,0,0,0,0,0,0,0,0,0,0,0,Inf,Inf,Inf,0.045,0.045,0.035,0.04,0.630534011434752,0.542253067954947,2.36525464855591e-12,1.27018298065001e-05,1.67809240215001,0.00013283341448852,0.781027101118154,9457.85425471269,867.792554773362,867.598587579195,867.556669106858,2837.35627641381,387.84,320,320
1.407,0,0,0,0,0,0,0,0,0,0,0,0,0,0,0,0,0,0,0,0,0,Inf,Inf,Inf,0.045,0.045,0.035,0.04,0.630538734566254,0.542254647798578,2.36527853888281e-12,1.27017143991372e-05,1.6780926089358,0.000132833411575497,0.781027122203012,9457.94203966184,867.794056298182,867.609068565583,867.573077882186,2837.38261189855,387.84,320,320
1.408,0,0,0,0,0,0,0,0,0,0,0,0,0,0,0,0,0,0,0,0,0,Inf,Inf,Inf,0.045,0.045,0.035,0.04,0.630541144368962,0.542260043000297,2.3653064753932e-12,1.27017201560862e-05,1.67809233305177,0.000132833416631772,0.781027158272905,9457.96188537727,867.794091257934,867.602928138685,867.573112694041,2837.38856561318,387.84,320,320
1.409,0,0,0,0,0,0,0,0,0,0,0,0,0,0,0,0,0,0,0,0,0,Inf,Inf,Inf,0.045,0.045,0.035,0.04,0.630544390902734,0.542263500719202,2.3653331582916e-12,1.27017305909607e-05,1.67809204749066,0.000132833426535391,0.781027117472942,9458.01376256446,867.809247427134,867.612733864807,867.573695569661,2837.40412876934,387.84,320,320
1.41,0,0,0,0,0,0,0,0,0,0,0,0,0,0,0,0,0,0,0,0,0,Inf,Inf,Inf,0.045,0.045,0.035,0.04,0.630549819128241,0.542264975894233,2.36535377649011e-12,1.27017366726785e-05,1.67809240427926,0.000132833427227677,0.781027083242717,9458.09890722873,867.811611535661,867.623336743001,867.590631309744,2837.42967216862,387.84,320,320
1.411,0,0,0,0,0,0,0,0,0,0,0,0,0,0,0,0,0,0,0,0,0,Inf,Inf,Inf,0.045,0.045,0.035,0.04,0.630552978683101,0.542269428077502,2.36536583362824e-12,1.27015236319466e-05,1.67809229538528,0.000132833418002565,0.78102712193189,9458.13727480305,867.811930164955,867.632717121565,867.590949217207,2837.44118244091,387.84,320,320
1.412,0,0,0,0,0,0,0,0,0,0,0,0,0,0,0,0,0,0,0,0,0,Inf,Inf,Inf,0.045,0.045,0.035,0.04,0.630554326371424,0.542273557860476,2.36537008576098e-12,1.27015334424262e-05,1.67809174414623,0.00013283341282274,0.781027109144143,9458.17718592588,867.812098387257,867.626777927054,867.591118362144,2837.45315577776,387.84,320,320
1.413,0,0,0,0,0,0,0,0,0,0,0,0,0,0,0,0,0,0,0,0,0,Inf,Inf,Inf,0.045,0.045,0.035,0.04,0.630560369024658,0.542275645868616,2.3653702383228e-12,1.27015424239205e-05,1.6780921461534,0.000132833416803112,0.781027043336066,9458.25117239928,867.828718651144,867.637256433672,867.593076952592,2837.47535171978,387.84,320,320
1.414,0,0,0,0,0,0,0,0,0,0,0,0,0,0,0,0,0,0,0,0,0,Inf,Inf,Inf,0.045,0.045,0.035,0.04,0.630564289502014,0.542278470381497,2.36537152347969e-12,1.27018052701989e-05,1.67809220420475,0.000132833410711852,0.781027092474077,9458.31684179318,867.829539426816,867.6471849313,867.60852168288,2837.49505253796,387.84,320,320
1.415,0,0,0,0,0,0,0,0,0,0,0,0,0,0,0,0,0,0,0,0,0,Inf,Inf,Inf,0.045,0.045,0.035,0.04,0.630565999348369,0.542283222585481,2.36537870416695e-12,1.27018148983909e-05,1.67809179505305,0.000132833396350926,0.781027103299177,9458.34561244786,867.829528884185,867.654788442666,867.608511505015,2837.50368373436,387.84,320,320
1.416,0,0,0,0,0,0,0,0,0,0,0,0,0,0,0,0,0,0,0,0,0,Inf,Inf,Inf,0.045,0.045,0.035,0.04,0.630570651983984,0.542285966842533,2.36539426650919e-12,1.27018239430681e-05,1.67809184072867,0.000132833403102837,0.781027047010442,9458.4077034511,867.845192149717,867.651260001113,867.609666542034,2837.52231103533,387.84,320,320
1.417,0,0,0,0,0,0,0,0,0,0,0,0,0,0,0,0,0,0,0,0,0,Inf,Inf,Inf,0.045,0.045,0.035,0.04,0.630575307516045,0.542287424524913,2.36541748694009e-12,1.27017124733747e-05,1.67809205908321,0.000132833400621005,0.78102705468006,9458.49492177907,867.846705320462,867.661511680923,867.625726073129,2837.54847653372,387.84,320,320
1.418,0,0,0,0,0,0,0,0,0,0,0,0,0,0,0,0,0,0,0,0,0,Inf,Inf,Inf,0.045,0.045,0.035,0.04,0.630577702614122,0.542292719823968,2.36544472411353e-12,1.27017182603129e-05,1.67809180689809,0.000132833405670938,0.781027083036289,9458.51386928949,867.846753772906,867.655548601213,867.625774319847,2837.55416078685,387.84,320,320
1.419,0,0,0,0,0,0,0,0,0,0,0,0,0,0,0,0,0,0,0,0,0,Inf,Inf,Inf,0.045,0.045,0.035,0.04,0.63058077154873,0.542296131173097,2.36547081796553e-12,1.27017305283547e-05,1.67809151728511,0.000132833415481462,0.781027050126563,9458.56387713763,867.861455510136,867.665079146594,867.626319915236,2837.56916314129,387.84,320,320
1.42,0,0,0,0,0,0,0,0,0,0,0,0,0,0,0,0,0,0,0,0,0,Inf,Inf,Inf,0.045,0.045,0.035,0.04,0.630586101033794,0.542297602908768,2.36549105788853e-12,1.27017348068807e-05,1.67809188027568,0.000132833416260388,0.781027021709495,9458.64634685916,867.86381410848,867.675415516437,867.642832973016,2837.59390405775,387.84,320,320
1.421,0,0,0,0,0,0,0,0,0,0,0,0,0,0,0,0,0,0,0,0,0,Inf,Inf,Inf,0.045,0.045,0.035,0.04,0.630589223177504,0.542301848091252,2.36550296872754e-12,1.27015226562154e-05,1.67809179136383,0.000132833407380014,0.781027061000294,9458.68529089054,867.864150912307,867.684589493696,867.643169013943,2837.60558726716,387.84,320,320
1.422,0,0,0,0,0,0,0,0,0,0,0,0,0,0,0,0,0,0,0,0,0,Inf,Inf,Inf,0.045,0.045,0.035,0.04,0.630590437790638,0.542305904828421,2.36550723704505e-12,1.2701532800342e-05,1.67809127060435,0.000132833401732868,0.781027049924927,9458.72357623259,867.864303793659,867.67877605171,867.643322733737,2837.61707286978,387.84,320,320
1.423,0,0,0,0,0,0,0,0,0,0,0,0,0,0,0,0,0,0,0,0,0,Inf,Inf,Inf,0.045,0.045,0.035,0.04,0.630596348465362,0.542307972796676,2.36550743089286e-12,1.27015417818809e-05,1.6780916497781,0.000132833405718329,0.781026987550664,9458.79496902742,867.880441268451,867.688956920598,867.645184359777,2837.63849070823,387.84,320,320
1.424,0,0,0,0,0,0,0,0,0,0,0,0,0,0,0,0,0,0,0,0,0,Inf,Inf,Inf,0.045,0.045,0.035,0.04,0.630600203568406,0.542310625426673,2.36550862690749e-12,1.27017970315994e-05,1.67809172384187,0.000132833400190518,0.781027036864253,9458.86040893121,867.881276406898,867.698633350014,867.660257646477,2837.65812267936,387.84,320,320
1.425,0,0,0,0,0,0,0,0,0,0,0,0,0,0,0,0,0,0,0,0,0,Inf,Inf,Inf,0.045,0.045,0.035,0.04,0.630601904013,0.542315275005391,2.3655154730759e-12,1.270180532612e-05,1.67809134364844,0.00013283338681503,0.781027052046264,9458.88785072368,867.881267929136,867.706072661227,867.660249462161,2837.6663552171,387.84,320,320
1.426,0,0,0,0,0,0,0,0,0,0,0,0,0,0,0,0,0,0,0,0,0,Inf,Inf,Inf,0.045,0.045,0.035,0.04,0.630606320119834,0.542317977297699,2.36553042667995e-12,1.27018157046394e-05,1.67809137475775,0.000132833393325828,0.781026994552299,9458.94752556928,867.896408608146,867.702566798164,867.661336700232,2837.68425767078,387.84,320,320
1.427,0,0,0,0,0,0,0,0,0,0,0,0,0,0,0,0,0,0,0,0,0,Inf,Inf,Inf,0.045,0.045,0.035,0.04,0.630610878484068,0.542319307531355,2.36555283571132e-12,1.27017075841273e-05,1.67809160353874,0.000132833391123621,0.781026989305206,9459.03357678928,867.897923046345,867.712524833674,867.676942710214,2837.71007303678,387.84,320,320
1.428,0,0,0,0,0,0,0,0,0,0,0,0,0,0,0,0,0,0,0,0,0,Inf,Inf,Inf,0.045,0.045,0.035,0.04,0.630613243337244,0.542324469490492,2.36557920714438e-12,1.27017134906798e-05,1.6780913770289,0.000132833396042284,0.781027016077271,9459.05151903261,867.89798436182,867.706776054102,867.677003765138,2837.71545570978,387.84,320,320
1.429,0,0,0,0,0,0,0,0,0,0,0,0,0,0,0,0,0,0,0,0,0,Inf,Inf,Inf,0.045,0.045,0.035,0.04,0.630616120298875,0.542327812653562,2.36560455205818e-12,1.27017240302547e-05,1.6780910837689,0.000132833405706851,0.781026998271919,9459.09936677491,867.912145818281,867.715973915309,867.677509295219,2837.72981003247,387.84,320,320
1.43,0,0,0,0,0,0,0,0,0,0,0,0,0,0,0,0,0,0,0,0,0,Inf,Inf,Inf,0.045,0.045,0.035,0.04,0.630621318352527,0.542329271239836,2.36562428915975e-12,1.27017337632949e-05,1.67809145154753,0.000132833407022771,0.781026970540236,9459.17867635786,867.914483345434,867.725981217594,867.693501044565,2837.75360290736,387.84,320,320
1.431,0,0,0,0,0,0,0,0,0,0,0,0,0,0,0,0,0,0,0,0,0,Inf,Inf,Inf,0.045,0.045,0.035,0.04,0.630624383809337,0.542333287644119,2.36563597985871e-12,1.27015216272687e-05,1.67809138394897,0.00013283339882203,0.781027009451362,9459.21792097764,867.914835734111,867.734893117056,867.693852634935,2837.76537629329,387.84,320,320
1.432,0,0,0,0,0,0,0,0,0,0,0,0,0,0,0,0,0,0,0,0,0,Inf,Inf,Inf,0.045,0.045,0.035,0.04,0.630625488326199,0.54233724664042,2.36564023738838e-12,1.27015316047281e-05,1.67809089752149,0.000132833392352111,0.781026997832562,9459.25436031401,867.914972562631,867.72923787348,867.693990213976,2837.7763080942,387.84,320,320
1.433,0,0,0,0,0,0,0,0,0,0,0,0,0,0,0,0,0,0,0,0,0,Inf,Inf,Inf,0.045,0.045,0.035,0.04,0.630631202397749,0.542339281920633,2.36564047098628e-12,1.27015394777034e-05,1.67809125045885,0.000132833396554124,0.781026938237349,9459.32274211803,867.930535959539,867.739061391115,867.695744500822,2837.79682263541,387.84,320,320
1.434,0,0,0,0,0,0,0,0,0,0,0,0,0,0,0,0,0,0,0,0,0,Inf,Inf,Inf,0.045,0.045,0.035,0.04,0.630634969286859,0.54234174743187,2.36564157100666e-12,1.27017888493058e-05,1.67809134012239,0.000132833391599518,0.781026985782051,9459.38758090355,867.931380282379,867.748428892688,867.710360259526,2837.81627427106,387.84,320,320
1.435,0,0,0,0,0,0,0,0,0,0,0,0,0,0,0,0,0,0,0,0,0,Inf,Inf,Inf,0.045,0.045,0.035,0.04,0.630636650350578,0.542346267108731,2.36564804215986e-12,1.27017967966017e-05,1.67809099108349,0.000132833378946388,0.781026998032716,9459.41353055761,867.931373913637,867.755660361288,867.710354111279,2837.82405916728,387.84,320,320
1.436,0,0,0,0,0,0,0,0,0,0,0,0,0,0,0,0,0,0,0,0,0,Inf,Inf,Inf,0.045,0.045,0.035,0.04,0.630640801925864,0.542348911701996,2.36566229771237e-12,1.27018054940576e-05,1.67809100780371,0.000132833384930003,0.781026944722642,9459.47043140397,867.94590394838,867.752195123943,867.711367057187,2837.84112942119,387.84,320,320
1.437,0,0,0,0,0,0,0,0,0,0,0,0,0,0,0,0,0,0,0,0,0,Inf,Inf,Inf,0.045,0.045,0.035,0.04,0.630645236173918,0.542350104823461,2.3656837608474e-12,1.27017027255651e-05,1.67809124480636,0.000132833382825226,0.781026939430121,9459.55482807234,867.94741106582,867.761800830716,867.726429396986,2837.8664484217,387.84,320,320
1.438,0,0,0,0,0,0,0,0,0,0,0,0,0,0,0,0,0,0,0,0,0,Inf,Inf,Inf,0.045,0.045,0.035,0.04,0.630647556893017,0.542355103019918,2.36570910775579e-12,1.27017085276958e-05,1.67809104478581,0.000132833388579504,0.781026969112195,9459.57165315689,867.947485029694,867.756300193079,867.726503046717,2837.87149594707,387.84,320,320
1.439,0,0,0,0,0,0,0,0,0,0,0,0,0,0,0,0,0,0,0,0,0,Inf,Inf,Inf,0.045,0.045,0.035,0.04,0.630650222805147,0.542358358362028,2.36573355072549e-12,1.27017189926686e-05,1.67809075164943,0.000132833398128144,0.781026959812224,9459.6170450426,867.961019462055,867.76510966228,867.72696519523,2837.88511351278,387.84,320,320
1.44,0,0,0,0,0,0,0,0,0,0,0,0,0,0,0,0,0,0,0,0,0,Inf,Inf,Inf,0.045,0.045,0.035,0.04,0.630655257843043,0.542359795335075,2.3657526655128e-12,1.27017286510579e-05,1.67809112115964,0.000132833399659768,0.781026927686049,9459.69270546056,867.963322353659,867.774727135567,867.742338644724,2837.90781163817,387.84,320,320
1.441,0,0,0,0,0,0,0,0,0,0,0,0,0,0,0,0,0,0,0,0,0,Inf,Inf,Inf,0.045,0.045,0.035,0.04,0.630658247882665,0.542363555915342,2.36576406498694e-12,1.27015238167893e-05,1.67809107430668,0.000132833391961825,0.78102696507687,9459.73202826217,867.963688420512,867.78332267638,867.742703882209,2837.91960847865,387.84,320,320
1.442,0,0,0,0,0,0,0,0,0,0,0,0,0,0,0,0,0,0,0,0,0,Inf,Inf,Inf,0.045,0.045,0.035,0.04,0.630659343890372,0.542367392936205,2.36576828557015e-12,1.27015326857254e-05,1.67809062416929,0.000132833384747978,0.781026952919961,9459.76639650503,867.963808282146,867.777861434388,867.742824401406,2837.92991895151,387.84,320,320
1.443,0,0,0,0,0,0,0,0,0,0,0,0,0,0,0,0,0,0,0,0,0,Inf,Inf,Inf,0.045,0.045,0.035,0.04,0.63066471691476,0.542369382940597,2.36576855732129e-12,1.27015422216586e-05,1.67809095038799,0.000132833389084389,0.781026897365149,9459.83134668705,867.978698241278,867.787266558939,867.744460383813,2837.94940400611,387.84,320,320
1.444,0,0,0,0,0,0,0,0,0,0,0,0,0,0,0,0,0,0,0,0,0,Inf,Inf,Inf,0.045,0.045,0.035,0.04,0.630668371888,0.542371645863098,2.36576955494615e-12,1.27017868085569e-05,1.67809105450977,0.000132833384693331,0.781026935212184,9459.89517032153,867.979546346268,867.796266702875,867.758524822955,2837.96855109646,387.84,320,320
1.445,0,0,0,0,0,0,0,0,0,0,0,0,0,0,0,0,0,0,0,0,0,Inf,Inf,Inf,0.045,0.045,0.035,0.04,0.630670022688309,0.542376007205896,2.36577561271374e-12,1.27017947559535e-05,1.67809073829767,0.00013283337275088,0.781026947635069,9459.91947477481,867.9795421081,867.803244837425,867.758520731568,2837.97584243244,387.84,320,320
1.446,0,0,0,0,0,0,0,0,0,0,0,0,0,0,0,0,0,0,0,0,0,Inf,Inf,Inf,0.045,0.045,0.035,0.04,0.630673886915474,0.542378577158219,2.36578908517404e-12,1.27018034534632e-05,1.67809074013722,0.000132833378007547,0.781026907874591,9459.9732634471,867.993369538314,867.799846479442,867.759453600678,2837.99197903413,387.84,320,320
1.447,0,0,0,0,0,0,0,0,0,0,0,0,0,0,0,0,0,0,0,0,0,Inf,Inf,Inf,0.045,0.045,0.035,0.04,0.630678169340988,0.542379629438477,2.36580947391465e-12,1.27018101779877e-05,1.67809098475769,0.000132833376285571,0.781026910553727,9460.05442578497,867.994859189084,867.8090405296,867.773875951781,2838.01632773549,387.84,320,320
1.448,0,0,0,0,0,0,0,0,0,0,0,0,0,0,0,0,0,0,0,0,0,Inf,Inf,Inf,0.045,0.045,0.035,0.04,0.630680431120637,0.542384432804554,2.3658336440857e-12,1.27017020717582e-05,1.67809081309555,0.000132833382799591,0.781026936172789,9460.07104994032,867.994945036699,867.803821577178,867.773961434443,2838.0213149821,387.84,320,320
1.449,0,0,0,0,0,0,0,0,0,0,0,0,0,0,0,0,0,0,0,0,0,Inf,Inf,Inf,0.045,0.045,0.035,0.04,0.63068287410835,0.542387579829825,2.36585703783389e-12,1.27017122977982e-05,1.67809052001695,0.000132833392044314,0.78102692210272,9460.11372743551,868.007774893588,867.81219041691,867.77437795353,2838.03411823065,387.84,320,320
1.45,0,0,0,0,0,0,0,0,0,0,0,0,0,0,0,0,0,0,0,0,0,Inf,Inf,Inf,0.045,0.045,0.035,0.04,0.630687715756977,0.542388985862598,2.36587541460471e-12,1.27017182601481e-05,1.67809088970413,0.000132833393618808,0.781026891590123,9460.18530193554,868.010028202358,867.821360826529,867.789042847851,2838.05559058066,387.84,320,320
1.451,0,0,0,0,0,0,0,0,0,0,0,0,0,0,0,0,0,0,0,0,0,Inf,Inf,Inf,0.045,0.045,0.035,0.04,0.630690612217623,0.542392471979582,2.36588645330817e-12,1.27015279493069e-05,1.67809086452726,0.000132833386805942,0.781026928489693,9460.22443106487,868.010405233387,867.829588689163,867.789419024642,2838.06732931946,387.84,320,320
1.452,0,0,0,0,0,0,0,0,0,0,0,0,0,0,0,0,0,0,0,0,0,Inf,Inf,Inf,0.045,0.045,0.035,0.04,0.630691692946646,0.542396164030209,2.36589061069466e-12,1.27015380936888e-05,1.67809045401474,0.000132833379081357,0.781026918015346,9460.25653474148,868.010507624111,867.824351387525,867.789521977176,2838.07696042244,387.84,320,320
1.453,0,0,0,0,0,0,0,0,0,0,0,0,0,0,0,0,0,0,0,0,0,Inf,Inf,Inf,0.045,0.045,0.035,0.04,0.630696694555013,0.542398096762262,2.36589091861529e-12,1.27015477964046e-05,1.67809075023678,0.00013283338343999,0.781026867331201,9460.31768091568,868.024641554939,867.833283950962,867.791030794684,2838.0953042747,387.84,320,320
1.454,0,0,0,0,0,0,0,0,0,0,0,0,0,0,0,0,0,0,0,0,0,Inf,Inf,Inf,0.045,0.045,0.035,0.04,0.630700216291677,0.542400144460852,2.3658918083088e-12,1.2701793576879e-05,1.67809086809622,0.00013283337938722,0.781026895047182,9460.38013235518,868.025488246123,867.841864763524,867.804464994562,2838.11403970655,387.84,320,320
1.455,0,0,0,0,0,0,0,0,0,0,0,0,0,0,0,0,0,0,0,0,0,Inf,Inf,Inf,0.045,0.045,0.035,0.04,0.630701827266935,0.542404322303319,2.36589741762468e-12,1.27017985094163e-05,1.67809058681899,0.000132833368501847,0.78102691294,9460.40264996019,868.025486155906,867.848549298076,867.804462976817,2838.12079498806,387.84,320,320
1.456,0,0,0,0,0,0,0,0,0,0,0,0,0,0,0,0,0,0,0,0,0,Inf,Inf,Inf,0.045,0.045,0.035,0.04,0.630705380018542,0.542406802875194,2.36591002808067e-12,1.2701807206977e-05,1.67809057471795,0.000132833372982587,0.781026886501576,9460.45300997642,868.038532095169,867.845235197044,867.805310337305,2838.13590299293,387.84,320,320
1.457,0,0,0,0,0,0,0,0,0,0,0,0,0,0,0,0,0,0,0,0,0,Inf,Inf,Inf,0.045,0.045,0.035,0.04,0.630709485699861,0.542407715868458,2.36592922230448e-12,1.2701815959969e-05,1.67809082494762,0.00013283337184767,0.781026891397424,9460.52943032176,868.039995918535,867.853964396643,867.819010891365,2838.15882909653,387.84,320,320
1.458,0,0,0,0,0,0,0,0,0,0,0,0,0,0,0,0,0,0,0,0,0,Inf,Inf,Inf,0.045,0.045,0.035,0.04,0.630711675436171,0.542412287390203,2.36595207278756e-12,1.27017016940184e-05,1.6780906816732,0.000132833378457809,0.781026904957235,9460.54680576634,868.040093272689,867.849057238028,867.819107830969,2838.1640417299,387.84,320,320
1.459,0,0,0,0,0,0,0,0,0,0,0,0,0,0,0,0,0,0,0,0,0,Inf,Inf,Inf,0.045,0.045,0.035,0.04,0.630713879607241,0.542415307918317,2.36597427850427e-12,1.27017083584873e-05,1.67809039204355,0.000132833387237491,0.781026883233582,9460.58650999937,868.052141472697,867.85693570754,867.819476027671,2838.17595299981,387.84,320,320
1.46,0,0,0,0,0,0,0,0,0,0,0,0,0,0,0,0,0,0,0,0,0,Inf,Inf,Inf,0.045,0.045,0.035,0.04,0.630718498918363,0.542416674963877,2.36599180781916e-12,1.27017162137072e-05,1.67809075880504,0.000132833388899024,0.7810268638013,9460.65356528472,868.054332302357,867.86560437961,867.833345080686,2838.19606958541,387.84,320,320
1.461,0,0,0,0,0,0,0,0,0,0,0,0,0,0,0,0,0,0,0,0,0,Inf,Inf,Inf,0.045,0.045,0.035,0.04,0.630721284362371,0.542419863442502,2.36600241964369e-12,1.27015349666239e-05,1.67809075455273,0.000132833382775294,0.781026902243081,9460.69227951843,868.054718243965,867.873415322633,867.833730148211,2838.20768385553,387.84,320,320
1.462,0,0,0,0,0,0,0,0,0,0,0,0,0,0,0,0,0,0,0,0,0,Inf,Inf,Inf,0.045,0.045,0.035,0.04,0.63072234319621,0.54242338829775,2.36600648861212e-12,1.27015438357168e-05,1.67809038527087,0.000132833375357273,0.781026894772848,9460.72192438386,868.054802486096,867.868434512179,867.833814852607,2838.21657731516,387.84,320,320
1.463,0,0,0,0,0,0,0,0,0,0,0,0,0,0,0,0,0,0,0,0,0,Inf,Inf,Inf,0.045,0.045,0.035,0.04,0.63072694247839,0.542425251990175,2.36600683065007e-12,1.27015520963699e-05,1.67809065092926,0.000132833379671186,0.781026847743712,9460.77889781058,868.068091657418,867.876839979433,867.835187258768,2838.23366934317,387.84,320,320
1.464,0,0,0,0,0,0,0,0,0,0,0,0,0,0,0,0,0,0,0,0,0,Inf,Inf,Inf,0.045,0.045,0.035,0.04,0.630730309173859,0.542427071836838,2.36600760743011e-12,1.27017973862498e-05,1.6780907816966,0.000132833376286931,0.781026874786268,9460.83958448274,868.068931600291,867.884948851508,867.847906406875,2838.25187534482,387.84,320,320
1.465,0,0,0,0,0,0,0,0,0,0,0,0,0,0,0,0,0,0,0,0,0,Inf,Inf,Inf,0.045,0.045,0.035,0.04,0.630731870059296,0.542431040333116,2.36601273587451e-12,1.27018043473109e-05,1.67809053691438,0.000132833366202182,0.781026893873799,9460.86018588681,868.068931653703,867.891298432774,867.84790645855,2838.25805576604,387.84,320,320
1.466,0,0,0,0,0,0,0,0,0,0,0,0,0,0,0,0,0,0,0,0,0,Inf,Inf,Inf,0.045,0.045,0.035,0.04,0.630735092519492,0.542433415888297,2.36602441078796e-12,1.27018150733675e-05,1.67809051062215,0.000132833369957356,0.78102687092589,9460.90682482216,868.081114871665,867.888093315079,867.848663633825,2838.27204744665,387.84,320,320
1.467,0,0,0,0,0,0,0,0,0,0,0,0,0,0,0,0,0,0,0,0,0,Inf,Inf,Inf,0.045,0.045,0.035,0.04,0.630738996250009,0.542434306729229,2.36604229800491e-12,1.27018214506213e-05,1.67809076528819,0.000132833369590048,0.781026870955967,9460.97805688756,868.082543179805,867.896304707454,867.861556147414,2838.29341706627,387.84,320,320
1.468,0,0,0,0,0,0,0,0,0,0,0,0,0,0,0,0,0,0,0,0,0,Inf,Inf,Inf,0.045,0.045,0.035,0.04,0.630741100209062,0.542438499278048,2.3660636943473e-12,1.27017034486586e-05,1.67809065138457,0.000132833375418226,0.781026877613689,9460.99602469134,868.082651154449,867.89173868828,867.861663661983,2838.2988074074,387.84,320,320
1.469,0,0,0,0,0,0,0,0,0,0,0,0,0,0,0,0,0,0,0,0,0,Inf,Inf,Inf,0.045,0.045,0.035,0.04,0.630743056537433,0.542441374599603,2.36608458082683e-12,1.27017157021023e-05,1.67809036553781,0.000132833384181153,0.781026856752084,9461.03253565299,868.093850349229,867.899081052333,867.861981882747,2838.3097606959,387.84,320,320
1.47,0,0,0,0,0,0,0,0,0,0,0,0,0,0,0,0,0,0,0,0,0,Inf,Inf,Inf,0.045,0.045,0.035,0.04,0.630747426170433,0.542442693922187,2.36610115854193e-12,1.27017218288267e-05,1.67809072789191,0.000132833386316523,0.781026846656951,9461.09469396512,868.095964700073,867.90719743105,867.874975398734,2838.32840818954,387.84,320,320
1.471,0,0,0,0,0,0,0,0,0,0,0,0,0,0,0,0,0,0,0,0,0,Inf,Inf,Inf,0.045,0.045,0.035,0.04,0.630750083979025,0.542445569761649,2.36611127987094e-12,1.27015389920234e-05,1.67809074534032,0.000132833380817134,0.781026886677595,9461.13273154111,868.096356770705,867.914545707144,867.875366581649,2838.33981946233,387.84,320,320
1.472,0,0,0,0,0,0,0,0,0,0,0,0,0,0,0,0,0,0,0,0,0,Inf,Inf,Inf,0.045,0.045,0.035,0.04,0.630751114484846,0.542448906675915,2.36611523551891e-12,1.27015467525414e-05,1.67809042012093,0.000132833373311313,0.781026881320443,9461.15975558188,868.096422582479,867.909848050946,867.875432754699,2838.34792667457,387.84,320,320
1.473,0,0,0,0,0,0,0,0,0,0,0,0,0,0,0,0,0,0,0,0,0,Inf,Inf,Inf,0.045,0.045,0.035,0.04,0.630755286142802,0.542450690276657,2.36611560929545e-12,1.27015527959394e-05,1.67809065251032,0.000132833377668233,0.781026836499977,9461.2122378252,868.10879517817,867.91767912665,867.876661622504,2838.36367134756,387.84,320,320
1.474,0,0,0,0,0,0,0,0,0,0,0,0,0,0,0,0,0,0,0,0,0,Inf,Inf,Inf,0.045,0.045,0.035,0.04,0.630758478530857,0.542452272548851,2.36611626906477e-12,1.27018002096043e-05,1.67809079565228,0.00013283337482433,0.781026869179832,9461.27082643644,868.109623293601,867.925270257662,867.888595958281,2838.38124793093,387.84,320,320
1.475,0,0,0,0,0,0,0,0,0,0,0,0,0,0,0,0,0,0,0,0,0,Inf,Inf,Inf,0.045,0.045,0.035,0.04,0.630759980431406,0.542456009273525,2.36612088780815e-12,1.27018075180411e-05,1.6780905887336,0.000132833365900182,0.781026879751113,9461.28939486103,868.109625481466,867.93124900505,867.888598070444,2838.38681845831,387.84,320,320
1.476,0,0,0,0,0,0,0,0,0,0,0,0,0,0,0,0,0,0,0,0,0,Inf,Inf,Inf,0.045,0.045,0.035,0.04,0.630762852870699,0.542458266442729,2.36613156050131e-12,1.27018145345518e-05,1.67809054866164,0.000132833369905088,0.781026854526536,9461.3320449175,868.120878236928,867.928169042537,867.889260808042,2838.39961347525,387.84,320,320
1.477,0,0,0,0,0,0,0,0,0,0,0,0,0,0,0,0,0,0,0,0,0,Inf,Inf,Inf,0.045,0.045,0.035,0.04,0.630766532366821,0.542459130198396,2.36614803776334e-12,1.27018199252876e-05,1.67809080541616,0.000132833369731341,0.781026854677758,9461.3976769695,868.122263120556,867.935816210479,867.901273883994,2838.41930309085,387.84,320,320
1.478,0,0,0,0,0,0,0,0,0,0,0,0,0,0,0,0,0,0,0,0,0,Inf,Inf,Inf,0.045,0.045,0.035,0.04,0.63076853855908,0.542462918643882,2.36616785618759e-12,1.27017119983838e-05,1.67809072087791,0.000132833374967104,0.781026867684791,9461.41615170467,868.122381193002,867.931616967402,867.901391453917,2838.4248455114,387.84,320,320
1.479,0,0,0,0,0,0,0,0,0,0,0,0,0,0,0,0,0,0,0,0,0,Inf,Inf,Inf,0.045,0.045,0.035,0.04,0.630770234590508,0.542465632482044,2.36618730206724e-12,1.27017204811182e-05,1.67809044241462,0.000132833383512368,0.781026851944067,9461.44925306385,868.132665671945,867.938380594615,867.901657677738,2838.43477591916,387.84,320,320
1.48,0,0,0,0,0,0,0,0,0,0,0,0,0,0,0,0,0,0,0,0,0,Inf,Inf,Inf,0.045,0.045,0.035,0.04,0.630774328913682,0.542466896658379,2.36620283137637e-12,1.27017265779917e-05,1.67809079746694,0.00013283338589195,0.781026839700781,9461.50614645526,868.134691647191,867.945897353425,867.913700072484,2838.45184393658,387.84,320,320
1.481,0,0,0,0,0,0,0,0,0,0,0,0,0,0,0,0,0,0,0,0,0,Inf,Inf,Inf,0.045,0.045,0.035,0.04,0.630776843358106,0.542469440976613,2.36621240266224e-12,1.27015394710517e-05,1.67809083565016,0.000132833381313322,0.781026879144644,9461.54329370289,868.135087709276,867.952739904466,867.914095237943,2838.46298811087,387.84,320,320
1.482,0,0,0,0,0,0,0,0,0,0,0,0,0,0,0,0,0,0,0,0,0,Inf,Inf,Inf,0.045,0.045,0.035,0.04,0.630777839312331,0.542472570257231,2.36621622133274e-12,1.27015462896876e-05,1.67809055547891,0.000132833372944611,0.781026875240963,9461.56753769055,868.135134658856,867.94835402948,867.914142445437,2838.47026130716,387.84,320,320
1.483,0,0,0,0,0,0,0,0,0,0,0,0,0,0,0,0,0,0,0,0,0,Inf,Inf,Inf,0.045,0.045,0.035,0.04,0.630781558205145,0.542474263100165,2.3662166244018e-12,1.27015527207156e-05,1.67809075489131,0.000132833377648035,0.781026833608556,9461.61522005282,868.146514465997,867.955563905894,867.915220435032,2838.48456601585,387.84,320,320
1.484,0,0,0,0,0,0,0,0,0,0,0,0,0,0,0,0,0,0,0,0,0,Inf,Inf,Inf,0.045,0.045,0.035,0.04,0.630784556874028,0.542475598287936,2.36621716369972e-12,1.27018010603477e-05,1.67809090913053,0.000132833375265307,0.781026866498725,9461.67134800186,868.147325616341,867.962591686065,867.926295952438,2838.50140440056,387.84,320,320
1.485,0,0,0,0,0,0,0,0,0,0,0,0,0,0,0,0,0,0,0,0,0,Inf,Inf,Inf,0.045,0.045,0.035,0.04,0.630785990371656,0.542479080555896,2.366221246994e-12,1.27018066877001e-05,1.67809074062598,0.000132833367293126,0.781026867609424,9461.68778070062,868.147329908762,867.968163303471,867.926300096233,2838.50633421019,387.84,320,320
1.486,0,0,0,0,0,0,0,0,0,0,0,0,0,0,0,0,0,0,0,0,0,Inf,Inf,Inf,0.045,0.045,0.035,0.04,0.630788498427426,0.542481205351407,2.36623085709303e-12,1.27018123703995e-05,1.67809068638665,0.00013283337118795,0.781026844736044,9461.72620183975,868.157583480467,867.965231190118,867.926864928582,2838.51786055192,387.84,320,320
1.487,0,0,0,0,0,0,0,0,0,0,0,0,0,0,0,0,0,0,0,0,0,Inf,Inf,Inf,0.045,0.045,0.035,0.04,0.630791931544997,0.542482036394548,2.36624583047885e-12,1.27018177611423e-05,1.67809094440776,0.000132833371533591,0.781026854453592,9461.78586133111,868.158915917429,867.972268726812,867.937924291366,2838.53575839933,387.84,320,320
1.488,0,0,0,0,0,0,0,0,0,0,0,0,0,0,0,0,0,0,0,0,0,Inf,Inf,Inf,0.045,0.045,0.035,0.04,0.630793827614387,0.542485401876065,2.36626395737021e-12,1.27017229149741e-05,1.67809089049665,0.000132833376932724,0.781026878035502,9461.80468193692,868.159043096975,867.968460766987,867.938050930348,2838.54140458108,387.84,320,320
1.489,0,0,0,0,0,0,0,0,0,0,0,0,0,0,0,0,0,0,0,0,0,Inf,Inf,Inf,0.045,0.045,0.035,0.04,0.63079525742868,0.542487937726776,2.36628185053809e-12,1.27017275971032e-05,1.67809061942915,0.000132833384946343,0.781026860531448,9461.83419741247,868.168357286283,867.974607479332,867.938264144977,2838.55025922374,387.84,320,320
1.49,0,0,0,0,0,0,0,0,0,0,0,0,0,0,0,0,0,0,0,0,0,Inf,Inf,Inf,0.045,0.045,0.035,0.04,0.630799052772355,0.542489138807863,2.36629624127721e-12,1.27017335147161e-05,1.67809096573928,0.000132833387230061,0.781026840866184,9461.88551606097,868.170282147063,867.981481916287,867.949288116158,2838.56565481829,387.84,320,320
1.491,0,0,0,0,0,0,0,0,0,0,0,0,0,0,0,0,0,0,0,0,0,Inf,Inf,Inf,0.045,0.045,0.035,0.04,0.630801409170398,0.542491340668041,2.36630520633173e-12,1.27015431680528e-05,1.67809102501121,0.000132833383470876,0.781026878166306,9461.9215267818,868.170679412424,867.987779642172,867.949684482043,2838.57645803454,387.84,320,320
1.492,0,0,0,0,0,0,0,0,0,0,0,0,0,0,0,0,0,0,0,0,0,Inf,Inf,Inf,0.045,0.045,0.035,0.04,0.630802364632289,0.542494244310575,2.36630886506684e-12,1.2701549820018e-05,1.67809079203163,0.000132833375338818,0.781026877269827,9461.94286401541,868.170707448279,867.992425460849,867.949712672148,2838.58285920462,387.84,320,320
1.493,0,0,0,0,0,0,0,0,0,0,0,0,0,0,0,0,0,0,0,0,0,Inf,Inf,Inf,0.045,0.045,0.035,0.04,0.63080561115873,0.542495836551646,2.36630929471546e-12,1.27015575264449e-05,1.67809095627193,0.000132833379286424,0.781026841429649,9461.98548952335,868.181035245917,867.990277655671,867.950634560524,2838.595646857,387.84,320,320
1.494,0,0,0,0,0,0,0,0,0,0,0,0,0,0,0,0,0,0,0,0,0,Inf,Inf,Inf,0.045,0.045,0.035,0.04,0.630808399360247,0.542496918063991,2.36630971097157e-12,1.27018043979023e-05,1.67809112055919,0.000132833377545439,0.781026866530921,9462.03885579371,868.181824592354,867.996703551213,867.960792426932,2838.61165673811,387.84,320,320
1.495,0,0,0,0,0,0,0,0,0,0,0,0,0,0,0,0,0,0,0,0,0,Inf,Inf,Inf,0.045,0.045,0.035,0.04,0.630809756447283,0.542500126730689,2.36631323686724e-12,1.27018103725993e-05,1.67809099137506,0.000132833370494001,0.781026867967055,9462.05306344833,868.181830954185,868.001837407422,867.960798568519,2838.6159190345,387.84,320,320
1.496,0,0,0,0,0,0,0,0,0,0,0,0,0,0,0,0,0,0,0,0,0,Inf,Inf,Inf,0.045,0.045,0.035,0.04,0.630811885157053,0.542502107485034,2.36632173143058e-12,1.27018173891832e-05,1.67809092392526,0.000132833374106379,0.781026852233271,9462.0870425633,868.191030366611,867.999067600512,867.961262508777,2838.62611276899,387.84,320,320
1.497,0,0,0,0,0,0,0,0,0,0,0,0,0,0,0,0,0,0,0,0,0,Inf,Inf,Inf,0.045,0.045,0.035,0.04,0.630815052790733,0.542502901296129,2.3663351175039e-12,1.2701822432639e-05,1.6780911814165,0.000132833374992788,0.781026868662262,9462.1403952771,868.192303110552,868.005456968177,867.971308930581,2838.64211858313,387.84,320,320
1.498,0,0,0,0,0,0,0,0,0,0,0,0,0,0,0,0,0,0,0,0,0,Inf,Inf,Inf,0.045,0.045,0.035,0.04,0.630816828162712,0.542505824295982,2.36635145108947e-12,1.27017254835796e-05,1.67809115786075,0.000132833380620225,0.781026894910713,9462.15946982937,868.192438750371,868.002060888437,867.971443994121,2838.64784094881,387.84,320,320
1.499,0,0,0,0,0,0,0,0,0,0,0,0,0,0,0,0,0,0,0,0,0,Inf,Inf,Inf,0.045,0.045,0.035,0.04,0.630817982947893,0.542508168185777,2.36636769043009e-12,1.2701731744845e-05,1.67809089708788,0.000132833388646939,0.781026870563819,9462.18523018046,868.200729725087,868.007556119047,867.971602882799,2838.65556905414,387.84,320,320
1.5,0,0,0,0,0,0,0,0,0,0,0,0,0,0,0,0,0,0,0,0,0,Inf,Inf,Inf,0.045,0.045,0.035,0.04,0.630821457591507,0.542509299562182,2.36638086068127e-12,1.27017357696144e-05,1.67809123177818,0.000132833391304952,0.781026850074729,9462.23067944043,868.202542878834,868.013749325815,867.98154622863,2838.66920383213,387.84,320,320
1.501,0,0,0,0,0,0,0,0,0,0,0,0,0,0,0,0,0,0,0,0,0,Inf,Inf,Inf,0.045,0.045,0.035,0.04,0.630823642291093,0.542511144718314,2.36638916791756e-12,1.27015533547315e-05,1.67809131085823,0.00013283338851919,0.781026885708543,9462.26535311524,868.202939189077,868.019466330763,867.981941641624,2838.67960593457,387.84,320,320
1.502,0,0,0,0,0,0,0,0,0,0,0,0,0,0,0,0,0,0,0,0,0,Inf,Inf,Inf,0.045,0.045,0.035,0.04,0.630824551577232,0.542513806009657,2.36639264518899e-12,1.27015588980701e-05,1.67809112555647,0.000132833381476741,0.781026889720467,9462.28366265128,868.202948129325,868.023724388103,867.98195063134,2838.68509879538,387.84,320,320
1.503,0,0,0,0,0,0,0,0,0,0,0,0,0,0,0,0,0,0,0,0,0,Inf,Inf,Inf,0.045,0.045,0.035,0.04,0.630827306860587,0.542515288325734,2.36639309864157e-12,1.27015654958543e-05,1.67809125481688,0.000132833382834951,0.781026860784199,9462.3209891616,868.212161806327,868.021624352861,867.982711127322,2838.69629674848,387.84,320,320
1.504,0,0,0,0,0,0,0,0,0,0,0,0,0,0,0,0,0,0,0,0,0,Inf,Inf,Inf,0.045,0.045,0.035,0.04,0.63082986799937,0.542516109927036,2.36639338998251e-12,1.27018155575595e-05,1.67809142796982,0.000132833381728571,0.781026879760174,9462.37126934433,868.212924526774,868.027410731853,867.991889704599,2838.7113808033,387.84,320,320
1.505,0,0,0,0,0,0,0,0,0,0,0,0,0,0,0,0,0,0,0,0,0,Inf,Inf,Inf,0.045,0.045,0.035,0.04,0.630831140312354,0.542519025960121,2.36639633994877e-12,1.27018198511452e-05,1.67809133869341,0.000132833375822538,0.781026888476905,9462.38317801338,868.212932903448,868.032076375169,867.99189779138,2838.71495340401,387.84,320,320
1.506,0,0,0,0,0,0,0,0,0,0,0,0,0,0,0,0,0,0,0,0,0,Inf,Inf,Inf,0.045,0.045,0.035,0.04,0.630832880104354,0.54252085064036,2.36640367308201e-12,1.27018272150499e-05,1.67809125828969,0.000132833379018665,0.781026875062378,9462.41253271408,868.221023352866,868.029489132983,867.992258656469,2838.72375981422,387.84,320,320
1.507,0,0,0,0,0,0,0,0,0,0,0,0,0,0,0,0,0,0,0,0,0,Inf,Inf,Inf,0.045,0.045,0.035,0.04,0.63083576366252,0.542521602130016,2.36641539856624e-12,1.2701832258515e-05,1.67809151419483,0.000132833380196436,0.781026884426481,9462.45928811903,868.222228243936,868.035193464405,868.001231357924,2838.73778643571,387.84,320,320
1.508,0,0,0,0,0,0,0,0,0,0,0,0,0,0,0,0,0,0,0,0,0,Inf,Inf,Inf,0.045,0.045,0.035,0.04,0.630837407631475,0.542524069346994,2.36642984860265e-12,1.27017282868532e-05,1.67809152128475,0.000132833386642733,0.78102690815397,9462.4784561237,868.222371268878,868.032228406997,868.001373775116,2838.74353683711,387.84,320,320
1.509,0,0,0,0,0,0,0,0,0,0,0,0,0,0,0,0,0,0,0,0,0,Inf,Inf,Inf,0.045,0.045,0.035,0.04,0.630838284766902,0.542526207337416,2.36644434361214e-12,1.27017344883753e-05,1.67809130119253,0.000132833394078264,0.781026885316134,9462.50033285385,868.222475224178,868.037042391277,868.001477990669,2838.75009985615,387.84,320,320
1.51,0,0,0,0,0,0,0,0,0,0,0,0,0,0,0,0,0,0,0,0,0,Inf,Inf,Inf,0.045,0.045,0.035,0.04,0.630841419246366,0.542527262018596,2.366456219218e-12,1.27017402715428e-05,1.67809159254464,0.000132833396881882,0.781026869477571,9462.53967794746,868.231286778748,868.042520481103,868.010287359649,2838.76190338424,387.84,320,320
1.511,0,0,0,0,0,0,0,0,0,0,0,0,0,0,0,0,0,0,0,0,0,Inf,Inf,Inf,0.045,0.045,0.035,0.04,0.630843419834485,0.542528743892163,2.36646382114149e-12,1.27015599947408e-05,1.67809169158621,0.000132833395002086,0.78102690397735,9462.5727892164,868.231679397269,868.047625192663,868.01067908932,2838.77183676492,387.84,320,320
1.512,0,0,0,0,0,0,0,0,0,0,0,0,0,0,0,0,0,0,0,0,0,Inf,Inf,Inf,0.045,0.045,0.035,0.04,0.630844277633338,0.542531147976768,2.36646709646018e-12,1.27015642627379e-05,1.67809155559036,0.000132833388871424,0.781026912288266,9462.58798255283,868.231669423012,868.051471719838,868.010669060813,2838.77639476585,387.84,320,320
1.513,0,0,0,0,0,0,0,0,0,0,0,0,0,0,0,0,0,0,0,0,0,Inf,Inf,Inf,0.045,0.045,0.035,0.04,0.63084652819929,0.542532511960076,2.36646757073735e-12,1.27015710272366e-05,1.67809164786007,0.000132833388566404,0.781026889304052,9462.61982039773,868.239723781433,868.049431042803,868.011264967703,2838.78594611932,387.84,320,320
1.514,0,0,0,0,0,0,0,0,0,0,0,0,0,0,0,0,0,0,0,0,0,Inf,Inf,Inf,0.045,0.045,0.035,0.04,0.630848848447806,0.542533070326715,2.36646773616502e-12,1.2701574853352e-05,1.67809182927284,0.000132833388223107,0.781026909297256,9462.66631629526,868.240455397234,868.054547546359,868.019417781522,2838.79989488858,387.84,320,320
1.515,0,0,0,0,0,0,0,0,0,0,0,0,0,0,0,0,0,0,0,0,0,Inf,Inf,Inf,0.045,0.045,0.035,0.04,0.630850029069295,0.54253567832408,2.36647009558979e-12,1.2701832455534e-05,1.67809178054997,0.000132833383758149,0.781026921316979,9462.67630312977,868.240465728985,868.05872033346,868.019427755809,2838.80289093893,387.84,320,320
1.516,0,0,0,0,0,0,0,0,0,0,0,0,0,0,0,0,0,0,0,0,0,Inf,Inf,Inf,0.045,0.045,0.035,0.04,0.630851370036123,0.542537337254047,2.36647622922674e-12,1.27018398194626e-05,1.67809168797145,0.000132833385618478,0.781026902638691,9462.70087956246,868.247406303983,868.056327986602,868.019683881697,2838.81026386874,387.84,320,320
1.517,0,0,0,0,0,0,0,0,0,0,0,0,0,0,0,0,0,0,0,0,0,Inf,Inf,Inf,0.045,0.045,0.035,0.04,0.630853954042715,0.542538042435014,2.36648623201577e-12,1.2701844862936e-05,1.67809193987261,0.000132833387167104,0.78102689838108,9462.74078821187,868.248536949065,868.061317512592,868.027537223526,2838.82223646356,387.84,320,320
1.518,0,0,0,0,0,0,0,0,0,0,0,0,0,0,0,0,0,0,0,0,0,Inf,Inf,Inf,0.045,0.045,0.035,0.04,0.630855457704951,0.542540040334173,2.36649872097002e-12,1.2701735274734e-05,1.67809197673826,0.00013283339386776,0.781026925663667,9462.75995443116,868.24868661073,868.058798546074,868.02768624958,2838.82798632935,387.84,320,320
1.519,0,0,0,0,0,0,0,0,0,0,0,0,0,0,0,0,0,0,0,0,0,Inf,Inf,Inf,0.045,0.045,0.035,0.04,0.630856052114906,0.542541961085555,2.36651139301292e-12,1.27017396282364e-05,1.6780918126585,0.000132833400555536,0.781026917090637,9462.7778287327,868.248735430762,868.062905522016,868.027735192156,2838.83334861981,387.84,320,320
1.52,0,0,0,0,0,0,0,0,0,0,0,0,0,0,0,0,0,0,0,0,0,Inf,Inf,Inf,0.045,0.045,0.035,0.04,0.630858829101302,0.542542933438612,2.36652190876344e-12,1.27017453815269e-05,1.67809204604612,0.000132833403418846,0.781026900166881,9462.81085429731,868.256365432828,868.067638842163,868.035363117671,2838.84325628919,387.84,320,320
1.521,0,0,0,0,0,0,0,0,0,0,0,0,0,0,0,0,0,0,0,0,0,Inf,Inf,Inf,0.045,0.045,0.035,0.04,0.630860634309645,0.542544042613852,2.36652876291362e-12,1.2701566859844e-05,1.67809216364514,0.000132833401847855,0.781026932074964,9462.84222141249,868.256752241706,868.07210330572,868.035749050839,2838.85266642375,387.84,320,320
1.522,0,0,0,0,0,0,0,0,0,0,0,0,0,0,0,0,0,0,0,0,0,Inf,Inf,Inf,0.045,0.045,0.035,0.04,0.630861435611653,0.542546176128181,2.36653181738979e-12,1.27015712945577e-05,1.67809207682497,0.000132833396931194,0.781026942189884,9462.85421817543,868.256723418572,868.075516921121,868.035720070164,2838.85626545263,387.84,320,320
1.523,0,0,0,0,0,0,0,0,0,0,0,0,0,0,0,0,0,0,0,0,0,Inf,Inf,Inf,0.045,0.045,0.035,0.04,0.630863169194727,0.542547414011642,2.36653230946303e-12,1.27015758959671e-05,1.67809213305486,0.000132833396385475,0.781026924739238,9462.88039662681,868.263571634204,868.073547481444,868.036148233757,2838.86411898804,387.84,320,320
1.524,0,0,0,0,0,0,0,0,0,0,0,0,0,0,0,0,0,0,0,0,0,Inf,Inf,Inf,0.045,0.045,0.035,0.04,0.63086523513421,0.542547847865891,2.36653234871309e-12,1.27015822728289e-05,1.67809232149145,0.000132833396983299,0.781026944752659,9462.91942015434,868.26426775406,868.077965245468,868.043227226587,2838.8758260463,387.84,320,320
1.525,0,0,0,0,0,0,0,0,0,0,0,0,0,0,0,0,0,0,0,0,0,Inf,Inf,Inf,0.045,0.045,0.035,0.04,0.630866316936075,0.542549991276739,2.36653410664063e-12,1.27018417530611e-05,1.67809231302904,0.000132833393768388,0.781026954626631,9462.93085003017,868.264279963145,868.081621207991,868.043239013343,2838.87925500905,387.84,320,320
1.526,0,0,0,0,0,0,0,0,0,0,0,0,0,0,0,0,0,0,0,0,0,Inf,Inf,Inf,0.045,0.045,0.035,0.04,0.630867254520988,0.542551474628322,2.366539010303e-12,1.27018477831338e-05,1.67809220814599,0.00013283339368766,0.781026933192823,9462.95052720661,868.270030880264,868.079441197359,868.04338953893,2838.88515816198,387.84,320,320
1.527,0,0,0,0,0,0,0,0,0,0,0,0,0,0,0,0,0,0,0,0,0,Inf,Inf,Inf,0.045,0.045,0.035,0.04,0.630869524324994,0.542552129053362,2.36654723929092e-12,1.27018514927374e-05,1.67809245485143,0.000132833395591885,0.781026922926234,9462.9833866729,868.271080149025,868.08368834543,868.050077466573,2838.89501600187,387.84,320,320
1.528,0,0,0,0,0,0,0,0,0,0,0,0,0,0,0,0,0,0,0,0,0,Inf,Inf,Inf,0.045,0.045,0.035,0.04,0.63087087885025,0.542553650185879,2.36655770219348e-12,1.27017465218399e-05,1.67809252184786,0.000132833401810282,0.781026959632594,9463.00239428204,868.271235309108,868.081628851214,868.050231968316,2838.90071828461,387.84,320,320
1.529,0,0,0,0,0,0,0,0,0,0,0,0,0,0,0,0,0,0,0,0,0,Inf,Inf,Inf,0.045,0.045,0.035,0.04,0.630871385312034,0.542555342615692,2.36656848430369e-12,1.2701750651226e-05,1.67809241524562,0.000132833408008544,0.781026966058923,9463.01618821383,868.271229322272,868.08500809751,868.05022596717,2838.90485646415,387.84,320,320
1.53,0,0,0,0,0,0,0,0,0,0,0,0,0,0,0,0,0,0,0,0,0,Inf,Inf,Inf,0.045,0.045,0.035,0.04,0.630873595942573,0.542556226756039,2.36657758365593e-12,1.27017527532741e-05,1.67809258825951,0.000132833411237169,0.781026940506921,9463.04273961316,868.277639510541,868.088972302535,868.050811406549,2838.91282188395,387.84,320,320
1.531,0,0,0,0,0,0,0,0,0,0,0,0,0,0,0,0,0,0,0,0,0,Inf,Inf,Inf,0.045,0.045,0.035,0.04,0.630875195906146,0.542556961192713,2.3665836522906e-12,1.27015787723044e-05,1.6780927242475,0.00013283341053485,0.781026967557675,9463.07216283023,868.278017883854,868.092773164044,868.057011703615,2838.92164884907,387.84,320,320
1.532,0,0,0,0,0,0,0,0,0,0,0,0,0,0,0,0,0,0,0,0,0,Inf,Inf,Inf,0.045,0.045,0.035,0.04,0.630875936154242,0.542558812764043,2.36658646838183e-12,1.27015844824082e-05,1.6780926874418,0.000132833406975929,0.781026978278492,9463.08091460206,868.277970620993,868.095735671356,868.056964182244,2838.92427438062,387.84,320,320
1.533,0,0,0,0,0,0,0,0,0,0,0,0,0,0,0,0,0,0,0,0,0,Inf,Inf,Inf,0.045,0.045,0.035,0.04,0.630877145718629,0.542559917770376,2.36658697508229e-12,1.2701589083831e-05,1.67809270653015,0.000132833406007597,0.7810269678859,9463.10131539634,868.283582597752,868.093848144233,868.057223497712,2838.9303946189,387.84,320,320
1.534,0,0,0,0,0,0,0,0,0,0,0,0,0,0,0,0,0,0,0,0,0,Inf,Inf,Inf,0.045,0.045,0.035,0.04,0.630878946761451,0.542560327000441,2.36658688873498e-12,1.27015916345767e-05,1.67809290077796,0.000132833406830628,0.781026977997499,9463.13268181742,868.284239210684,868.097545669683,868.063195669893,2838.93980454522,387.84,320,320
1.535,0,0,0,0,0,0,0,0,0,0,0,0,0,0,0,0,0,0,0,0,0,Inf,Inf,Inf,0.045,0.045,0.035,0.04,0.630879924081196,0.542561894639018,2.36658803816219e-12,1.2701846062499e-05,1.67809293240453,0.000132833404546518,0.78102698985887,9463.14549508266,868.284253214392,868.100666711503,868.063209189353,2838.9436485248,387.84,320,320
1.536,0,0,0,0,0,0,0,0,0,0,0,0,0,0,0,0,0,0,0,0,0,Inf,Inf,Inf,0.045,0.045,0.035,0.04,0.630880453555799,0.542563194953964,2.36659168940954e-12,1.27018490775416e-05,1.67809282298402,0.000132833403143725,0.781026976491931,9463.16018141176,868.284297744338,868.098708838547,868.063253791914,2838.94805442353,387.84,320,320
1.537,0,0,0,0,0,0,0,0,0,0,0,0,0,0,0,0,0,0,0,0,0,Inf,Inf,Inf,0.045,0.045,0.035,0.04,0.630882397660943,0.542563795269659,2.36659810507799e-12,1.27018524398657e-05,1.6780930559103,0.000132833405683372,0.781026967688701,9463.1858320379,868.289751064181,868.102193260492,868.068745331939,2838.95574961137,387.84,320,320
1.538,0,0,0,0,0,0,0,0,0,0,0,0,0,0,0,0,0,0,0,0,0,Inf,Inf,Inf,0.045,0.045,0.035,0.04,0.630883596028488,0.542564832277433,2.36660649023822e-12,1.27017579184353e-05,1.67809315222676,0.000132833411874164,0.781027006700847,9463.20458606661,868.289910897822,868.100602486041,868.068904487616,2838.96137581998,387.84,320,320
1.539,0,0,0,0,0,0,0,0,0,0,0,0,0,0,0,0,0,0,0,0,0,Inf,Inf,Inf,0.045,0.045,0.035,0.04,0.630884072279797,0.54256628794399,2.36661532792083e-12,1.27017603492149e-05,1.67809310300656,0.000132833417343907,0.781027018078775,9463.21423329194,868.289850219728,868.103237558068,868.068843659549,2838.96426998758,387.84,320,320
1.54,0,0,0,0,0,0,0,0,0,0,0,0,0,0,0,0,0,0,0,0,0,Inf,Inf,Inf,0.045,0.045,0.035,0.04,0.630885644927886,0.542567079355165,2.36662296378647e-12,1.27017661622829e-05,1.67809321597502,0.000132833420736988,0.78102699298523,9463.2341784498,868.295008790078,868.106412857821,868.069185664733,2838.97025353494,387.84,320,320
1.541,0,0,0,0,0,0,0,0,0,0,0,0,0,0,0,0,0,0,0,0,0,Inf,Inf,Inf,0.045,0.045,0.035,0.04,0.630887031011993,0.542567434580381,2.3666282145199e-12,1.27015899095647e-05,1.67809336861644,0.000132833421031992,0.781027010300183,9463.26149932377,868.295376711219,868.109530689592,868.074367456299,2838.97844979713,387.84,320,320
1.542,0,0,0,0,0,0,0,0,0,0,0,0,0,0,0,0,0,0,0,0,0,Inf,Inf,Inf,0.045,0.045,0.035,0.04,0.63088770598546,0.54256899447862,2.36663077641261e-12,1.27015932356242e-05,1.67809338103705,0.000132833418807398,0.7810270225483,9463.26696757108,868.295311313422,868.112026520703,868.074301700597,2838.98009027132,387.84,320,320
1.543,0,0,0,0,0,0,0,0,0,0,0,0,0,0,0,0,0,0,0,0,0,Inf,Inf,Inf,0.045,0.045,0.035,0.04,0.63088838606748,0.542569960563429,2.36663129453624e-12,1.2701597449401e-05,1.67809336420087,0.00013283341590489,0.781027020466018,9463.2814943927,868.299656362519,868.110231642544,868.074391185934,2838.98444831781,387.84,320,320
1.544,0,0,0,0,0,0,0,0,0,0,0,0,0,0,0,0,0,0,0,0,0,Inf,Inf,Inf,0.045,0.045,0.035,0.04,0.630889912237159,0.54257034276159,2.36663108392185e-12,1.27016005544911e-05,1.67809356265087,0.000132833417150415,0.781027015793995,9463.30505043313,868.300269605252,868.1131893776,868.079222968816,2838.99151512994,387.84,320,320
1.545,0,0,0,0,0,0,0,0,0,0,0,0,0,0,0,0,0,0,0,0,0,Inf,Inf,Inf,0.045,0.045,0.035,0.04,0.630890779326685,0.542571326930424,2.36663162163629e-12,1.27018541921163e-05,1.67809363386976,0.00013283341579277,0.781027037782393,9463.31915887472,868.300285304546,868.115758474592,868.079238125491,2838.99574766241,387.84,320,320
1.546,0,0,0,0,0,0,0,0,0,0,0,0,0,0,0,0,0,0,0,0,0,Inf,Inf,Inf,0.045,0.045,0.035,0.04,0.630891060249523,0.542572436780473,2.36663400594952e-12,1.27018572071639e-05,1.67809358756472,0.000132833414841213,0.781027037443092,9463.3287969562,868.300224544734,868.114037061573,868.079177272667,2838.99863908686,387.84,320,320
1.547,0,0,0,0,0,0,0,0,0,0,0,0,0,0,0,0,0,0,0,0,0,Inf,Inf,Inf,0.045,0.045,0.035,0.04,0.63089250920709,0.542572979273395,2.36663858032795e-12,1.2701860569491e-05,1.67809373896929,0.000132833418441972,0.781027025769529,9463.34712827713,868.304450768885,868.114509074309,868.079548588517,2839.00413848314,387.84,320,320
1.548,0,0,0,0,0,0,0,0,0,0,0,0,0,0,0,0,0,0,0,0,0,Inf,Inf,Inf,0.045,0.045,0.035,0.04,0.630893544644783,0.542573530715852,2.36664484932124e-12,1.27017640250154e-05,1.67809386418493,0.000132833423610283,0.781027053524264,9463.36547843479,868.304614099113,868.115626353761,868.083604547833,2839.00964353044,387.84,320,320
1.549,0,0,0,0,0,0,0,0,0,0,0,0,0,0,0,0,0,0,0,0,0,Inf,Inf,Inf,0.045,0.045,0.035,0.04,0.630893987727363,0.542574741614298,2.36665170049481e-12,1.27017664259216e-05,1.67809387250516,0.000132833428463562,0.781027065344827,9463.37095304077,868.304499722671,868.117505974316,868.083489888675,2839.01128591223,387.84,320,320
1.55,0,0,0,0,0,0,0,0,0,0,0,0,0,0,0,0,0,0,0,0,0,Inf,Inf,Inf,0.045,0.045,0.035,0.04,0.630894919588006,0.542575435637622,2.36665783510765e-12,1.27017722091105e-05,1.67809392397962,0.000132833432006616,0.781027049815936,9463.38422052642,868.308384284854,868.119878050273,868.083588580603,2839.01526615792,387.84,320,320
1.551,0,0,0,0,0,0,0,0,0,0,0,0,0,0,0,0,0,0,0,0,0,Inf,Inf,Inf,0.045,0.045,0.035,0.04,0.630896084684352,0.542575656588813,2.36666224074036e-12,1.27017759350686e-05,1.67809409287689,0.000132833433206079,0.78102706241203,9463.40465875846,868.308739293291,868.12229818945,868.087726895352,2839.02139762754,387.84,320,320
1.552,0,0,0,0,0,0,0,0,0,0,0,0,0,0,0,0,0,0,0,0,0,Inf,Inf,Inf,0.045,0.045,0.035,0.04,0.630896690680599,0.542576674787374,2.36666453421815e-12,1.27016037100527e-05,1.67809415481047,0.000132833432326197,0.781027076748662,9463.41144609011,868.308656388045,868.124315093406,868.08764353624,2839.02343382703,387.84,320,320
1.553,0,0,0,0,0,0,0,0,0,0,0,0,0,0,0,0,0,0,0,0,0,Inf,Inf,Inf,0.045,0.045,0.035,0.04,0.630896840783772,0.542577496947944,2.36666506048297e-12,1.27016062607997e-05,1.67809412383392,0.000132833430359221,0.78102708169998,9463.4200542604,868.308577131871,868.125630546536,868.08756419332,2839.02601627812,387.84,320,320
1.554,0,0,0,0,0,0,0,0,0,0,0,0,0,0,0,0,0,0,0,0,0,Inf,Inf,Inf,0.045,0.045,0.035,0.04,0.630898084965754,0.542577849964294,2.3666647277264e-12,1.27016088115468e-05,1.6780943027115,0.000132833428562492,0.781027074020666,9463.43571330519,868.312286608059,868.126195373701,868.087889678632,2839.03071399156,387.84,320,320
1.555,0,0,0,0,0,0,0,0,0,0,0,0,0,0,0,0,0,0,0,0,0,Inf,Inf,Inf,0.045,0.045,0.035,0.04,0.630898837554232,0.542578249147153,2.36666465440715e-12,1.27018648079659e-05,1.6780944133281,0.000132833428293097,0.781027099852722,9463.4510416096,868.312303899599,868.126834090784,868.091253508298,2839.03531248288,387.84,320,320
1.556,0,0,0,0,0,0,0,0,0,0,0,0,0,0,0,0,0,0,0,0,0,Inf,Inf,Inf,0.045,0.045,0.035,0.04,0.630899108458681,0.54257916346804,2.36666576532196e-12,1.27018678230165e-05,1.67809443029558,0.000132833429556341,0.781027106869826,9463.45560353554,868.312138857793,868.126046020881,868.091088210314,2839.03668106066,387.84,320,320
1.557,0,0,0,0,0,0,0,0,0,0,0,0,0,0,0,0,0,0,0,0,0,Inf,Inf,Inf,0.045,0.045,0.035,0.04,0.630899816939825,0.542579645505575,2.3666684821632e-12,1.27018708380674e-05,1.6780944993021,0.000132833432780116,0.781027094877284,9463.46654842671,868.315122330097,868.126092579005,868.091134747835,2839.03996452801,387.84,320,320
1.558,0,0,0,0,0,0,0,0,0,0,0,0,0,0,0,0,0,0,0,0,0,Inf,Inf,Inf,0.045,0.045,0.035,0.04,0.630900684471404,0.54257974840447,2.3666726100824e-12,1.270187286651e-05,1.67809465161399,0.000132833436914592,0.781027098795513,9463.48307488973,868.315288281882,868.126633812109,868.094275537538,2839.04492246692,387.84,320,320
1.559,0,0,0,0,0,0,0,0,0,0,0,0,0,0,0,0,0,0,0,0,0,Inf,Inf,Inf,0.045,0.045,0.035,0.04,0.630901092065909,0.542580671046413,2.36667744542092e-12,1.27017737631316e-05,1.67809471655196,0.000132833441432483,0.781027117434351,9463.48569182764,868.315121015343,868.127751130084,868.09410785684,2839.04570754829,387.84,320,320
1.56,0,0,0,0,0,0,0,0,0,0,0,0,0,0,0,0,0,0,0,0,0,Inf,Inf,Inf,0.045,0.045,0.035,0.04,0.630901380259276,0.542581264387733,2.36668205072995e-12,1.27017756410534e-05,1.67809470821433,0.000132833445144154,0.781027121001803,9463.49223471581,868.314976864392,868.12931040243,868.093963587038,2839.04767041474,387.84,320,320
1.561,0,0,0,0,0,0,0,0,0,0,0,0,0,0,0,0,0,0,0,0,0,Inf,Inf,Inf,0.045,0.045,0.035,0.04,0.630902318539949,0.542581476142773,2.36668558960563e-12,1.27017756709385e-05,1.67809489145708,0.000132833447305985,0.781027124574578,9463.50435337205,868.318056244687,868.131022300075,868.097040658043,2839.05130601161,387.84,320,320
1.562,0,0,0,0,0,0,0,0,0,0,0,0,0,0,0,0,0,0,0,0,0,Inf,Inf,Inf,0.045,0.045,0.035,0.04,0.630902852218727,0.542581822083239,2.36668760227784e-12,1.27016100288264e-05,1.6780950015921,0.000132833447754667,0.781027139551784,9463.51376933504,868.317956362089,868.132550817873,868.096940228532,2839.05413080051,387.84,320,320
1.563,0,0,0,0,0,0,0,0,0,0,0,0,0,0,0,0,0,0,0,0,0,Inf,Inf,Inf,0.045,0.045,0.035,0.04,0.630902994701444,0.542582496122379,2.36668813338741e-12,1.27016104164891e-05,1.67809503683501,0.00013283344720141,0.781027149081135,9463.51643810017,868.317709635564,868.133629275773,868.096693229592,2839.05493143005,387.84,320,320
1.564,0,0,0,0,0,0,0,0,0,0,0,0,0,0,0,0,0,0,0,0,0,Inf,Inf,Inf,0.045,0.045,0.035,0.04,0.630903429528353,0.542582817933929,2.3666876813551e-12,1.2701612412891e-05,1.67809511616168,0.000132833446349178,0.78102714928132,9463.52414773776,868.320241103564,868.134144171893,868.096609284653,2839.05724432133,387.84,320,320
1.565,0,0,0,0,0,0,0,0,0,0,0,0,0,0,0,0,0,0,0,0,0,Inf,Inf,Inf,0.045,0.045,0.035,0.04,0.630904063363942,0.542582828902155,2.36668700150144e-12,1.2701612412891e-05,1.67809526507394,0.000132833446174085,0.781027165071162,9463.53627616757,868.320259869577,868.134161722539,868.099206230154,2839.06088285027,387.84,320,320
1.566,0,0,0,0,0,0,0,0,0,0,0,0,0,0,0,0,0,0,0,0,0,Inf,Inf,Inf,0.045,0.045,0.035,0.04,0.630904322476776,0.542583345792323,2.36668684059623e-12,1.27018737426734e-05,1.67809534446662,0.000132833446973837,0.781027174546136,9463.54008539617,868.319992311898,868.133893368115,868.098938256533,2839.06202561885,387.84,320,320
1.567,0,0,0,0,0,0,0,0,0,0,0,0,0,0,0,0,0,0,0,0,0,Inf,Inf,Inf,0.045,0.045,0.035,0.04,0.63090429183847,0.542583764465549,2.36668769543634e-12,1.27018754238387e-05,1.67809536354232,0.000132833449241811,0.781027166825598,9463.54362685586,868.319716214837,868.133616918317,868.098661986718,2839.06308805676,387.84,320,320
1.568,0,0,0,0,0,0,0,0,0,0,0,0,0,0,0,0,0,0,0,0,0,Inf,Inf,Inf,0.045,0.045,0.035,0.04,0.630904986874906,0.542583868250227,2.36668967097932e-12,1.27018774522811e-05,1.67809550979358,0.000132833452482133,0.781027163778327,9463.55161408293,868.321885895863,868.133582728371,868.098627819225,2839.06548422488,387.84,320,320
1.569,0,0,0,0,0,0,0,0,0,0,0,0,0,0,0,0,0,0,0,0,0,Inf,Inf,Inf,0.045,0.045,0.035,0.04,0.630905356507273,0.54258405298145,2.36669247397035e-12,1.27017785899997e-05,1.67809563124082,0.000132833456183594,0.78102718546041,9463.55797411635,868.321667371195,868.133936065708,868.100650857613,2839.06739223491,387.84,320,320
1.57,0,0,0,0,0,0,0,0,0,0,0,0,0,0,0,0,0,0,0,0,0,Inf,Inf,Inf,0.045,0.045,0.035,0.04,0.630905395433542,0.542584542294427,2.36669553164726e-12,1.27017785750572e-05,1.67809569045531,0.000132833459750347,0.781027205014803,9463.55780504886,868.32128358286,868.134678462293,868.100266747592,2839.06734151466,387.84,320,320
1.571,0,0,0,0,0,0,0,0,0,0,0,0,0,0,0,0,0,0,0,0,0,Inf,Inf,Inf,0.045,0.045,0.035,0.04,0.630905713384678,0.542584743456609,2.36669818763198e-12,1.27017786348273e-05,1.67809575965439,0.000132833462393981,0.781027202771374,9463.56159404829,868.323289851616,868.135676394819,868.099965708875,2839.06847821449,387.84,320,320
1.572,0,0,0,0,0,0,0,0,0,0,0,0,0,0,0,0,0,0,0,0,0,Inf,Inf,Inf,0.045,0.045,0.035,0.04,0.630906171980054,0.542584670187122,2.36669990891799e-12,1.2701782226303e-05,1.67809591757329,0.000132833463985252,0.781027208352111,9463.569170845,868.323173821423,868.136710452327,868.102154382713,2839.0707512535,387.84,320,320
1.573,0,0,0,0,0,0,0,0,0,0,0,0,0,0,0,0,0,0,0,0,0,Inf,Inf,Inf,0.045,0.045,0.035,0.04,0.630906315754727,0.542584944635502,2.36670044156138e-12,1.27016152389181e-05,1.67809601885095,0.000132833464812471,0.781027221708935,9463.57030350977,868.322762687095,868.137546919207,868.101742793961,2839.07109105293,387.84,320,320
1.574,0,0,0,0,0,0,0,0,0,0,0,0,0,0,0,0,0,0,0,0,0,Inf,Inf,Inf,0.045,0.045,0.035,0.04,0.630906169161194,0.542585233493269,2.36669987384796e-12,1.27016170686379e-05,1.67809606441662,0.000132833465030913,0.781027230834345,9463.57007635816,868.322273504857,868.138009085923,868.101253363698,2839.07102290745,387.84,320,320
1.575,0,0,0,0,0,0,0,0,0,0,0,0,0,0,0,0,0,0,0,0,0,Inf,Inf,Inf,0.045,0.045,0.035,0.04,0.630906447126497,0.542585245252678,2.36669859570127e-12,1.27016196193856e-05,1.67809618352598,0.000132833464988777,0.781027233723037,9463.57364228525,868.324132090763,868.138027896882,868.100907900776,2839.07209268557,387.84,320,320
1.576,0,0,0,0,0,0,0,0,0,0,0,0,0,0,0,0,0,0,0,0,0,Inf,Inf,Inf,0.045,0.045,0.035,0.04,0.630906693085517,0.542585014703537,2.36669717243209e-12,1.27016216157872e-05,1.67809632451147,0.000132833465304238,0.781027243522957,9463.58047202938,868.323764309354,868.137659016915,868.102706831667,2839.07414160881,387.84,320,320
1.577,0,0,0,0,0,0,0,0,0,0,0,0,0,0,0,0,0,0,0,0,0,Inf,Inf,Inf,0.045,0.045,0.035,0.04,0.630906632542687,0.542585332357844,2.36669617237801e-12,1.27018811066694e-05,1.67809640881139,0.000132833466463965,0.781027249414868,9463.57817182969,868.323169380794,868.137063331161,868.102111520964,2839.07345154891,387.84,320,320
1.578,0,0,0,0,0,0,0,0,0,0,0,0,0,0,0,0,0,0,0,0,0,Inf,Inf,Inf,0.045,0.045,0.035,0.04,0.63090644705244,0.542585436470979,2.36669599766883e-12,1.27018848162774e-05,1.67809644201263,0.000132833468481215,0.781027255679421,9463.57762553545,868.322564083167,868.136457643394,868.101506036999,2839.07328766064,387.84,320,320
1.579,0,0,0,0,0,0,0,0,0,0,0,0,0,0,0,0,0,0,0,0,0,Inf,Inf,Inf,0.045,0.045,0.035,0.04,0.63090677687046,0.542585267982934,2.36669676453834e-12,1.2701889220439e-05,1.6780966091926,0.000132833471118837,0.781027264509296,9463.58081521538,868.324132800189,868.136049772607,868.103112924423,2839.07424456461,387.84,320,320
1.58,0,0,0,0,0,0,0,0,0,0,0,0,0,0,0,0,0,0,0,0,0,Inf,Inf,Inf,0.045,0.045,0.035,0.04,0.630906818501663,0.542585269995453,2.36669826601583e-12,1.27017865003026e-05,1.67809673479966,0.000132833474623559,0.78102728938784,9463.58083411609,868.323512771239,868.135976016201,868.102492376448,2839.07425023483,387.84,320,320
1.581,0,0,0,0,0,0,0,0,0,0,0,0,0,0,0,0,0,0,0,0,0,Inf,Inf,Inf,0.045,0.045,0.035,0.04,0.630906552771145,0.542585459536473,2.36670002859204e-12,1.27017901963757e-05,1.67809680142613,0.0001328334780128,0.781027292443823,9463.57631675427,868.322724166448,868.13625845503,868.101703460668,2839.07289502628,387.84,320,320
1.582,0,0,0,0,0,0,0,0,0,0,0,0,0,0,0,0,0,0,0,0,0,Inf,Inf,Inf,0.045,0.045,0.035,0.04,0.630906647650679,0.542585376535512,2.36670144979556e-12,1.27017920294699e-05,1.67809689468111,0.000132833480964045,0.781027291307716,9463.57549723507,868.324310241298,868.136794856513,868.100974585999,2839.07264917052,387.84,320,320
1.583,0,0,0,0,0,0,0,0,0,0,0,0,0,0,0,0,0,0,0,0,0,Inf,Inf,Inf,0.045,0.045,0.035,0.04,0.630906791801769,0.542585018091134,2.36670198066753e-12,1.27017936981973e-05,1.67809706037263,0.000132833483299846,0.781027301318551,9463.57848383901,868.323737949507,868.137385697048,868.102714570358,2839.0735451517,387.84,320,320
1.584,0,0,0,0,0,0,0,0,0,0,0,0,0,0,0,0,0,0,0,0,0,Inf,Inf,Inf,0.045,0.045,0.035,0.04,0.630906615354704,0.542585098183416,2.36670130158322e-12,1.27016323188236e-05,1.67809716660273,0.000132833484346849,0.781027319791674,9463.57351046651,868.322848583415,868.137792581603,868.101824750658,2839.07205313995,387.84,320,320
1.585,0,0,0,0,0,0,0,0,0,0,0,0,0,0,0,0,0,0,0,0,0,Inf,Inf,Inf,0.045,0.045,0.035,0.04,0.630906125971896,0.542585110655923,2.36669943713677e-12,1.27016348695712e-05,1.67809721065428,0.000132833484511975,0.781027331002761,9463.56854235362,868.321861875958,868.137812528006,868.100837810883,2839.07056270609,387.84,320,320
1.586,0,0,0,0,0,0,0,0,0,0,0,0,0,0,0,0,0,0,0,0,0,Inf,Inf,Inf,0.045,0.045,0.035,0.04,0.630906220710579,0.542584819166487,2.36669676891617e-12,1.27016377536831e-05,1.67809736315542,0.000132833484160687,0.781027335054723,9463.56782438691,868.323457977943,868.137346136906,868.10000372831,2839.07034731607,387.84,320,320
1.587,0,0,0,0,0,0,0,0,0,0,0,0,0,0,0,0,0,0,0,0,0,Inf,Inf,Inf,0.045,0.045,0.035,0.04,0.630906152705251,0.542584352128354,2.36669393279623e-12,1.27018983760396e-05,1.67809751177787,0.000132833484202277,0.781027344991089,9463.57025242777,868.322550156684,868.136437161583,868.101488674136,2839.07107572833,387.84,320,320
1.588,0,0,0,0,0,0,0,0,0,0,0,0,0,0,0,0,0,0,0,0,0,Inf,Inf,Inf,0.045,0.045,0.035,0.04,0.630905726080331,0.542584455838048,2.36669162356576e-12,1.27018987233167e-05,1.67809759096283,0.000132833485123899,0.781027356712274,9463.56123591571,868.32138147228,868.135267730387,868.100319627845,2839.06837077471,387.84,320,320
1.589,0,0,0,0,0,0,0,0,0,0,0,0,0,0,0,0,0,0,0,0,0,Inf,Inf,Inf,0.045,0.045,0.035,0.04,0.630905360505562,0.542584257482234,2.36669036343988e-12,1.27019031274787e-05,1.67809764537135,0.000132833487209329,0.781027365280467,9463.55640067147,868.322522463142,868.134106489121,868.0991585606,2839.06692020144,387.84,320,320
1.59,0,0,0,0,0,0,0,0,0,0,0,0,0,0,0,0,0,0,0,0,0,Inf,Inf,Inf,0.045,0.045,0.035,0.04,0.630905404547323,0.542583725213186,2.36669031003195e-12,1.27019055031984e-05,1.67809783626822,0.000132833490796144,0.781027369041986,9463.55635245969,868.321672204816,868.133222726379,868.100648271353,2839.06690573791,387.84,320,320
1.591,0,0,0,0,0,0,0,0,0,0,0,0,0,0,0,0,0,0,0,0,0,Inf,Inf,Inf,0.045,0.045,0.035,0.04,0.630905077187073,0.542583633177993,2.36669117438858e-12,1.27018019372398e-05,1.67809795686769,0.000132833495333677,0.781027384841739,9463.54871211167,868.3204049613,868.132792918692,868.099380521254,2839.0646136335,387.84,320,320
1.592,0,0,0,0,0,0,0,0,0,0,0,0,0,0,0,0,0,0,0,0,0,Inf,Inf,Inf,0.045,0.045,0.035,0.04,0.630904363119244,0.542583541084136,2.36669228877386e-12,1.2701803770334e-05,1.67809799949573,0.000132833499612444,0.781027392998697,9463.53956746072,868.318978262445,868.132831836919,868.0979535862,2839.06187023822,387.84,320,320
1.593,0,0,0,0,0,0,0,0,0,0,0,0,0,0,0,0,0,0,0,0,0,Inf,Inf,Inf,0.045,0.045,0.035,0.04,0.630904440065157,0.542583084856659,2.36669281461375e-12,1.27018090305388e-05,1.67809815749202,0.000132833503129988,0.781027398719137,9463.53568002299,868.320651517292,868.133175144606,868.096684503936,2839.0607040069,387.84,320,320
1.594,0,0,0,0,0,0,0,0,0,0,0,0,0,0,0,0,0,0,0,0,0,Inf,Inf,Inf,0.045,0.045,0.035,0.04,0.630904235038748,0.542582430748567,2.36669202911489e-12,1.27016454640138e-05,1.67809832372469,0.000132833505133319,0.781027415278747,9463.53470702382,868.319370845785,868.133524649902,868.098343349225,2839.06041210715,387.84,320,320
1.595,0,0,0,0,0,0,0,0,0,0,0,0,0,0,0,0,0,0,0,0,0,Inf,Inf,Inf,0.045,0.045,0.035,0.04,0.63090359326328,0.542582443854701,2.36668959386426e-12,1.27016487357895e-05,1.67809840342442,0.00013283350559935,0.781027433694941,9463.52130050151,868.317754127608,868.133545604715,868.096726249017,2839.05639015045,387.84,320,320
1.596,0,0,0,0,0,0,0,0,0,0,0,0,0,0,0,0,0,0,0,0,0,Inf,Inf,Inf,0.045,0.045,0.035,0.04,0.630902931473797,0.542582093618354,2.36668570561575e-12,1.27016514532201e-05,1.67809845466325,0.000132833504703229,0.781027441462413,9463.51309719782,868.319103760703,868.132985212015,868.095110907917,2839.05392915935,387.84,320,320
1.597,0,0,0,0,0,0,0,0,0,0,0,0,0,0,0,0,0,0,0,0,0,Inf,Inf,Inf,0.045,0.045,0.035,0.04,0.630902856441792,0.542581334507205,2.36668106339989e-12,1.27016536163057e-05,1.67809866644122,0.000132833503635019,0.781027445187885,9463.51095051051,868.317890713138,868.131770623299,868.096825642938,2839.05328515315,387.84,320,320
1.598,0,0,0,0,0,0,0,0,0,0,0,0,0,0,0,0,0,0,0,0,0,Inf,Inf,Inf,0.045,0.045,0.035,0.04,0.630902328104112,0.542580954287846,2.36667664839161e-12,1.27019116989721e-05,1.67809879079348,0.00013283350344399,0.781027459852162,9463.50283444296,868.316169599067,868.130048412693,868.09510399621,2839.05085033289,387.84,320,320
1.599,0,0,0,0,0,0,0,0,0,0,0,0,0,0,0,0,0,0,0,0,0,Inf,Inf,Inf,0.045,0.045,0.035,0.04,0.630901329031844,0.542580727361256,2.36667338280487e-12,1.27019140746926e-05,1.67809881846828,0.000132833504945172,0.781027470340914,9463.49005680968,868.314267662896,868.128145993192,868.093201858134,2839.0470170429,387.84,320,320
1.6,0,0,0,0,0,0,0,0,0,0,0,0,0,0,0,0,0,0,0,0,0,Inf,Inf,Inf,0.045,0.045,0.035,0.04,0.630901184552746,0.542580054911007,2.36667178537924e-12,1.27019171449695e-05,1.67809898536483,0.000132833508388012,0.781027473694486,9463.48391134577,868.3158066644,868.126463087014,868.091518958046,2839.04517340373,387.84,320,320
1.601,0,0,0,0,0,0,0,0,0,0,0,0,0,0,0,0,0,0,0,0,0,Inf,Inf,Inf,0.045,0.045,0.035,0.04,0.630900797893305,0.542579296904739,2.36667175223959e-12,1.27018114714583e-05,1.67809915877497,0.000132833513676797,0.781027487369521,9463.4792452397,868.314071092576,868.125328430615,868.093042956781,2839.04377357191,387.84,320,320
1.602,0,0,0,0,0,0,0,0,0,0,0,0,0,0,0,0,0,0,0,0,0,Inf,Inf,Inf,0.045,0.045,0.035,0.04,0.630899880311449,0.542579196297316,2.36667255496261e-12,1.27018187141815e-05,1.67809922534773,0.000132833519333431,0.781027504644481,9463.46188026245,868.311959070718,868.124872915329,868.090930579037,2839.03856407873,387.84,320,320
1.603,0,0,0,0,0,0,0,0,0,0,0,0,0,0,0,0,0,0,0,0,0,Inf,Inf,Inf,0.045,0.045,0.035,0.04,0.630899293461662,0.542578645548964,2.36667307253736e-12,1.27018203829109e-05,1.67809930025133,0.000132833523872645,0.78102751114614,9463.45118178452,868.313555468189,868.124968176429,868.088869206263,2839.03535453536,387.84,320,320
1.604,0,0,0,0,0,0,0,0,0,0,0,0,0,0,0,0,0,0,0,0,0,Inf,Inf,Inf,0.045,0.045,0.035,0.04,0.630899061349757,0.542577605771276,2.36667218624875e-12,1.27018218573915e-05,1.67809952465653,0.000132833526764064,0.781027514946089,9463.44791386283,868.311893488075,868.125258486888,868.090862377581,2839.03437415885,387.84,320,320
1.605,0,0,0,0,0,0,0,0,0,0,0,0,0,0,0,0,0,0,0,0,0,Inf,Inf,Inf,0.045,0.045,0.035,0.04,0.63089827227928,0.542577278090275,2.36666919927488e-12,1.27016616600145e-05,1.67809963905728,0.000132833527209029,0.781027540174073,9463.43249388858,868.3096602958,868.125280313488,868.088628656578,2839.02974816657,387.84,320,320
1.606,0,0,0,0,0,0,0,0,0,0,0,0,0,0,0,0,0,0,0,0,0,Inf,Inf,Inf,0.045,0.045,0.035,0.04,0.630896931738655,0.542576871709967,2.36666412359238e-12,1.27016656528196e-05,1.67809963851879,0.000132833525913232,0.781027552223162,9463.41690134924,868.307278282053,868.124630084022,868.086246520243,2839.02507040477,387.84,320,320
1.607,0,0,0,0,0,0,0,0,0,0,0,0,0,0,0,0,0,0,0,0,0,Inf,Inf,Inf,0.045,0.045,0.035,0.04,0.630896779757656,0.54257592766812,2.36665771661282e-12,1.27016699789947e-05,1.67809986403889,0.000132833524344984,0.781027551470769,9463.40951461771,868.309246888123,868.121419895456,868.084202524571,2839.02285438531,387.84,320,320
1.608,0,0,0,0,0,0,0,0,0,0,0,0,0,0,0,0,0,0,0,0,0,Inf,Inf,Inf,0.045,0.045,0.035,0.04,0.630896153900706,0.542574966412415,2.36665123782595e-12,1.27019217148221e-05,1.67810003232219,0.0001328335257273,0.781027564382098,9463.40307198181,868.306987934531,868.121581607857,868.085918633933,2839.02092159454,387.84,320,320
1.609,0,0,0,0,0,0,0,0,0,0,0,0,0,0,0,0,0,0,0,0,0,Inf,Inf,Inf,0.045,0.045,0.035,0.04,0.630894899703173,0.542574712652346,2.36664600095371e-12,1.27019271055921e-05,1.67810007183591,0.000132833524803851,0.781027580353611,9463.38248811143,868.304362032512,868.121175568441,868.083292450147,2839.01474643343,387.84,320,320
1.61,0,0,0,0,0,0,0,0,0,0,0,0,0,0,0,0,0,0,0,0,0,Inf,Inf,Inf,0.045,0.045,0.035,0.04,0.630894201189516,0.542573905487229,2.36664288014604e-12,1.27019308704314e-05,1.67810017690038,0.000132833529393875,0.781027585213582,9463.37032746588,868.305974594624,868.117383965928,868.08082647478,2839.01109823977,387.84,320,320
1.611,0,0,0,0,0,0,0,0,0,0,0,0,0,0,0,0,0,0,0,0,0,Inf,Inf,Inf,0.045,0.045,0.035,0.04,0.630893758153222,0.542572536193287,2.36664195597197e-12,1.27019346352721e-05,1.67810040204088,0.000132833532256748,0.781027598261646,9463.36687017672,868.303785470329,868.113939172318,868.082753705798,2839.01006105302,387.84,320,320
1.612,0,0,0,0,0,0,0,0,0,0,0,0,0,0,0,0,0,0,0,0,0,Inf,Inf,Inf,0.045,0.045,0.035,0.04,0.630892644382809,0.542572382695724,2.36664244425491e-12,1.27018289010774e-05,1.67810049205831,0.000132833538853875,0.781027620841845,9463.34321638064,868.301006908657,868.112995555333,868.079974675338,2839.00296491419,387.84,320,320
1.613,0,0,0,0,0,0,0,0,0,0,0,0,0,0,0,0,0,0,0,0,0,Inf,Inf,Inf,0.045,0.045,0.035,0.04,0.630891404114213,0.542571741723482,2.36664295043579e-12,1.27018340716345e-05,1.67810048405196,0.000132833544722373,0.781027627677817,9463.32582801864,868.302516246645,868.11284396447,868.077140304036,2838.99774840559,387.84,320,320
1.614,0,0,0,0,0,0,0,0,0,0,0,0,0,0,0,0,0,0,0,0,0,Inf,Inf,Inf,0.045,0.045,0.035,0.04,0.630891146518605,0.542570471864856,2.36664196953036e-12,1.27018370654314e-05,1.67810076515388,0.000132833548385938,0.781027621918489,9463.31821967091,868.300486501409,868.113073731422,868.074815683683,2838.99546590127,387.84,320,320
1.615,0,0,0,0,0,0,0,0,0,0,0,0,0,0,0,0,0,0,0,0,0,Inf,Inf,Inf,0.045,0.045,0.035,0.04,0.630890215989598,0.542569663135957,2.36663845309434e-12,1.27016757510625e-05,1.67810091349517,0.000132833549146346,0.781027650485791,9463.30296335406,868.297655722713,868.113096292196,868.076620399594,2838.99088900622,387.84,320,320
1.616,0,0,0,0,0,0,0,0,0,0,0,0,0,0,0,0,0,0,0,0,0,Inf,Inf,Inf,0.045,0.045,0.035,0.04,0.630888570077651,0.542569203495247,2.36663222953324e-12,1.2701679743869e-05,1.67810091277032,0.000132833547369959,0.78102766718788,9463.28013506266,868.294527905711,868.11236083981,868.073492419506,2838.9840405188,387.84,320,320
1.617,0,0,0,0,0,0,0,0,0,0,0,0,0,0,0,0,0,0,0,0,0,Inf,Inf,Inf,0.045,0.045,0.035,0.04,0.630887983062133,0.542568081605715,2.36662410955738e-12,1.27016835157075e-05,1.6781010977866,0.00013283354724843,0.781027666165036,9463.26759528092,868.296700339323,868.107958205028,868.070692321892,2838.98027858428,387.84,320,320
1.618,0,0,0,0,0,0,0,0,0,0,0,0,0,0,0,0,0,0,0,0,0,Inf,Inf,Inf,0.045,0.045,0.035,0.04,0.630887264034925,0.54256655071116,2.36661562126367e-12,1.27019345089478e-05,1.67810130881256,0.000132833549255687,0.781027675260445,9463.26285176225,868.293921163647,868.108116384733,868.072848243384,2838.97885552868,387.84,320,320
1.619,0,0,0,0,0,0,0,0,0,0,0,0,0,0,0,0,0,0,0,0,0,Inf,Inf,Inf,0.045,0.045,0.035,0.04,0.630885763897457,0.542566271751223,2.36660845905372e-12,1.27019382185531e-05,1.67810135988199,0.000132833548062617,0.781027697553714,9463.23464089205,868.290592461269,868.107670019576,868.069519180701,2838.97039226762,387.84,320,320
1.62,0,0,0,0,0,0,0,0,0,0,0,0,0,0,0,0,0,0,0,0,0,Inf,Inf,Inf,0.045,0.045,0.035,0.04,0.630884519415205,0.542565335493758,2.36660384462428e-12,1.27019399549584e-05,1.67810140141834,0.000132833551438329,0.781027703135869,9463.21657998775,868.292269637555,868.102668637428,868.066290718759,2838.96497399632,387.84,320,320
1.621,0,0,0,0,0,0,0,0,0,0,0,0,0,0,0,0,0,0,0,0,0,Inf,Inf,Inf,0.045,0.045,0.035,0.04,0.63088402303599,0.542563692491448,2.36660204121697e-12,1.270194540097e-05,1.67810167627814,0.00013283355465111,0.781027707800154,9463.20966496454,868.289642925505,868.102880980487,868.068607624237,2838.96289948936,387.84,320,320
1.622,0,0,0,0,0,0,0,0,0,0,0,0,0,0,0,0,0,0,0,0,0,Inf,Inf,Inf,0.045,0.045,0.035,0.04,0.630882721131896,0.542563163118952,2.3666022141482e-12,1.27018436412059e-05,1.67810178888507,0.000132833559331952,0.781027735711941,9463.1845839568,868.286218753233,868.097299949961,868.065182873187,2838.95537518704,387.84,320,320
1.623,0,0,0,0,0,0,0,0,0,0,0,0,0,0,0,0,0,0,0,0,0,Inf,Inf,Inf,0.045,0.045,0.035,0.04,0.630880838882243,0.542562436305726,2.36660270585656e-12,1.27018505402736e-05,1.67810173702565,0.000132833566751343,0.781027744946789,9463.1606523879,868.282633301969,868.096904089057,868.061597436657,2838.94819571637,387.84,320,320
1.624,0,0,0,0,0,0,0,0,0,0,0,0,0,0,0,0,0,0,0,0,0,Inf,Inf,Inf,0.045,0.045,0.035,0.04,0.630880557607697,0.542560945477899,2.36660163711369e-12,1.27018570807428e-05,1.67810203374788,0.000132833571309817,0.781027737381101,9463.14877465205,868.285251545944,868.097072268868,868.058558763988,2838.94463239562,387.84,320,320
1.625,0,0,0,0,0,0,0,0,0,0,0,0,0,0,0,0,0,0,0,0,0,Inf,Inf,Inf,0.045,0.045,0.035,0.04,0.630879492457789,0.542559662664934,2.36659761681063e-12,1.27016895669199e-05,1.67810221470601,0.000132833572217488,0.781027765223538,9463.13379124745,868.281844141518,868.097095418686,868.060805231022,2838.94013737424,387.84,320,320
1.626,0,0,0,0,0,0,0,0,0,0,0,0,0,0,0,0,0,0,0,0,0,Inf,Inf,Inf,0.045,0.045,0.035,0.04,0.63087755363621,0.542559153012353,2.36659029212257e-12,1.27016917300144e-05,1.67810221380205,0.000132833569862554,0.781027786152089,9463.10391368837,868.277994257423,868.096279941252,868.056955144773,2838.93117410651,387.84,320,320
1.627,0,0,0,0,0,0,0,0,0,0,0,0,0,0,0,0,0,0,0,0,0,Inf,Inf,Inf,0.045,0.045,0.035,0.04,0.630876536330542,0.542557861524394,2.36658052164289e-12,1.27016987736402e-05,1.67810235872073,0.000132833570682548,0.781027784888935,9463.0863297682,868.280355348217,868.090717018989,868.05342070336,2838.92589893046,387.84,320,320
1.628,0,0,0,0,0,0,0,0,0,0,0,0,0,0,0,0,0,0,0,0,0,Inf,Inf,Inf,0.045,0.045,0.035,0.04,0.630875729448637,0.54255581122071,2.36657009070021e-12,1.2701703599905e-05,1.67810261091897,0.000132833572958688,0.781027793808298,9463.08084153628,868.277076926236,868.090870590482,868.056000488602,2838.92425246089,387.84,320,320
1.629,0,0,0,0,0,0,0,0,0,0,0,0,0,0,0,0,0,0,0,0,0,Inf,Inf,Inf,0.045,0.045,0.035,0.04,0.630873994744671,0.542555470039882,2.36656106118744e-12,1.27019416755896e-05,1.67810267312744,0.000132833571489518,0.781027819916628,9463.04771819723,868.273071096547,868.090387149371,868.051994225533,2838.91431545917,387.84,320,320
1.63,0,0,0,0,0,0,0,0,0,0,0,0,0,0,0,0,0,0,0,0,0,Inf,Inf,Inf,0.045,0.045,0.035,0.04,0.630872215631757,0.542554411708269,2.36655499233143e-12,1.27019447458835e-05,1.67810265298343,0.000132833573835357,0.781027825616666,9463.02391240722,868.274798591294,868.084216588092,868.04802874933,2838.90717372217,387.84,320,320
1.631,0,0,0,0,0,0,0,0,0,0,0,0,0,0,0,0,0,0,0,0,0,Inf,Inf,Inf,0.045,0.045,0.035,0.04,0.630871669464706,0.542552507561557,2.36655232712929e-12,1.27019505391891e-05,1.67810297556194,0.000132833577629495,0.781027813153376,9463.01360837941,868.271754377796,868.084402849988,868.050715653344,2838.90408251382,387.84,320,320
1.632,0,0,0,0,0,0,0,0,0,0,0,0,0,0,0,0,0,0,0,0,0,Inf,Inf,Inf,0.045,0.045,0.035,0.04,0.630870189024811,0.542551608087319,2.36655218591162e-12,1.27018587054903e-05,1.67810310998822,0.000132833581423314,0.781027850894539,9462.98725682572,868.267711247379,868.077910655827,868.046671834546,2838.89617704772,387.84,320,320
1.633,0,0,0,0,0,0,0,0,0,0,0,0,0,0,0,0,0,0,0,0,0,Inf,Inf,Inf,0.045,0.045,0.035,0.04,0.630867773749094,0.542550800758414,2.36655266022635e-12,1.27018638461836e-05,1.67810304691237,0.00013283358989034,0.781027864405571,9462.95698355287,868.263403194032,868.077274750884,868.042363792061,2838.88709506586,387.84,320,320
1.634,0,0,0,0,0,0,0,0,0,0,0,0,0,0,0,0,0,0,0,0,0,Inf,Inf,Inf,0.045,0.045,0.035,0.04,0.630867379970432,0.542549100111906,2.36655151086548e-12,1.2701872160007e-05,1.67810332584689,0.000132833595211501,0.781027855409062,9462.94094598501,868.266306176279,868.077380765828,868.038635862484,2838.8822837955,387.84,320,320
1.635,0,0,0,0,0,0,0,0,0,0,0,0,0,0,0,0,0,0,0,0,0,Inf,Inf,Inf,0.045,0.045,0.035,0.04,0.630866187671774,0.542547355843497,2.36654701507369e-12,1.27017025533056e-05,1.67810353826715,0.000132833596306336,0.781027883535447,9462.92630695089,868.262348053486,868.07740435997,868.041305676301,2838.87789208527,387.84,320,320
1.636,0,0,0,0,0,0,0,0,0,0,0,0,0,0,0,0,0,0,0,0,0,Inf,Inf,Inf,0.045,0.045,0.035,0.04,0.630863969894947,0.542546799670455,2.36653864225674e-12,1.27017072671497e-05,1.6781035371905,0.000132833593649606,0.781027907955815,9462.88961983809,868.25780586809,868.076514444014,868.036763252531,2838.86688595143,387.84,320,320
1.637,0,0,0,0,0,0,0,0,0,0,0,0,0,0,0,0,0,0,0,0,0,Inf,Inf,Inf,0.045,0.045,0.035,0.04,0.630862532420059,0.542545347741841,2.36652729324939e-12,1.27017144774835e-05,1.67810364015207,0.000132833593854137,0.78102790645221,9462.86714053888,868.260340380001,868.069835751357,868.03252238041,2838.86014216166,387.84,320,320
1.638,0,0,0,0,0,0,0,0,0,0,0,0,0,0,0,0,0,0,0,0,0,Inf,Inf,Inf,0.045,0.045,0.035,0.04,0.630861643112869,0.542543000062822,2.36651499776429e-12,1.2701720745839e-05,1.67810393176194,0.00013283359655468,0.781027913794224,9462.8590892945,868.256586454154,868.069983909851,868.03550662717,2838.85772678835,387.84,320,320
1.639,0,0,0,0,0,0,0,0,0,0,0,0,0,0,0,0,0,0,0,0,0,Inf,Inf,Inf,0.045,0.045,0.035,0.04,0.630859685916816,0.542542394709989,2.36650416984751e-12,1.27019468691634e-05,1.67810400464331,0.00013283359498312,0.781027942764285,9462.82314744325,868.251932986774,868.069466465436,868.030852657365,2838.84694423297,387.84,320,320
1.64,0,0,0,0,0,0,0,0,0,0,0,0,0,0,0,0,0,0,0,0,0,Inf,Inf,Inf,0.045,0.045,0.035,0.04,0.630857386771376,0.542541221434659,2.36649669423511e-12,1.27019523151963e-05,1.67810392147158,0.000132833597532349,0.781027949008906,9462.79378245494,868.253701101515,868.062173517433,868.026179824974,2838.83813473648,387.84,320,320
1.641,0,0,0,0,0,0,0,0,0,0,0,0,0,0,0,0,0,0,0,0,0,Inf,Inf,Inf,0.045,0.045,0.035,0.04,0.630856794464611,0.542539069354944,2.36649318967691e-12,1.27019584558034e-05,1.67810428924244,0.000132833601911603,0.781027930311002,9462.78017531583,868.250260508267,868.062332913254,868.022386194364,2838.83405259475,387.84,320,320
1.642,0,0,0,0,0,0,0,0,0,0,0,0,0,0,0,0,0,0,0,0,0,Inf,Inf,Inf,0.045,0.045,0.035,0.04,0.630855145744711,0.542537808944845,2.36649273729602e-12,1.27018660342133e-05,1.67810444449608,0.000132833604167651,0.781027971476585,9462.75271989931,868.245626996358,868.054973354977,868.024584180075,2838.82581596979,387.84,320,320
1.643,0,0,0,0,0,0,0,0,0,0,0,0,0,0,0,0,0,0,0,0,0,Inf,Inf,Inf,0.045,0.045,0.035,0.04,0.630852412318208,0.54253692647274,2.36649319136532e-12,1.27018747066407e-05,1.67810437068575,0.000132833613757077,0.781027988606045,9462.71633016033,868.24062721507,868.054102969655,868.019584407057,2838.8148990481,387.84,320,320
1.644,0,0,0,0,0,0,0,0,0,0,0,0,0,0,0,0,0,0,0,0,0,Inf,Inf,Inf,0.045,0.045,0.035,0.04,0.630851712450844,0.542535027699154,2.366491969135e-12,1.27018829906116e-05,1.67810462992856,0.000132833619732738,0.781027979289046,9462.69625557135,868.243797442469,868.054146560938,868.015194280747,2838.80887667141,387.84,320,320
1.645,0,0,0,0,0,0,0,0,0,0,0,0,0,0,0,0,0,0,0,0,0,Inf,Inf,Inf,0.045,0.045,0.035,0.04,0.630850401387431,0.542532834754292,2.3664870292329e-12,1.2701721474795e-05,1.67810487207192,0.000132833620912562,0.781028003528155,9462.68206406851,868.239316340389,868.054170449391,868.018270636691,2838.80461922055,387.84,320,320
1.646,0,0,0,0,0,0,0,0,0,0,0,0,0,0,0,0,0,0,0,0,0,Inf,Inf,Inf,0.045,0.045,0.035,0.04,0.630847920522487,0.542532235864633,2.36647766783518e-12,1.27017281850508e-05,1.67810487083204,0.000132833617777058,0.781028031204341,9462.63883830182,868.234114123694,868.053212181338,868.013068146808,2838.79165149055,387.84,320,320
1.647,0,0,0,0,0,0,0,0,0,0,0,0,0,0,0,0,0,0,0,0,0,Inf,Inf,Inf,0.045,0.045,0.035,0.04,0.630846072957449,0.542530633684633,2.36646482210933e-12,1.27017368374758e-05,1.67810493287169,0.000132833618163017,0.781028029429067,9462.61163348968,868.23680487285,868.04546374393,868.008151325133,2838.7834900469,387.84,320,320
1.648,0,0,0,0,0,0,0,0,0,0,0,0,0,0,0,0,0,0,0,0,0,Inf,Inf,Inf,0.045,0.045,0.035,0.04,0.630845107519791,0.542528005362196,2.36645075179927e-12,1.27017403884186e-05,1.67810526163292,0.000132833621466482,0.781028029637276,9462.60108414982,868.232602197605,868.045605496596,868.011519131018,2838.78032524495,387.84,320,320
1.649,0,0,0,0,0,0,0,0,0,0,0,0,0,0,0,0,0,0,0,0,0,Inf,Inf,Inf,0.045,0.045,0.035,0.04,0.630842941881875,0.542527139335212,2.36643820560486e-12,1.27019578562043e-05,1.67810534462904,0.00013283361939589,0.781028064404509,9462.56259364554,868.227334658342,868.045057686784,868.006251019941,2838.76877809366,387.84,320,320
1.65,0,0,0,0,0,0,0,0,0,0,0,0,0,0,0,0,0,0,0,0,0,Inf,Inf,Inf,0.045,0.045,0.035,0.04,0.630840140529775,0.542525859499363,2.36642937975309e-12,1.27019653306948e-05,1.67810520077198,0.000132833620940065,0.781028071989097,9462.52789328006,868.229128845404,868.036696645957,868.000904932437,2838.75836798402,387.84,320,320
1.651,0,0,0,0,0,0,0,0,0,0,0,0,0,0,0,0,0,0,0,0,0,Inf,Inf,Inf,0.045,0.045,0.035,0.04,0.630839506177026,0.542523475025608,2.36642506365487e-12,1.27019721659008e-05,1.67810561144538,0.000132833626158933,0.781028050353618,9462.51109259807,868.225316714782,868.036828191633,867.996506980109,2838.75332777942,387.84,320,320
1.652,0,0,0,0,0,0,0,0,0,0,0,0,0,0,0,0,0,0,0,0,0,Inf,Inf,Inf,0.045,0.045,0.035,0.04,0.630837700782491,0.54252186395329,2.36642430520276e-12,1.27018824091282e-05,1.67810578653831,0.00013283362652148,0.781028096361018,9462.48270167654,868.220126591526,868.028655943273,867.999080528474,2838.74481050296,387.84,320,320
1.653,0,0,0,0,0,0,0,0,0,0,0,0,0,0,0,0,0,0,0,0,0,Inf,Inf,Inf,0.045,0.045,0.035,0.04,0.630834668672466,0.542520912550277,2.36642473638307e-12,1.27018910965127e-05,1.67810570249706,0.000132833636898463,0.781028115431808,9462.4404714178,868.214471911474,868.027558190707,867.993425858251,2838.73214142534,387.84,320,320
1.654,0,0,0,0,0,0,0,0,0,0,0,0,0,0,0,0,0,0,0,0,0,Inf,Inf,Inf,0.045,0.045,0.035,0.04,0.630833670960172,0.542518829172513,2.36642344935224e-12,1.27018957292647e-05,1.67810594114047,0.00013283364370868,0.781028105688027,9462.41651861381,868.21788679107,868.027539559335,867.988406355368,2838.72495558414,387.84,320,320
1.655,0,0,0,0,0,0,0,0,0,0,0,0,0,0,0,0,0,0,0,0,0,Inf,Inf,Inf,0.045,0.045,0.035,0.04,0.630832250028078,0.542516205588453,2.36641809903954e-12,1.27017366828158e-05,1.67810621144902,0.000132833645421512,0.781028124227815,9462.40284112149,868.212914917965,868.027563593963,867.991866048601,2838.72085233645,387.84,320,320
1.656,0,0,0,0,0,0,0,0,0,0,0,0,0,0,0,0,0,0,0,0,0,Inf,Inf,Inf,0.045,0.045,0.035,0.04,0.630829523206612,0.542515567984114,2.36640781399367e-12,1.27017428387452e-05,1.6781062100547,0.00013283364148525,0.781028155289876,9462.35339571746,868.207090414412,868.026543377195,867.986041238826,2838.70601871524,387.84,320,320
1.657,0,0,0,0,0,0,0,0,0,0,0,0,0,0,0,0,0,0,0,0,0,Inf,Inf,Inf,0.045,0.045,0.035,0.04,0.630827280586083,0.542513826526184,2.36639356166059e-12,1.27017520455307e-05,1.67810622972747,0.000132833642593439,0.781028153238413,9462.32167151378,868.209920262725,868.017782588277,867.980484567875,2838.69650145413,387.84,320,320
1.658,0,0,0,0,0,0,0,0,0,0,0,0,0,0,0,0,0,0,0,0,0,Inf,Inf,Inf,0.045,0.045,0.035,0.04,0.630826245371956,0.542510935814163,2.36637781618769e-12,1.27017584806562e-05,1.67810659340471,0.000132833646252979,0.781028144331937,9462.3087100724,868.205298025875,868.017917207034,867.984211883046,2838.69261302172,387.84,320,320
1.659,0,0,0,0,0,0,0,0,0,0,0,0,0,0,0,0,0,0,0,0,0,Inf,Inf,Inf,0.045,0.045,0.035,0.04,0.630823885904646,0.542509817453321,2.36636364152284e-12,1.27019686067357e-05,1.67810668597598,0.000132833644098087,0.78102818753423,9462.26792281061,868.199453373079,868.017342475158,867.978366589825,2838.68037684318,387.84,320,320
1.66,0,0,0,0,0,0,0,0,0,0,0,0,0,0,0,0,0,0,0,0,0,Inf,Inf,Inf,0.045,0.045,0.035,0.04,0.630820603043391,0.542508439487616,2.36635352956537e-12,1.27019760812426e-05,1.67810651525457,0.000132833644473115,0.781028196485478,9462.22813782654,868.193471567438,868.007973182054,867.972385111245,2838.66844134796,387.84,320,320
1.661,0,0,0,0,0,0,0,0,0,0,0,0,0,0,0,0,0,0,0,0,0,Inf,Inf,Inf,0.045,0.045,0.035,0.04,0.630819930803715,0.542505838668108,2.36634843429521e-12,1.27019829164787e-05,1.67810693187124,0.000132833650111973,0.781028173983228,9462.2082685829,868.197105509187,868.008076432716,867.967414339338,2838.66248057487,387.84,320,320
1.662,0,0,0,0,0,0,0,0,0,0,0,0,0,0,0,0,0,0,0,0,0,Inf,Inf,Inf,0.045,0.045,0.035,0.04,0.630817980897882,0.54250389038537,2.36634737653393e-12,1.2701894595214e-05,1.67810712545663,0.000132833649846324,0.781028219373307,9462.1791200902,868.191394155901,868.007859111165,867.970345024296,2838.65373602706,387.84,320,320
1.663,0,0,0,0,0,0,0,0,0,0,0,0,0,0,0,0,0,0,0,0,0,Inf,Inf,Inf,0.045,0.045,0.035,0.04,0.630814670831859,0.542502876258828,2.36634778227186e-12,1.27019032975556e-05,1.67810703184247,0.000132833659400572,0.781028240518058,9462.13134634075,868.18512347509,867.997828562783,867.964074353724,2838.63940390223,387.84,320,320
1.664,0,0,0,0,0,0,0,0,0,0,0,0,0,0,0,0,0,0,0,0,0,Inf,Inf,Inf,0.045,0.045,0.035,0.04,0.630813383193655,0.542500622211231,2.36634643894833e-12,1.27019096439163e-05,1.67810724795805,0.000132833666931977,0.78102822884891,9462.10368606625,868.188762469003,867.997748233062,867.95846025592,2838.63110581987,387.84,320,320
1.665,0,0,0,0,0,0,0,0,0,0,0,0,0,0,0,0,0,0,0,0,0,Inf,Inf,Inf,0.045,0.045,0.035,0.04,0.630811862093713,0.542497586138231,2.36634071452255e-12,1.27017481774452e-05,1.67810754437651,0.000132833668624026,0.781028246154048,9462.09061776314,868.183333536822,867.997772262591,867.962281678349,2838.62718532894,387.84,320,320
1.666,0,0,0,0,0,0,0,0,0,0,0,0,0,0,0,0,0,0,0,0,0,Inf,Inf,Inf,0.045,0.045,0.035,0.04,0.630808908147626,0.542496914076585,2.36632957651155e-12,1.27017552211361e-05,1.678107542839,0.0001328336645567,0.781028280312789,9462.03529992019,868.176926602188,867.996696909236,867.955874406378,2838.61058997606,387.84,320,320
1.667,0,0,0,0,0,0,0,0,0,0,0,0,0,0,0,0,0,0,0,0,0,Inf,Inf,Inf,0.045,0.045,0.035,0.04,0.630806285535345,0.542495045190951,2.36631401638974e-12,1.27017649822792e-05,1.67810752141205,0.000132833666611491,0.781028278033454,9461.99928189205,868.179876786476,867.986982275552,867.94971618638,2838.59978456762,387.84,320,320
1.668,0,0,0,0,0,0,0,0,0,0,0,0,0,0,0,0,0,0,0,0,0,Inf,Inf,Inf,0.045,0.045,0.035,0.04,0.630805187653568,0.542491911969787,2.36629670577829e-12,1.2701771584161e-05,1.67810791750287,0.000132833670569427,0.781028263819831,9461.98400328842,868.174866776816,867.987108870405,867.953777736468,2838.59520098653,387.84,320,320
1.669,0,0,0,0,0,0,0,0,0,0,0,0,0,0,0,0,0,0,0,0,0,Inf,Inf,Inf,0.045,0.045,0.035,0.04,0.630802650704734,0.542490548013825,2.36628100256186e-12,1.27019760505367e-05,1.67810801901297,0.000132833668226971,0.781028313479489,9461.94121408031,868.168485525354,867.986511151205,867.947395782499,2838.58236422409,387.84,320,320
1.67,0,0,0,0,0,0,0,0,0,0,0,0,0,0,0,0,0,0,0,0,0,Inf,Inf,Inf,0.045,0.045,0.035,0.04,0.630798910114369,0.542489081445598,2.3662696767043e-12,1.2701981843913e-05,1.67810783049436,0.000132833668448179,0.781028323185056,9461.89663031389,868.161910077494,867.976200044419,867.940820694515,2838.56898909417,387.84,320,320
1.671,0,0,0,0,0,0,0,0,0,0,0,0,0,0,0,0,0,0,0,0,0,Inf,Inf,Inf,0.045,0.045,0.035,0.04,0.630798204512523,0.542486282377966,2.36626383964279e-12,1.27019873453323e-05,1.67810824443034,0.000132833674449539,0.781028300799789,9461.87383973833,868.165822198769,867.976274387776,867.935312150338,2838.5621519215,387.84,320,320
1.672,0,0,0,0,0,0,0,0,0,0,0,0,0,0,0,0,0,0,0,0,0,Inf,Inf,Inf,0.045,0.045,0.035,0.04,0.63079612339691,0.542484011316608,2.36626249139008e-12,1.27019043210469e-05,1.67810845518627,0.00013283367414998,0.781028338179851,9461.84410964643,868.159629593527,867.976052375498,867.938577588695,2838.55323289393,387.84,320,320
1.673,0,0,0,0,0,0,0,0,0,0,0,0,0,0,0,0,0,0,0,0,0,Inf,Inf,Inf,0.045,0.045,0.035,0.04,0.630792558138661,0.54248294140367,2.36626286938503e-12,1.27019112052513e-05,1.67810835260235,0.000132833682826237,0.781028362878989,9461.79113518424,868.152787106665,867.965122005393,867.931735108485,2838.53734055527,387.84,320,320
1.674,0,0,0,0,0,0,0,0,0,0,0,0,0,0,0,0,0,0,0,0,0,Inf,Inf,Inf,0.045,0.045,0.035,0.04,0.630790992339439,0.542480532220589,2.3662614784721e-12,1.27019175964675e-05,1.67810854553724,0.000132833691030734,0.781028348405048,9461.75997102403,868.156625081333,867.964980942963,867.925566357732,2838.52799130721,387.84,320,320
1.675,0,0,0,0,0,0,0,0,0,0,0,0,0,0,0,0,0,0,0,0,0,Inf,Inf,Inf,0.045,0.045,0.035,0.04,0.630789381148223,0.542477106630381,2.36625541803677e-12,1.27017619480067e-05,1.67810886623007,0.000132833692707434,0.781028369279206,9461.74757105714,868.150776726069,867.965004819535,867.929722073893,2838.52427131714,387.84,320,320
1.676,0,0,0,0,0,0,0,0,0,0,0,0,0,0,0,0,0,0,0,0,0,Inf,Inf,Inf,0.045,0.045,0.035,0.04,0.630786219911886,0.542476404516756,2.3662435021368e-12,1.27017686582862e-05,1.67810886455949,0.000132833688335644,0.781028405697304,9461.68677015402,868.143832051512,867.963881378518,867.922777034554,2838.50603104621,387.84,320,320
1.677,0,0,0,0,0,0,0,0,0,0,0,0,0,0,0,0,0,0,0,0,0,Inf,Inf,Inf,0.045,0.045,0.035,0.04,0.630783236870202,0.542474420692337,2.36622673996863e-12,1.27017758687167e-05,1.67810880124889,0.000132833690448138,0.781028403245321,9461.64671600566,868.146884026356,867.9532816327,867.916060565188,2838.4940148017,387.84,320,320
1.678,0,0,0,0,0,0,0,0,0,0,0,0,0,0,0,0,0,0,0,0,0,Inf,Inf,Inf,0.045,0.045,0.035,0.04,0.630782083421432,0.542471066116588,2.36620798265322e-12,1.27017817496089e-05,1.67810922719787,0.000132833694650226,0.78102838699395,9461.62923415719,868.141520069866,867.953399573264,867.920428329911,2838.48877024716,387.84,320,320
1.679,0,0,0,0,0,0,0,0,0,0,0,0,0,0,0,0,0,0,0,0,0,Inf,Inf,Inf,0.045,0.045,0.035,0.04,0.630779385731802,0.542469467808243,2.36619085908398e-12,1.270197781195e-05,1.67810933696841,0.0001328336920647,0.781028438887842,9461.58471961603,868.134645620583,867.95278258283,867.913553125572,2838.47541588481,387.84,320,320
1.68,0,0,0,0,0,0,0,0,0,0,0,0,0,0,0,0,0,0,0,0,0,Inf,Inf,Inf,0.045,0.045,0.035,0.04,0.630775219638557,0.542467922131039,2.36617839811745e-12,1.27019852864949e-05,1.67810913195327,0.000132833692172908,0.781028449223668,9461.53564580023,868.127521547882,867.94160085833,867.906429443387,2838.46069374007,387.84,320,320
1.681,0,0,0,0,0,0,0,0,0,0,0,0,0,0,0,0,0,0,0,0,0,Inf,Inf,Inf,0.045,0.045,0.035,0.04,0.63077447919329,0.542464943250052,2.36617186063249e-12,1.27019944975499e-05,1.67810953876235,0.000132833698611415,0.781028425261361,9461.51009434281,868.131686098596,867.941646202753,867.900421121068,2838.45302830284,387.84,320,320
1.682,0,0,0,0,0,0,0,0,0,0,0,0,0,0,0,0,0,0,0,0,0,Inf,Inf,Inf,0.045,0.045,0.035,0.04,0.630772280603043,0.542462366763431,2.36617023220753e-12,1.27019173996926e-05,1.67810976519454,0.000132833698165217,0.781028457418311,9461.47996735034,868.125053429091,867.941420846471,867.903998753632,2838.4439902051,387.84,320,320
1.683,0,0,0,0,0,0,0,0,0,0,0,0,0,0,0,0,0,0,0,0,0,Inf,Inf,Inf,0.045,0.045,0.035,0.04,0.630768483945726,0.542461247934367,2.36617058026207e-12,1.27019242988538e-05,1.67810965434323,0.00013283370628673,0.781028485509047,9461.42215234965,868.117684947049,867.92966253755,867.896630274619,2838.42664570489,387.84,320,320
1.684,0,0,0,0,0,0,0,0,0,0,0,0,0,0,0,0,0,0,0,0,0,Inf,Inf,Inf,0.045,0.045,0.035,0.04,0.630766651357064,0.542458699404353,2.36616915080602e-12,1.27019307797386e-05,1.67810982272956,0.000132833715212137,0.781028469098278,9461.38769783858,868.121698917043,867.929462022975,867.889948386336,2838.41630935157,387.84,320,320
1.685,0,0,0,0,0,0,0,0,0,0,0,0,0,0,0,0,0,0,0,0,0,Inf,Inf,Inf,0.045,0.045,0.035,0.04,0.630764960833729,0.54245490727204,2.36616279460708e-12,1.27019366332148e-05,1.67811016536004,0.000132833717188903,0.7810284915384,9461.37555374462,868.115469879694,867.929485597821,867.89441264475,2838.41266612339,387.84,320,320
1.686,0,0,0,0,0,0,0,0,0,0,0,0,0,0,0,0,0,0,0,0,0,Inf,Inf,Inf,0.045,0.045,0.035,0.04,0.630761613595923,0.542454179705066,2.36615018072351e-12,1.27017728931428e-05,1.67811016356975,0.000132833712300915,0.781028529609059,9461.31018103561,868.108033788955,867.928321427375,867.886976164441,2838.39305431068,387.84,320,320
1.687,0,0,0,0,0,0,0,0,0,0,0,0,0,0,0,0,0,0,0,0,0,Inf,Inf,Inf,0.045,0.045,0.035,0.04,0.63075828969067,0.542452094134647,2.36613232964738e-12,1.27017813789731e-05,1.67811006040018,0.000132833714370231,0.781028527000584,9461.26636560384,868.11116770998,867.916905835283,867.879746483728,2838.37990968115,387.84,320,320
1.688,0,0,0,0,0,0,0,0,0,0,0,0,0,0,0,0,0,0,0,0,0,Inf,Inf,Inf,0.045,0.045,0.035,0.04,0.630757088413046,0.542448540695277,2.36611225295199e-12,1.27017865388766e-05,1.67811051317,0.000132833718898618,0.781028506548416,9461.24680265941,868.105485769867,867.917014353086,867.884391548004,2838.37404079782,387.84,320,320
1.689,0,0,0,0,0,0,0,0,0,0,0,0,0,0,0,0,0,0,0,0,0,Inf,Inf,Inf,0.045,0.045,0.035,0.04,0.6307542481976,0.542446717744829,2.36609382599781e-12,1.27019833386838e-05,1.67811063041407,0.00013283371601313,0.781028559510472,9461.20087557294,868.098164486893,867.916382224826,867.877069463253,2838.36026267188,387.84,320,320
1.69,0,0,0,0,0,0,0,0,0,0,0,0,0,0,0,0,0,0,0,0,0,Inf,Inf,Inf,0.045,0.045,0.035,0.04,0.630749833819662,0.542445103384751,2.36608031581352e-12,1.27019908132499e-05,1.67811041034441,0.000132833715710482,0.781028571093579,9461.14765166809,868.090540103041,867.904406672175,867.869445493789,2838.34429550043,387.84,320,320
1.691,0,0,0,0,0,0,0,0,0,0,0,0,0,0,0,0,0,0,0,0,0,Inf,Inf,Inf,0.045,0.045,0.035,0.04,0.630748915206791,0.542441964871957,2.36607312378527e-12,1.2701998690515e-05,1.67811080899701,0.00013283372276425,0.781028543608094,9461.1195200555,868.094926906727,867.90442278205,867.862978405618,2838.33585601665,387.84,320,320
1.692,0,0,0,0,0,0,0,0,0,0,0,0,0,0,0,0,0,0,0,0,0,Inf,Inf,Inf,0.045,0.045,0.035,0.04,0.630746613788833,0.542439101130073,2.36607122745404e-12,1.27019262896796e-05,1.67811104970435,0.000132833722175461,0.781028580602815,9461.08917493632,868.087899293876,867.90419557252,867.866842167131,2838.32675248089,387.84,320,320
1.693,0,0,0,0,0,0,0,0,0,0,0,0,0,0,0,0,0,0,0,0,0,Inf,Inf,Inf,0.045,0.045,0.035,0.04,0.630742611184516,0.542437940869167,2.36607154366234e-12,1.27019313258889e-05,1.67811093128746,0.00013283372959669,0.781028609613357,9461.02691964815,868.080055190571,867.891690845631,867.858998069466,2838.30807589444,387.84,320,320
1.694,0,0,0,0,0,0,0,0,0,0,0,0,0,0,0,0,0,0,0,0,0,Inf,Inf,Inf,0.045,0.045,0.035,0.04,0.63074052679593,0.542435270131281,2.36607008477321e-12,1.27019412041191e-05,1.67811107492065,0.000132833738780148,0.781028592444642,9460.98941762877,868.084218126452,867.891432576059,867.851849048259,2838.29682528863,387.84,320,320
1.695,0,0,0,0,0,0,0,0,0,0,0,0,0,0,0,0,0,0,0,0,0,Inf,Inf,Inf,0.045,0.045,0.035,0.04,0.630738767926954,0.542431163358471,2.36606347430071e-12,1.27019487264403e-05,1.6781114373538,0.00013283374103332,0.781028611242766,9460.97578714903,868.077650477943,867.89145570542,867.856590887755,2838.29273614471,387.84,320,320
1.696,0,0,0,0,0,0,0,0,0,0,0,0,0,0,0,0,0,0,0,0,0,Inf,Inf,Inf,0.045,0.045,0.035,0.04,0.630735256689566,0.542430390425693,2.36605024563616e-12,1.27017836719767e-05,1.67811143545581,0.000132833735802733,0.781028651163895,9460.90808431623,868.069773424948,867.890258312174,867.848713422554,2838.27242529487,387.84,320,320
1.697,0,0,0,0,0,0,0,0,0,0,0,0,0,0,0,0,0,0,0,0,0,Inf,Inf,Inf,0.045,0.045,0.035,0.04,0.630731615480954,0.542428216778869,2.36603142417161e-12,1.27017923245694e-05,1.67811129225857,0.000132833738747916,0.781028648393437,9460.86080992671,868.072969819447,867.878105137803,867.84101987395,2838.25824297801,387.84,320,320
1.698,0,0,0,0,0,0,0,0,0,0,0,0,0,0,0,0,0,0,0,0,0,Inf,Inf,Inf,0.045,0.045,0.035,0.04,0.630730374029124,0.542424487961919,2.36601016209103e-12,1.27018016440964e-05,1.67811176881194,0.000132833743463653,0.781028620369302,9460.83930460464,868.067007449913,867.878203717763,867.845910975211,2838.25179138139,387.84,320,320
1.699,0,0,0,0,0,0,0,0,0,0,0,0,0,0,0,0,0,0,0,0,0,Inf,Inf,Inf,0.045,0.045,0.035,0.04,0.630727409701594,0.542422454236507,2.3659905553862e-12,1.27019919361893e-05,1.67811189276787,0.000132833740476067,0.781028676469493,9460.79225862978,868.059288002971,867.8775603396,867.83819068228,2838.23767758893,387.84,320,320
1.7,0,0,0,0,0,0,0,0,0,0,0,0,0,0,0,0,0,0,0,0,0,Inf,Inf,Inf,0.045,0.045,0.035,0.04,0.630722775918225,0.542420781491302,2.36597608725451e-12,1.27020001053992e-05,1.67811165901724,0.000132833739115782,0.781028689616787,9460.73524275809,868.051214249324,867.864871589209,867.830117362134,2838.22057282743,387.84,320,320
1.701,0,0,0,0,0,0,0,0,0,0,0,0,0,0,0,0,0,0,0,0,0,Inf,Inf,Inf,0.045,0.045,0.035,0.04,0.630721686056599,0.542417503662705,2.36596828988384e-12,1.27020059542721e-05,1.67811204558249,0.000132833746249247,0.781028659082862,9460.70472234214,868.055794860277,867.864858727794,867.823234961347,2838.21141670264,387.84,320,320
1.702,0,0,0,0,0,0,0,0,0,0,0,0,0,0,0,0,0,0,0,0,0,Inf,Inf,Inf,0.045,0.045,0.035,0.04,0.630719296747551,0.542414373462056,2.36596613921443e-12,1.27019323611146e-05,1.67811229888612,0.000132833745973258,0.781028703600297,9460.67434561666,868.04841816559,867.864631028218,867.827358824433,2838.202303685,387.84,320,320
1.703,0,0,0,0,0,0,0,0,0,0,0,0,0,0,0,0,0,0,0,0,0,Inf,Inf,Inf,0.045,0.045,0.035,0.04,0.630715114412951,0.542413179115938,2.36596642178668e-12,1.27019391258804e-05,1.67811217376294,0.000132833752899377,0.781028731645275,9460.60806340084,868.040149907243,867.851460712068,867.819090578302,2838.18241902025,387.84,320,320
1.704,0,0,0,0,0,0,0,0,0,0,0,0,0,0,0,0,0,0,0,0,0,Inf,Inf,Inf,0.045,0.045,0.035,0.04,0.630712792687423,0.542410403384956,2.36596494281343e-12,1.27019525359198e-05,1.67811229134571,0.000132833762642638,0.781028713547659,9460.56776425947,868.044437049997,867.851146685214,867.811521521168,2838.17032927784,387.84,320,320
1.705,0,0,0,0,0,0,0,0,0,0,0,0,0,0,0,0,0,0,0,0,0,Inf,Inf,Inf,0.045,0.045,0.035,0.04,0.630710977008148,0.542406111590718,2.36595812120113e-12,1.27019580609187e-05,1.67811267101012,0.000132833764804633,0.781028728273097,9460.55273950282,868.037573509844,867.851169226527,867.816511802626,2838.16582185085,387.84,320,320
1.706,0,0,0,0,0,0,0,0,0,0,0,0,0,0,0,0,0,0,0,0,0,Inf,Inf,Inf,0.045,0.045,0.035,0.04,0.630707324954784,0.542405195609148,2.36594436476574e-12,1.27018046000577e-05,1.67811266901827,0.000132833759325792,0.781028770428984,9460.48315705456,868.029307023511,867.849946323476,867.808244882759,2838.14494711637,387.84,320,320
1.707,0,0,0,0,0,0,0,0,0,0,0,0,0,0,0,0,0,0,0,0,0,Inf,Inf,Inf,0.045,0.045,0.035,0.04,0.630703389930535,0.542402948074975,2.36592469735669e-12,1.27018154158487e-05,1.67811248802035,0.000132833761986566,0.781028767523038,9460.43274015876,868.032545439643,867.837133678408,867.800138005403,2838.12982204763,387.84,320,320
1.708,0,0,0,0,0,0,0,0,0,0,0,0,0,0,0,0,0,0,0,0,0,Inf,Inf,Inf,0.045,0.045,0.035,0.04,0.630702116475329,0.542399068386962,2.36590239110325e-12,1.27018243478755e-05,1.67811298514388,0.000132833766873136,0.78102873421322,9460.40943829953,868.026341826665,867.837221688022,867.805243335984,2838.12283148986,387.84,320,320
1.709,0,0,0,0,0,0,0,0,0,0,0,0,0,0,0,0,0,0,0,0,0,Inf,Inf,Inf,0.045,0.045,0.035,0.04,0.630699047645272,0.54239683625959,2.36588173551155e-12,1.27020026180107e-05,1.67811311499309,0.000132833763848812,0.781028793780716,9460.36159627973,868.01827519327,867.836571291106,867.797175817166,2838.10847888392,387.84,320,320
1.71,0,0,0,0,0,0,0,0,0,0,0,0,0,0,0,0,0,0,0,0,0,Inf,Inf,Inf,0.045,0.045,0.035,0.04,0.630694225225648,0.542395116188127,2.36586640668113e-12,1.27020111345705e-05,1.67811286911598,0.000132833761681123,0.781028807806034,9460.3011733497,868.00980562176,867.823254429515,867.788706698929,2838.09035200491,387.84,320,320
1.711,0,0,0,0,0,0,0,0,0,0,0,0,0,0,0,0,0,0,0,0,0,Inf,Inf,Inf,0.045,0.045,0.035,0.04,0.630692971923624,0.542391720786823,2.36585805709939e-12,1.27020213877175e-05,1.67811324311724,0.000132833769348939,0.781028775994357,9460.2684734675,868.014547785131,867.82321273513,867.781454876494,2838.08054204025,387.84,320,320
1.712,0,0,0,0,0,0,0,0,0,0,0,0,0,0,0,0,0,0,0,0,0,Inf,Inf,Inf,0.045,0.045,0.035,0.04,0.630690510336126,0.542388345515955,2.36585566746798e-12,1.2701944809483e-05,1.67811350734681,0.00013283376870916,0.781028820412271,9460.23824229938,868.00687110135,867.8229860259,867.785809799369,2838.07147268981,387.84,320,320
1.713,0,0,0,0,0,0,0,0,0,0,0,0,0,0,0,0,0,0,0,0,0,Inf,Inf,Inf,0.045,0.045,0.035,0.04,0.630686175748254,0.542387124925958,2.36585591493998e-12,1.2701955240468e-05,1.67811337634014,0.000132833774884185,0.781028848265934,9460.16838041745,867.998233932761,867.80923917245,867.77717264702,2838.05051412523,387.84,320,320
1.714,0,0,0,0,0,0,0,0,0,0,0,0,0,0,0,0,0,0,0,0,0,Inf,Inf,Inf,0.045,0.045,0.035,0.04,0.630683634493951,0.542384262504289,2.3658544251635e-12,1.27019667726684e-05,1.6781134677453,0.000132833784995744,0.78102882844142,9460.12555987154,868.002616994815,867.808871768199,867.769234405441,2838.03766796146,387.84,320,320
1.715,0,0,0,0,0,0,0,0,0,0,0,0,0,0,0,0,0,0,0,0,0,Inf,Inf,Inf,0.045,0.045,0.035,0.04,0.630681773611688,0.542379814084748,2.36584743620242e-12,1.27019721483984e-05,1.6781138623406,0.000132833787287401,0.781028842798925,9460.10924769592,867.995502974516,867.808893585389,867.774439400474,2838.03277430878,387.84,320,320
1.716,0,0,0,0,0,0,0,0,0,0,0,0,0,0,0,0,0,0,0,0,0,Inf,Inf,Inf,0.045,0.045,0.035,0.04,0.63067800432916,0.542378762430454,2.36583324113165e-12,1.27018238115929e-05,1.67811386026767,0.000132833781593853,0.781028886940857,9460.03821553667,867.986901949342,867.807652943174,867.765837923602,2838.011464661,387.84,320,320
1.717,0,0,0,0,0,0,0,0,0,0,0,0,0,0,0,0,0,0,0,0,0,Inf,Inf,Inf,0.045,0.045,0.035,0.04,0.630673802454501,0.542376455501458,2.36581285593303e-12,1.27018347941858e-05,1.67811364167042,0.000132833784337271,0.781028883955438,9459.98499499008,867.99016250484,867.794266619709,867.757371810073,2837.99549849702,387.84,320,320
1.718,0,0,0,0,0,0,0,0,0,0,0,0,0,0,0,0,0,0,0,0,0,Inf,Inf,Inf,0.045,0.045,0.035,0.04,0.630672505000902,0.542372450140162,2.36578965149591e-12,1.27018437263033e-05,1.67811415630535,0.000132833789504004,0.781028850955756,9459.96005639114,867.983757939479,867.794343673322,867.76265767943,2837.98801691734,387.84,320,320
1.719,0,0,0,0,0,0,0,0,0,0,0,0,0,0,0,0,0,0,0,0,0,Inf,Inf,Inf,0.045,0.045,0.035,0.04,0.630669351263204,0.542370035771233,2.36576808278889e-12,1.27020214695914e-05,1.67811429122472,0.000132833786159214,0.781028910611898,9459.91172089175,867.975396767768,867.793690212661,867.75429559237,2837.97351626753,387.84,320,320
1.72,0,0,0,0,0,0,0,0,0,0,0,0,0,0,0,0,0,0,0,0,0,Inf,Inf,Inf,0.045,0.045,0.035,0.04,0.630664371246171,0.54236827919914,2.36575199457186e-12,1.27020320146432e-05,1.67811403482521,0.000132833783150686,0.781028924585589,9459.84828880849,867.966586892372,867.779833132352,867.745486191948,2837.95448664255,387.84,320,320
1.721,0,0,0,0,0,0,0,0,0,0,0,0,0,0,0,0,0,0,0,0,0,Inf,Inf,Inf,0.045,0.045,0.035,0.04,0.630662963344541,0.542364787879781,2.3657431484957e-12,1.27020426151822e-05,1.67811439238058,0.000132833790988179,0.781028891646902,9459.81362655479,867.971460269549,867.779763218238,867.73791270322,2837.94408796644,387.84,320,320
1.722,0,0,0,0,0,0,0,0,0,0,0,0,0,0,0,0,0,0,0,0,0,Inf,Inf,Inf,0.045,0.045,0.035,0.04,0.630660445223268,0.542361191213727,2.36574053634497e-12,1.27019603869404e-05,1.67811466571599,0.000132833790442892,0.78102893093812,9459.78372495526,867.963532908459,867.77953884259,867.742469902677,2837.93511748658,387.84,320,320
1.723,0,0,0,0,0,0,0,0,0,0,0,0,0,0,0,0,0,0,0,0,0,Inf,Inf,Inf,0.045,0.045,0.035,0.04,0.630655986328799,0.542359952007911,2.36574074737382e-12,1.27019707731495e-05,1.67811452970753,0.000132833795219109,0.781028960130971,9459.71073875451,867.954582568741,867.765303043486,867.733519578524,2837.91322162635,387.84,320,320
1.724,0,0,0,0,0,0,0,0,0,0,0,0,0,0,0,0,0,0,0,0,0,Inf,Inf,Inf,0.045,0.045,0.035,0.04,0.630653242671903,0.542357021078787,2.36573925621025e-12,1.27019821710008e-05,1.67811459407776,0.000132833805699605,0.781028939061837,9459.66567709127,867.959035675372,867.764884914732,867.725263558144,2837.89970312738,387.84,320,320
1.725,0,0,0,0,0,0,0,0,0,0,0,0,0,0,0,0,0,0,0,0,0,Inf,Inf,Inf,0.045,0.045,0.035,0.04,0.630651348602101,0.54235244452129,2.3657321448097e-12,1.27019892305789e-05,1.67811500089889,0.00013283380816724,0.781028953759912,9459.64818519108,867.951716732865,867.764905874966,867.730651551507,2837.89445555733,387.84,320,320
1.726,0,0,0,0,0,0,0,0,0,0,0,0,0,0,0,0,0,0,0,0,0,Inf,Inf,Inf,0.045,0.045,0.035,0.04,0.630647486567501,0.542351264134776,2.36571760295328e-12,1.27018424153214e-05,1.67811499876007,0.000132833802033757,0.781028999234632,9459.57616786258,867.942836525485,867.76365536549,867.72177087746,2837.87285035877,387.84,320,320
1.727,0,0,0,0,0,0,0,0,0,0,0,0,0,0,0,0,0,0,0,0,0,Inf,Inf,Inf,0.045,0.045,0.035,0.04,0.63064304459309,0.542348912629283,2.36569663246073e-12,1.27018525101635e-05,1.67811474537358,0.000132833806047867,0.7810289961978,9459.52049321272,867.946098698152,867.749780177583,867.713000214882,2837.85614796382,387.84,320,320
1.728,0,0,0,0,0,0,0,0,0,0,0,0,0,0,0,0,0,0,0,0,0,Inf,Inf,Inf,0.045,0.045,0.035,0.04,0.630641731538224,0.542344807478741,2.36567268124106e-12,1.27018621634349e-05,1.67811527411858,0.000132833811279093,0.781028964857073,9459.49408342608,867.939534569025,867.749845790859,867.718432801044,2837.84822502782,387.84,320,320
1.729,0,0,0,0,0,0,0,0,0,0,0,0,0,0,0,0,0,0,0,0,0,Inf,Inf,Inf,0.045,0.045,0.035,0.04,0.63063851339597,0.542342225512265,2.36565034074584e-12,1.27020380014571e-05,1.67811541318218,0.000132833807886216,0.781029021993274,9459.44557972263,867.930933120188,867.749193491487,867.709830415274,2837.83367391679,387.84,320,320
1.73,0,0,0,0,0,0,0,0,0,0,0,0,0,0,0,0,0,0,0,0,0,Inf,Inf,Inf,0.045,0.045,0.035,0.04,0.630633408264657,0.542340443852962,2.36563359919162e-12,1.27020502276771e-05,1.67811514803046,0.000132833803629638,0.781029035830791,9459.3795582688,867.921840333111,867.734887351418,867.700738121498,2837.81386748064,387.84,320,320
1.731,0,0,0,0,0,0,0,0,0,0,0,0,0,0,0,0,0,0,0,0,0,Inf,Inf,Inf,0.045,0.045,0.035,0.04,0.630631855507778,0.542336879367732,2.3656243155924e-12,1.27020591471708e-05,1.67811548829078,0.000132833811787949,0.781029000275279,9459.34316606638,867.926811363361,867.7347897179,867.692892518768,2837.80294981991,387.84,320,320
1.732,0,0,0,0,0,0,0,0,0,0,0,0,0,0,0,0,0,0,0,0,0,Inf,Inf,Inf,0.045,0.045,0.035,0.04,0.630629297032261,0.542333085324628,2.36562149898292e-12,1.27019732955925e-05,1.67811576908505,0.000132833811226107,0.781029039846392,9459.31376507657,867.918685129635,867.734569111052,867.697620683373,2837.79412952297,387.84,320,320
1.733,0,0,0,0,0,0,0,0,0,0,0,0,0,0,0,0,0,0,0,0,0,Inf,Inf,Inf,0.045,0.045,0.035,0.04,0.630624742623303,0.542331835505856,2.36562167257555e-12,1.27019801351252e-05,1.67811562890244,0.000132833814479361,0.781029069957818,9459.23813710414,867.909480303756,867.719938709845,867.688415873195,2837.77144113124,387.84,320,320
1.734,0,0,0,0,0,0,0,0,0,0,0,0,0,0,0,0,0,0,0,0,0,Inf,Inf,Inf,0.045,0.045,0.035,0.04,0.630621816754131,0.542328855069838,2.36562018924304e-12,1.27019916525358e-05,1.67811566674482,0.000132833825120341,0.781029049319154,9459.19113567244,867.913974600103,867.719472849638,867.679896468684,2837.75734070173,387.84,320,320
1.735,0,0,0,0,0,0,0,0,0,0,0,0,0,0,0,0,0,0,0,0,0,Inf,Inf,Inf,0.045,0.045,0.035,0.04,0.630619901424382,0.542324180132919,2.36561300036757e-12,1.2702000605066e-05,1.6781160833276,0.000132833827466283,0.781029059719351,9459.17258467128,867.906498325712,867.719492828068,867.685431807023,2837.75177540138,387.84,320,320
1.736,0,0,0,0,0,0,0,0,0,0,0,0,0,0,0,0,0,0,0,0,0,Inf,Inf,Inf,0.045,0.045,0.035,0.04,0.630615971196044,0.542322879905829,2.36559820448508e-12,1.27018644582102e-05,1.67811608113623,0.000132833821334729,0.781029106320672,9459.10002141297,867.897396864805,867.718240286351,867.676329867651,2837.73000642389,387.84,320,320
1.737,0,0,0,0,0,0,0,0,0,0,0,0,0,0,0,0,0,0,0,0,0,Inf,Inf,Inf,0.045,0.045,0.035,0.04,0.630611318791649,0.542320498764318,2.36557678316166e-12,1.2701875274171e-05,1.67811579384724,0.000132833826208392,0.78102910321023,9459.04225927489,867.900640882799,867.703967351379,867.667312106573,2837.71267778247,387.84,320,320
1.738,0,0,0,0,0,0,0,0,0,0,0,0,0,0,0,0,0,0,0,0,0,Inf,Inf,Inf,0.045,0.045,0.035,0.04,0.630609998281322,0.54231632008089,2.36555223934364e-12,1.27018850943106e-05,1.67811633330971,0.000132833831661996,0.781029069153003,9459.01455501775,867.893959173827,867.704021279345,867.672856169224,2837.70436650532,387.84,320,320
1.739,0,0,0,0,0,0,0,0,0,0,0,0,0,0,0,0,0,0,0,0,0,Inf,Inf,Inf,0.045,0.045,0.035,0.04,0.630606735998669,0.542313588563898,2.36552927142203e-12,1.27020548812604e-05,1.67811647561963,0.000132833828071877,0.781029125772093,9458.96618675748,867.885172707451,867.703374059485,867.664068747406,2837.68985602724,387.84,320,320
1.74,0,0,0,0,0,0,0,0,0,0,0,0,0,0,0,0,0,0,0,0,0,Inf,Inf,Inf,0.045,0.045,0.035,0.04,0.630601538138419,0.542311792887718,2.36551198521677e-12,1.27020667601872e-05,1.67811620338118,0.000132833823292693,0.781029139981584,9458.89800309337,867.875855646876,867.688711739255,867.65475219192,2837.66940092801,387.84,320,320
1.741,0,0,0,0,0,0,0,0,0,0,0,0,0,0,0,0,0,0,0,0,0,Inf,Inf,Inf,0.045,0.045,0.035,0.04,0.63059985105149,0.542308177661504,2.36550232483524e-12,1.27020780555507e-05,1.67811652265674,0.000132833831706052,0.781029101625626,9458.86011792863,867.880892900402,867.688587333,867.646685276471,2837.65803537859,387.84,320,320
1.742,0,0,0,0,0,0,0,0,0,0,0,0,0,0,0,0,0,0,0,0,0,Inf,Inf,Inf,0.045,0.045,0.035,0.04,0.630597268366254,0.542304212192636,2.36549932262562e-12,1.27019832108145e-05,1.67811680910632,0.000132833830903298,0.781029147439168,9458.83139422557,867.872619255118,867.688371783652,867.651553640638,2837.64941826767,387.84,320,320
1.743,0,0,0,0,0,0,0,0,0,0,0,0,0,0,0,0,0,0,0,0,0,Inf,Inf,Inf,0.045,0.045,0.035,0.04,0.630592647392412,0.54230295947163,2.36549945791254e-12,1.27019918536016e-05,1.67811666569647,0.00013283383326427,0.781029176842174,9458.75360969807,867.863218482341,867.673438776562,867.642152887054,2837.62608290942,387.84,320,320
1.744,0,0,0,0,0,0,0,0,0,0,0,0,0,0,0,0,0,0,0,0,0,Inf,Inf,Inf,0.045,0.045,0.035,0.04,0.630589558621457,0.542299948206067,2.36549799165855e-12,1.27019998542328e-05,1.67811667650216,0.000132833844050625,0.781029157452055,9458.7049712121,867.867727711355,867.672928418876,867.633424454605,2837.61149136363,387.84,320,320
1.745,0,0,0,0,0,0,0,0,0,0,0,0,0,0,0,0,0,0,0,0,0,Inf,Inf,Inf,0.045,0.045,0.035,0.04,0.630587634222519,0.542295204409339,2.36549077084879e-12,1.27020089860783e-05,1.67811710000131,0.000132833846456514,0.781029159879304,9458.68548146786,867.860141313895,867.672947295766,867.639073732753,2837.60564444036,387.84,320,320
1.746,0,0,0,0,0,0,0,0,0,0,0,0,0,0,0,0,0,0,0,0,0,Inf,Inf,Inf,0.045,0.045,0.035,0.04,0.630583660946392,0.542293792772011,2.36547581527758e-12,1.27018801249166e-05,1.67811709777276,0.000132833840198781,0.781029207876512,9458.61283973274,867.850876337751,867.671700553174,867.629808268132,2837.58385191982,387.84,320,320
1.747,0,0,0,0,0,0,0,0,0,0,0,0,0,0,0,0,0,0,0,0,0,Inf,Inf,Inf,0.045,0.045,0.035,0.04,0.630578827375267,0.542291397064331,2.36545408026502e-12,1.27018903866429e-05,1.6781167796408,0.000132833845547557,0.7810292046716,9458.55336351717,867.854082086588,867.657119131816,867.620600805504,2837.56600905515,387.84,320,320
1.748,0,0,0,0,0,0,0,0,0,0,0,0,0,0,0,0,0,0,0,0,0,Inf,Inf,Inf,0.045,0.045,0.035,0.04,0.630577507825174,0.542287171446875,2.36542910152967e-12,1.27019005944103e-05,1.67811732626079,0.000132833851088139,0.781029164857594,9458.52454557653,867.847325329438,867.657161045776,867.626221362202,2837.55736367296,387.84,320,320
1.749,0,0,0,0,0,0,0,0,0,0,0,0,0,0,0,0,0,0,0,0,0,Inf,Inf,Inf,0.045,0.045,0.035,0.04,0.63057422228277,0.542284306867049,2.36540565430249e-12,1.27020724563579e-05,1.67811747089612,0.000132833847524,0.781029224588279,9458.4766325432,867.838409993328,867.656523024186,867.61730505339,2837.54298976296,387.84,320,320
1.75,0,0,0,0,0,0,0,0,0,0,0,0,0,0,0,0,0,0,0,0,0,Inf,Inf,Inf,0.045,0.045,0.035,0.04,0.63056896506431,0.542282508658997,2.36538793552178e-12,1.27020830015452e-05,1.67811719332196,0.000132833841920607,0.781029239143833,9458.40673037917,867.828928404154,867.641599415807,867.60782397751,2837.52201911375,387.84,320,320
1.751,0,0,0,0,0,0,0,0,0,0,0,0,0,0,0,0,0,0,0,0,0,Inf,Inf,Inf,0.045,0.045,0.035,0.04,0.63056715507163,0.542278865879578,2.36537796161517e-12,1.27020936023225e-05,1.67811749145547,0.000132833850390311,0.781029200288644,9458.36760166255,867.833997844088,867.641449077208,867.599587687369,2837.51028049877,387.84,320,320
1.752,0,0,0,0,0,0,0,0,0,0,0,0,0,0,0,0,0,0,0,0,0,Inf,Inf,Inf,0.045,0.045,0.035,0.04,0.63056456451485,0.542274754992388,2.36537479406976e-12,1.27019958109811e-05,1.67811778178181,0.000132833849805886,0.781029247398129,9458.3397157971,867.82562999224,867.641239941827,867.604563495436,2837.50191473913,387.84,320,320
1.753,0,0,0,0,0,0,0,0,0,0,0,0,0,0,0,0,0,0,0,0,0,Inf,Inf,Inf,0.045,0.045,0.035,0.04,0.63055990635372,0.542273507335614,2.3653748905517e-12,1.27020062271575e-05,1.67811763606465,0.000132833851505641,0.781029276175173,9458.26028028003,867.816093913759,867.62610157693,867.595027438764,2837.47808408401,387.84,320,320
1.754,0,0,0,0,0,0,0,0,0,0,0,0,0,0,0,0,0,0,0,0,0,Inf,Inf,Inf,0.045,0.045,0.035,0.04,0.630556676728516,0.542270484463318,2.36537345029893e-12,1.27020177297746e-05,1.67811762041615,0.000132833862620033,0.781029257128967,9458.21032407409,867.820589346665,867.625550248924,867.586146521261,2837.46309722223,387.84,320,320
1.755,0,0,0,0,0,0,0,0,0,0,0,0,0,0,0,0,0,0,0,0,0,Inf,Inf,Inf,0.045,0.045,0.035,0.04,0.630554755203625,0.542265702176909,2.36536624254915e-12,1.27020250286214e-05,1.67811804829787,0.000132833865095748,0.781029254324098,9458.1900268944,867.812941394562,867.625567913776,867.591873030205,2837.45700806832,387.84,320,320
1.756,0,0,0,0,0,0,0,0,0,0,0,0,0,0,0,0,0,0,0,0,0,Inf,Inf,Inf,0.045,0.045,0.035,0.04,0.630550763779737,0.542264189298968,2.36535122130162e-12,1.27018871983034e-05,1.67811804604567,0.000132833858736162,0.78102930358797,9458.11774396693,867.803572394616,867.624334672995,867.582503534952,2837.43532319008,387.84,320,320
1.757,0,0,0,0,0,0,0,0,0,0,0,0,0,0,0,0,0,0,0,0,0,Inf,Inf,Inf,0.045,0.045,0.035,0.04,0.630545780671632,0.542261794034657,2.365329309917e-12,1.27018965722401e-05,1.67811769808959,0.000132833864128841,0.781029300316658,9458.05693854099,867.806720697626,867.609538941403,867.573165716097,2837.4170815623,387.84,320,320
1.758,0,0,0,0,0,0,0,0,0,0,0,0,0,0,0,0,0,0,0,0,0,Inf,Inf,Inf,0.045,0.045,0.035,0.04,0.63054447015985,0.542257548127805,2.36530405466711e-12,1.27019055047455e-05,1.67811824859504,0.000132833869633365,0.781029257653633,9458.02719593602,867.799931496855,867.609568743223,867.578826840749,2837.40815878081,387.84,320,320
1.759,0,0,0,0,0,0,0,0,0,0,0,0,0,0,0,0,0,0,0,0,0,Inf,Inf,Inf,0.045,0.045,0.035,0.04,0.630541181768836,0.542254569992346,2.36528027734912e-12,1.27020816265496e-05,1.67811839468599,0.000132833866023135,0.781029320492977,9457.98003467118,867.790943743347,867.608943700668,867.569838103243,2837.39401040135,387.84,320,320
1.76,0,0,0,0,0,0,0,0,0,0,0,0,0,0,0,0,0,0,0,0,0,Inf,Inf,Inf,0.045,0.045,0.035,0.04,0.630535898087182,0.54225278028116,2.3652622392311e-12,1.27020921717846e-05,1.67811811350294,0.000132833859958845,0.781029334671116,9457.9088592984,867.781357878442,867.593854259381,867.560252760355,2837.37265778952,387.84,320,320
1.761,0,0,0,0,0,0,0,0,0,0,0,0,0,0,0,0,0,0,0,0,0,Inf,Inf,Inf,0.045,0.045,0.035,0.04,0.630533977121467,0.542249132564327,2.36525201598512e-12,1.2702102077953e-05,1.67811838737531,0.000132833868456162,0.78102929749964,9457.86873771914,867.786427844818,867.593679245567,867.551899641481,2837.36062131574,387.84,320,320
1.762,0,0,0,0,0,0,0,0,0,0,0,0,0,0,0,0,0,0,0,0,0,Inf,Inf,Inf,0.045,0.045,0.035,0.04,0.630531394826481,0.542244903809733,2.36524870388308e-12,1.270200584693e-05,1.67811867963246,0.000132833867867316,0.781029335694483,9457.84185510187,867.778018071858,867.593477724968,867.556950980026,2837.35255653056,387.84,320,320
1.763,0,0,0,0,0,0,0,0,0,0,0,0,0,0,0,0,0,0,0,0,0,Inf,Inf,Inf,0.045,0.045,0.035,0.04,0.630526728692418,0.542243668812549,2.36524876118058e-12,1.27020144449753e-05,1.67811853256825,0.000132833868446453,0.781029365945584,9457.76127111926,867.768406517801,867.578227998629,867.547339444074,2837.32838133578,387.84,320,320
1.764,0,0,0,0,0,0,0,0,0,0,0,0,0,0,0,0,0,0,0,0,0,Inf,Inf,Inf,0.045,0.045,0.035,0.04,0.63052337915846,0.542240653025424,2.36524735578165e-12,1.27020242489597e-05,1.67811849019127,0.000132833879530591,0.781029346230642,9457.71031435645,867.772862182666,867.577639426635,867.538361926452,2837.31309430693,387.84,320,320
1.765,0,0,0,0,0,0,0,0,0,0,0,0,0,0,0,0,0,0,0,0,0,Inf,Inf,Inf,0.045,0.045,0.035,0.04,0.630521472570159,0.542235862040356,2.36524020612669e-12,1.27020331868832e-05,1.67811891961609,0.000132833881964778,0.781029343528838,9457.68933946023,867.765200318702,867.57765577571,867.544131451776,2837.30680183807,387.84,320,320
1.766,0,0,0,0,0,0,0,0,0,0,0,0,0,0,0,0,0,0,0,0,0,Inf,Inf,Inf,0.045,0.045,0.035,0.04,0.630517488180728,0.542234257603691,2.36522521364935e-12,1.27018935513064e-05,1.67811891735544,0.00013283387563591,0.781029393173597,9457.61787415218,867.755785921717,867.57644363507,867.534716556476,2837.28536224565,387.84,320,320
1.767,0,0,0,0,0,0,0,0,0,0,0,0,0,0,0,0,0,0,0,0,0,Inf,Inf,Inf,0.045,0.045,0.035,0.04,0.630512386540652,0.542231877726341,2.36520326420503e-12,1.2701902925296e-05,1.67811854292208,0.000132833880920073,0.781029389882277,9457.5561270633,867.758857578603,867.561524965874,867.525307003739,2837.26683811899,387.84,320,320
1.768,0,0,0,0,0,0,0,0,0,0,0,0,0,0,0,0,0,0,0,0,0,Inf,Inf,Inf,0.045,0.045,0.035,0.04,0.630511093294926,0.542227638171709,2.36517789239517e-12,1.27019118579023e-05,1.67811909386989,0.000132833886526071,0.781029347886574,9457.52565106628,867.752078534126,867.5615424867,867.530973468091,2837.25769531988,387.84,320,320
1.769,0,0,0,0,0,0,0,0,0,0,0,0,0,0,0,0,0,0,0,0,0,Inf,Inf,Inf,0.045,0.045,0.035,0.04,0.630507822793956,0.542224564343784,2.36515393613396e-12,1.27020880742735e-05,1.67811924047348,0.000132833882960492,0.781029410762096,9457.47954826624,867.743074974746,867.560934337354,867.521968922725,2837.24386447987,387.84,320,320
1.77,0,0,0,0,0,0,0,0,0,0,0,0,0,0,0,0,0,0,0,0,0,Inf,Inf,Inf,0.045,0.045,0.035,0.04,0.630502546073984,0.542222794403926,2.36513569393101e-12,1.27020962437482e-05,1.67811895756654,0.000132833876210673,0.781029424226391,9457.4075560743,867.733445417634,867.545775262779,867.512339894163,2837.22226682229,387.84,320,320
1.771,0,0,0,0,0,0,0,0,0,0,0,0,0,0,0,0,0,0,0,0,0,Inf,Inf,Inf,0.045,0.045,0.035,0.04,0.630500526916067,0.542219164798993,2.36512528727619e-12,1.27021064973381e-05,1.67811920692914,0.000132833884570685,0.781029388339182,9457.36670169874,867.738482216461,867.545576726387,867.503922939696,2837.21001050962,387.84,320,320
1.772,0,0,0,0,0,0,0,0,0,0,0,0,0,0,0,0,0,0,0,0,0,Inf,Inf,Inf,0.045,0.045,0.035,0.04,0.630497968973706,0.542214845477194,2.36512185255908e-12,1.27020096376565e-05,1.67811949935324,0.000132833884205751,0.78102941593669,9457.34096864625,867.730083802801,867.545384067163,867.509016400092,2837.20229059388,387.84,320,320
1.773,0,0,0,0,0,0,0,0,0,0,0,0,0,0,0,0,0,0,0,0,0,Inf,Inf,Inf,0.045,0.045,0.035,0.04,0.630493324092769,0.542213630876104,2.36512187067313e-12,1.27020165071601e-05,1.6781193518021,0.000132833883976024,0.781029448773945,9457.25975196475,867.720457847948,867.530120753266,867.499390456554,2837.17792558942,387.84,320,320
1.774,0,0,0,0,0,0,0,0,0,0,0,0,0,0,0,0,0,0,0,0,0,Inf,Inf,Inf,0.045,0.045,0.035,0.04,0.630489878013287,0.54221064114359,2.36512050853786e-12,1.27020245826375e-05,1.67811928387191,0.000132833895164675,0.781029428822948,9457.20812379203,867.724845803738,867.529498901366,867.490373615207,2837.16243713761,387.84,320,320
1.775,0,0,0,0,0,0,0,0,0,0,0,0,0,0,0,0,0,0,0,0,0,Inf,Inf,Inf,0.045,0.045,0.035,0.04,0.630487998020684,0.54220587168384,2.36511346087759e-12,1.27020337446472e-05,1.67811971230845,0.000132833897582159,0.781029426400523,9457.18660979681,867.717218362611,867.529513841312,867.496149276842,2837.15598293904,387.84,320,320
1.776,0,0,0,0,0,0,0,0,0,0,0,0,0,0,0,0,0,0,0,0,0,Inf,Inf,Inf,0.045,0.045,0.035,0.04,0.630484045278527,0.542204186898255,2.36509859006858e-12,1.27018964663953e-05,1.67811971005264,0.000132833891161497,0.781029475468625,9457.11638594121,867.707818135317,867.528330180802,867.486748552714,2837.13491578236,387.84,320,320
1.777,0,0,0,0,0,0,0,0,0,0,0,0,0,0,0,0,0,0,0,0,0,Inf,Inf,Inf,0.045,0.045,0.035,0.04,0.630478857904241,0.542201837110058,2.36507673926952e-12,1.27019065615172e-05,1.67811931077868,0.000132833895636661,0.781029472171559,9457.05409059192,867.710795068326,867.513383448325,867.477327020761,2837.11622717758,387.84,320,320
1.778,0,0,0,0,0,0,0,0,0,0,0,0,0,0,0,0,0,0,0,0,0,Inf,Inf,Inf,0.045,0.045,0.035,0.04,0.630477589729882,0.542197630269848,2.36505140951622e-12,1.27019147731425e-05,1.67811985878665,0.000132833901232271,0.781029428887346,9457.02307774385,867.70406833323,867.513388740454,867.482963140981,2837.10692332315,387.84,320,320
1.779,0,0,0,0,0,0,0,0,0,0,0,0,0,0,0,0,0,0,0,0,0,Inf,Inf,Inf,0.045,0.045,0.035,0.04,0.630474357160265,0.542194481230657,2.36502742460014e-12,1.2702094522661e-05,1.67812000498556,0.000132833897937546,0.781029490749453,9456.97831552978,867.695105191307,867.512801031108,867.47399901801,2837.09349465893,387.84,320,320
1.78,0,0,0,0,0,0,0,0,0,0,0,0,0,0,0,0,0,0,0,0,0,Inf,Inf,Inf,0.045,0.045,0.035,0.04,0.630469119973327,0.542192741769879,2.36500909322102e-12,1.2702104373274e-05,1.67811972212098,0.000132833890596313,0.781029504122067,9456.90595856915,867.685492288814,867.497667946388,867.464386643164,2837.07178757075,387.84,320,320
1.781,0,0,0,0,0,0,0,0,0,0,0,0,0,0,0,0,0,0,0,0,0,Inf,Inf,Inf,0.045,0.045,0.035,0.04,0.630467015637765,0.542189152509851,2.36499856913251e-12,1.27021132931997e-05,1.6781199438348,0.00013283389901549,0.78102946799842,9456.86462928992,867.69046482971,867.497447422905,867.455958796245,2837.05938878697,387.84,320,320
1.782,0,0,0,0,0,0,0,0,0,0,0,0,0,0,0,0,0,0,0,0,0,Inf,Inf,Inf,0.045,0.045,0.035,0.04,0.630464497765527,0.542184771080969,2.36499503394396e-12,1.27020106139707e-05,1.67812023460804,0.000132833898424207,0.781029493207748,9456.84019588424,867.682129550762,867.497264708373,867.461062117419,2837.05205876527,387.84,320,320
1.783,0,0,0,0,0,0,0,0,0,0,0,0,0,0,0,0,0,0,0,0,0,Inf,Inf,Inf,0.045,0.045,0.035,0.04,0.630459902879486,0.542183584164797,2.36499501298488e-12,1.27020157250575e-05,1.67812008749646,0.000132833898842317,0.781029527066319,9456.7588533379,867.672548781636,867.482081380284,867.451481356289,2837.02765600137,387.84,320,320
1.784,0,0,0,0,0,0,0,0,0,0,0,0,0,0,0,0,0,0,0,0,0,Inf,Inf,Inf,0.045,0.045,0.035,0.04,0.630456382284422,0.542180638720675,2.36499370235846e-12,1.27020255590352e-05,1.67811999428128,0.000132833909801775,0.781029507835094,9456.70687712513,867.676844043263,867.481430366038,867.4424811844,2837.01206313754,387.84,320,320
1.785,0,0,0,0,0,0,0,0,0,0,0,0,0,0,0,0,0,0,0,0,0,Inf,Inf,Inf,0.045,0.045,0.035,0.04,0.630454540525431,0.54217592009514,2.36498680011023e-12,1.27020311146744e-05,1.67812041888932,0.000132833912226291,0.781029501715113,9456.68495970158,867.669297896781,867.481443811729,867.448228874827,2837.00548791047,387.84,320,320
1.786,0,0,0,0,0,0,0,0,0,0,0,0,0,0,0,0,0,0,0,0,0,Inf,Inf,Inf,0.045,0.045,0.035,0.04,0.630450644025419,0.542174165618733,2.36497214317806e-12,1.27018980529505e-05,1.67812041665357,0.000132833905859636,0.781029549952846,9456.61641661919,867.659969871067,867.48029580994,867.438900356435,2836.98492498576,387.84,320,320
1.787,0,0,0,0,0,0,0,0,0,0,0,0,0,0,0,0,0,0,0,0,0,Inf,Inf,Inf,0.045,0.045,0.035,0.04,0.630445402829737,0.542171860366364,2.3649505270581e-12,1.27019085355915e-05,1.6781200149663,0.000132833909762185,0.781029546639465,9456.55396484336,867.650593715211,867.46541213109,867.42952520165,2836.96618945301,387.84,320,320
1.788,0,0,0,0,0,0,0,0,0,0,0,0,0,0,0,0,0,0,0,0,0,Inf,Inf,Inf,0.045,0.045,0.035,0.04,0.630444167568028,0.542167712261861,2.36492539758756e-12,1.27019174683999e-05,1.67812053774686,0.000132833915300352,0.781029497164666,9456.52261196089,867.65620142584,867.465405185779,867.435096389822,2836.95678358827,387.84,320,320
1.789,0,0,0,0,0,0,0,0,0,0,0,0,0,0,0,0,0,0,0,0,0,Inf,Inf,Inf,0.045,0.045,0.035,0.04,0.630440993019206,0.542164506747775,2.3649015343921e-12,1.27021063623576e-05,1.67812068260786,0.000132833911730499,0.7810295603738,9456.4794768727,867.64733436293,867.464841535663,867.426228353479,2836.94384306181,387.84,320,320
1.79,0,0,0,0,0,0,0,0,0,0,0,0,0,0,0,0,0,0,0,0,0,Inf,Inf,Inf,0.045,0.045,0.035,0.04,0.630435828018734,0.542162808558535,2.36488322934625e-12,1.27021152266384e-05,1.67812040155523,0.00013283390339725,0.781029574352374,9456.40721268762,867.637798014987,867.449829561379,867.416692524451,2836.92216380629,387.84,320,320
1.791,0,0,0,0,0,0,0,0,0,0,0,0,0,0,0,0,0,0,0,0,0,Inf,Inf,Inf,0.045,0.045,0.035,0.04,0.630433652315074,0.542159281989221,2.36487265473791e-12,1.27021258277454e-05,1.67812059593156,0.00013283391186608,0.781029538264565,9456.36567258945,867.642673739443,867.449588477805,867.408306498752,2836.90970177683,387.84,320,320
1.792,0,0,0,0,0,0,0,0,0,0,0,0,0,0,0,0,0,0,0,0,0,Inf,Inf,Inf,0.045,0.045,0.035,0.04,0.630431189961078,0.542154866350077,2.36486904212386e-12,1.27020079097954e-05,1.67812088332475,0.00013283391116753,0.781029565604412,9456.34266705415,867.634453633556,867.449416817053,867.413386454457,2836.90280011624,387.84,320,320
1.793,0,0,0,0,0,0,0,0,0,0,0,0,0,0,0,0,0,0,0,0,0,Inf,Inf,Inf,0.045,0.045,0.035,0.04,0.630426673422129,0.54215371443969,2.36486898258807e-12,1.27020165676548e-05,1.6781207375533,0.000132833912080952,0.781029598428396,9456.26171176713,867.624978048249,867.434409358442,867.403910878688,2836.87851353014,387.84,320,320
1.794,0,0,0,0,0,0,0,0,0,0,0,0,0,0,0,0,0,0,0,0,0,Inf,Inf,Inf,0.045,0.045,0.035,0.04,0.630423102411989,0.542150831537827,2.3648677311622e-12,1.27020281601421e-05,1.67812062039383,0.00013283392298193,0.781029579592465,9456.20971832964,867.629154140331,867.433733481121,867.394983965729,2836.86291549889,387.84,320,320
1.795,0,0,0,0,0,0,0,0,0,0,0,0,0,0,0,0,0,0,0,0,0,Inf,Inf,Inf,0.045,0.045,0.035,0.04,0.630421309972086,0.542146193083395,2.36486101604677e-12,1.27020354295357e-05,1.67812103868312,0.00013283392540056,0.781029569376287,9456.18753998032,867.621736204574,867.433745358676,867.400667526675,2836.85626199409,387.84,320,320
1.796,0,0,0,0,0,0,0,0,0,0,0,0,0,0,0,0,0,0,0,0,0,Inf,Inf,Inf,0.045,0.045,0.035,0.04,0.630417493426743,0.54214438087014,2.36484666247025e-12,1.27019066250883e-05,1.6781210364802,0.00013283391913375,0.781029616901439,9456.12107763441,867.612538553582,867.432639892476,867.391469389822,2836.83632329032,387.84,320,320
1.797,0,0,0,0,0,0,0,0,0,0,0,0,0,0,0,0,0,0,0,0,0,Inf,Inf,Inf,0.045,0.045,0.035,0.04,0.630412231555046,0.542142134186168,2.3648254137146e-12,1.27019167203243e-05,1.67812063844409,0.000132833922839877,0.781029613592485,9456.0588614642,867.603267469466,867.41791252969,867.382199294716,2836.81765843926,387.84,320,320
1.798,0,0,0,0,0,0,0,0,0,0,0,0,0,0,0,0,0,0,0,0,0,Inf,Inf,Inf,0.045,0.045,0.035,0.04,0.630411036545328,0.542138070243726,2.36480063938413e-12,1.2701926207499e-05,1.67812112841107,0.00013283392822866,0.78102956341621,9456.02736760297,867.60877555817,867.417893547796,867.37458826499,2836.80821028089,387.84,320,320
1.799,0,0,0,0,0,0,0,0,0,0,0,0,0,0,0,0,0,0,0,0,0,Inf,Inf,Inf,0.045,0.045,0.035,0.04,0.63040793918862,0.542134829226087,2.36477704548652e-12,1.27021168689801e-05,1.67812127108948,0.000132833924665282,0.781029623565209,9455.98612004268,867.600059166516,867.417357182573,867.37895359899,2836.7958360128,387.84,320,320
1.8,0,0,0,0,0,0,0,0,0,0,0,0,0,0,0,0,0,0,0,0,0,Inf,Inf,Inf,0.045,0.045,0.035,0.04,0.630402877804976,0.542133182427881,2.36475888044181e-12,1.27021253859431e-05,1.67812099349177,0.000132833915029307,0.781029637923911,9455.91439594493,867.590658300989,867.402559713551,867.369553241537,2836.77431878348,387.84,320,320
1.801,0,0,0,0,0,0,0,0,0,0,0,0,0,0,0,0,0,0,0,0,0,Inf,Inf,Inf,0.045,0.045,0.035,0.04,0.630400644503356,0.542129739841942,2.36474832139719e-12,1.27021356397611e-05,1.67812115831759,0.000132833923076474,0.78102960363788,9455.87290351784,867.595407508714,867.402299844751,867.36126106112,2836.76187105535,387.84,320,320
1.802,0,0,0,0,0,0,0,0,0,0,0,0,0,0,0,0,0,0,0,0,0,Inf,Inf,Inf,0.045,0.045,0.035,0.04,0.63039825258139,0.54212531864805,2.36474465429546e-12,1.27020123744151e-05,1.6781214404396,0.000132833922500502,0.781029627131605,9455.85145728852,867.587352544455,867.402140176831,867.366285903042,2836.75543718656,387.84,320,320
1.803,0,0,0,0,0,0,0,0,0,0,0,0,0,0,0,0,0,0,0,0,0,Inf,Inf,Inf,0.045,0.045,0.035,0.04,0.630393841948444,0.542124208544445,2.36474455677493e-12,1.27020210770898e-05,1.6781212969609,0.000132833923109867,0.781029658970072,9455.77138768373,867.578039995935,867.387399346194,867.356973364596,2836.73141630512,387.84,320,320
1.804,0,0,0,0,0,0,0,0,0,0,0,0,0,0,0,0,0,0,0,0,0,Inf,Inf,Inf,0.045,0.045,0.035,0.04,0.630390243030669,0.542121405506962,2.36474337199163e-12,1.27020273495061e-05,1.67812115613034,0.00013283393366421,0.781029639228203,9455.71969840126,867.582073549384,867.386703008097,867.348174389925,2836.71590952038,387.84,320,320
1.805,0,0,0,0,0,0,0,0,0,0,0,0,0,0,0,0,0,0,0,0,0,Inf,Inf,Inf,0.045,0.045,0.035,0.04,0.630388510842078,0.542116875318593,2.36473688475599e-12,1.27020347832191e-05,1.67812156539552,0.000132833936107469,0.781029629668696,9455.69739719419,867.57482875475,867.386713252949,867.353760694914,2836.70921915826,387.84,320,320
1.806,0,0,0,0,0,0,0,0,0,0,0,0,0,0,0,0,0,0,0,0,0,Inf,Inf,Inf,0.045,0.045,0.035,0.04,0.630384797658332,0.542115016702432,2.36472292224708e-12,1.27019132014219e-05,1.67812156323954,0.000132833930003017,0.781029676114844,9455.63342511195,867.565817458354,867.385656910298,867.344748922328,2836.69002753358,387.84,320,320
1.807,0,0,0,0,0,0,0,0,0,0,0,0,0,0,0,0,0,0,0,0,0,Inf,Inf,Inf,0.045,0.045,0.035,0.04,0.630379547116225,0.542112842185575,2.3647021712572e-12,1.27019224087902e-05,1.67812117145274,0.000132833933198774,0.781029672877667,9455.5718307174,867.55670807298,867.37117443025,867.335640508811,2836.67154921522,387.84,320,320
1.808,0,0,0,0,0,0,0,0,0,0,0,0,0,0,0,0,0,0,0,0,0,Inf,Inf,Inf,0.045,0.045,0.035,0.04,0.63037839962747,0.542108887167416,2.3646779046468e-12,1.27019306207011e-05,1.67812162647736,0.000132833938583148,0.781029623563684,9455.54039318844,867.56208344824,867.371143558794,867.328137049578,2836.66211795653,387.84,320,320
1.809,0,0,0,0,0,0,0,0,0,0,0,0,0,0,0,0,0,0,0,0,0,Inf,Inf,Inf,0.045,0.045,0.035,0.04,0.630375398417125,0.542105629757007,2.36465472591708e-12,1.27021246530601e-05,1.6781217660955,0.00013283393506504,0.781029681321041,9455.5012927366,867.553571065238,867.370637720069,867.332466216163,2836.65038782098,387.84,320,320
1.81,0,0,0,0,0,0,0,0,0,0,0,0,0,0,0,0,0,0,0,0,0,Inf,Inf,Inf,0.045,0.045,0.035,0.04,0.630370471737521,0.54210404440265,2.36463681377109e-12,1.2702134503776e-05,1.67812149371436,0.000132833925140045,0.781029695308685,9455.43055610192,867.544363417761,867.356146424768,867.32325906652,2836.62916683058,387.84,320,320
1.811,0,0,0,0,0,0,0,0,0,0,0,0,0,0,0,0,0,0,0,0,0,Inf,Inf,Inf,0.045,0.045,0.035,0.04,0.630368195313966,0.542100706903724,2.3646263365258e-12,1.27021447576675e-05,1.67812162966197,0.000132833933003387,0.781029663128805,9455.38937292413,867.548955469162,867.355869430705,867.31511186224,2836.61681187724,387.84,320,320
1.812,0,0,0,0,0,0,0,0,0,0,0,0,0,0,0,0,0,0,0,0,0,Inf,Inf,Inf,0.045,0.045,0.035,0.04,0.630365888256402,0.542096307920584,2.3646226385096e-12,1.27020139796278e-05,1.67812190478482,0.000132833932440292,0.781029677271806,9455.36959340205,867.54111518393,867.355722702758,867.320049355337,2836.61087802061,387.84,320,320
1.813,0,0,0,0,0,0,0,0,0,0,0,0,0,0,0,0,0,0,0,0,0,Inf,Inf,Inf,0.045,0.045,0.035,0.04,0.630361610317575,0.54209524635629,2.36462250397929e-12,1.27020209238725e-05,1.67812176443902,0.000132833933000323,0.781029709267936,9455.29090736908,867.532023133238,867.34134020151,867.310957311978,2836.58727221072,387.84,320,320
1.814,0,0,0,0,0,0,0,0,0,0,0,0,0,0,0,0,0,0,0,0,0,Inf,Inf,Inf,0.045,0.045,0.035,0.04,0.630358007735356,0.542092540282927,2.36462139263098e-12,1.27020290891513e-05,1.67812160158003,0.000132833943339428,0.781029688364644,9455.23984651178,867.535889714232,867.340627924319,867.30234079244,2836.57195395353,387.84,320,320
1.815,0,0,0,0,0,0,0,0,0,0,0,0,0,0,0,0,0,0,0,0,0,Inf,Inf,Inf,0.045,0.045,0.035,0.04,0.630356346040135,0.54208814609826,2.364615171807e-12,1.27020329911133e-05,1.67812199950068,0.000132833945644923,0.781029682326524,9455.21756524528,867.528862419185,867.340636483775,867.307795246948,2836.56526957358,387.84,320,320
1.816,0,0,0,0,0,0,0,0,0,0,0,0,0,0,0,0,0,0,0,0,0,Inf,Inf,Inf,0.045,0.045,0.035,0.04,0.630352758448327,0.542086253496909,2.36460168423742e-12,1.27019136222061e-05,1.67812199740341,0.000132833939610086,0.781029726922856,9455.15644926737,867.520092838071,867.339635475432,867.299025203323,2836.54693478021,387.84,320,320
1.817,0,0,0,0,0,0,0,0,0,0,0,0,0,0,0,0,0,0,0,0,0,Inf,Inf,Inf,0.045,0.045,0.035,0.04,0.630347551927998,0.542084164169904,2.36458155642029e-12,1.27019213874231e-05,1.67812161413763,0.000132833941433988,0.781029723813917,9455.09585760652,867.511201334712,867.325487263601,867.290134649847,2836.52875728196,387.84,320,320
1.818,0,0,0,0,0,0,0,0,0,0,0,0,0,0,0,0,0,0,0,0,0,Inf,Inf,Inf,0.045,0.045,0.035,0.04,0.630346458653482,0.54208034194535,2.36455794481749e-12,1.2701927602974e-05,1.67812203100384,0.000132833946584749,0.781029675544377,9455.06467304816,867.516411355398,867.325444847395,867.282785292965,2836.51940191445,387.84,320,320
1.819,0,0,0,0,0,0,0,0,0,0,0,0,0,0,0,0,0,0,0,0,0,Inf,Inf,Inf,0.045,0.045,0.035,0.04,0.630343571419657,0.542077089096734,2.36453532248576e-12,1.27021337714795e-05,1.67812216671724,0.000132833943234488,0.781029729765089,9455.02795212524,867.508154605754,867.324972359923,867.28705074966,2836.50838563757,387.84,320,320
1.82,0,0,0,0,0,0,0,0,0,0,0,0,0,0,0,0,0,0,0,0,0,Inf,Inf,Inf,0.045,0.045,0.035,0.04,0.630338808961621,0.542075574468808,2.36451777285978e-12,1.27021422885315e-05,1.67812190121216,0.000132833933083165,0.781029743225339,9454.95863444577,867.499196242383,867.310876098698,867.278092871255,2836.48759033373,387.84,320,320
1.821,0,0,0,0,0,0,0,0,0,0,0,0,0,0,0,0,0,0,0,0,0,Inf,Inf,Inf,0.045,0.045,0.035,0.04,0.630336503569641,0.542072361886675,2.36450744196064e-12,1.27021518477332e-05,1.67812200599419,0.000132833940777114,0.781029711206962,9454.91801313471,867.503603562242,867.31058394997,867.270140455543,2836.47540394041,387.84,320,320
1.822,0,0,0,0,0,0,0,0,0,0,0,0,0,0,0,0,0,0,0,0,0,Inf,Inf,Inf,0.045,0.045,0.035,0.04,0.630334295125223,0.542068013253819,2.36450373617217e-12,1.27020104742393e-05,1.67812227241869,0.000132833940118252,0.781029721421834,9454.9000102997,867.496024884897,867.310450934551,867.27496012967,2836.47000308991,387.84,320,320
1.823,0,0,0,0,0,0,0,0,0,0,0,0,0,0,0,0,0,0,0,0,0,Inf,Inf,Inf,0.045,0.045,0.035,0.04,0.630330175582698,0.542067006376773,2.36450356568041e-12,1.27020156600457e-05,1.67812213605716,0.000132833940955338,0.781029752952334,9454.82318532565,867.487208011905,867.296512457981,867.266143262398,2836.44695559769,387.84,320,320
1.824,0,0,0,0,0,0,0,0,0,0,0,0,0,0,0,0,0,0,0,0,0,Inf,Inf,Inf,0.045,0.045,0.035,0.04,0.630326591746051,0.542064413253532,2.3645025342366e-12,1.27020238552285e-05,1.67812195198281,0.000132833950735984,0.781029732284341,9454.77306411398,867.490886457295,867.295788811614,867.257761213924,2836.43191923419,387.84,320,320
1.825,0,0,0,0,0,0,0,0,0,0,0,0,0,0,0,0,0,0,0,0,0,Inf,Inf,Inf,0.045,0.045,0.035,0.04,0.630325010511713,0.54206018126314,2.36449661693091e-12,1.27020296500737e-05,1.67812233601259,0.000132833953115634,0.781029726397413,9454.75093969081,867.484118546698,867.295795643176,867.26305252457,2836.42528190724,387.84,320,320
1.826,0,0,0,0,0,0,0,0,0,0,0,0,0,0,0,0,0,0,0,0,0,Inf,Inf,Inf,0.045,0.045,0.035,0.04,0.630321570169372,0.542058266391951,2.36448368540485e-12,1.2701907333138e-05,1.6781223339874,0.000132833947290039,0.781029768854761,9454.69304997559,867.475643232333,867.294855811165,867.254576763868,2836.40791499268,387.84,320,320
1.827,0,0,0,0,0,0,0,0,0,0,0,0,0,0,0,0,0,0,0,0,0,Inf,Inf,Inf,0.045,0.045,0.035,0.04,0.63031643894395,0.542056274678894,2.36446430237676e-12,1.27019158194874e-05,1.67812196174268,0.000132833947926114,0.781029765876817,9454.63383203094,867.467023106091,867.281125645283,867.245957559107,2836.39014960928,387.84,320,320
1.828,0,0,0,0,0,0,0,0,0,0,0,0,0,0,0,0,0,0,0,0,0,Inf,Inf,Inf,0.045,0.045,0.035,0.04,0.630315406410488,0.542052608152882,2.36444148901343e-12,1.27019233104773e-05,1.67812233884386,0.000132833952981138,0.781029718522731,9454.60309332543,867.472037002319,867.281071979987,867.23880668134,2836.38092799763,387.84,320,320
1.829,0,0,0,0,0,0,0,0,0,0,0,0,0,0,0,0,0,0,0,0,0,Inf,Inf,Inf,0.045,0.045,0.035,0.04,0.63031265052285,0.542049378827526,2.36441956089159e-12,1.27021398198961e-05,1.67812246978358,0.000132833949546144,0.781029766655462,9454.56897895902,867.464085607109,867.28063563555,867.24298300903,2836.3706936877,387.84,320,320
1.83,0,0,0,0,0,0,0,0,0,0,0,0,0,0,0,0,0,0,0,0,0,Inf,Inf,Inf,0.045,0.045,0.035,0.04,0.630308081063803,0.542047944005132,2.36440248130276e-12,1.27021476422163e-05,1.67812221280154,0.000132833939563872,0.781029780084628,9454.50150650346,867.455430693594,867.278339849507,867.234328561251,2836.35045195104,387.84,320,320
1.831,0,0,0,0,0,0,0,0,0,0,0,0,0,0,0,0,0,0,0,0,0,Inf,Inf,Inf,0.045,0.045,0.035,0.04,0.630305761473717,0.542044875700752,2.36439236066006e-12,1.2702155520403e-05,1.67812228724055,0.000132833946302854,0.781029746798183,9454.46169965162,867.459625245039,867.266714953895,867.226619222866,2836.33850989549,387.84,320,320
1.832,0,0,0,0,0,0,0,0,0,0,0,0,0,0,0,0,0,0,0,0,0,Inf,Inf,Inf,0.045,0.045,0.035,0.04,0.630303664715684,0.542040604362087,2.36438867059702e-12,1.27020092353572e-05,1.67812254346791,0.000132833945890258,0.781029762181457,9454.44555728563,867.452354021542,867.266596416964,867.231290594144,2836.33366718569,387.84,320,320
1.833,0,0,0,0,0,0,0,0,0,0,0,0,0,0,0,0,0,0,0,0,0,Inf,Inf,Inf,0.045,0.045,0.035,0.04,0.630299728149043,0.54203965816121,2.36438846556553e-12,1.27020161945665e-05,1.67812241188869,0.000132833947419432,0.781029790907931,9454.3710638595,867.443865861688,867.253187292005,867.222802444121,2836.31131915785,387.84,320,320
1.834,0,0,0,0,0,0,0,0,0,0,0,0,0,0,0,0,0,0,0,0,0,Inf,Inf,Inf,0.045,0.045,0.035,0.04,0.630296186870363,0.542037193530114,2.36438751976199e-12,1.27020261482569e-05,1.67812220856529,0.000132833956884472,0.781029771736449,9454.32219213039,867.44733435965,867.252456904745,867.214706001168,2836.29665763912,387.84,320,320
1.835,0,0,0,0,0,0,0,0,0,0,0,0,0,0,0,0,0,0,0,0,0,Inf,Inf,Inf,0.045,0.045,0.035,0.04,0.630294695249665,0.542033149213121,2.36438194039724e-12,1.27020318386876e-05,1.67812257653626,0.000132833959091403,0.781029760923332,9454.30036419167,867.440866580167,867.252461978141,867.219801962377,2836.2901092575,387.84,320,320
1.836,0,0,0,0,0,0,0,0,0,0,0,0,0,0,0,0,0,0,0,0,0,Inf,Inf,Inf,0.045,0.045,0.035,0.04,0.630291422368521,0.542031224638365,2.36436964116289e-12,1.27019059791983e-05,1.67812257459404,0.000132833953374095,0.78102980165123,9454.2460237638,867.432736758623,867.251588720542,867.211671712496,2836.27380712914,387.84,320,320
1.837,0,0,0,0,0,0,0,0,0,0,0,0,0,0,0,0,0,0,0,0,0,Inf,Inf,Inf,0.045,0.045,0.035,0.04,0.630286507416925,0.542029342241537,2.36435111802314e-12,1.27019131902321e-05,1.6781222154665,0.00013283395334182,0.781029798791557,9454.18854012119,867.424440337636,867.23835997598,867.203376178492,2836.25656203636,387.84,320,320
1.838,0,0,0,0,0,0,0,0,0,0,0,0,0,0,0,0,0,0,0,0,0,Inf,Inf,Inf,0.045,0.045,0.035,0.04,0.630285431961899,0.542025853153732,2.36432923903996e-12,1.27019217897993e-05,1.67812255003631,0.000132833958019734,0.78102975285249,9454.15843661905,867.429228177427,867.238295541139,867.196467444868,2836.24753098571,387.84,320,320
1.839,0,0,0,0,0,0,0,0,0,0,0,0,0,0,0,0,0,0,0,0,0,Inf,Inf,Inf,0.045,0.045,0.035,0.04,0.630282823479898,0.542022667792346,2.3643081365579e-12,1.27021414086863e-05,1.6781226754417,0.000132833954956382,0.781029794458766,9454.1271276494,867.421629547458,867.237897697478,867.200528456396,2836.23813829482,387.84,320,320
1.84,0,0,0,0,0,0,0,0,0,0,0,0,0,0,0,0,0,0,0,0,0,Inf,Inf,Inf,0.045,0.045,0.035,0.04,0.630278473907534,0.542021320998326,2.36429162987506e-12,1.27021492310358e-05,1.67812242842437,0.000132833945345986,0.781029807908892,9454.06190539993,867.413329924016,867.235742759822,867.192229276226,2836.21857161998,387.84,320,320
1.841,0,0,0,0,0,0,0,0,0,0,0,0,0,0,0,0,0,0,0,0,0,Inf,Inf,Inf,0.045,0.045,0.035,0.04,0.630276154307738,0.542018414857716,2.36428178088599e-12,1.27021574566757e-05,1.67812247104218,0.000132833951351628,0.781029774580008,9454.02315341006,867.417286944838,867.224529044353,867.184809410358,2836.20694602302,387.84,320,320
1.842,0,0,0,0,0,0,0,0,0,0,0,0,0,0,0,0,0,0,0,0,0,Inf,Inf,Inf,0.045,0.045,0.035,0.04,0.630274181492564,0.542014247759437,2.36427812930574e-12,1.27021646960435e-05,1.67812271547977,0.000132833950732949,0.781029794566065,9454.00892812059,867.410365922607,867.224425574213,867.189304072655,2836.20267843618,387.84,320,320
1.843,0,0,0,0,0,0,0,0,0,0,0,0,0,0,0,0,0,0,0,0,0,Inf,Inf,Inf,0.045,0.045,0.035,0.04,0.63027045113283,0.542013367582493,2.3642778912061e-12,1.27020144039172e-05,1.67812258953534,0.000132833952233064,0.781029819467271,9453.9372405956,867.402256654458,867.211624297997,867.181194820191,2836.18117217868,387.84,320,320
1.844,0,0,0,0,0,0,0,0,0,0,0,0,0,0,0,0,0,0,0,0,0,Inf,Inf,Inf,0.045,0.045,0.035,0.04,0.63026697413323,0.542011045709511,2.36427703639388e-12,1.27020225096372e-05,1.67812236774025,0.000132833961376187,0.781029801516224,9453.88991177906,867.405496784779,867.210891793072,867.173432054551,2836.16697353372,387.84,320,320
1.845,0,0,0,0,0,0,0,0,0,0,0,0,0,0,0,0,0,0,0,0,0,Inf,Inf,Inf,0.045,0.045,0.035,0.04,0.630265580897223,0.542007212721021,2.36427182756983e-12,1.2702029928763e-05,1.67812271732594,0.000132833963450408,0.781029785963806,9453.86851262795,867.399366966476,867.210895088698,867.178303994751,2836.16055378839,387.84,320,320
1.846,0,0,0,0,0,0,0,0,0,0,0,0,0,0,0,0,0,0,0,0,0,Inf,Inf,Inf,0.045,0.045,0.035,0.04,0.630262494875302,0.542005290212545,2.36426023320731e-12,1.27019101682451e-05,1.67812271547842,0.000132833957951408,0.78102982528175,9453.81804420135,867.391630486281,867.210093367453,867.1705671056,2836.14541326041,387.84,320,320
1.847,0,0,0,0,0,0,0,0,0,0,0,0,0,0,0,0,0,0,0,0,0,Inf,Inf,Inf,0.045,0.045,0.035,0.04,0.630257836533325,0.542003528090257,2.36424267988991e-12,1.27019181004192e-05,1.67812237174593,0.000132833956857658,0.78102982256365,9453.76264152428,867.383706826652,867.197442995156,867.162644293148,2836.12879245728,387.84,320,320
1.848,0,0,0,0,0,0,0,0,0,0,0,0,0,0,0,0,0,0,0,0,0,Inf,Inf,Inf,0.045,0.045,0.035,0.04,0.630256713214772,0.542000236945412,2.36422186573727e-12,1.27019259789472e-05,1.67812266261558,0.000132833961480439,0.781029779136092,9453.73335685634,867.388240885417,867.197368223058,867.156018731732,2836.1200070569,387.84,320,320
1.849,0,0,0,0,0,0,0,0,0,0,0,0,0,0,0,0,0,0,0,0,0,Inf,Inf,Inf,0.045,0.045,0.035,0.04,0.630254267518674,0.541997113875848,2.36420171532641e-12,1.27021463601125e-05,1.67812278174134,0.000132833958431153,0.781029816284328,9453.70504250262,867.381039936237,867.197011162868,867.159940588626,2836.11151275079,387.84,320,320
1.85,0,0,0,0,0,0,0,0,0,0,0,0,0,0,0,0,0,0,0,0,0,Inf,Inf,Inf,0.045,0.045,0.035,0.04,0.63025016362198,0.541995863007539,2.3641858810837e-12,1.27021558635563e-05,1.67812254618282,0.000132833949226641,0.781029828912961,9453.64246533475,867.373144896535,867.195009709738,867.15204597151,2836.09273960042,387.84,320,320
1.851,0,0,0,0,0,0,0,0,0,0,0,0,0,0,0,0,0,0,0,0,0,Inf,Inf,Inf,0.045,0.045,0.035,0.04,0.630247858716442,0.541993136197661,2.36417636378529e-12,1.2702160032333e-05,1.67812255850274,0.000132833953835701,0.781029797646143,9453.6050057199,867.376839614033,867.184274783077,867.144959874148,2836.08150171597,387.84,320,320
1.852,0,0,0,0,0,0,0,0,0,0,0,0,0,0,0,0,0,0,0,0,0,Inf,Inf,Inf,0.045,0.045,0.035,0.04,0.630246021253909,0.541989098784052,2.36417277353911e-12,1.27021655907144e-05,1.67812278970081,0.000132833953128302,0.78102981309985,9453.5910052046,867.37030987547,867.184186949034,867.149249843734,2836.07730156138,387.84,320,320
1.853,0,0,0,0,0,0,0,0,0,0,0,0,0,0,0,0,0,0,0,0,0,Inf,Inf,Inf,0.045,0.045,0.035,0.04,0.630242518895362,0.54198828974094,2.36417250420212e-12,1.27020105120524e-05,1.67812267013427,0.000132833954062058,0.781029835776298,9453.52430634775,867.362627852574,867.172070482689,867.141567837743,2836.05729190432,387.84,320,320
1.854,0,0,0,0,0,0,0,0,0,0,0,0,0,0,0,0,0,0,0,0,0,Inf,Inf,Inf,0.045,0.045,0.035,0.04,0.630239128972771,0.541986124251204,2.3641717449309e-12,1.27020151605899e-05,1.67812243186377,0.000132833962711235,0.781029818333566,9453.47880843059,867.365620877337,867.17134047882,867.134185278058,2836.04364252918,387.84,320,320
1.855,0,0,0,0,0,0,0,0,0,0,0,0,0,0,0,0,0,0,0,0,0,Inf,Inf,Inf,0.045,0.045,0.035,0.04,0.630237841970438,0.541982525215109,2.36416693615901e-12,1.27020227887569e-05,1.67812276117735,0.000132833964588634,0.781029802297304,9453.45797113724,867.359865200681,867.171341989295,867.138804104991,2836.03739134117,387.84,320,320
1.856,0,0,0,0,0,0,0,0,0,0,0,0,0,0,0,0,0,0,0,0,0,Inf,Inf,Inf,0.045,0.045,0.035,0.04,0.63023496052191,0.541980617186365,2.36415611349328e-12,1.27019143577543e-05,1.67812275943367,0.000132833959563382,0.781029839802177,9453.41164704117,867.352567943146,867.170616268499,867.131506460895,2836.02349411235,387.84,320,320
1.857,0,0,0,0,0,0,0,0,0,0,0,0,0,0,0,0,0,0,0,0,0,Inf,Inf,Inf,0.045,0.045,0.035,0.04,0.630230585780811,0.541978985448519,2.36413963205376e-12,1.27019222899652e-05,1.67812243299514,0.000132833958799783,0.78102983726824,9453.35865681139,867.345064276458,867.158619689979,867.124003597436,2836.00759704342,387.84,320,320
1.858,0,0,0,0,0,0,0,0,0,0,0,0,0,0,0,0,0,0,0,0,0,Inf,Inf,Inf,0.045,0.045,0.035,0.04,0.630229421980399,0.54197591134487,2.36412000447474e-12,1.27019280052254e-05,1.67812267807177,0.000132833963127953,0.781029797005253,9453.330368428,867.349318046257,867.158535182455,867.117700968084,2835.9991105284,387.84,320,320
1.859,0,0,0,0,0,0,0,0,0,0,0,0,0,0,0,0,0,0,0,0,0,Inf,Inf,Inf,0.045,0.045,0.035,0.04,0.630227152978608,0.541972870020621,2.36410092461659e-12,1.27021482413538e-05,1.67812279024072,0.000132833960183554,0.781029831179483,9453.30520923537,867.342556851631,867.158220741428,867.121459475956,2835.99156277061,387.84,320,320
1.86,0,0,0,0,0,0,0,0,0,0,0,0,0,0,0,0,0,0,0,0,0,Inf,Inf,Inf,0.045,0.045,0.035,0.04,0.63022331837735,0.541971722046696,2.36408585646142e-12,1.27021557163569e-05,1.67812256753367,0.000132833951471979,0.781029842233237,9453.24564586676,867.335112780291,867.156383923038,867.114015807959,2835.97369376003,387.84,320,320
1.861,0,0,0,0,0,0,0,0,0,0,0,0,0,0,0,0,0,0,0,0,0,Inf,Inf,Inf,0.045,0.045,0.035,0.04,0.630221042017744,0.541969190086969,2.36407672762008e-12,1.27021595377905e-05,1.67812254820001,0.000132833954742364,0.781029813144903,9453.20970098592,867.338523853931,867.146192374647,867.107305346699,2835.96291029578,387.84,320,320
1.862,0,0,0,0,0,0,0,0,0,0,0,0,0,0,0,0,0,0,0,0,0,Inf,Inf,Inf,0.045,0.045,0.035,0.04,0.630219350388078,0.541965375655972,2.36407322051686e-12,1.2702164748847e-05,1.67812276475622,0.00013283395429144,0.781029820128876,9453.19600964371,867.332422951881,867.146120567672,867.111364959559,2835.95880289311,387.84,320,320
1.863,0,0,0,0,0,0,0,0,0,0,0,0,0,0,0,0,0,0,0,0,0,Inf,Inf,Inf,0.045,0.045,0.035,0.04,0.630216096245575,0.541964573965463,2.36407292179147e-12,1.27020062204368e-05,1.67812265227364,0.000132833954835225,0.781029842345988,9453.13467739517,867.325212650111,867.134758340146,867.104154670832,2835.94040321855,387.84,320,320
1.864,0,0,0,0,0,0,0,0,0,0,0,0,0,0,0,0,0,0,0,0,0,Inf,Inf,Inf,0.045,0.045,0.035,0.04,0.630212813880495,0.541962577068979,2.36407226218203e-12,1.27020091702386e-05,1.67812239869137,0.000132833962801057,0.781029825971654,9453.09127876059,867.327943314112,867.13403539409,867.097195289174,2835.92738362818,387.84,320,320
1.865,0,0,0,0,0,0,0,0,0,0,0,0,0,0,0,0,0,0,0,0,0,Inf,Inf,Inf,0.045,0.045,0.035,0.04,0.630211640489047,0.54195923254351,2.36406788081809e-12,1.27020152489455e-05,1.67812270569722,0.000132833964525801,0.781029810044749,9453.07112766754,867.322594656561,867.1340351229,867.101535653605,2835.92133830026,387.84,320,320
1.866,0,0,0,0,0,0,0,0,0,0,0,0,0,0,0,0,0,0,0,0,0,Inf,Inf,Inf,0.045,0.045,0.035,0.04,0.6302089803063,0.541957350528475,2.36405789222997e-12,1.27019123914634e-05,1.6781227040678,0.000132833959769722,0.781029845065312,9453.02921585035,867.315778628489,867.133389375058,867.094719264102,2835.90876475511,387.84,320,320
1.867,0,0,0,0,0,0,0,0,0,0,0,0,0,0,0,0,0,0,0,0,0,Inf,Inf,Inf,0.045,0.045,0.035,0.04,0.630204914670893,0.541955858416045,2.36404257836152e-12,1.27019188814831e-05,1.67812239700104,0.000132833959102807,0.781029842721495,9452.97895211471,867.308738401942,867.122114834565,867.087679791659,2835.89368563441,387.84,320,320
1.868,0,0,0,0,0,0,0,0,0,0,0,0,0,0,0,0,0,0,0,0,0,Inf,Inf,Inf,0.045,0.045,0.035,0.04,0.630203717015237,0.54195301898199,2.36402425197455e-12,1.27019251510292e-05,1.67812259579895,0.000132833962981317,0.781029805402223,9452.95182995711,867.312687883013,867.122021146601,867.081736787175,2835.88554898713,387.84,320,320
1.869,0,0,0,0,0,0,0,0,0,0,0,0,0,0,0,0,0,0,0,0,0,Inf,Inf,Inf,0.045,0.045,0.035,0.04,0.630201637749494,0.541950076611932,2.36400635475302e-12,1.27021493722562e-05,1.67812270031119,0.000132833960513031,0.781029835177432,9452.92997359073,867.30640550552,867.121751051017,867.085310319689,2835.87899207722,387.84,320,320
1.87,0,0,0,0,0,0,0,0,0,0,0,0,0,0,0,0,0,0,0,0,0,Inf,Inf,Inf,0.045,0.045,0.035,0.04,0.630198094653051,0.54194903807278,2.36399214188805e-12,1.27021568472801e-05,1.6781224918514,0.000132833952218048,0.781029844890383,9452.87377821832,867.299455670007,867.120089332321,867.078360863924,2835.86213346549,387.84,320,320
1.871,0,0,0,0,0,0,0,0,0,0,0,0,0,0,0,0,0,0,0,0,0,Inf,Inf,Inf,0.045,0.045,0.035,0.04,0.630195861100338,0.541946715547309,2.36398345623119e-12,1.27021623498214e-05,1.67812244224652,0.000132833954649251,0.781029816705048,9452.83956484751,867.302562113773,867.110501450687,867.072065281902,2835.85186945425,387.84,320,320
1.872,0,0,0,0,0,0,0,0,0,0,0,0,0,0,0,0,0,0,0,0,0,Inf,Inf,Inf,0.045,0.045,0.035,0.04,0.630194324790925,0.541943191351991,2.36398005391068e-12,1.27021688945941e-05,1.67812264303475,0.000132833954230762,0.781029821432034,9452.82626803284,867.296925420915,867.110446033844,867.07586967258,2835.84788040985,387.84,320,320
1.873,0,0,0,0,0,0,0,0,0,0,0,0,0,0,0,0,0,0,0,0,0,Inf,Inf,Inf,0.045,0.045,0.035,0.04,0.630191337369484,0.541942357204244,2.36397972798338e-12,1.27019957908037e-05,1.67812253823674,0.000132833954119253,0.781029842693766,9452.77063212176,867.290228884249,867.099904891334,867.069173146261,2835.83118963653,387.84,320,320
1.874,0,0,0,0,0,0,0,0,0,0,0,0,0,0,0,0,0,0,0,0,0,Inf,Inf,Inf,0.045,0.045,0.035,0.04,0.630188183827964,0.541940540302294,2.36397917130364e-12,1.27020005737296e-05,1.67812227179998,0.000132833961385473,0.781029828726169,9452.72959204862,867.292681934007,867.099193494548,867.06267779075,2835.81887761459,387.84,320,320
1.875,0,0,0,0,0,0,0,0,0,0,0,0,0,0,0,0,0,0,0,0,0,Inf,Inf,Inf,0.045,0.045,0.035,0.04,0.630187130413414,0.541937469540225,2.36397524127887e-12,1.27020084706574e-05,1.6781225548665,0.000132833963056129,0.781029808878987,9452.710250491,867.287771084905,867.099191457177,867.066714378021,2835.8130751473,387.84,320,320
1.876,0,0,0,0,0,0,0,0,0,0,0,0,0,0,0,0,0,0,0,0,0,Inf,Inf,Inf,0.045,0.045,0.035,0.04,0.630184706303752,0.541935625504615,2.36396614263323e-12,1.27019063193685e-05,1.67812255335946,0.000132833958602384,0.781029841290264,9452.67296626592,867.281475771734,867.098629113703,867.060418730749,2835.80188987978,387.84,320,320
1.877,0,0,0,0,0,0,0,0,0,0,0,0,0,0,0,0,0,0,0,0,0,Inf,Inf,Inf,0.045,0.045,0.035,0.04,0.630180972687408,0.541934281305158,2.36395208298486e-12,1.2701911367182e-05,1.67812226730921,0.000132833957623085,0.78102983909977,9452.6257236203,867.274940032491,867.088142329595,867.053883691056,2835.78771708609,387.84,320,320
1.878,0,0,0,0,0,0,0,0,0,0,0,0,0,0,0,0,0,0,0,0,0,Inf,Inf,Inf,0.045,0.045,0.035,0.04,0.630179748870984,0.541931692559346,2.36393516230001e-12,1.27019181910018e-05,1.67812241832545,0.000132833961205665,0.781029804358035,9452.59992900426,867.278562739102,867.088040170172,867.048335242226,2835.77997870128,387.84,320,320
1.879,0,0,0,0,0,0,0,0,0,0,0,0,0,0,0,0,0,0,0,0,0,Inf,Inf,Inf,0.045,0.045,0.035,0.04,0.630177870779551,0.541928867150263,2.36391855046784e-12,1.27021518371804e-05,1.67812251459032,0.000132833958863884,0.781029827640177,9452.5814943197,867.272794944255,867.087815693753,867.05170214723,2835.77444829591,387.84,320,320
1.88,0,0,0,0,0,0,0,0,0,0,0,0,0,0,0,0,0,0,0,0,0,Inf,Inf,Inf,0.045,0.045,0.035,0.04,0.630174638991768,0.541927943602187,2.36390527509327e-12,1.2702156936347e-05,1.6781223215184,0.000132833951197229,0.781029836689242,9452.52899059222,867.266379192324,867.086337965173,867.045286745163,2835.75869717767,387.84,320,320
1.881,0,0,0,0,0,0,0,0,0,0,0,0,0,0,0,0,0,0,0,0,0,Inf,Inf,Inf,0.045,0.045,0.035,0.04,0.630172461418225,0.541925843304927,2.36389708337966e-12,1.27021641199869e-05,1.67812224074802,0.000132833952448148,0.78102980966697,9452.49670762041,867.269163576304,867.077410293416,867.039442396993,2835.74901228612,387.84,320,320
1.882,0,0,0,0,0,0,0,0,0,0,0,0,0,0,0,0,0,0,0,0,0,Inf,Inf,Inf,0.045,0.045,0.035,0.04,0.630171088896755,0.541922629027606,2.36389380615547e-12,1.27021703174043e-05,1.6781224246316,0.000132833951947763,0.781029816282877,9452.48388408702,867.264022573068,867.077371452913,867.042969261193,2835.74516522611,387.84,320,320
1.883,0,0,0,0,0,0,0,0,0,0,0,0,0,0,0,0,0,0,0,0,0,Inf,Inf,Inf,0.045,0.045,0.035,0.04,0.630168384933558,0.541921768801683,2.36389345519823e-12,1.27019906966311e-05,1.67812232815253,0.000132833950647372,0.781029835119257,9452.43424867595,867.257877532888,867.067710094464,867.036824231894,2835.73027460278,387.84,320,320
1.884,0,0,0,0,0,0,0,0,0,0,0,0,0,0,0,0,0,0,0,0,0,Inf,Inf,Inf,0.045,0.045,0.035,0.04,0.630165378943708,0.541920141769381,2.3638930042556e-12,1.27019955691272e-05,1.67812205012943,0.000132833957351427,0.781029823712523,9452.39580412962,867.260041266775,867.067014625368,867.030829764341,2835.71874123888,387.84,320,320
1.885,0,0,0,0,0,0,0,0,0,0,0,0,0,0,0,0,0,0,0,0,0,Inf,Inf,Inf,0.045,0.045,0.035,0.04,0.630164451328444,0.541917361759974,2.36388954708103e-12,1.27019999342238e-05,1.67812230750038,0.000132833958967361,0.781029798118648,9452.37738548846,867.25559539606,867.067010848013,867.034541171193,2835.71321564654,387.84,320,320
1.886,0,0,0,0,0,0,0,0,0,0,0,0,0,0,0,0,0,0,0,0,0,Inf,Inf,Inf,0.045,0.045,0.035,0.04,0.630162276906501,0.541915566690463,2.36388138916216e-12,1.27019049018985e-05,1.6781223061241,0.00013283395466017,0.781029828116785,9452.34493677672,867.249855991336,867.066534806755,867.028801460713,2835.70348103302,387.84,320,320
1.887,0,0,0,0,0,0,0,0,0,0,0,0,0,0,0,0,0,0,0,0,0,Inf,Inf,Inf,0.045,0.045,0.035,0.04,0.630158896468162,0.541914377722636,2.36386866301733e-12,1.27019088412748e-05,1.67812204284282,0.000132833955175062,0.781029826064361,9452.3009892533,867.24386156247,867.056893715075,867.022807671996,2835.69029677599,387.84,320,320
1.888,0,0,0,0,0,0,0,0,0,0,0,0,0,0,0,0,0,0,0,0,0,Inf,Inf,Inf,0.045,0.045,0.035,0.04,0.630157653426901,0.54191205402026,2.36385324419828e-12,1.27019156651302e-05,1.67812214603146,0.000132833958468224,0.78102979421481,9452.27667433351,867.247137745148,867.056783744062,867.017685270966,2835.68300230005,387.84,320,320
1.889,0,0,0,0,0,0,0,0,0,0,0,0,0,0,0,0,0,0,0,0,0,Inf,Inf,Inf,0.045,0.045,0.035,0.04,0.630155986927112,0.541909361232263,2.36383801290136e-12,1.27021565662933e-05,1.67812223350587,0.000132833956347418,0.781029811879215,9452.26176435794,867.241916852028,867.056606025556,867.020826622042,2835.67852930738,387.84,320,320
1.89,0,0,0,0,0,0,0,0,0,0,0,0,0,0,0,0,0,0,0,0,0,Inf,Inf,Inf,0.045,0.045,0.035,0.04,0.630153084579803,0.541908557719617,2.36382575180321e-12,1.27021616654729e-05,1.67812205691968,0.000132833949382296,0.781029820272256,9452.21325754831,867.236071426955,867.055320358368,867.014981514637,2835.66397726449,387.84,320,320
1.891,0,0,0,0,0,0,0,0,0,0,0,0,0,0,0,0,0,0,0,0,0,Inf,Inf,Inf,0.045,0.045,0.035,0.04,0.630150976474862,0.541906691329903,2.36381810215938e-12,1.27021651396324e-05,1.67812194723014,0.00013283394818943,0.781029796668916,9452.18309592688,867.238517014085,867.047104462133,867.009621693105,2835.65492877807,387.84,320,320
1.892,0,0,0,0,0,0,0,0,0,0,0,0,0,0,0,0,0,0,0,0,0,Inf,Inf,Inf,0.045,0.045,0.035,0.04,0.630149775098339,0.54190380502383,2.36381496994421e-12,1.27021706422641e-05,1.67812211319717,0.000132833947839085,0.781029798983236,9452.1708244663,867.233900575255,867.047082349709,867.012849882256,2835.65124733989,387.84,320,320
1.893,0,0,0,0,0,0,0,0,0,0,0,0,0,0,0,0,0,0,0,0,0,Inf,Inf,Inf,0.045,0.045,0.035,0.04,0.63014736939832,0.541902924355085,2.36381459644337e-12,1.27019870354237e-05,1.67812202558113,0.000132833945299591,0.781029815755287,9452.1274412184,867.22834182808,867.038356003031,867.007291145202,2835.63823236552,387.84,320,320
1.894,0,0,0,0,0,0,0,0,0,0,0,0,0,0,0,0,0,0,0,0,0,Inf,Inf,Inf,0.045,0.045,0.035,0.04,0.630144530188367,0.541901496122989,2.36381425315777e-12,1.27019938604221e-05,1.6781217382846,0.000132833951313246,0.781029805534095,9452.09181686477,867.230204778378,867.037680717956,867.001831798174,2835.62754505943,387.84,320,320
1.895,0,0,0,0,0,0,0,0,0,0,0,0,0,0,0,0,0,0,0,0,0,Inf,Inf,Inf,0.045,0.045,0.035,0.04,0.630143733115451,0.541899022322721,2.36381128666341e-12,1.27019967655361e-05,1.67812196867261,0.000132833952602008,0.781029778316815,9452.07443185684,867.226248604264,867.037675238184,867.005197029838,2835.62232955705,387.84,320,320
1.896,0,0,0,0,0,0,0,0,0,0,0,0,0,0,0,0,0,0,0,0,0,Inf,Inf,Inf,0.045,0.045,0.035,0.04,0.630141819949881,0.541897287444007,2.36380411313244e-12,1.27019031509051e-05,1.67812196743328,0.000132833948938093,0.781029805616825,9452.04697222444,867.221097312104,867.037287828109,867.000045462481,2835.61409166733,387.84,320,320
1.897,0,0,0,0,0,0,0,0,0,0,0,0,0,0,0,0,0,0,0,0,0,Inf,Inf,Inf,0.045,0.045,0.035,0.04,0.630138811005297,0.541896259993547,2.36379278977862e-12,1.27019062022867e-05,1.67812172824482,0.000132833950504541,0.781029803741499,9452.00657064427,867.215678126171,867.028547000358,866.994626854654,2835.60197119328,387.84,320,320
1.898,0,0,0,0,0,0,0,0,0,0,0,0,0,0,0,0,0,0,0,0,0,Inf,Inf,Inf,0.045,0.045,0.035,0.04,0.630137556574057,0.541894213918442,2.36377895772142e-12,1.27019108628095e-05,1.67812178269425,0.000132833953440046,0.781029775373232,9451.98387676927,867.218589811778,867.028430015278,866.989959808143,2835.59516303078,387.84,320,320
1.899,0,0,0,0,0,0,0,0,0,0,0,0,0,0,0,0,0,0,0,0,0,Inf,Inf,Inf,0.045,0.045,0.035,0.04,0.630136110379591,0.541891669916279,2.36376519162335e-12,1.27021592111654e-05,1.67812186094383,0.000132833951592474,0.781029789705586,9451.97256594954,867.213944473127,867.028299740914,866.992856972903,2835.59176978486,387.84,320,320
1.9,0,0,0,0,0,0,0,0,0,0,0,0,0,0,0,0,0,0,0,0,0,Inf,Inf,Inf,0.045,0.045,0.035,0.04,0.630133553015072,0.541890990460743,2.36375401365446e-12,1.27021659914049e-05,1.67812170179099,0.000132833945213256,0.78102979684973,9451.92832711777,867.208701783419,867.027212570034,866.987614570165,2835.57849813533,387.84,320,320
1.901,0,0,0,0,0,0,0,0,0,0,0,0,0,0,0,0,0,0,0,0,0,Inf,Inf,Inf,0.045,0.045,0.035,0.04,0.630131526544871,0.541889367761952,2.36374694965063e-12,1.27021704518078e-05,1.67812156284705,0.00013283394303249,0.781029778031111,9451.90045760608,867.210795477068,867.019755634846,866.982769293858,2835.57013728182,387.84,320,320
1.902,0,0,0,0,0,0,0,0,0,0,0,0,0,0,0,0,0,0,0,0,0,Inf,Inf,Inf,0.045,0.045,0.035,0.04,0.630130502586775,0.541886824873054,2.36374398077963e-12,1.27021735785864e-05,1.67812170989048,0.000132833942606966,0.781029768541405,9451.88880942962,867.206728307537,867.019750228997,866.985680394782,2835.56664282889,387.84,320,320
1.903,0,0,0,0,0,0,0,0,0,0,0,0,0,0,0,0,0,0,0,0,0,Inf,Inf,Inf,0.045,0.045,0.035,0.04,0.630128408043363,0.541885930312829,2.36374358717033e-12,1.2701981827296e-05,1.67812163163606,0.000132833938427212,0.781029785112396,9451.85190267961,867.201785989789,867.012005530174,866.980738081163,2835.55557080388,387.84,320,320
1.904,0,0,0,0,0,0,0,0,0,0,0,0,0,0,0,0,0,0,0,0,0,Inf,Inf,Inf,0.045,0.045,0.035,0.04,0.630125752113365,0.541884708204286,2.36374335298832e-12,1.27019868938239e-05,1.67812134873742,0.000132833943722242,0.781029775063059,9451.81929847927,867.196890877043,867.011354520891,866.975843757194,2835.54578954378,387.84,320,320
1.905,0,0,0,0,0,0,0,0,0,0,0,0,0,0,0,0,0,0,0,0,0,Inf,Inf,Inf,0.045,0.045,0.035,0.04,0.630125089731583,0.541882553653462,2.363740892398e-12,1.27019899332603e-05,1.6781215384365,0.000132833944958245,0.78102975129371,9451.80304672613,867.199894617602,867.011347386494,866.978845843803,2835.54091401784,387.84,320,320
1.906,0,0,0,0,0,0,0,0,0,0,0,0,0,0,0,0,0,0,0,0,0,Inf,Inf,Inf,0.045,0.045,0.035,0.04,0.630123448068818,0.541880889138703,2.36373474135324e-12,1.27018970734177e-05,1.67812153734122,0.000132833941641889,0.781029775088671,9451.78071979957,867.195359022695,867.011050376334,866.974310006623,2835.53421593987,387.84,320,320
1.907,0,0,0,0,0,0,0,0,0,0,0,0,0,0,0,0,0,0,0,0,0,Inf,Inf,Inf,0.045,0.045,0.035,0.04,0.63012082697104,0.541880028448178,2.36372488193282e-12,1.27018985156646e-05,1.67812132370892,0.000132833943752359,0.781029773433606,9451.74409187516,867.190544441439,867.003256105027,866.969495938883,2835.52322756255,387.84,320,320
1.908,0,0,0,0,0,0,0,0,0,0,0,0,0,0,0,0,0,0,0,0,0,Inf,Inf,Inf,0.045,0.045,0.035,0.04,0.630119568216901,0.54187827077148,2.36371271222545e-12,1.27019017339633e-05,1.67812133006807,0.000132833946300528,0.781029748403833,9451.72314986983,867.193076593619,867.003132851261,866.965309816131,2835.51694496095,387.84,320,320
1.909,0,0,0,0,0,0,0,0,0,0,0,0,0,0,0,0,0,0,0,0,0,Inf,Inf,Inf,0.045,0.045,0.035,0.04,0.630118349902995,0.541875889273036,2.36370048742284e-12,1.27021577432648e-05,1.67812139864398,0.000132833944560472,0.781029758794848,9451.71549487581,867.189031677134,867.003050553927,866.967947057028,2835.51464846274,387.84,320,320
1.91,0,0,0,0,0,0,0,0,0,0,0,0,0,0,0,0,0,0,0,0,0,Inf,Inf,Inf,0.045,0.045,0.035,0.04,0.63011615118981,0.541875337322081,2.36369045523994e-12,1.27021638286677e-05,1.67812125788986,0.000132833938992508,0.781029764602261,9451.67577359247,867.184420144149,867.002167395505,866.963335778743,2835.50273207774,387.84,320,320
1.911,0,0,0,0,0,0,0,0,0,0,0,0,0,0,0,0,0,0,0,0,0,Inf,Inf,Inf,0.045,0.045,0.035,0.04,0.630114218736133,0.541873966846117,2.36368401731324e-12,1.27021662606253e-05,1.67812109185456,0.000132833935910798,0.781029749232068,9451.65035702252,867.186149783253,866.995511084636,866.959031636535,2835.49510710676,387.84,320,320
1.912,0,0,0,0,0,0,0,0,0,0,0,0,0,0,0,0,0,0,0,0,0,Inf,Inf,Inf,0.045,0.045,0.035,0.04,0.630113377271332,0.541871780980701,2.36368122950359e-12,1.27021690400087e-05,1.6781212192513,0.00013283393563824,0.781029730331669,9451.63940252015,867.182653645169,866.9955223262,866.961608649416,2835.49182075605,387.84,320,320
1.913,0,0,0,0,0,0,0,0,0,0,0,0,0,0,0,0,0,0,0,0,0,Inf,Inf,Inf,0.045,0.045,0.035,0.04,0.630111604672599,0.541870878305271,2.36368081850476e-12,1.27019787956039e-05,1.67812115071717,0.000132833931325549,0.781029747003906,9451.60914067498,867.178354547663,866.995032932423,866.95730954942,2835.48274220249,387.84,320,320
1.914,0,0,0,0,0,0,0,0,0,0,0,0,0,0,0,0,0,0,0,0,0,Inf,Inf,Inf,0.045,0.045,0.035,0.04,0.630109148792691,0.541869868597281,2.3636806939704e-12,1.27019820439673e-05,1.67812090020793,0.000132833935487959,0.781029737719669,9451.57974154803,867.174051431884,866.988178915116,866.953007125102,2835.47392246441,387.84,320,320
1.915,0,0,0,0,0,0,0,0,0,0,0,0,0,0,0,0,0,0,0,0,0,Inf,Inf,Inf,0.045,0.045,0.035,0.04,0.630108624125092,0.541868044630009,2.36367875065268e-12,1.27019832055536e-05,1.67812102296719,0.000132833936527876,0.781029716810938,9451.56471857853,867.176675668096,866.988170184446,866.955629827859,2835.46941557356,387.84,320,320
1.916,0,0,0,0,0,0,0,0,0,0,0,0,0,0,0,0,0,0,0,0,0,Inf,Inf,Inf,0.045,0.045,0.035,0.04,0.630107262049191,0.541866460716038,2.36367365262989e-12,1.27018836714868e-05,1.67812102202038,0.000132833933618149,0.781029736536041,9451.54761274527,867.172780006211,866.987964758707,866.95173395885,2835.46428382358,387.84,320,320
1.917,0,0,0,0,0,0,0,0,0,0,0,0,0,0,0,0,0,0,0,0,0,Inf,Inf,Inf,0.045,0.045,0.035,0.04,0.630105042121223,0.541865770940714,2.36366530758155e-12,1.27018858348626e-05,1.67812083497672,0.00013283393588909,0.781029735103203,9451.51495995005,867.168596118481,866.981159275322,866.947550517297,2835.45448798502,387.84,320,320
1.918,0,0,0,0,0,0,0,0,0,0,0,0,0,0,0,0,0,0,0,0,0,Inf,Inf,Inf,0.045,0.045,0.035,0.04,0.630103786827265,0.541864310546535,2.3636548636647e-12,1.27018883320515e-05,1.67812079303166,0.000132833938245007,0.781029712748993,9451.49588799412,867.170735667991,866.981030619552,866.943868362351,2835.44876639823,387.84,320,320
1.919,0,0,0,0,0,0,0,0,0,0,0,0,0,0,0,0,0,0,0,0,0,Inf,Inf,Inf,0.045,0.045,0.035,0.04,0.630102802201519,0.541862170298238,2.36364424487704e-12,1.27018904419302e-05,1.67812085157563,0.000132833936667358,0.781029716320159,9451.48905929729,867.167312103696,866.980996386817,866.94623049534,2835.44671778919,387.84,320,320
1.92,0,0,0,0,0,0,0,0,0,0,0,0,0,0,0,0,0,0,0,0,0,Inf,Inf,Inf,0.045,0.045,0.035,0.04,0.630100973090415,0.541861683463416,2.3636354124513e-12,1.27021538435746e-05,1.67812072993342,0.000132833931775714,0.781029721519281,9451.456926484,867.163355997848,866.980321091224,866.942274606238,2835.4370779452,387.84,320,320
1.921,0,0,0,0,0,0,0,0,0,0,0,0,0,0,0,0,0,0,0,0,0,Inf,Inf,Inf,0.045,0.045,0.035,0.04,0.630099145507611,0.541860571778161,2.36362963598014e-12,1.27021565668932e-05,1.67812053654205,0.000132833926649855,0.781029707701212,9451.43410152401,867.164713076699,866.974502209105,866.938534610758,2835.4302304572,387.84,320,320
1.922,0,0,0,0,0,0,0,0,0,0,0,0,0,0,0,0,0,0,0,0,0,Inf,Inf,Inf,0.045,0.045,0.035,0.04,0.630098490490416,0.54185875381249,2.36362704514063e-12,1.27021610273395e-05,1.67812064364467,0.000132833926416419,0.781029688616641,9451.42390260607,867.161805365897,866.974529871943,866.940763402638,2835.42717078182,387.84,320,320
1.923,0,0,0,0,0,0,0,0,0,0,0,0,0,0,0,0,0,0,0,0,0,Inf,Inf,Inf,0.045,0.045,0.035,0.04,0.63009704861792,0.541857849602197,2.36362661938065e-12,1.27019701155067e-05,1.67812058519403,0.000132833922711981,0.78102970321472,9451.40042556686,867.158171368647,866.974186882976,866.93712940173,2835.42012767006,387.84,320,320
1.924,0,0,0,0,0,0,0,0,0,0,0,0,0,0,0,0,0,0,0,0,0,Inf,Inf,Inf,0.045,0.045,0.035,0.04,0.630094890277905,0.541857056916344,2.36362660456663e-12,1.27019697722971e-05,1.67812036855146,0.000132833926356567,0.781029695626375,9451.37438991971,867.154482546284,866.968276008674,866.933441173146,2835.41231697591,387.84,320,320
1.925,0,0,0,0,0,0,0,0,0,0,0,0,0,0,0,0,0,0,0,0,0,Inf,Inf,Inf,0.045,0.045,0.035,0.04,0.630094422120192,0.541855572351461,2.36362518717628e-12,1.27019746000915e-05,1.67812042340647,0.000132833927313514,0.781029677509305,9451.36067928708,867.156715147112,866.968265749581,866.930379842133,2835.40820378612,387.84,320,320
1.926,0,0,0,0,0,0,0,0,0,0,0,0,0,0,0,0,0,0,0,0,0,Inf,Inf,Inf,0.045,0.045,0.035,0.04,0.630093346307461,0.541854078140442,2.36362116683371e-12,1.27018736484816e-05,1.67812042261327,0.000132833924854347,0.781029689371417,9451.3488716975,867.153478810075,866.96815251903,866.932435844944,2835.40466150925,387.84,320,320
1.927,0,0,0,0,0,0,0,0,0,0,0,0,0,0,0,0,0,0,0,0,0,Inf,Inf,Inf,0.045,0.045,0.035,0.04,0.630091538764518,0.54185356234568,2.36361437791262e-12,1.27018758118617e-05,1.67812026326447,0.000132833925678316,0.781029688146919,9451.32037043736,867.149946883979,866.962369444949,866.928904294664,2835.39611113121,387.84,320,320
1.928,0,0,0,0,0,0,0,0,0,0,0,0,0,0,0,0,0,0,0,0,0,Inf,Inf,Inf,0.045,0.045,0.035,0.04,0.630090293920575,0.541852406204644,2.36360571322586e-12,1.27018774210247e-05,1.67812017415607,0.000132833927476992,0.781029668380865,9451.30327505591,867.151683803872,866.962236196691,866.925745192042,2835.39098251677,387.84,320,320
1.929,0,0,0,0,0,0,0,0,0,0,0,0,0,0,0,0,0,0,0,0,0,Inf,Inf,Inf,0.045,0.045,0.035,0.04,0.630089547573307,0.541850664965025,2.36359675588471e-12,1.27018788097913e-05,1.67812022235281,0.000132833926241691,0.781029664157793,9451.29681598974,867.148898495574,866.96224995406,866.927820005541,2835.38904479692,387.84,320,320
1.93,0,0,0,0,0,0,0,0,0,0,0,0,0,0,0,0,0,0,0,0,0,Inf,Inf,Inf,0.045,0.045,0.035,0.04,0.630088096997296,0.541850098716424,2.36358917037963e-12,1.27021403843472e-05,1.67812012043405,0.000132833922010744,0.781029669265426,9451.27292650241,867.145617815511,866.961785388582,866.92453950008,2835.38187795072,387.84,320,320
1.931,0,0,0,0,0,0,0,0,0,0,0,0,0,0,0,0,0,0,0,0,0,Inf,Inf,Inf,0.045,0.045,0.035,0.04,0.630086385285797,0.541849251042776,2.36358408720569e-12,1.27021427602431e-05,1.67811990248788,0.00013283391639295,0.781029657240492,9451.2528202776,867.146594963098,866.960429087675,866.921382971352,2835.37584608328,387.84,320,320
1.932,0,0,0,0,0,0,0,0,0,0,0,0,0,0,0,0,0,0,0,0,0,Inf,Inf,Inf,0.045,0.045,0.035,0.04,0.630085919414884,0.541847809863961,2.36358170844756e-12,1.27021448448088e-05,1.67811998881053,0.0001328339159795,0.78102964112652,9451.24343731115,867.1442898938,866.956878628023,866.92325106521,2835.37303119335,387.84,320,320
1.933,0,0,0,0,0,0,0,0,0,0,0,0,0,0,0,0,0,0,0,0,0,Inf,Inf,Inf,0.045,0.045,0.035,0.04,0.630084814829106,0.541846909891531,2.36358127080932e-12,1.27019621219275e-05,1.6781199407385,0.000132833912901955,0.781029651769499,9451.22682689084,867.141339240411,866.956683244453,866.920300411721,2835.36804806725,387.84,320,320
1.934,0,0,0,0,0,0,0,0,0,0,0,0,0,0,0,0,0,0,0,0,0,Inf,Inf,Inf,0.045,0.045,0.035,0.04,0.630083103971197,0.541846337737467,2.36358136488534e-12,1.27019637461179e-05,1.67811975906946,0.000132833915905327,0.781029645478423,9451.20429600693,867.138283679308,866.951746614277,866.917245341945,2835.36128880208,387.84,320,320
1.935,0,0,0,0,0,0,0,0,0,0,0,0,0,0,0,0,0,0,0,0,0,Inf,Inf,Inf,0.045,0.045,0.035,0.04,0.630082557571744,0.541845199570067,2.36358047812912e-12,1.27019670392649e-05,1.67811974683133,0.000132833916470072,0.781029629428032,9451.19197597739,867.140113490232,866.951734904026,866.914655082126,2835.35759279322,387.84,320,320
1.936,0,0,0,0,0,0,0,0,0,0,0,0,0,0,0,0,0,0,0,0,0,Inf,Inf,Inf,0.045,0.045,0.035,0.04,0.630081772465408,0.541843804060199,2.3635775522921e-12,1.27018672846779e-05,1.67811974619445,0.000132833914629972,0.781029634237317,9451.18548857907,867.137552264893,866.951713895098,866.916512475195,2835.35564657372,387.84,320,320
1.937,0,0,0,0,0,0,0,0,0,0,0,0,0,0,0,0,0,0,0,0,0,Inf,Inf,Inf,0.045,0.045,0.035,0.04,0.630080385370289,0.54184346419819,2.36357235008313e-12,1.2701868726934e-05,1.67811961518525,0.000132833914174956,0.781029633241358,9451.16128660153,867.134690012759,866.94698229532,866.913650527275,2835.34838598046,387.84,320,320
1.938,0,0,0,0,0,0,0,0,0,0,0,0,0,0,0,0,0,0,0,0,0,Inf,Inf,Inf,0.045,0.045,0.035,0.04,0.630079158523322,0.54184261732628,2.3635655053116e-12,1.27018710572308e-05,1.67811947919915,0.000132833915515418,0.78102961679769,9451.14626013493,867.136016363882,866.946845368103,866.911030779766,2835.34387804048,387.84,320,320
1.939,0,0,0,0,0,0,0,0,0,0,0,0,0,0,0,0,0,0,0,0,0,Inf,Inf,Inf,0.045,0.045,0.035,0.04,0.630078653248792,0.541841283092696,2.36355825283236e-12,1.27018715579695e-05,1.6781195168688,0.000132833914586486,0.78102960662693,9451.14020828988,867.133882104051,866.946906609759,866.912806815408,2835.34206248696,387.84,320,320
1.94,0,0,0,0,0,0,0,0,0,0,0,0,0,0,0,0,0,0,0,0,0,Inf,Inf,Inf,0.045,0.045,0.035,0.04,0.630077587352454,0.541840641636049,2.36355195217662e-12,1.27021339406909e-05,1.6781194350755,0.000132833911293822,0.781029611164343,9451.12465681655,867.131292487555,866.946653976002,866.910217333457,2835.33739704497,387.84,320,320
1.941,0,0,0,0,0,0,0,0,0,0,0,0,0,0,0,0,0,0,0,0,0,Inf,Inf,Inf,0.045,0.045,0.035,0.04,0.630076040185901,0.541840061203063,2.36354758870881e-12,1.27021346355494e-05,1.67811924480005,0.000132833906612507,0.78102960241255,9451.10737283053,867.128734412743,866.945725264609,866.907659815859,2835.33221184916,387.84,320,320
1.942,0,0,0,0,0,0,0,0,0,0,0,0,0,0,0,0,0,0,0,0,0,Inf,Inf,Inf,0.045,0.045,0.035,0.04,0.630075725650908,0.541839002907552,2.36354543515171e-12,1.27021363726966e-05,1.67811925813197,0.000132833903978577,0.781029586497722,9451.09885699395,867.13019330168,866.942656900768,866.905599150962,2835.32965709819,387.84,320,320
1.943,0,0,0,0,0,0,0,0,0,0,0,0,0,0,0,0,0,0,0,0,0,Inf,Inf,Inf,0.045,0.045,0.035,0.04,0.630074962863934,0.541838113621709,2.36354498838845e-12,1.27019556802826e-05,1.67811922071247,0.000132833901678699,0.781029590464638,9451.08916675724,867.127939186281,866.939186663657,866.906903577404,2835.32675002717,387.84,320,320
1.944,0,0,0,0,0,0,0,0,0,0,0,0,0,0,0,0,0,0,0,0,0,Inf,Inf,Inf,0.045,0.045,0.035,0.04,0.630073707013234,0.541837763839031,2.36354519007264e-12,1.27019573641624e-05,1.67811907492739,0.00013283390359284,0.781029584418701,9451.07025409982,867.125531116067,866.938669736326,866.904495889522,2835.32107622994,387.84,320,320
1.945,0,0,0,0,0,0,0,0,0,0,0,0,0,0,0,0,0,0,0,0,0,Inf,Inf,Inf,0.045,0.045,0.035,0.04,0.630073086390384,0.541836976501134,2.36354483592228e-12,1.27019588988256e-05,1.67811899536432,0.000132833904202157,0.78102956797979,9451.05939022753,867.126951078459,866.938656660623,866.902389231415,2835.31781706826,387.84,320,320
1.946,0,0,0,0,0,0,0,0,0,0,0,0,0,0,0,0,0,0,0,0,0,Inf,Inf,Inf,0.045,0.045,0.035,0.04,0.630072594985756,0.54183580428358,2.36354301539593e-12,1.27019584660979e-05,1.67811899488689,0.000132833902724383,0.78102957213333,9451.05579750669,867.125075782883,866.938727328982,866.90403924052,2835.31673925201,387.84,320,320
1.947,0,0,0,0,0,0,0,0,0,0,0,0,0,0,0,0,0,0,0,0,0,Inf,Inf,Inf,0.045,0.045,0.035,0.04,0.6300716342142,0.541835524416184,2.36353942151068e-12,1.27018662427052e-05,1.67811889296313,0.000132833902178995,0.781029571415782,9451.0384516284,867.122895949027,866.935067482351,866.901859638831,2835.31153548852,387.84,320,320
1.948,0,0,0,0,0,0,0,0,0,0,0,0,0,0,0,0,0,0,0,0,0,Inf,Inf,Inf,0.045,0.045,0.035,0.04,0.630070432108488,0.541834989864139,2.36353442693636e-12,1.27018667434507e-05,1.67811871184182,0.000132833903169437,0.781029558953464,9451.02557397226,867.123806907132,866.934927727029,866.899791451557,2835.30767219168,387.84,320,320
1.949,0,0,0,0,0,0,0,0,0,0,0,0,0,0,0,0,0,0,0,0,0,Inf,Inf,Inf,0.045,0.045,0.035,0.04,0.630070169443412,0.541834068032116,2.3635289130094e-12,1.2701868352625e-05,1.67811873881141,0.000132833902469678,0.781029544427601,9451.0199647788,867.122332326618,866.935035783089,866.901260305531,2835.30598943364,387.84,320,320
1.95,0,0,0,0,0,0,0,0,0,0,0,0,0,0,0,0,0,0,0,0,0,Inf,Inf,Inf,0.045,0.045,0.035,0.04,0.630069492274725,0.541833354981923,2.363523927939e-12,1.27021291220157e-05,1.67811867757545,0.000132833899900755,0.78102954759808,9451.0128026863,867.120444973637,866.93499526922,866.899373050818,2835.30384080589,387.84,320,320
1.951,0,0,0,0,0,0,0,0,0,0,0,0,0,0,0,0,0,0,0,0,0,Inf,Inf,Inf,0.045,0.045,0.035,0.04,0.630068425087626,0.54183304362198,2.36352030677613e-12,1.27021298168771e-05,1.6781185289482,0.000132833896168787,0.781029541961886,9450.99843179527,867.11849771826,866.93449707921,866.897426221078,2835.29952953858,387.84,320,320
1.952,0,0,0,0,0,0,0,0,0,0,0,0,0,0,0,0,0,0,0,0,0,Inf,Inf,Inf,0.045,0.045,0.035,0.04,0.630067956109066,0.541832372232176,2.36351839059798e-12,1.27021308591695e-05,1.67811845799228,0.000132833892127653,0.781029531848671,9450.99083214017,867.119578486834,866.933422845161,866.895785465266,2835.29724964205,387.84,320,320
1.953,0,0,0,0,0,0,0,0,0,0,0,0,0,0,0,0,0,0,0,0,0,Inf,Inf,Inf,0.045,0.045,0.035,0.04,0.630067537350359,0.541831499230796,2.36351793768351e-12,1.2701945751537e-05,1.67811843134937,0.00013283388898703,0.781029521238094,9450.98805663679,867.118030283564,866.931874586401,866.896997949446,2835.29641699104,387.84,320,320
1.954,0,0,0,0,0,0,0,0,0,0,0,0,0,0,0,0,0,0,0,0,0,Inf,Inf,Inf,0.045,0.045,0.035,0.04,0.630066740994773,0.541831372517445,2.36351824481099e-12,1.2701947420497e-05,1.67811832187414,0.000132833890297304,0.781029515662713,9450.97285694785,867.116280403372,866.929102223465,866.895248342049,2835.29185708436,387.84,320,320
1.955,0,0,0,0,0,0,0,0,0,0,0,0,0,0,0,0,0,0,0,0,0,Inf,Inf,Inf,0.045,0.045,0.035,0.04,0.630066051950234,0.541830938555893,2.36351842128613e-12,1.27019489103993e-05,1.67811817697048,0.000132833890584239,0.781029501901498,9450.96350852046,867.11728460525,866.929087876116,866.893635262623,2835.28905255614,387.84,320,320
1.956,0,0,0,0,0,0,0,0,0,0,0,0,0,0,0,0,0,0,0,0,0,Inf,Inf,Inf,0.045,0.045,0.035,0.04,0.630065854986135,0.541830199525565,2.36351770895268e-12,1.27019502660091e-05,1.6781181766534,0.000132833889622967,0.781029503590924,9450.96005486231,867.116102310771,866.929249106922,866.895069068853,2835.28801645869,387.84,320,320
1.957,0,0,0,0,0,0,0,0,0,0,0,0,0,0,0,0,0,0,0,0,0,Inf,Inf,Inf,0.045,0.045,0.035,0.04,0.63006532320904,0.54182977706598,2.36351573363209e-12,1.27018653077113e-05,1.6781181041374,0.000132833888905285,0.781029503171526,9450.95236713513,867.114613919049,866.92667638951,866.893580836902,2835.28571014054,387.84,320,320
1.958,0,0,0,0,0,0,0,0,0,0,0,0,0,0,0,0,0,0,0,0,0,Inf,Inf,Inf,0.045,0.045,0.035,0.04,0.630064487528048,0.54182955591111,2.36351260648718e-12,1.27018654746282e-05,1.6781179620029,0.000132833889383723,0.781029494580791,9450.94170288221,867.113106135664,866.926534744522,866.892073470259,2835.28251086466,387.84,320,320
1.959,0,0,0,0,0,0,0,0,0,0,0,0,0,0,0,0,0,0,0,0,0,Inf,Inf,Inf,0.045,0.045,0.035,0.04,0.630064132682932,0.54182904926464,2.36350885244427e-12,1.27018667499712e-05,1.67811789505497,0.000132833888873417,0.781029479468719,9450.93656800999,867.114296371522,866.926688533815,866.890833619116,2835.280970403,387.84,320,320
1.96,0,0,0,0,0,0,0,0,0,0,0,0,0,0,0,0,0,0,0,0,0,Inf,Inf,Inf,0.045,0.045,0.035,0.04,0.630063845492777,0.541828312848562,2.36350520413173e-12,1.27018663626751e-05,1.67811785461071,0.000132833887161613,0.781029476410212,9450.93609403645,867.113118025629,866.926858695507,866.892049382879,2835.28082821094,387.84,320,320
1.961,0,0,0,0,0,0,0,0,0,0,0,0,0,0,0,0,0,0,0,0,0,Inf,Inf,Inf,0.045,0.045,0.035,0.04,0.630063261300599,0.541828227213403,2.36350234217878e-12,1.27021188567111e-05,1.67811774814237,0.000132833884366484,0.781029471936328,9450.92639354801,867.111789380352,866.926790793853,866.890721025959,2835.2779180644,387.84,320,320
1.962,0,0,0,0,0,0,0,0,0,0,0,0,0,0,0,0,0,0,0,0,0,Inf,Inf,Inf,0.045,0.045,0.035,0.04,0.630062641541304,0.541827943956295,2.3635006734114e-12,1.2702119204143e-05,1.6781175925532,0.000132833881224884,0.781029463574032,9450.91974933056,867.112487278374,866.926337574719,866.889507431854,2835.27592479917,387.84,320,320
1.963,0,0,0,0,0,0,0,0,0,0,0,0,0,0,0,0,0,0,0,0,0,Inf,Inf,Inf,0.045,0.045,0.035,0.04,0.630062567000148,0.541827420189183,2.36350021714795e-12,1.27021195515749e-05,1.67811757677359,0.000132833878065934,0.781029447935517,9450.91791043378,867.111649272005,866.925499542955,866.890620245697,2835.27537313013,387.84,320,320
1.964,0,0,0,0,0,0,0,0,0,0,0,0,0,0,0,0,0,0,0,0,0,Inf,Inf,Inf,0.045,0.045,0.035,0.04,0.630062231874628,0.541827188810021,2.36350062713743e-12,1.27019396531497e-05,1.67811750409219,0.000132833875663629,0.781029444389902,9450.91243520015,867.110563486086,866.924414045799,866.889534628096,2835.27373056004,387.84,320,320
1.965,0,0,0,0,0,0,0,0,0,0,0,0,0,0,0,0,0,0,0,0,0,Inf,Inf,Inf,0.045,0.045,0.035,0.04,0.630061653328469,0.541827108217028,2.36350132957945e-12,1.27019431701296e-05,1.67811737482191,0.000132833875625189,0.781029436290026,9450.90464834114,867.10944988479,866.923063099084,866.888421407555,2835.27139450234,387.84,320,320
1.966,0,0,0,0,0,0,0,0,0,0,0,0,0,0,0,0,0,0,0,0,0,Inf,Inf,Inf,0.045,0.045,0.035,0.04,0.630061576028735,0.541826803680975,2.36350172232961e-12,1.27019411579769e-05,1.67811729450072,0.000132833874879704,0.781029434709123,9450.90135371102,867.110662880261,866.923313222138,866.887507252294,2835.27040611331,387.84,320,320
1.967,0,0,0,0,0,0,0,0,0,0,0,0,0,0,0,0,0,0,0,0,0,Inf,Inf,Inf,0.045,0.045,0.035,0.04,0.63006147371912,0.541826308185115,2.36350136680686e-12,1.27019410087636e-05,1.67811725178175,0.000132833874360892,0.781029428308895,9450.90205171163,867.109869950901,866.921834204286,866.888840126443,2835.27061551349,387.84,320,320
1.968,0,0,0,0,0,0,0,0,0,0,0,0,0,0,0,0,0,0,0,0,0,Inf,Inf,Inf,0.045,0.045,0.035,0.04,0.630061133851911,0.541826333647147,2.36350011381163e-12,1.27018597655816e-05,1.67811715546691,0.000132833874526755,0.781029423260952,9450.89491280496,867.108928257313,866.921691539144,866.887898692809,2835.26847384149,387.84,320,320
1.969,0,0,0,0,0,0,0,0,0,0,0,0,0,0,0,0,0,0,0,0,0,Inf,Inf,Inf,0.045,0.045,0.035,0.04,0.630060601772425,0.541826242350193,2.36349813109059e-12,1.27018592113689e-05,1.67811701152848,0.000132833874208958,0.781029412319898,9450.89028151372,867.108044053105,866.921889823354,866.88701493116,2835.26708445412,387.84,320,320
1.97,0,0,0,0,0,0,0,0,0,0,0,0,0,0,0,0,0,0,0,0,0,Inf,Inf,Inf,0.045,0.045,0.035,0.04,0.630060664165872,0.541825950442929,2.36349583332004e-12,1.27018592113689e-05,1.67811697047125,0.000132833873313188,0.781029400310995,9450.8897699608,867.109332082066,866.92226820899,866.886378439671,2835.26693098824,387.84,320,320
1.971,0,0,0,0,0,0,0,0,0,0,0,0,0,0,0,0,0,0,0,0,0,Inf,Inf,Inf,0.045,0.045,0.035,0.04,0.630060563318398,0.541825625544772,2.36349374349711e-12,1.27021074368819e-05,1.67811690648305,0.00013283387156702,0.781029393074927,9450.89146435636,867.108625894239,866.922628116514,866.887560702145,2835.26743930691,387.84,320,320
1.972,0,0,0,0,0,0,0,0,0,0,0,0,0,0,0,0,0,0,0,0,0,Inf,Inf,Inf,0.045,0.045,0.035,0.04,0.630060248113332,0.541825729548891,2.3634923311193e-12,1.27021091179191e-05,1.6781167920478,0.0001328338689009,0.781029387824304,9450.8858122528,867.107843652979,866.922794517981,866.88677878728,2835.26574367584,387.84,320,320
1.973,0,0,0,0,0,0,0,0,0,0,0,0,0,0,0,0,0,0,0,0,0,Inf,Inf,Inf,0.045,0.045,0.035,0.04,0.630060065444485,0.541825649923843,2.36349187449658e-12,1.27021070894498e-05,1.67811666418206,0.000132833865702068,0.781029382231845,9450.88396066419,867.108810655567,866.922667114061,866.886113429195,2835.26518819926,387.84,320,320
1.974,0,0,0,0,0,0,0,0,0,0,0,0,0,0,0,0,0,0,0,0,0,Inf,Inf,Inf,0.045,0.045,0.035,0.04,0.630060190227888,0.54182538787543,2.3634923839176e-12,1.27021077843141e-05,1.67811662853136,0.000132833862617818,0.781029370259703,9450.88593692944,867.108391257255,866.922247835234,866.887365624841,2835.26578107883,387.84,320,320
1.975,0,0,0,0,0,0,0,0,0,0,0,0,0,0,0,0,0,0,0,0,0,Inf,Inf,Inf,0.045,0.045,0.035,0.04,0.63006010830209,0.541825493055425,2.36349360379315e-12,1.27019299504983e-05,1.67811654634134,0.000132833860178098,0.781029366030534,9450.88292786226,867.107781316032,866.921638270176,866.886755891464,2835.26487835868,387.84,320,320
1.976,0,0,0,0,0,0,0,0,0,0,0,0,0,0,0,0,0,0,0,0,0,Inf,Inf,Inf,0.045,0.045,0.035,0.04,0.630059826579234,0.541825621961169,2.36349509068059e-12,1.27019282218508e-05,1.6781164154031,0.000132833859211953,0.781029363569974,9450.87981256246,867.107151025268,866.920931213297,866.886125984062,2835.26394376874,387.84,320,320
1.977,0,0,0,0,0,0,0,0,0,0,0,0,0,0,0,0,0,0,0,0,0,Inf,Inf,Inf,0.045,0.045,0.035,0.04,0.630060092596315,0.541825561214944,2.36349634487251e-12,1.27019299952622e-05,1.67811634403361,0.000132833858807781,0.781029356847352,9450.88061187215,867.108668644607,866.92150922079,866.885664282176,2835.26418356165,387.84,320,320
1.978,0,0,0,0,0,0,0,0,0,0,0,0,0,0,0,0,0,0,0,0,0,Inf,Inf,Inf,0.045,0.045,0.035,0.04,0.630060246815268,0.541825327890653,2.36349695969125e-12,1.27019281174016e-05,1.67811629353864,0.000132833857575198,0.7810293457535,9450.88508629977,867.10829513568,866.920404681203,866.887268681327,2835.26552588993,387.84,320,320
1.979,0,0,0,0,0,0,0,0,0,0,0,0,0,0,0,0,0,0,0,0,0,Inf,Inf,Inf,0.045,0.045,0.035,0.04,0.630060181948933,0.541825648884865,2.36349674729638e-12,1.27018517262287e-05,1.6781161920338,0.000132833857491574,0.781029340436543,9450.88111911168,867.107770403382,866.920645837998,866.886744211836,2835.2643357335,387.84,320,320
1.98,0,0,0,0,0,0,0,0,0,0,0,0,0,0,0,0,0,0,0,0,0,Inf,Inf,Inf,0.045,0.045,0.035,0.04,0.630059950911336,0.541825800112663,2.36349580416347e-12,1.27018517262287e-05,1.67811604149972,0.000132833857167087,0.781029333641329,9450.88057342977,867.107282374351,866.921228426917,866.886256624717,2835.26417202893,387.84,320,320
1.981,0,0,0,0,0,0,0,0,0,0,0,0,0,0,0,0,0,0,0,0,0,Inf,Inf,Inf,0.045,0.045,0.035,0.04,0.630060330368573,0.541825747775693,2.36349449356337e-12,1.27018522804413e-05,1.67811601070675,0.000132833856315083,0.781029325236833,9450.88419007458,867.109001507357,866.922010584491,866.886000770826,2835.26525702237,387.84,320,320
1.982,0,0,0,0,0,0,0,0,0,0,0,0,0,0,0,0,0,0,0,0,0,Inf,Inf,Inf,0.045,0.045,0.035,0.04,0.630060501113831,0.541825727232511,2.36349334430662e-12,1.27020972945352e-05,1.67811594230587,0.000132833854374505,0.781029311921762,9450.88893988092,867.108652926945,866.922790830848,866.887591047115,2835.26668196428,387.84,320,320
1.983,0,0,0,0,0,0,0,0,0,0,0,0,0,0,0,0,0,0,0,0,0,Inf,Inf,Inf,0.045,0.045,0.035,0.04,0.630060433539345,0.541826088869568,2.36349289010492e-12,1.27020986281403e-05,1.6781158169678,0.000132833851771262,0.781029317505133,9450.8870867259,867.10820180856,866.92336944684,866.887140264159,2835.26612601777,387.84,320,320
1.984,0,0,0,0,0,0,0,0,0,0,0,0,0,0,0,0,0,0,0,0,0,Inf,Inf,Inf,0.045,0.045,0.035,0.04,0.630060610960557,0.541826241677946,2.36349349515964e-12,1.27020982807083e-05,1.6781157001262,0.000132833848030942,0.78102931032788,9450.88944786216,867.109751164633,866.923613938056,866.886804133698,2835.26683435865,387.84,320,320
1.985,0,0,0,0,0,0,0,0,0,0,0,0,0,0,0,0,0,0,0,0,0,Inf,Inf,Inf,0.045,0.045,0.035,0.04,0.630061022683075,0.541826175271024,2.36349522139553e-12,1.2702096599671e-05,1.67811566519728,0.000132833844753025,0.781029286264693,9450.89625323295,867.109644834861,866.923507687701,866.886786032002,2835.26887596989,387.84,320,320
1.986,0,0,0,0,0,0,0,0,0,0,0,0,0,0,0,0,0,0,0,0,0,Inf,Inf,Inf,0.045,0.045,0.035,0.04,0.630061177977405,0.541826645902947,2.36349778568172e-12,1.27019120671715e-05,1.6781155718209,0.000132833842982192,0.781029280290574,9450.89528041933,867.109300679675,866.922092402991,866.88827850788,2835.2685841258,387.84,320,320
1.987,0,0,0,0,0,0,0,0,0,0,0,0,0,0,0,0,0,0,0,0,0,Inf,Inf,Inf,0.045,0.045,0.035,0.04,0.630061170174506,0.541827016972916,2.36350063071183e-12,1.27019120671715e-05,1.67811541613549,0.000132833843069328,0.781029279563,9450.89617549107,867.108932701943,866.922941099771,866.88791095433,2835.26885264732,387.84,320,320
1.988,0,0,0,0,0,0,0,0,0,0,0,0,0,0,0,0,0,0,0,0,0,Inf,Inf,Inf,0.045,0.045,0.035,0.04,0.630061814227289,0.541827137337012,2.36350309667704e-12,1.27019138256614e-05,1.67811538018258,0.000132833842671815,0.781029269815668,9450.90200724007,867.111184220369,866.92407062696,866.88776845421,2835.27060217202,387.84,320,320
1.989,0,0,0,0,0,0,0,0,0,0,0,0,0,0,0,0,0,0,0,0,0,Inf,Inf,Inf,0.045,0.045,0.035,0.04,0.630062213888715,0.541827256640687,2.36350464382889e-12,1.27018432395831e-05,1.67811532182137,0.000132833840977521,0.781029264596149,9450.9088793898,867.11101944414,866.925237909114,866.889996172401,2835.27266381694,387.84,320,320
1.99,0,0,0,0,0,0,0,0,0,0,0,0,0,0,0,0,0,0,0,0,0,Inf,Inf,Inf,0.045,0.045,0.035,0.04,0.630062312113808,0.54182784685511,2.36350505207288e-12,1.2701843072666e-05,1.67811519346659,0.00013283384033632,0.78102926210645,9450.90830333076,867.1106822961,866.92371884202,866.88965932979,2835.27249099923,387.84,320,320
1.991,0,0,0,0,0,0,0,0,0,0,0,0,0,0,0,0,0,0,0,0,0,Inf,Inf,Inf,0.045,0.045,0.035,0.04,0.630062546032918,0.541828180903535,2.36350452377223e-12,1.2701844181092e-05,1.67811506597878,0.000132833840243488,0.781029254884281,9450.91271523429,867.112888343338,866.924915502805,866.889421753288,2835.27381457029,387.84,320,320
1.992,0,0,0,0,0,0,0,0,0,0,0,0,0,0,0,0,0,0,0,0,0,Inf,Inf,Inf,0.045,0.045,0.035,0.04,0.630063198341555,0.541828233463725,2.36350364325521e-12,1.27018452895182e-05,1.67811504401008,0.00013283383930316,0.781029238369759,9450.92260955556,867.112972483456,866.926300527298,866.889550333544,2835.27678286667,387.84,320,320
1.993,0,0,0,0,0,0,0,0,0,0,0,0,0,0,0,0,0,0,0,0,0,Inf,Inf,Inf,0.045,0.045,0.035,0.04,0.630063528859842,0.541828718390208,2.36350319440941e-12,1.27020877348088e-05,1.67811494978364,0.00013283383675652,0.781029243195721,9450.92702876713,867.112737379036,866.92757672316,866.891678647793,2835.27810863014,387.84,320,320
1.994,0,0,0,0,0,0,0,0,0,0,0,0,0,0,0,0,0,0,0,0,0,Inf,Inf,Inf,0.045,0.045,0.035,0.04,0.630063534902264,0.541829282280032,2.36350389050185e-12,1.27020870399457e-05,1.67811477798835,0.000132833832966633,0.781029237286709,9450.92975649611,867.112451363057,866.928478943895,866.891393071051,2835.27892694883,387.84,320,320
1.995,0,0,0,0,0,0,0,0,0,0,0,0,0,0,0,0,0,0,0,0,0,Inf,Inf,Inf,0.045,0.045,0.035,0.04,0.630064372939909,0.541829528749679,2.36350610831036e-12,1.27020887209835e-05,1.67811473781316,0.000132833828764629,0.781029210037976,9450.9385298809,867.115004402975,866.928873295067,866.891374106471,2835.28155896427,387.84,320,320
1.996,0,0,0,0,0,0,0,0,0,0,0,0,0,0,0,0,0,0,0,0,0,Inf,Inf,Inf,0.045,0.045,0.035,0.04,0.630064961039844,0.541829853107327,2.36350972567559e-12,1.27019035582285e-05,1.6781146820377,0.000132833825491039,0.781029196694251,9450.94741146801,867.11494667349,866.929392289512,866.893927348738,2835.2842234404,387.84,320,320
1.997,0,0,0,0,0,0,0,0,0,0,0,0,0,0,0,0,0,0,0,0,0,Inf,Inf,Inf,0.045,0.045,0.035,0.04,0.630065169050328,0.541830650736298,2.3635141316578e-12,1.27019018892672e-05,1.67811453912769,0.000132833826107458,0.781029205863982,9450.94839584411,867.114674700708,866.927876062318,866.893655691364,2835.28451875323,387.84,320,320
1.998,0,0,0,0,0,0,0,0,0,0,0,0,0,0,0,0,0,0,0,0,0,Inf,Inf,Inf,0.045,0.045,0.035,0.04,0.630065808573102,0.541831121655196,2.36351841934089e-12,1.27019019191101e-05,1.67811442342576,0.000132833826502894,0.781029207077687,9450.95553757144,867.11755299646,866.929482887149,866.893514896622,2835.28666127143,387.84,320,320
1.999,0,0,0,0,0,0,0,0,0,0,0,0,0,0,0,0,0,0,0,0,0,Inf,Inf,Inf,0.045,0.045,0.035,0.04,0.630066666644113,0.541831242711881,2.36352170304834e-12,1.27019019041886e-05,1.67811440797671,0.000132833825294468,0.781029183735682,9450.96931203207,867.117746839772,866.93129084988,866.896726460054,2835.29079360962,387.84,320,320
2,0,0,0,0,0,0,0,0,0,0,0,0,0,0,0,0,0,0,0,0,0,Inf,Inf,Inf,0.045,0.045,0.035,0.04,0.630067117185002,0.541832062046662,2.3635234498305e-12,1.27018325295654e-05,1.67811430202278,0.000132833823034031,0.781029184415577,9450.97251079678,867.117561751673,866.929699816767,866.896541539611,2835.29175323903,387.84,320,320
