Time_s,genInner_Va_RMS_V,genInner_Vb_RMS_V,genInner_Vc_RMS_V,genInner_Ia_RMS_A,genInner_Ib_RMS_A,genInner_Ic_RMS_A,genTerminal_Va_RMS_V,genTerminal_Vb_RMS_V,genTerminal_Vc_RMS_V,genTerminal_Ia_RMS_A,genTerminal_Ib_RMS_A,genTerminal_Ic_RMS_A,gsutLV_Va_RMS_V,gsutLV_Vb_RMS_V,gsutLV_Vc_RMS_V,gsutLV_Ia_RMS_A,gsutLV_Ib_RMS_A,gsutLV_Ic_RMS_A,gsutHV_Va_RMS_V,gsutHV_Vb_RMS_V,gsutHV_Vc_RMS_V,gsutHV_Ia_RMS_A,gsutHV_Ib_RMS_A,gsutHV_Ic_RMS_A,busIn_Va_RMS_V,busIn_Vb_RMS_V,busIn_Vc_RMS_V,busIn_Ia_RMS_A,busIn_Ib_RMS_A,busIn_Ic_RMS_A,busOut_Va_RMS_V,busOut_Vb_RMS_V,busOut_Vc_RMS_V,busOut_Ia_RMS_A,busOut_Ib_RMS_A,busOut_Ic_RMS_A,gatHV_Va_RMS_V,gatHV_Vb_RMS_V,gatHV_Vc_RMS_V,gatHV_Ia_RMS_A,gatHV_Ib_RMS_A,gatHV_Ic_RMS_A,lineLocal_Va_RMS_V,lineLocal_Vb_RMS_V,lineLocal_Vc_RMS_V,lineLocal_Ia_RMS_A,lineLocal_Ib_RMS_A,lineLocal_Ic_RMS_A,lineRemote_Va_RMS_V,lineRemote_Vb_RMS_V,lineRemote_Vc_RMS_V,lineRemote_Ia_RMS_A,lineRemote_Ib_RMS_A,lineRemote_Ic_RMS_A,aux_Va_RMS_V,aux_Vb_RMS_V,aux_Vc_RMS_V,aux_Ia_RMS_A,aux_Ib_RMS_A,aux_Ic_RMS_A,grid_Va_RMS_V,grid_Vb_RMS_V,grid_Vc_RMS_V,grid_Ia_RMS_A,grid_Ib_RMS_A,grid_Ic_RMS_A,neutral_Va_RMS_V,neutral_Vb_RMS_V,neutral_Vc_RMS_V,neutral_Ia_RMS_A,neutral_Ib_RMS_A,neutral_Ic_RMS_A,faultGEN_Va_RMS_V,faultGEN_Vb_RMS_V,faultGEN_Vc_RMS_V,faultGEN_Ia_RMS_A,faultGEN_Ib_RMS_A,faultGEN_Ic_RMS_A,faultLV_Va_RMS_V,faultLV_Vb_RMS_V,faultLV_Vc_RMS_V,faultLV_Ia_RMS_A,faultLV_Ib_RMS_A,faultLV_Ic_RMS_A,faultHV_Va_RMS_V,faultHV_Vb_RMS_V,faultHV_Vc_RMS_V,faultHV_Ia_RMS_A,faultHV_Ib_RMS_A,faultHV_Ic_RMS_A,faultGIS_Va_RMS_V,faultGIS_Vb_RMS_V,faultGIS_Vc_RMS_V,faultGIS_Ia_RMS_A,faultGIS_Ib_RMS_A,faultGIS_Ic_RMS_A,faultLINE_Va_RMS_V,faultLINE_Vb_RMS_V,faultLINE_Vc_RMS_V,faultLINE_Ia_RMS_A,faultLINE_Ib_RMS_A,faultLINE_Ic_RMS_A,faultGRID_Va_RMS_V,faultGRID_Vb_RMS_V,faultGRID_Vc_RMS_V,faultGRID_Ia_RMS_A,faultGRID_Ib_RMS_A,faultGRID_Ic_RMS_A,faultAUX_Va_RMS_V,faultAUX_Vb_RMS_V,faultAUX_Vc_RMS_V,faultAUX_Ia_RMS_A,faultAUX_Ib_RMS_A,faultAUX_Ic_RMS_A
0,0,0,0,0,0,0,0,0,0,0,0,0,0,0,0,0,0,0,0,0,0,0,0,0,0,0,0,0,0,0,0,0,0,0,0,0,0,0,0,0,0,0,0,0,0,0,0,0,0,0,0,0,0,0,0,0,0,0,0,0,0,0,0,0,0,0,0,0,0,0,0,0,0,0,0,0,0,0,0,0,0,0,0,0,0,0,0,0,0,0,0,0,0,0,0,0,0,0,0,0,0,0,0,0,0,0,0,0,0,0,0,0,0,0
0.001,0,0,0,0,0,0,0,0,0,0,0,0,0,0,0,0,0,0,0,0,0,0,0,0,0,0,0,0,0,0,0,0,0,0,0,0,0,0,0,0,0,0,0,0,0,0,0,0,0,0,0,0,0,0,0,0,0,0,0,0,0,0,0,0,0,0,0,0,0,0,0,0,0,0,0,0,0,0,0,0,0,0,0,0,0,0,0,0,0,0,0,0,0,0,0,0,0,0,0,0,0,0,0,0,0,0,0,0,0,0,0,0,0,0
0.002,0,0,0,0,0,0,0,0,0,0,0,0,0,0,0,0,0,0,0,0,0,0,0,0,0,0,0,0,0,0,0,0,0,0,0,0,0,0,0,0,0,0,0,0,0,0,0,0,0,0,0,0,0,0,0,0,0,0,0,0,0,0,0,0,0,0,0,0,0,0,0,0,0,0,0,0,0,0,0,0,0,0,0,0,0,0,0,0,0,0,0,0,0,0,0,0,0,0,0,0,0,0,0,0,0,0,0,0,0,0,0,0,0,0
0.003,0,0,0,0,0,0,0,0,0,0,0,0,0,0,0,0,0,0,0,0,0,0,0,0,0,0,0,0,0,0,0,0,0,0,0,0,0,0,0,0,0,0,0,0,0,0,0,0,0,0,0,0,0,0,0,0,0,0,0,0,0,0,0,0,0,0,0,0,0,0,0,0,0,0,0,0,0,0,0,0,0,0,0,0,0,0,0,0,0,0,0,0,0,0,0,0,0,0,0,0,0,0,0,0,0,0,0,0,0,0,0,0,0,0
0.004,0,0,0,0,0,0,0,0,0,0,0,0,0,0,0,0,0,0,0,0,0,0,0,0,0,0,0,0,0,0,0,0,0,0,0,0,0,0,0,0,0,0,0,0,0,0,0,0,0,0,0,0,0,0,0,0,0,0,0,0,0,0,0,0,0,0,0,0,0,0,0,0,0,0,0,0,0,0,0,0,0,0,0,0,0,0,0,0,0,0,0,0,0,0,0,0,0,0,0,0,0,0,0,0,0,0,0,0,0,0,0,0,0,0
0.005,0,0,0,0,0,0,0,0,0,0,0,0,0,0,0,0,0,0,0,0,0,0,0,0,0,0,0,0,0,0,0,0,0,0,0,0,0,0,0,0,0,0,0,0,0,0,0,0,0,0,0,0,0,0,0,0,0,0,0,0,0,0,0,0,0,0,0,0,0,0,0,0,0,0,0,0,0,0,0,0,0,0,0,0,0,0,0,0,0,0,0,0,0,0,0,0,0,0,0,0,0,0,0,0,0,0,0,0,0,0,0,0,0,0
0.006,0,0,0,0,0,0,0,0,0,0,0,0,0,0,0,0,0,0,0,0,0,0,0,0,0,0,0,0,0,0,0,0,0,0,0,0,0,0,0,0,0,0,0,0,0,0,0,0,0,0,0,0,0,0,0,0,0,0,0,0,0,0,0,0,0,0,0,0,0,0,0,0,0,0,0,0,0,0,0,0,0,0,0,0,0,0,0,0,0,0,0,0,0,0,0,0,0,0,0,0,0,0,0,0,0,0,0,0,0,0,0,0,0,0
0.007,0,0,0,0,0,0,0,0,0,0,0,0,0,0,0,0,0,0,0,0,0,0,0,0,0,0,0,0,0,0,0,0,0,0,0,0,0,0,0,0,0,0,0,0,0,0,0,0,0,0,0,0,0,0,0,0,0,0,0,0,0,0,0,0,0,0,0,0,0,0,0,0,0,0,0,0,0,0,0,0,0,0,0,0,0,0,0,0,0,0,0,0,0,0,0,0,0,0,0,0,0,0,0,0,0,0,0,0,0,0,0,0,0,0
0.008,0,0,0,0,0,0,0,0,0,0,0,0,0,0,0,0,0,0,0,0,0,0,0,0,0,0,0,0,0,0,0,0,0,0,0,0,0,0,0,0,0,0,0,0,0,0,0,0,0,0,0,0,0,0,0,0,0,0,0,0,0,0,0,0,0,0,0,0,0,0,0,0,0,0,0,0,0,0,0,0,0,0,0,0,0,0,0,0,0,0,0,0,0,0,0,0,0,0,0,0,0,0,0,0,0,0,0,0,0,0,0,0,0,0
0.009,0,0,0,0,0,0,0,0,0,0,0,0,0,0,0,0,0,0,0,0,0,0,0,0,0,0,0,0,0,0,0,0,0,0,0,0,0,0,0,0,0,0,0,0,0,0,0,0,0,0,0,0,0,0,0,0,0,0,0,0,0,0,0,0,0,0,0,0,0,0,0,0,0,0,0,0,0,0,0,0,0,0,0,0,0,0,0,0,0,0,0,0,0,0,0,0,0,0,0,0,0,0,0,0,0,0,0,0,0,0,0,0,0,0
0.01,0,0,0,0,0,0,0,0,0,0,0,0,0,0,0,0,0,0,0,0,0,0,0,0,0,0,0,0,0,0,0,0,0,0,0,0,0,0,0,0,0,0,0,0,0,0,0,0,0,0,0,0,0,0,0,0,0,0,0,0,0,0,0,0,0,0,0,0,0,0,0,0,0,0,0,0,0,0,0,0,0,0,0,0,0,0,0,0,0,0,0,0,0,0,0,0,0,0,0,0,0,0,0,0,0,0,0,0,0,0,0,0,0,0
0.011,0,0,0,0,0,0,0,0,0,0,0,0,0,0,0,0,0,0,0,0,0,0,0,0,0,0,0,0,0,0,0,0,0,0,0,0,0,0,0,0,0,0,0,0,0,0,0,0,0,0,0,0,0,0,0,0,0,0,0,0,0,0,0,0,0,0,0,0,0,0,0,0,0,0,0,0,0,0,0,0,0,0,0,0,0,0,0,0,0,0,0,0,0,0,0,0,0,0,0,0,0,0,0,0,0,0,0,0,0,0,0,0,0,0
0.012,0,0,0,0,0,0,0,0,0,0,0,0,0,0,0,0,0,0,0,0,0,0,0,0,0,0,0,0,0,0,0,0,0,0,0,0,0,0,0,0,0,0,0,0,0,0,0,0,0,0,0,0,0,0,0,0,0,0,0,0,0,0,0,0,0,0,0,0,0,0,0,0,0,0,0,0,0,0,0,0,0,0,0,0,0,0,0,0,0,0,0,0,0,0,0,0,0,0,0,0,0,0,0,0,0,0,0,0,0,0,0,0,0,0
0.013,0,0,0,0,0,0,0,0,0,0,0,0,0,0,0,0,0,0,0,0,0,0,0,0,0,0,0,0,0,0,0,0,0,0,0,0,0,0,0,0,0,0,0,0,0,0,0,0,0,0,0,0,0,0,0,0,0,0,0,0,0,0,0,0,0,0,0,0,0,0,0,0,0,0,0,0,0,0,0,0,0,0,0,0,0,0,0,0,0,0,0,0,0,0,0,0,0,0,0,0,0,0,0,0,0,0,0,0,0,0,0,0,0,0
0.014,0,0,0,0,0,0,0,0,0,0,0,0,0,0,0,0,0,0,0,0,0,0,0,0,0,0,0,0,0,0,0,0,0,0,0,0,0,0,0,0,0,0,0,0,0,0,0,0,0,0,0,0,0,0,0,0,0,0,0,0,0,0,0,0,0,0,0,0,0,0,0,0,0,0,0,0,0,0,0,0,0,0,0,0,0,0,0,0,0,0,0,0,0,0,0,0,0,0,0,0,0,0,0,0,0,0,0,0,0,0,0,0,0,0
0.015,0,0,0,0,0,0,0,0,0,0,0,0,0,0,0,0,0,0,0,0,0,0,0,0,0,0,0,0,0,0,0,0,0,0,0,0,0,0,0,0,0,0,0,0,0,0,0,0,0,0,0,0,0,0,0,0,0,0,0,0,0,0,0,0,0,0,0,0,0,0,0,0,0,0,0,0,0,0,0,0,0,0,0,0,0,0,0,0,0,0,0,0,0,0,0,0,0,0,0,0,0,0,0,0,0,0,0,0,0,0,0,0,0,0
0.016,0,0,0,0,0,0,0,0,0,0,0,0,0,0,0,0,0,0,0,0,0,0,0,0,0,0,0,0,0,0,0,0,0,0,0,0,0,0,0,0,0,0,0,0,0,0,0,0,0,0,0,0,0,0,0,0,0,0,0,0,0,0,0,0,0,0,0,0,0,0,0,0,0,0,0,0,0,0,0,0,0,0,0,0,0,0,0,0,0,0,0,0,0,0,0,0,0,0,0,0,0,0,0,0,0,0,0,0,0,0,0,0,0,0
0.017,0,0,0,0,0,0,0,0,0,0,0,0,0,0,0,0,0,0,0,0,0,0,0,0,0,0,0,0,0,0,0,0,0,0,0,0,0,0,0,0,0,0,0,0,0,0,0,0,0,0,0,0,0,0,0,0,0,0,0,0,0,0,0,0,0,0,0,0,0,0,0,0,0,0,0,0,0,0,0,0,0,0,0,0,0,0,0,0,0,0,0,0,0,0,0,0,0,0,0,0,0,0,0,0,0,0,0,0,0,0,0,0,0,0
0.018,0,0,0,0,0,0,0,0,0,0,0,0,0,0,0,0,0,0,0,0,0,0,0,0,0,0,0,0,0,0,0,0,0,0,0,0,0,0,0,0,0,0,0,0,0,0,0,0,0,0,0,0,0,0,0,0,0,0,0,0,0,0,0,0,0,0,0,0,0,0,0,0,0,0,0,0,0,0,0,0,0,0,0,0,0,0,0,0,0,0,0,0,0,0,0,0,0,0,0,0,0,0,0,0,0,0,0,0,0,0,0,0,0,0
0.019,0,0,0,0,0,0,0,0,0,0,0,0,0,0,0,0,0,0,0,0,0,0,0,0,0,0,0,0,0,0,0,0,0,0,0,0,0,0,0,0,0,0,0,0,0,0,0,0,0,0,0,0,0,0,0,0,0,0,0,0,0,0,0,0,0,0,0,0,0,0,0,0,0,0,0,0,0,0,0,0,0,0,0,0,0,0,0,0,0,0,0,0,0,0,0,0,0,0,0,0,0,0,0,0,0,0,0,0,0,0,0,0,0,0
0.02,12701.6351811949,12701.746215687,12701.742805642,9473.92377027847,9473.97383268602,9473.94984104082,12701.6351811949,12701.746215687,12701.742805642,9473.92375761437,9473.97382002127,9473.94982837589,12700.6904037739,12700.8012730441,12700.798173555,9088.30840982472,9088.35832730912,9088.33329444942,132651.087223191,132651.095336193,132651.101262456,868.927022950037,868.929413045174,868.924606871702,132651.000459698,132651.008604503,132651.014523344,868.927022950037,868.929413045174,868.924606871702,132651.000459698,132651.008604503,132651.014523344,868.921562773778,868.923952825449,868.91914665506,132651.000459698,132651.008604503,132651.014523344,0.00830317229622116,0.00830317173632207,0.00830318924586768,132650.913717542,132650.921855818,132650.927783765,868.921562773778,868.923952825449,868.91914665506,132634.132249193,132634.138489091,132634.143908873,868.890611822452,868.892961585654,868.888151593127,3812.30088220531,3816.02850707423,3813.10490339327,1439.59502689998,1439.59544959556,1439.59502584021,132634.045512662,132634.051752222,132634.057172415,868.89047942076,868.892829183918,868.888019191387,0,0,0,5.93690502593738e-11,0,0,12701.6351811949,12701.746215687,12701.742805642,1.27016299539437e-05,1.2701739148013e-05,1.27017419469923e-05,12700.6904037739,12700.8012730441,12700.798173555,1.27006919766837e-05,1.27007997259651e-05,1.27007977248901e-05,132651.087223191,132651.095336193,132651.101262456,0.000132651087248255,0.00013265109537418,0.000132651101287063,132651.000459698,132651.008604503,132651.014523344,0.000132651000464434,0.000132651008599995,0.000132651014525154,132642.517594908,132642.524771301,132642.530455113,0.000132642517594668,0.000132642524771394,0.000132642530455278,132634.045512662,132634.051752222,132634.057172415,0.000132634045512498,0.000132634051752475,0.000132634057172521,3812.30088220531,3816.02850707423,3813.10490339327,9.41314683693996e-06,5.06521018981003e-06,7.47505952992793e-06
0.021,12701.6200583671,12701.7322592002,12701.6811702587,9473.91979628062,9473.95985623966,9473.91540019471,12701.6200583671,12701.7322592002,12701.6811702587,9473.91978361653,9473.95984357493,9473.91538752985,12700.675281488,12700.7873180128,12700.7365416377,9088.30464367516,9088.34397614604,9088.29924359087,132651.087105201,132651.038794675,132651.05142932,868.926951588215,868.926445494816,868.922656392638,132651.00034171,132650.952063273,132650.96469041,868.926951588215,868.926445494816,868.922656392638,132651.00034171,132650.952063273,132650.96469041,868.921491401802,868.920985239068,868.917196198904,132651.00034171,132650.952063273,132650.96469041,0.00830314092882853,0.00830317877918016,0.00830317401031566,132650.913599556,132650.865314877,132650.877951032,868.921491401802,868.920985239068,868.917196198904,132634.132140257,132634.085633357,132634.097484383,868.890541225441,868.890077591116,868.88627367449,3812.30078296875,3816.0260606684,3813.10391822387,1439.59529006433,1439.59481531873,1439.59438919727,132634.045403728,132633.998896769,132634.010748118,868.890408823742,868.889945189422,868.886141272807,0,0,0,5.9369043782502e-11,0,0,12701.6200583671,12701.7322592002,12701.6811702587,1.270161483111e-05,1.27017251915319e-05,1.27016803116108e-05,12700.675281488,12700.7873180128,12700.7365416377,1.27006768543908e-05,1.27007857709293e-05,1.27007360929756e-05,132651.087105201,132651.038794675,132651.05142932,0.000132651087130264,0.000132651038832661,0.000132651051453927,132651.00034171,132650.952063273,132650.96469041,0.000132651000346446,0.000132650952058766,0.00013265096469222,132642.517481168,132642.469734241,132642.482009017,0.000132642517480928,0.000132642469734333,0.000132642482009181,132634.045403728,132633.998896769,132634.010748118,0.000132634045403563,0.000132633998897021,0.000132634010748224,3812.30078296875,3816.0260606684,3813.10391822387,9.41314290303173e-06,5.06521042925774e-06,7.47505457207922e-06
0.022,12701.617956139,12701.715716211,12701.6401378542,9473.92023127582,9473.93514159374,9473.88815589567,12701.617956139,12701.715716211,12701.6401378542,9473.92021861174,9473.93512892903,9473.88814323085,12700.6731793801,12700.7707775776,12700.6955119817,9088.30498382135,9088.31890357734,9088.27228432236,132651.083827507,132651.11815104,132651.110989809,868.926230831589,868.923117103689,868.921760847201,132650.997064078,132651.031419967,132651.024250998,868.926230831589,868.923117103689,868.921760847201,132650.997064078,132651.031419967,132651.024250998,868.920770615752,868.917656768565,868.916300641931,132650.997064078,132651.031419967,132651.024250998,0.00830312071004024,0.00830321980975324,0.00830320680802284,132650.910321986,132650.944671901,132650.937511718,868.920770615752,868.917656768565,868.916300641931,132634.129074685,132634.165372337,132634.156965494,868.889820854158,868.886694351396,868.885344545027,3812.30018456973,3816.0260659409,3813.1049376053,1439.59541140797,1439.59453598385,1439.59470233023,132634.042338218,132634.078636083,132634.070229332,868.889688452447,868.886561949617,868.885212143299,0,0,0,5.93689926364288e-11,0,0,12701.617956139,12701.715716211,12701.6401378542,1.27016127288768e-05,1.27017086485509e-05,1.27016392792095e-05,12700.6731793801,12700.7707775776,12700.6955119817,1.27006747522798e-05,1.27007692304904e-05,1.27006950633237e-05,132651.083827507,132651.11815104,132651.110989809,0.00013265108385257,0.000132651118189027,0.000132651111014415,132650.997064078,132651.031419967,132651.024250998,0.000132650997068814,0.000132651031415461,0.000132651024252807,132642.51429797,132642.549940135,132642.541993116,0.000132642514297729,0.000132642549940228,0.00013264254199328,132634.042338218,132634.078636083,132634.070229332,0.000132634042338053,0.000132634078636337,0.000132634070229437,3812.30018456973,3816.0260659409,3813.1049376053,9.41314132253185e-06,5.06521022628309e-06,7.47505508623694e-06
0.023,12701.6236164132,12701.6901893106,12701.6026651477,9473.9181392491,9473.90280926526,9473.8717627915,12701.6236164132,12701.6901893106,12701.6026651477,9473.91812658501,9473.90279660057,9473.87175012671,12700.6788401033,12700.7452539541,12700.6580410111,9088.3025826563,9088.28639427697,9088.25618418188,132651.080782258,132651.032991613,132651.079499151,868.924514473805,868.920096485036,868.92161854579,132650.994018989,132650.946260845,132650.992760353,868.924514473805,868.920096485036,868.92161854579,132650.994018989,132650.946260845,132650.992760353,868.919054220253,868.9146362589,868.916158391148,132650.994018989,132650.946260845,132650.992760353,0.00830311477296882,0.00830313775833301,0.00830307343768999,132650.907277057,132650.859513082,132650.906021088,868.919054220253,868.9146362589,868.916158391148,132634.126388765,132634.08093892,132634.125463567,868.888108044841,868.883683843923,868.885204351004,3812.29941499403,3816.02671392089,3813.10558979322,1439.595320372,1439.59441322688,1439.59511432784,132634.039652457,132633.99420297,132634.038727419,868.887975643114,868.883551442232,868.885071949307,0,0,0,5.93688769467726e-11,0,0,12701.6236164132,12701.6901893106,12701.6026651477,1.27016183891472e-05,1.27016831216629e-05,1.2701601806509e-05,12700.6788401033,12700.7452539541,12700.6580410111,1.27006804130013e-05,1.27007437068642e-05,1.27006575923588e-05,132651.080782258,132651.032991613,132651.079499151,0.000132651080807321,0.0001326510330296,0.000132651079523757,132650.994018989,132650.946260845,132650.992760353,0.000132650994023725,0.000132650946256338,0.000132650992762163,132642.511431814,132642.464590847,132642.510279776,0.000132642511431574,0.000132642464590941,0.00013264251027994,132634.039652457,132633.99420297,132634.038727419,0.000132634039652292,0.000132633994203223,0.000132634038727524,3812.29941499403,3816.02671392089,3813.10558979322,9.41314100781716e-06,5.06520941003471e-06,7.47505676118913e-06
0.024,12701.6307422245,12701.6696290019,12701.5861429719,9473.90779824029,9473.86908262244,9473.86581735456,12701.6307422245,12701.6696290019,12701.5861429719,9473.90778557621,9473.86906995778,9473.86580468979,12700.6859671695,12700.724697026,12700.6415195312,9088.29181932192,9088.2527114369,9088.25040436437,132651.079248973,132651.117630024,132651.087724956,868.921861875349,868.917926227567,868.921636351201,132650.992485959,132651.030899481,132651.000986157,868.921861875349,868.917926227567,868.921636351201,132650.992485959,132651.030899481,132651.000986157,868.916401592568,868.912465963076,868.916176190916,132650.992485959,132651.030899481,132651.000986157,0.00830311771095759,0.0083031873080783,0.00830309918318011,132650.905744282,132650.944151944,132650.914246889,868.916401592568,868.912465963076,868.916176190916,132634.124980104,132634.160738175,132634.13329626,868.885453954718,868.881541075302,868.885223522478,3812.2988511574,3816.0278004952,3813.10566345075,1439.59508295819,1439.59452216096,1439.5954784969,132634.038244051,132634.074002447,132634.04656011,868.885321552978,868.881408673545,868.885091120772,0,0,0,5.93687031386637e-11,0,0,12701.6307422245,12701.6696290019,12701.5861429719,1.27016255149593e-05,1.27016625613651e-05,1.27015852843377e-05,12700.6859671695,12700.724697026,12700.6415195312,1.27006875400669e-05,1.2700723149935e-05,1.27006410708833e-05,132651.079248973,132651.117630024,132651.087724956,0.000132651079274037,0.00013265111766801,0.000132651087749562,132650.992485959,132651.030899481,132651.000986157,0.000132650992490696,0.000132651030894973,0.000132651000987966,132642.509966169,132642.547338358,132642.518360348,0.000132642509965929,0.00013264254733845,0.000132642518360512,132634.038244051,132634.074002447,132634.04656011,0.000132634038243887,0.000132634074002699,0.000132634046560214,3812.2988511574,3816.0278004952,3813.10566345075,9.41314225449699e-06,5.06520839110021e-06,7.47505903310879e-06
0.025,12701.6420561175,12701.645645299,12701.5785952939,9473.88690082105,9473.84074393325,9473.86590276078,12701.6420561175,12701.645645299,12701.5785952939,9473.88688815695,9473.84073126861,9473.86589009602,12700.6972833632,12700.7007161394,12700.6339720742,9088.2705219401,9088.22459061762,9088.25044036429,132651.07738649,132651.074758464,132651.100530023,868.918708512756,868.916817313252,868.921174194387,132650.990623787,132650.988028037,132651.013791259,868.918708512756,868.916817313252,868.921174194387,132650.990623787,132650.988028037,132651.013791259,868.913248224183,868.91135713631,868.91571399009,132650.990623787,132650.988028037,132651.013791259,0.00830311780414139,0.00830307300740991,0.00830303547511909,132650.90388242,132650.901280616,132650.927052026,868.913248224183,868.91135713631,868.91571399009,132634.122942293,132634.118751909,132634.145724093,868.88230378212,868.880383034368,868.88478289936,3812.29879384781,3816.02886669426,3813.10522576751,1439.59482641759,1439.59480670674,1439.59566128116,132634.036206551,132634.032016302,132634.058987976,868.882171380375,868.880250632662,868.884650497625,0,0,0,5.93685009588086e-11,0,0,12701.6420561175,12701.645645299,12701.5785952939,1.27016368288564e-05,1.27016385776743e-05,1.2701577736666e-05,12700.6972833632,12700.7007161394,12700.6339720742,1.27006988562605e-05,1.27006991690494e-05,1.27006335234308e-05,132651.07738649,132651.074758464,132651.100530023,0.000132651077411554,0.00013265107479645,0.00013265110055463,132650.990623787,132650.988028037,132651.013791259,0.000132650990628523,0.00013265098802353,0.000132651013793068,132642.507996137,132642.504510337,132642.531094716,0.000132642507995897,0.00013264250451043,0.00013264253109488,132634.036206551,132634.032016302,132634.058987976,0.000132634036206386,0.000132634032016555,0.00013263405898808,3812.29879384781,3816.02886669426,3813.10522576751,9.41314455395662e-06,5.06520772109583e-06,7.47506096046808e-06
0.026,12701.6502139484,12701.6290279112,12701.5823280429,9473.8575382605,9473.82229412358,9473.86535725518,12701.6502139484,12701.6290279112,12701.5823280429,9473.8575255964,9473.82228145896,9473.86534459042,12700.7054442572,12700.6841005721,12700.6377051306,9088.24091741003,9088.2064034997,9088.24962583025,132651.084307863,132651.097305347,132651.080077473,868.915687823833,868.916550850408,868.919810779635,132650.997545462,132651.010574951,132650.993338834,868.915687823833,868.916550850408,868.919810779635,132650.997545462,132651.010574951,132650.993338834,868.910227548055,868.911090681635,868.914350561588,132650.997545462,132651.010574951,132650.993338834,0.00830311003148998,0.00830306379603401,0.00830303587141726,132650.910804398,132650.923827561,132650.906599726,868.910227548055,868.911090681635,868.914350561588,132634.12956249,132634.142100712,132634.124337657,868.879282245434,868.880157123946,868.883366852613,3812.29933066616,3816.02969730971,3813.10447233203,1439.59468321419,1439.59524100325,1439.59563789536,132634.04282705,132634.055365133,132634.03760167,868.879149843684,868.880024722223,868.883234450882,0,0,0,5.93683113637877e-11,0,0,12701.6502139484,12701.6290279112,12701.5823280429,1.27016449866943e-05,1.27016219602948e-05,1.27015814694197e-05,12700.7054442572,12700.6841005721,12700.6377051306,1.27007070171539e-05,1.27006825534843e-05,1.27006372564899e-05,132651.084307863,132651.097305347,132651.080077473,0.000132651084332925,0.000132651097343334,0.00013265108010208,132650.997545462,132651.010574951,132650.993338834,0.000132650997550197,0.000132651010570444,0.000132650993340644,132642.514779211,132642.527550983,132642.5100821,0.00013264251477897,0.000132642527551076,0.000132642510082264,132634.04282705,132634.055365133,132634.03760167,0.000132634042826885,0.000132634055365386,0.000132634037601775,3812.29933066616,3816.02969730971,3813.10447233203,9.4131474665257e-06,5.06520767861461e-06,7.47506216881112e-06
0.027,12701.6578819425,12701.6165435179,12701.5949298963,9473.82501788769,9473.81448043078,9473.85804235949,12701.6578819425,12701.6165435179,12701.5949298963,9473.82500522358,9473.81446776617,9473.85802969472,12700.713115538,12700.6716169867,12700.6503080134,9088.20835815612,9088.19876983789,9088.24189293145,132651.086103301,132651.097947592,132651.078959665,868.913373539375,868.916608336784,868.917481773931,132650.999341138,132651.011217188,132650.992221248,868.913373539375,868.916608336784,868.917481773931,132650.999341138,132651.011217188,132650.992221248,868.90791330154,868.911148172814,868.91202152126,132650.999341138,132651.011217188,132650.992221248,0.00830308039033974,0.00830301272668318,0.00830303697671175,132650.912600311,132650.92446979,132650.905482362,868.90791330154,868.911148172814,868.91202152126,132634.13144259,132634.142946241,132634.122496603,868.876966248416,868.880200963775,868.881121044523,3812.30031483139,3816.0299474681,3813.10392811018,1439.59473864293,1439.595615745,1439.59545790586,132634.044707387,132634.056210655,132634.03576083,868.876833846673,868.880068562048,868.880988642778,0,0,0,5.93681698302619e-11,0,0,12701.6578819425,12701.6165435179,12701.5949298963,1.27016526546967e-05,1.27016094759077e-05,1.27015940712771e-05,12700.713115538,12700.6716169867,12700.6503080134,1.27007146884345e-05,1.27006700699021e-05,1.27006498593744e-05,132651.086103301,132651.097947592,132651.078959665,0.000132651086128365,0.000132651097985579,0.000132651078984271,132650.999341138,132651.011217188,132650.992221248,0.000132650999345873,0.000132651011212682,0.000132650992223057,132642.516574029,132642.528283375,132642.50861284,0.000132642516573789,0.000132642528283467,0.000132642508613004,132634.044707387,132634.056210655,132634.03576083,0.000132634044707223,0.000132634056210909,0.000132634035760934,3812.30031483139,3816.0299474681,3813.10392811018,9.41314972590281e-06,5.06520847686734e-06,7.47506220618809e-06
0.028,12701.6646882948,12701.6102225225,12701.6147068442,9473.79603584806,9473.81380469399,9473.84082543787,12701.6646882948,12701.6102225225,12701.6147068442,9473.79602318394,9473.81379202939,9473.84081277308,12700.7199247368,12700.6652961644,12700.6700869619,9088.17953071637,9088.19808156999,9088.22425838843,132651.094510129,132651.10031692,132651.106440945,868.912055975975,868.916356415036,868.914539348896,132651.007748104,132651.013586532,132651.019702815,868.912055975975,868.916356415036,868.914539348896,132651.007748104,132651.013586532,132651.019702815,868.906595775181,868.910896228335,868.90907905807,132651.007748104,132651.013586532,132651.019702815,0.0083030430779829,0.00830296799910861,0.00830304820577537,132650.921007415,132650.926839151,132650.932964217,868.906595775181,868.910896228335,868.90907905807,132634.139687815,132634.145552798,132634.151703622,868.875650809277,868.879932568905,868.878092375121,3812.30143692589,3816.02965643785,3813.10368876224,1439.59500079561,1439.59587115051,1439.59520141401,132634.052952751,132634.058817229,132634.064968144,868.875518407537,868.879800167161,868.877959973338,0,0,0,5.93680926790608e-11,0,0,12701.6646882948,12701.6102225225,12701.6147068442,1.27016594610571e-05,1.27016031549157e-05,1.27016138482276e-05,12700.7199247368,12700.6652961644,12700.6700869619,1.27007214976336e-05,1.2700663749083e-05,1.27006696383236e-05,132651.094510129,132651.10031692,132651.106440945,0.000132651094535193,0.000132651100354907,0.000132651106465551,132651.007748104,132651.013586532,132651.019702815,0.00013265100775284,0.000132651013582026,0.000132651019704624,132642.52490409,132642.530790864,132642.53710535,0.00013264252490385,0.000132642530790957,0.000132642537105513,132634.052952751,132634.058817229,132634.064968144,0.000132634052952586,0.000132634058817482,0.000132634064968248,3812.30143692589,3816.02965643785,3813.10368876224,9.41315091001934e-06,5.06520978408338e-06,7.47506126478597e-06
0.029,12701.6667106165,12701.6106263198,12701.6334498976,9473.77560253635,9473.8142838848,9473.81440355489,12701.6667106165,12701.6106263198,12701.6334498976,9473.77558987222,9473.8142712202,9473.81439089009,12700.7219490098,12700.6657000883,12700.6888328407,9088.15933304849,9088.19833106934,9088.19752624999,132651.098866272,132651.0733638,132651.050590804,868.911637623246,868.915307987225,868.911539240931,132651.012104293,132650.986633508,132650.963852973,868.911637623246,868.915307987225,868.911539240931,132651.012104293,132650.986633508,132650.963852973,868.906177453057,868.909847793867,868.906079014185,132651.012104293,132650.986633508,132650.963852973,0.00830299468087227,0.0083029738374077,0.00830300809950921,132650.92536365,132650.899886222,132650.877114674,868.906177453057,868.909847793867,868.906079014185,132634.143738516,132634.120436267,132634.099519396,868.875229524783,868.878920142311,868.875160777405,3812.30233554765,3816.02906598381,3813.10411363917,1439.59539328122,1439.59591518763,1439.59504158946,132634.057003498,132634.033700791,132634.012784211,868.875097123045,868.878787740579,868.875028375672,0,0,0,5.93680711979313e-11,0,0,12701.6667106165,12701.6106263198,12701.6334498976,1.2701661483385e-05,1.27016035587136e-05,1.27016325912809e-05,12700.7219490098,12700.6657000883,12700.6888328407,1.27007235219067e-05,1.2700664153009e-05,1.27006883842023e-05,132651.098866272,132651.0733638,132651.050590804,0.000132651098891335,0.000132651073401786,0.00013265105061541,132651.012104293,132650.986633508,132650.963852973,0.000132651012109028,0.000132650986629001,0.000132650963854783,132642.529099386,132642.504552309,132642.482591931,0.000132642529099145,0.000132642504552402,0.000132642482592095,132634.057003498,132634.033700791,132634.012784211,0.000132634057003333,0.000132634033701044,0.000132634012784316,3812.30233554765,3816.02906598381,3813.10411363917,9.41315069710359e-06,5.06521126809349e-06,7.47506002331174e-06
0.03,12701.670107706,12701.6183822697,12701.6617070149,9473.76550681803,9473.8096888969,9473.78333770735,12701.670107706,12701.6183822697,12701.6617070149,9473.7654941539,9473.80967623229,9473.78332504252,12700.7253470064,12700.6734567562,12700.7170931508,9088.14943116629,9088.19334688327,9088.16635676295,132651.101169579,132651.121659807,132651.127211407,868.911681844516,868.913314500618,868.909080739557,132651.014407595,132651.034929701,132651.040473827,868.911681844516,868.913314500618,868.909080739557,132651.014407595,132651.034929701,132651.040473827,868.906221684722,868.907854222968,868.903620472844,132651.014407595,132651.034929701,132651.040473827,0.00830294986901328,0.00830296763186024,0.00830304732287335,132650.927666946,132650.948182601,132650.953735778,868.906221684722,868.907854222968,868.903620472844,132634.145838874,132634.16679049,132634.172751842,868.875274960692,868.876900117757,868.87266969735,3812.30276361758,3816.02843974195,3813.1049600909,1439.59579831781,1439.59577733769,1439.59503455353,132634.059103851,132634.080055202,132634.08601691,868.875142558951,868.876767715958,868.872537295553,0,0,0,5.93680758167999e-11,0,0,12701.670107706,12701.6183822697,12701.6617070149,1.27016648804792e-05,1.27016113146617e-05,1.27016608483956e-05,12700.7253470064,12700.6734567562,12700.7170931508,1.27007269199051e-05,1.27006719096778e-05,1.27007166445118e-05,132651.101169579,132651.121659807,132651.127211407,0.000132651101194642,0.000132651121697793,0.000132651127236014,132651.014407595,132651.034929701,132651.040473827,0.00013265101441233,0.000132651034925193,0.000132651040475637,132642.531300774,132642.552180635,132642.55795027,0.000132642531300533,0.000132642552180727,0.000132642557950435,132634.059103851,132634.080055202,132634.08601691,0.000132634059103686,0.000132634080055455,0.000132634086017015,3812.30276361758,3816.02843974195,3813.1049600909,9.41314943996609e-06,5.06521242021584e-06,7.47505897867069e-06
0.031,12701.6695144377,12701.6297274624,12701.6787962032,9473.76350129916,9473.79599629161,9473.75372581744,12701.6695144377,12701.6297274624,12701.6787962032,9473.76348863504,9473.79598362699,9473.75371315259,12700.7247539161,12700.6848035622,12700.7341852685,9088.14746271015,9088.1792191682,9088.13683705649,132651.100974224,132651.053060025,132651.069197341,868.911594513805,868.910591655413,868.90752572141,132651.014212242,132650.966330184,132650.982459921,868.911594513805,868.910591655413,868.90752572141,132651.014212242,132650.966330184,132650.982459921,868.906134342371,868.90513142954,868.902065554424,132651.014212242,132650.966330184,132650.982459921,0.00830291877875751,0.00830295081090881,0.00830294010973269,132650.927471597,132650.87958335,132650.895722032,868.906134342371,868.90513142954,868.902065554424,132634.145662187,132634.097395453,132634.113465428,868.875188546367,868.874177631936,868.871111007676,3812.30265806824,3816.02813189178,3813.10602856807,1439.5960931468,1439.59554633004,1439.59522613209,132634.058927166,132634.010660431,132634.026730657,868.875056144617,868.874045230196,868.870978605945,0,0,0,5.93680682611662e-11,0,0,12701.6695144377,12701.6297274624,12701.6787962032,1.27016642872125e-05,1.27016226598511e-05,1.27016779375795e-05,12700.7247539161,12700.6848035622,12700.7341852685,1.27007263268152e-05,1.27006832564824e-05,1.27007337366288e-05,132651.100974224,132651.053060025,132651.069197341,0.000132651100999287,0.000132651053098012,0.000132651069221946,132651.014212242,132650.966330184,132650.982459921,0.000132651014216978,0.000132650966325678,0.00013265098246173,132642.531114336,132642.482709218,132642.498861634,0.000132642531114096,0.000132642482709311,0.000132642498861798,132634.058927166,132634.010660431,132634.026730657,0.000132634058927001,0.000132634010660685,0.000132634026730761,3812.30265806824,3816.02813189178,3813.10602856807,9.41314787854052e-06,5.06521293924398e-06,7.47505876346873e-06
0.032,12701.6696115161,12701.6498545639,12701.7020199732,9473.76439683119,9473.77283470039,9473.7310554398,12701.6696115161,12701.6498545639,12701.7020199732,9473.76438416707,9473.77282203576,9473.73104277493,12700.724850941,12700.7049331979,12700.7574111707,9088.14818987256,9088.15570549699,9088.11437727948,132651.100142832,132651.124301846,132651.118426903,868.910854267529,868.907635913206,868.906891221149,132651.013380914,132651.037572298,132651.031689553,868.910854267529,868.907635913206,868.906891221149,132651.013380914,132651.037572298,132651.031689553,868.905394066936,868.902175619326,868.9014310457,132651.013380914,132651.037572298,132651.031689553,0.0083028993084561,0.00830298591095472,0.00830296381314233,132650.926640331,132650.950825755,132650.944951735,868.905394066936,868.902175619326,868.9014310457,132634.144834565,132634.166725313,132634.161476151,868.874448986313,868.871260702715,868.870500380265,3812.30216378711,3816.02836992046,3813.10701409892,1439.59620298597,1439.59535332776,1439.59558308289,132634.058099608,132634.079990579,132634.074741448,868.874316584547,868.871128300902,868.870367978496,0,0,0,5.93680163618638e-11,0,0,12701.6696115161,12701.6498545639,12701.7020199732,1.27016643842914e-05,1.2701642786946e-05,1.27017011613423e-05,12700.724850941,12700.7049331979,12700.7574111707,1.27007264238405e-05,1.2700703386115e-05,1.27007569625295e-05,132651.100142832,132651.124301846,132651.118426903,0.000132651100167895,0.000132651124339833,0.000132651118451509,132651.013380914,132651.037572298,132651.031689553,0.000132651013385649,0.000132651037567791,0.000132651031691363,132642.530292135,132642.553572805,132642.547853435,0.000132642530291895,0.000132642553572898,0.000132642547853599,132634.058099608,132634.079990579,132634.074741448,0.000132634058099443,0.000132634079990832,0.000132634074741553,3812.30216378711,3816.02836992046,3813.10701409892,9.4131468810695e-06,5.06521276188774e-06,7.47505967592141e-06
0.033,12701.6707075523,12701.6695058904,12701.7134847868,9473.76210969573,9473.74352893623,9473.71818061509,12701.6707075523,12701.6695058904,12701.7134847868,9473.76209703161,9473.74351627158,9473.7181679502,12700.7259473446,12700.7245875679,12700.7688771277,9088.14555733358,9088.12623144462,9088.1017207576,132651.095226126,132651.07499432,132651.102234446,868.909206976825,868.90503425693,868.906856317605,132651.008464361,132650.988265034,132651.015497098,868.909206976825,868.90503425693,868.906856317605,132651.008464361,132650.988265034,132651.015497098,868.903746747028,868.899574040491,868.901396175815,132651.008464361,132650.988265034,132651.015497098,0.00830289542103714,0.00830292808496862,0.00830287169144205,132650.921723932,132650.901518754,132650.928759283,868.903746747028,868.899574040491,868.901396175815,132634.140084083,132634.121477128,132634.146744292,868.872802084266,868.868591931163,868.870443003198,3812.301563239,3816.02900278675,3813.10756673634,1439.59612280361,1439.59526621601,1439.59596375019,132634.053349279,132634.034742662,132634.060009594,868.872669682488,868.868459529399,868.870310601444,0,0,0,5.93679059710103e-11,0,0,12701.6707075523,12701.6695058904,12701.7134847868,1.2701665480326e-05,1.27016624382655e-05,1.27017126261496e-05,12700.7259473446,12700.7245875679,12700.7688771277,1.27007275202427e-05,1.27007230404804e-05,1.27007684284853e-05,132651.095226126,132651.07499432,132651.102234446,0.00013265109525119,0.000132651075032305,0.000132651102259052,132651.008464361,132650.988265034,132651.015497098,0.000132651008469097,0.000132650988260526,0.000132651015498908,132642.525447702,132642.506030589,132642.53229356,0.000132642525447462,0.000132642506030681,0.000132642532293725,132634.053349279,132634.034742662,132634.060009594,0.000132634053349114,0.000132634034742914,0.000132634060009699,3812.301563239,3816.02900278675,3813.10756673634,9.41314682505027e-06,5.06521209920496e-06,7.47506123655858e-06
0.034,12701.6731841254,12701.6933537034,12701.7226691964,9473.75197820404,9473.71357362893,9473.71404778944,12701.6731841254,12701.6933537034,12701.7226691964,9473.75196553992,9473.71356096425,9473.71403512454,12700.7284251047,12700.7484383781,12700.7780618056,9088.13500380989,9088.09630492199,9088.09768262036,132651.096362961,132651.103319,132651.10481363,868.906751808535,868.903206604632,868.906878504962,132651.009601432,132651.016589903,132651.018076277,868.906751808535,868.903206604632,868.906878504962,132651.009601432,132651.016589903,132651.018076277,868.901291553037,868.897746397071,868.901418357795,132651.009601432,132651.016589903,132651.018076277,0.00830289791020917,0.00830292634195165,0.00830285677384673,132650.92286124,132650.929843811,132650.931338455,868.901291553037,868.897746397071,868.901418357795,132634.141486367,132634.150374846,132634.149377159,868.870350790873,868.866839972642,868.870468011216,3812.30117213933,3816.03004459162,3813.10763031647,1439.59591763782,1439.59540085696,1439.59630114756,132634.054751799,132634.063640562,132634.062642454,868.870218389079,868.866707570859,868.870335609452,0,0,0,5.93677456791597e-11,0,0,12701.6731841254,12701.6933537034,12701.7226691964,1.27016679568972e-05,1.27016862860689e-05,1.27017218105529e-05,12700.7284251047,12700.7484383781,12700.7780618056,1.27007299979999e-05,1.27007468912851e-05,1.27007776131614e-05,132651.096362961,132651.103319,132651.10481363,0.000132651096388024,0.000132651103356986,0.000132651104838235,132651.009601432,132651.016589903,132651.018076277,0.000132651009606168,0.000132651016585395,0.000132651018078087,132642.526751061,132642.534809211,132642.534911984,0.000132642526750821,0.000132642534809303,0.000132642534912148,132634.054751799,132634.063640562,132634.062642454,0.000132634054751634,0.000132634063640814,0.000132634062642559,3812.30117213933,3816.03004459162,3813.10763031647,9.41314821329873e-06,5.06521129197891e-06,7.47506336616436e-06
0.035,12701.6788949261,12701.7151241759,12701.725571531,9473.73238660722,9473.68878939499,9473.71461078877,12701.6788949261,12701.7151241759,12701.725571531,9473.73237394309,9473.6887767303,9473.71459812387,12700.7341380382,12700.7702112287,12700.7809640129,9088.11502968535,9088.0717094654,9088.09815488902,132651.094661013,132651.11196581,132651.101740307,868.903893628209,868.902306829854,868.906416157003,132651.007899766,132651.025236808,132651.015002992,868.903893628209,868.902306829854,868.906416157003,132651.007899766,132651.025236808,132651.015002992,868.898433370465,868.896846656087,868.900955988138,132651.007899766,132651.025236808,132651.015002992,0.00830289662353299,0.00830288745359304,0.00830283679289015,132650.921159855,132650.938490812,132650.928265208,868.898433370465,868.896846656087,868.900955988138,132634.140100203,132634.157081908,132634.146989143,868.867488151876,868.865877385553,868.87003063791,3812.30120136952,3816.0309783774,3813.10727050932,1439.59569293345,1439.59565879331,1439.59646371367,132634.053365916,132634.070347726,132634.060254473,868.867355750078,868.865744983773,868.869898236136,0,0,0,5.93675628572807e-11,0,0,12701.6788949261,12701.7151241759,12701.725571531,1.27016736676955e-05,1.27017080565317e-05,1.27017247128837e-05,12700.7341380382,12700.7702112287,12700.7809640129,1.2700735710929e-05,1.27007686641301e-05,1.27007805153671e-05,132651.094661013,132651.11196581,132651.101740307,0.000132651094686075,0.000132651112003796,0.000132651101764913,132651.007899766,132651.025236808,132651.015002992,0.0001326510079045,0.000132651025232301,0.000132651015004802,132642.525201749,132642.542430036,132642.532198179,0.000132642525201508,0.000132642542430129,0.000132642532198343,132634.053365916,132634.070347726,132634.060254473,0.00013263405336575,0.000132634070347979,0.000132634060254578,3812.30120136952,3816.0309783774,3813.10727050932,9.41315030622094e-06,5.06521080645881e-06,7.47506503674436e-06
0.036,12701.6891089314,12701.7324349929,12701.7242324404,9473.70543315815,9473.6727813551,9473.71405566276,12701.6891089314,12701.7324349929,12701.7242324404,9473.70542049401,9473.67276869038,9473.71404299786,12700.7443548616,12700.787523488,12700.7796250029,9088.08785014784,9088.0559292882,9088.09732372414,132651.098430041,132651.101334696,132651.115011713,868.901181314274,868.9021148282,868.905129549119,132651.011669065,132651.014605715,132651.028274514,868.901181314274,868.9021148282,868.905129549119,132651.011669065,132651.014605715,132651.028274514,868.895721071184,868.896654688341,868.899669333385,132651.011669065,132651.014605715,132651.028274514,0.00830288742752982,0.00830281799452933,0.00830282099300668,132650.924929426,132650.92785974,132650.941536847,868.895721071184,868.896654688341,868.899669333385,132634.143644068,132634.145373079,132634.161249046,868.864782197291,868.865719955065,868.86870334345,3812.30172258637,3816.0316916882,3813.10665911413,1439.59556237599,1439.59603795516,1439.59644307467,132634.056910052,132634.058638914,132634.074514497,868.864649795491,868.865587553298,868.868570941643,0,0,0,5.93673929004153e-11,0,0,12701.6891089314,12701.7324349929,12701.7242324404,1.27016838816981e-05,1.270172536734e-05,1.27017233737924e-05,12700.7443548616,12700.787523488,12700.7796250029,1.27007459277475e-05,1.27007859763843e-05,1.27007791763561e-05,132651.098430041,132651.101334696,132651.115011713,0.000132651098455104,0.000132651101372682,0.000132651115036319,132651.011669065,132651.014605715,132651.028274514,0.000132651011673801,0.000132651014601208,0.000132651028276324,132642.528858729,132642.531098963,132642.546136342,0.00013264252885849,0.000132642531099055,0.000132642546136506,132634.056910052,132634.058638914,132634.074514497,0.000132634056909887,0.000132634058639167,0.000132634074514602,3812.30172258637,3816.0316916882,3813.10665911413,9.41315285510687e-06,5.06521085471334e-06,7.4750660674509e-06
0.037,12701.6995844211,12701.7460577557,12701.7185370181,9473.67583185763,9473.66603130361,9473.70719365291,12701.6995844211,12701.7460577557,12701.7185370181,9473.67581919348,9473.66601863888,9473.70718098802,12700.7548333446,12700.8011467486,12700.7739303332,9088.05821789243,9088.04933494171,9088.09006697297,132651.104816451,132651.11287203,132651.074249871,868.899104365541,868.902175450015,868.902984494912,132651.018055688,132651.026143042,132650.987512877,868.899104365541,868.902175450015,868.902984494912,132651.018055688,132651.026143042,132650.987512877,868.893644151832,868.896715306115,868.897524291073,132651.018055688,132651.026143042,132650.987512877,0.00830286529562475,0.00830282241990012,0.00830281975916073,132650.931316261,132650.939397061,132650.900775416,868.893644151832,868.896715306115,868.897524291073,132634.149537606,132634.156840517,132634.120624034,868.86269884362,868.865773317383,868.866599223225,3812.30259242791,3816.03191108848,3813.10619015627,1439.59559336094,1439.59637128631,1439.59627661561,132634.062803804,132634.070106346,132634.033889687,868.862566441822,868.865640915605,868.866466821446,0,0,0,5.93672660103618e-11,0,0,12701.6995844211,12701.7460577557,12701.7185370181,1.2701694357185e-05,1.27017389900952e-05,1.27017176783714e-05,12700.7548333446,12700.8011467486,12700.7739303332,1.27007564062253e-05,1.27007995996404e-05,1.27007734816855e-05,132651.104816451,132651.11287203,132651.074249871,0.000132651104841514,0.000132651112910016,0.000132651074274475,132651.018055688,132651.026143042,132650.987512877,0.000132651018060424,0.000132651026138535,0.000132650987514686,132642.534994516,132642.542668532,132642.505173848,0.000132642534994277,0.000132642542668624,0.000132642505174011,132634.062803804,132634.070106346,132634.033889687,0.00013263406280364,0.000132634070106599,0.000132634033889791,3812.30259242791,3816.03191108848,3813.10619015627,9.41315483633341e-06,5.06521156320732e-06,7.47506610017636e-06
0.038,12701.7150542107,12701.7513953573,12701.7167601729,9473.64934617472,9473.6654774619,9473.69134962386,12701.7150542107,12701.7513953573,12701.7167601729,9473.64933351055,9473.66546479717,9473.69133695897,12700.770305723,12700.8064842936,12700.7721552073,9088.03187772122,9088.04876959422,9088.0738324367,132651.107246374,132651.120327267,132651.133002014,868.897908274424,868.90194163913,868.900285696701,132651.020485737,132651.033598293,132651.046265284,868.897908274424,868.90194163913,868.900285696701,132651.020485737,132651.033598293,132651.046265284,868.892448098008,868.896481466718,868.894825422804,132651.020485737,132651.033598293,132651.046265284,0.00830282668197507,0.00830275476156432,0.00830284297929943,132650.933746436,132650.946852325,132650.959528085,868.892448098008,868.896481466718,868.894825422804,132634.151800347,132634.163718426,132634.175223761,868.861506461657,868.86553557524,868.863881844413,3812.30357095343,3816.0316671255,3813.10603861103,1439.59580094353,1439.59658950763,1439.59604727813,132634.06506667,132634.076984269,132634.088489678,868.861374059866,868.865403173439,868.86374944257,0,0,0,5.9367195951434e-11,0,0,12701.7150542107,12701.7513953573,12701.7167601729,1.27017098269724e-05,1.27017443276931e-05,1.27017159015305e-05,12700.770305723,12700.8064842936,12700.7721552073,1.27007718786007e-05,1.27008049371825e-05,1.27007717065601e-05,132651.107246374,132651.120327267,132651.133002014,0.000132651107271437,0.000132651120365253,0.00013265113302662,132651.020485737,132651.033598293,132651.046265284,0.000132651020490472,0.000132651033593786,0.000132651046267094,132642.537311965,132642.549880874,132642.562168297,0.000132642537311725,0.000132642549880966,0.000132642562168462,132634.06506667,132634.076984269,132634.088489678,0.000132634065066504,0.000132634076984521,0.000132634088489783,3812.30357095343,3816.0316671255,3813.10603861103,9.41315584228677e-06,5.06521272551932e-06,7.47506531624902e-06
0.039,12701.7263699855,12701.7509342848,12701.7093341987,9473.63046704016,9473.66590192194,9473.66721810537,12701.7263699855,12701.7509342848,12701.7093341987,9473.63045437598,9473.6658892572,9473.66720544049,12700.781623268,12700.8060231138,12700.7647317364,9088.01322884013,9088.04899070062,9088.04942439022,132651.114562416,132651.089365467,132651.072866863,868.897512607461,868.900990883007,868.897532983892,132651.027801822,132651.00263658,132650.986130407,868.897512607461,868.900990883007,868.897532983892,132651.027801822,132651.00263658,132650.986130407,868.892052455002,868.895530714411,868.892072781256,132651.027801822,132651.00263658,132650.986130407,0.00830279032952201,0.00830276769394367,0.00830279845194133,132650.941062564,132650.915890699,132650.899393483,868.892052455002,868.895530714411,868.892072781256,132634.15900316,132634.133531913,132634.116560434,868.861108988992,868.864581577104,868.861117453122,3812.3043585682,3816.03111857751,3813.10634707133,1439.59612644511,1439.59663002864,1439.59586743112,132634.072269527,132634.046797844,132634.029826627,868.8609765872,868.864449175321,868.860985051337,0,0,0,5.93671754491086e-11,0,0,12701.7263699855,12701.7509342848,12701.7093341987,1.27017211427449e-05,1.27017438666199e-05,1.27017084755612e-05,12700.781623268,12700.8060231138,12700.7647317364,1.27007831961434e-05,1.27008044760004e-05,1.27007642830901e-05,132651.114562416,132651.089365467,132651.072866863,0.000132651114587478,0.000132651089403453,0.000132651072891469,132651.027801822,132651.00263658,132650.986130407,0.000132651027806557,0.000132651002632073,0.000132650986132217,132642.544594046,132642.519064351,132642.502236645,0.000132642544593806,0.000132642519064443,0.00013264250223681,132634.072269527,132634.046797844,132634.029826627,0.000132634072269362,0.000132634046798096,0.000132634029826733,3812.3043585682,3816.03111857751,3813.10634707133,9.4131556503228e-06,5.06521400265772e-06,7.47506414890308e-06
0.04,12701.7378700061,12701.7459446369,12701.7117377395,9473.62081898935,9473.66179649007,9473.63860644427,12701.7378700061,12701.7459446369,12701.7117377395,9473.62080632516,9473.66178382534,9473.63859377939,12700.793124101,12700.8010339127,12700.767138192,9088.00377516426,9088.0445360549,9088.02071628428,132651.115134622,132651.125745003,132651.126698624,868.897540795656,868.899174587247,868.895242573197,132651.028374025,132651.039016285,132651.039962401,868.897540795656,868.899174587247,868.895242573197,132651.028374025,132651.039016285,132651.039962401,868.892080653986,868.893714347216,868.889782345293,132651.028374025,132651.039016285,132651.039962401,0.00830274588305374,0.00830276251599511,0.00830282462760224,132650.941634764,132650.952270574,132650.95322571,868.892080653986,868.893714347216,868.889782345293,132634.159538813,132634.171036802,132634.171936689,868.861137197371,868.862795768972,868.858865485071,3812.30473840459,3816.03057952125,3813.10712278673,1439.59647155844,1439.59650838728,1439.59584474755,132634.072805176,132634.084302899,132634.085203111,868.861004795578,868.862663367134,868.858733083237,0,0,0,5.93671789343343e-11,0,0,12701.7378700061,12701.7459446369,12701.7117377395,1.27017326427648e-05,1.27017388769748e-05,1.27017108791066e-05,12700.793124101,12700.8010339127,12700.767138192,1.27007946969769e-05,1.27007994867983e-05,1.27007666895474e-05,132651.115134622,132651.125745003,132651.126698624,0.000132651115159685,0.000132651125782989,0.000132651126723228,132651.028374025,132651.039016285,132651.039962401,0.00013265102837876,0.000132651039011779,0.00013265103996421,132642.545139338,132642.556263291,132642.557177846,0.000132642545139099,0.000132642556263383,0.00013264255717801,132634.072805176,132634.084302899,132634.085203111,0.000132634072805011,0.000132634084303152,0.000132634085203215,3812.30473840459,3816.03057952125,3813.10712278673,9.41315455045327e-06,5.06521502991618e-06,7.47506326262037e-06
0.041,12701.7437751171,12701.7360007984,12701.7105560554,9473.61863657717,9473.64946185411,9473.61110867987,12701.7437751171,12701.7360007984,12701.7105560554,9473.61862391297,9473.64944918939,9473.61109601499,12700.7990293169,12700.7910913765,12700.7659592406,9088.00164970799,9088.03181159398,9087.99331710896,132651.114906941,132651.08919722,132651.101579756,868.897465627631,868.896682030884,868.893767372102,132651.028146346,132651.002468745,132651.014843686,868.897465627631,868.896682030884,868.893767372102,132651.028146346,132651.002468745,132651.014843686,868.892005475999,868.891221810724,868.888307208042,132651.028146346,132651.002468745,132651.014843686,0.00830271965491279,0.0083027546675829,0.00830275879421834,132650.941407088,132650.915723276,132650.928107147,868.892005475999,868.891221810724,868.888307208042,132634.159335822,132634.136937911,132634.148545226,868.861062304287,868.860245164501,868.857339168753,3812.30464190456,3816.03022158684,3813.10803037615,1439.59673111826,1439.5962833656,1439.59597252826,132634.072602187,132634.050204256,132634.061811806,868.860929902486,868.860112762687,868.857206766951,0,0,0,5.93671723822094e-11,0,0,12701.7437751171,12701.7360007984,12701.7105560554,1.27017385478763e-05,1.27017289331424e-05,1.27017096974262e-05,12700.7990293169,12700.7910913765,12700.7659592406,1.2700800602194e-05,1.27007895442614e-05,1.27007655105979e-05,132651.114906941,132651.08919722,132651.101579756,0.000132651114932004,0.000132651089235206,0.000132651101604361,132651.028146346,132651.002468745,132651.014843686,0.000132651028151081,0.000132651002464238,0.000132651014845495,132642.54492337,132642.520744794,132642.53276984,0.00013264254492313,0.000132642520744887,0.000132642532770004,132634.072602187,132634.050204256,132634.061811806,0.000132634072602022,0.000132634050204509,0.000132634061811911,3812.30464190456,3816.03022158684,3813.10803037615,9.41315303752117e-06,5.06521549553661e-06,7.475062898477e-06
0.042,12701.7451470529,12701.7264317006,12701.7149019474,9473.61933041823,9473.62828857483,9473.5896513069,12701.7451470529,12701.7264317006,12701.7149019474,9473.61931775404,9473.62827591012,9473.58963864201,12700.8004011229,12700.781524485,12700.7703071984,9088.00221040057,9088.01031684692,9087.97206519676,132651.11391761,132651.106563781,132651.115159476,868.896805383853,868.893937981253,868.893134620075,132651.027157072,132651.019835578,132651.028423474,868.896805383853,868.893937981253,868.893134620075,132651.027157072,132651.019835578,132651.028423474,868.891345205455,868.888477742329,868.887674476179,132651.027157072,132651.019835578,132651.028423474,0.00830270136561481,0.00830276333810804,0.00830273562186913,132650.94041787,132650.933090381,132650.941687004,868.891345205455,868.888477742329,868.887674476179,132634.15851694,132634.151846577,132634.160160769,868.860405304536,868.85757791581,868.856749410037,3812.30417822793,3816.03040586862,3813.10893139901,1439.59682983937,1439.59609706438,1439.59627752297,132634.071783362,132634.065113186,132634.073427413,868.860272902721,868.857445513978,868.856617008231,0,0,0,5.93671259672101e-11,0,0,12701.7451470529,12701.7264317006,12701.7149019474,1.27017399198147e-05,1.27017193640517e-05,1.27017140433198e-05,12700.8004011229,12700.781524485,12700.7703071984,1.27008019740019e-05,1.27007799773697e-05,1.27007698585573e-05,132651.11391761,132651.106563781,132651.115159476,0.000132651113942673,0.000132651106601766,0.000132651115184081,132651.027157072,132651.019835578,132651.028423474,0.000132651027161808,0.00013265101983107,0.000132651028425284,132642.544026652,132642.537074081,132642.545481489,0.000132642544026413,0.000132642537074172,0.000132642545481654,132634.071783362,132634.065113186,132634.073427413,0.000132634071783197,0.000132634065113438,0.000132634073427518,3812.30417822793,3816.03040586862,3813.10893139901,9.41315205056978e-06,5.0652153307132e-06,7.47506367330598e-06
0.043,12701.7415790984,12701.7175503844,12701.7195138361,9473.61732153145,9473.60114325,9473.57716990766,12701.7415790984,12701.7175503844,12701.7195138361,9473.61730886725,9473.6011305853,9473.57715724277,12700.7968333813,12700.7726459415,12700.7749202304,9087.99989897774,9087.98301971881,9087.95980433771,132651.110866216,132651.121286035,132651.12291945,868.895305108634,868.891490311398,868.893075885579,132651.024105817,132651.034558079,132651.036183456,868.895305108634,868.891490311398,868.893075885579,132651.024105817,132651.034558079,132651.036183456,868.889844900637,868.886030084728,868.887615754565,132651.024105817,132651.034558079,132651.036183456,0.00830269704830964,0.00830275632021857,0.00830270295246071,132650.937366755,132650.947813129,132650.949446993,868.889844900637,868.886030084728,868.887615754565,132634.155581631,132634.163610702,132634.166699626,868.858901057967,868.855053856151,868.856667195987,3812.30358379274,3816.03093117374,3813.10944316729,1439.59675567955,1439.59599608085,1439.59661232292,132634.068848193,132634.076877566,132634.07996628,868.85876865614,868.854921454312,868.856534794178,0,0,0,5.93670252643102e-11,0,0,12701.7415790984,12701.7175503844,12701.7195138361,1.27017363518648e-05,1.27017104827426e-05,1.27017186552085e-05,12700.7968333813,12700.7726459415,12700.7749202304,1.27007984062615e-05,1.27007710988265e-05,1.27007744715904e-05,132651.110866216,132651.121286035,132651.12291945,0.000132651110891279,0.00013265112132402,0.000132651122944055,132651.024105817,132651.034558079,132651.036183456,0.000132651024110552,0.000132651034553571,0.000132651036185266,132642.541035539,132642.550448466,132642.552681734,0.0001326425410353,0.000132642550448558,0.000132642552681899,132634.068848193,132634.076877566,132634.07996628,0.000132634068848028,0.000132634076877819,0.000132634079966385,3812.30358379274,3816.03093117374,3813.10944316729,9.4131518349016e-06,5.06521469312439e-06,7.47506501385225e-06
0.044,12701.7348890681,12701.7093528048,12701.7217810159,9473.60809806693,9473.57300247108,9473.57293075896,12701.7348890681,12701.7093528048,12701.7217810159,9473.60808540274,9473.57298980639,9473.57291809407,12700.7901443477,12700.7644511815,12700.77718776,9087.9902922881,9087.95491026326,9087.95567248886,132651.107840637,132651.095779626,132651.120807842,868.89302939027,868.889742715428,868.893094751694,132651.021080458,132651.009051849,132651.034071841,868.89302939027,868.889742715428,868.893094751694,132651.021080458,132651.009051849,132651.034071841,868.887569160444,868.884282547619,868.887634617667,132651.021080458,132651.009051849,132651.034071841,0.0083026990171087,0.00830270147842968,0.00830264601307877,132650.934341614,132650.922307079,132650.947335371,868.887569160444,868.884282547619,868.887634617667,132634.152506625,132634.139464928,132634.164702604,868.856632472255,868.853363109265,868.856688097772,3812.30316201552,3816.03184838186,3813.10950276046,1439.59656259196,1439.59609857045,1439.59691629518,132634.065773405,132634.052731966,132634.077969251,868.856500070419,868.853230707457,868.856555695957,0,0,0,5.9366876526524e-11,0,0,12701.7348890681,12701.7093528048,12701.7217810159,1.27017296618407e-05,1.27017022851696e-05,1.27017209223876e-05,12700.7901443477,12700.7644511815,12700.77718776,1.27007917172278e-05,1.2700762904067e-05,1.27007767391206e-05,132651.107840637,132651.095779626,132651.120807842,0.000132651107865699,0.000132651095817611,0.000132651120832447,132651.021080458,132651.009051849,132651.034071841,0.000132651021085192,0.000132651009047342,0.00013265103407365,132642.537986349,132642.525408106,132642.550606421,0.000132642537986109,0.000132642525408199,0.000132642550606586,132634.065773405,132634.052731966,132634.077969251,0.000132634065773239,0.000132634052732219,0.000132634077969355,3812.30316201552,3816.03184838186,3813.10950276046,9.41315295110499e-06,5.06521389237683e-06,7.47506691257534e-06
0.045,12701.7246264822,12701.7067551946,12701.7238020345,9473.58988989444,9473.54938134734,9473.57329510761,12701.7246264822,12701.7067551946,12701.7238020345,9473.58987723026,9473.54936868265,9473.57328244271,12700.7798836674,12700.7618558843,12700.7792086919,9087.97173183923,9087.93147003543,9087.95596695646,132651.111951091,132651.136394207,132651.10923064,868.890340724093,868.888860295962,868.892674852298,132651.025191177,132651.049666525,132651.022494674,868.890340724093,868.888860295962,868.892674852298,132651.025191177,132651.049666525,132651.022494674,868.884880484321,868.883400127592,868.887214709328,132651.025191177,132651.049666525,132651.022494674,0.00830270137913116,0.00830271208511892,0.00830264895114434,132650.938452598,132650.962921849,132650.93575824,868.884880484321,868.883400127592,868.887214709328,132634.156563814,132634.181215205,132634.152822132,868.853937738494,868.852450299679,868.856279372911,3812.30312325952,3816.03273901412,3813.10914046949,1439.5963469705,1439.59634308127,1439.59707144845,132634.069830858,132634.094482341,132634.066088814,868.853805336648,868.852317897841,868.856146971098,0,0,0,5.93667044141265e-11,0,0,12701.7246264822,12701.7067551946,12701.7238020345,1.27017193992621e-05,1.27016996875628e-05,1.27017229434043e-05,12700.7798836674,12700.7618558843,12700.7792086919,1.27007814565455e-05,1.27007603087703e-05,1.27007787600517e-05,132651.111951091,132651.136394207,132651.10923064,0.000132651111976154,0.000132651136432191,0.000132651109255245,132651.025191177,132651.049666525,132651.022494674,0.000132651025195912,0.000132651049662017,0.000132651022496484,132642.5421044,132642.566796936,132642.53882161,0.00013264254210416,0.000132642566797028,0.000132642538821774,132634.069830858,132634.094482341,132634.066088814,0.000132634069830693,0.000132634094482594,0.000132634066088918,3812.30312325952,3816.03273901412,3813.10914046949,9.41315487284672e-06,5.06521334131386e-06,7.47506851885168e-06
0.046,12701.7165983385,12701.7030490677,12701.7232927819,9473.56440555226,9473.53394276154,9473.57278798882,12701.7165983385,12701.7030490677,12701.7232927819,9473.5643928881,9473.53393009686,9473.57277532393,12700.7718581461,12700.7581512366,12700.7786995453,9087.94603296049,9087.9162549158,9087.9552078268,132651.108609735,132651.111531218,132651.133997428,868.887756503547,868.888661882907,868.891469787118,132651.021850079,132651.024803557,132651.04726157,868.887756503547,868.888661882907,868.891469787118,132651.021850079,132651.024803557,132651.04726157,868.882296282637,868.883201760381,868.886009585069,132651.021850079,132651.024803557,132651.04726157,0.00830268918723564,0.00830261608754657,0.00830262690900417,132650.935111759,132650.938058902,132650.960525245,868.882296282637,868.883201760381,868.886009585069,132634.153582562,132634.157064883,132634.176933756,868.851357658631,868.852258123218,868.855069295487,3812.30356020537,3816.03339667107,3813.10855153422,1439.59621959797,1439.59668846729,1439.59705232282,132634.066849865,132634.070332039,132634.090200546,868.851225256789,868.852125721405,868.854936893631,0,0,0,5.93665423800674e-11,0,0,12701.7165983385,12701.7030490677,12701.7232927819,1.27017113711257e-05,1.27016959814387e-05,1.27017224341512e-05,12700.7718581461,12700.7581512366,12700.7786995453,1.27007734310214e-05,1.27007566041237e-05,1.27007782509045e-05,132651.108609735,132651.111531218,132651.133997428,0.000132651108634798,0.000132651111569203,0.000132651134022032,132651.021850079,132651.024803557,132651.04726157,0.000132651021854815,0.000132651024799049,0.00013265104726338,132642.53889988,132642.542048381,132642.563495265,0.000132642538899642,0.000132642542048472,0.000132642563495429,132634.066849865,132634.070332039,132634.090200546,0.000132634066849701,0.000132634070332291,0.00013263409020065,3812.30356020537,3816.03339667107,3813.10855153422,9.41315718396889e-06,5.06521332167017e-06,7.47506947369729e-06
0.047,12701.7069203359,12701.7038900086,12701.7185270335,9473.53610722878,9473.52730275092,9473.56633322101,12701.7069203359,12701.7038900086,12701.7185270335,9473.53609456463,9473.52729008624,9473.56632055612,12700.7621829958,12700.7589927702,12700.7739345121,9087.91770795521,9087.90976696827,9087.94838566558,132651.119632818,132651.124236026,132651.092298393,868.885755691832,868.88871545009,868.889433074734,132651.032873367,132651.037508359,132651.005562731,868.885755691832,868.88871545009,868.889433074734,132651.032873367,132651.037508359,132651.005562731,868.880295492755,868.883255322519,868.883972887274,132651.032873367,132651.037508359,132651.005562731,0.00830267406116631,0.00830262942843142,0.00830262556841788,132650.946135252,132650.950763699,132650.918826601,868.880295492755,868.883255322519,868.883972887274,132634.164408276,132634.168942937,132634.138621166,868.849354965193,868.852313852896,868.85302081717,3812.30436234423,3816.03361720621,3813.10801805851,1439.59625278492,1439.59702142973,1439.59688682752,132634.077675784,132634.082210087,132634.051888153,868.849222563348,868.852181451071,868.852888415341,0,0,0,5.93664200957321e-11,0,0,12701.7069203359,12701.7038900086,12701.7185270335,1.27017016931291e-05,1.27016968223794e-05,1.27017176684021e-05,12700.7621829958,12700.7589927702,12700.7739345121,1.27007637558669e-05,1.27007574456577e-05,1.27007734858699e-05,132651.119632818,132651.124236026,132651.092298393,0.00013265111965788,0.00013265112427401,0.000132651092322998,132651.032873367,132651.037508359,132651.005562731,0.000132651032878102,0.000132651037503852,0.000132651005564541,132642.549859378,132642.55441138,132642.523238717,0.000132642549859138,0.000132642554411472,0.000132642523238882,132634.077675784,132634.082210087,132634.051888153,0.000132634077675619,0.00013263408221034,0.000132634051888258,3812.30436234423,3816.03361720621,3813.10801805851,9.41315912582154e-06,5.06521391771602e-06,7.47506950686648e-06
0.048,12701.7020212194,12701.7034798382,12701.7160537324,9473.51050632345,9473.52671060909,9473.55111679452,12701.7020212194,12701.7034798382,12701.7160537324,9473.5104936593,9473.52669794441,9473.55110412964,12700.7572864081,12700.7585826548,12700.7714628575,9087.89224460837,9087.90916763107,9087.93279265943,132651.119277144,132651.129102842,132651.128411499,868.884592754934,868.888492508092,868.886832892888,132651.032517815,132651.042375189,132651.041676091,868.884592754934,868.888492508092,868.886832892888,132651.032517815,132651.042375189,132651.041676091,868.87913259405,868.88303235556,868.881372653225,132651.032517815,132651.042375189,132651.041676091,0.00830263401666613,0.00830257276154368,0.00830264230808641,132650.945779822,132650.955630543,132650.954940214,868.87913259405,868.88303235556,868.881372653225,132634.163791961,132634.173893391,132634.175332661,868.84818971065,868.852098992652,868.850457515308,3812.30528637861,3816.03338453197,3813.10786121724,1439.59645876992,1439.59722972556,1439.59667279408,132634.077059592,132634.087160554,132634.088599897,868.848057308815,868.851966590809,868.850325113433,0,0,0,5.93663519463425e-11,0,0,12701.7020212194,12701.7034798382,12701.7160537324,1.27016967940173e-05,1.27016964122092e-05,1.27017151951014e-05,12700.7572864081,12700.7585826548,12700.7714628575,1.27007588592761e-05,1.27007570355429e-05,1.27007710142146e-05,132651.119277144,132651.129102842,132651.128411499,0.000132651119302206,0.000132651129140826,0.000132651128436105,132651.032517815,132651.042375189,132651.041676091,0.00013265103252255,0.000132651042370681,0.000132651041677901,132642.549326195,132642.559353172,132642.559844609,0.000132642549325955,0.000132642559353264,0.000132642559844775,132634.077059592,132634.087160554,132634.088599897,0.000132634077059426,0.000132634087160807,0.000132634088600003,3812.30528637861,3816.03338453197,3813.10786121724,9.41316008191171e-06,5.06521500939531e-06,7.47506875790987e-06
0.049,12701.6977565719,12701.703434994,12701.709832391,9473.49213192084,9473.5271145685,9473.52776656381,12701.6977565719,12701.703434994,12701.709832391,9473.49211925669,9473.52710190382,9473.52775389893,12700.7530235363,12700.758537814,12700.7652439414,9087.87409358659,9087.90937771743,9087.90917986021,132651.12679223,132651.114634619,132651.107435665,868.88420268181,868.887575878685,868.884163521881,132651.040032945,132651.027907048,132651.020700523,868.88420268181,868.887575878685,868.884163521881,132651.040032945,132651.027907048,132651.020700523,868.878742543583,868.882115712706,868.878703313896,132651.040032945,132651.027907048,132651.020700523,0.00830259999363414,0.00830257195931268,0.00830262232856979,132650.953294995,132650.941162485,132650.933964912,868.878742543583,868.882115712706,868.878703313896,132634.170896833,132634.159055923,132634.152689091,868.847802194857,868.851154823244,868.847733763755,3812.30604977641,3816.03282311773,3813.10809535425,1439.59678686891,1439.59727045563,1439.59649280536,132634.084164507,132634.072323172,132634.065956599,868.847669793021,868.851022421402,868.847601361902,0,0,0,5.93663317026412e-11,0,0,12701.6977565719,12701.703434994,12701.709832391,1.27016925293722e-05,1.27016963673649e-05,1.27017089737606e-05,12700.7530235363,12700.758537814,12700.7652439414,1.27007545964014e-05,1.27007569907019e-05,1.27007647952982e-05,132651.12679223,132651.114634619,132651.107435665,0.000132651126817293,0.000132651114672604,0.000132651107460269,132651.040032945,132651.027907048,132651.020700523,0.00013265104003768,0.000132651027902541,0.000132651020702332,132642.55665975,132642.544564293,132642.537755656,0.000132642556659511,0.000132642544564385,0.00013264253775582,132634.084164507,132634.072323172,132634.065956599,0.000132634084164341,0.000132634072323425,0.000132634065956704,3812.30604977641,3816.03282311773,3813.10809535425,9.41315989033543e-06,5.0652162252816e-06,7.47506754878813e-06
0.05,12701.6959296265,12701.703246837,12701.7065232981,9473.48265195869,9473.52313107594,9473.49984412088,12701.6959296265,12701.703246837,12701.7065232981,9473.48263929455,9473.52311841127,9473.499831456,12700.7511974759,12700.7583501666,12700.7619376869,9087.86480254007,9087.90505641812,9087.88116233949,132651.128097905,132651.118436794,132651.117224481,868.884227706992,868.88580699534,868.881923930892,132651.041338616,132651.03170939,132651.030489566,868.884227706992,868.88580699534,868.881923930892,132651.041338616,132651.03170939,132651.030489566,868.878767578831,868.880346792675,868.876463739753,132651.041338616,132651.03170939,132651.030489566,0.00830255866884057,0.0083025698147873,0.00830261190419094,132650.954600663,132650.944964993,132650.943754183,868.878767578831,868.880346792675,868.876463739753,132634.172144863,132634.16104519,132634.159689479,868.847825361365,868.849436380567,868.845551474595,3812.30641839354,3816.0322897435,3813.10883353806,1439.59713191419,1439.59715082637,1439.59647806674,132634.085412534,132634.0743126,132634.072957208,868.847692959528,868.849303978708,868.845419072741,0,0,0,5.93663349689585e-11,0,0,12701.6959296265,12701.703246837,12701.7065232981,1.27016907024277e-05,1.27016961792086e-05,1.27017056646678e-05,12700.7511974759,12700.7583501666,12700.7619376869,1.27007527703397e-05,1.27007568030537e-05,1.27007614890441e-05,132651.128097905,132651.118436794,132651.117224481,0.000132651128122967,0.000132651118474779,0.000132651117249085,132651.041338616,132651.03170939,132651.030489566,0.000132651041343351,0.000132651031704883,0.000132651030491375,132642.557934335,132642.547453964,132642.546134688,0.000132642557934096,0.000132642547454056,0.000132642546134851,132634.085412534,132634.0743126,132634.072957208,0.000132634085412369,0.000132634074312853,0.000132634072957313,3812.30641839354,3816.0322897435,3813.10883353806,9.41315881416725e-06,5.06521721867881e-06,7.475066664229e-06
0.051,12701.6953482316,12701.7032047848,12701.7049648631,9473.4804419946,9473.51111648097,9473.47287610555,12701.6953482316,12701.7032047848,12701.7049648631,9473.48042933046,9473.51110381629,9473.47286344068,12700.7506162762,12700.7583094551,12700.7603819322,9087.8626505586,9087.89266471659,9087.85429115332,132651.127971841,132651.129657624,132651.134114944,868.884155314518,868.883369982701,868.880470466699,132651.041212554,132651.042930457,132651.047380181,868.884155314518,868.883369982701,868.880470466699,132651.041212554,132651.042930457,132651.047380181,868.878695176355,868.877909752241,868.875010298761,132651.041212554,132651.042930457,132651.047380181,0.00830252963019068,0.00830257509184396,0.00830259333392953,132650.954474603,132650.956186296,132650.960644949,868.878695176355,868.877909752241,868.875010298761,132634.172026979,132634.172742668,132634.176979485,868.847752833829,868.84694126954,868.844051065471,3812.30632405306,3816.0319278703,3813.10970904672,1439.59739217177,1439.596927834,1439.59661119263,132634.085294652,132634.08601032,132634.090247371,868.847620431983,868.846808867658,868.84391866361,0,0,0,5.93663286392665e-11,0,0,12701.6953482316,12701.7032047848,12701.7049648631,1.27016901210328e-05,1.27016961371576e-05,1.27017041062323e-05,12700.7506162762,12700.7583094551,12700.7603819322,1.27007521891395e-05,1.27007567623406e-05,1.27007599332901e-05,132651.127971841,132651.129657624,132651.134114944,0.000132651127996903,0.000132651129695608,0.000132651134139549,132651.041212554,132651.042930457,132651.047380181,0.000132651041217289,0.000132651042925949,0.000132651047381991,132642.557812126,132642.559049708,132642.563371009,0.000132642557811887,0.0001326425590498,0.000132642563371174,132634.085294652,132634.08601032,132634.090247371,0.000132634085294486,0.000132634086010572,0.000132634090247477,3812.30632405306,3816.0319278703,3813.10970904672,9.41315732068735e-06,5.06521767242951e-06,7.47506628131888e-06
0.052,12701.6951502946,12701.7023594587,12701.7018862378,9473.48108196981,9473.49045685363,9473.45172265024,12701.6951502946,12701.7023594587,12701.7018862378,9473.48106930567,9473.49044418896,9473.45170998537,12700.7504183191,12700.7574663153,12700.7573053632,9087.86316628057,9087.87169531022,9087.8333429856,132651.124984157,132651.096193583,132651.117775192,868.88351620553,868.880680256337,868.879837892683,132651.038224925,132651.009466682,132651.031040495,868.88351620553,868.880680256337,868.879837892683,132651.038224925,132651.009466682,132651.031040495,868.878056043768,868.875220057834,868.874377771615,132651.038224925,132651.009466682,132651.031040495,0.00830251473501609,0.00830255644707801,0.0083025264517094,132650.95148703,132650.922722788,132650.944305331,868.878056043768,868.875220057834,868.874377771615,132634.169176419,132634.143107465,132634.162917168,868.84711777014,868.844303187895,868.843444663018,3812.30587262168,3816.0320699581,3813.1105625353,1439.59749074932,1439.59673447816,1439.59690681986,132634.082444146,132634.056375378,132634.076185118,868.846985368283,868.84417078604,868.843312261177,0,0,0,5.93662836371719e-11,0,0,12701.6951502946,12701.7023594587,12701.7018862378,1.27016899230953e-05,1.27016952918336e-05,1.2701701027606e-05,12700.7504183191,12700.7574663153,12700.7573053632,1.27007519911822e-05,1.27007559191987e-05,1.27007568567222e-05,132651.124984157,132651.096193583,132651.117775192,0.00013265112500922,0.000132651096231567,0.000132651117799796,132651.038224925,132651.009466682,132651.031040495,0.00013265103822966,0.000132651009462174,0.000132651031042305,132642.554884801,132642.527386972,132642.54811037,0.000132642554884562,0.000132642527387064,0.000132642548110535,132634.082444146,132634.056375378,132634.076185118,0.000132634082443981,0.000132634056375631,0.000132634076185224,3812.30587262168,3816.0320699581,3813.1105625353,9.41315630718807e-06,5.06521751340383e-06,7.4750669563729e-06
0.053,12701.6952006371,12701.7052974304,12701.7039621409,9473.47917560394,9473.46392717941,9473.43923502068,12701.6952006371,12701.7052974304,12701.7039621409,9473.47916293979,9473.46391451473,9473.43922235581,12700.750468947,12700.7604070167,12700.759382424,9087.86097445048,9087.84501866091,9087.82107503522,132651.125848706,132651.145289614,132651.136507252,868.882063603575,868.878267684389,868.879766782825,132651.039089609,132651.058562956,132651.049772566,868.882063603575,868.878267684389,868.879766782825,132651.039089609,132651.058562956,132651.049772566,868.876603409065,868.872807459784,868.874306663678,132651.039089609,132651.058562956,132651.049772566,0.00830250949781737,0.00830257938671632,0.00830252513680658,132650.952351848,132650.971819306,132650.963037411,868.876603409065,868.872807459784,868.874306663678,132634.170281997,132634.191595391,132634.181291958,868.845662352228,868.84185969871,868.843364955708,3812.30529813348,3816.03260575564,3813.11106683577,1439.59741688598,1439.59663943674,1439.59724492339,132634.083549859,132634.104863551,132634.094559919,868.845529950355,868.841727296811,868.843232553853,0,0,0,5.93661860115519e-11,0,0,12701.6952006371,12701.7052974304,12701.7039621409,1.27016899734381e-05,1.2701698229806e-05,1.2701703103507e-05,12700.750468947,12700.7604070167,12700.759382424,1.27007520418096e-05,1.27007588598977e-05,1.27007589337835e-05,132651.125848706,132651.145289614,132651.136507252,0.000132651125873768,0.000132651145327599,0.000132651136531856,132651.039089609,132651.058562956,132651.049772566,0.000132651039094343,0.00013265105855845,0.000132651049774375,132642.555900788,132642.576572588,132642.566798844,0.000132642555900548,0.000132642576572681,0.000132642566799008,132634.083549859,132634.104863551,132634.094559919,0.000132634083549693,0.000132634104863804,0.000132634094560024,3812.30529813348,3816.03260575564,3813.11106683577,9.41315614353465e-06,5.06521689231902e-06,7.4750683086445e-06
0.054,12701.6967824225,12701.7057473918,12701.702709304,9473.47037577155,9473.4364255633,9473.43483258635,12701.6967824225,12701.7057473918,12701.702709304,9473.4703631074,9473.43641289862,9473.43481992148,12700.752051758,12700.7608597326,12700.7581299879,9087.85181070252,9087.81755435416,9087.81679165155,132651.118157398,132651.104429097,132651.133423914,868.879862426104,868.876537376327,868.879783804466,132651.031398513,132651.017702617,132651.046689221,868.879862426104,868.876537376327,868.879783804466,132651.031398513,132651.017702617,132651.046689221,868.874402215536,868.871077226021,868.874323683108,132651.031398513,132651.017702617,132651.046689221,0.00830251054241616,0.00830250817505446,0.00830245938653044,132650.944660964,132650.930959144,132650.95995406,868.874402215536,868.871077226021,868.874323683108,132634.163008367,132634.149177278,132634.17798288,868.843464275797,868.840134055155,868.843382434216,3812.30488921798,3816.03344372772,3813.11112237345,1439.59722323335,1439.59671401739,1439.59753394981,132634.07627644,132634.062445616,132634.091250835,868.843331873919,868.840001653306,868.843250032356,0,0,0,5.93660419537251e-11,0,0,12701.6967824225,12701.7057473918,12701.702709304,1.27016915552243e-05,1.27016986797688e-05,1.2701701850669e-05,12700.752051758,12700.7608597326,12700.7581299879,1.27007536246194e-05,1.27007593126114e-05,1.27007576813483e-05,132651.118157398,132651.104429097,132651.133423914,0.00013265111818246,0.000132651104467081,0.000132651133448519,132651.031398513,132651.017702617,132651.046689221,0.000132651031403248,0.00013265101769811,0.000132651046691031,132642.548388143,132642.53457036,132642.563571577,0.000132642548387904,0.000132642534570451,0.000132642563571741,132634.07627644,132634.062445616,132634.091250835,0.000132634076276275,0.000132634062445868,0.00013263409125094,3812.30488921798,3816.03344372772,3813.11112237345,9.41315713012045e-06,5.06521613311248e-06,7.47507005040535e-06
0.055,12701.6979320504,12701.7108599784,12701.7034382271,9473.45303492646,9473.41321347235,9473.434985792,12701.6979320504,12701.7108599784,12701.7034382271,9473.45302226232,9473.41320080767,9473.43497312713,12700.7532032544,12700.7659745769,12700.7588588783,9087.83413940027,9087.79452229845,9087.81689585476,132651.125877051,132651.145415816,132651.122583707,868.877262862213,868.875640466953,868.879395504108,132651.039118422,132651.058689433,132651.035849047,868.877262862213,868.875640466953,868.879395504108,132651.039118422,132651.058689433,132651.035849047,868.871802638005,868.870180313887,868.873935374422,132651.039118422,132651.058689433,132651.035849047,0.00830251466112012,0.00830252212464796,0.00830246198936708,132650.952381129,132650.971946056,132650.949113919,868.871802638005,868.870180313887,868.873935374422,132634.170401952,132634.18771489,132634.167874633,868.840865913061,868.839249773574,868.842989763267,3812.30485888999,3816.0343219568,3813.11076749142,1439.5970058,1439.59695042169,1439.59768750974,132634.083670281,132634.100983322,132634.08114262,868.840733511169,868.839117371696,868.842857361408,0,0,0,5.93658753094661e-11,0,0,12701.6979320504,12701.7108599784,12701.7034382271,1.2701692704854e-05,1.27017037923541e-05,1.27017025795908e-05,12700.7532032544,12700.7659745769,12700.7588588783,1.27007547761133e-05,1.27007644274534e-05,1.27007584102384e-05,132651.125877051,132651.145415816,132651.122583707,0.000132651125902114,0.0001326511454538,0.000132651122608312,132651.039118422,132651.058689433,132651.035849047,0.000132651039123158,0.000132651058684925,0.000132651035850857,132642.555999529,132642.574504083,132642.553058258,0.000132642555999291,0.000132642574504174,0.000132642553058422,132634.083670281,132634.100983322,132634.08114262,0.000132634083670116,0.000132634100983574,0.000132634081142725,3812.30485888999,3816.0343219568,3813.11076749142,9.4131590337455e-06,5.06521560039928e-06,7.47507163266265e-06
0.056,12701.7021187734,12701.7129957922,12701.703671762,9473.42876519559,9473.39790057516,9473.43453880739,12701.7021187734,12701.7129957922,12701.703671762,9473.42875253145,9473.39788791048,9473.43452614252,12700.7573925032,12700.7681118327,12700.7590925374,9087.80966823941,9087.7794399967,9087.81622717534,132651.121521147,132651.130110825,132651.136642886,868.874762809656,868.87541718925,868.87827020787,132651.034762768,132651.043384466,132651.049908328,868.874762809656,868.87541718925,868.87827020787,132651.034762768,132651.043384466,132651.049908328,868.869302605061,868.869957074129,868.872810031257,132651.034762768,132651.043384466,132651.049908328,0.00830250191005152,0.00830244469354578,0.00830244533982922,132650.948025726,132650.956641113,132650.963173301,868.869302605061,868.869957074129,868.872810031257,132634.165910088,132634.1735837,132634.180567591,868.838361381735,868.839008858776,868.841885647161,3812.30526717693,3816.0349271578,3813.11022883851,1439.59686501479,1439.5972573765,1439.59766942435,132634.079178668,132634.086852158,132634.093835679,868.83822897985,868.838876456916,868.841753245274,0,0,0,5.93657182371602e-11,0,0,12701.7021187734,12701.7129957922,12701.703671762,1.27016968915794e-05,1.2701705928167e-05,1.27017028131265e-05,12700.7573925032,12700.7681118327,12700.7590925374,1.27007589653592e-05,1.27007665647079e-05,1.27007586438976e-05,132651.121521147,132651.130110825,132651.136642886,0.000132651121546209,0.000132651130148809,0.000132651136667491,132651.034762768,132651.043384466,132651.049908328,0.000132651034767503,0.000132651043379959,0.000132651049910137,132642.551518036,132642.559621429,132642.566578599,0.000132642551517797,0.00013264255962152,0.000132642566578764,132634.079178668,132634.086852158,132634.093835679,0.000132634079178502,0.000132634086852411,0.000132634093835784,3812.30526717693,3816.0349271578,3813.11022883851,9.41316116629514e-06,5.06521559101067e-06,7.47507251082131e-06
0.057,12701.7065243382,12701.7161725765,12701.7031827904,9473.40184496012,9473.39104333481,9473.42870290235,12701.7065243382,12701.7161725765,12701.7031827904,9473.40183229597,9473.39103067012,9473.42869023748,12700.7618007878,12700.7712892102,12700.7586042589,9087.78272873544,9087.77274807489,9087.81006262587,132651.130614115,132651.135307083,132651.123251201,868.872816635346,868.875455723697,868.876370004919,132651.043855936,132651.048580719,132651.036516825,868.872816635346,868.875455723697,868.876370004919,132651.043855936,132651.048580719,132651.036516825,868.867356452555,868.869995608747,868.870909817428,132651.043855936,132651.048580719,132651.036516825,0.00830248665565051,0.00830242996831069,0.00830244534814059,132650.957119093,132650.961837362,132650.949781979,868.867356452555,868.869995608747,868.870909817428,132634.174807423,132634.179159891,132634.165626687,868.836421642801,868.83905477388,868.839949141367,3812.3060278279,3816.03513811989,3813.10971282511,1439.59687592326,1439.59756842263,1439.5975078468,132634.088076202,132634.092428344,132634.07889496,868.836289240914,868.838922372012,868.839816739482,0,0,0,5.93655989325088e-11,0,0,12701.7065243382,12701.7161725765,12701.7031827904,1.27017012971462e-05,1.27017091049495e-05,1.27017023241563e-05,12700.7618007878,12700.7712892102,12700.7586042589,1.27007633736406e-05,1.27007697420842e-05,1.27007581556188e-05,132651.130614115,132651.135307083,132651.123251201,0.000132651130639177,0.000132651135345067,0.000132651123275806,132651.043855936,132651.048580719,132651.036516825,0.00013265104386067,0.000132651048576212,0.000132651036518635,132642.560535164,132642.565037773,132642.552308428,0.000132642560534924,0.000132642565037865,0.000132642552308593,132634.088076202,132634.092428344,132634.07889496,0.000132634088076036,0.000132634092428596,0.000132634078895065,3812.3060278279,3816.03513811989,3813.10971282511,9.4131630191433e-06,5.06521615032092e-06,7.47507254258035e-06
0.058,12701.7121073282,12701.7175036185,12701.7039533234,9473.37743971654,9473.39013339121,9473.4147973027,12701.7121073282,12701.7175036185,12701.7039533234,9473.37742705239,9473.39012072653,9473.41478463784,12700.7673861748,12700.7726202997,12700.7593763151,9087.75846066016,9087.7718578391,9087.79581457148,132651.133327675,132651.134748152,132651.122188264,868.871668715832,868.87526221861,868.873940823958,132651.046569616,132651.048021802,132651.035454124,868.871668715832,868.87526221861,868.873940823958,132651.046569616,132651.048021802,132651.035454124,868.866208566442,868.869802088492,868.868480623789,132651.046569616,132651.048021802,132651.035454124,0.00830245268997833,0.00830240368382582,0.00830244768660764,132650.959832893,132650.961278458,132650.948719516,868.866208566442,868.869802088492,868.868480623789,132634.177589086,132634.178717046,132634.1654858,868.835265970222,868.838872627086,868.837567698209,3812.30688840275,3816.03492188799,3813.10956917584,1439.5970433854,1439.59775815645,1439.59730035852,132634.090857986,132634.091985511,132634.078754305,868.835133568341,868.838740225211,868.837435296316,0,0,0,5.93655312358027e-11,0,0,12701.7121073282,12701.7175036185,12701.7039533234,1.2701706880138e-05,1.27017104359904e-05,1.27017030946917e-05,12700.7673861748,12700.7726202997,12700.7593763151,1.27007689590252e-05,1.27007710731731e-05,1.2700758927675e-05,132651.133327675,132651.134748152,132651.122188264,0.000132651133352737,0.000132651134786136,0.000132651122212868,132651.046569616,132651.048021802,132651.035454124,0.000132651046574351,0.000132651048017295,0.000132651035455934,132642.563263449,132642.564529846,132642.55162972,0.00013264256326321,0.000132642564529938,0.000132642551629884,132634.090857986,132634.091985511,132634.078754305,0.000132634090857821,0.000132634091985764,0.000132634078754409,3812.30688840275,3816.03492188799,3813.10956917584,9.41316390841872e-06,5.06521716797243e-06,7.47507184672291e-06
0.059,12701.7181777313,12701.7174215977,12701.7067888601,9473.35980805107,9473.39045516882,9473.39339062477,12701.7181777313,12701.7174215977,12701.7067888601,9473.35979538691,9473.39044250413,9473.39337795991,12700.7734582467,12700.7725382693,12700.762214102,9087.74105008664,9087.77202475091,9087.77416952611,132651.136719929,132651.139083938,132651.13829038,868.871260619653,868.874445032958,868.871444972328,132651.049961915,132651.05235766,132651.05155649,868.871260619653,868.874445032958,868.871444972328,132651.049961915,132651.05235766,132651.05155649,868.865800494989,868.86898487055,868.865984765005,132651.049961915,132651.05235766,132651.05155649,0.00830241517211095,0.00830238723686969,0.00830245180175104,132650.963225237,132650.965614388,132650.964822131,868.865800494989,868.86898487055,868.865984765005,132634.180833358,132634.184288875,132634.184256518,868.834862675828,868.838030410921,868.83502727987,3812.30760040327,3816.03440020085,3813.10979148023,1439.59732745498,1439.59779532796,1439.59712200675,132634.094102302,132634.097557415,132634.097525276,868.834730273951,868.837898009025,868.834894877958,0,0,0,5.93655095031536e-11,0,0,12701.7181777313,12701.7174215977,12701.7067888601,1.27017129505423e-05,1.27017103539695e-05,1.27017059302308e-05,12700.7734582467,12700.7725382693,12700.762214102,1.27007750310959e-05,1.27007709911422e-05,1.27007617654623e-05,132651.136719929,132651.139083938,132651.13829038,0.000132651136744991,0.000132651139121922,0.000132651138314984,132651.049961915,132651.05235766,132651.05155649,0.00013265104996665,0.000132651052353153,0.000132651051558299,132642.566579918,132642.569501347,132642.569103164,0.000132642566579679,0.000132642569501439,0.000132642569103327,132634.094102302,132634.097557415,132634.097525276,0.000132634094102137,0.000132634097557668,0.00013263409752538,3812.30760040327,3816.03440020085,3813.10979148023,9.41316373009879e-06,5.0652183032202e-06,7.47507072392684e-06
0.06,12701.7223583072,12701.7158184543,12701.7082913423,9473.35055170377,9473.38699643688,9473.3677505295,12701.7223583072,12701.7158184543,12701.7082913423,9473.35053903961,9473.38698377219,9473.36773786463,12700.7776396474,12700.7709355448,12700.7637191956,9087.73198697955,9087.7682743565,9087.74844692053,132651.140047884,132651.114354206,132651.114115754,868.871263670721,868.87285206619,868.869347627842,132651.053289871,132651.027628079,132651.027382076,868.871263670721,868.87285206619,868.869347627842,132651.053289871,132651.027628079,132651.027382076,868.865803554357,868.867391899029,868.863887467771,132651.053289871,132651.027628079,132651.027382076,0.00830238313393377,0.00830238779594352,0.00830241475642291,132650.966553192,132650.940884958,132650.94064793,868.865803554357,868.867391899029,868.863887467771,132634.183957016,132634.160819195,132634.161126552,868.834863744759,868.836467855575,868.832960569872,3812.30794325116,3816.03388329791,3813.11044990352,1439.59763063312,1439.59768414095,1439.59708486652,132634.097225961,132634.074087882,132634.07439552,868.834731342879,868.83633545369,868.832828167988,0,0,0,5.93655113024969e-11,0,0,12701.7223583072,12701.7158184543,12701.7082913423,1.27017171311188e-05,1.27017087508274e-05,1.27017074327149e-05,12700.7776396474,12700.7709355448,12700.7637191956,1.27007792124963e-05,1.27007693884171e-05,1.27007632705567e-05,132651.140047884,132651.114354206,132651.114115754,0.000132651140072946,0.000132651114392189,0.000132651114140359,132651.053289871,132651.027628079,132651.027382076,0.000132651053294605,0.000132651027623571,0.000132651027383886,132642.569817536,132642.545225927,132642.545238271,0.000132642569817297,0.000132642545226018,0.000132642545238436,132634.097225961,132634.074087882,132634.07439552,0.000132634097225795,0.000132634074088135,0.000132634074395625,3812.30794325116,3816.03388329791,3813.11044990352,9.41316271205493e-06,5.06521922030569e-06,7.47506985231008e-06
0.061,12701.7256042928,12701.7153154881,12701.7157821859,9473.34818786241,9473.37630988309,9473.34289206938,12701.7256042928,12701.7153154881,12701.7157821859,9473.34817519824,9473.37629721841,9473.34287940451,12700.7808857893,12700.7704337677,12700.7712125033,9087.72969554401,9087.75725228943,9087.72367736121,132651.140047785,132651.151299112,132651.150293213,868.871202969217,868.870641058308,868.867975115401,132651.053289773,132651.064573198,132651.063559678,868.871202969217,868.870641058308,868.867975115401,132651.053289773,132651.064573198,132651.063559678,868.865742843664,868.865180836431,868.862514955958,132651.053289773,132651.064573198,132651.063559678,0.00830235134308235,0.00830240067532325,0.00830242203626368,132650.966553096,132650.977830292,132650.976825675,868.865742843664,868.865180836431,868.862514955958,132634.183963156,132634.194598846,132634.193932978,868.834803085078,868.834238293469,868.831574519959,3812.3078556167,3816.03356462234,3813.11127929593,1439.59786086329,1439.59748488737,1439.59719884632,132634.097232103,132634.107867749,132634.107202091,868.834670683191,868.83410589154,868.831442118052,0,0,0,5.93655059439447e-11,0,0,12701.7256042928,12701.7153154881,12701.7157821859,1.27017203771054e-05,1.27017082478629e-05,1.27017149235588e-05,12700.7808857893,12700.7704337677,12700.7712125033,1.27007824586391e-05,1.27007688866392e-05,1.2700770763865e-05,132651.140047785,132651.151299112,132651.150293213,0.000132651140072847,0.000132651151337095,0.000132651150317817,132651.053289773,132651.064573198,132651.063559678,0.000132651053294508,0.000132651064568691,0.000132651063561488,132642.569821304,132642.580881137,132642.579986241,0.000132642569821064,0.000132642580881228,0.000132642579986405,132634.097232103,132634.107867749,132634.107202091,0.000132634097231937,0.000132634107868001,0.000132634107202196,3812.3078556167,3816.03356462234,3813.11127929593,9.41316134483252e-06,5.06521964378156e-06,7.47506953512437e-06
0.062,12701.7261121954,12701.7129364711,12701.7186721416,9473.34867679975,9473.35775329778,9473.32338738377,12701.7261121954,12701.7129364711,12701.7186721416,9473.34866413558,9473.35774063311,9473.32337471889,12700.7813936316,12700.768056708,12700.7741043397,9087.73008721934,9087.73841954675,9087.70436847316,132651.135660045,132651.109195823,132651.130998198,868.87064013123,868.86819623908,868.867370733307,132651.048902081,132651.022470152,132651.044264728,868.87064013123,868.86819623908,868.867370733307,132651.048902081,132651.022470152,132651.044264728,868.865179986115,868.862736060969,868.861910623299,132651.048902081,132651.022470152,132651.044264728,0.00830233970927417,0.00830237579111506,0.00830235051680345,132650.962165453,132650.935727488,132650.957530789,868.865179986115,868.862736060969,868.861910623299,132634.179693603,132634.15162642,132634.173816745,868.834241603662,868.831792765377,868.830968239341,3812.30743084512,3816.03364052959,3813.11204606119,1439.59794905643,1439.59729721756,1439.59744524766,132634.092962597,132634.064895566,132634.087085922,868.834109201768,868.831660363489,868.83083583746,0,0,0,5.9365466229854e-11,0,0,12701.7261121954,12701.7129364711,12701.7186721416,1.27017208850089e-05,1.2701705868849e-05,1.27017178135142e-05,12700.7813936316,12700.768056708,12700.7741043397,1.27007829664822e-05,1.27007665095784e-05,1.27007736557023e-05,132651.135660045,132651.109195823,132651.130998198,0.000132651135685106,0.000132651109233808,0.000132651131022802,132651.048902081,132651.022470152,132651.044264728,0.000132651048906815,0.000132651022465646,0.000132651044266537,132642.565474013,132642.538124028,132642.560172069,0.000132642565473773,0.000132642538124121,0.000132642560172233,132634.092962597,132634.064895566,132634.087085922,0.000132634092962432,0.000132634064895819,0.000132634087086027,3812.30743084512,3816.03364052959,3813.11204606119,9.4131603105711e-06,5.06521949636704e-06,7.47507004792603e-06
0.063,12701.724468732,12701.7147982044,12701.7253277553,9473.34700568105,9473.33371725962,9473.31178950586,12701.724468732,12701.7147982044,12701.7253277553,9473.34699301688,9473.33370459494,9473.31177684097,12700.7797503775,12700.7699209132,12700.780761003,9087.72816655027,9087.71424746969,9087.69297415077,132651.138045743,132651.151018093,132651.14588703,868.869336735113,868.865990482602,868.867292685436,132651.0512879,132651.064292645,132651.05915357,868.869336735113,868.865990482602,868.867292685436,132651.0512879,132651.064292645,132651.05915357,868.863876557757,868.860530282109,868.861832579257,132651.0512879,132651.064292645,132651.05915357,0.00830233427114602,0.00830239560769339,0.00830234426947785,132650.964551393,132650.977550204,132650.972419641,868.863876557757,868.860530282109,868.861832579257,132634.181963001,132634.194125869,132634.189077093,868.832940810335,868.829608718566,868.830896674639,3812.30688949189,3816.03415268282,3813.1125237192,1439.59788315871,1439.59721920717,1439.59775272391,132634.095232116,132634.107395235,132634.102346279,868.832808408424,868.82947631664,868.830764272746,0,0,0,5.93653785946155e-11,0,0,12701.724468732,12701.7147982044,12701.7253277553,1.27017192415476e-05,1.27017077305838e-05,1.27017244691257e-05,12700.7797503775,12700.7699209132,12700.780761003,1.27007813232283e-05,1.27007683737822e-05,1.27007803123657e-05,132651.138045743,132651.151018093,132651.14588703,0.000132651138070804,0.000132651151056077,0.000132651145911634,132651.0512879,132651.064292645,132651.05915357,0.000132651051292634,0.000132651064288138,0.000132651059155379,132642.567840221,132642.580634237,132642.575358793,0.000132642567839981,0.000132642580634329,0.000132642575358957,132634.095232116,132634.107395235,132634.102346279,0.00013263409523195,0.000132634107395488,0.000132634102346384,3812.30688949189,3816.03415268282,3813.1125237192,9.41316016791086e-06,5.06521890993549e-06,7.47507133669444e-06
0.064,12701.7220259496,12701.7153454398,12701.7278607319,9473.33907118902,9473.30870022497,9473.30769961232,12701.7220259496,12701.7153454398,12701.7278607319,9473.33905852485,9473.30868756029,9473.30768694744,12700.7773084836,12700.7704706542,12700.7832943135,9087.71990316826,9087.689265554,9087.68899812795,132651.131103363,132651.127420414,132651.144369669,868.867341351463,868.864409271942,868.867307698115,132651.044345713,132651.040695128,132651.057636204,868.867341351463,868.864409271942,868.867307698115,132651.044345713,132651.040695128,132651.057636204,868.861881158856,868.858949126424,868.861847589677,132651.044345713,132651.040695128,132651.057636204,0.00830233533643574,0.00830234417251212,0.00830229509758789,132650.957609398,132650.953952849,132650.97090227,868.861881158856,868.858949126424,868.861847589677,132634.175354126,132634.17356241,132634.18780131,868.830940815549,868.827992699197,868.830911087404,3812.3064818108,3816.03488629672,3813.11257463177,1439.59770824781,1439.59727732003,1439.59800860997,132634.088623433,132634.086831943,132634.101070491,868.830808413633,868.827860297299,868.830778685507,0,0,0,5.93652480026099e-11,0,0,12701.7220259496,12701.7153454398,12701.7278607319,1.27017167987679e-05,1.27017082778209e-05,1.27017270021007e-05,12700.7773084836,12700.7704706542,12700.7832943135,1.27007788813336e-05,1.27007689235219e-05,1.27007828456763e-05,132651.131103363,132651.127420414,132651.144369669,0.000132651131128426,0.000132651127458397,0.000132651144394274,132651.044345713,132651.040695128,132651.057636204,0.000132651044350448,0.00013265104069062,0.000132651057638014,132642.5610397,132642.558355723,132642.57394524,0.000132642561039462,0.000132642558355814,0.000132642573945404,132634.088623433,132634.086831943,132634.101070491,0.000132634088623268,0.000132634086832195,0.000132634101070596,3812.3064818108,3816.03488629672,3813.11257463177,9.41316096202509e-06,5.06521818739564e-06,7.47507287627805e-06
0.065,12701.7188013358,12701.7189571412,12701.7293731061,9473.3232355373,9473.28747213521,9473.30783117188,12701.7188013358,12701.7189571412,12701.7293731061,9473.32322287314,9473.28745947053,9473.30781850699,12700.7740855552,12700.7740844225,12700.7848066329,9087.70376525697,9087.66819884969,9087.68908508802,132651.134907702,132651.142565562,132651.140588498,868.864965154334,868.863587696229,868.866953708879,132651.048150286,132651.055840364,132651.053855062,868.864965154334,868.863587696229,868.866953708879,132651.048150286,132651.055840364,132651.053855062,868.859504951132,868.858127567369,868.861493585537,132651.048150286,132651.055840364,132651.053855062,0.00830233824816572,0.00830232920705682,0.00830228314759953,132650.961414205,132650.969098172,132650.967121157,868.859504951132,868.858127567369,868.861493585537,132634.179394528,132634.187918422,132634.184337995,868.828573534657,868.827204428514,868.830546470728,3812.30642879555,3816.03570671859,3813.1122361651,1439.5975144987,1439.59750294387,1439.59814970849,132634.092664069,132634.101188038,132634.097607206,868.828441132733,868.827072026609,868.830414068825,0,0,0,5.93650957389207e-11,0,0,12701.7188013358,12701.7189571412,12701.7293731061,1.27017135741574e-05,1.2701711889522e-05,1.27017285144731e-05,12700.7740855552,12700.7740844225,12700.7848066329,1.27007756584029e-05,1.27007725372889e-05,1.27007843579951e-05,132651.134907702,132651.142565562,132651.140588498,0.000132651134932764,0.000132651142603546,0.000132651140613103,132651.048150286,132651.055840364,132651.053855062,0.00013265104815502,0.000132651055835857,0.000132651053856872,132642.564995569,132642.573106489,132642.570331184,0.00013264256499533,0.000132642573106581,0.000132642570331348,132634.092664069,132634.101188038,132634.097607206,0.000132634092663903,0.000132634101188291,0.000132634097607311,3812.30642879555,3816.03570671859,3813.1122361651,9.41316271196235e-06,5.06521765716716e-06,7.47507435891792e-06
0.066,12701.7163644749,12701.7224439012,12701.7284910338,9473.30085290831,9473.27345381065,9473.30741279101,12701.7163644749,12701.7224439012,12701.7284910338,9473.30084024415,9473.27344114596,9473.30740012612,12700.7716510086,12700.7775724961,12700.7839246272,9087.68119528028,9087.65438992995,9087.6884590597,132651.136028393,132651.147669359,132651.135728534,868.862665727804,868.863387648185,868.865912227437,132651.049271207,132651.060944183,132651.048995193,868.862665727804,868.863387648185,868.865912227437,132651.049271207,132651.060944183,132651.048995193,868.857205536777,868.857927537833,868.86045207889,132651.049271207,132651.060944183,132651.048995193,0.00830233062681023,0.00830229454737224,0.00830227643419954,132650.962535356,132650.974202014,132650.962261383,868.857205536777,868.857927537833,868.86045207889,132634.180545008,132634.191374286,132634.181260221,868.826263881808,868.826982033915,868.829529025312,3812.3067744926,3816.03626638027,3813.11172019901,1439.59739019116,1439.59778962114,1439.5981331055,132634.09381478,132634.104643928,132634.094529525,868.826131479884,868.826849632012,868.829396623398,0,0,0,5.9364951366443e-11,0,0,12701.7163644749,12701.7224439012,12701.7284910338,1.27017111373e-05,1.27017153762809e-05,1.27017276324001e-05,12700.7716510086,12700.7775724961,12700.7839246272,1.27007732238531e-05,1.27007760253615e-05,1.27007834759886e-05,132651.136028393,132651.147669359,132651.135728534,0.000132651136053454,0.000132651147707342,0.000132651135753139,132651.049271207,132651.060944183,132651.048995193,0.000132651049275941,0.000132651060939676,0.000132651048997003,132642.56611647,132642.577346383,132642.56639867,0.00013264256611623,0.000132642577346475,0.000132642566398834,132634.09381478,132634.104643928,132634.094529525,0.000132634093814614,0.000132634104644181,0.00013263409452963,3812.3067744926,3816.03626638027,3813.11172019901,9.41316465443464e-06,5.06521760190314e-06,7.47507517406916e-06
0.067,12701.7159113403,12701.7249467254,12701.7264281352,9473.27581839026,9473.2672031398,9473.30191451695,12701.7159113403,12701.7249467254,12701.7264281352,9473.2758057261,9473.26719047511,9473.30190185206,12700.771200401,12700.7800758642,12700.781862362,9087.6561403678,9087.64828710986,9087.68265054939,132651.137940852,132651.145601789,132651.145476477,868.860865476689,868.863426394374,868.864136487112,132651.05118385,132651.058876607,132651.058743304,868.860865476689,868.863426394374,868.864136487112,132651.05118385,132651.058876607,132651.058743304,868.855405311413,868.857966289089,868.858676302671,132651.05118385,132651.058876607,132651.058743304,0.00830231117350358,0.00830224842219959,0.0083022777651677,132650.964448183,132650.972134433,132650.972009664,868.855405311413,868.857966289089,868.858676302671,132634.182114813,132634.189136391,132634.191359609,868.824472374242,868.827026947682,868.827726126293,3812.3074609059,3816.03646293664,3813.11122050708,1439.59740968509,1439.59808206628,1439.59798439995,132634.095384769,132634.102406025,132634.104629085,868.824339972324,868.826894545777,868.827593724356,0,0,0,5.93648411332565e-11,0,0,12701.7159113403,12701.7249467254,12701.7264281352,1.27017106841683e-05,1.27017178791038e-05,1.2701725569502e-05,12700.771200401,12700.7800758642,12700.781862362,1.27007727732423e-05,1.2700778528729e-05,1.27007814137228e-05,132651.137940852,132651.145601789,132651.145476477,0.000132651137965913,0.000132651145639772,0.000132651145501081,132651.05118385,132651.058876607,132651.058743304,0.000132651051188585,0.0001326510588721,0.000132651058745114,132642.567829037,132642.575169091,132642.576397729,0.000132642567828798,0.000132642575169182,0.000132642576397893,132634.095384769,132634.102406025,132634.104629085,0.000132634095384603,0.000132634102406279,0.000132634104629189,3812.3074609059,3816.03646293664,3813.11122050708,9.41316636513583e-06,5.0652180872147e-06,7.4750752037445e-06
0.068,12701.7158971049,12701.7268371133,12701.7219351553,9473.25295693715,9473.26643550488,9473.2887411659,12701.7158971049,12701.7268371133,12701.7219351553,9473.25294427299,9473.26642284019,9473.28872850102,12700.7711884181,12700.7819662777,12700.7773707932,9087.63340620535,9087.64753056652,9087.66915416691,132651.146512046,132651.141263426,132651.12280754,868.85979948634,868.863240501086,868.861849222852,132651.059755157,132651.054538258,132651.036074591,868.85979948634,868.863240501086,868.861849222852,132651.059755157,132651.054538258,132651.036074591,868.854339346199,868.857780387017,868.856389048182,132651.059755157,132651.054538258,132651.036074591,0.00830228724176553,0.00830224357581834,0.00830227196668911,132650.973019602,132650.967796097,132650.949341175,868.854339346199,868.857780387017,868.856389048182,132634.190257929,132634.184646885,132634.166806685,868.823399697316,868.826847361034,868.825461565793,3812.30825338484,3816.03625399356,3813.11103383588,1439.59757767159,1439.59826607606,1439.59778663501,132634.103527997,132634.097916533,132634.080076382,868.823267295397,868.826714959126,868.825329163874,0,0,0,5.93647784083079e-11,0,0,12701.7158971049,12701.7268371133,12701.7219351553,1.27017106699348e-05,1.27017197694904e-05,1.27017210765234e-05,12700.7711884181,12700.7819662777,12700.7773707932,1.27007727612562e-05,1.27007804191417e-05,1.27007769221535e-05,132651.146512046,132651.141263426,132651.12280754,0.000132651146537108,0.000132651141301409,0.000132651122832143,132651.059755157,132651.054538258,132651.036074591,0.000132651059759891,0.000132651054533751,0.000132651036076401,132642.576207962,132642.570716342,132642.552521947,0.000132642576207723,0.000132642570716434,0.00013264255252211,132634.103527997,132634.097916533,132634.080076382,0.000132634103527832,0.000132634097916787,0.000132634080076486,3812.30825338484,3816.03625399356,3813.11103383588,9.41316720872125e-06,5.06521900039116e-06,7.47507452679692e-06
0.069,12701.7181824734,12701.7267572959,12701.7209827102,9473.23628856333,9473.26675389766,9473.26828732712,12701.7181824734,12701.7267572959,12701.7209827102,9473.23627589917,9473.26674123297,9473.26827466224,12700.7734753761,12700.7818864511,12700.7764204867,9087.616943742,9087.64769580983,9087.64847031827,132651.145928585,132651.155527627,132651.155357746,868.859420812749,868.862454267789,868.859475438179,132651.059171737,132651.068802528,132651.068625034,868.859420812749,868.862454267789,868.859475438179,132651.059171737,132651.068802528,132651.068625034,868.853960699159,868.85699411143,868.854015238647,132651.059171737,132651.068802528,132651.068625034,0.0083022456201217,0.00830221905726958,0.00830228707515615,132650.972436224,132650.982060436,132650.981891854,868.853960699159,868.85699411143,868.854015238647,132634.189705394,132634.197719619,132634.196667956,868.823023228748,868.826055421053,868.823078910445,3812.30891464672,3816.03576640166,3813.1112337784,1439.59785521173,1439.59830126667,1439.59762567367,132634.102975503,132634.110989337,132634.109937891,868.822890826836,868.825923019118,868.822946508496,0,0,0,5.93647583692179e-11,0,0,12701.7181824734,12701.7267572959,12701.7209827102,1.27017129553047e-05,1.27017196896729e-05,1.270172012408e-05,12700.7734753761,12700.7818864511,12700.7764204867,1.27007750482125e-05,1.27007803393147e-05,1.27007759718472e-05,132651.145928585,132651.155527627,132651.155357746,0.000132651145953647,0.00013265115556561,0.00013265115538235,132651.059171737,132651.068802528,132651.068625034,0.000132651059176471,0.000132651068798021,0.000132651068626844,132642.575613892,132642.584449915,132642.583837042,0.000132642575613653,0.000132642584450006,0.000132642583837207,132634.102975503,132634.110989337,132634.109937891,0.000132634102975337,0.00013263411098959,0.000132634109937996,3812.30891464672,3816.03576640166,3813.1112337784,9.41316704255319e-06,5.06522005256388e-06,7.47507347603953e-06
0.07,12701.7195304015,12701.7246598744,12701.7167499726,9473.22745119888,9473.26340980433,9473.24365023788,12701.7195304015,12701.7246598744,12701.7167499726,9473.22743853472,9473.26339713964,9473.243637573,12700.7748241092,12700.7797894257,12700.7721902521,9087.60829026724,9087.64407095767,9087.62375862991,132651.15025525,132651.126621803,132651.128561172,868.859425653632,868.860920692687,868.857464918099,132651.063498402,132651.039896849,132651.041828664,868.859425653632,868.860920692687,868.857464918099,132651.063498402,132651.039896849,132651.041828664,868.853965546748,868.855460538795,868.852004768358,132651.063498402,132651.039896849,132651.041828664,0.0083022194486092,0.00830222021576348,0.00830224766599491,132650.976762889,132650.953154903,132650.955095688,868.853965546748,868.855460538795,868.852004768358,132634.193961132,132634.170751278,132634.172311402,868.823027939345,868.824518600356,868.821062011625,3812.30923902084,3816.03523387158,3813.11179835364,1439.59815390864,1439.59818992424,1439.59758196014,132634.107231242,132634.084021142,132634.085581541,868.822895537429,868.824386198437,868.820929609704,0,0,0,5.93647602298584e-11,0,0,12701.7195304015,12701.7246598744,12701.7167499726,1.27017143032329e-05,1.27017175922528e-05,1.2701715891344e-05,12700.7748241092,12700.7797894257,12700.7721902521,1.27007763969444e-05,1.27007782422884e-05,1.27007717416133e-05,132651.15025525,132651.126621803,132651.128561172,0.000132651150280311,0.000132651126659786,0.000132651128585777,132651.063498402,132651.039896849,132651.041828664,0.000132651063503136,0.000132651039892343,0.000132651041830474,132642.579926439,132642.55632108,132642.558056835,0.0001326425799262,0.000132642556321172,0.000132642558056999,132634.107231242,132634.084021142,132634.085581541,0.000132634107231076,0.000132634084021395,0.000132634085581647,3812.30923902084,3816.03523387158,3813.11179835364,9.41316604367352e-06,5.06522090615438e-06,7.47507254955305e-06
0.071,12701.7210865468,12701.7230816906,12701.7181479899,9473.22511782388,9473.25306475546,9473.21948790013,12701.7210865468,12701.7230816906,12701.7181479899,9473.22510515971,9473.25305209078,9473.21947523526,12700.7763804311,12700.7782123848,12700.7735906687,9087.60602829529,9087.63340176056,9087.59968136592,132651.150279967,132651.152680436,132651.152918125,868.859367345628,868.858775303663,868.856127400913,132651.06352312,132651.06595569,132651.066185757,868.859367345628,868.858775303663,868.856127400913,132651.06352312,132651.06595569,132651.066185757,868.85390722983,868.853315103304,868.850667258458,132651.06352312,132651.06595569,132651.066185757,0.00830218809226393,0.00830223089776207,0.0083022469826905,132650.976787608,132650.979213952,132650.97945292,868.85390722983,868.853315103304,868.850667258458,132634.193988356,132634.19871977,132634.198380567,868.822970356637,868.82239495371,868.819740292434,3812.30915611785,3816.034931412,3813.11258222534,1439.59837948471,1439.59799709204,1439.59769817913,132634.107258467,132634.111989839,132634.111650844,868.822837954714,868.822262551752,868.819607890497,0,0,0,5.93647550699108e-11,0,0,12701.7210865468,12701.7230816906,12701.7181479899,1.27017158593786e-05,1.27017160140709e-05,1.27017172893617e-05,12700.7763804311,12700.7782123848,12700.7735906687,1.27007779532666e-05,1.27007766652465e-05,1.27007731420307e-05,132651.150279967,132651.152680436,132651.152918125,0.000132651150305028,0.000132651152718419,0.000132651152942729,132651.06352312,132651.06595569,132651.066185757,0.000132651063527854,0.000132651065951184,0.000132651066187566,132642.579953247,132642.583607125,132642.583498565,0.000132642579953007,0.000132642583607217,0.000132642583498728,132634.107258467,132634.111989839,132634.111650844,0.000132634107258301,0.000132634111990092,0.000132634111650949,3812.30915611785,3816.034931412,3813.11258222534,9.41316474918581e-06,5.06522130670595e-06,7.47507224741794e-06
0.072,12701.7213579312,12701.7200388765,12701.7177405572,9473.22554651267,9473.23507536825,9473.20031418228,12701.7213579312,12701.7200388765,12701.7177405572,9473.22553384851,9473.23506270357,9473.2003015174,12700.7766517746,12700.7751714653,12700.7731850935,9087.60636989169,9087.61514977721,9087.58070561026,132651.146598808,132651.131798815,132651.146370465,868.858827969408,868.856390126514,868.855522700276,132651.059842007,132651.045074305,132651.059638161,868.858827969408,868.856390126514,868.855522700276,132651.059842007,132651.045074305,132651.059638161,868.85336783434,868.850929947331,868.850062593523,132651.059842007,132651.045074305,132651.059638161,0.00830217630761253,0.00830221822534901,0.00830219794905917,132650.973106542,132650.958332803,132650.972905389,868.85336783434,868.850929947331,868.850062593523,132634.190557807,132634.178102726,132634.191515084,868.822428954907,868.819973264389,868.819117015545,3812.30874613805,3816.03494864868,3813.11328724424,1439.59846714411,1439.59779845417,1439.59792829584,132634.103827964,132634.091373035,132634.104785428,868.822296552976,868.819840862449,868.818984613621,0,0,0,5.93647169212296e-11,0,0,12701.7213579312,12701.7200388765,12701.7177405572,1.27017161307634e-05,1.270171297126e-05,1.27017168819289e-05,12700.7766517746,12700.7751714653,12700.7731850935,1.27007782246105e-05,1.27007736243256e-05,1.27007727364566e-05,132651.146598808,132651.131798815,132651.146370465,0.000132651146623869,0.000132651131836798,0.000132651146395069,132651.059842007,132651.045074305,132651.059638161,0.000132651059846742,0.000132651045069799,0.000132651059639971,132642.57638529,132642.562804126,132642.576780889,0.000132642576385051,0.000132642562804218,0.000132642576781053,132634.103827964,132634.091373035,132634.104785428,0.000132634103827798,0.000132634091373288,0.000132634104785533,3812.30874613805,3816.03494864868,3813.11328724424,9.41316367290764e-06,5.06522116655465e-06,7.47507262392069e-06
0.073,12701.7205546942,12701.7190902799,12701.7195788261,9473.22399228977,9473.21163119948,9473.18861724123,12701.7205546942,12701.7190902799,12701.7195788261,9473.22397962561,9473.2116185348,9473.18860457635,12700.7758487498,12700.7742252748,12700.7750244472,9087.60458511784,9087.59157704824,9087.5692176235,132651.145983385,132651.144296132,132651.151679057,868.857574794798,868.854212147042,868.855428438053,132651.059226701,132651.057571842,132651.064946765,868.857574794798,868.854212147042,868.855428438053,132651.059226701,132651.057571842,132651.064946765,868.852114631343,868.848751972068,868.849968342769,132651.059226701,132651.057571842,132651.064946765,0.00830217175485342,0.00830221722066554,0.00830217128621623,132650.972491353,132650.97083056,132650.978214004,868.852114631343,868.848751972068,868.849968342769,132634.190089711,132634.187323449,132634.195449572,868.821182792439,868.817838010631,868.819034077784,3812.30822258551,3816.03541814729,3813.11374017594,1439.59840141627,1439.59770929097,1439.59822526818,132634.103359984,132634.100593973,132634.108719926,868.821050390495,868.817705608686,868.818901675859,0,0,0,5.93646324933123e-11,0,0,12701.7205546942,12701.7190902799,12701.7195788261,1.27017153275278e-05,1.27017120226659e-05,1.27017187201966e-05,12700.7758487498,12700.7742252748,12700.7750244472,1.27007774215857e-05,1.27007726781338e-05,1.27007745758109e-05,132651.145983385,132651.144296132,132651.151679057,0.000132651146008447,0.000132651144334114,0.000132651151703662,132651.059226701,132651.057571842,132651.064946765,0.000132651059231436,0.000132651057567335,0.000132651064948575,132642.575863023,132642.57375451,132642.581426481,0.000132642575862784,0.000132642573754601,0.000132642581426645,132634.103359984,132634.100593973,132634.108719926,0.000132634103359819,0.000132634100594225,0.000132634108720031,3812.30822258551,3816.03541814729,3813.11374017594,9.41316349341819e-06,5.06522060393289e-06,7.47507381804983e-06
0.074,12701.7190800156,12701.7192474927,12701.7210245841,9473.21652442097,9473.18705360448,9473.18420247413,12701.7190800156,12701.7192474927,12701.7210245841,9473.21651175681,9473.1870409398,9473.18418980925,12700.7743749151,12700.7743849493,12700.7764705789,9087.59681123407,9087.56704109097,9087.56493379213,132651.144703959,132651.154113453,132651.152749279,868.855649245291,868.852623890502,868.855440991497,132651.05794746,132651.067389327,132651.066016983,868.855649245291,868.852623890502,868.855440991497,132651.05794746,132651.067389327,132651.066016983,868.850189061193,868.847163738018,868.849980893772,132651.05794746,132651.067389327,132651.066016983,0.00830217379071866,0.00830220010757086,0.00830214583393367,132650.971212297,132650.980648209,132650.979284219,868.850189061193,868.847163738018,868.849980893772,132634.188728834,132634.195884918,132634.196418874,868.819249208974,868.816211088616,868.819045967305,3812.30781374074,3816.03609101952,3813.11378849816,1439.59822327218,1439.59774332033,1439.59847176163,132634.101999293,132634.10915561,132634.109689225,868.819116807021,868.816078686671,868.818913565376,0,0,0,5.93645062068051e-11,0,0,12701.7190800156,12701.7192474927,12701.7210245841,1.27017138528514e-05,1.27017121798805e-05,1.27017201659532e-05,12700.7743749151,12700.7743849493,12700.7764705789,1.27007759477502e-05,1.27007728378068e-05,1.27007760219429e-05,132651.144703959,132651.154113453,132651.152749279,0.00013265114472902,0.000132651154151436,0.000132651152773883,132651.05794746,132651.067389327,132651.066016983,0.000132651057952194,0.000132651067384821,0.000132651066018793,132642.57455389,132642.58293997,132642.582444989,0.000132642574553651,0.000132642582940062,0.000132642582445153,132634.101999293,132634.10915561,132634.109689225,0.000132634101999127,0.000132634109155863,0.00013263410968933,3812.30781374074,3816.03609101952,3813.11378849816,9.41316417309436e-06,5.06521990031682e-06,7.47507524070981e-06
0.075,12701.7180978825,12701.7196123978,12701.7213395692,9473.20151806291,9473.16594273176,9473.18405797423,12701.7180978825,12701.7196123978,12701.7213395692,9473.20150539875,9473.16593006708,9473.18404530935,12700.7733943894,12700.7747519162,12700.7767855651,9087.58152324264,9087.54609961459,9087.56477352551,132651.141402712,132651.143547039,132651.155234335,868.853343505874,868.85176742571,868.855121563122,132651.05464644,132651.056823003,132651.068502065,868.853343505874,868.85176742571,868.855121563122,132651.05464644,132651.056823003,132651.068502065,868.847883317871,868.846307313013,868.849661443891,132651.05464644,132651.056823003,132651.068502065,0.00830217370908578,0.00830215208515182,0.00830211926391851,132650.967911504,132650.970081975,132650.981769326,868.847883317871,868.846307313013,868.849661443891,132634.185398247,132634.187306603,132634.1982727,868.816952775615,868.815379298402,868.818719478439,3812.30773800517,3816.03684687248,3813.11346886121,1439.59801899526,1439.59793361488,1439.59860699068,132634.098668932,132634.100577383,132634.111543077,868.81682037366,868.815246896473,868.818587076498,0,0,0,5.93643581060068e-11,0,0,12701.7180978825,12701.7196123978,12701.7213395692,1.27017128707212e-05,1.27017125447867e-05,1.27017204809377e-05,12700.7733943894,12700.7747519162,12700.7767855651,1.27007749672226e-05,1.27007732047727e-05,1.27007763369291e-05,132651.141402712,132651.143547039,132651.155234335,0.000132651141427773,0.000132651143585022,0.00013265115525894,132651.05464644,132651.056823003,132651.068502065,0.000132651054651174,0.000132651056818498,0.000132651068503875,132642.571216733,132642.573210185,132642.584657165,0.000132642571216493,0.000132642573210277,0.000132642584657329,132634.098668932,132634.100577383,132634.111543077,0.000132634098668766,0.000132634100577636,0.000132634111543182,3812.30773800517,3816.03684687248,3813.11346886121,9.41316575486373e-06,5.06521937562618e-06,7.4750766119553e-06
0.076,12701.7171178022,12701.72229022,12701.7207836206,9473.18020201809,9473.15166653907,9473.18371399684,12701.7171178022,12701.72229022,12701.7207836206,9473.18018935393,9473.15165387438,9473.18370133195,12700.7724165162,12700.7774310799,12700.7762296788,9087.56003615154,9087.53204548993,9087.56426022484,132651.149350003,132651.159809025,132651.142008115,868.851094229431,868.851524459404,868.854164235995,132651.062593957,132651.073085018,132651.055275933,868.851094229431,868.851524459404,868.854164235995,132651.062593957,132651.073085018,132651.055275933,868.845634045301,868.846064353637,868.848704103789,132651.062593957,132651.073085018,132651.055275933,0.0083021718829154,0.00830214485984289,0.00830211795612839,132650.975859246,132650.986344018,132650.968543282,868.845634045301,868.846064353637,868.848704103789,132634.193327785,132634.204191302,132634.18442609,868.814696440597,868.815125637021,868.817772617075,3812.30804280376,3816.03738065436,3813.11296250276,1439.59787442978,1439.59819437341,1439.59859064774,132634.106598697,132634.117462112,132634.097696554,868.814564038637,868.814993235081,868.817640215136,0,0,0,5.93642164596904e-11,0,0,12701.7171178022,12701.72229022,12701.7207836206,1.2701711890644e-05,1.27017152226082e-05,1.27017199249887e-05,12700.7724165162,12700.7774310799,12700.7762296788,1.27007739893466e-05,1.27007758839353e-05,1.27007757810423e-05,132651.149350003,132651.159809025,132651.142008115,0.000132651149375064,0.000132651159847008,0.000132651142032719,132651.062593957,132651.073085018,132651.055275933,0.000132651062598691,0.000132651073080512,0.000132651055277742,132642.579190077,132642.589850141,132642.571067388,0.000132642579189838,0.000132642589850232,0.000132642571067552,132634.106598697,132634.117462112,132634.097696554,0.000132634106598531,0.000132634117462365,0.000132634097696658,3812.30804280376,3816.03738065436,3813.11296250276,9.41316758463149e-06,5.06521928601062e-06,7.47507739192252e-06
0.077,12701.7183419137,12701.7232053844,12701.720623504,9473.15620620334,9473.14493657573,9473.17885980094,12701.7183419137,12701.7232053844,12701.720623504,9473.15619353918,9473.14492391103,9473.17884713606,12700.7736430508,12700.7783468446,12700.7760701416,9087.53602752459,9087.52548834898,9087.55913476464,132651.145391162,132651.154873744,132651.158464332,868.849310275492,868.851544671303,868.852513199867,132651.058635299,132651.068149733,132651.071732306,868.849310275492,868.851544671303,868.852513199867,132651.058635299,132651.068149733,132651.071732306,868.84385012092,868.846084573306,868.847053025687,132651.058635299,132651.068149733,132651.071732306,0.00830214873932805,0.00830208799054289,0.00830211963673563,132650.97190077,132650.981408729,132650.984999812,868.84385012092,868.846084573306,868.847053025687,132634.189666332,132634.199039745,132634.201867086,868.812915328253,868.815146986767,868.816118880885,3812.30866531414,3816.03756187645,3813.11249237716,1439.59785916211,1439.59845395582,1439.59844734637,132634.102937426,132634.112310551,132634.115137707,868.812782926303,868.815014584829,868.815986478917,0,0,0,5.93641067222494e-11,0,0,12701.7183419137,12701.7232053844,12701.720623504,1.27017131147586e-05,1.27017161377721e-05,1.27017197648732e-05,12700.7736430508,12700.7783468446,12700.7760701416,1.27007752158785e-05,1.27007767996996e-05,1.27007756215048e-05,132651.145391162,132651.154873744,132651.158464332,0.000132651145416224,0.000132651154911726,0.000132651158488935,132651.058635299,132651.068149733,132651.071732306,0.000132651058640034,0.000132651068145227,0.000132651071734116,132642.575317713,132642.584763416,132642.588139139,0.000132642575317474,0.000132642584763507,0.000132642588139302,132634.102937426,132634.112310551,132634.115137707,0.000132634102937261,0.000132634112310804,0.000132634115137811,3812.30866531414,3816.03756187645,3813.11249237716,9.41316915487299e-06,5.06521971610321e-06,7.47507741932983e-06
0.078,12701.7196321008,12701.724575828,12701.7182811216,9473.13413286768,9473.14370376179,9473.16699440098,12701.7196321008,12701.724575828,12701.7182811216,9473.13412020352,9473.1436910971,9473.1669817361,12700.774935411,12700.7797173607,12700.7737290406,9087.5140865946,9087.52430244155,9087.54698470729,132651.156076309,132651.150018041,132651.134350525,868.848224856586,868.851392340164,868.85037590935,132651.069320559,132651.063294041,132651.047618709,868.848224856586,868.851392340164,868.85037590935,132651.069320559,132651.063294041,132651.047618709,868.842764722921,868.845932235979,868.844915746503,132651.069320559,132651.063294041,132651.047618709,0.00830213043739845,0.00830208758015988,0.00830211340704307,132650.982586145,132650.97655305,132650.960886424,868.842764722921,868.845932235979,868.844915746503,132634.199977977,132634.194712155,132634.181036012,868.811829697574,868.814993561208,868.81397417091,3812.30940333755,3816.03735940848,3813.11227412954,1439.59798708776,1439.59862537938,1439.59824535661,132634.113249185,132634.107982972,132634.094306842,868.811697295622,868.814861159269,868.813841768956,0,0,0,5.93640422966624e-11,0,0,12701.7196321008,12701.724575828,12701.7182811216,1.27017144049478e-05,1.27017175082147e-05,1.27017174224922e-05,12700.774935411,12700.7797173607,12700.7737290406,1.27007765082359e-05,1.27007781702152e-05,1.27007732804035e-05,132651.156076309,132651.150018041,132651.134350525,0.00013265115610137,0.000132651150056023,0.00013265113437513,132651.069320559,132651.063294041,132651.047618709,0.000132651069325293,0.000132651063289535,0.000132651047620519,132642.585856737,132642.580136428,132642.565440473,0.000132642585856497,0.00013264258013652,0.000132642565440637,132634.113249185,132634.107982972,132634.094306842,0.000132634113249019,0.000132634107983225,0.000132634094306948,3812.30940333755,3816.03735940848,3813.11227412954,9.41316996042377e-06,5.06522054663258e-06,7.47507675973324e-06
0.079,12701.7225071436,12701.7245301789,12701.7193430592,9473.11781424453,9473.14392624554,9473.14832211525,12701.7225071436,12701.7245301789,12701.7193430592,9473.11780158036,9473.14391358085,9473.14830945037,12700.7778120078,12700.779671708,12700.7747929366,9087.49797808282,9087.52441718755,9087.52810456771,132651.155349261,132651.159202785,132651.154699296,868.847808325708,868.850707078984,868.848141094214,132651.068593557,132651.072478846,132651.067967703,868.847808325708,868.850707078984,868.848141094214,132651.068593557,132651.072478846,132651.067967703,868.842348217902,868.845246938861,868.842680914813,132651.068593557,132651.072478846,132651.067967703,0.00830209097826437,0.00830206692203098,0.00830212338639899,132650.981859189,132650.985737915,132650.981235641,868.842348217902,868.845246938861,868.842680914813,132634.199028493,132634.203656786,132634.200476099,868.81141041326,868.814320133975,868.811758212163,3812.31001542984,3816.03690752146,3813.112457341,1439.59821743741,1439.59865710144,1439.5980820353,132634.112299747,132634.116927662,132634.113747151,868.811278011315,868.814187732015,868.811625810189,0,0,0,5.93640195580885e-11,0,0,12701.7225071436,12701.7245301789,12701.7193430592,1.27017172799922e-05,1.27017174625656e-05,1.27017184844316e-05,12700.7778120078,12700.779671708,12700.7747929366,1.27007793848313e-05,1.27007781245622e-05,1.27007743442996e-05,132651.155349261,132651.159202785,132651.154699296,0.000132651155374322,0.000132651159240768,0.000132651154723901,132651.068593557,132651.072478846,132651.067967703,0.000132651068598292,0.00013265107247434,0.000132651067969513,132642.58499117,132642.58923968,132642.585378394,0.00013264258499093,0.000132642589239771,0.000132642585378558,132634.112299747,132634.116927662,132634.113747151,0.00013263411229958,0.000132634116927915,0.000132634113747256,3812.31001542984,3816.03690752146,3813.112457341,9.41316980649533e-06,5.06522151970578e-06,7.47507578541907e-06
0.08,12701.7248121083,12701.7233714471,12701.719351132,9473.10891948332,9473.14113903937,9473.12570640598,12701.7248121083,12701.7233714471,12701.719351132,9473.10890681916,9473.14112637468,9473.12569374111,12700.7801177764,12700.7785133159,12700.7748033113,9087.48927855549,9087.52139906922,9087.5054266033,132651.15870391,132651.146934532,132651.148399907,868.84778438646,868.849343758675,868.846237624275,132651.071948209,132651.060210721,132651.061668507,868.84778438646,868.849343758675,868.846237624275,132651.071948209,132651.060210721,132651.061668507,868.842324286295,868.843883606433,868.840777473792,132651.071948209,132651.060210721,132651.061668507,0.00830206457826443,0.00830206669174171,0.00830210186953523,132650.985213844,132650.973469919,132650.974936638,868.842324286295,868.843883606433,868.840777473792,132634.202240446,132634.189786562,132634.191358687,868.811388260328,868.812933031746,868.809829394716,3812.31032010814,3816.03638241929,3813.11295343684,1439.59847722956,1439.59855320853,1439.59801593466,132634.115511703,132634.10305757,132634.104629934,868.811255858381,868.812800629789,868.809696992756,0,0,0,5.93640195646677e-11,0,0,12701.7248121083,12701.7233714471,12701.719351132,1.27017195849575e-05,1.27017163038347e-05,1.27017184925058e-05,12700.7801177764,12700.7785133159,12700.7748033113,1.27007816905992e-05,1.27007769661696e-05,1.27007743546748e-05,132651.15870391,132651.146934532,132651.148399907,0.000132651158728971,0.000132651146972514,0.000132651148424511,132651.071948209,132651.060210721,132651.061668507,0.000132651071952944,0.000132651060206216,0.000132651061670316,132642.588289056,132642.576068752,132642.577573813,0.000132642588288817,0.000132642576068844,0.000132642577573976,132634.115511703,132634.10305757,132634.104629934,0.000132634115511537,0.000132634103057823,0.000132634104630039,3812.31032010814,3816.03638241929,3813.11295343684,9.4131688476575e-06,5.06522231302964e-06,7.47507485644845e-06
0.081,12701.7264076677,12701.7222605522,12701.7216165711,9473.10630662449,9473.13212494332,9473.10338445913,12701.7264076677,12701.7222605522,12701.7216165711,9473.10629396032,9473.13211227863,9473.10337179425,12700.7817135356,12700.7774034189,12700.7770709663,9087.48675821333,9087.51210429217,9087.4831860622,132651.158636197,132651.149662275,132651.154242278,868.847738971963,868.847411813852,868.844956698573,132651.071880498,132651.062938652,132651.067511011,868.847738971963,868.847411813852,868.844956698573,132651.071880498,132651.062938652,132651.067511011,868.842278864673,868.841951640859,868.839496571882,132651.071880498,132651.062938652,132651.067511011,0.00830203845876831,0.00830207052580315,0.0083020816096352,132650.985146134,132650.976198037,132650.980779276,868.842278864673,868.841951640859,868.839496571882,132634.202176534,132634.191473692,132634.196170472,868.811343934324,868.811036275137,868.808571663439,3812.31024246514,3816.03608662972,3813.1136754419,1439.59867494601,1439.59837666485,1439.59810357064,132634.115447792,132634.104744883,132634.10944185,868.811211532373,868.81090387317,868.808439261482,0,0,0,5.93640154606449e-11,0,0,12701.7264076677,12701.7222605522,12701.7216165711,1.27017211805175e-05,1.27017151929415e-05,1.27017207579453e-05,12700.7817135356,12700.7774034189,12700.7770709663,1.27007832863587e-05,1.27007758562717e-05,1.27007766223304e-05,132651.158636197,132651.149662275,132651.154242278,0.000132651158661258,0.000132651149700257,0.000132651154266882,132651.071880498,132651.062938652,132651.067511011,0.000132651071885232,0.000132651062934146,0.000132651067512821,132642.588223306,132642.578356586,132642.582977116,0.000132642588223067,0.000132642578356677,0.000132642582977279,132634.115447792,132634.104744883,132634.10944185,0.000132634115447627,0.000132634104745137,0.000132634109441955,3812.31024246514,3816.03608662972,3813.1136754419,9.41316762060831e-06,5.06522268661316e-06,7.47507454541654e-06
0.082,12701.726764202,12701.7216380291,12701.7247988947,9473.10655396721,9473.1161613592,9473.085588995,12701.726764202,12701.7216380291,12701.7247988947,9473.10654130304,9473.11614869451,9473.08557633012,12700.7820700327,12700.7767825853,12700.7802550042,9087.48694989846,9087.49590909342,9087.46557770209,132651.157432914,132651.157221423,132651.161704723,868.847277809202,868.845249970204,868.844363848575,132651.070677255,132651.070498014,132651.07497352,868.847277809202,868.845249970204,868.844363848575,132651.070677255,132651.070498014,132651.07497352,868.841817682033,868.839789789604,868.838903742827,132651.070677255,132651.070498014,132651.07497352,0.00830202424376908,0.00830207348758352,0.00830205654679779,132650.98394293,132650.983757614,132650.988241849,868.841817682033,868.839789789604,868.838903742827,132634.200998263,132634.201239657,132634.205073285,868.810879661547,868.808838572335,868.807962216305,3812.30985444736,3816.03608036353,3813.11432812278,1439.59875271235,1439.59819319818,1439.59829876527,132634.11426956,132634.114511066,132634.118344728,868.810747259587,868.808706170355,868.807829814347,0,0,0,5.93639827030597e-11,0,0,12701.726764202,12701.7216380291,12701.7247988947,1.27017215370524e-05,1.27017145704205e-05,1.27017239402682e-05,12700.7820700327,12700.7767825853,12700.7802550042,1.27007836428563e-05,1.2700775235437e-05,1.27007798063689e-05,132651.157432914,132651.157221423,132651.161704723,0.000132651157457976,0.000132651157259405,0.000132651161729327,132651.070677255,132651.070498014,132651.07497352,0.000132651070681989,0.000132651070493508,0.00013265107497533,132642.587035771,132642.587191155,132642.59126768,0.000132642587035532,0.000132642587191246,0.000132642591267844,132634.11426956,132634.114511066,132634.118344728,0.000132634114269395,0.000132634114511319,0.000132634118344834,3812.30985444736,3816.03608036353,3813.11432812278,9.41316657017891e-06,5.06522255488342e-06,7.47507485355051e-06
0.083,12701.725979399,12701.7209758369,12701.72679643,9473.10524437878,9473.0951406225,9473.0746752908,12701.725979399,12701.7209758369,12701.72679643,9473.10523171461,9473.09512795781,9473.07466262591,12700.7812854059,12700.776122551,12700.7822535501,9087.48544708699,9087.47477350427,9087.45486255381,132651.152493891,132651.139551889,132651.157958857,868.846173495708,868.843267920968,868.844259139304,132651.065738334,132651.05282868,132651.071227666,868.846173495708,868.843267920968,868.844259139304,132651.065738334,132651.05282868,132651.071227666,868.840713346938,868.837807771237,868.838799051571,132651.065738334,132651.05282868,132651.071227666,0.00830202111419334,0.00830205143093458,0.00830201219472907,132650.979004112,132650.966088479,132650.984496007,868.840713346938,868.837807771237,868.838799051571,132634.19636806,132634.186274888,132634.202188373,868.809781530929,868.806884601738,868.807864184017,3812.30935274876,3816.03648271613,3813.11474519938,1439.59869422076,1439.59810683482,1439.59855713843,132634.10963946,132634.099546494,132634.115459828,868.809649128962,868.806752199777,868.807731782064,0,0,0,5.93639082017476e-11,0,0,12701.725979399,12701.7209758369,12701.72679643,1.27017207522507e-05,1.27017139082305e-05,1.27017259378024e-05,12700.7812854059,12700.776122551,12700.7822535501,1.27007828582296e-05,1.27007745754013e-05,1.27007818049153e-05,132651.152493891,132651.139551889,132651.157958857,0.000132651152518952,0.000132651139589871,0.000132651157983461,132651.065738334,132651.05282868,132651.071227666,0.000132651065743068,0.000132651052824174,0.000132651071229476,132642.582240888,132642.570799871,132642.5879294,0.000132642582240649,0.000132642570799962,0.000132642587929564,132634.10963946,132634.099546494,132634.115459828,0.000132634109639294,0.000132634099546747,0.000132634115459933,3812.30935274876,3816.03648271613,3813.11474519938,9.41316632112666e-06,5.06522202442117e-06,7.47507590099282e-06
0.084,12701.7241339463,12701.7234730156,12701.7297136068,9473.09865915845,9473.07295218534,9473.07049974984,12701.7241339463,12701.7234730156,12701.7297136068,9473.09864649428,9473.07293952066,9473.07048708494,12700.7794406923,12700.7786219518,12700.7851710643,9087.47859290441,9087.45262020014,9087.45081221925,132651.156191745,132651.167412519,132651.160224092,868.844451010645,868.84181718927,868.844269409264,132651.069436353,132651.08068946,132651.073492899,868.844451010645,868.84181718927,868.844269409264,132651.069436353,132651.08068946,132651.073492899,868.838990837011,868.836357039937,868.838809319188,132651.069436353,132651.08068946,132651.073492899,0.00830202402419283,0.00830205706937873,0.0083020012170872,132650.982702297,132650.993949409,132650.986761237,868.838990837011,868.836357039937,868.838809319188,132634.200274202,132634.212194322,132634.204267735,868.808054917939,868.805418282376,868.807874347268,3812.30895442474,3816.03710917642,3813.11479098115,1439.59853643205,1439.59814480622,1439.59877987349,132634.113545768,132634.125466079,132634.117539187,868.807922515959,868.805285880396,868.807741945312,0,0,0,5.93637951987943e-11,0,0,12701.7241339463,12701.7234730156,12701.7297136068,1.27017189067999e-05,1.27017164054098e-05,1.27017288549774e-05,12700.7794406923,12700.7786219518,12700.7851710643,1.27007810135151e-05,1.27007770748006e-05,1.27007847224294e-05,132651.156191745,132651.167412519,132651.160224092,0.000132651156216805,0.000132651167450501,0.000132651160248696,132651.069436353,132651.08068946,132651.073492899,0.000132651069441087,0.000132651080684954,0.000132651073494709,132642.586092617,132642.597802857,132642.590107803,0.000132642586092377,0.000132642597802949,0.000132642590107967,132634.113545768,132634.125466079,132634.117539187,0.000132634113545602,0.000132634125466333,0.000132634117539293,3812.30895442474,3816.03710917642,3813.11479098115,9.41316692880694e-06,5.0652213491001e-06,7.47507723044608e-06
0.085,12701.7228299803,12701.7246920302,12701.7302773479,9473.08516584305,9473.05384565678,9473.0703361883,12701.7228299803,12701.7246920302,12701.7302773479,9473.08515317889,9473.05383299209,9473.0703235234,12700.7781381696,12700.7798428308,12700.7857348002,9087.46484518761,9087.43366628254,9087.45063792786,132651.14850404,132651.151186949,132651.163422482,868.842370462402,868.841037492535,868.843984212213,132651.061748854,132651.064463972,132651.076691312,868.842370462402,868.841037492535,868.843984212213,132651.061748854,132651.064463972,132651.076691312,868.836910289161,868.835577387315,868.8385241006,132651.061748854,132651.064463972,132651.076691312,0.00830202216493188,0.00830200193451137,0.00830197291741052,132650.975015003,132650.977724003,132650.989959672,868.836910289161,868.835577387315,868.8385241006,132634.192800646,132634.194149724,132634.208057719,868.805976541588,868.804640267598,868.807589381407,3812.30885241627,3816.03778577344,3813.11449519717,1439.59835532642,1439.59831494017,1439.59890017671,132634.106072417,132634.107421563,132634.121329194,868.80584413961,868.804507865643,868.807456979437,0,0,0,5.9363661580539e-11,0,0,12701.7228299803,12701.7246920302,12701.7302773479,1.27017176028366e-05,1.2701717624425e-05,1.27017294187176e-05,12700.7781381696,12700.7798428308,12700.7857348002,1.27007797109907e-05,1.27007782956785e-05,1.27007852861652e-05,132651.14850404,132651.151186949,132651.163422482,0.000132651148529101,0.00013265115122493,0.000132651163447086,132651.061748854,132651.064463972,132651.076691312,0.000132651061753589,0.000132651064459466,0.000132651076693121,132642.578460962,132642.580433543,132642.593662891,0.000132642578460723,0.000132642580433634,0.000132642593663054,132634.106072417,132634.107421563,132634.121329194,0.000132634106072251,0.000132634107421816,0.000132634121329299,3812.30885241627,3816.03778577344,3813.11449519717,9.41316830542194e-06,5.06522083415887e-06,7.47507846426959e-06
0.086,12701.7216266834,12701.7283757981,12701.7295323099,9473.06579825084,9473.04090090693,9473.07002205954,12701.7216266834,12701.7283757981,12701.7295323099,9473.06578558668,9473.04088824223,9473.07000939465,12700.7769368774,12700.7835278097,12700.7849898085,9087.44532103295,9087.42091862424,9087.45016942828,132651.158191693,132651.167102405,132651.151463002,868.840327875149,868.840818124167,868.843113613322,132651.071436712,132651.080379453,132651.064731911,868.840327875149,868.840818124167,868.843113613322,132651.071436712,132651.080379453,132651.064731911,868.834867702055,868.835358024607,868.837653488804,132651.071436712,132651.080379453,132651.064731911,0.008302022866184,0.0083019967440428,0.00830197120039285,132650.984703065,132650.993639511,132650.978000351,868.834867702055,868.835358024607,868.837653488804,132634.201980394,132634.209631762,132634.196344331,868.803935735511,868.804425426681,868.806714328983,3812.30911589698,3816.03828982164,3813.11400361893,1439.59823421667,1439.59856589123,1439.59888516134,132634.115252369,132634.122903627,132634.109615887,868.803803333525,868.804293024716,868.806581927014,0,0,0,5.9363533038196e-11,0,0,12701.7216266834,12701.7283757981,12701.7295323099,1.27017163995423e-05,1.27017213081916e-05,1.27017286736791e-05,12700.7769368774,12700.7835278097,12700.7849898085,1.27007785096956e-05,1.27007819806563e-05,1.27007845411728e-05,132651.158191693,132651.167102405,132651.151463002,0.000132651158216755,0.000132651167140387,0.000132651151487605,132651.071436712,132651.080379453,132651.064731911,0.000132651071441447,0.000132651080374947,0.00013265106473372,132642.587937788,132642.596191347,132642.581786173,0.000132642587937549,0.000132642596191438,0.000132642581786337,132634.115252369,132634.122903627,132634.109615887,0.000132634115252203,0.00013263412290388,0.000132634109615992,3812.30911589698,3816.03828982164,3813.11400361893,9.41317001049427e-06,5.06522071426499e-06,7.47507920306069e-06
0.087,12701.7222224633,12701.7301360082,12701.7284724709,9473.04381569164,9473.03485224171,9473.0655093874,12701.7222224633,12701.7301360082,12701.7284724709,9473.04380302747,9473.03483957701,9473.06549672251,12700.7775348769,12700.7852885516,12700.7839304971,9087.42332360993,9087.4150230187,9087.44540355824,132651.155102889,132651.163973715,132651.161431868,868.83870246919,868.840839343545,868.841593035636,132651.068348073,132651.07725076,132651.074700922,868.83870246919,868.840839343545,868.841593035636,132651.068348073,132651.07725076,132651.074700922,868.833242322664,868.835379250196,868.836132876759,132651.068348073,132651.07725076,132651.074700922,0.0083020021283935,0.0083019494952615,0.00830197252783505,132650.981614593,132650.990510813,132650.987969507,868.833242322664,868.835379250196,868.836132876759,132634.198844096,132634.207090756,132634.20388474,868.802304925039,868.804443733544,868.805208130424,3812.30966701906,3816.03845554077,3813.113558428,1439.59823021124,1439.59880596953,1439.59875614045,132634.112116238,132634.120362618,132634.117156439,868.802172523063,868.804311331579,868.805075728437,0,0,0,5.93634331667209e-11,0,0,12701.7222224633,12701.7301360082,12701.7284724709,1.27017169953248e-05,1.27017230684008e-05,1.27017276138408e-05,12700.7775348769,12700.7852885516,12700.7839304971,1.27007791076924e-05,1.27007837413976e-05,1.2700783481861e-05,132651.155102889,132651.163973715,132651.161431868,0.000132651155127949,0.000132651164011697,0.000132651161456473,132651.068348073,132651.07725076,132651.074700922,0.000132651068352808,0.000132651077246254,0.000132651074702732,132642.584768361,132642.593335755,132642.590574225,0.000132642584768122,0.000132642593335846,0.000132642590574389,132634.112116238,132634.120362618,132634.117156439,0.000132634112116072,0.000132634120362871,0.000132634117156544,3812.30966701906,3816.03845554077,3813.113558428,9.41317143365398e-06,5.06522107855614e-06,7.47507922819146e-06
0.088,12701.7235537087,12701.731549505,12701.726056881,9473.02346892417,9473.03380222869,9473.05442197532,12701.7235537087,12701.731549505,12701.726056881,9473.02345626001,9473.03378956399,9473.05440931042,12700.7788681252,12700.7867021056,12700.7815161031,9087.40309617578,9087.4140084728,9087.43405099493,132651.162226888,132651.161958511,132651.154527401,868.837711437167,868.840694177093,868.839610662721,132651.075472177,132651.075235566,132651.067796648,868.837711437167,868.840694177093,868.839610662721,132651.075472177,132651.075235566,132651.067796648,868.832251311958,868.83523407461,868.83415049998,132651.075472177,132651.075235566,132651.067796648,0.00830198253424522,0.00830193769282447,0.00830197204690555,132650.988738801,132650.98849563,132650.981065427,868.832251311958,868.83523407461,868.83415049998,132634.205917039,132634.204998285,132634.196217971,868.801319639953,868.804293542163,868.803205196321,3812.31034333751,3816.03826323451,3813.11332109878,1439.59836350975,1439.59896996557,1439.59856968472,132634.119189285,132634.118270157,132634.109489865,868.801187237977,868.804161140195,868.803072794335,0,0,0,5.93633744832101e-11,0,0,12701.7235537087,12701.731549505,12701.726056881,1.27017183265719e-05,1.27017244818966e-05,1.27017251982523e-05,12700.7788681252,12700.7867021056,12700.7815161031,1.27007804409381e-05,1.2700785154951e-05,1.27007810674667e-05,132651.162226888,132651.161958511,132651.154527401,0.000132651162251948,0.000132651161996492,0.000132651154552005,132651.075472177,132651.075235566,132651.067796648,0.000132651075476911,0.00013265107523106,0.000132651067798458,132642.59188836,132642.591259434,132642.583145322,0.000132642591888121,0.000132642591259525,0.000132642583145486,132634.119189285,132634.118270157,132634.109489865,0.000132634119189118,0.00013263411827041,0.000132634109489971,3812.31034333751,3816.03826323451,3813.11332109878,9.41317218883457e-06,5.06522182327082e-06,7.47507859886024e-06
0.089,12701.7256073018,12701.7314589508,12701.7244231777,9473.00832961797,9473.03402512306,9473.03684823416,12701.7256073018,12701.7314589508,12701.7244231777,9473.0083169538,9473.03401245836,9473.03683556927,12700.7809231622,12700.7866115357,12700.7798842347,9087.38814890322,9087.41412355443,9087.41628112078,132651.164538818,132651.159918297,132651.153747823,868.837333296771,868.840042730711,868.837520959126,132651.077784149,132651.073195411,132651.067017279,868.837333296771,868.840042730711,868.837520959126,132651.077784149,132651.073195411,132651.067017279,868.831873192639,868.834582606166,868.832060799793,132651.077784149,132651.073195411,132651.067017279,0.00830195123578243,0.00830192743219925,0.00830196966948018,132650.991050814,132650.986455533,132650.980286266,868.831873192639,868.834582606166,868.832060799793,132634.208216554,132634.204048157,132634.197971801,868.800936114854,868.803658570744,868.801139095592,3812.31090512606,3816.03783718153,3813.11346523992,1439.5985896662,1439.59900012249,1439.5984209891,132634.121488842,132634.117320085,132634.111243901,868.800803712881,868.803526168766,868.801006693604,0,0,0,5.93633539763181e-11,0,0,12701.7256073018,12701.7314589508,12701.7244231777,1.27017203801662e-05,1.27017243913424e-05,1.27017235645506e-05,12700.7809231622,12700.7866115357,12700.7798842347,1.27007824959734e-05,1.27007850643807e-05,1.27007794355983e-05,132651.164538818,132651.159918297,132651.153747823,0.000132651164563879,0.000132651159956279,0.000132651153772426,132651.077784149,132651.073195411,132651.067017279,0.000132651077788883,0.000132651073190905,0.000132651067019087,132642.594193314,132642.589737099,132642.583565887,0.000132642594193075,0.000132642589737191,0.00013264258356605,132634.121488842,132634.117320085,132634.111243901,0.000132634121488676,0.000132634117320339,0.000132634111244006,3812.31090512606,3816.03783718153,3813.11346523992,9.41317204549551e-06,5.06522270830691e-06,7.47507767531993e-06
0.09,12701.727858705,12701.730293923,12701.7243318989,9473.00000908798,9473.03134578918,9473.0154211507,12701.727858705,12701.730293923,12701.7243318989,9472.99999642381,9473.03133312448,9473.01540848581,12700.7831753168,12700.7854468337,12700.7797951367,9087.38000862782,9087.41122255435,9087.39479526246,132651.165704419,132651.163629095,132651.162937813,868.837314375966,868.838744943089,868.835725548233,132651.078949752,132651.076906331,132651.076207452,868.837314375966,868.838744943089,868.835725548233,132651.078949752,132651.076906331,132651.076207452,868.831854280338,868.833284789457,868.830265398654,132651.078949752,132651.076906331,132651.076207452,0.00830192097265968,0.00830192566770309,0.00830196456632851,132650.99221642,132650.990166575,132650.989476621,868.831854280338,868.833284789457,868.830265398654,132634.209269499,132634.209383456,132634.209103111,868.800919363859,868.802339570859,868.799323324747,3812.31118791088,3816.03733545423,3813.11390661462,1439.59884321963,1439.59890042448,1439.59836326433,132634.122541789,132634.122655509,132634.122375395,868.800786961887,868.802207168864,868.799190922753,0,0,0,5.93633542198794e-11,0,0,12701.727858705,12701.730293923,12701.7243318989,1.270172263157e-05,1.27017232263155e-05,1.27017234732732e-05,12700.7831753168,12700.7854468337,12700.7797951367,1.27007847481273e-05,1.2700783899678e-05,1.27007793465008e-05,132651.165704419,132651.163629095,132651.162937813,0.00013265116572948,0.000132651163667077,0.000132651162962417,132651.078949752,132651.076906331,132651.076207452,0.000132651078954486,0.000132651076901825,0.000132651076209261,132642.595302394,132642.594313385,132642.593800945,0.000132642595302155,0.000132642594313477,0.000132642593801108,132634.122541789,132634.122655509,132634.122375395,0.000132634122541623,0.000132634122655762,0.000132634122375501,3812.31118791088,3816.03733545423,3813.11390661462,9.41317114382304e-06,5.06522344007533e-06,7.47507677957014e-06
0.091,12701.7292081507,12701.7279424342,12701.7239319158,9472.99752212966,9473.02272636327,9472.99410192577,12701.7292081507,12701.7279424342,12701.7239319158,9472.99750946549,9473.02271369858,9472.99408926088,12700.784524955,12700.7830962894,12700.7793972718,9087.37760904772,9087.40233680139,9087.37355629633,132651.165512214,132651.146832557,132651.155495431,868.837270879772,868.836898977013,868.834503291493,132651.078757549,132651.060109972,132651.068765196,868.837270879772,868.836898977013,868.834503291493,132651.078757549,132651.060109972,132651.068765196,868.831810777919,868.831438822303,868.829043175433,132651.078757549,132651.060109972,132651.068765196,0.00830190151864657,0.00830192418815696,0.00830193262316254,132650.992024218,132650.973370395,132650.982034492,868.831810777919,868.831438822303,868.829043175433,132634.209099095,132634.192039431,132634.20052356,868.800876773771,868.800514231158,868.798112790415,3812.31111520553,3816.03702574746,3813.11455258013,1439.59903644048,1439.59872531239,1439.59844405962,132634.122371386,132634.105311662,132634.11379597,868.800744371794,868.800381829172,868.797980388437,0,0,0,5.93633502839972e-11,0,0,12701.7292081507,12701.7279424342,12701.7239319158,1.27017239810159e-05,1.27017208748288e-05,1.27017230732909e-05,12700.784524955,12700.7830962894,12700.7793972718,1.27007860977656e-05,1.27007815491329e-05,1.27007789486367e-05,132651.165512214,132651.146832557,132651.155495431,0.000132651165537275,0.000132651146870538,0.000132651155520035,132651.078757549,132651.060109972,132651.068765196,0.000132651078762283,0.000132651060105466,0.000132651068767006,132642.595120529,132642.577192548,132642.585775407,0.00013264259512029,0.000132642577192638,0.000132642585775571,132634.122371386,132634.105311662,132634.11379597,0.00013263412237122,0.000132634105311914,0.000132634113796076,3812.31111520553,3816.03702574746,3813.11455258013,9.41316995715343e-06,5.06522378622092e-06,7.4750764161209e-06
0.092,12701.7295600537,12701.7270710724,12701.7267898365,9472.99772830118,9473.0074304842,9472.97687037105,12701.7295600537,12701.7270710724,12701.7267898365,9472.99771563702,9473.00741781951,9472.97685770615,12700.7848768232,12700.7822265453,12700.782256853,9087.37776658436,9087.38682118576,9087.35650664623,132651.166181791,132651.171715332,132651.170762449,868.836833266158,868.83481689148,868.833922317631,132651.079427163,132651.084992952,132651.084032277,868.836833266158,868.83481689148,868.833922317631,132651.079427163,132651.084992952,132651.084032277,868.831373143296,868.829356710886,868.828462213587,132651.079427163,132651.084992952,132651.084032277,0.00830188542017637,0.00830193704527596,0.00830192198855704,132650.992693869,132650.998253582,132650.997301637,868.831373143296,868.829356710886,868.828462213587,132634.209793082,132634.213463529,132634.213445393,868.800438081995,868.798420940541,868.797527103324,3812.31075119781,3816.03701098836,3813.11515951611,1439.59911237262,1439.59854485745,1439.59863308692,132634.12306541,132634.126735967,132634.126717866,868.800305680007,868.798288538532,868.79739470134,0,0,0,5.93633191367162e-11,0,0,12701.7295600537,12701.7270710724,12701.7267898365,1.27017243329196e-05,1.27017200034691e-05,1.2701725931211e-05,12700.7848768232,12700.7822265453,12700.782256853,1.27007864496343e-05,1.27007806793877e-05,1.27007818082186e-05,132651.166181791,132651.171715332,132651.170762449,0.000132651166206852,0.000132651171753313,0.000132651170787052,132651.079427163,132651.084992952,132651.084032277,0.000132651079431897,0.000132651084988447,0.000132651084034086,132642.595818971,132642.600585205,132642.599996886,0.000132642595818732,0.000132642600585296,0.00013264259999705,132634.12306541,132634.126735967,132634.126717866,0.000132634123065244,0.000132634126736219,0.000132634126717972,3812.31075119781,3816.03701098836,3813.11515951611,9.4131689595158e-06,5.06522366295711e-06,7.47507668658948e-06
0.093,12701.7288245524,12701.7250665436,12701.7276084529,9472.99652720498,9472.987219125,9472.96608198422,12701.7288245524,12701.7250665436,12701.7276084529,9472.99651454081,9472.98720646032,9472.96606931933,12700.7841414831,12700.7802240889,12700.7830764746,9087.37638949148,9087.36650581083,9087.34592007888,132651.159507409,132651.149161118,132651.166220474,868.835785473899,868.832891066155,868.833807806593,132651.072752879,132651.062438932,132651.079490315,868.835785473899,868.832891066155,868.833807806593,132651.072752879,132651.062438932,132651.079490315,868.83032533279,868.827430922227,868.828347721285,132651.072752879,132651.062438932,132651.079490315,0.00830188303234764,0.00830191039573893,0.00830187618725806,132650.986019683,132650.975699757,132650.992759688,868.83032533279,868.827430922227,868.828347721285,132634.203206999,132634.191310348,132634.209000309,868.799391406936,868.79649420143,868.797411960514,3812.31026893829,3816.03733802758,3813.11553952012,1439.59905421919,1439.59843956056,1439.59887339425,132634.116479426,132634.104582979,132634.122272796,868.799259004945,868.796361799446,868.797279558537,0,0,0,5.9363248296174e-11,0,0,12701.7288245524,12701.7250665436,12701.7276084529,1.27017235974195e-05,1.2701717998943e-05,1.27017267498267e-05,12700.7841414831,12700.7802240889,12700.7830764746,1.27007857142943e-05,1.27007786769301e-05,1.27007826278408e-05,132651.159507409,132651.149161118,132651.166220474,0.00013265115953247,0.000132651149199099,0.000132651166245077,132651.072752879,132651.062438932,132651.079490315,0.000132651072757613,0.000132651062434427,0.000132651079492124,132642.589163117,132642.578093399,132642.595465612,0.000132642589162878,0.000132642578093491,0.000132642595465776,132634.116479426,132634.104582979,132634.122272796,0.000132634116479259,0.000132634104583233,0.000132634122272901,3812.31026893829,3816.03733802758,3813.11553952012,9.41316862394822e-06,5.0652231635618e-06,7.47507757246171e-06
0.094,12701.727172458,12701.7262033338,12701.7296908288,9472.99042387334,9472.96569480627,9472.96168616401,12701.727172458,12701.7262033338,12701.7296908288,9472.99041120917,9472.96568214158,9472.96167349911,12700.7824900743,12700.7813630349,12700.7851592159,9087.37004038703,9087.34502051526,9087.34166135586,132651.163795653,132651.171198094,132651.167868546,868.83414475387,868.831453307394,868.833815855808,132651.077041281,132651.084476057,132651.081138385,868.83414475387,868.831453307394,868.833815855808,132651.077041281,132651.084476057,132651.081138385,868.828684587777,868.825993166058,868.828355768833,132651.077041281,132651.084476057,132651.081138385,0.00830188602563012,0.00830191366606715,0.00830186276215442,132650.990308243,132650.99773703,132650.994407756,868.828684587777,868.825993166058,868.828355768833,132634.207388813,132634.215366902,132634.210870854,868.79775390702,868.795067025723,868.797420449654,3812.30988415208,3816.03791793253,3813.11558265655,1439.59889612117,1439.59846080369,1439.59908713022,132634.120661397,132634.128639682,132634.124143338,868.797621505015,868.794934623723,868.797288047674,0,0,0,5.93631404294458e-11,0,0,12701.727172458,12701.7262033338,12701.7296908288,1.27017219453271e-05,1.27017191357344e-05,1.27017288322012e-05,12700.7824900743,12700.7813630349,12700.7851592159,1.27007840628849e-05,1.27007798158748e-05,1.27007847105823e-05,132651.163795653,132651.171198094,132651.167868546,0.000132651163820714,0.000132651171236075,0.00013265116789315,132651.077041281,132651.084476057,132651.081138385,0.000132651077046015,0.000132651084471551,0.000132651081140195,132642.593448293,132642.601245224,132642.597229142,0.000132642593448054,0.000132642601245315,0.000132642597229305,132634.120661397,132634.128639682,132634.124143338,0.000132634120661231,0.000132634128639934,0.000132634124143444,3812.30988415208,3816.03791793253,3813.11558265655,9.41316916420994e-06,5.06522251947695e-06,7.47507880806616e-06
0.095,12701.7257119111,12701.7266796421,12701.7301461062,9472.97782797623,9472.94693925507,9472.96128450806,12701.7257119111,12701.7266796421,12701.7301461062,9472.97781531207,9472.94692659038,9472.96127184316,12700.7810308734,12700.7818411747,12700.7856145085,9087.35721176162,9087.32642417257,9087.34127446293,132651.158005282,132651.162321285,132651.169244354,868.832152683739,868.830653396647,868.833564460666,132651.071251106,132651.075599333,132651.082514213,868.832152683739,868.830653396647,868.833564460666,132651.071251106,132651.075599333,132651.082514213,868.826692516043,868.825193290166,868.82810435623,132651.071251106,132651.075599333,132651.082514213,0.00830188514777996,0.00830187214891742,0.00830184080047308,132650.984518264,132650.98886039,132650.995783604,868.826692516043,868.825193290166,868.82810435623,132634.202022887,132634.20771062,132634.211962855,868.795756015244,868.794251512575,868.797173964336,3812.30975889576,3816.03852260173,3813.1153084377,1439.59870541239,1439.59859407111,1439.59920076067,132634.115295667,132634.120983485,132634.125235359,868.79562361324,868.794119110589,868.797041562347,0,0,0,5.93630121667827e-11,0,0,12701.7257119111,12701.7266796421,12701.7301461062,1.27017204847828e-05,1.27017196120437e-05,1.27017292874779e-05,12700.7810308734,12700.7818411747,12700.7856145085,1.27007826036824e-05,1.27007802940136e-05,1.27007851658747e-05,132651.158005282,132651.162321285,132651.169244354,0.000132651158030343,0.000132651162359266,0.000132651169268957,132651.071251106,132651.075599333,132651.082514213,0.000132651071255841,0.000132651075594827,0.000132651082516022,132642.587834833,132642.592828826,132642.598500535,0.000132642587834594,0.000132642592828917,0.000132642598500699,132634.115295667,132634.120983485,132634.125235359,0.000132634115295502,0.000132634120983737,0.000132634125235465,3812.30975889576,3816.03852260173,3813.1153084377,9.41317035583147e-06,5.06522201345469e-06,7.47507991739887e-06
0.096,12701.724642576,12701.7287726888,12701.7296702546,9472.95964183652,9472.93391364048,9472.96104071727,12701.724642576,12701.7287726888,12701.7296702546,9472.95962917236,9472.93390097579,9472.96102805238,12700.7799634209,12700.7839354469,12700.7851386974,9087.33888528212,9087.31360563391,9087.34091236162,132651.16258566,132651.169242757,132651.164232308,868.830178820569,868.830398157578,868.832779355387,132651.075831682,132651.082520834,132651.077502239,868.830178820569,868.830398157578,868.832779355387,132651.075831682,132651.082520834,132651.077502239,868.824718656148,868.824938063401,868.827319232782,132651.075831682,132651.082520834,132651.077502239,0.0083018836336657,0.00830185330560504,0.00830183613552151,132650.989099038,132650.99578192,132650.990771701,868.824718656148,868.824938063401,868.827319232782,132634.206711329,132634.213348706,132634.208389736,868.793790406293,868.794007733974,868.796378881923,3812.30998218584,3816.03899042942,3813.11483987743,1439.59856571531,1439.59881385915,1439.59918628572,132634.119984307,132634.126621599,132634.121662313,868.793658004286,868.793875331988,868.796246479927,0,0,0,5.93628875562046e-11,0,0,12701.724642576,12701.7287726888,12701.7296702546,1.27017194154506e-05,1.270172170509e-05,1.2701728811626e-05,12700.7799634209,12700.7839354469,12700.7851386974,1.27007815362275e-05,1.2700782388285e-05,1.27007846900631e-05,132651.16258566,132651.169242757,132651.164232308,0.000132651162610721,0.000132651169280738,0.000132651164256911,132651.075831682,132651.082520834,132651.077502239,0.000132651075836416,0.000132651082516328,0.000132651077504048,132642.592482767,132642.599099337,132642.594225934,0.000132642592482527,0.000132642599099428,0.000132642594226098,132634.119984307,132634.126621599,132634.121662313,0.00013263411998414,0.000132634126621852,0.000132634121662419,3812.30998218584,3816.03899042942,3813.11483987743,9.41317191896482e-06,5.0652218704498e-06,7.47508060529107e-06
0.097,12701.7246163525,12701.7304576823,12701.7284006725,9472.93885540395,9472.92748328305,9472.95717381896,12701.7246163525,12701.7304576823,12701.7284006725,9472.93884273979,9472.92747061835,9472.95716115406,12700.7799392958,12700.7856210073,12700.7838695629,9087.31809261645,9087.30734943546,9087.33683198901,132651.165102256,132651.170814221,132651.159995943,868.828585594194,868.830401889215,868.831390840717,132651.078348441,132651.084092298,132651.073266006,868.828585594194,868.830401889215,868.831390840717,132651.078348441,132651.084092298,132651.073266006,868.823125448782,868.824941798812,868.825930698531,132651.078348441,132651.084092298,132651.073266006,0.00830187003903321,0.00830182781762284,0.00830183674084536,132650.99161596,132650.997353384,132650.986535601,868.823125448782,868.824941798812,868.825930698531,132634.209008379,132634.214389116,132634.206110452,868.792188224284,868.79400774162,868.795006017873,3812.31046951724,3816.03914331861,3813.11441060857,1439.59852850142,1439.59902511069,1439.59906106242,132634.12228152,132634.127662009,132634.119383159,868.792055822281,868.793875339634,868.79487361587,0,0,0,5.93627891994604e-11,0,0,12701.7246163525,12701.7304576823,12701.7284006725,1.27017193892296e-05,1.27017233900826e-05,1.27017275420445e-05,12700.7799392958,12700.7856210073,12700.7838695629,1.27007815120997e-05,1.27007840738448e-05,1.27007834209282e-05,132651.165102256,132651.170814221,132651.159995943,0.000132651165127317,0.000132651170852202,0.000132651160020546,132651.078348441,132651.084092298,132651.073266006,0.000132651078353175,0.000132651084087792,0.000132651073267816,132642.59487399,132642.600411071,132642.590935642,0.00013264259487375,0.000132642600411162,0.000132642590935806,132634.12228152,132634.127662009,132634.119383159,0.000132634122281354,0.000132634127662262,0.000132634119383265,3812.31046951724,3816.03914331861,3813.11441060857,9.41317321740145e-06,5.06522217189032e-06,7.47508062856089e-06
0.098,12701.7259401452,12701.7312595126,12701.7274303638,9472.91943218803,9472.92601692223,9472.94739539052,12701.7259401452,12701.7312595126,12701.7274303638,9472.91941952387,9472.92600425753,9472.94738272562,12700.7812650006,12700.7864229397,12700.7829003161,9087.29879167833,9087.30595205904,9087.32682389927,132651.166553463,132651.171522533,132651.166986747,868.827586592295,868.830288865623,868.829565324307,132651.079799752,132651.084800617,132651.080256989,868.827586592295,868.830288865623,868.829565324307,132651.079799752,132651.084800617,132651.080256989,868.822126471564,868.824828763567,868.824105162963,132651.079799752,132651.084800617,132651.080256989,0.00830184616044292,0.00830180261273071,0.00830184204863871,132650.993067376,132650.99806171,132650.993526762,868.822126471564,868.824828763567,868.824105162963,132634.210150077,132634.214965063,132634.211780742,868.791195306561,868.793890590827,868.793165559695,3812.31108138297,3816.03896530527,3813.11417277602,1439.5986188693,1439.59917102369,1439.59887762372,132634.123423323,132634.128237964,132634.125053629,868.791062904564,868.793758188833,868.793033157681,0,0,0,5.93627295242645e-11,0,0,12701.7259401452,12701.7312595126,12701.7274303638,1.27017207130245e-05,1.27017241919124e-05,1.27017265717371e-05,12700.7812650006,12700.7864229397,12700.7829003161,1.27007828378022e-05,1.27007848757768e-05,1.27007824516811e-05,132651.166553463,132651.171522533,132651.166986747,0.000132651166578524,0.000132651171560514,0.00013265116701135,132651.079799752,132651.084800617,132651.080256989,0.000132651079804487,0.000132651084796111,0.000132651080258798,132642.596151562,132642.601049111,132642.597215252,0.000132642596151323,0.000132642601049203,0.000132642597215415,132634.123423323,132634.128237964,132634.125053629,0.000132634123423157,0.000132634128238217,0.000132634125053734,3812.31108138297,3816.03896530527,3813.11417277602,9.41317391087722e-06,5.06522283510098e-06,7.47508004419944e-06
0.099,12701.7275867917,12701.7311766032,12701.7256948441,9472.90476867051,9472.9261467321,9472.93167772024,12701.7275867917,12701.7311766032,12701.7256948441,9472.90475600636,9472.9261340674,9472.93166505535,12700.7829130467,12700.786340013,12700.7811664366,9087.28432365892,9087.30601805971,9087.31093626462,132651.172337496,132651.163132074,132651.157301093,868.827176102733,868.829739518176,868.82762755853,132651.085583831,132651.076410208,132651.070571528,868.827176102733,868.829739518176,868.82762755853,132651.085583831,132651.076410208,132651.070571528,868.821715998727,868.824279404161,868.822167409892,132651.085583831,132651.076410208,132651.070571528,0.00830182380845027,0.00830179910754932,0.00830183392588743,132650.9988515,132650.989671351,132650.983841495,868.821715998727,868.824279404161,868.822167409892,132634.21574257,132634.205608872,132634.199432948,868.79078096297,868.793350050966,868.791238487237,3812.31159588611,3816.03855973124,3813.11427096618,1439.5987996721,1439.59919842146,1439.59871984649,132634.129015861,132634.118881822,132634.112706028,868.790648560975,868.793217648974,868.791106085235,0,0,0,5.93627066596702e-11,0,0,12701.7275867917,12701.7311766032,12701.7256948441,1.27017223596722e-05,1.27017241090028e-05,1.2701724836219e-05,12700.7829130467,12700.786340013,12700.7811664366,1.27007844858467e-05,1.27007847928497e-05,1.27007807178016e-05,132651.172337496,132651.163132074,132651.157301093,0.000132651172362557,0.000132651163170055,0.000132651157325696,132651.085583831,132651.076410208,132651.070571528,0.000132651085588566,0.000132651076405702,0.000132651070573337,132642.601865015,132642.592082541,132642.586023674,0.000132642601864776,0.000132642592082632,0.000132642586023837,132634.129015861,132634.118881822,132634.112706028,0.000132634129015695,0.000132634118882074,0.000132634112706133,3812.31159588611,3816.03855973124,3813.11427096618,9.41317377676159e-06,5.0652236338747e-06,7.47507915812674e-06
0.1,12701.729590891,12701.7305362164,12701.7267974682,9472.89646316434,9472.92400993625,9472.91231671558,12701.729590891,12701.7305362164,12701.7267974682,9472.89645050018,9472.92399727156,9472.91230405069,12700.7849178976,12700.7856998907,12700.7822710324,9087.27620726784,9087.30370712283,9087.29152504796,132651.171893021,132651.175445174,132651.173387872,868.827130460069,868.828611339812,868.825946843187,132651.085139361,132651.088723413,132651.086658478,868.827130460069,868.828611339812,868.825946843187,132651.085139361,132651.088723413,132651.086658478,868.821670365992,868.823151190187,868.820486696354,132651.085139361,132651.088723413,132651.086658478,0.00830179120935322,0.00830179666517797,0.00830183549857864,132650.998407035,132651.001984662,132650.999928616,868.821670365992,868.823151190187,868.820486696354,132634.215347747,132634.217481882,132634.215082246,868.790736036179,868.792217323133,868.789553979314,3812.31185489213,3816.03809429401,3813.11466660087,1439.59901088104,1439.59910946635,1439.59864824233,132634.128621043,132634.130754938,132634.128355496,868.790603634185,868.792084921119,868.789421577301,0,0,0,5.9362705164966e-11,0,0,12701.729590891,12701.7305362164,12701.7267974682,1.27017243637722e-05,1.27017234686167e-05,1.27017259388442e-05,12700.7849178976,12700.7856998907,12700.7822710324,1.2700786490697e-05,1.2700784152727e-05,1.27007818223978e-05,132651.171893021,132651.175445174,132651.173387872,0.000132651171918081,0.000132651175483154,0.000132651173412476,132651.085139361,132651.088723413,132651.086658478,0.000132651085144095,0.000132651088718907,0.000132651086660288,132642.601436079,132642.604276405,132642.602005006,0.00013264260143584,0.000132642604276495,0.000132642602005169,132634.128621043,132634.130754938,132634.128355496,0.000132634128620877,0.00013263413075519,0.000132634128355602,3812.31185489213,3816.03809429401,3813.11466660087,9.41317294592325e-06,5.06522430185624e-06,7.47507832351127e-06
0.101,12701.7307431928,12701.7285731793,12701.7265295731,9472.89373648342,9472.91673034689,9472.89294138234,12701.7307431928,12701.7285731793,12701.7265295731,9472.89372381926,9472.9167176822,9472.89292871744,12700.7860704149,12700.7837376515,12700.7820050623,9087.273587375,9087.29620591668,9087.27222841675,132651.171667319,132651.15443531,132651.163390521,868.8270995609,868.826984964659,868.824789981777,132651.084913661,132651.067713707,132651.076661247,868.8270995609,868.826984964659,868.824789981777,132651.084913661,132651.067713707,132651.076661247,868.821639462185,868.821524819993,868.81932986877,132651.084913661,132651.067713707,132651.076661247,0.0083017753788606,0.00830179374045704,0.00830180281615696,132650.998181337,132650.980975115,132650.989931505,868.821639462185,868.821524819993,868.81932986877,132634.21513955,132634.199538099,132634.207783659,868.790705356207,868.7905882499,868.788393948963,3812.31178721192,3816.03777099786,3813.11523483647,1439.59917686785,1439.59894729943,1439.59869548293,132634.128412848,132634.112811314,132634.12105703,868.790572954211,868.790455847897,868.788261546964,0,0,0,5.93627022627868e-11,0,0,12701.7307431928,12701.7285731793,12701.7265295731,1.27017255160744e-05,1.27017215055814e-05,1.27017256709499e-05,12700.7860704149,12700.7837376515,12700.7820050623,1.27007876432144e-05,1.2700782190487e-05,1.27007815564283e-05,132651.171667319,132651.15443531,132651.163390521,0.00013265117169238,0.000132651154473291,0.000132651163415125,132651.084913661,132651.067713707,132651.076661247,0.000132651084918395,0.000132651067709202,0.000132651076663056,132642.601218157,132642.584760886,132642.593368992,0.000132642601217918,0.000132642584760978,0.000132642593369156,132634.128412848,132634.112811314,132634.12105703,0.000132634128412682,0.000132634112811566,0.000132634121057135,3812.31178721192,3816.03777099786,3813.11523483647,9.4131718006246e-06,5.06522461992315e-06,7.47507790737641e-06
0.102,12701.7310386872,12701.7280921277,12701.7292053962,9472.89377044097,9472.90347261975,9472.87715680235,12701.7310386872,12701.7280921277,12701.7292053962,9472.8937577768,9472.90345995506,9472.87714413745,12700.7863658873,12700.7832580032,12700.7846824063,9087.27360268254,9087.28275803972,9087.25661237431,132651.172284529,132651.171356063,132651.173447394,868.826739269774,868.825130995462,868.824225261556,132651.085530901,132651.084634644,132651.086718181,868.826739269774,868.825130995462,868.824225261556,132651.085530901,132651.084634644,132651.086718181,868.821279152214,868.819670829554,868.818765161863,132651.085530901,132651.084634644,132651.086718181,0.00830176024215576,0.00830180421856792,0.0083017898065537,132650.998798608,132650.997896235,132650.999988499,868.821279152214,868.819670829554,868.818765161863,132634.215858524,132634.217645136,132634.218437974,868.790347023468,868.788747432348,868.78783449372,3812.31144964312,3816.03774919926,3813.1157921997,1439.59924220475,1439.59878701258,1439.59885193489,132634.129131852,132634.130918533,132634.131711405,868.790214621463,868.788615030325,868.787702091718,0,0,0,5.9362676457874e-11,0,0,12701.7310386872,12701.7280921277,12701.7292053962,1.27017258115693e-05,1.27017210245315e-05,1.27017283467725e-05,12700.7863658873,12700.7832580032,12700.7846824063,1.27007879386873e-05,1.27007817108377e-05,1.27007842337728e-05,132651.172284529,132651.171356063,132651.173447394,0.000132651172309589,0.000132651171394044,0.000132651173471997,132651.085530901,132651.084634644,132651.086718181,0.000132651085535636,0.000132651084630139,0.000132651086719989,132642.601903166,132642.602500114,132642.603841014,0.000132642601902927,0.000132642602500206,0.000132642603841176,132634.129131852,132634.130918533,132634.131711405,0.000132634129131685,0.000132634130918786,0.00013263413171151,3812.31144964312,3816.03774919926,3813.1157921997,9.4131708638286e-06,5.0652245059725e-06,7.47507814062274e-06
0.103,12701.730332477,12701.7272246697,12701.7307961947,9472.89281012059,9472.88573869835,9472.86721617825,12701.730332477,12701.7272246697,12701.7307961947,9472.89279745642,9472.88572603366,9472.86720351335,12700.7856598032,12700.7823923652,12700.7862741265,9087.27250304468,9087.26493393623,9087.24686156334,132651.167372197,132651.162216699,132651.173035571,868.825841531248,868.823408614476,868.824102268169,132651.080618652,132651.075495453,132651.086306372,868.825841531248,868.823408614476,868.824102268169,132651.080618652,132651.075495453,132651.086306372,868.820381395866,868.81794847014,868.818642182788,132651.080618652,132651.075495453,132651.086306372,0.0083017576299204,0.00830178915806326,0.00830175686540341,132650.993886443,132650.988757218,132650.999576705,868.820381395866,868.81794847014,868.818642182788,132634.211277156,132634.206663702,132634.217089357,868.789445572846,868.78700462751,868.787706636108,3812.31099107611,3816.03801347734,3813.11613684611,1439.59919148162,1439.59868703152,1439.59905467075,132634.124550568,132634.119937274,132634.130362803,868.789313170836,868.7868722255,868.78757423411,0,0,0,5.93626156335763e-11,0,0,12701.730332477,12701.7272246697,12701.7307961947,1.27017251053602e-05,1.27017201570755e-05,1.27017299375702e-05,12700.7856598032,12700.7823923652,12700.7862741265,1.27007872326033e-05,1.27007808451985e-05,1.27007858254935e-05,132651.167372197,132651.162216699,132651.173035571,0.000132651167397257,0.000132651162254679,0.000132651173060174,132651.080618652,132651.075495453,132651.086306372,0.000132651080623387,0.000132651075490948,0.000132651086308181,132642.597145587,132642.592368349,132642.602940245,0.000132642597145348,0.00013264259236844,0.000132642602940408,132634.124550568,132634.119937274,132634.130362803,0.000132634124550402,0.000132634119937527,0.000132634130362908,3812.31099107611,3816.03801347734,3813.11613684611,9.41317046901266e-06,5.06522403967645e-06,7.47507888780899e-06
0.104,12701.7289558569,12701.728191014,12701.73254056,9472.88758949395,9472.86668953412,9472.86310660908,12701.7289558569,12701.728191014,12701.73254056,9472.88757682979,9472.86667686943,9472.86309394418,12700.7842837699,12700.7833606174,12700.7880188356,9087.26707308186,9087.24591727288,9087.24288211964,132651.167567538,132651.170374206,132651.173792247,868.824407950156,868.822116877658,868.824108169103,132651.080814132,132651.083653094,132651.087063046,868.824407950156,868.822116877658,868.824108169103,132651.080814132,132651.083653094,132651.087063046,868.81894779509,868.816656747411,868.818648082864,132651.080814132,132651.083653094,132651.087063046,0.0083017598806523,0.0083017796809666,0.00830173669840593,132650.99408206,132650.996914992,132651.000333378,868.81894779509,868.816656747411,868.818648082864,132634.211444437,132634.212270971,132634.217611363,868.788019564757,868.785733802819,868.787713113786,3812.310620899,3816.03853422885,3813.11617669872,1439.5990547946,1439.59870907564,1439.59924153658,132634.124717986,132634.125544675,132634.130884807,868.787887162739,868.78560140081,868.787580711785,0,0,0,5.93625213267597e-11,0,0,12701.7289558569,12701.728191014,12701.73254056,1.27017237287417e-05,1.27017211234209e-05,1.27017316819342e-05,12700.7842837699,12700.7833606174,12700.7880188356,1.27007858565693e-05,1.27007818134495e-05,1.27007875702026e-05,132651.167567538,132651.170374206,132651.173792247,0.000132651167592599,0.000132651170412187,0.00013265117381685,132651.080814132,132651.083653094,132651.087063046,0.000132651080818867,0.000132651083648588,0.000132651087064855,132642.597347118,132642.599205816,132642.603573769,0.000132642597346879,0.000132642599205906,0.000132642603573932,132634.124717986,132634.125544675,132634.130884807,0.000132634124717821,0.000132634125544927,0.000132634130884913,3812.310620899,3816.03853422885,3813.11617669872,9.41317091935086e-06,5.06522343289433e-06,7.47508000441455e-06
0.105,12701.7275546793,12701.7298890736,12701.7332232486,9472.87654394253,9472.85002494136,9472.86269548801,12701.7275546793,12701.7298890736,12701.7332232486,9472.87653127838,9472.85001227667,9472.86268282311,12700.7828837721,12700.7850603018,12700.7887015331,9087.25582302398,9087.22939218112,9087.24248930558,132651.167913741,132651.175670717,132651.172237519,868.822648634127,868.821398317849,868.823891305626,132651.081160508,132651.088949681,132651.085508336,868.822648634127,868.821398317849,868.823891305626,132651.081160508,132651.088949681,132651.085508336,868.817188471393,868.815938207523,868.818431206768,132651.081160508,132651.088949681,132651.085508336,0.00830176195690855,0.00830175885468604,0.00830172253851321,132650.994428609,132651.002211656,132650.998778685,868.817188471393,868.815938207523,868.818431206768,132634.211580224,132634.218049399,132634.215866779,868.786252094861,868.784998383943,868.787500957925,3812.31048011642,3816.03907774375,3813.1159223092,1439.59889056752,1439.5988316768,1439.59934162373,132634.124853947,132634.131323181,132634.129140241,868.786119692839,868.784865981935,868.78736855592,0,0,0,5.9362408053044e-11,0,0,12701.7275546793,12701.7298890736,12701.7332232486,1.27017223275663e-05,1.27017228214807e-05,1.27017323646219e-05,12700.7828837721,12700.7850603018,12700.7887015331,1.270078445657e-05,1.27007835131328e-05,1.27007882528999e-05,132651.167913741,132651.175670717,132651.172237519,0.000132651167938801,0.000132651175708698,0.000132651172262122,132651.081160508,132651.088949681,132651.085508336,0.000132651081165243,0.000132651088945176,0.000132651085510145,132642.597589836,132642.604691867,132642.601940136,0.000132642597589596,0.000132642604691958,0.000132642601940299,132634.124853947,132634.131323181,132634.129140241,0.000132634124853781,0.000132634131323434,0.000132634129140347,3812.31048011642,3816.03907774375,3813.1159223092,9.41317195796789e-06,5.06522294091076e-06,7.47508100671124e-06
0.106,12701.7269132549,12701.7314743442,12701.7328857986,9472.86037909769,9472.83843988281,9472.8624791879,12701.7269132549,12701.7314743442,12701.7328857986,9472.86036643354,9472.83842721812,9472.862466523,12700.7822440218,12700.7866466636,12700.7883641228,9087.2395314913,9087.21798866856,9087.2421681443,132651.165865169,132651.172219383,132651.174857876,868.82089318122,868.821171064488,868.823193792682,132651.079112112,132651.085498373,132651.088128757,868.82089318122,868.821171064488,868.823193792682,132651.079112112,132651.085498373,132651.088128757,868.815433026962,868.81571097363,868.817733669672,132651.079112112,132651.085498373,132651.088128757,0.00830175671433453,0.00830172299527409,0.00830171457287859,132650.992380389,132650.998760372,132651.00139917,868.815433026962,868.81571097363,868.817733669672,132634.20959835,132634.216061084,132634.216957507,868.784504163887,868.784779482398,868.786797076693,3812.31065886022,3816.03950016084,3813.11548653405,1439.59877480269,1439.59903318713,1439.59932884045,132634.122872249,132634.12933489,132634.130231033,868.784371761868,868.784647080397,868.786664674678,0,0,0,5.93622972894496e-11,0,0,12701.7269132549,12701.7314743442,12701.7328857986,1.27017216861444e-05,1.27017244067511e-05,1.27017320271718e-05,12700.7822440218,12700.7866466636,12700.7883641228,1.27007838168176e-05,1.27007850994939e-05,1.27007879154893e-05,132651.165865169,132651.172219383,132651.174857876,0.000132651165890229,0.000132651172257364,0.00013265117488248,132651.079112112,132651.085498373,132651.088128757,0.000132651079116846,0.000132651085493868,0.000132651088130566,132642.595540791,132642.601919746,132642.603832618,0.000132642595540552,0.000132642601919837,0.000132642603832781,132634.122872249,132634.12933489,132634.130231033,0.000132634122872082,0.000132634129335143,0.000132634130231138,3812.31065886022,3816.03950016084,3813.11548653405,9.4131733480342e-06,5.06522277852493e-06,7.47508163000062e-06
0.107,12701.7268989884,12701.7336448184,12701.7312587732,9472.84174220387,9472.83274814758,9472.85897065465,12701.7268989884,12701.7336448184,12701.7312587732,9472.84172953972,9472.83273548289,9472.85895798975,12700.7822316368,12700.7888176341,12700.7867374978,9087.22088656936,9087.21244770066,9087.23846635189,132651.173243548,132651.176120835,132651.165244355,868.819470067223,868.821176080323,868.821943945757,132651.086490636,132651.089399824,132651.078515355,868.819470067223,868.821176080323,868.821943945757,132651.086490636,132651.089399824,132651.078515355,868.814009924522,868.815715990845,868.816483811957,132651.086490636,132651.089399824,132651.078515355,0.00830174976195638,0.00830171237438909,0.00830171476580054,132650.999759059,132651.002661824,132650.991785887,868.814009924522,868.815715990845,868.816483811957,132634.217025902,132634.219945643,132634.207531076,868.783075658754,868.784782788638,868.785553831764,3812.31108721315,3816.03964173372,3813.11506981255,1439.59875487321,1439.59923169456,1439.59921639351,132634.130299946,132634.13321945,132634.120804721,868.782943256733,868.784650386634,868.78542142975,0,0,0,5.93622095378726e-11,0,0,12701.7268989884,12701.7336448184,12701.7312587732,1.270172167188e-05,1.27017265772242e-05,1.27017304001468e-05,12700.7822316368,12700.7888176341,12700.7867374978,1.27007838044301e-05,1.27007872704636e-05,1.27007862888638e-05,132651.173243548,132651.176120835,132651.165244355,0.000132651173268609,0.000132651176158816,0.000132651165268957,132651.086490636,132651.089399824,132651.078515355,0.000132651086495372,0.000132651089395319,0.000132651078517163,132642.602968992,132642.605841973,132642.594217165,0.000132642602968753,0.000132642605842065,0.000132642594217328,132634.130299946,132634.13321945,132634.120804721,0.000132634130299781,0.000132634133219702,0.000132634120804826,3812.31108721315,3816.03964173372,3813.11506981255,9.41317453424066e-06,5.06522302109914e-06,7.47508165163145e-06
0.108,12701.7281434769,12701.7344031986,12701.7303357245,9472.82420297683,9472.83150317257,9472.85000317431,12701.7281434769,12701.7344031986,12701.7303357245,9472.82419031267,9472.83149050787,9472.84999050941,12700.7834778517,12700.7895760995,12700.7858154227,9087.20345422709,9087.2112584601,9087.22928719506,132651.170976037,132651.177615166,132651.173842841,868.818576713429,868.821069626834,868.820284104983,132651.084223219,132651.090894162,132651.087114003,868.818576713429,868.821069626834,868.820284104983,132651.084223219,132651.090894162,132651.087114003,868.813116596184,868.815609525151,868.814823949999,132651.084223219,132651.090894162,132651.087114003,0.00830172402843918,0.0083016843048941,0.00830172098012848,132650.997491735,132651.004156168,132651.000384697,868.813116596184,868.815609525151,868.814823949999,132634.214856577,132634.221745285,132634.218635206,868.782183714348,868.784675943906,868.783892804103,3812.31163000011,3816.03948014371,3813.11483862811,1439.59884948659,1439.59936600213,1439.59905464878,132634.128130715,132634.135019098,132634.131909012,868.782051312336,868.784543541893,868.783760402072,0,0,0,5.93621562894158e-11,0,0,12701.7281434769,12701.7344031986,12701.7303357245,1.27017229163703e-05,1.27017273356039e-05,1.27017294770994e-05,12700.7834778517,12700.7895760995,12700.7858154227,1.2700785050643e-05,1.27007880289287e-05,1.27007853667885e-05,132651.170976037,132651.177615166,132651.173842841,0.000132651171001097,0.000132651177653147,0.000132651173867443,132651.084223219,132651.090894162,132651.087114003,0.000132651084227954,0.000132651090889657,0.000132651087115811,132642.600712261,132642.607495272,132642.604067517,0.000132642600712022,0.000132642607495364,0.00013264260406768,132634.128130715,132634.135019098,132634.131909012,0.000132634128130549,0.00013263413501935,0.000132634131909118,3812.31163000011,3816.03948014371,3813.11483862811,9.41317515863276e-06,5.0652236006085e-06,7.47508111974092e-06
0.109,12701.7297587913,12701.7343125518,12701.7282484466,9472.81088221019,9472.83163525749,9472.83550963472,12701.7297587913,12701.7343125518,12701.7282484466,9472.81086954603,9472.83162259279,9472.83549696982,12700.7850944372,12700.7894854334,12700.7837296557,9087.19030815608,9087.21132576316,9087.21463815478,132651.177504436,132651.168090878,132651.162783044,868.818210848363,868.820557199367,868.818509794707,132651.090751658,132651.08136992,132651.076054383,868.818210848363,868.820557199367,868.818509794707,132651.090751658,132651.08136992,132651.076054383,868.812750744802,868.815097088073,868.813049651551,132651.090751658,132651.08136992,132651.076054383,0.00830170641647859,0.00830168223087713,0.00830171342368181,132651.004020215,132650.994631973,132650.989325254,868.812750744802,868.815097088073,868.813049651551,132634.221052139,132634.213257571,132634.209381746,868.78181800591,868.784161563645,868.782114207487,3812.31209713788,3816.03909592528,3813.11489366403,1439.59902934534,1439.59939206259,1439.59891179947,132634.134326317,132634.126531431,132634.12265573,868.781685603898,868.784029161633,868.781981805465,0,0,0,5.93621360292006e-11,0,0,12701.7297587913,12701.7343125518,12701.7282484466,1.27017245316857e-05,1.2701727244957e-05,1.2701727389823e-05,12700.7850944372,12700.7894854334,12700.7837296557,1.2700786667227e-05,1.27007879382622e-05,1.27007832810215e-05,132651.177504436,132651.168090878,132651.162783044,0.000132651177529496,0.000132651168128858,0.000132651162807648,132651.090751658,132651.08136992,132651.076054383,0.000132651090756393,0.000132651081365415,0.000132651076056192,132642.607105676,132642.598410597,132642.593778835,0.000132642607105436,0.000132642598410688,0.000132642593778999,132634.134326317,132634.126531431,132634.12265573,0.000132634134326151,0.000132634126531683,0.000132634122655836,3812.31209713788,3816.03909592528,3813.11489366403,9.41317503394155e-06,5.06522431432395e-06,7.47508027376597e-06
0.11,12701.731634217,12701.7335241169,12701.7287156883,9472.80327855275,9472.82960618558,9472.81751023505,12701.731634217,12701.7335241169,12701.7287156883,9472.80326588859,9472.82959352088,9472.81749757016,12700.7869705507,12700.7886972468,12700.78419873,9087.18287501606,9087.20913126261,9087.19659098458,132651.177270558,132651.176603327,132651.17415045,868.81817259593,868.819501585313,868.816956059667,132651.090517785,132651.089882469,132651.087421946,868.81817259593,868.819501585313,868.816956059667,132651.090517785,132651.089882469,132651.087421946,868.812712501263,868.814041442645,868.811495919671,132651.090517785,132651.089882469,132651.087421946,0.00830167690626369,0.00830168011728026,0.00830171358577688,132651.003786347,132651.00314462,132651.000692975,868.812712501263,868.814041442645,868.811495919671,132634.2207225,132634.220285547,132634.218326063,868.781778681518,868.783115984876,868.780568723151,3812.31233131539,3816.03866739728,3813.11524130515,1439.59923266956,1439.59930889576,1439.59885270453,132634.133996683,132634.133559505,132634.131600204,868.781646279507,868.782983582848,868.780436321124,0,0,0,5.93621348999322e-11,0,0,12701.731634217,12701.7335241169,12701.7287156883,1.27017264071121e-05,1.27017264565227e-05,1.27017278570658e-05,12700.7869705507,12700.7886972468,12700.78419873,1.270078854334e-05,1.27007871500751e-05,1.27007837500961e-05,132651.177270558,132651.176603327,132651.17415045,0.000132651177295618,0.000132651176641308,0.000132651174175052,132651.090517785,132651.089882469,132651.087421946,0.00013265109052252,0.000132651089877963,0.000132651087423755,132642.606815656,132642.606248596,132642.604004369,0.000132642606815417,0.000132642606248687,0.000132642604004533,132634.133996683,132634.133559505,132634.131600204,0.000132634133996517,0.000132634133559758,0.00013263413160031,3812.31233131539,3816.03866739728,3813.11524130515,9.41317427648789e-06,5.0652249159174e-06,7.47507950123187e-06
0.111,12701.7328427995,12701.7317722067,12701.7289382689,9472.80074533176,9472.82276253312,9472.79936133343,12701.7328427995,12701.7317722067,12701.7289382689,9472.80073266759,9472.82274986843,9472.79934866854,12700.7881793316,12700.7869460875,12700.7844231133,9087.18043984977,9087.2020813515,9087.17851776969,132651.177114354,132651.168835303,132651.173862844,868.818143302554,868.817975927054,868.815874662075,132651.090361582,132651.082114594,132651.087134453,868.818143302554,868.817975927054,868.815874662075,132651.090361582,132651.082114594,132651.087134453,868.812683203347,868.812515778192,868.810414545581,132651.090361582,132651.082114594,132651.087134453,0.00830166057552067,0.00830168034862858,0.0083016924987347,132651.003630144,132650.995376893,132651.000405595,868.812683203347,868.812515778192,868.810414545581,132634.220578397,132634.210492313,132634.215849144,868.781749099324,868.781573890729,868.779476991778,3812.31226910399,3816.03834330324,3813.11573887118,1439.5993934145,1439.59915124626,1439.59889733511,132634.133852581,132634.12376642,132634.129123398,868.781616697311,868.781441488705,868.779344589761,0,0,0,5.93621321478096e-11,0,0,12701.7328427995,12701.7317722067,12701.7289382689,1.27017276156949e-05,1.27017247046143e-05,1.27017280796471e-05,12700.7881793316,12700.7869460875,12700.7844231133,1.2700789752121e-05,1.27007853989151e-05,1.270078397448e-05,132651.177114354,132651.168835303,132651.173862844,0.000132651177139414,0.000132651168873285,0.000132651173887447,132651.090361582,132651.082114594,132651.087134453,0.000132651090366317,0.000132651082110089,0.000132651087136261,132642.606664943,132642.597478227,132642.602662266,0.000132642606664704,0.000132642597478319,0.000132642602662429,132634.133852581,132634.12376642,132634.129123398,0.000132634133852415,0.000132634123766673,0.000132634129123503,3812.31226910399,3816.03834330324,3813.11573887118,9.41317319277249e-06,5.06522520526233e-06,7.47507905934898e-06
0.112,12701.7331095246,12701.7304480106,12701.7303731917,9472.8007556274,9472.8102867477,9472.78438094875,12701.7331095246,12701.7304480106,12701.7303731917,9472.80074296324,9472.81027408301,9472.78436828385,12700.788446038,12700.7856232084,12700.7858594826,9087.18043585259,9087.18942927618,9087.16369882328,132651.176242242,132651.170390159,132651.176651959,868.81780730977,868.816223947217,868.815334259909,132651.089489499,132651.083669622,132651.089923627,868.81780730977,868.816223947217,868.815334259909,132651.089489499,132651.083669622,132651.089923627,868.812347194754,868.810763792999,868.80987416205,132651.089489499,132651.083669622,132651.089923627,0.00830164860596367,0.00830168231501939,0.00830167040712101,132651.00275809,132650.996932096,132651.003194826,868.812347194754,868.810763792999,868.80987416205,132634.219684663,132634.212799634,132634.219192891,868.781416607042,868.779843034375,868.778944259593,3812.31195877485,3816.03830371303,3813.11623921595,1439.59945648993,1439.59899298403,1439.59904409128,132634.132958875,132634.126073913,132634.132467202,868.781284205023,868.779710632347,868.778811857579,0,0,0,5.93621080295412e-11,0,0,12701.7331095246,12701.7304480106,12701.7303731917,1.27017278824206e-05,1.27017233804201e-05,1.27017295145698e-05,12700.788446038,12700.7856232084,12700.7858594826,1.27007900188277e-05,1.2700784076035e-05,1.27007854108498e-05,132651.176242242,132651.170390159,132651.176651959,0.000132651176267302,0.00013265117042814,0.000132651176676562,132651.089489499,132651.083669622,132651.089923627,0.000132651089494234,0.000132651083665117,0.000132651089925435,132642.60578634,132642.599516934,132642.605791681,0.000132642605786101,0.000132642599517025,0.000132642605791843,132634.132958875,132634.126073913,132634.132467202,0.000132634132958709,0.000132634126074165,0.000132634132467308,3812.31195877485,3816.03830371303,3813.11623921595,9.41317230449061e-06,5.06522510122715e-06,7.4750792326094e-06
0.113,12701.7324067741,12701.7298364193,12701.7321477397,9472.79989858126,9472.79353614315,9472.77473747657,12701.7324067741,12701.7298364193,12701.7321477397,9472.7998859171,9472.79352347846,9472.77472481167,12700.7877433982,12700.7850133364,12700.7876349234,9087.17945581569,9087.17259817683,9087.15424262623,132651.175153523,132651.175127717,132651.179218033,868.816971390349,868.814579543524,868.815206117279,132651.088400858,132651.088407346,132651.092489716,868.816971390349,868.814579543524,868.815206117279,132651.088400858,132651.088407346,132651.092489716,868.811511255133,868.809119394757,868.809746029883,132651.088400858,132651.088407346,132651.092489716,0.00830164524222716,0.00830167978056631,0.00830164852159903,132651.001669527,132651.001669986,132651.00576093,868.811511255133,868.809119394757,868.809746029883,132634.218687362,132634.220375588,132634.222823582,868.78057615574,868.778178844201,868.778811860917,3812.31153088395,3816.03852145995,3813.11655076751,1439.59940694436,1439.59888465959,1439.59923301057,132634.131961653,132634.133650035,132634.136097909,868.780443753712,868.778046442168,868.778679458903,0,0,0,5.93620512622771e-11,0,0,12701.7324067741,12701.7298364193,12701.7321477397,1.2701727179671e-05,1.27017227688306e-05,1.2701731289117e-05,12700.7877433982,12700.7850133364,12700.7876349234,1.2700789316188e-05,1.2700783466162e-05,1.27007871862911e-05,132651.175153523,132651.175127717,132651.179218033,0.000132651175178584,0.000132651175165698,0.000132651179242636,132651.088400858,132651.088407346,132651.092489716,0.000132651088405593,0.000132651088402841,0.000132651092491524,132642.604757205,132642.605741873,132642.608907353,0.000132642604756967,0.000132642605741963,0.000132642608907516,132634.131961653,132634.133650035,132634.136097909,0.000132634131961487,0.000132634133650287,0.000132634136098015,3812.31153088395,3816.03852145995,3813.11655076751,9.4131718897359e-06,5.06522467113751e-06,7.4750798714599e-06
0.114,12701.7311093765,12701.7295234367,12701.7332023679,9472.79517094301,9472.77540632146,9472.77053402206,12701.7311093765,12701.7295234367,12701.7332023679,9472.79515827885,9472.77539365677,9472.77052135716,12700.7864465315,12700.7847021697,12700.7886899108,9087.17454169114,9087.15450586668,9087.15017758615,132651.170432664,132651.167885584,132651.179025226,868.815632677342,868.813324619868,868.8152101187,132651.083680128,132651.081165343,132651.092296907,868.815632677342,868.813324619868,868.8152101187,132651.083680128,132651.081165343,132651.092296907,868.810172528555,868.807864496491,868.809750031126,132651.083680128,132651.081165343,132651.092296907,0.00830164652594015,0.00830165822235071,0.00830162338869951,132650.996948926,132650.994428111,132651.00556812,868.810172528555,868.807864496491,868.809750031126,132634.214378111,132634.213821916,132634.222651744,868.779243455012,868.776937220053,868.778816204483,3812.31117567538,3816.03897038772,3813.11658680768,1439.59927067038,1439.59888303797,1439.59940606692,132634.12765253,132634.127096491,132634.135926069,868.779111052982,868.776804818033,868.778683802468,0,0,0,5.93619629808989e-11,0,0,12701.7311093765,12701.7295234367,12701.7332023679,1.27017258822751e-05,1.27017224558496e-05,1.27017323437443e-05,12700.7864465315,12700.7847021697,12700.7886899108,1.27007880193208e-05,1.27007831549943e-05,1.27007882412787e-05,132651.170432664,132651.167885584,132651.179025226,0.000132651170457724,0.000132651167923565,0.000132651179049828,132651.083680128,132651.081165343,132651.092296907,0.000132651083684863,0.000132651081160838,0.000132651092298715,132642.600230491,132642.598715029,132642.608713869,0.000132642600230252,0.000132642598715121,0.000132642608714032,132634.12765253,132634.127096491,132634.135926069,0.000132634127652364,0.000132634127096743,0.000132634135926175,3812.31117567538,3816.03897038772,3813.11658680768,9.41317222771825e-06,5.06522410568788e-06,7.47508084502049e-06
0.115,12701.7295519944,12701.7312474943,12701.7339288116,9472.78509563535,9472.75932715611,9472.76992122267,12701.7295519944,12701.7312474943,12701.7339288116,9472.78508297119,9472.75931449142,9472.76990855777,12700.7848902242,12700.786427795,12700.7894163766,9087.16428484517,9087.13856808353,9087.14960454056,132651.175103348,132651.182161637,132651.17571717,868.813980136134,868.812600170521,868.815026521603,132651.088350975,132651.095441473,132651.088988866,868.813980136134,868.812600170521,868.815026521603,132651.088350975,132651.095441473,132651.088988866,868.80851997484,868.807140056168,868.809566425262,132651.088350975,132651.095441473,132651.088988866,0.00830165089576684,0.00830165322425429,0.00830161515475846,132651.001619936,132651.008704319,132651.002260095,868.80851997484,868.807140056168,868.809566425262,132634.219115285,132634.22573785,132634.220102481,868.777587052018,868.776205933613,868.778634398258,3812.31102858637,3816.03945957504,3813.11635191115,1439.59910189692,1439.59897865101,1439.59950028197,132634.132389867,132634.139012503,132634.133376821,868.777454649979,868.776073531588,868.77850199624,0,0,0,5.93618562934302e-11,0,0,12701.7295519944,12701.7312474943,12701.7339288116,1.2701724324895e-05,1.27017241799075e-05,1.27017330701871e-05,12700.7848902242,12700.786427795,12700.7894163766,1.27007864630122e-05,1.27007848806185e-05,1.27007889677442e-05,132651.175103348,132651.182161637,132651.17571717,0.000132651175128408,0.000132651182199618,0.000132651175741773,132651.088350975,132651.095441473,132651.088988866,0.00013265108835571,0.000132651095436968,0.000132651088990674,132642.604969612,132642.611799442,132642.605797994,0.000132642604969373,0.000132642611799533,0.000132642605798157,132634.132389867,132634.139012503,132634.133376821,0.000132634132389701,0.000132634139012755,0.000132634133376927,3812.31102858637,3816.03945957504,3813.11635191115,9.41317313948662e-06,5.06522363539895e-06,7.47508175115185e-06
0.116,12701.7286834476,12701.7321817007,12701.7336631171,9472.77024911014,9472.74788880791,9472.76976945715,12701.7286834476,12701.7321817007,12701.7336631171,9472.77023644598,9472.74787614321,9472.76975679224,12700.7840232142,12700.7873630815,12700.7891507086,9087.14932804733,9087.12731860286,9087.14938071391,132651.169901582,132651.177086675,132651.178441254,868.812316721545,868.812346394032,868.814415516168,132651.083149375,132651.090366539,132651.091713005,868.812316721545,868.812346394032,868.814415516168,132651.083149375,132651.090366539,132651.091713005,868.806856570656,868.806886300629,868.808955396315,132651.083149375,132651.090366539,132651.091713005,0.0083016442663048,0.00830161495475161,0.00830160705349436,132650.996418503,132651.003629413,132651.004984289,868.806856570656,868.806886300629,868.808955396315,132634.213857618,132634.219841445,132634.223656747,868.775924802998,868.775952546944,868.778023705118,3812.31116219343,3816.03983194113,3813.11595389238,1439.59896795778,1439.5991419445,1439.5994883442,132634.127132367,132634.133116126,132634.136931142,868.775792400966,868.77582014493,868.777891303089,0,0,0,5.93617509684771e-11,0,0,12701.7286834476,12701.7321817007,12701.7336631171,1.27017234563507e-05,1.2701725114114e-05,1.27017328044925e-05,12700.7840232142,12700.7873630815,12700.7891507086,1.27007855960003e-05,1.27007858159044e-05,1.2700788702076e-05,132651.169901582,132651.177086675,132651.178441254,0.000132651169926642,0.000132651177124656,0.000132651178465856,132651.083149375,132651.090366539,132651.091713005,0.000132651083154111,0.000132651090362034,0.000132651091714813,132642.599682747,132642.606234105,132642.608993144,0.000132642599682508,0.000132642606234196,0.000132642608993306,132634.127132367,132634.133116126,132634.136931142,0.000132634127132201,0.000132634133116378,0.000132634136931248,3812.31116219343,3816.03983194113,3813.11595389238,9.41317434296291e-06,5.06522345649274e-06,7.47508230306462e-06
0.117,12701.7285449219,12701.7339737535,12701.7322655838,9472.75300572998,9472.7419530445,9472.76690024825,12701.7285449219,12701.7339737535,12701.7322655838,9472.75299306582,9472.74194037981,9472.76688758336,12700.7838864293,12700.7891556557,12700.787753502,9087.13208488827,9087.12154934481,9087.14635768889,132651.17792871,132651.180565613,132651.171025179,868.810946952608,868.812335634551,868.813305621534,132651.091176643,132651.09384548,132651.084297037,868.810946952608,868.812335634551,868.813305621534,132651.091176643,132651.09384548,132651.084297037,868.8054868103,868.806875543271,868.807845490028,132651.091176643,132651.09384548,132651.084297037,0.00830164000865662,0.00830160514224987,0.00830160733165191,132651.004445911,132651.007108356,132650.997568427,868.8054868103,868.806875543271,868.807845490028,132634.221456009,132634.223581368,132634.214937863,868.774556356261,868.775942577323,868.776910730134,3812.31153401725,3816.0399613939,3813.11555540997,1439.59891947041,1439.59931343646,1439.59938034608,132634.134730898,132634.136856051,132634.128212365,868.774423954226,868.775810175306,868.776778328106,0,0,0,5.93616660904202e-11,0,0,12701.7285449219,12701.7339737535,12701.7322655838,1.27017233178271e-05,1.2701726906166e-05,1.27017314069597e-05,12700.7838864293,12700.7891556557,12700.787753502,1.27007854592131e-05,1.2700787608478e-05,1.27007873048688e-05,132651.17792871,132651.180565613,132651.171025179,0.00013265117795377,0.000132651180603594,0.000132651171049782,132651.091176643,132651.09384548,132651.084297037,0.000132651091181379,0.000132651093840974,0.000132651084298845,132642.607523322,132642.609874545,132642.600823467,0.000132642607523083,0.000132642609874636,0.000132642600823629,132634.134730898,132634.136856051,132634.128212365,0.000132634134730732,0.000132634136856303,0.000132634128212471,3812.31153401725,3816.0399613939,3813.11555540997,9.4131754139512e-06,5.06522364571935e-06,7.47508232292249e-06
0.118,12701.7294054122,12701.7346007521,12701.7313839984,9472.73661028201,9472.74036095052,9472.75926120645,12701.7294054122,12701.7346007521,12701.7313839984,9472.73659761785,9472.74034828582,9472.75924854156,12700.7847485338,12700.7897827697,12700.7868727452,9087.11579754693,9087.12004218725,9087.13854194563,132651.176542495,132651.181597329,132651.177168067,868.810063020969,868.812259696116,868.811815763438,132651.089790521,132651.0948772,132651.090440071,868.810063020969,868.812259696116,868.811815763438,132651.089790521,132651.0948772,132651.090440071,868.804602901338,868.806799595171,868.806355614699,132651.089790521,132651.0948772,132651.090440071,0.00830161779863233,0.008301581728174,0.00830161225322433,132651.003059881,132651.008140081,132651.003711606,868.804602901338,868.806799595171,868.806355614699,132634.220138077,132634.224268375,132634.21861184,868.773668532009,868.775869167361,868.775428858927,3812.3120067349,3816.03981658547,3813.11533070949,1439.59897093964,1439.59942810184,1439.59922404474,132634.133413058,132634.137543063,132634.131886487,868.773536129982,868.77573676534,868.77529645689,0,0,0,5.93616129367011e-11,0,0,12701.7294054122,12701.7346007521,12701.7313839984,1.27017241783192e-05,1.27017275331641e-05,1.27017305253753e-05,12700.7847485338,12700.7897827697,12700.7868727452,1.27007863213157e-05,1.27007882355916e-05,1.27007864241119e-05,132651.176542495,132651.181597329,132651.177168067,0.000132651176567554,0.00013265118163531,0.00013265117719267,132651.089790521,132651.0948772,132651.090440071,0.000132651089795256,0.000132651094872695,0.000132651090441879,132642.606142693,132642.610728536,132642.605663151,0.000132642606142454,0.000132642610728627,0.000132642605663314,132634.133413058,132634.137543063,132634.131886487,0.000132634133412892,0.000132634137543315,0.000132634131886593,3812.3120067349,3816.03981658547,3813.11533070949,9.4131759681101e-06,5.06522413978314e-06,7.47508184452666e-06
0.119,12701.7307510821,12701.7345343147,12701.7300197495,9472.72396049582,9472.74040705967,9472.74669851055,12701.7307510821,12701.7345343147,12701.7300197495,9472.72394783166,9472.74039439498,9472.74668584565,12700.7860954115,12700.7897163163,12700.7855098073,9087.1033224065,9087.12006420247,9087.12584960372,132651.180563012,132651.177332726,132651.174124762,868.809674857317,868.811848202683,868.810210206282,132651.093811081,132651.090612634,132651.087396925,868.809674857317,868.811848202683,868.810210206282,132651.093811081,132651.090612634,132651.087396925,868.804214752035,868.806388089627,868.804750062047,132651.093811081,132651.090612634,132651.087396925,0.00830159943415474,0.00830157665997869,0.00830160925788259,132651.007080484,132651.003875552,132651.000668621,868.804214752035,868.806388089627,868.804750062047,132634.224170801,132634.22042877,132634.216562384,868.773283433986,868.775450180538,868.773813181623,3812.31242353665,3816.03946090985,3813.11535143854,1439.59910545752,1439.59945100672,1439.59907681036,132634.137445826,132634.133703495,132634.129837192,868.773151031961,868.775317778513,868.773680779588,0,0,0,5.93615909303905e-11,0,0,12701.7307510821,12701.7345343147,12701.7300197495,1.27017255239902e-05,1.27017274667267e-05,1.27017291611278e-05,12700.7860954115,12700.7897163163,12700.7855098073,1.2700787668192e-05,1.27007881691379e-05,1.27007850611739e-05,132651.180563012,132651.177332726,132651.174124762,0.000132651180588072,0.000132651177370707,0.000132651174149365,132651.093811081,132651.090612634,132651.087396925,0.000132651093815816,0.000132651090608129,0.000132651087398733,132642.610188597,132642.60663199,132642.603045154,0.000132642610188358,0.000132642606632081,0.000132642603045317,132634.137445826,132634.133703495,132634.129837192,0.000132634137445659,0.000132634133703748,0.000132634129837298,3812.31242353665,3816.03946090985,3813.11535143854,9.4131758544762e-06,5.06522476668131e-06,7.4750810560107e-06
0.12,12701.732156963,12701.7336845553,12701.7295978102,9472.71651993889,9472.73890480158,9472.73090760015,12701.732156963,12701.7336845553,12701.7295978102,9472.71650727472,9472.73889213689,9472.73089493526,12700.7875019683,12700.7888667364,12700.7850894748,9087.09605753887,9087.11844252214,9087.11002068075,132651.18162681,132651.174645864,132651.173845076,868.809613369478,868.810965696077,868.808790120196,132651.094874886,132651.087925855,132651.087117384,868.809613369478,868.810965696077,868.808790120196,132651.094874886,132651.087925855,132651.087117384,868.804153271968,868.805505565056,868.803329987522,132651.094874886,132651.087925855,132651.087117384,0.00830157689585359,0.0083015756202027,0.00830160189058259,132651.008144297,132651.001188857,132651.000389224,868.804153271968,868.805505565056,868.803329987522,132634.225187149,132634.219901433,132634.219195393,868.773220041464,868.774581243629,868.77240302323,3812.31263273609,3816.03906402674,3813.11564241205,1439.59926631169,1439.59937826506,1439.59900241166,132634.138462181,132634.13317624,132634.132470344,868.773087639441,868.774448841598,868.772270621196,0,0,0,5.93615882632757e-11,0,0,12701.732156963,12701.7336845553,12701.7295978102,1.27017269298717e-05,1.27017266169679e-05,1.27017287391896e-05,12700.7875019683,12700.7888667364,12700.7850894748,1.27007890747482e-05,1.27007873195576e-05,1.27007846408416e-05,132651.18162681,132651.174645864,132651.173845076,0.00013265118165187,0.000132651174683845,0.000132651173869678,132651.094874886,132651.087925855,132651.087117384,0.000132651094879621,0.00013265108792135,0.000132651087119191,132642.611231164,132642.605054746,132642.604271712,0.000132642611230925,0.000132642605054838,0.000132642604271874,132634.138462181,132634.13317624,132634.132470344,0.000132634138462015,0.000132634133176493,0.000132634132470449,3812.31263273609,3816.03906402674,3813.11564241205,9.41317516612215e-06,5.06522529920772e-06,7.47508033256804e-06
0.121,12701.7332030881,12701.732564759,12701.7304410276,9472.71382200546,9472.73339162178,9472.71484952842,12701.7332030881,12701.732564759,12701.7304410276,9472.71380934129,9472.73337895709,9472.71483686352,12700.7885483078,12700.7877475472,12700.7859342867,9087.09347305149,9087.11276590639,9087.09403331523,132651.181578733,132651.177864167,132651.179247976,868.809595889384,868.809665747266,868.807788121065,132651.094826809,132651.091144284,132651.092520387,868.809595889384,868.809665747266,868.807788121065,132651.094826809,132651.091144284,132651.092520387,868.804135788243,868.804205598282,868.802328002287,132651.094826809,132651.091144284,132651.092520387,0.00830155859032821,0.00830157929834458,0.00830159154279233,132651.008096221,132651.004407412,132651.005792331,868.804135788243,868.804205598282,868.802328002287,132634.225149262,132634.223756348,132634.224845941,868.773202151868,868.773266752872,868.771392840517,3812.31257660517,3816.03875467384,3813.11607505418,1439.59939777938,1439.59923962075,1439.59902057783,132634.138424294,132634.137031282,132634.138120998,868.773069749843,868.773134350831,868.771260438484,0,0,0,5.93615864889341e-11,0,0,12701.7332030881,12701.732564759,12701.7304410276,1.27017279759971e-05,1.27017254971729e-05,1.27017295824077e-05,12700.7885483078,12700.7877475472,12700.7859342867,1.27007901210878e-05,1.27007862003678e-05,1.2700785485654e-05,132651.181578733,132651.177864167,132651.179247976,0.000132651181603793,0.000132651177902148,0.000132651179272578,132651.094826809,132651.091144284,132651.092520387,0.000132651094831545,0.000132651091139779,0.000132651092522195,132642.611188447,132642.608710892,132642.609907704,0.000132642611188208,0.000132642608710984,0.000132642609907866,132634.138424294,132634.137031282,132634.138120998,0.000132634138424128,0.000132634137031534,0.000132634138121103,3812.31257660517,3816.03875467384,3813.11607505418,9.41317416853353e-06,5.06522555819269e-06,7.47507989601916e-06
0.122,12701.7334310943,12701.7310781128,12701.7312769214,9472.71368034271,9472.72300506886,9472.70149669107,12701.7334310943,12701.7310781128,12701.7312769214,9472.71366767853,9472.72299240417,9472.70148402618,12700.7887763059,12700.786261996,12700.786771471,9087.09334395452,9087.10223424105,9087.08082820249,132651.179048461,132651.169113635,132651.178487517,868.809335936777,868.808156178437,868.807274852649,132651.09229656,132651.082393903,132651.091759984,868.809335936777,868.808156178437,868.807274852649,132651.09229656,132651.082393903,132651.091759984,868.803875824046,868.802696034213,868.801814753743,132651.09229656,132651.082393903,132651.091759984,0.00830155010601937,0.00830157593843162,0.0083015670049443,132651.005565995,132650.995657179,132651.005031983,868.803875824046,868.802696034213,868.801814753743,132634.222772891,132634.212688437,132634.222238298,868.772944662431,868.771769216379,868.770883163312,3812.3122933956,3816.03868899622,3813.11651273384,1439.59945019057,1439.59909814419,1439.5991302465,132634.136047946,132634.125963519,132634.135513409,868.772812260403,868.771636814348,868.770750761287,0,0,0,5.93615676427031e-11,0,0,12701.7334310943,12701.7310781128,12701.7312769214,1.27017282040038e-05,1.27017240105285e-05,1.27017304183015e-05,12700.7887763059,12700.786261996,12700.786771471,1.27007903490862e-05,1.27007847148158e-05,1.27007863228388e-05,132651.179048461,132651.169113635,132651.178487517,0.000132651179073521,0.000132651169151616,0.00013265117851212,132651.09229656,132651.082393903,132651.091759984,0.000132651092301296,0.000132651082389397,0.000132651091761792,132642.608728901,132642.598799553,132642.608235535,0.000132642608728663,0.000132642598799644,0.000132642608235698,132634.136047946,132634.125963519,132634.135513409,0.00013263413604778,0.000132634125963771,0.000132634135513515,3812.3122933956,3816.03868899622,3813.11651273384,9.41317331636654e-06,5.06522546442783e-06,7.47507999120907e-06
0.123,12701.7328117423,12701.7311609514,12701.733314241,9472.71305407457,9472.70881110877,9472.69281776963,12701.7328117423,12701.7311609514,12701.733314241,9472.7130414104,9472.70879844408,9472.69280510473,12700.7881570324,12700.7863462925,12700.7888095918,9087.09262965775,9087.08797145502,9087.07231997827,132651.180546947,132651.184102636,132651.183407473,868.808650680642,868.806727642385,868.807142165512,132651.09379511,132651.097383048,132651.096679956,868.808650680642,868.806727642385,868.807142165512,132651.09379511,132651.097383048,132651.096679956,868.803190547212,868.801267492759,868.801682074493,132651.09379511,132651.097383048,132651.096679956,0.00830154627809725,0.00830158166403335,0.00830155258459981,132651.007064608,132651.010646469,132651.009951971,868.803190547212,868.801267492759,868.801682074493,132634.224178346,132634.225380865,132634.226323404,868.772257851622,868.770334627663,868.770749295015,3812.31190124665,3816.03887029512,3813.11679161729,1439.59940897209,1439.59900497841,1439.59928486415,132634.137453465,132634.138656093,132634.139598531,868.772125449585,868.770202225621,868.770616892991,0,0,0,5.93615209681207e-11,0,0,12701.7328117423,12701.7311609514,12701.733314241,1.27017275846527e-05,1.27017240933684e-05,1.27017324556203e-05,12700.7881570324,12700.7863462925,12700.7888095918,1.27007897298127e-05,1.27007847991114e-05,1.27007883609598e-05,132651.180546947,132651.184102636,132651.183407473,0.000132651180572007,0.000132651184140618,0.000132651183432075,132651.09379511,132651.097383048,132651.096679956,0.000132651093799845,0.000132651097378543,0.000132651096681763,132642.610210531,132642.612723987,132642.612752202,0.000132642610210292,0.000132642612724079,0.000132642612752364,132634.137453465,132634.138656093,132634.139598531,0.000132634137453298,0.000132634138656345,0.000132634139598637,3812.31190124665,3816.03887029512,3813.11679161729,9.41317290645728e-06,5.06522507373223e-06,7.47508053927149e-06
0.124,12701.7317205908,12701.7307649801,12701.7341372887,9472.70920474142,9472.69330339594,9472.68898640952,12701.7317205908,12701.7307649801,12701.7341372887,9472.70919207725,9472.69329073126,9472.68897374462,12700.7870663128,12700.7859518746,12700.7896329683,9087.08862949276,9087.07249543409,9087.06861754453,132651.174390692,132651.17324695,132651.183021486,868.80752556468,868.805633577913,868.807144276012,132651.087638964,132651.086527474,132651.096293968,868.80752556468,868.805633577913,868.807144276012,132651.087638964,132651.086527474,132651.096293968,868.802065421115,868.800173455771,868.801684185322,132651.087638964,132651.086527474,132651.096293968,0.00830154714097176,0.008301557220871,0.00830152729243406,132651.00090857,132650.999791008,132651.009565982,868.802065421115,868.800173455771,868.801684185322,132634.218054935,132634.216327605,132634.226104152,868.771133344801,868.769239781472,868.77075143044,3812.31156132427,3816.03924344831,3813.11682361617,1439.59929466415,1439.5990002756,1439.59942816178,132634.131330162,132634.129602945,132634.139379278,868.771000942764,868.769107379444,868.770619028415,0,0,0,5.93614466896803e-11,0,0,12701.7317205908,12701.7307649801,12701.7341372887,1.27017264935025e-05,1.27017236973986e-05,1.27017332786673e-05,12700.7870663128,12700.7859518746,12700.7896329683,1.27007886390928e-05,1.27007844046926e-05,1.27007891843365e-05,132651.174390692,132651.17324695,132651.183021486,0.000132651174415752,0.000132651173284932,0.000132651183046088,132651.087638964,132651.086527474,132651.096293968,0.000132651087643699,0.000132651086522969,0.000132651096295775,132642.60404331,132642.602623017,132642.612438011,0.000132642604043071,0.000132642602623109,0.000132642612438173,132634.131330162,132634.129602945,132634.139379278,0.000132634131329995,0.000132634129603198,0.000132634139379384,3812.31156132427,3816.03924344831,3813.11682361617,9.41317312456623e-06,5.0652245519475e-06,7.47508136153566e-06
0.125,12701.7304955316,12701.7323260601,12701.7347493258,9472.70071544065,9472.67945573309,9472.68838895583,12701.7304955316,12701.7323260601,12701.7347493258,9472.70070277648,9472.6794430684,9472.68837629093,12700.7858421596,12700.7875143045,12700.7902450298,9087.07998697841,9087.05876648815,9087.06806080211,132651.178968202,132651.183463536,132651.18094574,868.80611617468,868.804999537729,868.806994502144,132651.092216612,132651.096744127,132651.094218234,868.80611617468,868.804999537729,868.806994502144,132651.092216612,132651.096744127,132651.094218234,868.800656018747,868.79953942431,868.801534403283,132651.092216612,132651.096744127,132651.094218234,0.0083015516444936,0.00830155165499752,0.00830151857617814,132651.005486356,132651.010007728,132651.00749026,868.800656018747,868.79953942431,868.801534403283,132634.22265299,132634.228261382,132634.223516867,868.76972661543,868.768610097297,868.770600728766,3812.31141110814,3816.03967722272,3813.11660982477,1439.59915627893,1439.59908981129,1439.59950858485,132634.135928355,132634.14153679,132634.136792005,868.769594213386,868.768477695265,868.77046832674,0,0,0,5.93613556910284e-11,0,0,12701.7304955316,12701.7323260601,12701.7347493258,1.27017252684451e-05,1.27017252584788e-05,1.27017338907036e-05,12700.7858421596,12700.7875143045,12700.7902450298,1.27007874149385e-05,1.27007859671216e-05,1.27007897963978e-05,132651.178968202,132651.183463536,132651.18094574,0.000132651178993261,0.000132651183501517,0.000132651180970342,132651.092216612,132651.096744127,132651.094218234,0.000132651092221347,0.000132651096739622,0.000132651094220041,132642.608664534,132642.613700873,132642.610112909,0.000132642608664296,0.000132642613700964,0.000132642610113071,132634.135928355,132634.14153679,132634.136792005,0.000132634135928189,0.000132634141537042,0.000132634136792111,3812.31141110814,3816.03967722272,3813.11660982477,9.41317391017136e-06,5.06522410899031e-06,7.47508216858114e-06
0.126,12701.7296919966,12701.7334159854,12701.7344679282,9472.68798370941,9472.66959188652,9472.68826201223,12701.7296919966,12701.7334159854,12701.7344679282,9472.68797104524,9472.66957922183,9472.68824934734,12700.7850399424,12700.78860516,12700.7899636517,9087.06715894363,9087.04906350251,9087.06787378946,132651.17543391,132651.181248389,132651.181482692,868.804685676684,868.804778817666,868.80647264129,132651.088682464,132651.094529005,132651.094755234,868.804685676684,868.804778817666,868.80647264129,132651.088682464,132651.094529005,132651.094755234,868.799225528276,868.799318720289,868.801012524077,132651.088682464,132651.094529005,132651.094755234,0.00830154693957968,0.00830152325689049,0.0083015124819787,132651.001952352,132651.00779263,132651.008027308,868.799225528276,868.799318720289,868.801012524077,132634.219498129,132634.225829214,132634.224474901,868.768291201519,868.768383882928,868.770083392535,3812.31150214032,3816.04000149712,3813.11624911712,1439.59904848644,1439.59923470574,1439.59949842959,132634.132773638,132634.139104647,132634.137750087,868.768158799478,868.768251480901,868.7699509905,0,0,0,5.93612651510057e-11,0,0,12701.7296919966,12701.7334159854,12701.7344679282,1.27017244649121e-05,1.2701726348404e-05,1.27017336093058e-05,12700.7850399424,12700.78860516,12700.7899636517,1.27007866127196e-05,1.27007870579765e-05,1.27007895150194e-05,132651.17543391,132651.181248389,132651.181482692,0.00013265117545897,0.00013265118128637,0.000132651181507294,132651.088682464,132651.094529005,132651.094755234,0.000132651088687199,0.000132651094524499,0.000132651094757042,132642.605280583,132642.611329685,132642.610890926,0.000132642605280345,0.000132642611329776,0.000132642610891088,132634.132773638,132634.139104647,132634.137750087,0.000132634132773472,0.000132634139104899,0.000132634137750193,3812.31150214032,3816.04000149712,3813.11624911712,9.41317493462556e-06,5.06522391630956e-06,7.47508265162765e-06
0.127,12701.7296173738,12701.734896187,12701.733330611,9472.67303166116,9472.664484688,9472.68575163243,12701.7296173738,12701.734896187,12701.733330611,9472.673018997,9472.66447202331,9472.68573896754,12700.7849668292,12700.7900858108,12700.7888266213,9087.05220435258,9087.04409654682,9087.06522925047,132651.179366033,132651.183075211,132651.17736194,868.803500592723,868.804770387949,868.805507589635,132651.092614707,132651.096355829,132651.090634574,868.803500592723,868.804770387949,868.805507589635,132651.092614707,132651.096355829,132651.090634574,868.798040453997,868.799310293291,868.800047458653,132651.092614707,132651.096355829,132651.090634574,0.00830154109608537,0.00830150880875093,0.00830151291121622,132651.005884717,132651.009619456,132651.00390674,868.798040453997,868.799310293291,868.800047458653,132634.223353967,132634.227035258,132634.222784535,868.767111704109,868.768377392798,868.769111997713,3812.31181608544,3816.04011736214,3813.11587662874,1439.59901972062,1439.59939109829,1439.59940530533,132634.136629596,132634.140310692,132634.136059813,868.766979302069,868.768244990771,868.768979595674,0,0,0,5.93611917992193e-11,0,0,12701.7296173738,12701.734896187,12701.733330611,1.27017243902911e-05,1.27017278286049e-05,1.2701732471989e-05,12700.7849668292,12700.7900858108,12700.7888266213,1.27007865396044e-05,1.27007885386268e-05,1.27007883779886e-05,132651.179366033,132651.183075211,132651.17736194,0.000132651179391092,0.000132651183113192,0.000132651177386543,132651.092614707,132651.096355829,132651.090634574,0.000132651092619443,0.000132651096351323,0.000132651090636382,132642.60917917,132642.612859625,132642.607938998,0.000132642609178931,0.000132642612859716,0.000132642607939161,132634.136629596,132634.140310692,132634.136059813,0.00013263413662943,0.000132634140310945,0.000132634136059919,3812.31181608544,3816.04011736214,3813.11587662874,9.41317587993514e-06,5.06522405558114e-06,7.47508266946956e-06
0.128,12701.7303431905,12701.7356639581,12701.7320204828,9472.65869624732,9472.66315037755,9472.67897210984,12701.7303431905,12701.7356639581,12701.7320204828,9472.65868358315,9472.66313771285,9472.67895944495,12700.7856940573,12700.7908536741,12700.7875172253,9087.03796028403,9087.0428311829,9087.05829273075,132651.181702048,132651.182430154,132651.175216242,868.802733976629,868.8047008138,868.804196700984,132651.094950803,132651.095710776,132651.088489004,868.802733976629,868.8047008138,868.804196700984,132651.094950803,132651.095710776,132651.088489004,868.797273854219,868.799240712388,868.798736560124,132651.094950803,132651.095710776,132651.088489004,0.00830152616842753,0.00830149476972779,0.00830151529450274,132651.008220893,132651.008974408,132651.001761298,868.797273854219,868.799240712388,868.798736560124,132634.2253912,132634.226532971,132634.221335516,868.766339459259,868.768310785591,868.767809235208,3812.31222191795,3816.03998801651,3813.11565600571,1439.59907842556,1439.59949515953,1439.59927091225,132634.138666911,132634.139808409,132634.134610921,868.766207057223,868.768178383562,868.767676833166,0,0,0,5.93611457972046e-11,0,0,12701.7303431905,12701.7356639581,12701.7320204828,1.27017251161092e-05,1.27017285963755e-05,1.27017311618618e-05,12700.7856940573,12700.7908536741,12700.7875172253,1.27007872668308e-05,1.27007893064897e-05,1.27007870685924e-05,132651.181702048,132651.182430154,132651.175216242,0.000132651181727107,0.000132651182468135,0.000132651175240844,132651.094950803,132651.095710776,132651.088489004,0.000132651094955538,0.000132651095706271,0.000132651088490811,132642.611363775,132642.612273637,132642.606044575,0.000132642611363536,0.000132642612273728,0.000132642606044738,132634.138666911,132634.139808409,132634.134610921,0.000132634138666744,0.000132634139808662,0.000132634134611027,3812.31222191795,3816.03998801651,3813.11565600571,9.41317636829548e-06,5.06522446759119e-06,7.47508224027825e-06
0.129,12701.7317054075,12701.7356141328,12701.7313590357,9472.64755138062,9472.66320268859,9472.6677267094,12701.7317054075,12701.7356141328,12701.7313590357,9472.64753871644,9472.6631900239,9472.66771404451,12700.7870573377,12700.7908038374,12700.7868569535,9087.02696605521,9087.04285666261,9087.04693104654,132651.182564906,132651.184035973,132651.180496014,868.802397778261,868.804327174176,868.802770500842,132651.095813698,132651.097316629,132651.093768919,868.802397778261,868.804327174176,868.802770500842,132651.095813698,132651.097316629,132651.093768919,868.796937670807,868.798867055579,868.797310355125,132651.095813698,132651.097316629,132651.093768919,0.00830150549064747,0.00830148537202183,0.00830151812636525,132651.009083825,132651.010580294,132651.007041355,868.796937670807,868.798867055579,868.797310355125,132634.226101835,132634.227067665,132634.223830706,868.766006243747,868.767931169663,868.766375937548,3812.31258540656,3816.03966822542,3813.11565364727,1439.59921051811,1439.59951604417,1439.59914533502,132634.139377582,132634.140343137,132634.137106255,868.765873841715,868.767798767627,868.766243535503,0,0,0,5.93611268295425e-11,0,0,12701.7317054075,12701.7356141328,12701.7313590357,1.27017264783272e-05,1.27017285465501e-05,1.27017305004159e-05,12700.7870573377,12700.7908038374,12700.7868569535,1.270078863011e-05,1.27007892566528e-05,1.27007864083206e-05,132651.182564906,132651.184035973,132651.180496014,0.000132651182589965,0.000132651184073955,0.000132651180520616,132651.095813698,132651.097316629,132651.093768919,0.000132651095818433,0.000132651097312124,0.000132651093770726,132642.612147743,132642.613328271,132642.609891584,0.000132642612147505,0.000132642613328363,0.000132642609891746,132634.139377582,132634.140343137,132634.137106255,0.000132634139377416,0.000132634140343389,0.00013263413710636,3812.31258540656,3816.03966822542,3813.11565364727,9.4131762674421e-06,5.06522500743067e-06,7.47508152770447e-06
0.13,12701.7330260432,12701.7346771374,12701.7305485225,9472.64093979788,9472.66181125417,9472.65348197154,12701.7330260432,12701.7346771374,12701.7305485225,9472.6409271337,9472.66179858948,9472.65346930665,12700.7883785736,12700.7898670057,12700.7860478892,9087.02050822539,9087.04135506264,9087.0326527872,132651.184803326,132651.176658651,132651.177446065,868.802345844595,868.80352545066,868.801497045768,132651.098052124,132651.089939383,132651.090719098,868.802345844595,868.80352545066,868.801497045768,132651.098052124,132651.089939383,132651.090719098,868.79688574287,868.798065322198,868.796036914116,132651.098052124,132651.089939383,132651.090719098,0.00830148963746118,0.00830148499562558,0.00830150831321202,132651.011322258,132651.003203124,132651.003991664,868.79688574287,868.798065322198,868.796036914116,132634.228318002,132634.218539287,132634.219027419,868.765953094195,868.767136607893,868.765106715601,3812.31276997851,3816.0392998502,3813.11588608323,1439.5993647929,1439.59944828168,1439.59908196739,132634.141593756,132634.131814835,132634.132303096,868.765820692164,868.767004205859,868.764974313564,0,0,0,5.93611246479159e-11,0,0,12701.7330260432,12701.7346771374,12701.7305485225,1.27017277989634e-05,1.27017276095553e-05,1.27017296899037e-05,12700.7883785736,12700.7898670057,12700.7860478892,1.27007899513453e-05,1.27007883198207e-05,1.27007855992565e-05,132651.184803326,132651.176658651,132651.177446065,0.000132651184828385,0.000132651176696633,0.000132651177470667,132651.098052124,132651.089939383,132651.090719098,0.00013265109805686,0.000132651089934878,0.000132651090720906,132642.614387254,132642.60534317,132642.605960089,0.000132642614387015,0.000132642605343262,0.000132642605960251,132634.141593756,132634.131814835,132634.132303096,0.00013263414159359,0.000132634131815087,0.000132634132303202,3812.31276997851,3816.0392998502,3813.11588608323,9.41317564520794e-06,5.06522547145282e-06,7.47508084684187e-06
0.131,12701.733961742,12701.7337775181,12701.7314699913,9472.63850180782,9472.65676111736,9472.63884560236,12701.733961742,12701.7337775181,12701.7314699913,9472.63848914365,9472.65674845267,9472.63883293747,12700.7893144664,12700.7889679435,12700.7869708112,9087.01817148428,9087.03615639989,9087.01808089057,132651.184828394,132651.184665535,132651.184110894,868.802329553038,868.802338205138,868.800585914274,132651.098077193,132651.097946381,132651.097384022,868.802329553038,868.802338205138,868.800585914274,132651.098077193,132651.097946381,132651.097384022,868.796869447733,868.796878055191,868.795125793137,132651.098077193,132651.097946381,132651.097384022,0.00830147076384639,0.00830148974868213,0.00830150137778419,132651.011347327,132651.011210238,132651.010656683,868.796869447733,868.796878055191,868.795125793137,132634.228338899,132634.227802149,132634.22707354,868.765936752803,868.765946414492,868.764194094653,3812.31272045942,3816.03901498107,3813.11625692169,1439.59948886669,1439.5993194934,1439.59910301231,132634.141614653,132634.141077811,132634.140349313,868.765804350769,868.765814012443,868.764061692614,0,0,0,5.93611229976816e-11,0,0,12701.733961742,12701.7337775181,12701.7314699913,1.27017287346625e-05,1.27017267099372e-05,1.2701730611373e-05,12700.7893144664,12700.7889679435,12700.7869708112,1.27007908872381e-05,1.27007874207579e-05,1.27007865221789e-05,132651.184828394,132651.184665535,132651.184110894,0.000132651184853453,0.000132651184703516,0.000132651184135497,132651.098077193,132651.097946381,132651.097384022,0.000132651098081928,0.000132651097941876,0.00013265109738583,132642.614410724,132642.614141669,132642.613450135,0.000132642614410485,0.00013264261414176,0.000132642613450298,132634.141614653,132634.141077811,132634.140349313,0.000132634141614486,0.000132634141078064,0.000132634140349419,3812.31272045942,3816.03901498107,3813.11625692169,9.4131747514462e-06,5.0652256986295e-06,7.47508043544141e-06
0.132,12701.7341676143,12701.7321137748,12701.7318706641,9472.63835261604,9472.64726098725,9472.62651741072,12701.7341676143,12701.7321137748,12701.7318706641,9472.63833995186,9472.64724832256,9472.62650474583,12700.7895203325,12700.7873052005,12700.7873726765,9087.01803669137,9087.02652723305,9087.00589158796,132651.181985008,132651.171846556,132651.181263833,868.802094586183,868.800950939719,868.800108328639,132651.095233827,132651.08512754,132651.094537013,868.802094586183,868.800950939719,868.800108328639,132651.095233827,132651.08512754,132651.094537013,868.796634471277,868.795490797633,868.794648226397,132651.095233827,132651.08512754,132651.094537013,0.00830146416097847,0.00830148478131625,0.00830147788783086,132651.008503981,132650.998391534,132651.007809725,868.796634471277,868.795490797633,868.794648226397,132634.22563205,132634.218079754,132634.22603205,868.765701950859,868.764557130432,868.763715107305,3812.3124659028,3816.03892459928,3813.11663084701,1439.59953887134,1439.59917948702,1439.59920151274,132634.138907825,132634.131355554,132634.139307873,868.765569548823,868.764424728392,868.763582705273,0,0,0,5.93611059064308e-11,0,0,12701.7341676143,12701.7321137748,12701.7318706641,1.27017289405353e-05,1.27017250461957e-05,1.27017310120459e-05,12700.7895203325,12700.7873052005,12700.7873726765,1.27007910931045e-05,1.27007857580143e-05,1.27007869240447e-05,132651.181985008,132651.171846556,132651.181263833,0.000132651182010067,0.000132651171884538,0.000132651181288436,132651.095233827,132651.08512754,132651.094537013,0.000132651095238562,0.000132651085123035,0.00013265109453882,132642.611626486,132642.602889097,132642.611535917,0.000132642611626247,0.000132642602889188,0.000132642611536079,132634.138907825,132634.131355554,132634.139307873,0.000132634138907658,0.000132634131355807,0.000132634139307979,3812.3124659028,3816.03892459928,3813.11663084701,9.4131739419387e-06,5.06522561552486e-06,7.47508045484516e-06
0.133,12701.7336019978,12701.7319172678,12701.7335240662,9472.63782281429,9472.63421022016,9472.61830381019,12701.7336019978,12701.7319172678,12701.7335240662,9472.63781015012,9472.63419755548,9472.6182911453,12700.7889547813,12700.7871100336,12700.7890268382,9087.01743390455,9087.01341692142,9086.99784164051,132651.183105217,132651.182531287,132651.184737225,868.801475586149,868.79962129901,868.799975307058,132651.096354094,132651.095812405,132651.09801042,868.801475586149,868.79962129901,868.799975307058,132651.096354094,132651.095812405,132651.09801042,868.796015452588,868.794161152069,868.79451521218,132651.096354094,132651.095812405,132651.09801042,0.00830146071422569,0.00830148997809954,0.00830146495219148,132651.009624306,132651.009076533,132651.011283148,868.796015452588,868.794161152069,868.79451521218,132634.226944099,132634.228197895,132634.229164039,868.765085299677,868.763234390974,868.763583275333,3812.31211402681,3816.03907070864,3813.11687538118,1439.59949954305,1439.59908314918,1439.59934267644,132634.140219932,132634.141473828,132634.142439878,868.764952897634,868.763101988926,868.763450873301,0,0,0,5.93610636221463e-11,0,0,12701.7336019978,12701.7319172678,12701.7335240662,1.27017283749195e-05,1.270172484969e-05,1.27017326654473e-05,12700.7889547813,12700.7871100336,12700.7890268382,1.27007905275534e-05,1.27007855628465e-05,1.27007885782068e-05,132651.183105217,132651.182531287,132651.184737225,0.000132651183130276,0.000132651182569268,0.000132651184761827,132651.096354094,132651.095812405,132651.09801042,0.000132651096358829,0.0001326510958079,0.000132651098012227,132642.61287161,132642.61335139,132642.614843981,0.000132642612871371,0.000132642613351481,0.000132642614844143,132634.140219932,132634.141473828,132634.142439878,0.000132634140219765,0.000132634141474081,0.000132634142439984,3812.31211402681,3816.03907070864,3813.11687538118,9.41317354760527e-06,5.0652252677721e-06,7.47508091319754e-06
0.134,12701.7324902303,12701.7317016506,12701.7344531312,9472.63447635301,9472.61984052005,9472.61448641027,12701.7324902303,12701.7317016506,12701.7344531312,9472.63446368884,9472.61982785537,9472.61447374538,12700.7878433878,12700.7868958558,12700.7899562297,9087.01395954451,9086.99908318693,9086.99415710207,132651.179004908,132651.179892169,132651.18491755,868.800456542091,868.798584167609,868.799975784673,132651.092253883,132651.093173394,132651.098190745,868.800456542091,868.798584167609,868.799975784673,132651.092253883,132651.093173394,132651.098190745,868.794996397638,868.793124038663,868.794515690308,132651.092253883,132651.093173394,132651.098190745,0.00830146178727736,0.00830147531576762,0.00830144677813163,132651.005524193,132651.006437628,132651.011463472,868.794996397638,868.793124038663,868.794515690308,132634.223049997,132634.222947593,132634.229073363,868.76406237222,868.762187104671,868.763583589264,3812.31179617771,3816.03937384147,3813.1169033162,1439.59938724167,1439.59905742323,1439.59947161435,132634.136325928,132634.136223635,132634.142349202,868.763929970175,868.762054702633,868.763451187232,0,0,0,5.9360996140213e-11,0,0,12701.7324902303,12701.7317016506,12701.7344531312,1.27017272631533e-05,1.27017246340741e-05,1.27017335945117e-05,12700.7878433878,12700.7868958558,12700.7899562297,1.27007894161596e-05,1.27007853486678e-05,1.27007895075984e-05,132651.179004908,132651.179892169,132651.18491755,0.000132651179029967,0.00013265117993015,0.000132651184942152,132651.092253883,132651.093173394,132651.098190745,0.000132651092258618,0.000132651093168888,0.000132651098192552,132642.60886218,132642.609273015,132642.614878006,0.000132642608861941,0.000132642609273106,0.000132642614878168,132634.136325928,132634.136223635,132634.142349202,0.000132634136325762,0.000132634136223887,0.000132634142349308,3812.31179617771,3816.03937384147,3813.1169033162,9.41317366663204e-06,5.06522479502501e-06,7.47508159376809e-06
0.135,12701.7313118065,12701.7325982077,12701.7349219769,9472.6270142883,9472.60681286243,9472.61372961487,12701.7313118065,12701.7325982077,12701.7349219769,9472.62700162413,9472.60680019774,9472.61371694998,12700.7866657599,12700.787793684,12700.7904251154,9087.00636758715,9086.98617401864,9086.99345867077,132651.179931746,132651.184073584,132651.183844514,868.799171178359,868.797959709724,868.799857966189,132651.093180848,132651.097354875,132651.097117719,868.799171178359,868.797959709724,868.799857966189,132651.093180848,132651.097354875,132651.097117719,868.793711025209,868.792499593994,868.794397863579,132651.093180848,132651.097354875,132651.097117719,0.00830146471655672,0.00830146314591789,0.00830143636089038,132651.006451284,132651.010619176,132651.010390456,868.793711025209,868.792499593994,868.794397863579,132634.223763192,132634.226240428,132634.228228826,868.762783075746,868.761571386172,868.76346398285,3812.3116451952,3816.03974484507,3813.11671390924,1439.59924662483,1439.59911810816,1439.59954471742,132634.137039248,132634.139516535,132634.141504675,868.762650673697,868.761438984137,868.763331580816,0,0,0,5.93609128750302e-11,0,0,12701.7313118065,12701.7325982077,12701.7349219769,1.27017260847311e-05,1.27017255306317e-05,1.27017340633567e-05,12700.7866657599,12700.787793684,12700.7904251154,1.27007882385307e-05,1.27007862464952e-05,1.2700789976484e-05,132651.179931746,132651.184073584,132651.183844514,0.000132651179956805,0.000132651184111565,0.000132651183869117,132651.093180848,132651.097354875,132651.097117719,0.000132651093185583,0.00013265109735037,0.000132651097119526,132642.609685672,132642.612948936,132642.613939197,0.000132642609685434,0.000132642612949027,0.000132642613939359,132634.137039248,132634.139516535,132634.141504675,0.000132634137039082,0.000132634139516787,0.000132634141504781,3812.3116451952,3816.03974484507,3813.11671390924,9.41317431311216e-06,5.06522438582326e-06,7.4750822884659e-06
0.136,12701.7304875815,12701.7337592012,12701.7346265529,9472.61572666314,9472.59729108934,9472.61366268913,12701.7304875815,12701.7337592012,12701.7346265529,9472.61571399897,9472.59727842465,9472.61365002424,12700.785842703,12700.788955575,12700.7901296951,9086.99500082696,9086.97681580123,9086.99336217098,132651.181102773,132651.186031016,132651.182362761,868.797853117721,868.797720125797,868.799424182711,132651.094352006,132651.099312334,132651.095636005,868.797853117721,868.797720125797,868.799424182711,132651.094352006,132651.099312334,132651.095636005,868.792392966413,868.792260021362,868.793964066099,132651.094352006,132651.099312334,132651.095636005,0.00830146394844984,0.00830144603965969,0.00830143189234549,132651.007622575,132651.012576662,132651.008908782,868.792392966413,868.792260021362,868.793964066099,132634.224764619,132634.229310749,132634.225483771,868.761458753206,868.761325957551,868.763034309062,3812.31170043259,3816.04002291285,3813.1163913987,1439.5991249618,1439.59922856281,1439.59953542284,132634.138040808,132634.142586884,132634.13875966,868.761326351157,868.761193555517,868.762901907025,0,0,0,5.93608291100309e-11,0,0,12701.7304875815,12701.7337592012,12701.7346265529,1.2701725260508e-05,1.27017266916251e-05,1.27017337679325e-05,12700.785842703,12700.788955575,12700.7901296951,1.27007874154723e-05,1.27007874083856e-05,1.27007896810633e-05,132651.181102773,132651.186031016,132651.182362761,0.000132651181127831,0.000132651186068997,0.000132651182387363,132651.094352006,132651.099312334,132651.095636005,0.000132651094356741,0.000132651099307829,0.000132651095637813,132642.610761951,132642.615464744,132642.611817597,0.000132642610761712,0.000132642615464836,0.00013264261181776,132634.138040808,132634.142586884,132634.13875966,0.000132634138040641,0.000132634142587136,0.000132634138759765,3812.31170043259,3816.04002291285,3813.1163913987,9.41317517072847e-06,5.06522418655765e-06,7.47508270502962e-06
0.137,12701.7303240292,12701.7346527617,12701.7338893218,9472.60234528577,9472.59208577135,9472.61177327081,12701.7303240292,12701.7346527617,12701.7338893218,9472.6023326216,9472.59207310666,9472.61176060592,12700.7856805017,12700.7898495983,12700.7893926812,9086.98162439844,9086.97176248339,9086.99137581311,132651.180179607,132651.185385766,132651.18419033,868.796742305961,868.797698010961,868.798604501929,132651.093428954,132651.098667087,132651.097463652,868.796742305961,868.797698010961,868.798604501929,132651.093428954,132651.098667087,132651.097463652,868.791282166929,868.792237911046,868.793144368501,132651.093428954,132651.098667087,132651.097463652,0.00830145540785707,0.00830142490207546,0.00830143252088095,132651.006699636,132651.011931418,132651.010736507,868.791282166929,868.792237911046,868.793144368501,132634.224021214,132634.229073212,132634.225829496,868.760352669919,868.761305152153,868.762210870919,3812.31195281201,3816.04012292559,3813.11605347242,1439.59906797086,1439.5993533536,1439.59944930104,132634.137297517,132634.142349349,132634.139105463,868.760220267875,868.761172750122,868.762078468876,0,0,0,5.93607599630677e-11,0,0,12701.7303240292,12701.7346527617,12701.7338893218,1.27017250969575e-05,1.27017275851852e-05,1.27017330307018e-05,12700.7856805017,12700.7898495983,12700.7893926812,1.27007872532692e-05,1.27007883024085e-05,1.27007889440492e-05,132651.180179607,132651.185385766,132651.18419033,0.000132651180204666,0.000132651185423747,0.000132651184214932,132651.093428954,132651.098667087,132651.097463652,0.000132651093433689,0.000132651098662582,0.00013265109746546,132642.609904011,132642.615030111,132642.612855483,0.000132642609903772,0.000132642615030203,0.000132642612855645,132634.137297517,132634.142349349,132634.139105463,0.00013263413729735,0.000132634142349602,0.000132634139105569,3812.31195281201,3816.04012292559,3813.11605347242,9.4131759739141e-06,5.06522427617618e-06,7.47508272050437e-06
0.138,12701.7307462584,12701.7354034504,12701.7324061718,9472.58936023165,9472.59046677746,9472.60634480214,12701.7307462584,12701.7354034504,12701.7324061718,9472.58934756748,9472.59045411277,9472.60633213725,12700.7861040096,12700.7906004022,12700.7879101149,9086.96873023737,9086.97023700056,9086.98582639497,132651.185118344,132651.183834296,132651.178245275,868.796001058753,868.797657598975,868.797476353698,132651.098367769,132651.09711562,132651.091518708,868.796001058753,868.797657598975,868.797476353698,132651.098367769,132651.09711562,132651.091518708,868.790540930988,868.792197495639,868.792016216117,132651.098367769,132651.09711562,132651.091518708,0.00830144680946358,0.00830141851315568,0.0083014329690512,132651.011638529,132651.010379954,132651.004791673,868.790540930988,868.792197495639,868.792016216117,132634.229005687,132634.227761903,132634.221661569,868.759608185665,868.761266121887,868.761085960861,3812.31229310581,3816.04000881057,3813.11583637145,1439.59908743927,1439.59943911738,1439.5993205707,132634.142282068,132634.141038043,132634.134937646,868.759475783622,868.761133719856,868.760953558818,0,0,0,5.9360715062185e-11,0,0,12701.7307462584,12701.7354034504,12701.7324061718,1.2701725519188e-05,1.27017283358734e-05,1.27017315475528e-05,12700.7861040096,12700.7906004022,12700.7879101149,1.27007876767756e-05,1.27007890532121e-05,1.27007874614826e-05,132651.185118344,132651.183834296,132651.178245275,0.000132651185143403,0.000132651183872277,0.000132651178269877,132651.098367769,132651.09711562,132651.091518708,0.000132651098372504,0.000132651097111115,0.000132651091520515,132642.614889562,132642.613580735,132642.607688031,0.000132642614889323,0.000132642613580826,0.000132642607688193,132634.142282068,132634.141038043,132634.134937646,0.000132634142281901,0.000132634141038296,0.000132634134937751,3812.31229310581,3816.04000881057,3813.11583637145,9.41317639774713e-06,5.06522460715683e-06,7.47508233964466e-06
0.139,12701.7316911898,12701.7353656518,12701.7318136418,9472.57907650828,9472.59044115014,9472.59708646084,12701.7316911898,12701.7353656518,12701.7318136418,9472.5790638441,9472.59042848545,9472.59707379596,12700.7870499234,12700.7905625925,12700.7873185523,9086.9585938389,9086.97022151916,9086.97647623104,132651.184150827,132651.186183948,132651.182091522,868.795652961077,868.797382699432,868.796234216259,132651.09740029,132651.099465296,132651.095365078,868.795652961077,868.797382699432,868.796234216259,132651.09740029,132651.099465296,132651.095365078,868.790192848305,868.791922579913,868.790774072949,132651.09740029,132651.099465296,132651.095365078,0.0083014263355772,0.00830140885553829,0.00830143636587749,132651.010671088,132651.012729655,132651.008638168,868.790192848305,868.791922579913,868.790774072949,132634.227988654,132634.231284692,132634.228200904,868.759260549818,868.760990531315,868.759843278503,3812.31259976926,3816.03972973661,3813.1158137217,1439.59917233494,1439.59945625996,1439.59919583054,132634.141265072,132634.144560857,132634.141477104,868.759128147781,868.760858129275,868.759710876453,0,0,0,5.93606949800334e-11,0,0,12701.7316911898,12701.7353656518,12701.7318136418,1.27017264641204e-05,1.27017282980748e-05,1.27017309550237e-05,12700.7870499234,12700.7905625925,12700.7873185523,1.27007886226882e-05,1.27007890154022e-05,1.27007868699198e-05,132651.184150827,132651.186183948,132651.182091522,0.000132651184175886,0.000132651186221929,0.000132651182116124,132651.09740029,132651.099465296,132651.095365078,0.000132651097405025,0.000132651099460791,0.000132651095366886,132642.613884669,132642.616532671,132642.61289454,0.000132642613884431,0.000132642616532762,0.000132642612894702,132634.141265072,132634.144560857,132634.141477104,0.000132634141264906,0.000132634144561109,0.00013263414147721,3812.31259976926,3816.03972973661,3813.1158137217,9.41317631093889e-06,5.06522505532361e-06,7.47508171408749e-06
0.14,12701.7327748322,12701.73452622,12701.730937901,9472.57277089903,9472.58955877274,9472.58517782448,12701.7327748322,12701.73452622,12701.730937901,9472.57275823485,9472.58954610805,9472.5851651596,12700.7881341394,12700.7897232606,12700.7864440226,9086.95244315149,9086.96927331666,9086.96454447628,132651.186543332,132651.178232985,132651.178737665,868.795581288486,868.796756556247,868.795112037157,132651.099792804,132651.091514393,132651.092011336,868.795581288486,868.796756556247,868.795112037157,132651.099792804,132651.091514393,132651.092011336,868.79012118104,868.791296429136,868.789651904873,132651.099792804,132651.091514393,132651.092011336,0.0083014143089304,0.00830140857124583,0.00830142890507583,132651.013063611,132651.004778811,132651.005284539,868.79012118104,868.791296429136,868.789651904873,132634.230226727,132634.223478685,132634.224502814,868.759188923588,868.760362479331,868.758718810941,3812.31275899198,3816.03939278214,3813.11598774877,1439.59928483981,1439.59939903857,1439.59911856178,132634.143503155,132634.136754909,132634.137779129,868.759056521551,868.760230077294,868.758586408898,0,0,0,5.93606914622863e-11,0,0,12701.7327748322,12701.73452622,12701.730937901,1.27017275477633e-05,1.27017274586435e-05,1.2701730079284e-05,12700.7881341394,12700.7897232606,12700.7864440226,1.27007897069036e-05,1.270078817607e-05,1.27007859953903e-05,132651.186543332,132651.178232985,132651.178737665,0.000132651186568391,0.000132651178270966,0.000132651178762268,132651.099792804,132651.091514393,132651.092011336,0.000132651099797539,0.000132651091509888,0.000132651092013144,132642.616212886,132642.608635724,132642.609384861,0.000132642616212648,0.000132642608635815,0.000132642609385023,132634.143503155,132634.136754909,132634.137779129,0.000132634143502989,0.000132634136755161,0.000132634137779235,3812.31275899198,3816.03939278214,3813.11598774877,9.4131757582635e-06,5.06522544904199e-06,7.47508108144182e-06
0.141,12701.7335546844,12701.7337529673,12701.7316673884,9472.57024823486,9472.58582654813,9472.57278429459,12701.7335546844,12701.7337529673,12701.7316673884,9472.57023557068,9472.58581388344,9472.57277162971,12700.7889141949,12700.7889504188,12700.7871747405,9086.95003311705,9086.9654339969,9086.95220871493,132651.186555755,132651.185020214,132651.184801381,868.795575959221,868.795801304341,868.794295185936,132651.099805228,132651.098301715,132651.098075136,868.795575959221,868.795801304341,868.794295185936,132651.099805228,132651.098301715,132651.098075136,868.79011584952,868.79034115836,868.788835062296,132651.099805228,132651.098301715,132651.098075136,0.00830139807507298,0.00830141283039579,0.00830142360316605,132651.013076035,132651.011566225,132651.011348425,868.79011584952,868.79034115836,868.788835062296,132634.230240804,132634.227605117,132634.227852146,868.759183875531,868.759413994502,868.757904978194,3812.31271635059,3816.0391336933,3813.11629376746,1439.59937824426,1439.59929196753,1439.59911530255,132634.143517232,132634.140881434,132634.141128545,868.759051473494,868.759281592456,868.757772576153,0,0,0,5.93606907280432e-11,0,0,12701.7335546844,12701.7337529673,12701.7316673884,1.27017283276159e-05,1.27017266853918e-05,1.2701730808772e-05,12700.7889141949,12700.7889504188,12700.7871747405,1.27007904869591e-05,1.27007874032278e-05,1.27007867261085e-05,132651.186555755,132651.185020214,132651.184801381,0.000132651186580814,0.000132651185058195,0.000132651184825983,132651.099805228,132651.098301715,132651.098075136,0.000132651099809963,0.00013265109829721,0.000132651098076944,132642.616226621,132642.614208903,132642.614184293,0.000132642616226382,0.000132642614208995,0.000132642614184454,132634.143517232,132634.140881434,132634.141128545,0.000132634143517065,0.000132634140881686,0.000132634141128651,3812.31271635059,3816.0391336933,3813.11629376746,9.41317497250665e-06,5.06522564296013e-06,7.47508069632527e-06
0.142,12701.7337311709,12701.7325702912,12701.7322791679,9472.56996762475,9472.57844547997,9472.56224020793,12701.7337311709,12701.7325702912,12701.7322791679,9472.56995496057,9472.57843281528,9472.56222754305,12700.7890906841,12700.7877685203,12700.7877875391,9086.9497904893,9086.9579547808,9086.94178730064,132651.184782277,132651.180770908,132651.18552646,868.795415097458,868.794667540418,868.793854684476,132651.098031764,132651.094052521,132651.098800263,868.795415097458,868.794667540418,868.793854684476,132651.098031764,132651.094052521,132651.098800263,868.789954979388,868.789207395603,868.788394575241,132651.098031764,132651.094052521,132651.098800263,0.00830139136888611,0.0083014116063787,0.00830140688193384,132651.011302585,132651.007317144,132651.012073598,868.789954979388,868.789207395603,868.788394575241,132634.228465415,132634.222351259,132634.227919606,868.759021390523,868.758270349132,868.757460969928,3812.31249241804,3816.03902584724,3813.11660453195,1439.59941711824,1439.59917210908,1439.59917833084,132634.141741857,132634.135627689,132634.141196053,868.758888988484,868.758137947091,868.757328567892,0,0,0,5.93606787989332e-11,0,0,12701.7337311709,12701.7325702912,12701.7322791679,1.27017285041028e-05,1.2701725502717e-05,1.27017314205516e-05,12700.7890906841,12700.7877685203,12700.7877875391,1.27007906634486e-05,1.27007862213288e-05,1.27007873389075e-05,132651.184782277,132651.180770908,132651.18552646,0.000132651184807336,0.000132651180808889,0.000132651185551062,132651.098031764,132651.094052521,132651.098800263,0.000132651098036498,0.000132651094048016,0.00013265109880207,132642.614448676,132642.609491526,132642.61461069,0.000132642614448437,0.000132642609491618,0.000132642614610852,132634.141741857,132634.135627689,132634.141196053,0.00013263414174169,0.000132634135627942,0.000132634141196158,3812.31249241804,3816.03902584724,3813.11660453195,9.41317422056665e-06,5.06522557098469e-06,7.47508065303084e-06
0.143,12701.7332827534,12701.7320024517,12701.7332763292,9472.56965616859,9472.56803507932,9472.5551241186,12701.7332827534,12701.7320024517,12701.7332763292,9472.56964350441,9472.56802241463,9472.55511145372,12700.7886423022,12700.7872017492,12700.7887853609,9086.94943879541,9086.94749675723,9086.93481568272,132651.183885198,132651.1812398,132651.18629114,868.79494705221,868.7935679229,868.793721809964,132651.097134728,132651.094521524,132651.099564958,868.79494705221,868.7935679229,868.793721809964,132651.097134728,132651.094521524,132651.099564958,868.789486920308,868.788107781755,868.788261709282,132651.097134728,132651.094521524,132651.099564958,0.0083013888328653,0.00830140989346472,0.00830139062040029,132651.010405593,132651.007786258,132651.012838309,868.789486920308,868.788107781755,868.788261709282,132634.227536615,132634.225170044,132634.229632606,868.75855732189,868.757181849785,868.757329817974,3812.31218064004,3816.03912949675,3813.11681190459,1439.59938645427,1439.59909089361,1439.59928323731,132634.1408131,132634.138446583,132634.142909069,868.758424919847,868.757049447743,868.75719741594,0,0,0,5.93606466539718e-11,0,0,12701.7332827534,12701.7320024517,12701.7332763292,1.27017280556859e-05,1.27017249348788e-05,1.27017324177125e-05,12700.7886423022,12700.7872017492,12700.7887853609,1.27007902150668e-05,1.27007856545569e-05,1.27007883367296e-05,132651.183885198,132651.1812398,132651.18629114,0.000132651183910257,0.00013265118127778,0.000132651186315742,132651.097134728,132651.094521524,132651.099564958,0.000132651097139463,0.000132651094517018,0.000132651099566765,132642.613546468,132642.611144194,132642.61584554,0.000132642613546229,0.000132642611144285,0.000132642615845702,132634.1408131,132634.138446583,132634.142909069,0.000132634140812934,0.000132634138446835,0.000132634142909174,3812.31218064004,3816.03912949675,3813.11681190459,9.41317382920134e-06,5.06522526766517e-06,7.47508100642408e-06
0.144,12701.732371891,12701.7321086984,12701.7341737564,9472.56717892975,9472.55640034297,9472.55175165675,12701.732371891,12701.7321086984,12701.7341737564,9472.56716626558,9472.55638767828,9472.55173899187,12700.7877317159,12700.7873091613,12700.7896830757,9086.9468685478,9086.935890236,9086.93156294781,132651.183406688,132651.184098654,132651.186613931,868.794145854669,868.792703394636,868.793720628824,132651.096656295,132651.097380467,132651.09988775,868.794145854669,868.792703394636,868.793720628824,132651.096656295,132651.097380467,132651.09988775,868.788685710118,868.787243261967,868.788260528906,132651.096656295,132651.097380467,132651.09988775,0.00830139037180265,0.00830140456054736,0.00830137780146678,132651.009927237,132651.01064529,132651.013161101,868.788685710118,868.787243261967,868.788260528906,132634.227259431,132634.229991447,132634.230126334,868.757751720313,868.756307559548,868.757328462946,3812.31188952615,3816.03936991822,3813.11683584171,1439.59929837687,1439.59906882852,1439.59938331144,132634.140535994,132634.143268076,132634.143402797,868.757619318267,868.756175157505,868.757196060912,0,0,0,5.93605934882605e-11,0,0,12701.732371891,12701.7321086984,12701.7341737564,1.27017271448245e-05,1.27017250411265e-05,1.2701733315139e-05,12700.7877317159,12700.7873091613,12700.7896830757,1.27007893044802e-05,1.27007857619683e-05,1.27007892344444e-05,132651.183406688,132651.184098654,132651.186613931,0.000132651183431747,0.000132651184136635,0.000132651186638533,132651.096656295,132651.097380467,132651.09988775,0.00013265109666103,0.000132651097375962,0.000132651099889557,132642.613181169,132642.614933209,132642.616247146,0.00013264261318093,0.0001326426149333,0.000132642616247308,132634.140535994,132634.143268076,132634.143402797,0.000132634140535827,0.000132634143268329,0.000132634143402902,3812.31188952615,3816.03936991822,3813.11683584171,9.41317386869448e-06,5.06522484752269e-06,7.47508155754628e-06
0.145,12701.7313331305,12701.732470742,12701.7345021807,9472.56132551095,9472.54574945581,9472.55104113477,12701.7313331305,12701.732470742,12701.7345021807,9472.56131284677,9472.54573679112,9472.55102846988,12700.7866935791,12700.7876722448,12700.790011541,9086.94091328186,9086.92533448007,9086.93090915714,132651.180107125,132651.182144132,132651.18643886,868.79311341811,868.792179627697,868.793635244832,132651.093356833,132651.095426,132651.099712686,868.79311341811,868.792179627697,868.793635244832,132651.093356833,132651.095426,132651.099712686,868.787653269495,868.786719510401,868.788175137492,132651.093356833,132651.095426,132651.099712686,0.00830139139350838,0.00830138815515888,0.00830136741475914,132651.006627877,132651.008690878,132651.012986045,868.787653269495,868.786719510401,868.788175137492,132634.224321518,132634.227080642,132634.230330242,868.756723782012,868.75578916784,868.757242181959,3812.31173560946,3816.03967314278,3813.11667244591,1439.59918909862,1439.59911984135,1439.59944122148,132634.137598182,132634.140357326,132634.143606712,868.756591379967,868.755656765805,868.757109779922,0,0,0,5.93605265607679e-11,0,0,12701.7313331305,12701.732470742,12701.7345021807,1.27017261060653e-05,1.27017254031706e-05,1.2701733643563e-05,12700.7866935791,12700.7876722448,12700.790011541,1.27007882663427e-05,1.27007861250513e-05,1.27007895629097e-05,132651.180107125,132651.182144132,132651.18643886,0.000132651180132183,0.000132651182182112,0.000132651186463463,132651.093356833,132651.095426,132651.099712686,0.000132651093361568,0.000132651095421495,0.000132651099714494,132642.610040568,132642.612399085,132642.616288126,0.000132642610040329,0.000132642612399177,0.000132642616288288,132634.137598182,132634.140357326,132634.143606712,0.000132634137598015,0.000132634140357579,0.000132634143606818,3812.31173560946,3816.03967314278,3813.11667244591,9.41317436197788e-06,5.06522447277797e-06,7.47508213095952e-06
0.146,12701.7305624238,12701.7337721655,12701.7341919,9472.55222755987,9472.5379151531,9472.55099656227,12701.7305624238,12701.7337721655,12701.7341919,9472.5522148957,9472.53790248841,9472.55098389738,12700.7859238137,12700.7889744053,12700.7897012576,9086.93175022323,9086.91763221386,9086.93084577406,132651.184295329,132651.187950878,132651.182412664,868.792040164012,868.791977425573,868.793291654091,132651.097545146,132651.101232769,132651.095686521,868.792040164012,868.791977425573,868.793291654091,132651.097545146,132651.101232769,132651.095686521,868.78658001273,868.786517314383,868.787831537276,132651.097545146,132651.101232769,132651.095686521,0.0083013936863172,0.00830138139290207,0.00830136464576556,132651.010816297,132651.014497671,132651.008959911,868.78658001273,868.786517314383,868.787831537276,132634.228375562,132634.231335294,132634.227899955,868.755647635884,868.755584634168,868.756899996504,3812.31175999456,3816.03990781562,3813.11638792533,1439.59909837627,1439.59921628167,1439.59943371743,132634.141652334,132634.144612001,132634.141176456,868.755515233835,868.755452232133,868.756767594465,0,0,0,5.93604583638129e-11,0,0,12701.7305624238,12701.7337721655,12701.7341919,1.27017253353601e-05,1.27017267045939e-05,1.2701733333282e-05,12700.7859238137,12700.7889744053,12700.7897012576,1.2700787496576e-05,1.27007874272112e-05,1.27007892526259e-05,132651.184295329,132651.187950878,132651.182412664,0.000132651184320388,0.000132651187988859,0.000132651182437266,132651.097545146,132651.101232769,132651.095686521,0.00013265109754988,0.000132651101228264,0.000132651095688329,132642.614174892,132642.617440386,132642.61305673,0.000132642614174653,0.000132642617440478,0.000132642613056892,132634.141652334,132634.144612001,132634.141176456,0.000132634141652167,0.000132634144612254,0.000132634141176561,3812.31175999456,3816.03990781562,3813.11638792533,9.41317506502013e-06,5.06522427227788e-06,7.47508248461953e-06
0.147,12701.7303770269,12701.7344371031,12701.7336160661,9472.54125892524,9472.53362697598,9472.54945986376,12701.7303770269,12701.7344371031,12701.7336160661,9472.54124626106,9472.53361431129,9472.54944719887,12700.7857395241,12700.7896397248,12700.7891256006,9086.9207831908,9086.91346746792,9086.92923064382,132651.181430856,132651.186894685,132651.184322977,868.791127476977,868.791958805043,868.792621308513,132651.094680766,132651.100176578,132651.097596899,868.791127476977,868.791958805043,868.792621308513,132651.094680766,132651.100176578,132651.097596899,868.785667337535,868.786498698261,868.787161175385,132651.094680766,132651.100176578,132651.097596899,0.00830138499116876,0.00830135974532789,0.00830136529196295,132651.00795201,132651.013441482,132651.010870353,868.785667337535,868.786498698261,868.787161175385,132634.225320358,132634.230288613,132634.229599232,868.754735425992,868.755566041223,868.756229896327,3812.31195013324,3816.03999135825,3813.11608818124,1439.59906145598,1439.59932271325,1439.59936432303,132634.138597223,132634.143565323,132634.142875797,868.75460302395,868.75543363919,868.756097494282,0,0,0,5.93604015918429e-11,0,0,12701.7303770269,12701.7344371031,12701.7336160661,1.27017251499647e-05,1.27017273695313e-05,1.27017327574484e-05,12700.7857395241,12700.7896397248,12700.7891256006,1.2700787312285e-05,1.27007880925304e-05,1.27007886769687e-05,132651.181430856,132651.186894685,132651.184322977,0.000132651181455915,0.000132651186932665,0.00013265118434758,132651.094680766,132651.100176578,132651.097596899,0.0001326510946855,0.000132651100172073,0.000132651097598706,132642.611175483,132642.616391495,132642.614819711,0.000132642611175244,0.000132642616391587,0.000132642614819872,132634.138597223,132634.143565323,132634.142875797,0.000132634138597057,0.000132634143565576,0.000132634142875902,3812.31195013324,3816.03999135825,3813.11608818124,9.41317572142458e-06,5.0652243140168e-06,7.475082497621e-06
0.148,12701.7308395198,12701.735073396,12701.7324325139,9472.5304810872,9472.53230033894,9472.5449243347,12701.7308395198,12701.735073396,12701.7324325139,9472.53046842302,9472.53228767425,9472.54491166982,12700.7862030784,12700.7902761117,12700.7879425365,9086.91007787985,9086.91221576434,9086.92459481068,132651.186375298,132651.185760641,132651.18151648,868.790513779202,868.791924338866,868.79168254772,132651.099625273,132651.099042538,132651.094790493,868.790513779202,868.791924338866,868.79168254772,132651.099625273,132651.099042538,132651.094790493,868.785053647988,868.786464229015,868.786222408754,132651.099625273,132651.099042538,132651.094790493,0.00830137929531117,0.00830135376096939,0.0083013665432343,132651.012896581,132651.012307445,132651.008064038,868.785053647988,868.786464229015,868.786222408754,132634.23006469,132634.228851567,132634.224203307,868.754122484694,868.755531053978,868.755289348852,3812.31222644109,3816.03989283079,3813.11587941988,1439.59909122939,1439.59939812923,1439.59925898778,132634.143341619,132634.142128279,132634.137479964,868.753990082652,868.755398651945,868.75515694681,0,0,0,5.93603644806833e-11,0,0,12701.7308395198,12701.735073396,12701.7324325139,1.27017256124587e-05,1.27017280058238e-05,1.2701731573897e-05,12700.7862030784,12700.7902761117,12700.7879425365,1.27007877758379e-05,1.2700788728917e-05,1.27007874939043e-05,132651.186375298,132651.185760641,132651.18151648,0.000132651186400357,0.000132651185798622,0.000132651181541082,132651.099625273,132651.099042538,132651.094790493,0.000132651099630007,0.000132651099038033,0.0001326510947923,132642.616044929,132642.615084245,132642.610588127,0.000132642616044689,0.000132642615084336,0.000132642610588289,132634.143341619,132634.142128279,132634.137479964,0.000132634143341452,0.000132634142128532,0.000132634137480069,3812.31222644109,3816.03989283079,3813.11587941988,9.41317608030726e-06,5.06522456846724e-06,7.47508216676988e-06
0.149,12701.7316255638,12701.7350401836,12701.7318664992,9472.52184623182,9472.53228449571,9472.53706452847,12701.7316255638,12701.7350401836,12701.7318664992,9472.52183356763,9472.53227183102,9472.53705186359,12700.7869899472,12700.7902428897,12700.7873773428,9086.9015639676,9086.91220568766,9086.91665685642,132651.185786282,132651.187507487,132651.184602409,868.790224180658,868.791688133857,868.790633940418,132651.099036288,132651.100789404,132651.097876526,868.790224180658,868.791688133857,868.790633940418,132651.099036288,132651.100789404,132651.097876526,868.784764061714,868.786228010983,868.785173797437,132651.099036288,132651.100789404,132651.097876526,0.00830136264316762,0.00830134614708027,0.00830136890127126,132651.012307628,132651.014054332,132651.011150177,868.784764061714,868.786228010983,868.785173797437,132634.229596427,132634.230035609,132634.226181365,868.75383089485,868.755298434615,868.754244489245,3812.3124765407,3816.03965452972,3813.11583810072,1439.59917350221,1439.59941304114,1439.59915822306,132634.142873389,132634.143312342,132634.139458126,868.753698492812,868.755166032578,868.7541120872,0,0,0,5.93603478284447e-11,0,0,12701.7316255638,12701.7350401836,12701.7318664992,1.27017263985035e-05,1.27017279726113e-05,1.27017310078832e-05,12700.7869899472,12700.7902428897,12700.7873773428,1.27007885627057e-05,1.27007886956949e-05,1.27007869287106e-05,132651.185786282,132651.187507487,132651.184602409,0.00013265118581134,0.000132651187545467,0.000132651184627012,132651.099036288,132651.100789404,132651.097876526,0.000132651099041022,0.000132651100784899,0.000132651097878334,132642.615510674,132642.616545568,132642.613101363,0.000132642615510434,0.00013264261654566,0.000132642613101526,132634.142873389,132634.143312342,132634.139458126,0.000132634142873222,0.000132634143312595,0.000132634139458232,3812.3124765407,3816.03965452972,3813.11583810072,9.4131760075533e-06,5.06522492625603e-06,7.47508162881507e-06
0.15,12701.7325072622,12701.7343783993,12701.7312172687,9472.51647657861,9472.53151012211,9472.5268369067,12701.7325072622,12701.7343783993,12701.7312172687,9472.51646391443,9472.53149745742,9472.52682424183,12700.7878721343,12700.7895811944,12700.7867291525,9086.89632413331,9086.91137424774,9086.90641021845,132651.187149543,132651.183207434,132651.183020837,868.790164176294,868.791147828408,868.789673655951,132651.100399557,132651.096489403,132651.096295052,868.790164176294,868.791147828408,868.789673655951,132651.100399557,132651.096489403,132651.096295052,868.784704062222,868.785687696606,868.784213520675,132651.100399557,132651.096489403,132651.096295052,0.00830135100224044,0.00830134569277086,0.00830136401804243,132651.013670905,132651.009754381,132651.0095688,868.784704062222,868.785687696606,868.784213520675,132634.230963595,132634.227442969,132634.227031901,868.753771829591,868.754751906212,868.753279813752,3812.31260954158,3816.03935521883,3813.11595962644,1439.59927895941,1439.59936183673,1439.59909548247,132634.144240564,132634.140719754,132634.14030876,868.753639427554,868.754619504173,868.753147411709,0,0,0,5.93603449131094e-11,0,0,12701.7325072622,12701.7343783993,12701.7312172687,1.27017272802024e-05,1.27017273108275e-05,1.27017303586536e-05,12700.7878721343,12700.7895811944,12700.7867291525,1.27007894448924e-05,1.27007880339992e-05,1.27007862805205e-05,132651.187149543,132651.183207434,132651.183020837,0.000132651187174602,0.000132651183245415,0.000132651183045439,132651.100399557,132651.096489403,132651.096295052,0.000132651100404292,0.000132651096484897,0.000132651096296859,132642.616883795,132642.613128549,132642.612803343,0.000132642616883556,0.000132642613128641,0.000132642612803505,132634.144240564,132634.140719754,132634.14030876,0.000132634144240397,0.000132634140720007,0.000132634140308865,3812.31260954158,3816.03935521883,3813.11595962644,9.41317553126941e-06,5.06522524941542e-06,7.47508105860166e-06
0.151,12701.7331353772,12701.7334403792,12701.7312877644,9472.51427399224,9472.52826640567,9472.51604344723,12701.7331353772,12701.7334403792,12701.7312877644,9472.51426132805,9472.52825374098,9472.51603078236,12700.7885004276,12700.7886435293,12700.7868007204,9086.89421897673,9086.90803919371,9086.89566783073,132651.187103569,132651.181073995,132651.183085957,868.790159675351,868.790316542704,868.788961804909,132651.100353583,132651.094356044,132651.096360246,868.790159675351,868.790316542704,868.788961804909,132651.100353583,132651.094356044,132651.096360246,868.784699559617,868.784856400888,868.783501679947,132651.100353583,132651.094356044,132651.096360246,0.00830133953735174,0.00830134764172383,0.00830135615695571,132651.013624931,132651.007621104,132651.009634068,868.784699559617,868.784856400888,868.783501679947,132634.23092503,132634.227459638,132634.228954413,868.753767756476,868.753929504561,868.752571343166,3812.31257381686,3816.03911981209,3813.11619917551,1439.59936472817,1439.59926486245,1439.59909503719,132634.144201999,132634.140736502,132634.142231346,868.753635354439,868.753797102517,868.752438941126,0,0,0,5.93603442792554e-11,0,0,12701.7331353772,12701.7334403792,12701.7312877644,1.27017279083177e-05,1.27017263728082e-05,1.27017304291498e-05,12700.7885004276,12700.7886435293,12700.7868007204,1.27007900731856e-05,1.27007870963338e-05,1.27007863520885e-05,132651.187103569,132651.181073995,132651.183085957,0.000132651187128628,0.000132651181111976,0.000132651183110559,132651.100353583,132651.094356044,132651.096360246,0.000132651100358317,0.000132651094351539,0.000132651096362053,132642.616841628,132642.612171029,132642.613893788,0.000132642616841389,0.000132642612171121,0.00013264261389395,132634.144201999,132634.140736502,132634.142231346,0.000132634144201832,0.000132634140736755,0.000132634142231451,3812.31257381686,3816.03911981209,3813.11619917551,9.41317485189616e-06,5.06522540982881e-06,7.4750806955158e-06
0.152,12697.3887727322,12421.5458067121,12320.9105177398,9566.38301659221,10087.6012824504,10638.6093697213,12697.3887727322,12421.5458067121,12320.9105177398,9566.38300407541,10087.6012705061,10638.6093583928,12696.4455567481,12420.5754909715,12319.9323760769,9178.66907516444,9743.91017264907,10304.6151758076,131942.865266454,126096.078068811,129770.66073462,876.658384762308,984.569568009019,933.399370939475,131942.779136934,126095.995716989,129770.57562313,876.658384762308,984.569568009019,933.399370939475,131942.779136934,126095.995716989,129770.57562313,1117.24026515739,4107.82362487173,3421.79247105017,131942.779136934,126095.995716989,129770.57562313,0.0115476311060254,0.0169923516448415,0.01038832557818,131942.693034517,126095.913514781,129770.490616522,1117.24026515739,4107.82362487173,3421.79247105017,131931.663434463,126102.227158395,129756.97507727,1117.23110620248,4107.78611340107,3421.74543447087,3793.83105609679,3652.13806706941,3745.01680503902,1445.22900109607,1398.73646486647,1392.81735733317,131931.577702082,126102.151967628,129756.893941935,1117.23100496249,4107.78609031891,3421.74540370344,0,0,0,5.99094130677569e-11,0,0,12697.3887727322,12421.5458067121,12320.9105177398,1.26973835257958e-05,1.24215388296378e-05,1.23209097377864e-05,12696.4455567481,12420.5754909715,12319.9323760769,1.26964471160571e-05,1.24205739792085e-05,1.23199319612034e-05,131942.865266454,126096.078068811,129770.66073462,0.000131942865291251,0.000126096078104952,0.000129770660759224,131942.779136934,126095.995716989,129770.57562313,867.430443487498,4561.49430236706,3694.06385887957,131936.73760765,126094.296847977,129761.518815482,0.000131936737607501,0.00012609429684807,0.00012976151881565,131931.577702082,126102.151967628,129756.893941935,0.000131931577701917,0.000126102151967859,0.00012975689394205,3793.83105609679,3652.13806706941,3745.01680503902,9.13425191791252e-06,5.06613250040485e-06,7.14425260101577e-06
0.153,12676.5857996278,11989.7960386953,12061.7107207699,9572.89077755506,12020.949674822,12917.335527757,12676.5857996278,11989.7960386953,12061.7107207699,9572.89076512487,12020.9496644732,12917.335518063,12675.6469323904,11988.7581423376,12060.6726127189,9179.3406560801,11755.9516228171,12638.1651863352,129499.806866121,119025.570123805,128735.544411723,932.41856562219,1249.03497367522,1032.34933483116,129499.722579646,119025.492264816,128735.459763951,932.41856562219,1249.03497367522,1032.34933483116,129499.722579646,119025.492264816,128735.459763951,3041.26820681821,9603.30303641922,6776.95131481026,129499.722579646,119025.492264816,128735.459763951,0.0162069473289431,0.0216760112183438,0.010335575091262,129499.638399554,119025.415327434,128735.375531468,3041.26820681821,9603.30303641922,6776.95131481026,129502.360488053,119057.581036875,128722.012464631,3041.27686027142,9603.29151186929,6776.92637619149,3730.27948818635,3477.71969509574,3722.40150317248,1447.2987130455,1336.55694099648,1359.11069605589,129502.279601535,119057.528775158,128721.936823274,3041.27682582871,9603.29150539059,6776.92636182437,0,0,0,6.36364485813918e-11,0,0,12676.5857996278,11989.7960386953,12061.7107207699,1.26765805998435e-05,1.1989789194732e-05,1.20617100540588e-05,12675.6469323904,11988.7581423376,12060.6726127189,1.26756485062618e-05,1.1988756750198e-05,1.20606722324383e-05,129499.806866121,119025.570123805,128735.544411723,0.000129499806890253,0.000119025570157931,0.000128735544436532,129499.722579646,119025.492264816,128735.459763951,3313.92373171209,10537.7416464355,7303.95139048222,129498.84151809,119030.606729372,128725.440610002,0.000129498841518087,0.000119030606729456,0.000128725440610175,129502.279601535,119057.528775158,128721.936823274,0.000129502279601374,0.000119057528775339,0.000128721936823396,3730.27948818635,3477.71969509574,3722.40150317248,8.73743402407719e-06,5.0387336874066e-06,6.82106056800514e-06
0.154,12544.7593507955,11476.4147416314,11948.8622426655,9539.78548298618,15408.7932013331,15657.994127281,12544.7593507955,11476.4147416314,11948.8622426655,9539.7854706928,15408.7931927159,15657.9941189026,12543.824294783,11475.2574385411,11947.7644020623,9147.75385658756,15221.6884133816,15416.2710662242,124852.280379508,112795.757216207,128684.629093219,1094.95327340281,1614.91282987935,1119.0146175073,124852.199368473,112795.683064405,128684.544408254,1094.95327340281,1614.91282987935,1119.0146175073,124852.199368473,112795.683064405,128684.544408254,6843.10974235717,16298.9565355232,9769.64587382765,124852.199368473,112795.683064405,128684.544408254,0.0211004705126816,0.0243154018416654,0.0103715364290832,124852.118833467,112795.611687779,128684.460574127,6843.10974235717,16298.9565355232,9769.64587382765,124877.683737457,112851.60340016,128670.839185633,6843.12328765939,16298.9714815017,9769.64355136618,3611.05470674272,3327.72243080255,3722.71819656092,1434.55751566675,1260.36763412474,1343.10298876602,124877.615902821,112851.584770398,128670.766126891,6843.1232752808,16298.9714802127,9769.64354174447,0,0,0,7.42267888020552e-11,0,0,12544.7593507955,11476.4147416314,11948.8622426655,1.25447542713113e-05,1.14764080418532e-05,1.19488616824267e-05,12543.824294783,11475.2574385411,11947.7644020623,1.25438259044233e-05,1.14752562567623e-05,1.19477640420653e-05,124852.280379508,112795.757216207,128684.629093219,0.000124852280402553,0.000112795757248543,0.000128684629118113,124852.199368473,112795.683064405,128684.544408254,7523.7024120468,17701.6594990949,10446.5865319822,124859.093862872,112806.305992708,128674.239345742,0.000124859093863028,0.000112806305992776,0.000128674239345917,124877.615902821,112851.584770398,128670.766126891,0.000124877615902666,0.000112851584770505,0.000128670766127016,3611.05470674272,3327.72243080255,3722.71819656092,8.28280563001286e-06,4.95004377869034e-06,6.57019889561606e-06
0.155,12244.4468123267,10987.1817440303,11935.6496572209,9914.99671688188,19853.102701494,18256.3330620023,12244.4468123267,10987.1817440303,11935.6496572209,9914.99670523689,19853.1026941662,18256.333054591,12243.5036383867,10985.8573651117,11934.5161633762,9553.81996155557,19721.2455350472,18036.7187747572,118228.865057702,108550.413973638,128335.694882821,1391.986121323,2019.63411908641,1163.37353052777,118228.788488632,108550.342063329,128335.61052243,1391.986121323,2019.63411908641,1163.37353052777,118228.788488632,108550.342063329,128335.61052243,12348.2100470842,23581.4758841861,11880.6822564588,118228.788488632,108550.342063329,128335.61052243,0.0255163871411691,0.0254529287287339,0.0121147660741097,118228.713482358,108550.276126144,128335.527408618,12348.2100470842,23581.4758841861,11880.6822564588,118285.910510134,108624.392293528,128324.92501004,12348.2161604828,23581.4488001823,11880.654316207,3444.0454045533,3229.00604911253,3713.25794076679,1399.4266504696,1183.02052126708,1340.83949624187,118285.868928198,108624.413079193,128324.851289966,12348.2161565002,23581.4488011409,11880.654308245,0,0,0,9.33470417562747e-11,0,0,12244.4468123267,10987.1817440303,11935.6496572209,1.22444418929366e-05,1.09871751579299e-05,1.19356491512716e-05,12243.5036383867,10985.8573651117,11934.5161633762,1.22435052994039e-05,1.09858564610407e-05,1.19345158026225e-05,118228.865057702,108550.413973638,128335.694882821,0.000118228865079359,0.00010855041400476,0.000128335694907412,118228.788488632,108550.342063329,128335.61052243,13477.6078127173,25439.414900353,12624.4926390633,118245.589467016,108564.613600908,128326.737483441,0.000118245589467294,0.000108564613600957,0.000128326737483611,118285.868928198,108624.413079193,128324.851289966,0.000118285868928045,0.000108624413079213,0.000128324851290086,3444.0454045533,3229.00604911253,3713.25794076679,7.85652334990259e-06,4.78760159530726e-06,6.42844080678476e-06
0.156,11774.522258749,10624.3445539064,11924.9869291572,11389.7992183001,24830.720697564,20317.5552253108,11774.522258749,10624.3445539064,11924.9869291572,11389.7992081808,24830.7206910875,20317.5552186603,11773.5431276967,10622.8306588125,11923.8539602932,11099.5520367319,24733.6447467072,20111.6552235201,110539.791735858,106634.419149615,126498.957892468,1803.06358970558,2413.27389140281,1162.41880820132,110539.72006528,106634.347941843,126498.874956696,1803.06358970558,2413.27389140281,1162.41880820132,110539.72006528,106634.347941843,126498.874956696,19322.3339103029,30866.6975910333,12909.4597804619,110539.72006528,106634.347941843,126498.874956696,0.0290248899796611,0.0256304621259646,0.01570092164005,110539.652402012,106634.287065329,126498.793500649,19322.3339103029,30866.6975910333,12909.4597804619,110635.045578404,106718.639002379,126497.36793182,19322.3427008559,30866.7035851864,12909.4497868235,3254.38619087933,3187.22329180077,3664.6259339666,1340.4750489423,1119.42156393428,1341.61845080639,110635.047592121,106718.696077788,126497.292269859,19322.3427009722,30866.7035871614,12909.4497794102,0,0,0,1.1964593099325e-10,0,0,11774.522258749,10624.3445539064,11924.9869291572,1.17745174767297e-05,1.06243380202496e-05,1.19249863968547e-05,11773.5431276967,10622.8306588125,11923.8539602932,1.17735448537171e-05,1.06228300445505e-05,1.19238535838393e-05,110539.791735858,106634.419149615,126498.957892468,0.000110539791756069,0.000106634419180228,0.000126498957916238,110539.72006528,106634.347941843,126498.874956696,20952.6655768762,33142.6484555725,13653.6606644706,110567.621084805,106650.39338643,126493.674041216,0.000110567621085125,0.000106650393386464,0.000126493674041376,110635.047592121,106718.696077788,126497.292269859,0.000110635047591962,0.000106718696077731,0.000126497292269968,3254.38619087933,3187.22329180077,3664.6259339666,7.54130821317953e-06,4.56348562004558e-06,6.38535489627258e-06
0.157,11193.0663954855,10438.1519405506,11811.3328503064,14317.762714951,29868.1685455996,21645.6626473175,11193.0663954855,10438.1519405506,11811.3328503064,14317.7627066827,29868.1685397155,21645.6626413267,11192.0084173247,10436.4681153344,11810.2351005968,14109.4575233725,29793.3179648682,21450.2319939625,103183.686716165,106336.430297953,122467.412276217,2286.50881680204,2759.51742016685,1145.39222843046,103183.61940946,106336.358874614,122467.332243691,2286.50881680204,2759.51742016685,1145.39222843046,103183.61940946,106336.358874614,122467.332243691,27398.6251123973,37621.6986576193,13074.51964943,103183.61940946,106336.358874614,122467.332243691,0.0314075448015349,0.0255383966650317,0.0201807166603806,103183.560626886,106336.302742422,122467.253772481,27398.6251123973,37621.6986576193,13074.51964943,103318.989619552,106424.809865343,122483.004516628,27398.6292453985,37621.6898417215,13074.5081558516,3077.97525784023,3182.5315116037,3560.64905241179,1263.34279818799,1080.55498776283,1332.56439056531,103319.053163093,106424.892077362,122482.929407602,27398.6292477962,37621.6898440491,13074.508148816,0,0,0,1.50417314528586e-10,0,0,11193.0663954855,10438.1519405506,11811.3328503064,1.11930616545535e-05,1.04381453965749e-05,1.18113322070669e-05,11192.0084173247,10436.4681153344,11810.2351005968,1.11920102230157e-05,1.04364677328424e-05,1.18102347099218e-05,103183.686716165,106336.430297953,122467.412276217,0.000103183686735174,0.000106336430328576,0.000122467412298681,103183.61940946,106336.358874614,122467.332243691,29562.9532669324,40254.9411666731,13798.252870972,103222.371545139,106353.249445278,122468.15548232,0.000103222371545397,0.000106353249445306,0.000122468155482466,103319.053163093,106424.892077362,122482.929407602,0.000103319053162916,0.000106424892077255,0.000122482929407696,3077.97525784023,3182.5315116037,3560.64905241179,7.37739667621459e-06,4.31218181639024e-06,6.38647475743344e-06
0.158,10603.7479745853,10396.736872401,11519.4682659184,18463.2418969435,34569.9043129424,22232.8926070201,10603.7479745853,10396.736872401,11519.4682659184,18463.2418901403,34569.9043075443,22232.8926016316,10602.5630044699,10394.9419975643,11518.4284183915,18318.0692344818,34511.31669214,22047.5092027203,97601.3470932268,106212.041729835,116216.271704508,2798.76957519822,3034.46410602942,1173.74705887618,97601.2826945938,106211.970190873,116216.195963027,2798.76957519822,3034.46410602942,1173.74705887618,97601.2826945938,106211.970190873,116216.195963027,36106.177087606,43411.73592279,13202.9900488373,97601.2826945938,106211.970190873,116216.195963027,0.0326595942692806,0.0259402953058102,0.0246417620615788,97601.2338114815,106211.918930908,116216.121909645,36106.177087606,43411.73592279,13202.9900488373,97771.7339131077,106303.765254802,116256.949954271,36106.1774696911,43411.7190639531,13202.982111094,2948.81457466458,3178.78571990013,3403.16877945882,1180.17597651479,1067.53096886764,1303.35965770883,97771.8706117334,106303.859566239,116256.882634013,36106.1774733946,43411.7190662648,13202.9821051669,0,0,0,1.82835319716752e-10,0,0,10603.7479745853,10396.736872401,11519.4682659184,1.06037431239151e-05,1.03967302860282e-05,1.15194674428099e-05,10602.5630044699,10394.9419975643,11518.4284183915,1.06025649040436e-05,1.0394941739359e-05,1.15184280356892e-05,97601.3470932268,106212.041729835,116216.271704508,9.76013471115239e-05,0.000106212041760568,0.000116216271725373,97601.2826945938,106211.970190873,116216.195963027,38809.5061306166,46324.5669011327,13975.6802243955,97648.9505221247,106230.373907819,116224.900087019,9.76489505222311e-05,0.000106230373907851,0.00011622490008715,97771.8706117334,106303.859566239,116256.882634013,9.77718706115247e-05,0.000106303859566115,0.000116256882634095,2948.81457466458,3178.78571990013,3403.16877945882,7.33780838702819e-06,4.08148599300299e-06,6.35833362390639e-06
0.159,10123.0877067851,10398.5142675122,11027.9990204474,23330.1972411662,38629.4194640435,22258.9272924571,10123.0877067851,10398.5142675122,11027.9990204474,23330.1972353332,38629.4194591184,22258.9272876118,10121.7429112873,10396.6848276003,11027.0212538877,23225.872074385,38585.5855100712,22084.1756587371,94596.9550189944,104716.92811515,108442.174253678,3299.94353440656,3226.8832684654,1312.71056517507,94596.8917032301,104716.857545297,108442.10362368,3299.94353440656,3226.8832684654,1312.71056517507,94596.8917032301,104716.857545297,108442.10362368,44921.5592716398,47946.3895732679,14657.7852447226,94596.8917032301,104716.857545297,108442.10362368,0.0330146466173031,0.0273828627903853,0.0284473750511162,94596.8530073556,104716.811962151,108442.03525939,44921.5592716398,47946.3895732679,14657.7852447226,94791.1996576743,104816.274472021,108514.949907599,44921.560553227,47946.3907388155,14657.7629856158,2882.81253968729,3139.00603769106,3212.20191663475,1107.08565029974,1070.41003762453,1249.38055253686,94791.4073347889,104816.369758101,108514.902262237,44921.5605576116,47946.3907409011,14657.7629820892,0,0,0,2.14332745381373e-10,0,0,10123.0877067851,10398.5142675122,11027.9990204474,1.01230825995227e-05,1.03985076563496e-05,1.10279979760462e-05,10121.7429112873,10396.6848276003,11027.0212538877,1.01217449105385e-05,1.03966845837864e-05,1.10270209204807e-05,94596.9550189944,104716.92811515,108442.174253678,9.45969550371145e-05,0.000104716928145637,0.000108442174272962,94596.8917032301,104716.857545297,108442.10362368,48138.6964750818,51053.7018806493,15640.2301292933,94650.3142095909,104738.540740424,108459.9638027,9.46503142095238e-05,0.000104738540740466,0.000108459963802818,94791.4073347889,104816.369758101,108514.902262237,9.47914073345417e-05,0.000104816369757983,0.000108514902262313,2882.81253968729,3139.00603769106,3212.20191663475,7.33949431302657e-06,3.91537288032201e-06,6.23731808861252e-06
0.16,9831.01233938741,10317.2918532587,10377.539633368,28416.0928828033,41846.2541761156,22071.8329911987,9831.01233938741,10317.2918532587,10377.539633368,28416.0928776192,41846.2541716913,22071.8329868145,9829.51335860901,10315.4978198086,10376.6074348214,28337.654457264,41818.2484029502,21908.0334659236,93803.4254289368,100726.161880025,100447.870542557,3756.00851426448,3338.74505687297,1578.41865454146,93803.3618346593,100726.094008469,100447.80490356,3756.00851426448,3338.74505687297,1578.41865454146,93803.3618346593,100726.094008469,100447.80490356,53327.0558555408,51113.8521258598,18337.9346829203,93803.3618346593,100726.094008469,100447.80490356,0.032947215184645,0.029888116038144,0.0312096813632642,93803.3330504818,100726.055563195,100447.743135375,53327.0558555408,51113.8521258598,18337.9346829203,94009.6535258197,100841.590481588,100555.907514005,53327.0518073232,51113.8349882693,18337.9432849377,2867.75405426115,3037.84716662035,3021.49132053861,1058.83108935466,1073.21506591239,1173.11118691548,94009.9161094403,100841.681340067,100555.894203753,53327.0518119551,51113.8349900645,18337.9432842088,0,0,0,2.42753746303317e-10,0,0,9831.01233938741,10317.2918532587,10377.539633368,9.83100691368278e-06,1.03172852849298e-05,1.03775383607887e-05,9829.51335860901,10315.4978198086,10376.6074348214,9.82951544535313e-06,1.03154975202331e-05,1.03766072043915e-05,93803.4254289368,100726.161880025,100447.870542557,9.38034254472036e-05,0.000100726161909563,0.000100447870560647,93803.3618346593,100726.094008469,100447.80490356,57004.8905357979,54334.4644758435,19675.616742855,93859.8025928642,100753.539420883,100474.801612021,9.38598025926875e-05,0.000100753539420939,0.000100474801612133,94009.9161094403,100841.681340067,100555.894203753,9.40099161091578e-05,0.000100841681339965,0.000100555894203834,2867.75405426115,3037.84716662035,3021.49132053861,7.28143879515738e-06,3.83280315367021e-06,5.98903749350448e-06
0.161,9726.4538625308,10048.5906696704,9665.43685541046,33281.2153092168,44142.1460317595,22106.1150176284,9726.4538625308,10048.5906696704,9665.43685541046,33281.2153045353,44142.1460278647,22106.1150136047,9724.85139474804,10046.8803142618,9664.51697929649,33221.0063169699,44132.0184211769,21952.567548105,93800.8042211123,93800.2386826056,93798.9030712472,4141.18310482987,3384.60148774585,1931.55511552438,93800.7400639158,93800.1754005019,93798.8412631371,4141.18310482987,3384.60148774585,1931.55511552438,93800.7400639158,93800.1754005019,93798.8412631371,60868.1123364832,52995.1782151273,23912.1873778489,93800.7400639158,93800.1754005019,93798.8412631371,0.0330864695159117,0.0329791329158432,0.0327960254855761,93800.7210684536,93800.1460041909,93798.7865095552,60868.1123364832,52995.1782151273,23912.1873778489,94012.9516819143,93942.8934047099,93939.2861975268,60868.1085936513,52995.1699545543,23912.1736466649,2868.41587927096,2868.1108437374,2868.24456492024,1041.71221536913,1060.84607270126,1084.2041187061,94013.2477828139,93942.9807047314,93939.319992218,60868.1085982279,52995.1699561046,23912.1736479938,0,0,0,2.66503393850531e-10,0,0,9726.4538625308,10048.5906696704,9665.43685541046,9.72644819008426e-06,1.00485842466844e-05,9.66543538698118e-06,9724.85139474804,10046.8803142618,9664.51697929649,9.72485353793458e-06,1.00468799477383e-05,9.66451690515129e-06,93800.8042211123,93800.2386826056,93798.9030712472,9.38008042394933e-05,9.38002387103487e-05,9.37989030888035e-05,93800.7400639158,93800.1754005019,93798.8412631371,64931.6635331759,56263.2174560481,25668.2916713989,93859.3865522902,93836.0702521937,93833.3934434412,9.38593865521208e-05,9.38360702522596e-05,9.38333934435554e-05,94013.2477828139,93942.9807047314,93939.319992218,9.40132477825075e-05,9.39429807046392e-05,9.39393199923161e-05,2868.41587927096,2868.1108437374,2868.24456492024,7.08184795806665e-06,3.81552567522842e-06,5.61690206699331e-06
0.162,9721.89706331065,9538.83901483174,9023.76265747796,37572.9287144492,45565.8666485478,22709.8365026933,9721.89706331065,9538.83901483174,9023.76265747796,37572.9287102356,45565.8666451827,22709.8364989379,9720.2680750337,9537.23232431872,9022.81810951573,37528.3906337129,45575.2541341984,22564.605318506,92796.8955824848,84275.6017965505,89679.2126089266,4440.2534695031,3388.53763250592,2315.49969798144,92796.8317560971,84275.5446318567,89679.1528083072,4440.2534695031,3388.53763250592,2315.49969798144,92796.8317560971,84275.5446318567,89679.1528083072,67203.6396773268,53850.4839332284,30492.6376706668,92796.8317560971,84275.5446318567,89679.1528083072,0.0339841457333419,0.0359969026443717,0.0333587524452863,92796.8233812892,84275.5263493245,89679.1049604283,67203.6396773268,53850.4839332284,30492.6376706668,93017.3612675304,84458.7910753981,89843.0578259259,67203.6346610373,53850.4753849219,30492.6255007833,2842.5987277263,2642.78744132886,2777.31047022633,1049.53126948634,1023.79011536107,998.03807356062,93017.6736546307,84458.8815747916,89843.1432346556,67203.6346653646,53850.4753863441,30492.6255033013,0,0,0,2.84688430238716e-10,0,0,9721.89706331065,9538.83901483174,9023.76265747796,9.72189132503575e-06,9.53883284970119e-06,9.02376106415919e-06,9720.2680750337,9537.23232431872,9022.81810951573,9.72027023484878e-06,9.53723193823335e-06,9.02281822464219e-06,92796.8955824848,84275.6017965505,89679.2126089266,9.27968956006094e-05,8.42756018217319e-05,8.9679212626603e-05,92796.8317560971,84275.5446318567,89679.1528083072,71565.1712961329,57124.280226592,32669.4925517556,92859.1301464942,84322.6477310853,89718.6567549791,9.28591301464523e-05,8.43226477311527e-05,8.97186567551004e-05,93017.6736546307,84458.8815747916,89843.1432346556,9.30176736543152e-05,8.4458881574687e-05,8.98431432347773e-05,2842.5987277263,2642.78744132886,2777.31047022633,6.69981005652369e-06,3.81589534772888e-06,5.16319872532861e-06
0.163,9682.95927673852,8798.38483570362,8573.56391693875,41049.2319489121,46277.5979311726,23959.2576420456,9682.95927673852,8798.38483570362,8573.56391693875,41049.2319451851,46277.5979282946,23959.2576385029,9681.37883927749,8796.87207161527,8572.57465412552,41020.811203959,46306.6376202452,23819.6589094815,89289.5276577958,73275.0715193991,88174.9677407571,4649.9907593976,3377.96779048313,2680.55634270296,89289.4659357642,73275.0211198714,88174.9082790657,4649.9907593976,3377.96779048313,2680.55634270296,89289.4659357642,73275.0211198714,88174.9082790657,72142.7778802503,54067.2558511581,37247.3340494316,89289.4659357642,73275.0211198714,88174.9082790657,0.0358225595536286,0.0383919829604268,0.0333380706431028,89289.4704297635,73275.0157696401,88174.8668667648,72142.7778802503,54067.2558511581,37247.3340494316,89528.5292701296,73511.6947129428,88350.2610497263,72142.7705548037,54067.2443240702,37247.337674441,2756.25205436799,2394.07908882616,2746.87594995549,1066.87506503804,960.148027968807,931.673926138961,89528.8500798917,73511.8011739338,88350.3894640372,72142.7705587887,54067.2443255205,37247.3376774888,0,0,0,2.9719465279884e-10,0,0,9682.95927673852,8798.38483570362,8573.56391693875,9.682953693682e-06,8.79837902179438e-06,8.57356229147907e-06,9681.37883927749,8796.87207161527,8572.57465412552,9.6813809783507e-06,8.79687176065937e-06,8.57257494893113e-06,89289.5276577958,73275.0715193991,88174.9677407571,8.92895276750711e-05,7.32750715415616e-05,8.81749677588592e-05,89289.4659357642,73275.0211198714,88174.9082790657,76712.7422715948,57332.5840622534,39807.166299054,89358.7036737073,73335.4158887639,88216.5703273322,8.935870367388e-05,7.33354158888202e-05,8.82165703274605e-05,89528.8500798917,73511.8011739338,88350.3894640372,8.95288500795803e-05,7.35118011737815e-05,8.8350389464179e-05,2756.25205436799,2394.07908882616,2746.87594995549,6.14380804909473e-06,3.77820663592832e-06,4.70339921839111e-06
0.164,9481.30969504012,7904.96154490514,8362.72732280026,43598.3299427334,46508.1747369114,25628.0534248148,9481.30969504012,7904.96154490514,8362.72732280026,43598.3299395207,46508.1747344359,25628.0534214776,9479.83203113033,7903.50622805542,8361.70556539089,43587.7499296459,46554.9071168657,25491.7647594987,82404.8799262032,62649.9144392164,88100.9056190113,4778.82203691865,3375.19165864726,2990.50109482533,82404.8224869451,62649.8701476195,88100.8457797436,4778.82203691865,3375.19165864726,2990.50109482533,82404.8224869451,62649.8701476195,88100.8457797436,75662.28404521,54067.540613999,43521.0981731627,82404.8224869451,62649.8701476195,88100.8457797436,0.0383173375921238,0.0398768639387197,0.0333721724459352,82404.8437782101,62649.8785481764,88100.8104829436,75662.28404521,54067.540613999,43521.0981731627,82679.599837735,62949.4544578579,88280.6229231077,75662.277944078,54067.5290505347,43521.0764536991,2592.02132454297,2168.13185838026,2747.36077530589,1076.78743607275,876.099066641849,896.402294665366,82679.9321312073,62949.592453682,88280.7781887165,75662.2779477132,54067.5290521441,43521.0764568508,0,0,0,3.04648423265948e-10,0,0,9481.30969504012,7904.96154490514,8362.72732280026,9.48130446581944e-06,7.90495612832686e-06,8.36272573962875e-06,9479.83203113033,7903.50622805542,8361.70556539089,9.4798341196063e-06,7.90350611539334e-06,8.36170598151281e-06,82404.8799262032,62649.9144392164,88100.9056190113,8.24048799419605e-05,6.26499144584184e-05,8.81009056373508e-05,82404.8224869451,62649.8701476195,88100.8457797436,80360.2409218146,57332.6704428717,46398.0554739347,82485.789727375,62724.4524606635,88143.7720422248,8.24857897278032e-05,6.2724452460693e-05,8.81437720423549e-05,82679.9321312073,62949.592453682,88280.7781887165,8.26799321309101e-05,6.2949592453439e-05,8.82807781888677e-05,2592.02132454297,2168.13185838026,2747.36077530589,5.4734312785398e-06,3.65823373157096e-06,4.32831177971552e-06
0.165,9032.23733162726,6999.18428792736,8328.93027160294,45243.9265761597,46497.8250302146,27338.2980873205,9032.23733162726,6999.18428792736,8328.93027160294,45243.9265734684,46497.8250280299,27338.2980842224,9030.88889315131,6997.73420866495,8327.91449436264,45252.7906575899,46558.2978723953,27204.3267677529,71976.1247215183,54637.8103688645,87590.7297868563,4844.25746822924,3390.1521451859,3224.15076557475,71976.0736251214,54637.7701802974,87590.6701161426,4844.25746822924,3390.1521451859,3224.15076557475,71976.0736251214,54637.7701802974,87590.6701161426,77899.3899103101,54188.9912603549,48841.3657345012,71976.0736251214,54637.7701802974,87590.6701161426,0.040914874634211,0.0404778171950273,0.0340605482675039,71976.1179021681,54637.7907064591,87590.6413971942,77899.3899103101,54188.9912603549,48841.3657345012,72312.2942105412,54995.3142790801,87776.2291129248,77899.3823712064,54188.9821134138,48841.3621056183,2352.60470513607,2010.5168531363,2735.16888535469,1067.03174908692,785.391289583348,890.34684174816,72312.6540850511,54995.4942198392,87776.3954143846,77899.3823745512,54188.9821152427,48841.3621086095,0,0,0,3.08232929799481e-10,0,0,9032.23733162726,6999.18428792736,8328.93027160294,9.03223259338274e-06,6.99917924837499e-06,8.32892874695734e-06,9030.88889315131,6997.73420866495,8327.91449436264,9.03089090915454e-06,6.99773441380925e-06,8.32791494965225e-06,71976.1247215183,54637.8103688645,87590.7297868563,7.19761247351596e-05,5.46378103857887e-05,8.75907298048573e-05,71976.0736251214,54637.7701802974,87590.6701161426,82662.6501214558,57472.120577966,51953.5502201727,72075.4951775564,54723.9645923197,87636.2032820889,7.2075495178233e-05,5.47239645923104e-05,8.76362032822125e-05,72312.6540850511,54995.4942198392,87776.3954143846,7.23126540847724e-05,5.49954942194777e-05,8.77763954145319e-05,2352.60470513607,2010.5168531363,2735.16888535469,4.79605400793516e-06,3.43418289850332e-06,4.10616365250345e-06
0.166,8312.93035225513,6259.99293306271,8326.14209218161,46128.5487035236,46432.2988405586,28744.2462881941,8312.93035225513,6259.99293306271,8326.14209218161,46128.5487013239,46432.2988385512,28744.2462853909,8311.70953504394,6258.50543297588,8325.17557080865,46157.2828171226,46501.4279729104,28613.1163768892,58493.9131121095,50724.315630045,84877.0608223609,4868.22767178575,3418.80033431942,3375.71908867714,58493.8697470472,50724.277026046,84877.0029463709,4868.22767178575,3418.80033431942,3375.71908867714,58493.8697470472,50724.277026046,84877.0029463709,79117.0165390867,54584.8361420509,52927.4559325668,58493.8697470472,50724.277026046,84877.0029463709,0.0430835558105735,0.0405123275933958,0.0356581216879307,58493.9472869016,50724.3047973515,84876.9824346689,79117.0165390867,54584.8361420509,52927.4559325668,58932.9234144589,51112.9739227833,85078.1832826596,79117.0091740574,54584.8244180149,52927.4456847096,2061.75552601447,1940.70884225544,2669.88062375303,1033.07497142095,706.922153268415,898.460307400324,58933.3461067162,51113.188958324,85078.3507778912,79117.0091772101,54584.8244200313,52927.4456874047,0,0,0,3.09373991900765e-10,0,0,8312.93035225513,6259.99293306271,8326.14209218161,8.31292615676742e-06,6.25998818711674e-06,8.32614058096865e-06,8311.70953504394,6258.50543297588,8325.17557080865,8.3117114639204e-06,6.25850601419143e-06,8.32517599751666e-06,58493.9131121095,50724.315630045,84877.0608223609,5.84939131232516e-05,5.07243156458078e-05,8.4877060839258e-05,58493.8697470472,50724.277026046,84877.0029463709,83904.8866179266,57899.2926026685,56190.185003534,58622.3860167084,50815.2636047442,84928.4096220225,5.86223860175825e-05,5.08152636047005e-05,8.49284096221314e-05,58933.3461067162,51113.188958324,85078.3507778912,5.89333461064504e-05,5.1113188957864e-05,8.50783507780235e-05,2061.75552601447,1940.70884225544,2669.88062375303,4.24873806193706e-06,3.11106918743001e-06,4.03674006050467e-06
0.167,7369.51487997421,5832.27278522188,8190.26274002337,46472.7533556107,46403.4764444453,29643.5503536063,7369.51487997421,5832.27278522188,8190.26274002337,46472.7533538339,46403.4764425244,29643.5503511539,7368.3942233619,5830.74594785139,8189.37641572378,46519.9728782834,46476.3800422501,29516.8314567173,43003.852349869,50094.3964760369,78742.8013960373,4871.41689523548,3448.43301482973,3453.72957113047,43003.8167199211,50094.3578849615,78742.7475953224,4871.41689523548,3448.43301482973,3453.72957113047,43003.8167199211,50094.3578849615,78742.7475953224,79643.2053875573,55199.2206250423,55700.1686909865,43003.8167199211,50094.3578849615,78742.7475953224,0.0445076283535029,0.0404825469672815,0.0379507936508529,43003.9476260548,50094.3880094289,78742.7382580798,79643.2053875573,55199.2206250423,55700.1686909865,43625.1944918515,50487.4725633406,78977.0853785508,79643.1981681846,55199.2056821642,55700.1533146949,1764.07438139074,1933.50122271108,2525.58711773974,978.797748538057,657.687351657886,900.500063408291,43625.7528880222,50487.7031060117,78977.2536652287,79643.1981712475,55199.2056842757,55700.1533170838,0,0,0,3.09372103474732e-10,0,0,7369.51487997421,5832.27278522188,8190.26274002337,7.36951117538347e-06,5.83226821955784e-06,8.19026116531613e-06,7368.3942233619,5830.74594785139,8189.37641572378,7.36839605686282e-06,5.83074683598119e-06,8.18937678271614e-06,43003.852349869,50094.3964760369,78742.8013960373,4.30038523585191e-05,5.0094396491592e-05,7.87428014110536e-05,43003.8167199211,50094.3578849615,78742.7475953224,84435.6604722644,58544.1489658525,59038.9481921814,43182.261371928,50185.1851079654,78804.8987907755,4.31822613729093e-05,5.01851851079079e-05,7.88048987908635e-05,43625.7528880222,50487.7031060117,78977.2536652287,4.36257528877479e-05,5.04877031055103e-05,7.89772536653402e-05,1764.07438139074,1933.50122271108,2525.58711773974,3.94079569856568e-06,2.72209982650442e-06,4.04135289402607e-06
0.168,6319.69744548,5717.46343990019,7792.30343340287,46516.2561905127,46414.6376829892,30014.279301322,6319.69744548,5717.46343990019,7792.30343340287,46516.2561890602,46414.6376811002,30014.2792992572,6318.62809065241,5715.93149340512,7791.50945206124,46578.688145144,46487.8718024144,29893.8620487998,26989.2530211009,49829.3606531612,68617.799619006,4868.52645170142,3466.68796268387,3477.80871219416,26989.2221803451,49829.3223066789,68617.7523524795,4868.52645170142,3466.68796268387,3477.80871219416,26989.2221803451,49829.3223066789,68617.7523524795,79795.3946745603,55838.0022048122,57277.6497054718,26989.2221803451,49829.3223066789,68617.7523524795,0.0451552137269015,0.0408804080673313,0.0404330267976493,26989.45763597,49829.354595914,68617.7589136334,79795.3946745603,55838.0022048122,57277.6497054718,27988.2704215697,50228.5688950419,68913.5786105305,79795.3869723939,55837.9935631519,57277.6434038193,1519.95550318914,1930.57224875289,2295.843806635,915.680428564295,641.11956239851,879.337679271615,27989.138497932,50228.8024412682,68913.7574227832,79795.386975443,55837.9935652557,57277.6434059735,0,0,0,3.09110356986924e-10,0,0,6319.69744548,5717.46343990019,7792.30343340287,6.31969406329146e-06,5.71745895169652e-06,7.79230171660389e-06,6318.62809065241,5715.93149340512,7791.50945206124,6.3186298248661e-06,5.71593251045097e-06,7.79150976814459e-06,26989.2530211009,49829.3606531612,68617.799619006,2.69892530280178e-05,4.98293606687185e-05,6.86177996314965e-05,26989.2221803451,49829.3223066789,68617.7523524795,84586.8567490013,59198.9851766807,60638.5502436619,27270.9329705225,49922.67568597,68697.9053182117,2.72709329714824e-05,4.99226756859204e-05,6.86979053182742e-05,27989.138497932,50228.8024412682,68913.7574227832,2.79891384975909e-05,5.0228802440767e-05,6.89137574228733e-05,1519.95550318914,1930.57224875289,2295.843806635,3.86454255679984e-06,2.32827605390387e-06,4.00337369139137e-06
0.169,5349.23806457126,5743.33732806022,7061.65712399797,46456.8597382564,46426.9207424647,30001.9053197161,5349.23806457126,5743.33732806022,7061.65712399797,46456.8597370185,46426.9207405887,30001.905318042,5348.1627902967,5741.82242197407,7060.94735157359,46529.8990287413,46499.1056302217,29889.2744245726,12284.1261767143,46557.0779217457,54423.2334711211,4866.4374674828,3469.33476603541,3473.14739594977,12284.08657213,46557.0418371226,54423.1949303175,4866.4374674828,3469.33476603541,3473.14739594977,12284.08657213,46557.0418371226,54423.1949303175,79811.2452579812,56296.6889112614,57944.5190504458,12284.08657213,46557.0418371226,54423.1949303175,0.0452534269456977,0.041967958861974,0.0425943198410596,12284.6322377942,46557.0825237486,54423.2257445953,79811.2452579812,56296.6889112614,57944.5190504458,14347.5161036581,47002.4224159092,54832.2631140839,79811.2374742833,56296.6738617636,57944.5059991074,1382.17289770786,1868.60224219483,1995.26043812261,859.857359347026,641.440471392229,825.140440231171,14349.2202192875,47002.6675725696,54832.4797944516,79811.2374773512,56296.6738638134,57944.5060011607,0,0,0,3.08962338403469e-10,0,0,5349.23806457126,5743.33732806022,7061.65712399797,5.34923473598375e-06,5.7433328522247e-06,7.06165519695166e-06,5348.1627902967,5741.82242197407,7060.94735157359,5.34816441907716e-06,5.74182341321136e-06,7.06094766334667e-06,12284.1261767143,46557.0779217457,54423.2334711211,1.22841261851291e-05,4.65570779366283e-05,5.44232334807033e-05,12284.08657213,46557.0418371226,54423.1949303175,84602.2950677481,59654.9089182172,61299.4956905823,12877.4575429098,46664.913983407,54534.3094921507,1.28774575436453e-05,4.66649139833776e-05,5.45343094921868e-05,14349.2202192875,47002.6675725696,54832.4797944516,1.43492202186988e-05,4.70026675720597e-05,5.48324797945283e-05,1382.17289770786,1868.60224219483,1995.26043812261,3.875210263472e-06,2.01070868524937e-06,3.81468737966913e-06
0.17,4673.68034376536,5663.09093044077,5988.01091618874,46409.4039020921,46420.9775183377,29866.7315536794,4673.68034376536,5663.09093044077,5988.01091618874,46409.4039009707,46420.9775164796,29866.7315523581,4672.56654875206,5661.56941678235,5987.35363327124,46488.178322358,46492.6674375652,29762.3403825479,1142.41002807112,36710.402133914,35943.6360661255,4866.00980114203,3463.8408780806,3463.35679906708,1142.05322020722,36710.3718964395,35943.6076755166,4866.00980114203,3463.8408780806,3463.35679906708,1142.05322020722,36710.3718964395,35943.6076755166,79813.0198265262,56483.174346183,58085.5807741541,1142.05322020722,36710.3718964395,35943.6076755166,0.0451941037992469,0.0436704973383226,0.0441087838528222,1147.976591871,36710.4395931706,35943.6847477971,79813.0198265262,56483.174346183,58085.5807741541,7472.10587250328,37319.7977992932,36607.3156176385,79813.0119139043,56483.1619024894,58085.5694286818,1350.01889957384,1695.46120016797,1660.25932692026,825.69017856931,631.973647289806,736.446947410236,7475.39299640098,37320.1063211694,36607.6481090103,79813.0119169866,56483.1619045308,58085.5694307802,0,0,0,3.08935341302689e-10,0,0,4673.68034376536,5663.09093044077,5988.01091618874,4.67367681315398e-06,5.66308645749622e-06,5.98800870872492e-06,4672.56654875206,5661.56941678235,5987.35363327124,4.67256805612008e-06,5.66157035240593e-06,5.98735403015067e-06,1142.41002807112,36710.402133914,35943.6360661255,1.14241010721271e-06,3.67104021466546e-05,3.59436360728725e-05,1142.05322020722,36710.3718964395,35943.6076755166,84603.9953008886,59828.2822848475,61430.844233767,3988.54668270276,36864.6648420288,36121.9649873371,3.98854668249133e-06,3.68646648420222e-05,3.61219649873505e-05,7475.39299640098,37320.1063211694,36607.6481090103,7.47539299529767e-06,3.73201063205473e-05,3.66076481091005e-05,1350.01889957384,1695.46120016797,1660.25932692026,3.77505622111819e-06,1.83709061957435e-06,3.39401289631078e-06
0.171,4407.68453508296,5251.56955515851,4609.03783966165,46402.0181754405,46443.1818103204,29894.4185941142,4407.68453508296,5251.56955515851,4609.03783966165,46402.0181743663,46443.1818084927,29894.4185930704,4406.55332537011,5249.95491290857,4608.36307815398,46482.5797935192,46516.1535235508,29797.2936720848,846.604875910273,598.650992837272,614.670435894217,4866.40455856229,3467.83225609028,3463.77585489122,846.125347655244,598.316171397871,614.335041684599,4866.40455856229,3467.83225609028,3463.77585489122,846.125347655244,598.316171397871,614.335041684599,79823.0605425739,56490.285927748,58086.1119345688,846.125347655244,598.316171397871,614.335041684599,0.0453880137203597,0.0456587773621749,0.0448973214107984,854.107198166647,603.964476312547,620.143034289264,79823.0605425739,56490.285927748,58086.1119345688,7436.7352386866,7111.88850994863,7135.27487595137,79823.0526157024,56490.2738261853,58086.1002393465,1354.65075326889,1365.1741142553,1349.4926159859,817.146737532775,585.791190319299,620.112691043417,7440.03894191586,7113.6110964748,7137.10356995565,79823.0526187852,56490.2738283571,58086.1002415961,0,0,0,3.08963558831686e-10,0,0,4407.68453508296,5251.56955515851,4609.03783966165,4.4076807594409e-06,5.25156511714039e-06,4.60903522070213e-06,4406.55332537011,5249.95491290857,4608.36307815398,4.4065547087e-06,5.24995591409119e-06,4.60836372429763e-06,846.604875910273,598.650992837272,614.670435894217,8.46604981339664e-07,5.98651143330307e-07,6.14670541315348e-07,846.125347655244,598.316171397871,614.335041684599,84612.5152704024,59831.6149492965,61433.4813907537,3918.00795548734,3663.63516394844,3681.22152180279,3.91800795544447e-06,3.66363516402001e-06,3.68122152179011e-06,7440.03894191586,7113.6110964748,7137.10356995565,7.44003894080729e-06,7.11361109303753e-06,7.137103570444e-06,1354.65075326889,1365.1741142553,1349.4926159859,3.37932198838911e-06,1.80049060122976e-06,2.67156509250658e-06
0.172,4431.84335530697,5056.54481934999,4284.74666517287,46390.4727451979,46487.1310037292,29897.309453894,4431.84335530697,5056.54481934999,4284.74666517287,46390.4727441318,46487.1310019442,29897.3094530421,4430.72709630072,5054.90558138797,4284.15467364983,46471.8756620072,46559.9316798507,29801.2076966538,846.566269798266,598.256587401944,615.086971277753,4868.26527611067,3472.05784558813,3461.31509562929,846.086959160868,597.921860663633,614.751572849983,4868.26527611067,3472.05784558813,3461.31509562929,846.086959160868,597.921860663633,614.751572849983,79821.6445912619,56452.1263576728,58127.5682260968,846.086959160868,597.921860663633,614.751572849983,0.0454036220588579,0.0451628239757866,0.0446741903107288,854.068643870088,603.566317843481,620.563726325171,79821.6445912619,56452.1263576728,58127.5682260968,7432.80217722302,7105.3813167999,7140.33725220704,79821.6366033694,56452.1188839691,58127.5603916479,1355.01505262407,1350.05558755192,1342.81119473778,813.873142377328,585.078080782468,611.55733752058,7436.09650004966,7107.08632775784,7142.18027202168,79821.6366064419,56452.1188861183,58127.560393915,0,0,0,3.09094484175462e-10,0,0,4431.84335530697,5056.54481934999,4284.74666517287,4.43183956864914e-06,5.05654043281179e-06,4.28474394688578e-06,4430.72709630072,5054.90558138797,4284.15467364983,4.43072845318709e-06,5.05490661306991e-06,4.28415543487782e-06,846.566269798266,598.256587401944,615.086971277753,8.46566375144081e-07,5.98256737877981e-07,6.15087076619669e-07,846.086959160868,597.921860663633,614.751572849983,84608.6764161625,59792.1838849387,61475.1345006199,3915.62102914426,3659.55772695742,3684.4352248069,3.91562102909639e-06,3.65955772702843e-06,3.68443522479263e-06,7436.09650004966,7107.08632775784,7142.18027202168,7.43609649894755e-06,7.10708632434936e-06,7.1421802725133e-06,1355.01505262407,1350.05558755192,1342.81119473778,3.35671273083519e-06,1.8029359879803e-06,2.64035703412087e-06
0.173,4474.24417548251,4825.2034191728,4053.81357287212,46386.8540183027,46524.4516116657,29815.0441876727,4474.24417548251,4825.2034191728,4053.81357287212,46386.8540172297,46524.4516099758,29815.0441870648,4473.13145522106,4823.57596442495,4053.36909938272,46468.9089672391,46597.0561545866,29720.6396841769,846.200187795439,597.364058875335,615.741340177972,4871.7626627066,3471.0056748366,3455.32528041736,845.72107646318,597.02968864364,615.406397979702,4871.7626627066,3471.0056748366,3455.32528041736,845.72107646318,597.02968864364,615.406397979702,79787.3881755734,56366.6350920611,58197.5122037773,845.72107646318,597.02968864364,615.406397979702,0.045299114857783,0.0447061674358014,0.0446309485130017,853.699302315752,602.665581068164,621.225555849938,79787.3881755734,56366.6350920611,58197.5122037773,7424.70253042239,7095.15127244543,7142.66841109963,79787.3799927098,56366.619692019,58197.4989531995,1351.75725389262,1336.0952060337,1341.51946455646,812.299710994829,583.805476976704,604.968951475667,7427.97684264797,7096.83544805969,7144.52228879697,79787.3799957616,56366.6196941421,58197.498955478,0,0,0,3.09327956763188e-10,0,0,4474.24417548251,4825.2034191728,4053.81357287212,4.47424038953983e-06,4.82519913411671e-06,4.05381076451291e-06,4473.13145522106,4823.57596442495,4053.36909938272,4.47313281599615e-06,4.82357700973874e-06,4.05336999748177e-06,846.200187795439,597.364058875335,615.741340177972,8.46200293067137e-07,5.97364209248343e-07,6.15741445282433e-07,845.72107646318,597.02968864364,615.406397979702,84572.0881501374,59702.9666966966,61540.6170030746,3910.59078896628,3652.75870220207,3685.89378459914,3.91059078892492e-06,3.65275870227569e-06,3.68589378458469e-06,7427.97684264797,7096.83544805969,7144.52228879697,7.42797684155985e-06,7.09683544468548e-06,7.144522289291e-06,1351.75725389262,1336.0952060337,1341.51946455646,3.32727112874676e-06,1.80329337146033e-06,2.61412822085209e-06
0.174,4505.77364505193,4578.88710835327,3929.24442062784,46404.2159555281,46513.9152078353,29630.7752333401,4505.77364505193,4578.88710835327,3929.24442062784,46404.2159544381,46513.9152062966,29630.7752329829,4504.65081548621,4577.32614888438,3928.97777269174,46486.5165534245,46586.693803428,29538.3903686745,845.327437466971,595.941393913491,616.483319671445,4875.56239506299,3459.93259227746,3447.66363872443,844.848518359912,595.608149808484,616.149235581697,4875.56239506299,3459.93259227746,3447.66363872443,844.848518359912,595.608149808484,616.149235581697,79702.4118978085,56235.7487781828,58280.408447672,844.848518359912,595.608149808484,616.149235581697,0.0450460161121868,0.0443201374268091,0.0446759579677368,852.818211593254,601.230953325147,621.976680106745,79702.4118978085,56235.7487781828,58280.408447672,7413.70390493189,7092.69645392159,7145.07256797341,79702.4036560658,56235.7358851651,58280.3969882875,1344.02183451157,1324.17336813109,1342.84524678612,811.782937792584,582.023867229034,600.35515005055,7416.9479015547,7094.36034299275,7146.93393668598,79702.4036590882,56235.7358872668,58280.3969905727,0,0,0,3.0956381156485e-10,0,0,4505.77364505193,4578.88710835327,3929.24442062784,4.50576986811266e-06,4.57888297677458e-06,3.92924152764951e-06,4504.65081548621,4577.32614888438,3928.97777269174,4.50465220706264e-06,4.57732717955719e-06,3.9289788108299e-06,845.327437466971,595.941393913491,616.483319671445,8.45327542673946e-07,5.95941543872376e-07,6.16483424427288e-07,844.848518359912,595.608149808484,616.149235581697,84484.832359693,59560.812822413,61614.9007622825,3903.72389977451,3651.5331015827,3687.69759593768,3.90372389973313e-06,3.65153310165643e-06,3.68769759592293e-06,7416.9479015547,7094.36034299275,7146.93393668598,7.41694790048808e-06,7.09436033965136e-06,7.14693393718194e-06,1344.02183451157,1324.17336813109,1342.84524678612,3.29344501438118e-06,1.79887945911323e-06,2.59398887456701e-06
0.175,4508.22270588088,4344.45940701443,3903.04559194357,46443.4497435099,46411.5446910656,29365.4800773144,4508.22270588088,4344.45940701443,3903.04559194357,46443.4497424058,46411.5446897268,29365.4800771752,4507.08501169569,4343.03150415277,3902.94364754226,46525.6122095807,46485.1241261702,29274.8739304434,843.804121302428,594.013606266182,617.173846390973,4876.76935730134,3436.25669550777,3441.35405397225,843.325557695396,593.682631661278,616.840760929668,4876.76935730134,3436.25669550777,3441.35405397225,843.325557695396,593.682631661278,616.840760929668,79553.9721524573,56065.8065442897,58359.7402026031,843.325557695396,593.682631661278,616.840760929668,0.0446657985599633,0.044069945296961,0.0447197833279935,851.280377465158,599.288449910475,622.676119796882,79553.9721524573,56065.8065442897,58359.7402026031,7399.10375093777,7082.39099508526,7144.75159883117,79553.964414502,56065.8046590721,58359.7322517916,1332.44859321624,1316.28877660644,1344.09969066803,811.721752132217,580.287319938371,597.829821147328,7402.30875257813,7084.03175589822,7146.61251039805,79553.9644174877,56065.8046611479,58359.7322540731,0,0,0,3.09604245049369e-10,0,0,4508.22270588088,4344.45940701443,3903.04559194357,4.50821895503793e-06,4.34445547421772e-06,3.90304261805233e-06,4507.08501169569,4343.03150415277,3902.94364754226,4.50708644479179e-06,4.34303248375261e-06,3.90294480703299e-06,843.804121302428,594.013606266182,617.173846390973,8.4380422640546e-07,5.94013755322761e-07,6.17173950774468e-07,843.325557695396,593.682631661278,616.840760929668,84332.5363385016,59368.2610075169,61684.0533101729,3894.42781055857,3644.18250849963,3687.59433500144,3.89442781051059e-06,3.64418250857232e-06,3.68759433498667e-06,7402.30875257813,7084.03175589822,7146.61251039805,7.4023087515399e-06,7.08403175259478e-06,7.14661251089389e-06,1332.44859321624,1316.28877660644,1344.09969066803,3.26183652715236e-06,1.78847533890708e-06,2.58271140815698e-06
0.176,4475.29657224432,4149.81618943627,3949.09317703007,46486.7449664757,46184.7532554231,29070.0574827236,4475.29657224432,4149.81618943627,3949.09317703007,46486.7449653759,46184.7532543161,29070.0574827426,4474.15380635039,4148.58677093272,3949.10996610105,46568.6330804126,46259.7952967619,28980.5107160037,841.534745668143,591.672508471928,617.685697227355,4871.56065148788,3400.52775423359,3438.97181188863,841.057009789771,591.345035241665,617.353440238532,4871.56065148788,3400.52775423359,3438.97181188863,841.057009789771,591.345035241665,617.353440238532,79335.5905285093,55866.9693849876,58419.621976487,841.057009789771,591.345035241665,617.353440238532,0.0442240361908306,0.0439731409750533,0.0446769929154737,848.989972200924,596.930979518082,623.194755068935,79335.5905285093,55866.9693849876,58419.621976487,7383.40520544601,7078.20594887871,7141.45941528021,79335.5813310916,55866.9440310016,58419.6087011382,1319.0017145942,1313.04569050453,1342.71014424654,811.715895755303,579.179409543886,596.968967527495,7386.56470412982,7079.82871914859,7143.3153122677,79335.5813340368,55866.9440330607,58419.6087034102,0,0,0,3.09200221929386e-10,0,0,4475.29657224432,4149.81618943627,3949.09317703007,4.47529287870812e-06,4.14981248383382e-06,3.94909012557373e-06,4474.15380635039,4148.58677093272,3949.10996610105,4.47415526996419e-06,4.14858766155133e-06,3.94911121339611e-06,841.534745668143,591.672508471928,617.685697227355,8.41534850539033e-07,5.91672656077712e-07,6.17685801291066e-07,841.057009789771,591.345035241665,617.353440238532,84105.6816182497,59134.5013699997,61735.3212641825,3884.34262853631,3641.22103096458,3685.7148352429,3.88434262850743e-06,3.64122103103853e-06,3.68571483522748e-06,7386.56470412982,7079.82871914859,7143.3153122677,7.38656470312379e-06,7.07982871587429e-06,7.1433153127621e-06,1319.0017145942,1313.04569050453,1342.71014424654,3.23837198902678e-06,1.77291918363408e-06,2.57998802646997e-06
0.177,4411.58482663159,4017.54673902011,4033.41493358035,46498.9258890926,45824.2959775928,28807.5498787783,4411.58482663159,4017.54673902011,4033.41493358035,46498.9258880273,45824.2959767267,28807.5498788848,4410.46173015082,4016.56169657493,4033.49377282218,46580.7652014171,45901.2394743877,28718.117668075,838.48647912688,589.072317119559,617.901399010689,4856.29087248448,3356.52232202938,3441.20325616329,838.01040170773,588.749317540898,617.569606427351,4856.29087248448,3356.52232202938,3441.20325616329,838.01040170773,588.749317540898,617.569606427351,79047.594955179,55652.1123068912,58446.2795561808,838.01040170773,588.749317540898,617.569606427351,0.0438095588307882,0.0439928075351893,0.044493946411323,845.914556528343,594.313779164647,623.413548143358,79047.594955179,55652.1123068912,58446.2795561808,7367.34752774787,7075.43134778332,7135.68353651453,79047.5874904445,55652.1117512241,58446.268756986,1306.35057505675,1313.41223583111,1337.05432374515,811.646565952645,579.031614018201,596.996405725958,7370.45799762452,7077.04020870481,7137.52815768155,79047.5874933483,55652.1117532726,58446.2687592413,0,0,0,3.08125316737158e-10,0,0,4411.58482663159,4017.54673902011,4033.41493358035,4.41158123412101e-06,4.01754326212821e-06,4.03341181029335e-06,4410.46173015082,4016.56169657493,4033.49377282218,4.41046319237932e-06,4.01656246858975e-06,4.03349507058697e-06,838.48647912688,589.072317119559,617.901399010689,8.38486583537271e-07,5.89072462816623e-07,6.17901502829703e-07,838.01040170773,588.749317540898,617.569606427351,83801.0209103922,58874.9296023342,61756.9379202249,3873.81631350762,3639.14219004564,3682.20265113597,3.87381631345844e-06,3.63914219011829e-06,3.68220265112074e-06,7370.45799762452,7077.04020870481,7137.52815768155,7.37045799665221e-06,7.07704020545273e-06,7.13752815817224e-06,1306.35057505675,1313.41223583111,1337.05432374515,3.22618821029104e-06,1.75485572588267e-06,2.58250313691573e-06
0.178,4330.19051076977,3958.10589702112,4124.89292544289,46436.4365367962,45350.4707765303,28630.0614466658,4330.19051076977,3958.10589702112,4124.89292544289,46436.4365358004,45350.4707758898,28630.0614467957,4329.12237569396,3957.37494810579,4124.9858358837,46518.773043698,45429.318073337,28539.9254614627,834.701743772081,586.415240619902,617.714506218256,4828.71808339904,3310.39409286468,3446.14272581334,834.228435499005,586.09713070143,617.382851947136,4828.71808339904,3310.39409286468,3446.14272581334,834.228435499005,586.09713070143,617.382851947136,78697.0843923407,55435.8805374364,58429.3636980307,834.228435499005,586.09713070143,617.382851947136,0.0435043150580517,0.0440502131147847,0.0441666258425411,842.097539441814,591.63996119271,623.225065224537,78697.0843923407,55435.8805374364,58429.3636980307,7351.42928954255,7072.75798674818,7132.36084058666,78697.0759901857,55435.8673599055,58429.353352216,1296.96963336037,1315.07142746131,1327.00261834473,811.637328225109,579.723475321277,597.084556166529,7354.49009551856,7074.35278091165,7134.18790060478,78697.0759930496,55435.8673619433,58429.3533544494,0,0,0,3.06253538126403e-10,0,0,4330.19051076977,3958.10589702112,4124.89292544289,4.33018706797703e-06,3.9581026186342e-06,4.12488974141809e-06,4329.12237569396,3957.37494810579,4124.9858358837,4.32912379014938e-06,3.95737558960441e-06,4.12498715137777e-06,834.701743772081,586.415240619902,617.714506218256,8.34701847418914e-07,5.8641538417643e-07,6.17714609815926e-07,834.228435499005,586.09713070143,617.382851947136,83422.8244301538,58609.7109023534,61738.2625244933,3863.02194746415,3636.64066117787,3680.39204558926,3.8630219474205e-06,3.63664066125047e-06,3.68039204557264e-06,7354.49009551856,7074.35278091165,7134.18790060478,7.35449009458047e-06,7.07435277768262e-06,7.13418790108991e-06,1296.96963336037,1315.07142746131,1327.00261834473,3.22438483693656e-06,1.73791789977561e-06,2.5850971682674e-06
0.179,4248.99783421257,3966.18484015435,4201.80468159615,46261.0913440087,44811.2591279749,28558.2379276264,4248.99783421257,3966.18484015435,4201.80468159615,46261.0913431124,44811.2591275233,28558.2379277366,4248.02184138331,3965.67759955502,4201.88228395401,46344.6067309608,44891.4823673868,28467.0269738578,830.303985050596,583.918896331109,617.036217837261,4788.96312912581,3269.00082142694,3449.64433062072,829.834635919581,583.605394680298,616.704664343517,4788.96312912581,3269.00082142694,3449.64433062072,829.834635919581,583.605394680298,616.704664343517,78297.2583996803,55232.9947222269,58362.8295411008,829.834635919581,583.605394680298,616.704664343517,0.043352226484041,0.0440529059450579,0.0437437455979323,837.663760296056,589.127917228059,622.540197162617,78297.2583996803,55232.9947222269,58362.8295411008,7338.59761052559,7072.90861749399,7120.87319122843,78297.249283842,55232.9757435098,58362.8208528952,1292.20253660637,1315.24979344551,1314.01987278417,811.906989804157,580.653697751281,596.657082681926,7341.61235995518,7074.5022461794,7122.67904959612,78297.2492866723,55232.9757455536,58362.8208551017,0,0,0,3.03616543192487e-10,0,0,4248.99783421257,3966.18484015435,4201.80468159615,4.24899458282274e-06,3.96618170440085e-06,4.20180145400495e-06,4248.02184138331,3965.67759955502,4201.88228395401,4.24802315858319e-06,3.96567811963868e-06,4.20188359308742e-06,830.303985050596,583.918896331109,617.036217837261,8.30304087616467e-07,5.8391903781608e-07,6.17036321123417e-07,829.834635919581,583.605394680298,616.704664343517,82983.4446373459,58360.5372805751,61670.4438326465,3854.07459748726,3636.59687308375,3672.65956109162,3.85407459744607e-06,3.63659687315633e-06,3.67265956107355e-06,7341.61235995518,7074.5022461794,7122.67904959612,7.34161235904931e-06,7.07450224295262e-06,7.12267905007524e-06,1292.20253660637,1315.24979344551,1314.01987278417,3.22822695327947e-06,1.7254739969093e-06,2.58260607306991e-06
0.18,4185.63637654529,4023.27640433624,4253.82824285686,45954.0546305513,44271.8778579107,28572.3083786472,4185.63637654529,4023.27640433624,4253.82824285686,45954.0546297718,44271.877857598,28572.3083787216,4184.7803892094,4022.93511170114,4253.88091552875,46039.3011304717,44352.4974816488,28480.2437894254,825.492980830801,581.781922603984,615.809232772146,4739.86891604516,3237.83122179706,3446.63355326067,825.028589333922,581.472120219854,615.47819527208,4739.86891604516,3237.83122179706,3446.63355326067,825.028589333922,581.472120219854,615.47819527208,77866.2187417192,55056.9440029892,58245.4767851555,825.028589333922,581.472120219854,615.47819527208,0.0433397017490748,0.0439285305597204,0.0433122186845077,832.814609924921,586.977010346302,621.301979809122,77866.2187417192,55056.9440029892,58245.4767851555,7328.21209155212,7076.29113423837,7115.51694857151,77866.2120126697,55056.9430216821,58245.4587274461,1291.6703517866,1311.73435532878,1300.73506418724,812.568012268188,580.914719684513,595.581362789227,7331.18620826477,7077.88295839893,7117.29947998264,77866.2120154734,55056.9430237311,58245.4587296269,0,0,0,3.00419951252004e-10,0,0,4185.63637654529,4023.27640433624,4253.82824285686,4.18563333783472e-06,4.02327334607428e-06,4.25382499257278e-06,4184.7803892094,4022.93511170114,4253.88091552875,4.18478157091389e-06,4.02293553497021e-06,4.25388220398249e-06,825.492980830801,581.781922603984,615.809232772146,8.25493082060882e-07,5.81782062372227e-07,6.15809335520619e-07,825.028589333922,581.472120219854,615.47819527208,82502.8401459859,58147.2098221566,61547.797018941,3846.43550133758,3638.31045277384,3669.28481827012,3.84643550128455e-06,3.63831045284702e-06,3.66928481825219e-06,7331.18620826477,7077.88295839893,7117.29947998264,7.33118620738718e-06,7.07788295517654e-06,7.11729948045459e-06,1291.6703517866,1311.73435532878,1300.73506418724,3.23086267380697e-06,1.71930856546478e-06,2.57174802691403e-06
0.181,4152.13733190989,4105.17798082894,4280.81894017602,45525.2607936141,43797.8318214318,28619.6391966443,4152.13733190989,4105.17798082894,4280.81894017602,45525.2607929509,43797.8318212047,28619.63919669,4151.41009989551,4104.93842442641,4280.85215804802,45612.4081544736,43877.6691858942,28527.4343338878,820.527020862524,580.151297112257,614.024146928231,4686.56356473122,3219.27163218923,3432.89939949701,820.068136235406,579.843919765547,613.69449543042,4686.56356473122,3219.27163218923,3432.89939949701,820.068136235406,579.843919765547,613.69449543042,77425.2998032545,54918.6715331694,58080.9666509105,820.068136235406,579.843919765547,613.69449543042,0.0433987624373949,0.0436524809723341,0.0429662879125728,827.810058120213,585.334953732687,619.501829165602,77425.2998032545,54918.6715331694,58080.9666509105,7321.85058495438,7080.42056927667,7107.86869839049,77425.2900558884,54918.6530973882,58080.9645407115,1293.35614901179,1303.71766693692,1290.0146397561,813.458326993553,579.614847601254,594.173606009822,7324.79274902476,7082.01779604815,7109.62687330565,77425.2900586754,54918.6530994505,58080.9645428663,0,0,0,2.97007947956248e-10,0,0,4152.13733190989,4105.17798082894,4280.81894017602,4.15213449730362e-06,4.10517494376747e-06,4.28081568728335e-06,4151.41009989551,4104.93842442641,4280.85215804802,4.15141113159004e-06,4.10493878054792e-06,4.28085342072413e-06,820.527020862524,580.151297112257,614.024146928231,8.20527120637085e-07,5.80151435699769e-07,6.14024248808456e-07,820.068136235406,579.843919765547,613.69449543042,82006.7950055571,57984.3897597083,61369.427149011,3841.31917440037,3640.68080593691,3664.19309057808,3.84131917435624e-06,3.64068080601001e-06,3.66419309055812e-06,7324.79274902476,7082.01779604815,7109.62687330565,7.32479274816966e-06,7.08201779281967e-06,7.10962687377147e-06,1293.35614901179,1303.71766693692,1290.0146397561,3.22593566075853e-06,1.71881395015767e-06,2.55240794027345e-06
0.182,4151.35901307198,4189.97238122621,4289.52128508202,45014.5844886648,43436.6300880838,28635.7961963808,4151.35901307198,4189.97238122621,4289.52128508202,45014.5844881002,43436.6300878967,28635.7961964164,4150.74681549193,4189.78112756552,4289.54777641811,45103.2739827148,43514.6617341258,28544.358561203,815.69238490577,579.098856271267,611.735333840246,4635.25725166524,3211.99608479538,3406.71567196948,815.238949180896,578.792628455796,611.408216476304,4635.25725166524,3211.99608479538,3406.71567196948,815.238949180896,578.792628455796,611.408216476304,76997.0112005489,54825.2715690727,57877.6006410454,815.238949180896,578.792628455796,611.408216476304,0.043433676569937,0.0432591352066594,0.0427695489438795,822.938027114188,584.274299502525,617.195221606488,76997.0112005489,54825.2715690727,57877.6006410454,7319.7626251556,7083.113459038,7098.27373206038,76997.0034316259,54825.261535246,57877.5841381631,1294.39749376392,1292.15700474958,1283.81409435459,814.094250273681,576.22434830635,593.005011590178,7322.68344227623,7084.72236974191,7100.00693435757,76997.0034344072,54825.2615373276,57877.5841402919,0,0,0,2.93780449637659e-10,0,0,4151.35901307198,4189.97238122621,4289.52128508202,4.15135634439748e-06,4.18996932888287e-06,4.28951804407592e-06,4150.74681549193,4189.78112756552,4289.54777641811,4.15074771082385e-06,4.18978144226603e-06,4.28954901568296e-06,815.69238490577,579.098856271267,611.735333840246,8.15692483275138e-07,5.79098994240952e-07,6.11735434494697e-07,815.238949180896,578.792628455796,611.408216476304,81523.8764614183,57879.2606092678,61140.7993832453,3838.94865728214,3642.20282410895,3657.45431240881,3.83894865723443e-06,3.64220282418405e-06,3.65745431238988e-06,7322.68344227623,7084.72236974191,7100.00693435757,7.32268344143705e-06,7.08472236649831e-06,7.1000069348182e-06,1294.39749376392,1292.15700474958,1283.81409435459,3.21007087004945e-06,1.7211683639942e-06,2.52781855962223e-06
0.183,4177.07748266887,4262.95816328126,4289.20452170401,44483.3542199404,43205.1779128456,28569.7808606077,4177.07748266887,4262.95816328126,4289.20452170401,44483.3542194447,43205.1779126677,28569.7808606507,4176.54950857728,4262.78050553542,4289.23580777938,44572.7282965692,43280.8545262172,28479.8478268665,811.265755364339,578.61863897187,609.064443141557,4591.5939975733,3211.81740689602,3369.71089310429,810.817103372372,578.312619367886,608.740982465981,4591.5939975733,3211.81740689602,3369.71089310429,810.817103372372,578.312619367886,608.740982465981,76602.8694598198,54779.466673136,57647.3659013508,810.817103372372,578.312619367886,608.740982465981,0.0433598197675049,0.0428308899774533,0.0427266799590026,818.476745766297,583.789698645751,614.50497196793,76602.8694598198,54779.466673136,57647.3659013508,7321.77457475073,7092.5599071901,7095.63162381249,76602.8616402048,54779.4563756131,57647.3515855384,1292.25048820419,1279.46806410738,1282.31457254437,813.783227160929,570.809433857586,592.581978030257,7324.68380831134,7094.17967104545,7097.34748221365,76602.8616429901,54779.4563777133,57647.3515876535,0,0,0,2.91085917053075e-10,0,0,4177.07748266887,4262.95816328126,4289.20452170401,4.17707492342808e-06,4.26295508026316e-06,4.28920129828059e-06,4176.54950857728,4262.78050553542,4289.23580777938,4.17655030287447e-06,4.2627807963713e-06,4.2892370307227e-06,811.265755364339,578.61863897187,609.064443141557,8.11265852544586e-07,5.78618776763513e-07,6.0906454228972e-07,810.817103372372,578.312619367886,608.740982465981,81081.6920059164,57831.259687929,60874.0761380856,3839.14659632036,3648.33629643872,3655.81615248528,3.8391465962721e-06,3.64833629651397e-06,3.65581615246681e-06,7324.68380831134,7094.17967104545,7097.34748221365,7.32468380748213e-06,7.09417966778833e-06,7.09734748267124e-06,1292.25048820419,1279.46806410738,1282.31457254437,3.1842606772741e-06,1.72249751150385e-06,2.50343488829339e-06
0.184,4217.67004319355,4317.70721783333,4287.46805453281,43998.0453722132,43088.3746723872,28403.2317107419,4217.67004319355,4317.70721783333,4287.46805453281,43998.0453717526,43088.3746722038,28403.2317107985,4217.1895610103,4317.52670322266,4287.50817269471,44086.9652274714,43161.7654473485,28315.0812093064,807.475799827669,578.637446960873,606.193543846993,4559.13085632964,3213.60173254785,3326.64381320779,807.030822219869,578.33121757499,605.874507415172,4559.13085632964,3213.60173254785,3326.64381320779,807.030822219869,578.33121757499,605.874507415172,76261.2082555988,54779.2154442481,57404.9600052412,807.030822219869,578.33121757499,605.874507415172,0.0431377935737001,0.0424665533108926,0.042780644970208,814.656275587325,583.808272918314,611.614256517577,76261.2082555988,54779.2154442481,57404.9600052412,7327.09458055179,7094.86315039507,7090.70959911196,76261.1990525357,54779.2048307544,57404.9597077059,1285.71530856545,1268.59368614038,1283.82520700773,811.85791988781,564.058428413033,593.044877063101,7330.00362694313,7096.4974259839,7092.40689712594,76261.1990553353,54779.2048328741,57404.9597098055,0,0,0,2.89127933935323e-10,0,0,4217.67004319355,4317.70721783333,4287.46805453281,4.21766753547118e-06,4.31770410425004e-06,4.28746484536542e-06,4217.1895610103,4317.52670322266,4287.50817269471,4.21719029752407e-06,4.31752697989693e-06,4.28750938793007e-06,807.475799827669,578.637446960873,606.193543846993,8.07475896143703e-07,5.78637584796902e-07,6.06193641369471e-07,807.030822219869,578.33121757499,605.874507415172,80703.0639767527,57833.1195002572,60587.4288066509,3841.60372734331,3649.54556503974,3651.8381356552,3.84160372729339e-06,3.64954556511458e-06,3.65183813563742e-06,7330.00362694313,7096.4974259839,7092.40689712594,7.3300036261164e-06,7.09649742270663e-06,7.09240689758019e-06,1285.71530856545,1268.59368614038,1283.82520700773,3.1535638598918e-06,1.71948591086309e-06,2.48477785899265e-06
0.185,4261.18198190738,4354.18202056723,4287.63273749495,43611.4290186413,43049.424780983,28156.8469419355,4261.18198190738,4354.18202056723,4287.63273749495,43611.4290181875,43049.4247807913,28156.8469419981,4260.7174093771,4353.99490215862,4287.67640594496,43698.814828056,43121.1272077108,28070.1854614893,804.47299446671,579.038118847067,603.342218358534,4538.55177383333,3213.33944678195,3284.07784410925,804.030410863943,578.731772451812,603.027779773604,4538.55177383333,3213.33944678195,3284.07784410925,804.030410863943,578.731772451812,603.027779773604,75985.2896931368,54818.0129152487,57166.3873167311,804.030410863943,578.731772451812,603.027779773604,0.0427888505716232,0.0422403713543633,0.0428381386665629,811.628253713167,584.21271614644,608.743659700415,75985.2896931368,54818.0129152487,57166.3873167311,7335.29293462071,7100.57741178266,7089.69319160642,75985.2823902418,54817.9975513334,57166.3640626947,1275.40305738152,1261.77869760347,1285.54164928693,807.932911210752,557.077772235511,594.036761664862,7338.21011951928,7102.22500204173,7091.38134827945,75985.2823930625,54817.9975534706,57166.3640647914,0,0,0,2.87923390964515e-10,0,0,4261.18198190738,4354.18202056723,4287.63273749495,4.26117948079101e-06,4.35417888391778e-06,4.28762953321509e-06,4260.7174093771,4353.99490215862,4287.67640594496,4.26071812559645e-06,4.35399516953541e-06,4.28767762083917e-06,804.47299446671,579.038118847067,603.342218358534,8.04473090273287e-07,5.79038256725132e-07,6.03342314342564e-07,804.030410863943,578.731772451812,603.027779773604,80403.0229004475,57873.1749843322,60302.7562047025,3846.01829645288,3653.224041462,3650.75220566767,3.84601829641207e-06,3.6532240415379e-06,3.65075220565071e-06,7338.21011951928,7102.22500204173,7091.38134827945,7.33821011868969e-06,7.1022249987452e-06,7.09138134873175e-06,1275.40305738152,1261.77869760347,1285.54164928693,3.12512051837943e-06,1.710708233361e-06,2.47509575087052e-06
0.186,4299.18379364281,4375.43665827515,4288.59408793892,43348.3994864815,43046.6775319151,27882.1328492105,4299.18379364281,4375.43665827515,4288.59408793892,43348.3994860168,43046.6775317176,27882.1328492614,4298.71520362684,4375.24477307576,4288.62967380321,43433.5619835504,43117.5466254187,27796.2025836088,802.31373747881,579.684259672158,600.732656951799,4527.93353055456,3209.4888591002,3248.34429835593,801.872387958641,579.378211842999,600.422334040171,4527.93353055456,3209.4888591002,3248.34429835593,801.872387958641,579.378211842999,600.422334040171,75781.9259967458,54885.5731023129,56947.2411286377,801.872387958641,579.378211842999,600.422334040171,0.0423857636233022,0.0421704511345855,0.0428100076579261,809.449884372933,584.865918469979,606.11627558204,75781.9259967458,54885.5731023129,56947.2411286377,7345.10083564037,7105.26989505488,7090.57024592136,75781.9174609917,54885.5657703491,56947.237487055,1263.46717925191,1259.61020147083,1284.76411299684,802.075611240281,551.023455675489,594.809978407705,7348.03255622333,7106.92886357843,7092.25609142356,75781.9174638378,54885.5657724998,56947.2374891572,0,0,0,2.87328907289353e-10,0,0,4299.18379364281,4375.43665827515,4288.59408793892,4.29918127401996e-06,4.3754335064769e-06,4.28859087802949e-06,4298.71520362684,4375.24477307576,4288.62967380321,4.29871592326071e-06,4.37524503480633e-06,4.28863089295865e-06,802.31373747881,579.684259672158,600.732656951799,8.02313833077222e-07,5.79684397436931e-07,6.0073275167329e-07,801.872387958641,579.378211842999,600.422334040171,80187.2206414484,57937.8189246837,60042.2117759562,3851.60825836508,3656.34263494513,3650.97132181116,3.85160825831507e-06,3.65634263502024e-06,3.65097132179433e-06,7348.03255622333,7106.92886357843,7092.25609142356,7.34803255538665e-06,7.10692886026512e-06,7.0922560918748e-06,1263.46717925191,1259.61020147083,1284.76411299684,3.10519819149425e-06,1.69714272074925e-06,2.47398457231646e-06
0.187,4328.08730184996,4384.45432696766,4286.81614976646,43202.2969884183,43049.1628820043,27641.4018130047,4328.08730184996,4384.45432696766,4286.81614976646,43202.2969879374,43049.1628818032,27641.4018130246,4327.60720583046,4384.25933877851,4286.83150213112,43285.1215406011,43119.9887132222,27555.2735460548,800.960432374486,580.440616055665,598.55647694855,4523.8867894639,3203.1325850127,3223.53826257894,800.519493020494,580.135333593874,598.249270524885,4523.8867894639,3203.1325850127,3223.53826257894,800.519493020494,580.135333593874,598.249270524885,75650.744212085,54968.982574624,56761.4104281933,800.519493020494,580.135333593874,598.249270524885,0.042022761310241,0.0422129356875355,0.0426468923764163,808.083870425965,585.631377094737,603.924598393708,75650.744212085,54968.982574624,56761.4104281933,7354.67855927763,7105.92515605655,7095.30055103752,75650.7359228643,54968.9704324733,56761.3992862757,1252.70760265388,1260.8191110206,1279.97733299043,794.823175672394,546.710892902269,594.511773230591,7357.6288843577,7107.59046192506,7096.98538370731,75650.7359257371,54968.9704346291,56761.3992883849,0,0,0,2.87119818986613e-10,0,0,4328.08730184996,4384.45432696766,4286.81614976646,4.32808475723101e-06,4.3844511647536e-06,4.2868129271454e-06,4327.60720583046,4384.25933877851,4286.83150213112,4.3276079378936e-06,4.38425959980214e-06,4.28683272737229e-06,800.960432374486,580.440616055665,598.55647694855,8.00960527957032e-07,5.80440753512522e-07,5.9855657079907e-07,800.519493020494,580.135333593874,598.249270524885,80051.9311542645,58013.5310997419,59824.9055512141,3857.18227251825,3656.66079326644,3653.50859011592,3.85718227247184e-06,3.65666079334171e-06,3.65350859009835e-06,7357.6288843577,7107.59046192506,7096.98538370731,7.35762888351051e-06,7.1075904586022e-06,7.09698538415675e-06,1252.70760265388,1260.8191110206,1279.97733299043,3.09656931460005e-06,1.68170384159458e-06,2.47770099504611e-06
0.188,4348.11052728361,4382.31072675945,4279.11581113897,43142.7463134284,43044.5992926504,27483.4037281112,4348.11052728361,4382.31072675945,4279.11581113897,43142.7463129344,43044.5992924452,27483.4037280889,4347.62029394103,4382.11159857528,4279.10391864232,43223.6597905372,43115.8633594767,27396.3420667092,800.295845799563,581.182728093799,596.942919298417,4523.00188762943,3197.0102452858,3210.3798582637,799.854908879288,580.878489799218,596.637602098228,4523.00188762943,3197.0102452858,3210.3798582637,799.854908879288,580.878489799218,596.637602098228,75584.2630935382,55053.9525464743,56619.4336802889,799.854908879288,580.878489799218,596.637602098228,0.0417768653292695,0.0422841619215824,0.0423557553932939,807.412642705416,586.383009679222,602.298702937961,75584.2630935382,55053.9525464743,56619.4336802889,7363.97199601244,7106.34881386982,7097.67466470159,75584.2549796191,55053.9375471489,56619.4181687019,1245.41649813786,1262.92238926726,1271.35692123544,787.041796996236,544.369709869624,592.507871720831,7366.94069181272,7108.01865941266,7099.36969180469,75584.254982516,55053.9375493074,56619.4181708299,0,0,0,2.87082919072753e-10,0,0,4348.11052728361,4382.31072675945,4279.11581113897,4.3481079633918e-06,4.38230755592895e-06,4.27911257453586e-06,4347.62029394103,4382.11159857528,4279.10391864232,4.34762103719303e-06,4.38211186552741e-06,4.27910515007724e-06,800.295845799563,581.182728093799,596.942919298417,8.00295941436683e-07,5.81182865116247e-07,5.96943012681754e-07,799.854908879288,580.878489799218,596.637602098228,79985.4727349479,58087.8467226968,59663.7387991957,3862.7251966938,3657.20859847446,3654.6880417673,3.86272519665052e-06,3.65720859854997e-06,3.65468804174805e-06,7366.94069181272,7108.01865941266,7099.36969180469,7.36694069095406e-06,7.10801865608153e-06,7.09936969225431e-06,1245.41649813786,1262.92238926726,1271.35692123544,3.09749893979072e-06,1.66801316616813e-06,2.48093354544384e-06
0.189,4360.98975108547,4368.10609750005,4264.74781151768,43130.5989220419,43037.803520409,27424.6021934286,4360.98975108547,4368.10609750005,4264.74781151768,43130.5989215409,43037.8035201974,27424.6021933657,4360.49414609588,4367.90008467392,4264.70983706233,43210.3541618124,43109.5919845145,27336.3452917411,800.145516869473,581.79927330121,595.944112484614,4522.96758690629,3193.91431606932,3206.41622204914,799.704531515669,581.49605503332,595.639564379192,4522.96758690629,3193.91431606932,3206.41622204914,799.704531515669,581.49605503332,595.639564379192,75568.7116223983,55126.285657758,56527.5263328074,799.704531515669,581.49605503332,595.639564379192,0.0416776305722825,0.0422973842501793,0.0419933826191667,807.260713064065,587.00777152385,601.291454216237,75568.7116223983,55126.285657758,56527.5263328074,7370.71131490975,7105.41980405905,7105.34893469109,75568.7033439438,55126.2784173809,56527.5188271399,1242.47373194543,1263.31432781433,1260.58162683699,779.6843720565,543.644377481154,588.60989014798,7373.69575663087,7107.08643585244,7107.05436618273,75568.7033468593,55126.2784195322,56527.5188292867,0,0,0,2.87083279342516e-10,0,0,4360.98975108547,4368.10609750005,4264.74781151768,4.36098717792624e-06,4.36810291986948e-06,4.26474456500965e-06,4360.49414609588,4367.90008467392,4264.70983706233,4.36049489567803e-06,4.36790036428226e-06,4.26471107443546e-06,800.145516869473,581.79927330121,595.944112484614,8.00145612535231e-07,5.81799409888518e-07,5.95944205718358e-07,799.704531515669,581.49605503332,595.639564379192,79970.4349882226,58149.6032538249,59563.9350771419,3866.78163125128,3656.75027154681,3659.36663232632,3.86678163120201e-06,3.65675027162286e-06,3.65936663230667e-06,7373.69575663087,7107.08643585244,7107.05436618273,7.37369575576162e-06,7.10708643252595e-06,7.10705436663253e-06,1242.47373194543,1263.31432781433,1260.58162683699,3.1027685256103e-06,1.65892717773146e-06,2.47903120830524e-06
0.19,4367.73441813024,4340.26370935706,4245.95584435003,43132.9326573596,43041.6317988031,27444.2457526773,4367.73441813024,4340.26370935706,4245.95584435003,43132.9326568558,43041.6317985848,27444.2457525879,4367.23682467128,4340.04965654356,4245.90057539847,43212.3179079981,43113.7137167198,27355.0795264572,800.302162261386,582.189807431328,595.535509698777,4522.97723158705,3195.15424691108,3207.37890115647,799.861282946664,581.887327142775,595.230983023066,4522.97723158705,3195.15424691108,3207.37890115647,799.861282946664,581.887327142775,595.230983023066,75585.5086273805,55173.2676073081,56486.9553972031,799.861282946664,581.887327142775,595.230983023066,0.0416986439615186,0.0421956761812707,0.0416419096317009,807.419138154421,587.403695379132,600.87880855948,75585.5086273805,55173.2676073081,56486.9553972031,7374.59456073666,7102.46033128057,7111.93718487542,75585.5001671672,55173.2541746903,56486.9438614996,1243.09106620415,1260.25740266509,1250.10257274746,773.53606923936,543.81483418418,583.138604246162,7377.58893760901,7104.11942057692,7113.65655674236,75585.5001700933,55173.2541768291,56486.9438636675,0,0,0,2.87083250485674e-10,0,0,4367.73441813024,4340.26370935706,4245.95584435003,4.36773184384102e-06,4.34026053034434e-06,4.24595259472899e-06,4367.23682467128,4340.04965654356,4245.90057539847,4.36723757775817e-06,4.34004995297883e-06,4.24590181901952e-06,800.302162261386,582.189807431328,595.535509698777,8.00302257882984e-07,5.821899436981e-07,5.95535602953962e-07,799.861282946664,581.887327142775,595.230983023066,79986.1101192957,58188.7304721632,59523.0769620013,3869.184520444,3655.04190638816,3663.45266920965,3.8691845204004e-06,3.65504190646416e-06,3.66345266918778e-06,7377.58893760901,7104.11942057692,7113.65655674236,7.3775889367329e-06,7.10411941726229e-06,7.11365655719389e-06,1243.09106620415,1260.25740266509,1250.10257274746,3.10602865932986e-06,1.65545243335952e-06,2.46966691669484e-06
0.191,4367.37665450884,4298.299955144,4227.00373409955,43132.2940405788,43065.1998241928,27494.6583919671,4367.37665450884,4298.299955144,4227.00373409955,43132.2940400728,43065.1998239727,27494.6583918714,4366.87678890361,4298.08193497863,4226.94394033499,43211.8832932538,43137.2185487462,27405.2732553622,800.547180473673,582.262390916011,595.629390103635,4523.39439398559,3199.72876202732,3208.99104657376,800.106597844065,581.96028450141,595.32462193201,4523.39439398559,3199.72876202732,3208.99104657376,800.106597844065,581.96028450141,595.32462193201,75613.2040441769,55184.7753189443,56493.8641625287,800.106597844065,581.96028450141,595.32462193201,0.0417725057437514,0.0419690453786684,0.041376897293873,807.667203227606,587.477757156815,600.973142296722,75613.2040441769,55184.7753189443,56493.8641625287,7374.96247422482,7094.99308821624,7115.30688223505,75613.1956921779,55184.7631362636,56493.851887769,1245.25704526096,1253.40940515481,1242.18526314207,769.034417907008,544.111015329106,576.82577526454,7377.95874821279,7096.64081093097,7117.04166279236,75613.1956951049,55184.7631383851,56493.851889957,0,0,0,2.87114890526457e-10,0,0,4367.37665450884,4298.299955144,4227.00373409955,4.36737408297838e-06,4.29829678604974e-06,4.2270004874774e-06,4366.87678890361,4298.08193497863,4226.94394033499,4.36687754719258e-06,4.29808224744257e-06,4.22694519119283e-06,800.547180473673,582.262390916011,595.629390103635,8.00547275982268e-07,5.82262527022455e-07,5.9562948339732e-07,800.106597844065,581.96028450141,595.32462193201,80010.6415991063,58196.0262161537,59532.4408510371,3869.47093218149,3650.28704634892,3665.4589161929,3.86947093213754e-06,3.65028704642705e-06,3.66545891617055e-06,7377.95874821279,7096.64081093097,7117.04166279236,7.37795874733527e-06,7.09664080763508e-06,7.11704166324682e-06,1245.25704526096,1253.40940515481,1242.18526314207,3.10224197567404e-06,1.65648941330242e-06,2.45342716078592e-06
0.192,4357.038256592,4244.20898305028,4212.29128514921,43127.8042971298,43104.5729071368,27520.8272569879,4357.038256592,4244.20898305028,4212.29128514921,43127.8042966193,43104.572906927,27520.8272569033,4356.53291533157,4243.99847054566,4212.238508661,43207.826076672,43176.2647562312,27432.0446535061,800.667179158791,581.937491420312,596.097400326281,4524.93725016043,3204.50307697128,3208.45292847211,800.227003863826,581.635543392212,595.792551369167,4524.93725016043,3204.50307697128,3208.45292847211,800.227003863826,581.635543392212,595.792551369167,75629.6488243251,55154.2587842664,56539.767592814,800.227003863826,581.635543392212,595.792551369167,0.0418193229412696,0.0416533520501196,0.0412401426019129,807.789221224182,587.149927784847,601.445670156904,75629.6488243251,55154.2587842664,56539.767592814,7371.67847110298,7093.46790112446,7122.87515578651,75629.6403473699,55154.2463593459,56539.7558147797,1246.58566829849,1243.80858028549,1238.09014595523,766.214556437215,543.983527574608,570.602244693844,7374.66705282283,7095.09926391888,7124.62365321975,75629.6403502874,55154.2463614471,56539.7558169856,0,0,0,2.87224551257088e-10,0,0,4357.038256592,4244.20898305028,4212.29128514921,4.35703568905802e-06,4.24420584093442e-06,4.21228804428905e-06,4356.53291533157,4243.99847054566,4212.238508661,4.3565336838185e-06,4.24399879213381e-06,4.21223976773166e-06,800.667179158791,581.937491420312,596.097400326281,8.00667274521121e-07,5.81937627473243e-07,5.96097493563775e-07,800.227003863826,581.635543392212,595.792551369167,80022.6821952688,58163.5521146141,59579.2337818118,3867.50485722944,3649.7510417419,3670.58424799201,3.86750485718586e-06,3.6497510418208e-06,3.67058424796901e-06,7374.66705282283,7095.09926391888,7124.62365321975,7.37466705195054e-06,7.09509926065092e-06,7.12462365367793e-06,1246.58566829849,1243.80858028549,1238.09014595523,3.08927632968376e-06,1.65941721930591e-06,2.43335285682611e-06
0.193,4333.05441487775,4182.95835562593,4204.38437120709,43129.156211689,43139.5616177975,27480.4488572668,4333.05441487775,4182.95835562593,4204.38437120709,43129.1562111728,43139.561617616,27480.4488572015,4332.54053613087,4182.77379366854,4204.34417246362,43209.5058752407,43210.9157229388,27392.934075421,800.466032294307,581.156832189672,596.79312332126,4527.7753585527,3205.2399534318,3205.13215402766,800.026273203506,580.855166853558,596.488585913798,4527.7753585527,3205.2399534318,3205.13215402766,800.026273203506,580.855166853558,596.488585913798,75614.1551907212,55079.262999742,56612.4553259328,800.026273203506,580.855166853558,596.488585913798,0.0417751591369316,0.0413148851075305,0.0412267620640109,807.586900218372,586.36203069146,602.148976641146,75614.1551907212,55079.262999742,56612.4553259328,7364.35912213107,7083.31443813053,7124.70757325094,75614.1467645824,55079.2571281157,56612.447981462,1245.16501344189,1233.42754201628,1237.67908589877,764.779358054739,543.248870349754,565.339466954747,7367.33016453838,7084.92689133975,7126.46619063492,75614.1467674806,55079.2571301924,56612.4479836783,0,0,0,2.87415615469339e-10,0,0,4333.05441487775,4182.95835562593,4204.38437120709,4.33305185415618e-06,4.18295526062336e-06,4.20438113465259e-06,4332.54053613087,4182.77379366854,4204.34417246362,4.33254131914931e-06,4.18277411205175e-06,4.2043454395637e-06,800.466032294307,581.156832189672,596.79312332126,8.00466127514889e-07,5.81156968155184e-07,5.967932163663e-07,800.026273203506,580.855166853558,596.488585913798,80002.6091320244,58085.5144679583,59648.8372241799,3862.98655624484,3642.91594418071,3671.65971605881,3.86298655619632e-06,3.64291594425874e-06,3.67165971603513e-06,7367.33016453838,7084.92689133975,7126.46619063492,7.3673301636781e-06,7.08492688810388e-06,7.12646619109645e-06,1245.16501344189,1233.42754201628,1237.67908589877,3.06833386732194e-06,1.661148108004e-06,2.4137519856114e-06
0.194,4292.60606695092,4121.94201725879,4202.70518706686,43146.7325839714,43137.5583964065,27357.6285622973,4292.60606695092,4121.94201725879,4202.70518706686,43146.7325834528,43137.5583962734,27357.6285622467,4292.08467741972,4121.80541819531,4202.67468571758,43227.1061786146,43208.8621238499,27271.6783952653,799.774608621764,579.897365554057,597.570170228253,4530.91100624337,3198.02952567656,3200.35876012524,799.335245957654,579.596522045112,597.266330763882,4530.91100624337,3198.02952567656,3200.35876012524,799.335245957654,579.596522045112,597.266330763882,75549.4461558769,54961.6722464845,56697.3028529442,799.335245957654,579.596522045112,597.266330763882,0.0416112468670189,0.0410268405681461,0.0412897329745253,806.88935993412,585.09162161619,602.935197171076,75549.4461558769,54961.6722464845,56697.3028529442,7354.04087288926,7077.74200787745,7126.44143494716,75549.4371961541,54961.6508373659,56697.2869693089,1240.13196849145,1224.47821806716,1239.54540797093,764.252678319143,542.091450288437,561.61634130062,7356.9847258106,7079.33498742753,7128.20668290752,75549.4371990243,54961.6508394204,56697.2869715308,0,0,0,2.87612647169489e-10,0,0,4292.60606695092,4121.94201725879,4202.70518706686,4.29260352220309e-06,4.12193898791346e-06,4.20270195040864e-06,4292.08467741972,4121.80541819531,4202.67468571758,4.2920854737404e-06,4.1218057181631e-06,4.20267595843561e-06,799.774608621764,579.897365554057,597.570170228253,7.99774703717073e-07,5.79897501217014e-07,5.97570262971764e-07,799.335245957654,579.596522045112,597.266330763882,79933.5064228361,57959.6499974092,59726.6117010784,3856.56698065072,3639.23660916322,3672.89851094819,3.85656698061589e-06,3.63923660924266e-06,3.67289851092466e-06,7356.9847258106,7079.33498742753,7128.20668290752,7.35698472496881e-06,7.07933498422502e-06,7.12820668337124e-06,1240.13196849145,1224.47821806716,1239.54540797093,3.04334491929838e-06,1.65918685261616e-06,2.39870159394624e-06
0.195,4235.3231896089,4069.46405374452,4203.33544827597,43181.9172759346,43062.7564373368,27167.1258699787,4235.3231896089,4069.46405374452,4203.33544827597,43181.9172754241,43062.7564372692,27167.1258699264,4234.80271237344,4069.39516021375,4203.30410151708,43262.0098866465,43134.5160061689,27082.5806398763,798.460341487313,578.183521551702,598.291903941065,4532.0782799641,3180.61620768901,3196.5026444203,798.02145776818,577.884377284013,597.988953382096,4532.0782799641,3180.61620768901,3196.5026444203,798.02145776818,577.884377284013,597.988953382096,75423.2229830641,54807.3995123761,56778.7026825941,798.02145776818,577.884377284013,597.988953382096,0.0413408697543736,0.0408445290070607,0.0413581241954838,805.562913513087,583.364054986931,603.665935489598,75423.2229830641,54807.3995123761,56778.7026825941,7341.42698210296,7074.00254416442,7125.78632273993,75423.2147152401,54807.395909423,56778.6942767886,1231.88081895657,1218.66804130924,1241.55710807886,764.156589327267,540.942992630291,559.57739423546,7344.33547066439,7075.57750107632,7127.5532602059,75423.2147180757,54807.3959114589,56778.6942790093,0,0,0,2.87660279507315e-10,0,0,4235.3231896089,4069.46405374452,4203.33544827597,4.23532067962964e-06,4.06946110153548e-06,4.20333220707042e-06,4234.80271237344,4069.39516021375,4203.30410151708,4.23480351122397e-06,4.06939542762225e-06,4.20330537471192e-06,798.460341487313,578.183521551702,598.291903941065,7.9846043644483e-07,5.7818365654002e-07,5.9829199634281e-07,798.02145776818,577.884377284013,597.988953382096,79802.1276373662,57788.4355319285,59798.8739656494,3848.61812701169,3636.78661919026,3672.67658109679,3.84861812696181e-06,3.63678661926746e-06,3.67267658107328e-06,7344.33547066439,7075.57750107632,7127.5532602059,7.34433546984684e-06,7.07557749790392e-06,7.12755326066998e-06,1231.88081895657,1218.66804130924,1241.55710807886,3.01961728414643e-06,1.65238239842141e-06,2.39067265197334e-06
0.196,4164.43449484569,4032.53484142486,4200.00101484418,43221.2968967854,42887.5563978511,26948.7934399878,4164.43449484569,4032.53484142486,4200.00101484418,43221.2968963014,42887.5563978575,26948.7934399112,4163.93212740251,4032.54442075905,4199.95432294935,43300.9897439982,42960.3230323586,26865.0945015247,796.438078589115,576.097458655952,598.835942555526,4528.19809077984,3153.24730101686,3195.68649873647,795.999987442939,575.80101698593,598.533804780378,4528.19809077984,3153.24730101686,3195.68649873647,795.999987442939,575.80101698593,598.533804780378,75229.2538601196,54626.0148832099,56841.696972452,795.999987442939,575.80101698593,598.533804780378,0.0410142305752028,0.0407863315782681,0.0413614404532594,803.522021520967,581.262564156997,604.217048986335,75229.2538601196,54626.0148832099,56841.696972452,7326.48666843336,7065.86332481214,7124.67652850364,75229.2452166108,54626.0032070235,56841.6859193647,1221.91434859668,1216.61585700821,1241.5874319028,764.157534633252,540.27928968017,558.927089131619,7329.35368452653,7067.41828012566,7126.43740462782,75229.2452194074,54626.0032090379,56841.685921575,0,0,0,2.87357279752237e-10,0,0,4164.43449484569,4032.53484142486,4200.00101484418,4.16443204834992e-06,4.0325319662192e-06,4.19999776809074e-06,4163.93212740251,4032.54442075905,4199.95432294935,4.16393290695353e-06,4.03254464685353e-06,4.19995558907656e-06,796.438078589115,576.097458655952,598.835942555526,7.96438173329623e-07,5.76097592525188e-07,5.98836034644711e-07,795.999987442939,575.80101698593,598.533804780378,79599.9806672323,57580.0995004692,59853.3591252617,3838.93194354334,3630.75844596706,3672.16563879598,3.83893194349658e-06,3.63075844604306e-06,3.67216563877264e-06,7329.35368452653,7067.41828012566,7126.43740462782,7.32935368373797e-06,7.06741827698673e-06,7.12643740508948e-06,1221.91434859668,1216.61585700821,1241.5874319028,3.00208184294469e-06,1.64124606696704e-06,2.38968404528497e-06
0.197,4087.0857537757,4014.57096712039,4185.96426513812,43237.0328481534,42602.6446035967,26753.6823764017,4087.0857537757,4014.57096712039,4185.96426513812,43237.0328477188,42602.644603674,26753.6823762802,4086.62594362376,4014.65574421332,4185.88908265209,43316.4977274696,42676.8022881663,26670.0679342174,793.681526919641,573.775723640988,599.093228403057,4516.24380598757,3118.82515401723,3198.59161060051,793.244838535232,573.482830427502,598.791628971061,4516.24380598757,3118.82515401723,3198.59161060051,793.244838535232,573.482830427502,598.791628971061,74967.8937701951,54429.6616313661,56873.3119008299,793.244838535232,573.482830427502,598.791628971061,0.0407026266289305,0.0408266525027653,0.0412525983063362,800.740724016384,578.924744887095,604.477990678114,74967.8937701951,54429.6616313661,56873.3119008299,7312.2764585969,7064.75868411239,7117.96526372752,74967.884330314,54429.6401379269,56873.2999503767,1212.37498126835,1217.61847546773,1238.20839294635,764.140670313311,540.392654961783,559.065197697024,7315.09889975253,7066.30316258496,7119.7168252894,74967.8843330714,54429.6401399346,56873.299952572,0,0,0,2.86514800481746e-10,0,0,4087.0857537757,4014.57096712039,4185.96426513812,4.08708340576143e-06,4.01456815555307e-06,4.18596101805234e-06,4086.62594362376,4014.65574421332,4185.88908265209,4.08662667309309e-06,4.01465592880885e-06,4.18589033289214e-06,793.681526919641,573.775723640988,599.093228403057,7.93681621278883e-07,5.73775855997056e-07,5.99093320240067e-07,793.244838535232,573.482830427502,598.791628971061,79324.4658681999,57348.2808377939,59879.1415781369,3829.57604779785,3630.11189434641,3667.88368538246,3.82957604775785e-06,3.63011189442145e-06,3.66788368535975e-06,7315.09889975253,7066.30316258496,7119.7168252894,7.31509889899492e-06,7.06630315946309e-06,7.11971682574735e-06,1212.37498126835,1217.61847546773,1238.20839294635,2.99357476673095e-06,1.62780355354284e-06,2.39327340033178e-06
0.198,4013.44728034859,4013.89531835904,4156.32516127895,43193.5665238083,42222.6994897196,26625.411409438,4013.44728034859,4013.89531835904,4156.32516127895,43193.5665234454,42222.6994898517,26625.411409262,4013.05682981236,4014.03702479517,4156.21488865215,43273.2453210945,42298.2813383981,26541.1994001634,790.233246056193,571.396508847199,598.969104763689,4494.24805120435,3082.280006619,3203.81335384752,789.798828056183,571.107590192567,598.667749590534,4494.24805120435,3082.280006619,3203.81335384752,789.798828056183,571.107590192567,598.667749590534,74646.0282255026,54231.9705633484,56863.7968891207,789.798828056183,571.107590192567,598.667749590534,0.0404745928758724,0.0409040625238084,0.0410238156601166,797.262523591467,576.529727723265,604.353117647778,74646.0282255026,54231.9705633484,56863.7968891207,7298.09069258188,7062.78000433671,7113.86210722373,74646.0208722874,54231.9728740214,56863.7838671104,1205.33279640089,1219.87288376295,1231.17431692231,764.190296716821,541.217682597847,559.319723940937,7300.86806713262,7064.31324998652,7115.59789409815,74646.0208750072,54231.9728760212,56863.783869285,0,0,0,2.85020677775813e-10,0,0,4013.44728034859,4013.89531835904,4156.32516127895,4.01344506444452e-06,4.01389254648988e-06,4.15632192636076e-06,4013.05682981236,4014.03702479517,4156.21488865215,4.0130574757176e-06,4.01403717687402e-06,4.15621611458046e-06,790.233246056193,571.396508847199,598.969104763689,7.90233339799729e-07,5.71396639465641e-07,5.9896919637975e-07,789.798828056183,571.107590192567,598.667749590534,78979.8649342459,57110.75681085,59866.753688882,3819.94152913546,3628.29271668532,3665.40126526934,3.81994152908054e-06,3.62829271675907e-06,3.66540126524951e-06,7300.86806713262,7064.31324998652,7115.59789409815,7.30086806640644e-06,7.06431324688363e-06,7.11559789455067e-06,1205.33279640089,1219.87288376295,1231.17431692231,2.99371987686902e-06,1.6149814183547e-06,2.39733008433377e-06
0.199,3954.40044810564,4023.88137711238,4110.10568882528,43058.6391517276,41785.598406102,26583.0039833966,3954.40044810564,4023.88137711238,4110.10568882528,43058.6391514524,41785.5984062626,26583.0039831733,3954.10086066196,4024.05082961159,4109.96374148004,43139.1010182511,41862.1971384783,26497.8602588267,786.209661499766,569.156335541968,598.387779068622,4462.13309687862,3049.24422419951,3208.05561296615,785.778490121398,568.871249021086,598.086569550558,4462.13309687862,3049.24422419951,3208.05561296615,785.778490121398,568.871249021086,598.086569550558,74276.4534954593,54046.862158319,56807.4669012686,785.778490121398,568.871249021086,598.086569550558,0.0403701270802422,0.0409427003439296,0.0407110397510889,793.205228371303,574.27485630907,603.766272184097,74276.4534954593,54046.862158319,56807.4669012686,7285.93926121524,7063.26175034839,7107.8223763585,74276.4434730766,54046.8398195106,56807.4595753698,1202.01114209197,1221.10543282956,1221.56222376186,764.479874278713,542.2876472235,559.196281797496,7288.67442292472,7064.78980809991,7109.538974857,74276.443475764,54046.8398215106,56807.4595775207,0,0,0,2.82889433907023e-10,0,0,3954.40044810564,4023.88137711238,4110.10568882528,3.95439838629495e-06,4.0238786169385e-06,4.11010248470626e-06,3954.10086066196,4024.05082961159,4109.96374148004,3.95410139641106e-06,4.02405096486017e-06,4.10996493687303e-06,786.209661499766,569.156335541968,598.387779068622,7.86209754367151e-07,5.69156464441545e-07,5.98387870409452e-07,785.778490121398,568.871249021086,598.086569550558,78577.8312800612,56887.1226825802,59808.6357501924,3811.45938088965,3628.17500713008,3661.61592239832,3.8114593808543e-06,3.62817500720382e-06,3.66161592238018e-06,7288.67442292472,7064.78980809991,7109.538974857,7.28867442222813e-06,7.06478980500603e-06,7.10953897530231e-06,1202.01114209197,1221.10543282956,1221.56222376186,2.9989239088203e-06,1.60561278214856e-06,2.39753971215841e-06
0.2,3918.17818083535,4034.96997362406,4051.42621232124,42815.0546292054,41344.4272664579,26612.5175850323,3918.17818083535,4034.96997362406,4051.42621232124,42815.0546290218,41344.4272666162,26612.5175847854,3917.97762491277,4035.13474501592,4051.26654046393,42896.7776565434,41421.2476975687,26526.5915929198,781.796783757613,567.236273796753,597.30266975029,4422.07323892447,3024.3561961164,3207.13814634783,781.369721224638,566.954331547209,597.001863832974,4422.07323892447,3024.3561961164,3207.13814634783,781.369721224638,566.954331547209,597.001863832974,73876.6815882938,53886.9035913752,56703.2178802019,781.369721224638,566.954331547209,597.001863832974,0.04038297651818,0.040879961349877,0.0403838369901885,788.756479908226,572.341914937999,602.671123490287,73876.6815882938,53886.9035913752,56703.2178802019,7277.0679183269,7064.21967019231,7097.0472508469,73876.6731837827,53886.8945472134,56703.2038951935,1202.24894346491,1219.4031198886,1211.47403600465,765.109377186994,542.858858620281,558.551449040806,7279.76701559539,7065.75147826855,7098.74165312099,73876.6731864458,53886.8945492245,56703.2038973174,0,0,0,2.80280063524412e-10,0,0,3918.17818083535,4034.96997362406,4051.42621232124,3.91817627406194e-06,4.03496720106102e-06,4.05142306039486e-06,3917.97762491277,4035.13474501592,4051.26654046393,3.91797804073808e-06,4.03513488122322e-06,4.05126770275576e-06,781.796783757613,567.236273796753,597.30266975029,7.81796875528136e-07,5.67236401241927e-07,5.97302760648773e-07,781.369721224638,566.954331547209,597.001863832974,78136.9545497126,56695.4309151727,59700.165258778,3805.02129341061,3628.61345175338,3654.41285369491,3.80502129337092e-06,3.62861345182804e-06,3.65441285368088e-06,7279.76701559539,7065.75147826855,7098.74165312099,7.27976701492478e-06,7.06575147516869e-06,7.09874165355831e-06,1202.24894346491,1219.4031198886,1211.47403600465,3.00362880029559e-06,1.60133608177601e-06,2.39096684745333e-06
0.201,3907.22591170635,4037.90926466502,3989.12049136233,42469.1222671936,40953.7768447922,26671.98407176,3907.22591170635,4037.90926466502,3989.12049136233,42469.1222670911,40953.7768449206,26671.984071523,3907.11458802603,4038.04201606847,3988.9644820698,42552.2759201028,41029.8370888797,26585.8452655111,777.235083469627,565.774767988251,595.709098374762,4378.20002763193,3009.78696291545,3197.46542764669,776.812649302085,565.49493095456,595.409345336015,4378.20002763193,3009.78696291545,3197.46542764669,776.812649302085,565.49493095456,595.409345336015,73467.3449285257,53762.3290420063,56554.5373556244,776.812649302085,565.49493095456,595.409345336015,0.0404605915859352,0.0406908188938528,0.0401210384753594,784.15846484646,570.870026377153,601.063732928909,73467.3449285257,53762.3290420063,56554.5373556244,7271.23612928836,7070.64318601686,7093.9871265497,73467.3368710598,53762.321096998,56554.5224197291,1204.49087796078,1213.95538639085,1203.30610390447,765.959649560573,542.169524446425,557.617840637172,7273.90623788756,7072.17731704782,7095.66079851689,73467.3368737069,53762.3210990186,56554.5224218316,0,0,0,2.77470910105367e-10,0,0,3907.22591170635,4037.90926466502,3989.12049136233,3.90722413617087e-06,4.03790646587575e-06,3.9891174107331e-06,3907.11458802603,4038.04201606847,3988.9644820698,3.9071148965478e-06,4.03804216817518e-06,3.98896561297218e-06,777.235083469627,565.774767988251,595.709098374762,7.77235174023804e-07,5.65774894414725e-07,5.95709188567974e-07,776.812649302085,565.49493095456,595.409345336015,77681.2475116713,56549.4908397524,59540.9135119061,3800.32492738254,3632.50077133841,3652.80022800345,3.80032492734322e-06,3.63250077141388e-06,3.65280022799345e-06,7273.90623788756,7072.17731704782,7095.66079851689,7.27390623723821e-06,7.07217731394445e-06,7.09566079894697e-06,1204.49087796078,1213.95538639085,1203.30610390447,3.00241653672198e-06,1.60184990602371e-06,2.37722731612405e-06
0.202,3917.00447973477,4026.99424006054,3934.45111216756,42052.4096075663,40654.4349965529,26708.0030881638,3917.00447973477,4026.99424006054,3934.45111216756,42052.4096075213,40654.4349966343,26708.0030879688,3916.9563485354,4027.07892439018,3934.32118850778,42136.7209649062,40728.8606301439,26622.4054696791,772.792604989048,564.844578722306,593.65692900637,4335.64773289749,3004.64338441721,3177.4236543207,772.374818992046,564.565756278545,593.359149992502,4335.64773289749,3004.64338441721,3177.4236543207,772.374818992046,564.565756278545,593.359149992502,73070.2166261627,53679.8181892037,56369.2090335375,772.374818992046,564.565756278545,593.359149992502,0.0405241039841664,0.040399477418841,0.0399790218303755,779.680903683788,569.932575068506,598.995009738995,73070.2166261627,53679.8181892037,56369.2090335375,7269.54000396644,7072.8214128169,7084.99837497762,73070.2065214711,53679.8021494303,56369.2079197275,1206.38037363449,1205.42274667592,1198.79049409619,766.63989967441,539.736164614734,556.859651822419,7272.19155425764,7074.36665972948,7086.64928715369,73070.2065241134,53679.8021514693,56369.2079218056,0,0,0,2.74793472352893e-10,0,0,3917.00447973477,4026.99424006054,3934.45111216756,3.91700279192133e-06,4.02699141391516e-06,3.93444811409614e-06,3916.9563485354,4027.07892439018,3934.32118850778,3.91695658233317e-06,4.02707910086166e-06,3.93432229345613e-06,772.792604989048,564.844578722306,593.65692900637,7.7279269435032e-07,5.64844704610584e-07,5.93657018195086e-07,772.374818992046,564.565756278545,593.359149992502,77237.4646160559,56456.5733600814,59335.8941050267,3798.31570365579,3633.67858763214,3646.43231370338,3.79831570361949e-06,3.63367858770727e-06,3.64643231369577e-06,7272.19155425764,7074.36665972948,7086.64928715369,7.27219155362246e-06,7.07436665660747e-06,7.08664928757673e-06,1206.38037363449,1205.42274667592,1198.79049409619,2.99215801659498e-06,1.60495065477643e-06,2.35877809025301e-06
0.203,3937.67690967069,4002.07443975177,3897.34727845646,41615.2821716109,40462.2987751035,26676.807921885,3937.67690967069,4002.07443975177,3897.34727845646,41615.2821715923,40462.298775135,26676.8079217526,3937.65737421095,4002.10872650633,3897.25909165321,41700.0492439417,40534.597665466,26592.3848578073,768.730485524582,564.446230828157,591.256359637114,4299.18730877556,3005.57292940048,3148.19080576817,768.316841316383,564.167578214192,590.961505656888,4299.18730877556,3005.57292940048,3148.19080576817,768.316841316383,564.167578214192,590.961505656888,72706.0759251006,53641.8485559364,56158.6347502507,768.316841316383,564.167578214192,590.961505656888,0.0405004215626969,0.0400723486156748,0.0399663741867914,775.586487453868,569.53058525083,596.576314037805,72706.0759251006,53641.8485559364,56158.6347502507,7271.5669113658,7078.54230123967,7080.43758512465,72706.0685866327,53641.8377933151,56158.6112551752,1205.72042737993,1195.74635107705,1198.22181567371,766.569345019931,535.568774767314,556.71042822218,7274.20957639383,7080.09929592892,7082.0705233868,72706.0685892801,53641.8377953727,56158.6112572371,0,0,0,2.72543223761606e-10,0,0,3937.67690967069,4002.07443975177,3897.34727845646,3.93767525842874e-06,4.00207159589688e-06,3.89734436218511e-06,3937.65737421095,4002.10872650633,3897.25909165321,3.93765757601459e-06,4.00210892799699e-06,3.89726017813109e-06,768.730485524582,564.446230828157,591.256359637114,7.68730573858093e-07,5.64446356570684e-07,5.91256447568374e-07,768.316841316383,564.167578214192,590.961505656888,76831.6669663955,56416.7555421593,59096.1298090069,3798.68765513458,3637.23368218024,3643.10997714062,3.79868765509864e-06,3.63723368225685e-06,3.64310997713637e-06,7274.20957639383,7080.09929592892,7082.0705233868,7.27420957576624e-06,7.0800992927871e-06,7.0820705238051e-06,1205.72042737993,1195.74635107705,1198.22181567371,2.973341144549e-06,1.60742144206455e-06,2.34008760670613e-06
0.204,3957.95285762767,3968.53235578955,3882.62208464132,41213.5130226342,40366.3649890744,26561.1538994549,3957.95285762767,3968.53235578955,3882.62208464132,41213.513022611,40366.3649890656,26561.1538993879,3957.92876108131,3968.52587023985,3882.57868080236,41297.7805662107,40436.5632240224,26478.1644693546,765.267463267832,564.516895160693,588.66996801168,4271.92219191104,3008.30305300609,3113.62666734004,764.857047589538,564.238002355943,588.378736279558,4271.92219191104,3008.30305300609,3113.62666734004,764.857047589538,564.238002355943,588.378736279558,72392.6382992028,53646.5159953535,55936.588668366,764.857047589538,564.238002355943,588.378736279558,0.0403523730591331,0.0397926459281536,0.0400389265163476,772.095323930846,569.601473393737,593.971339340109,72392.6382992028,53646.5159953535,55936.588668366,7276.96852889263,7085.85438988564,7078.37951634347,72392.6291192997,53646.5059554143,55936.5848597355,1201.37970479302,1187.40138067046,1200.29559486797,765.169413824187,530.212884934122,557.311623216411,7279.61164403468,7087.42390021293,7080.0003078715,72392.6291219609,53646.5059574904,55936.5848617895,0,0,0,2.70899094045224e-10,0,0,3957.95285762767,3968.53235578955,3882.62208464132,3.95795119774941e-06,3.96852950932705e-06,3.88261923669635e-06,3957.92876108131,3968.52587023985,3882.57868080236,3.95792897122823e-06,3.96852609076042e-06,3.88257975613784e-06,765.267463267832,564.516895160693,588.66996801168,7.65267550840124e-07,5.64517020970817e-07,5.88670054560466e-07,764.857047589538,564.238002355943,588.378736279558,76485.6876829789,56423.7979492117,58837.853015059,3801.29895581418,3641.95362028212,3641.52128010047,3.80129895577263e-06,3.64195362035645e-06,3.64152128009721e-06,7279.61164403468,7087.42390021293,7080.0003078715,7.27961164340861e-06,7.08742389705012e-06,7.08000030828656e-06,1201.37970479302,1187.40138067046,1200.29559486797,2.94998677062972e-06,1.60638060400821e-06,2.32586576210594e-06
0.205,3969.19322430494,3935.1271480627,3888.13430469035,40892.302888351,40336.6691566769,26376.7531378034,3969.19322430494,3935.1271480627,3888.13430469035,40892.3028883003,40336.6691566443,26376.7531377867,3969.14098990492,3935.0962322687,3888.12539183073,40975.1486440912,40405.24988122,26294.9743897946,762.550159406582,564.949183647921,586.09647664375,4254.56819622888,3009.39115974701,3079.20292246252,762.141879628491,564.67009441391,585.809086281979,4254.56819622888,3009.39115974701,3079.20292246252,762.141879628491,564.67009441391,585.809086281979,72142.6949175288,53687.7099804955,55718.1644183521,762.141879628491,564.67009441391,585.809086281979,0.0400940123163413,0.0396255697320375,0.0401191683585521,769.355139943135,570.037689816819,591.379834494896,72142.6949175288,53687.7099804955,55718.1644183521,7284.4071635255,7086.99843340463,7076.81788456019,72142.6860791054,53687.6980434453,55718.1543215504,1193.75569376537,1182.35709831382,1202.68522281692,762.08607497497,524.589563863738,558.385045690302,7287.05973773385,7088.58034533706,7078.42630040588,72142.686081788,53687.6980455365,55718.1543235963,0,0,0,2.6988432716518e-10,0,0,3969.19322430494,3935.1271480627,3888.13430469035,3.96919152613249e-06,3.93512431284234e-06,3.88813150261756e-06,3969.14098990492,3935.0962322687,3888.12539183073,3.96914123631244e-06,3.93509646239334e-06,3.88812646139444e-06,762.550159406582,564.949183647921,586.09647664375,7.62550246517851e-07,5.64949309540634e-07,5.86096561858816e-07,762.141879628491,564.67009441391,585.809086281979,76214.1709395844,56467.0071508286,58580.8881652503,3805.34850642263,3642.41213041057,3639.77602591085,3.80534850638069e-06,3.64241213048354e-06,3.63977602590858e-06,7287.05973773385,7088.58034533706,7078.42630040588,7.2870597371033e-06,7.08858034215334e-06,7.07842630081783e-06,1193.75569376537,1182.35709831382,1202.68522281692,2.92807193318456e-06,1.60047070571969e-06,2.31904702122169e-06
0.206,3968.00333859575,3910.44351237078,3905.99935580661,40673.8710251825,40338.2082792462,26166.0672766919,3968.00333859575,3910.44351237078,3905.99935580661,40673.8710250942,40338.2082792058,26166.0672766985,3967.91283278591,3910.40434587156,3906.00611259153,40754.6917498121,40405.8908293084,26084.8747462491,760.636499663545,565.614387768591,583.739604605955,4245.61385910618,3007.42317702905,3050.29034607176,760.229342211928,565.335458612676,583.455715116128,4245.61385910618,3007.42317702905,3050.29034607176,760.229342211928,565.335458612676,583.455715116128,71962.7927165114,53755.8051674471,55518.0841373603,760.229342211928,565.335458612676,583.455715116128,0.039784718476423,0.0395900861654003,0.0401301660200726,767.424599310988,570.709867737763,589.006430931889,71962.7927165114,53755.8051674471,55518.0841373603,7293.91165927167,7092.73258900928,7077.34724815546,71962.7845262493,53755.7894420478,55518.0645466966,1184.60292446527,1181.22007979604,1203.0630444814,757.346190855526,519.684886232913,559.307822888998,7296.57887737939,7094.32577227038,7078.95554939229,71962.784528957,53755.7894441529,55518.0645487498,0,0,0,2.69384705445478e-10,0,0,3968.00333859575,3910.44351237078,3905.99935580661,3.96800159116184e-06,3.91044069538826e-06,3.90599657494534e-06,3967.91283278591,3910.40434587156,3906.00611259153,3.96791312643075e-06,3.91040457683955e-06,3.90600717911345e-06,760.636499663545,565.614387768591,583.739604605955,7.60636586575338e-07,5.65614513612326e-07,5.83739688702851e-07,760.229342211928,565.335458612676,583.455715116128,76022.9172242208,56533.5435693379,58345.5511845515,3810.81841213104,3646.40938240906,3639.9012624516,3.81081841209148e-06,3.64640938248099e-06,3.63990126244928e-06,7296.57887737939,7094.32577227038,7078.95554939229,7.29657887674061e-06,7.0943257690671e-06,7.07895554980401e-06,1184.60292446527,1181.22007979604,1203.0630444814,2.91302906040039e-06,1.59038094132599e-06,2.31951249528785e-06
0.207,3956.50882378543,3899.43680909299,3926.12694998198,40553.74658945,40344.3165219985,25981.6746417122,3956.50882378543,3899.43680909299,3926.12694998198,40553.7465893268,40344.3165219601,25981.6746417128,3956.38258450763,3899.39959461977,3926.12968325953,40632.4238411692,40411.781733061,25900.2858047203,759.494128474466,566.381901551389,581.776593274363,4242.244729928,3003.22216457355,3030.43745784358,759.087362017054,566.103571508586,581.495397479184,4242.244729928,3003.22216457355,3030.43745784358,759.087362017054,566.103571508586,581.495397479184,71852.540497334,53838.666696269,55349.311515833,759.087362017054,566.103571508586,581.495397479184,0.0395043714716896,0.039651994458599,0.0400271279366815,766.27159017312,571.486261169393,587.02920434438,71852.540497334,53838.666696269,55349.311515833,7303.18659918937,7093.97744571872,7081.13293099329,71852.531505423,53838.6614871479,55349.3088070848,1176.29392547667,1183.00582169351,1200.0562253418,751.382610798252,516.212021944518,559.349364906786,7305.87219668268,7095.57716296807,7082.74214184655,71852.531508157,53838.6614892588,55349.3088091465,0,0,0,2.69213003002063e-10,0,0,3956.50882378543,3899.43680909299,3926.12694998198,3.95650703194444e-06,3.89943400823183e-06,3.92612417013697e-06,3956.38258450763,3899.39959461977,3926.12968325953,3.95638292076676e-06,3.89939982167167e-06,3.9261307473508e-06,759.494128474466,566.381901551389,581.776593274363,7.59494215356686e-07,5.66382027163999e-07,5.81776676581154e-07,759.087362017054,566.103571508586,581.495397479184,75908.7192134255,56610.3548628783,58149.519526292,3816.2696638415,3647.23171444253,3641.91149303122,3.816269663791e-06,3.64723171451288e-06,3.64191149302932e-06,7305.87219668268,7095.57716296807,7082.74214184655,7.3058721960325e-06,7.09557715975342e-06,7.08274214225803e-06,1176.29392547667,1183.00582169351,1200.0562253418,2.9074358348445e-06,1.57851189863704e-06,2.32423679424684e-06
0.208,3940.53850105555,3901.6852352042,3940.12357948496,40506.9171870321,40343.9750271234,25865.5069908916,3940.53850105555,3901.6852352042,3940.12357948496,40506.917186885,40343.9750270887,25865.5069908652,3940.38737537455,3901.65189547543,3940.10853946618,40583.7989866459,40411.650395234,25783.2915855979,759.012588713821,567.131641951378,580.331466596807,4241.56631423812,2999.07822576062,3020.35952548774,758.605852047137,566.854213145809,580.051924863925,4241.56631423812,2999.07822576062,3020.35952548774,758.605852047137,566.854213145809,580.051924863925,71804.6699759026,53922.9621905447,55221.8220914586,758.605852047137,566.854213145809,580.051924863925,0.0393200827024446,0.0397413720727481,0.0398132311854867,765.785294794,572.245311104992,585.572951567187,71804.6699759026,53922.9621905447,55221.8220914586,7311.5885230911,7094.19815999763,7086.33501727257,71804.6612928428,53922.9453914609,55221.8061037886,1170.82612669901,1185.64208559357,1193.73093278437,744.919823792985,514.392019497153,557.951805828907,7314.29272329438,7095.80038670871,7087.95067577796,71804.6612956007,53922.9453935719,55221.8061058649,0,0,0,2.69187761719575e-10,0,0,3940.53850105555,3901.6852352042,3940.12357948496,3.94053667872833e-06,3.90168244122469e-06,3.94012078875432e-06,3940.38737537455,3901.65189547543,3940.10853946618,3.94038773979853e-06,3.90165211895667e-06,3.9401096008709e-06,759.012588713821,567.131641951378,580.331466596807,7.59012675627126e-07,5.67131767196942e-07,5.80331549465188e-07,758.605852047137,566.854213145809,580.051924863925,75860.5682116939,56685.4190312261,58005.1723409147,3821.32739468976,3647.4740206594,3644.95296669128,3.82132739465091e-06,3.64747402072971e-06,3.64495296668861e-06,7314.29272329438,7095.80038670871,7087.95067577796,7.31429272263266e-06,7.09580038348954e-06,7.08795067619054e-06,1170.82612669901,1185.64208559357,1193.73093278437,2.91003251083954e-06,1.56794675633677e-06,2.32873262721917e-06
0.209,3926.66551363315,3912.08967711967,3943.82244132784,40500.3224040214,40340.9448759453,25832.5859022735,3926.66551363315,3912.08967711967,3943.82244132784,40500.3224038634,40340.9448759099,25832.5859022134,3926.50259884133,3912.05574938579,3943.78536634162,40576.0455813511,40408.9214901338,25749.3083066631,759.024435829346,567.756581770017,579.457049138089,4241.58249831966,2997.39674337949,3018.06015091745,758.61769860407,567.480096745759,579.178179313617,4241.58249831966,2997.39674337949,3018.06015091745,758.61769860407,567.480096745759,579.178179313617,71805.8494201425,53995.3681948099,55141.4001348268,758.61769860407,567.480096745759,579.178179313617,0.0392594098740218,0.0397837041014158,0.0395352493994862,765.797259248329,572.878398257124,584.691140829431,71805.8494201425,53995.3681948099,55141.4001348268,7318.37847580679,7091.80650201022,7089.08097287201,71805.8407535463,53995.3574008031,55141.3888785534,1169.02092723366,1186.89288998174,1185.46811897601,738.767407517802,513.944025285859,554.933642758308,7321.09836489106,7093.4084461384,7090.7095121049,71805.8407563226,53995.3574029101,55141.38888065,0,0,0,2.69192072717314e-10,0,0,3926.66551363315,3912.08967711967,3943.82244132784,3.92666367596595e-06,3.91208687874537e-06,3.94381963625827e-06,3926.50259884133,3912.05574938579,3943.78536634162,3.9265029748819e-06,3.91205597327273e-06,3.94378642524878e-06,759.024435829346,567.756581770017,579.457049138089,7.59024522744868e-07,5.67756706618874e-07,5.79457131855861e-07,758.61769860407,567.480096745759,579.178179313617,75861.7528564032,56748.0073953102,57917.7978309918,3825.53267845739,3646.14269143506,3646.50016335635,3.82553267841525e-06,3.64614269150625e-06,3.64650016335344e-06,7321.09836489106,7093.4084461384,7090.7095121049,7.3210983642193e-06,7.09340844291907e-06,7.09070951251989e-06,1169.02092723366,1186.89288998174,1185.46811897601,2.91649649569014e-06,1.56117847312993e-06,2.32896699514196e-06
0.21,3919.37782534411,3923.39871358555,3937.78233349313,40505.7451374687,40346.2994638516,25866.3256278594,3919.37782534411,3923.39871358555,3937.78233349313,40505.7451373092,40346.2994638096,25866.3256277734,3919.21301056698,3923.35796440135,3937.72815001794,40580.98773109,40414.392048411,25782.2154557133,759.329020513543,568.162969570726,579.134996003458,4241.57893039514,2999.36992526451,3019.95067700862,758.922453012068,567.887226369788,578.856117415097,4241.57893039514,2999.36992526451,3019.95067700862,758.922453012068,567.887226369788,578.856117415097,71838.1142437011,54043.9826770982,55109.2132771083,758.922453012068,567.887226369788,578.856117415097,0.0393019928646246,0.0397287761781853,0.0392629685294955,766.105231085092,573.290342072092,584.365849711671,71838.1142437011,54043.9826770982,55109.2132771083,7322.0274318596,7091.21144750861,7098.20757110879,71838.105507769,54043.9723618131,55109.2027368445,1170.27186531181,1185.22783618771,1177.34943944318,733.600183002044,514.26680536258,550.551523216106,7324.75766952567,7092.80523138425,7099.84821238354,71838.105510556,54043.9723639073,55109.2027389607,0,0,0,2.69192195023816e-10,0,0,3919.37782534411,3923.39871358555,3937.78233349313,3.91937598260462e-06,3.92339590309588e-06,3.93777951648029e-06,3919.21301056698,3923.35796440135,3937.72815001794,3.9192133863381e-06,3.92335819325343e-06,3.93772920787623e-06,759.329020513543,568.162969570726,579.134996003458,7.59329107356207e-07,5.68163094101205e-07,5.79135078735216e-07,758.922453012068,567.887226369788,578.856117415097,75892.2282847387,56788.7203646196,57885.5916553991,3827.83583572132,3646.02919730154,3652.49211020572,3.8278358356788e-06,3.64602919737372e-06,3.65249211020232e-06,7324.75766952567,7092.80523138425,7099.84821238354,7.32475766884697e-06,7.09280522817847e-06,7.09984821280082e-06,1170.27186531181,1185.22783618771,1177.34943944318,2.92141848490527e-06,1.55914985596639e-06,2.32284339456682e-06
0.211,3919.47152019163,3929.13281031766,3926.06320422701,40508.0053916805,40368.3484184456,25926.8167734566,3919.47152019163,3929.13281031766,3926.06320422701,40508.0053915228,40368.3484183938,25926.8167733614,3919.30859622103,3929.08208926678,3926.00262987649,40583.2692509462,40436.2561734352,25842.4538510936,759.714245429094,568.268082223393,579.286359187727,4241.866008996,3004.23213300112,3022.38271226301,759.308062227863,567.992770945679,579.007211496487,4241.866008996,3004.23213300112,3022.38271226301,759.308062227863,567.992770945679,579.007211496487,71880.74820686,54059.3484988883,55121.626006209,759.308062227863,567.992770945679,579.007211496487,0.0393915439057716,0.0395663086606498,0.0390616718967654,766.495081085194,573.397375038435,584.5181856378,71880.74820686,54059.3484988883,55121.626006209,7322.5786071995,7084.48063911756,7101.35726428303,71880.7392101203,54059.3367429233,55121.6162579564,1172.9002329244,1180.30265665913,1171.33188384079,729.801509272304,514.705816017583,545.419562544895,7325.31167979232,7086.06427553849,7103.01228454054,71880.7392129089,54059.3367450016,55121.6162600915,0,0,0,2.69215733816904e-10,0,0,3919.47152019163,3929.13281031766,3926.06320422701,3.91946967542945e-06,3.92912998721202e-06,3.92606037982987e-06,3919.30859622103,3929.08208926678,3926.00262987649,3.91930896787587e-06,3.92908232519945e-06,3.92600368941055e-06,759.714245429094,568.268082223393,579.286359187727,7.59714332124843e-07,5.6826820656837e-07,5.79286441961323e-07,759.308062227863,567.992770945679,579.007211496487,75930.7891950913,56799.2748305254,57900.7010568446,3828.26840259368,3641.74408158757,3654.35257050541,3.82826840255176e-06,3.64174408165966e-06,3.65435257050058e-06,7325.31167979232,7086.06427553849,7103.01228454054,7.32531167911152e-06,7.08606427234895e-06,7.10301228496083e-06,1172.9002329244,1180.30265665913,1171.33188384079,2.92041996931571e-06,1.56099962978113e-06,2.31076405962088e-06
0.212,3924.11590295761,3925.6895232991,3914.0554130375,40506.224812457,40404.4543241775,25967.2802084408,3924.11590295761,3925.6895232991,3914.0554130375,40506.2248122991,40404.4543241191,25967.2802083537,3923.95302118745,3925.63184347397,3913.99993234042,40581.7175752161,40471.9491649386,25883.3646478022,759.973727598791,568.002565476706,579.791515007523,4243.09181319578,3009.37075477558,3022.93459544002,759.568070575623,567.727465408821,579.512225002018,4243.09181319578,3009.37075477558,3022.93459544002,759.568070575623,567.727465408821,579.512225002018,71912.3785564843,54035.3340664639,55170.6515643913,759.568070575623,567.727465408821,579.512225002018,0.0394599199935955,0.0393256863762404,0.038968494399885,766.758216322852,573.12962847918,585.028106933221,71912.3785564843,54035.3340664639,55170.6515643913,7319.59572072466,7079.33173349582,7106.06845990776,71912.3697479418,54035.3188157702,55170.6363928338,1174.87186932369,1172.96632721965,1168.53522948957,727.413730246677,514.787299745608,540.328448962492,7322.32268983876,7080.90081115459,7107.73644796553,71912.3697507218,54035.3188178289,55170.6363949852,0,0,0,2.69304754824506e-10,0,0,3924.11590295761,3925.6895232991,3914.0554130375,3.92411405382418e-06,3.92568669490646e-06,3.9140525847929e-06,3923.95302118745,3925.63184347397,3913.99993234042,3.92395339204867e-06,3.92563208439854e-06,3.91400099677063e-06,759.973727598791,568.002565476706,579.791515007523,7.59973814106962e-07,5.68002689740383e-07,5.79791597745191e-07,759.568070575623,567.727465408821,579.512225002018,75956.7900233033,56772.7442860348,57951.2023891349,3826.51195087461,3638.49222665616,3657.35906892481,3.8265119508369e-06,3.63849222673016e-06,3.65735906891991e-06,7322.32268983876,7080.90081115459,7107.73644796553,7.32232268916221e-06,7.08090080798893e-06,7.10773644838843e-06,1174.87186932369,1172.96632721965,1168.53522948957,2.91156984720129e-06,1.56453570664241e-06,2.2952677009024e-06
0.213,3928.2709763936,3913.1367671404,3906.21208747886,40508.8926754283,40437.9721833875,25951.2513552971,3928.2709763936,3913.1367671404,3906.21208747886,40508.8926752661,40437.9721833317,25951.2513552289,3928.10375751794,3913.08168220305,3906.16909130841,40584.5331724686,40505.0396218496,25868.3571808769,759.919425019874,567.317205457185,580.511178587952,4245.46060053263,3011.18104400537,3021.03220290006,759.514327967966,567.04236270099,580.232104468252,4245.46060053263,3011.18104400537,3021.03220290006,759.514327967966,567.04236270099,580.232104468252,71913.0632465898,53969.6489789219,55244.7878614491,759.514327967966,567.04236270099,580.232104468252,0.0394516417752458,0.039063026382871,0.0389809201701118,766.704497061382,572.437932625358,585.755401161461,71913.0632465898,53969.6489789219,55244.7878614491,7313.37920842283,7076.45066628103,7110.47182154287,71913.0543364042,53969.6409885893,55244.7794120229,1174.52839886234,1164.88748487614,1168.89167715446,726.195242510829,514.347331974703,536.024413959953,7316.09066693368,7078.00315710703,7112.1504839413,71913.054339166,53969.6409906279,55244.7794141864,0,0,0,2.69466075814717e-10,0,0,3928.2709763936,3913.1367671404,3906.21208747886,3.9282691197649e-06,3.91313394636873e-06,3.90620925628921e-06,3928.10375751794,3913.08168220305,3906.16909130841,3.92810413395512e-06,3.91308192184989e-06,3.90617016307e-06,759.919425019874,567.317205457185,580.511178587952,7.59919511339602e-07,5.67317329635177e-07,5.80511261165556e-07,759.514327967966,567.04236270099,580.232104468252,75951.4157632723,56704.2340259437,58023.1903154075,3822.7404315398,3636.81464804761,3660.32059002091,3.8227404314955e-06,3.63681464812028e-06,3.66032059001472e-06,7316.09066693368,7078.00315710703,7112.1504839413,7.31609066626867e-06,7.07800315396888e-06,7.11215048436645e-06,1174.52839886234,1164.88748487614,1168.89167715446,2.89579650884288e-06,1.56712474100249e-06,2.28002231370417e-06
0.214,3926.69867255017,3894.78322121516,3904.38530006249,40525.4316174592,40441.2476440543,25864.5790312169,3926.69867255017,3894.78322121516,3904.38530006249,40525.4316172903,40441.2476440145,25864.5790311678,3926.52434162913,3894.74450223992,3904.3550693753,40600.9616402559,40508.1307637534,25782.968781469,759.391282982622,566.194204782667,581.304831698415,4248.18049422284,3006.28602111203,3017.80231245554,758.9867244127,565.920018226283,581.026354430588,4248.18049422284,3006.28602111203,3017.80231245554,758.9867244127,565.920018226283,581.026354430588,71866.1633065484,53864.0672802686,55330.2892133534,758.9867244127,565.920018226283,581.026354430588,0.0393407694408072,0.0388411388877096,0.0390601092432132,766.172156804817,571.305021274108,586.558190790154,71866.1633065484,53864.0672802686,55330.2892133534,7303.59014551792,7065.95747479436,7111.03972469,71866.1543465035,53864.0565188789,55330.2784401879,1171.0919245734,1157.9626717198,1171.24019907518,725.7486746881,513.538682200168,533.010087720057,7306.27729640759,7067.49079505506,7112.72332329676,71866.1543492387,53864.0565208933,55330.2784423547,0,0,0,2.69639027102997e-10,0,0,3926.69867255017,3894.78322121516,3904.38530006249,3.92669680967462e-06,3.89478042238479e-06,3.90438246453604e-06,3926.52434162913,3894.74450223992,3904.3550693753,3.92652472777718e-06,3.89474473186217e-06,3.90435614883223e-06,759.391282982622,566.194204782667,581.304831698415,7.59391369133194e-07,5.66194328718011e-07,5.81304914007646e-07,758.9867244127,565.920018226283,581.026354430588,75898.6554207394,56591.9995855268,58102.6153003559,3816.61296922876,3629.48762699809,3660.62691821717,3.81661296918513e-06,3.62948762707042e-06,3.66062691821064e-06,7306.27729640759,7067.49079505506,7112.72332329676,7.30627729576174e-06,7.06749079194918e-06,7.11272332372303e-06,1171.0919245734,1157.9626717198,1171.24019907518,2.87639725541291e-06,1.56660112986484e-06,2.26854516031848e-06
0.215,3915.8427831556,3875.84421066353,3907.19916387604,40557.741196348,40383.3732487426,25719.3925822907,3915.8427831556,3875.84421066353,3907.19916387604,40557.741196175,40383.3732487318,25719.3925822501,3915.66364406874,3875.83549785753,3907.17472057182,40632.8957739435,40450.5084605028,25638.9375836315,758.266000329121,564.657826642691,582.041405769786,4249.34904071248,2992.691042543,3015.29968714353,757.8620165085,564.385004905103,581.763749936678,4249.34904071248,2992.691042543,3015.29968714353,757.8620165085,564.385004905103,581.763749936678,71759.8540196043,53724.1887721743,55412.5045889243,757.8620165085,564.385004905103,581.763749936678,0.0391373036892086,0.0387083372416809,0.0391459268459243,765.036777326184,569.756022940614,587.303782281252,71759.8540196043,53724.1887721743,55412.5045889243,7292.35358667418,7064.28105323317,7110.43917768149,71759.8445426376,53724.1676726168,55412.4895205479,1164.85874858017,1153.68100493838,1173.77397019895,725.670783319266,512.731925674181,531.421768896408,7295.00868706494,7065.79881444804,7112.12532564877,71759.84454534,53724.1676746155,55412.4895227146,0,0,0,2.6969270886732e-10,0,0,3915.8427831556,3875.84421066353,3907.19916387604,3.91584092320832e-06,3.87584144468164e-06,3.90719632228091e-06,3915.66364406874,3875.83549785753,3907.17472057182,3.91566403749036e-06,3.87583570908721e-06,3.90717580523782e-06,758.266000329121,564.657826642691,582.041405769786,7.58266086313884e-07,5.64657950036633e-07,5.8204148776006e-07,757.8620165085,564.385004905103,581.763749936678,75786.1846608722,56438.4982577975,58176.3548515925,3809.49513932611,3628.66227834378,3660.47414051969,3.80949513929019e-06,3.62866227841635e-06,3.66047414051307e-06,7295.00868706494,7065.79881444804,7112.12532564877,7.29500868644493e-06,7.06579881136929e-06,7.1121253260758e-06,1164.85874858017,1153.68100493838,1173.77397019895,2.85790185681455e-06,1.56192466071459e-06,2.26302303917741e-06
0.216,3895.11541901885,3861.57141132804,3910.57108441845,40594.9321827562,40240.0335702083,25549.5973948366,3895.11541901885,3861.57141132804,3910.57108441845,40594.9321825883,40240.0335702344,25549.5973947869,3894.94043090517,3861.60110985238,3910.54087035854,40669.6036404183,40307.9020829929,25469.8232914545,756.466195991623,562.781653337273,582.604387453389,4246.32121433941,2970.5415319607,3015.40397851273,756.063002998024,562.511047843642,582.327537562801,4246.32121433941,2970.5415319607,3015.40397851273,756.063002998024,562.511047843642,582.327537562801,71588.1583827452,53558.8930770357,55477.3415484175,756.063002998024,562.511047843642,582.327537562801,0.0388833105281863,0.0386819334098627,0.0391774609657805,763.220565030518,567.865542942241,587.874014561482,71588.1583827452,53558.8930770357,55477.3415484175,7279.1369917458,7058.68410398501,7108.71372224001,71588.1501614772,53558.8948331939,55477.3332145379,1157.08748220026,1152.61876178083,1174.65581031681,725.67825493275,512.343598254734,531.019676488324,7281.75444264821,7060.18531599821,7110.39517820717,71588.1501641429,53558.8948351753,55477.3332166955,0,0,0,2.69453890215352e-10,0,0,3895.11541901885,3861.57141132804,3910.57108441845,3.89511357968675e-06,3.86156868162931e-06,3.91056823735454e-06,3894.94043090517,3861.60110985238,3910.54087035854,3.89494082069586e-06,3.86160129784685e-06,3.91054195495229e-06,756.466195991623,562.781653337273,582.604387453389,7.56466281761113e-07,5.62781775816261e-07,5.82604469139022e-07,756.063002998024,562.511047843642,582.327537562801,75606.2833607209,56251.1025570921,58232.7336273504,3800.90040676097,3624.66967385612,3659.50346120589,3.80090040670909e-06,3.62466967392721e-06,3.65950346120019e-06,7281.75444264821,7060.18531599821,7110.39517820717,7.28175444205881e-06,7.06018531294869e-06,7.11039517863301e-06,1157.08748220026,1152.61876178083,1174.65581031681,2.84458456837078e-06,1.5534749235385e-06,2.26356834187664e-06
0.217,3867.32760187795,3855.30100252043,3909.18370552852,40613.3192561672,40002.4120767844,25399.0975690769,3867.32760187795,3855.30100252043,3909.18370552852,40613.3192560183,40002.4120768468,25399.0975690001,3867.1713705428,3855.36818755701,3909.13604236199,40687.652478933,40071.3544554004,25319.3498735197,753.97013523307,560.689582353659,582.893003954548,4236.44682493998,2942.28369809763,3018.77494495968,753.568203628225,560.4219456289,582.616744748341,4236.44682493998,2942.28369809763,3018.77494495968,753.568203628225,560.4219456289,582.616744748341,71351.4580946775,53379.6534400699,55512.6439794194,753.568203628225,560.4219456289,582.616744748341,0.0386398355053533,0.0387415682188195,0.0391128689176407,760.702079260096,565.758519061805,588.16670546729,71351.4580946775,53379.6534400699,55512.6439794194,7265.50409808806,7054.87199363479,7105.67234725203,71351.4481072755,53379.6305727197,55512.6317564388,1149.61174122312,1154.2209426987,1172.61695393499,725.674657956002,512.639337803218,531.297057461498,7268.08078461501,7056.35953217417,7107.34410946441,71351.4481099035,53379.6305746886,55512.6317585817,0,0,0,2.68756830113072e-10,0,0,3867.32760187795,3855.30100252043,3909.18370552852,3.86732580643428e-06,3.85529830320977e-06,3.90918085819836e-06,3867.1713705428,3855.36818755701,3909.13604236199,3.86717173868105e-06,3.85536835334222e-06,3.90913711972982e-06,753.97013523307,560.689582353659,582.893003954548,7.53970220664169e-07,5.606897035711e-07,5.82893085385909e-07,753.568203628225,560.4219456289,582.616744748341,75356.8035011005,56042.1923349835,58261.6543746894,3791.87643364097,3621.74629807572,3657.72266216459,3.7918764336116e-06,3.62174629814781e-06,3.65772266215927e-06,7268.08078461501,7056.35953217417,7107.34410946441,7.26808078405856e-06,7.05635952914894e-06,7.10734410988712e-06,1149.61174122312,1154.2209426987,1172.61695393499,2.83898695840226e-06,1.54295008769697e-06,2.26815026667008e-06
0.218,3838.08090321051,3857.02722924783,3898.47499794043,40581.9806159687,39682.4524260685,25305.788650694,3838.08090321051,3857.02722924783,3898.47499794043,40581.9806158543,39682.4524261566,25305.7886505793,3837.95999936788,3857.12032833256,3898.40274451599,40656.3602231998,39752.5049249848,25225.4755634349,750.819967929522,558.542071913684,582.821919881798,4217.95210181794,2912.14532781106,3024.26178317651,750.420008017132,558.277819958515,582.545981639824,4217.95210181794,2912.14532781106,3024.26178317651,750.420008017132,558.277819958515,582.545981639824,71056.417052645,53199.1752695328,55509.2419304645,750.420008017132,558.277819958515,582.545981639824,0.0384666901342482,0.0388352694347735,0.0389436734755065,757.524373256504,563.596337714909,588.095556635475,71056.417052645,53199.1752695328,55509.2419304645,7253.29899201182,7054.46256694312,7097.33477876349,71056.4080113918,53199.1653285411,55509.2297483825,1144.23726409668,1156.96389248073,1167.39190022845,725.737809569035,513.577320582395,531.675732144257,7255.83501997377,7055.94511671249,7098.9932691535,71056.4080139847,53199.16533051,55509.229750506,0,0,0,2.67499753789715e-10,0,0,3838.08090321051,3857.02722924783,3898.47499794043,3.83807917441858e-06,3.85702454642104e-06,3.89847216104999e-06,3837.95999936788,3857.12032833256,3898.40274451599,3.83796032537574e-06,3.85712047933976e-06,3.89840380718554e-06,750.819967929522,558.542071913684,582.821919881798,7.50820052831382e-07,5.58542191656748e-07,5.82822001093694e-07,750.420008017132,558.277819958515,582.545981639824,75041.9840468346,55827.7797579148,58254.5781077416,3783.70239724469,3621.44021924182,3652.35155345795,3.78370239721171e-06,3.62144021931389e-06,3.65235155345393e-06,7255.83501997377,7055.94511671249,7098.9932691535,7.25583501945021e-06,7.0559451136961e-06,7.09899326957157e-06,1144.23726409668,1156.96389248073,1167.39190022845,2.84091545846166e-06,1.5328633630471e-06,2.27325781576908e-06
0.219,3814.06890809605,3863.13055686948,3876.56291774715,40472.2989641419,39312.4931907054,25286.5942619098,3814.06890809605,3863.13055686948,3876.56291774715,40472.2989640733,39312.4931908005,25286.5942617589,3813.99627794712,3863.22969193923,3876.46675023109,40547.2272156145,39383.3049260373,25205.4207355916,747.126138496316,556.517929554459,582.324919499027,4190.68851240105,2884.99785257177,3029.03197024673,746.728984185394,556.25699182004,582.049169909773,4190.68851240105,2884.99785257177,3029.03197024673,746.728984185394,556.25699182004,582.049169909773,70715.3862416063,53030.4430694097,55461.8179848435,746.728984185394,556.25699182004,582.049169909773,0.0384000449927744,0.0388971638131637,0.0386995172903137,753.799244380282,561.558616480443,587.593966223454,70715.3862416063,53030.4430694097,55461.8179848435,7241.92162358044,7055.25920018986,7094.94741530113,70715.3778685802,53030.4382697016,55461.8044568362,1142.06903974517,1158.87469796091,1159.86778621726,726.027319321839,514.76060282575,531.722637595998,7244.41909333098,7056.73430095408,7096.58836971761,70715.377871142,53030.4382716671,55461.8044589384,0,0,0,2.65690151808087e-10,0,0,3814.06890809605,3863.13055686948,3876.56291774715,3.81406726042836e-06,3.8631278729577e-06,3.87656010647502e-06,3813.99627794712,3863.22969193923,3876.46675023109,3.81399654587615e-06,3.86322984033063e-06,3.87646779218534e-06,747.126138496316,556.517929554459,582.324919499027,7.47126222647816e-07,5.56518047818297e-07,5.82325000457888e-07,746.728984185394,556.25699182004,582.049169909773,74672.8817900969,55625.6969327006,58204.8969942091,3775.78753665994,3621.37800863968,3651.27288685198,3.77578753662579e-06,3.62137800871179e-06,3.65127288684933e-06,7244.41909333098,7056.73430095408,7096.58836971761,7.24441909283771e-06,7.05673429795043e-06,7.09658837012987e-06,1142.06903974517,1158.87469796091,1159.86778621726,2.84736021925382e-06,1.52569757257703e-06,2.27511591048654e-06
0.22,3800.61899840332,3867.56574684364,3845.44926946068,40268.4393821043,38938.5181283083,25329.8604184004,3800.61899840332,3867.56574684364,3845.44926946068,40268.4393820847,38938.5181283878,25329.8604182286,3800.59833656539,3867.64808499477,3845.33838264438,40344.343507663,39009.3936450695,25247.9516368846,743.063879324179,554.78515608563,581.362215177949,4156.48358477316,2864.87899787876,3029.42271863957,742.670296287874,554.526972581252,581.086817347582,4156.48358477316,2864.87899787876,3029.42271863957,742.670296287874,554.526972581252,581.086817347582,70345.2666587875,52885.2870344629,55369.3240741353,742.670296287874,554.526972581252,581.086817347582,0.0384362631201865,0.0388714438607406,0.0384402765117747,749.703540302484,559.814052264719,586.622342428141,70345.2666587875,52885.2870344629,55369.3240741353,7233.88239223375,7056.31798124482,7085.59752241011,70345.255929365,52885.2649934591,55369.3190876107,1143.02098036945,1158.24965302618,1151.85304208584,726.641930544046,515.53669373374,531.307363850502,7236.3472658946,7057.79626889158,7087.21847137216,70345.2559319039,52885.2649954344,55369.319089688,0,0,0,2.63462507797824e-10,0,0,3800.61899840332,3867.56574684364,3845.44926946068,3.80061743134289e-06,3.86756304644929e-06,3.84544650045833e-06,3800.59833656539,3867.64808499477,3845.33838264438,3.80059854196086e-06,3.86764824429369e-06,3.84533940082668e-06,743.063879324179,554.78515608563,581.362215177949,7.430639625267e-07,5.54785273082438e-07,5.81362295752084e-07,742.670296287874,554.526972581252,581.086817347582,74267.01313666,55452.6949975381,58108.6618155366,3769.94737245054,3621.87921663323,3645.05784822368,3.7699473724275e-06,3.62187921670431e-06,3.64505784822054e-06,7236.3472658946,7057.79626889158,7087.21847137216,7.23634726542608e-06,7.05779626588253e-06,7.08721847177803e-06,1143.02098036945,1158.24965302618,1151.85304208584,2.85350560456194e-06,1.52294028022065e-06,2.27107365896665e-06
0.221,3799.37258367338,3864.19946347197,3810.90142937495,39975.1251955461,38608.2059298543,25399.2087033294,3799.37258367338,3864.19946347197,3810.90142937495,39975.1251955675,38608.2059298982,25399.2087031604,3799.39524308093,3864.24563781827,3810.79108588819,40052.1614767937,38678.2812581145,25317.0613539041,738.859458237821,553.472808871536,579.932056054917,4118.9114085864,2853.69079304684,3022.22943897044,738.469934309612,553.21648361439,579.657522025695,4118.9114085864,2853.69079304684,3022.22943897044,738.469934309612,553.21648361439,579.657522025695,69965.9308653007,52773.1565793292,55235.1060308845,738.469934309612,553.21648361439,579.657522025695,0.0385306329267457,0.0387343483121254,0.0382352921118122,745.465233202313,558.492317503944,585.179618233592,69965.9308653007,52773.1565793292,55235.1060308845,7228.94772118933,7059.72541647705,7079.00797650462,69965.9232317418,52773.1512762191,55235.0856178051,1145.77041109353,1154.32372605012,1145.45490309221,727.486662007388,515.222096710404,530.632946809877,7231.38728781481,7061.2091361297,7080.60865956706,69965.9232342665,52773.1512782069,55235.0856198596,0,0,0,2.61058016084452e-10,0,0,3799.37258367338,3864.19946347197,3810.90142937495,3.79937107936208e-06,3.86419673839671e-06,3.81089871635662e-06,3799.39524308093,3864.24563781827,3810.79108588819,3.79939539671921e-06,3.86424581906433e-06,3.81079208096014e-06,738.859458237821,553.472808871536,579.932056054917,7.38859540376178e-07,5.53472924974905e-07,5.79932136022723e-07,738.469934309612,553.21648361439,579.657522025695,73846.9770799662,55321.646086265,57965.732376773,3765.95621458892,3623.84666995208,3640.60843337769,3.76595621455733e-06,3.62384667002235e-06,3.64060843337563e-06,7231.38728781481,7061.2091361297,7080.60865956706,7.23138728736542e-06,7.06120913311127e-06,7.08060865996616e-06,1145.77041109353,1154.32372605012,1145.45490309221,2.85454068934425e-06,1.52439726953383e-06,2.26068410210457e-06
0.222,3807.29897258419,3849.41556678317,3780.72482369004,39619.5518548215,38357.3539581122,25447.7618280029,3807.29897258419,3849.41556678317,3780.72482369004,39619.5518548659,38357.3539581093,25447.7618278604,3807.34530345942,3849.41490434874,3780.63115566337,39697.4824996833,38425.8579416356,25366.041353625,734.766256830246,552.652154936435,578.080121458317,4082.46536974856,2850.65055871473,3005.96474577109,734.380846705032,552.396716062379,577.807227889628,4082.46536974856,2850.65055871473,3005.96474577109,734.380846705032,552.396716062379,577.807227889628,69598.3614721472,52700.3336923086,55066.4525340402,734.380846705032,552.396716062379,577.807227889628,0.0386139105124721,0.0385055737749022,0.0381353608942711,741.339367995569,557.665239241354,583.312461718641,69598.3614721472,52700.3336923086,55066.4525340402,7227.49918674101,7066.55281094058,7075.78448152423,69598.3518090567,52700.3205090964,55066.4464278756,1148.2484393153,1147.62971464595,1142.23298480874,728.219429765487,513.369497110151,530.114546944958,7229.92188850434,7068.04368665924,7077.3676016327,69598.3518115766,52700.3205110984,55066.4464299128,0,0,0,2.5876699001079e-10,0,0,3807.29897258419,3849.41556678317,3780.72482369004,3.80729749965831e-06,3.84941281829652e-06,3.78072217283674e-06,3807.34530345942,3849.41490434874,3780.63115566337,3.80734542953217e-06,3.84941511311036e-06,3.7806321316878e-06,734.766256830246,552.652154936435,578.080121458317,7.34766337912382e-07,5.52652270572936e-07,5.78080200556379e-07,734.380846705032,552.396716062379,577.807227889628,73438.0684513002,55239.6693172354,57780.7030722483,3764.13701819677,3628.0959901526,3638.4783779152,3.76413701816787e-06,3.62809599021934e-06,3.63847837791166e-06,7229.92188850434,7068.04368665924,7077.3676016327,7.22992188806796e-06,7.06804368362858e-06,7.07736760202589e-06,1148.2484393153,1147.62971464595,1142.23298480874,2.84758847920126e-06,1.52817534467456e-06,2.24602844092041e-06
0.223,3817.76679743833,3823.89834577229,3761.81386771342,39245.8856918376,38199.8745391257,25436.7198423142,3817.76679743833,3823.89834577229,3761.81386771342,39245.8856918811,38199.8745390763,25436.7198422129,3817.8116783303,3823.85120901227,3761.74766048546,39324.0880244518,38266.3754494065,25355.99007917,731.032456577574,552.326804697191,575.906706579131,4051.34555768833,2852.79776269634,2981.6141964723,730.650740279811,552.071477136692,575.636290911284,4051.34555768833,2852.79776269634,2981.6141964723,730.650740279811,552.071477136692,575.636290911284,69262.5624354024,52669.1037953841,54874.0883995568,730.650740279811,552.071477136692,575.636290911284,0.0386205239922699,0.0382430677301207,0.0381495385740063,737.575653957394,557.336859505251,581.122293325601,69262.5624354024,52669.1037953841,54874.0883995568,7229.46562643793,7067.52319453025,7068.60861041012,69262.5529100556,52669.0909012623,54874.0796007123,1148.48401698316,1139.86067856949,1142.49182058205,728.318629142266,509.969096568145,530.146962222832,7231.88176115385,7069.02677761642,7070.17237647708,69262.5529125816,52669.0909032828,54874.0796027297,0,0,0,2.56849577673347e-10,0,0,3817.76679743833,3823.89834577229,3761.81386771342,3.81776531983314e-06,3.82389558333504e-06,3.7618112746666e-06,3817.8116783303,3823.85120901227,3761.74766048546,3.81781180743153e-06,3.82385144420144e-06,3.76174862355681e-06,731.032456577574,552.326804697191,575.906706579131,7.31032536739977e-07,5.52326920225265e-07,5.75906784576214e-07,730.650740279811,552.071477136692,575.636290911284,73065.0579148857,55207.1454150911,57563.6095017659,3764.61383295758,3628.41572899445,3633.06048338579,3.76461383292839e-06,3.62841572905869e-06,3.63306048338237e-06,7231.88176115385,7069.02677761642,7070.17237647708,7.23188176072345e-06,7.06902677456451e-06,7.07017237686434e-06,1148.48401698316,1139.86067856949,1142.49182058205,2.83296361700552e-06,1.53143130644982e-06,2.23103273157615e-06
0.224,3823.29487229982,3792.74333344034,3757.20021790713,38903.3735713398,38125.8083089593,25350.6101613044,3823.29487229982,3792.74333344034,3757.20021790713,38903.3735713595,38125.8083088741,25350.6101612451,3823.3150770183,3792.65986189524,3757.16244437513,38980.9973155757,38190.3376226046,25271.1041097234,727.867375851863,552.440245275614,573.56066490751,4028.28470479122,2856.34395879552,2952.56662969536,727.488552621166,552.184637020676,573.293370511435,4028.28470479122,2856.34395879552,2952.56662969536,727.488552621166,552.184637020676,573.293370511435,68975.567715126,52677.6664083257,54671.023207105,727.488552621166,552.184637020676,573.293370511435,0.0385160889406096,0.0380208670513783,0.0382396160877047,734.384737273834,557.450870299811,578.759065131881,68975.567715126,52677.6664083257,54671.023207105,7234.72887246609,7075.55532644106,7067.27164476613,68975.5595581604,52677.6530488954,54671.0009759273,1145.43092343208,1133.21944325876,1145.10362969196,727.254957426724,505.495265531639,530.866118736078,7237.14639657782,7077.07057701554,7068.82542981416,68975.5595607001,52677.6530509336,54671.0009779388,0,0,0,2.55463186401659e-10,0,0,3823.29487229982,3792.74333344034,3757.20021790713,3.82329335927145e-06,3.79274057043601e-06,3.75719766802455e-06,3823.3150770183,3792.65986189524,3757.16244437513,3.82331523694195e-06,3.79266011674183e-06,3.75716340070028e-06,727.867375851863,552.440245275614,573.56066490751,7.27867455328217e-07,5.52440360897317e-07,5.73560741678877e-07,727.488552621166,552.184637020676,573.293370511435,72748.839226588,55218.4613970938,57329.3175982373,3767.22319957883,3633.77514783823,3632.14729275805,3.76722319955138e-06,3.63377514790083e-06,3.63214729275479e-06,7237.14639657782,7077.07057701554,7068.82542981416,7.23714639614809e-06,7.07707057394379e-06,7.06882543019825e-06,1145.43092343208,1133.21944325876,1145.10362969196,2.81417480720664e-06,1.53156950655074e-06,2.2199064380882e-06
0.225,3818.67645649317,3763.66135473897,3764.66416360483,38631.9574751595,38108.2911159125,25203.3366810462,3818.67645649317,3763.66135473897,3764.66416360483,38631.95747514,38108.2911158072,25203.3366810152,3818.65689700492,3763.55701768488,3764.64563916945,38708.1832844829,38171.2901344781,25124.8567428228,725.412801633763,552.892520255447,571.223291628106,4013.88965404661,2858.23570781874,2923.66637322489,725.035890994473,552.636658444885,570.959353880401,4013.88965404661,2858.23570781874,2923.66637322489,725.035890994473,552.636658444885,570.959353880401,68749.6771108781,52720.2994534721,54471.3217072438,725.035890994473,552.636658444885,570.959353880401,0.0383121145881346,0.0378977821314328,0.03833665565459,731.909461521691,557.907158286877,576.405065291625,68749.6771108781,52720.2994534721,54471.3217072438,7242.01090024518,7078.69217739669,7066.26682995554,68749.6671572707,52720.2922437362,54471.3220626671,1139.4127506705,1129.483230632,1147.99919486551,724.695878323142,500.76683719338,532.027703822713,7244.43795222065,7080.21904084047,7067.8116876603,68749.6671598314,52720.2922457892,54471.3220646741,0,0,0,2.5462654577579e-10,0,0,3818.67645649317,3763.66135473897,3764.66416360483,3.81867488992637e-06,3.76365860284961e-06,3.76466163588778e-06,3818.65689700492,3763.55701768488,3764.64563916945,3.81865710509158e-06,3.76355728257591e-06,3.76464659342099e-06,725.412801633763,552.892520255447,571.223291628106,7.25412880692677e-07,5.52892635990351e-07,5.71223367200671e-07,725.035890994473,552.636658444885,570.959353880401,72503.5731151756,55263.6635370986,57095.9160662626,3771.23381379656,3635.77022314901,3631.0528949305,3.77123381375968e-06,3.63577022320844e-06,3.63105289492712e-06,7244.43795222065,7080.21904084047,7067.8116876603,7.24443795178593e-06,7.08021903774895e-06,7.0678116880419e-06,1139.4127506705,1129.483230632,1147.99919486551,2.79655087818023e-06,1.52733436776131e-06,2.2153167177162e-06
0.226,3803.04870200055,3743.89171082941,3777.75871684425,38451.0250876834,38116.0318404884,25032.7816608595,3803.04870200055,3743.89171082941,3777.75871684425,38451.0250876208,38116.0318403777,25032.7816608342,3802.98549375412,3743.78128615302,3777.74411555164,38525.3232166053,38178.1529459322,24954.7705923063,723.725817171443,553.562328976049,569.084044626641,4006.77641796747,2857.24263567037,2899.67158227069,723.349898200021,553.306544992613,568.823199163916,4006.77641796747,2857.24263567037,2899.67158227069,723.349898200021,553.306544992613,568.823199163916,68591.1522512982,52788.0305511346,54288.889157264,723.349898200021,553.306544992613,568.823199163916,0.0380613983403567,0.0378914829563877,0.03837135402389,730.207600411237,558.58382153176,574.25064179941,68591.1522512982,52788.0305511346,54288.889157264,7250.50389422248,7080.71006897444,7067.59442421295,68591.143450949,52788.013785606,54288.8700881257,1131.98970104602,1129.21688200992,1149.08171144798,720.652822822628,496.666185316563,533.070339612825,7252.94615198773,7082.24643235614,7069.13509299498,68591.1434535347,52788.0137876697,54288.8700901343,0,0,0,2.54235535322361e-10,0,0,3803.04870200055,3743.89171082941,3777.75871684425,3.80304707884238e-06,3.74388897530585e-06,3.7777561899976e-06,3802.98549375412,3743.78128615302,3777.74411555164,3.80298575334197e-06,3.74378155233324e-06,3.77774507017367e-06,723.725817171443,553.562328976049,569.084044626641,7.23725896049923e-07,5.53562444702448e-07,5.69084119183487e-07,723.349898200021,553.306544992613,568.823199163916,72334.9738615019,55330.6521927877,56882.3007127763,3776.14880786278,3637.03691576844,3631.4508086565,3.7761488078373e-06,3.63703691582758e-06,3.63145080865329e-06,7252.94615198773,7082.24643235614,7069.13509299498,7.25294615154397e-06,7.08224642924822e-06,7.06913509337564e-06,1131.98970104602,1129.21688200992,1149.08171144798,2.78498632334346e-06,1.51931536616251e-06,2.2172003299904e-06
0.227,3780.07687099441,3737.20001012358,3788.67811847601,38356.0253729775,38125.4214661478,24885.8659935968,3780.07687099441,3737.20001012358,3788.67811847601,38356.0253728785,38125.4214660402,24885.8659935541,3779.97658365891,3737.0924942595,3788.65223433087,38428.3047604847,38187.2792005702,24807.6261332916,722.776619540133,554.325357165583,567.30815466613,4004.40210725576,2854.15718784895,2883.70083362303,722.40102655408,554.070080112714,567.049704422001,4004.40210725576,2854.15718784895,2883.70083362303,722.40102655408,554.070080112714,567.049704422001,68499.5822803359,52869.5095762409,54135.8331590534,722.40102655408,554.070080112714,567.049704422001,0.0378357667190026,0.0379716577381365,0.0383029918850416,729.249565975944,559.355499210712,572.461807921333,68499.5822803359,52869.5095762409,54135.8331590534,7259.73240661696,7083.89772631508,7068.8054408483,68499.573245007,52869.4984499597,54135.8217452248,1125.2960349715,1131.54888123565,1147.10334138293,715.507781908015,493.831083473187,533.330130617727,7262.19247509959,7085.44228483524,7070.35143572358,68499.5732476183,52869.4984520322,54135.8217472465,0,0,0,2.5412124343947e-10,0,0,3780.07687099441,3737.20001012358,3788.67811847601,3.78007520077173e-06,3.73719728802815e-06,3.78867557641663e-06,3779.97658365891,3737.0924942595,3788.65223433087,3.77997688536469e-06,3.73709275685822e-06,3.78865318994083e-06,722.776619540133,554.325357165583,567.30815466613,7.22776698392005e-07,5.54325472705013e-07,5.67308228497041e-07,722.40102655408,554.070080112714,567.049704422001,72240.0867024054,55407.005706352,56704.95133712,3781.70533509109,3639.37693441438,3632.02934331104,3.78170533506293e-06,3.63937693447286e-06,3.63202934330799e-06,7262.19247509959,7085.44228483524,7070.35143572358,7.26219247464476e-06,7.08544228171288e-06,7.07035143610585e-06,1125.2960349715,1131.54888123565,1147.10334138293,2.78182773171393e-06,1.50966407741464e-06,2.22286042843869e-06
0.228,3756.28254157765,3742.45126647841,3791.42460681208,38324.0516933902,38127.1910359017,24799.839537738,3756.28254157765,3742.45126647841,3791.42460681208,38324.0516932683,38127.1910357981,24799.8395376634,3756.15825139704,3742.34797549618,3791.37794562192,38394.6413272713,38189.1670023862,24720.8121428545,722.4595220238,555.067416241915,566.012811942983,4004.17430490561,2851.1007747061,2876.32594169612,722.083935838693,554.812965073119,565.755829710932,4004.17430490561,2851.1007747061,2876.32594169612,722.083935838693,554.812965073119,565.755829710932,68467.9375809199,52952.2691708449,54021.4683072143,722.083935838693,554.812965073119,565.755829710932,0.0376957650116051,0.0380754551827402,0.0381342993763227,728.929311102523,560.106639530354,571.15646304894,68467.9375809199,52952.2691708449,54021.4683072143,7267.39900136252,7083.94394155868,7075.51819283446,68467.9283894449,52952.2611159056,54021.4607446121,1121.13505979822,1134.61650512571,1142.11976413394,709.909750067697,492.454982590684,532.298332169257,7269.87749349461,7085.48965079927,7077.06866940745,68467.9283920797,52952.2611179764,54021.4607466458,0,0,0,2.541214442156e-10,0,0,3756.28254157765,3742.45126647841,3791.42460681208,3.75628084047828e-06,3.74244854872086e-06,3.79142204150622e-06,3756.15825139704,3742.34797549618,3791.37794562192,3.75615857834398e-06,3.74234823450919e-06,3.79137890211915e-06,722.4595220238,555.067416241915,566.012811942983,7.22459600900531e-07,5.55067531451406e-07,5.66012885367613e-07,722.083935838693,554.812965073119,565.755829710932,72208.377624871,55481.2942058811,56575.5639343086,3786.38976259594,3639.38563583177,3636.18110507752,3.78638976256538e-06,3.63938563589005e-06,3.63618110507458e-06,7269.87749349461,7085.48965079927,7077.06866940745,7.26987749302794e-06,7.08548964767488e-06,7.07706866979085e-06,1121.13505979822,1134.61650512571,1142.11976413394,2.78595641881706e-06,1.50116265060654e-06,2.22825851008877e-06
0.229,3738.30247298497,3754.40839132065,3783.84637998649,38325.2108645022,38125.6005862967,24787.6979361489,3738.30247298497,3754.40839132065,3783.84637998649,38325.2108643712,38125.6005861926,24787.6979360413,3738.1682110227,3754.30486104795,3783.77804047545,38394.6964479712,38187.7687784698,24707.6800531998,722.613187363026,555.688341153232,565.249999040048,4004.34059644604,2850.29319672933,2875.69269115155,722.237605728254,555.434798311129,564.993590860947,4004.34059644604,2850.29319672933,2875.69269115155,722.237605728254,555.434798311129,564.993590860947,68483.359260386,53023.9115392646,53951.2467728085,722.237605728254,555.434798311129,564.993590860947,0.0376661796929088,0.0381357019622783,0.0379076841337789,729.084522260509,560.73560035679,570.38717629433,68483.359260386,53023.9115392646,53951.2467728085,7273.78546271448,7082.06621245562,7078.69001826644,68483.3499575224,53023.8944204058,53951.2320753894,1120.24676478003,1136.40355998817,1135.38346877473,704.585017978757,492.279099605098,529.809316456855,7276.27957151373,7083.61158825524,7080.252115218,68483.3499601755,53023.8944224728,53951.2320774419,0,0,0,2.54134031816724e-10,0,0,3738.30247298497,3754.40839132065,3783.84637998649,3.73830075686839e-06,3.75440566739935e-06,3.78384379109654e-06,3738.1682110227,3754.30486104795,3783.77804047545,3.73816854590863e-06,3.75430511994714e-06,3.78377899823756e-06,722.613187363026,555.688341153232,565.249999040048,7.2261326623012e-07,5.55688455985643e-07,5.65250072325844e-07,722.237605728254,555.434798311129,564.993590860947,72223.7446021379,55543.4775359783,56499.3400848766,3790.39407531132,3638.37726202394,3638.05694101542,3.79039407528797e-06,3.63837726208231e-06,3.63805694101153e-06,7276.27957151373,7083.61158825524,7080.252115218,7.27627957103681e-06,7.08361158513081e-06,7.08025211560404e-06,1120.24676478003,1136.40355998817,1135.38346877473,2.79347659240512e-06,1.49606114102011e-06,2.22975789803513e-06
0.23,3730.27937438711,3766.1376459866,3767.94370694748,38334.345763426,38131.5533751513,24834.092276461,3730.27937438711,3766.1376459866,3767.94370694748,38334.3457632953,38131.5533750407,24834.0922763322,3730.14513106901,3766.02795628829,3767.86093306371,38403.3436100998,38193.7366579842,24753.2981717826,723.043933718868,556.10108690133,565.003943226822,4004.33354194166,2852.8408495887,2878.54235657839,722.668551182395,555.848296582575,564.747478400606,4004.33354194166,2852.8408495887,2878.54235657839,722.668551182395,555.848296582575,564.747478400606,68528.545121251,53073.2736309959,53926.2025944996,722.668551182395,555.848296582575,564.747478400606,0.0377284315623573,0.0381072916470553,0.0376863906006,729.519976447534,561.153987222306,570.138546287156,68528.545121251,53073.2736309959,53926.2025944996,7277.51077290187,7079.07973797899,7083.71902355095,68528.5361615168,53073.2641306713,53926.1908370166,1122.07848014481,1135.53462528442,1128.78171416776,700.135806727594,492.758703177935,526.096816741989,7280.01541673781,7080.61939105133,7085.2939244596,68528.5361641807,53073.2641327279,53926.1908390883,0,0,0,2.54133683288171e-10,0,0,3730.27937438711,3766.1376459866,3767.94370694748,3.73027765335252e-06,3.76613490906027e-06,3.76794109915324e-06,3730.14513106901,3766.02795628829,3767.86093306371,3.7301454623174e-06,3.76602821917972e-06,3.767861893686e-06,723.043933718868,556.10108690133,565.003943226822,7.23044012496098e-07,5.56101201413312e-07,5.6500401653113e-07,722.668551182395,555.848296582575,564.747478400606,72266.8391345678,55584.8273699137,56474.7288473497,3792.78010511059,3636.59562350843,3641.1579745472,3.79278010508143e-06,3.63659562356801e-06,3.64115797454362e-06,7280.01541673781,7080.61939105133,7085.2939244596,7.28001541625364e-06,7.08061938793607e-06,7.08529392484809e-06,1122.07848014481,1135.53462528442,1128.78171416776,2.79950931437221e-06,1.49520283034785e-06,2.22548143220269e-06
0.231,3732.46383871737,3771.69497929323,3748.65555988675,38338.4422509607,38153.3028808679,24902.9181362781,3732.46383871737,3771.69497929323,3748.65555988675,38338.4422508333,38153.3028807483,24902.9181361468,3732.3330431974,3771.57623866005,3748.5704946624,38407.4019939469,38215.2214613144,24821.8739143011,723.547301524431,556.231037966726,565.201652381502,4004.52697221109,2858.05935544192,2881.60110249795,723.172358538708,555.978720954743,564.944884447742,4004.52697221109,2858.05935544192,2881.60110249795,723.172358538708,555.978720954743,564.944884447742,68583.5636694915,53091.5551632428,53942.9265745748,723.172358538708,555.978720954743,564.944884447742,0.0378315487458816,0.0379814539158134,0.0375293326576725,730.029261838475,561.286190204127,570.337623336588,68583.5636694915,53091.5551632428,53942.9265745748,7278.15497874295,7077.71599895249,7091.24239066661,68583.5543183057,53091.5434606665,53942.9164229943,1125.11033915808,1131.71367978997,1124.08135783172,696.898613128854,493.30607630216,521.71792943873,7280.66305956919,7079.24492295638,7092.83014626308,68583.5543209714,53091.5434627076,53942.9164250845,0,0,0,2.54151339007693e-10,0,0,3732.46383871737,3771.69497929323,3748.65555988675,3.7324621152048e-06,3.77169222940649e-06,3.74865293934408e-06,3732.3330431974,3771.57623866005,3748.5704946624,3.73233336783403e-06,3.77157650745577e-06,3.74857146093691e-06,723.547301524431,556.231037966726,565.201652381502,7.23547380131668e-07,5.56231152275514e-07,5.65201725735011e-07,723.172358538708,555.978720954743,564.944884447742,72317.2198592508,55597.8698146321,56494.4694402744,3793.27958536533,3635.93855740109,3646.02824252955,3.79327958533716e-06,3.6359385574604e-06,3.64602824252426e-06,7280.66305956919,7079.24492295638,7092.83014626308,7.2806630590825e-06,7.07924491985897e-06,7.09283014665401e-06,1125.11033915808,1131.71367978997,1124.08135783172,2.80012057005105e-06,1.49779820628733e-06,2.21582409780209e-06
0.232,3741.4568690262,3767.99756021734,3731.79738983837,38337.6746044122,38188.9105869616,24952.1940106485,3741.4568690262,3767.99756021734,3731.79738983837,38337.6746042855,38188.9105868362,24952.1940105329,3741.32708654212,3767.87273235992,3731.7223056528,38406.7737017739,38250.3546741583,24871.5295019164,723.925137530507,556.016344603218,565.73059270189,4005.59692136954,2863.57884770075,2882.73996593164,723.550801763444,555.764276320295,565.47364046902,4005.59692136954,2863.57884770075,2882.73996593164,723.550801763444,555.764276320295,565.47364046902,68627.8678270343,53073.02446963,53993.9173885546,723.550801763444,555.764276320295,565.47364046902,0.0379140672676788,0.0377853693146794,0.037469677340397,730.41209736607,561.069850723049,570.871482609025,68627.8678270343,53073.02446963,53993.9173885546,7275.44957840008,7068.6204659258,7092.69188361823,68627.8584751927,53073.0128882393,53993.9065679494,1127.50760469859,1125.72644171114,1122.28332868069,694.901894131696,493.502059391054,517.38574372945,7277.95295397967,7070.1367230515,7094.29151663715,68627.8584778507,53073.0128902617,53993.9065700537,0,0,0,2.54230645131238e-10,0,0,3741.4568690262,3767.99756021734,3731.79738983837,3.74145513984231e-06,3.7679948047153e-06,3.731794761177e-06,3741.32708654212,3767.87273235992,3731.7223056528,3.74132740899008e-06,3.76787300511185e-06,3.73172328078644e-06,723.925137530507,556.016344603218,565.73059270189,7.23925215920866e-07,5.56016458811768e-07,5.65730666033922e-07,723.550801763444,555.764276320295,565.47364046902,72355.0641744232,55576.425359744,56547.345020363,3791.70809281054,3629.83880497599,3646.68724602222,3.79170809278194e-06,3.62983880503614e-06,3.64668724601606e-06,7277.95295397967,7070.1367230515,7094.29151663715,7.27795295349611e-06,7.07013671997471e-06,7.09429151703031e-06,1127.50760469859,1125.72644171114,1122.28332868069,2.7936062967524e-06,1.50186053823082e-06,2.2031131993137e-06
0.233,3751.7323511786,3755.46619404441,3721.93217802727,38340.7683598392,38223.4316300229,24949.5313664039,3751.7323511786,3755.46619404441,3721.93217802727,38340.7683597081,38223.431629901,24949.5313663151,3751.59846741094,3755.34443177579,3721.87485962609,38409.9198543918,38284.3896933369,24869.7579152721,723.99809138138,555.414006027287,566.459060339392,4007.79696844556,2866.12785456604,2881.52649079872,723.624414143556,555.162185687297,566.20227166369,4007.79696844556,2866.12785456604,2881.52649079872,723.624414143556,555.162185687297,566.20227166369,68642.3024006723,53015.5727024947,54068.4080344328,723.624414143556,555.162185687297,566.20227166369,0.0379262236935114,0.0375702078415931,0.0375046643049953,730.487105231998,560.461987734951,571.607563758205,68642.3024006723,53015.5727024947,54068.4080344328,7269.93030537917,7066.9790990546,7097.26263888737,68642.2930239514,53015.5552989471,54068.3918693584,1127.78269026792,1119.09437754112,1123.31226430369,693.920744464906,493.211301335904,513.76778773966,7272.42002998075,7068.48026918078,7098.87267868953,68642.2930265923,53015.5553009511,54068.3918714748,0,0,0,2.54381887116537e-10,0,0,3751.7323511786,3755.46619404441,3721.93217802727,3.75173061211313e-06,3.75546344539634e-06,3.72192954285771e-06,3751.59846741094,3755.34443177579,3721.87485962609,3.75159879524765e-06,3.75534470265326e-06,3.72187584599048e-06,723.99809138138,555.414006027287,566.459060339392,7.23998169550248e-07,5.55414120148875e-07,5.6645913353096e-07,723.624414143556,555.162185687297,566.20227166369,72362.4254118375,55516.2163045927,56620.2081176905,3788.35501314171,3629.10464475893,3649.87984334662,3.7883550131175e-06,3.62910464482072e-06,3.64987984334012e-06,7272.42002998075,7068.48026918078,7098.87267868953,7.27242002950678e-06,7.0684802661288e-06,7.09887267908497e-06,1127.78269026792,1119.09437754112,1123.31226430369,2.78085511157397e-06,1.50501418490789e-06,2.19068130696619e-06
0.234,3757.65422768774,3737.55201545951,3720.84009772545,38357.165717816,38231.6815068209,24882.8800416168,3757.65422768774,3737.55201545951,3720.84009772545,38357.1657176771,38231.6815067155,24882.880041555,3757.51251588649,3737.44650728641,3720.80100653988,38426.1230694991,38292.3790823264,24804.2240891453,723.61481418317,554.408525008985,567.253332957187,4010.44619490804,2862.64852371861,2879.07739588141,723.241772029412,554.157267889383,566.99709215418,4010.44619490804,2862.64852371861,2879.07739588141,723.241772029412,554.157267889383,566.99709215418,68610.9007097585,52920.8264503299,54153.4752870049,723.241772029412,554.157267889383,566.99709215418,0.0378451310213287,0.03739284225993,0.0375988345765259,730.101272673029,559.447584361025,572.410880637827,68610.9007097585,52920.8264503299,54153.4752870049,7261.40359541615,7060.63372886279,7098.4284971377,68610.8915511774,52920.8237388089,54153.469167441,1125.24902501615,1113.53438024527,1126.10847390523,693.594803854246,492.586558330835,511.307300187868,7263.8714633271,7062.11841177164,7100.04411646102,68610.8915537933,52920.8237407927,54153.4691695617,0,0,0,2.54552109390505e-10,0,0,3757.65422768774,3737.55201545951,3720.84009772545,3.75765247852092e-06,3.73754928736442e-06,3.72083745500687e-06,3757.51251588649,3737.44650728641,3720.80100653988,3.75751285463567e-06,3.73744676811023e-06,3.72080200443945e-06,723.61481418317,554.408525008985,567.253332957187,7.23614892151894e-07,5.54408638921692e-07,5.67253405899591e-07,723.241772029412,554.157267889383,566.99709215418,72324.1612103819,55415.7245335746,56699.6901503499,3783.0081099616,3624.91451194388,3650.7277132109,3.7830081099246e-06,3.62491451200494e-06,3.65072771320377e-06,7263.8714633271,7062.11841177164,7100.04411646102,7.26387146286879e-06,7.06211840874671e-06,7.10004411685776e-06,1125.24902501615,1113.53438024527,1126.10847390523,2.76488875586742e-06,1.50531504140305e-06,2.18170246661453e-06
0.235,3755.28238244703,3719.45427822279,3726.99386318312,38389.1869729292,38185.3842107357,24763.9790568762,3755.28238244703,3719.45427822279,3726.99386318312,38389.1869727839,38185.3842106594,24763.9790568311,3755.1338536695,3719.37821576756,3726.96607988463,38457.7018131784,38246.2232494749,24686.3121188536,722.659899871211,553.023045721708,567.989888777517,4011.8217293259,2851.35030168692,2877.34193076745,722.287498291461,552.772958509522,567.734443451218,4011.8217293259,2851.35030168692,2877.34193076745,722.287498291461,552.772958509522,567.734443451218,68522.3322827269,52794.0832620724,54235.4279225838,722.287498291461,552.772958509522,567.734443451218,0.037680454552688,0.0372967217346288,0.0376976616586311,729.13809757363,558.050602074251,573.156401522251,68522.3322827269,52794.0832620724,54235.4279225838,7250.56031956155,7053.66133924194,7098.22792913448,68522.3224485557,52794.0630506121,54235.4128388965,1120.19279679517,1110.3852355438,1129.0338238088,693.564425437018,491.977403893368,510.115258729217,7252.99921025911,7055.12912911652,7099.84419612153,68522.3224511404,52794.0630525761,54235.4128410148,0,0,0,2.54622483865132e-10,0,0,3755.28238244703,3719.45427822279,3726.99386318312,3.75528063036315e-06,3.71945158113375e-06,3.72699121113445e-06,3755.1338536695,3719.37821576756,3726.96607988463,3.7551342026181e-06,3.71937845862336e-06,3.7269670868348e-06,722.659899871211,553.023045721708,567.989888777517,7.2265997765352e-07,5.53023159171785e-07,5.67989961414326e-07,722.287498291461,552.772958509522,567.734443451218,72228.733861654,55277.2936033842,56773.4252752366,3776.07773488602,3620.06780880653,3650.69986976099,3.77607773486463e-06,3.62006780886988e-06,3.65069986975382e-06,7252.99921025911,7055.12912911652,7099.84419612153,7.25299920982187e-06,7.05512912611912e-06,7.09984419651849e-06,1120.19279679517,1110.3852355438,1129.0338238088,2.74982375227044e-06,1.50184165603611e-06,2.17813170596617e-06
0.236,3743.56200880684,3706.36251402903,3736.12720877687,38427.1382636192,38062.2556777226,24624.1118162071,3743.56200880684,3706.36251402903,3736.12720877687,38427.1382634748,38062.2556776832,24624.1118161611,3743.41392983809,3706.32432880046,3736.0991000684,38495.1116327747,38123.6765113368,24546.9945715412,721.061886783237,551.324409644605,568.559531384735,4009.49769477296,2832.3991347879,2878.08586804543,720.690279668936,551.076249804922,568.304902078274,4009.49769477296,2832.3991347879,2878.08586804543,720.690279668936,551.076249804922,568.304902078274,68370.8894595943,52643.6283682011,54301.0421293886,720.690279668936,551.076249804922,568.304902078274,0.0374708333806735,0.0372970819126056,0.0377460268570348,727.525701804888,556.338853991373,573.733381609116,68370.8894595943,52643.6283682011,54301.0421293886,7239.19665005577,7052.8782226951,7094.87168888004,68370.8799167998,52643.6165267852,54301.030272775,1113.76948369374,1110.15469510948,1130.42596087199,693.584308055469,491.772740890889,509.964153340603,7241.60140245223,7054.33462352087,7096.48585910508,68370.8799193499,52643.6165287393,54301.030274887,0,0,0,2.54434033946956e-10,0,0,3743.56200880684,3706.36251402903,3736.12720877687,3.74356026898642e-06,3.70635985138113e-06,3.73612454747857e-06,3743.41392983809,3706.32432880046,3736.0991000684,3.74341428021833e-06,3.70632454894668e-06,3.73610011088451e-06,721.061886783237,551.324409644605,568.559531384735,7.21061964348873e-07,5.51324522301176e-07,5.68559603722319e-07,720.690279668936,551.076249804922,568.304902078274,72069.0120459008,55107.6227350694,56830.4711485359,3768.78879109809,3619.7447828454,3648.71559957105,3.76878879107414e-06,3.61974478290928e-06,3.64871559956383e-06,7241.60140245223,7054.33462352087,7096.48585910508,7.24160140204039e-06,7.05433462054135e-06,7.09648585950159e-06,1113.76948369374,1110.15469510948,1130.42596087199,2.73952461460033e-06,1.49495958915243e-06,2.18004150056989e-06
0.237,3724.69839819621,3701.62585606503,3742.68854003282,38449.2827242098,37854.2429523502,24503.2704649052,3724.69839819621,3701.62585606503,3742.68854003282,38449.2827240789,37854.2429523474,24503.2704648401,3724.56339872504,3701.62534265813,3742.64810823934,38516.8521771803,37916.552498748,24426.1057263877,718.801739728218,549.425164305395,568.86938919843,4001.028450077,2808.05759149441,2881.93030166779,718.431310662402,549.179622946097,568.61539364658,4001.028450077,2808.05759149441,2881.93030166779,718.431310662402,549.179622946097,568.61539364658,68156.9689578566,52480.1328627346,54338.9234043479,718.431310662402,549.179622946097,568.61539364658,0.037271999851593,0.0373749600903172,0.0377061635590946,725.245321417816,554.42587986593,574.047612848091,68156.9689578566,52480.1328627346,54338.9234043479,7226.42587344443,7048.06081702136,7093.61286930932,68156.9600989152,52480.1301059531,54338.9128088342,1107.65225741188,1112.32365785596,1129.13959922159,693.583510612345,492.219857369174,510.388130516014,7228.79346815443,7049.50284026044,7095.21750069079,68156.9601014295,52480.1301078926,54338.9128109319,0,0,0,2.53833807995949e-10,0,0,3724.69839819621,3701.62585606503,3742.68854003282,3.72469669115372e-06,3.70162322251884e-06,3.74268587364974e-06,3724.56339872504,3701.62534265813,3742.64810823934,3.72456373492588e-06,3.70162554072672e-06,3.74264911594925e-06,718.801739728218,549.425164305395,568.86938919843,7.18801816979488e-07,5.49425275851966e-07,5.6886946128228e-07,718.431310662402,549.179622946097,568.61539364658,71843.1152159437,54917.9600471038,56861.5203306036,3760.38062668276,3615.91908939221,3648.21771932747,3.7603806266524e-06,3.61591908945641e-06,3.64821771931955e-06,7228.79346815443,7049.50284026044,7095.21750069079,7.22879346777078e-06,7.04950283730458e-06,7.09521750108497e-06,1107.65225741188,1112.32365785596,1129.13959922159,2.73627022318356e-06,1.48623005445431e-06,2.18556131298544e-06
0.238,3703.58184217278,3705.39802610021,3741.76120135452,38426.9970063547,37572.4060766248,24435.5335822456,3703.58184217278,3705.39802610021,3741.76120135452,38426.9970062512,37572.4060766492,24435.5335821494,3703.47457619598,3705.4250065192,3741.70057605526,38494.5230341035,37635.6268261843,24357.7885630879,715.920369124345,547.47353266992,568.842249055422,3984.76990712325,2782.1979732811,2887.80818565053,715.55173159959,547.23101182558,568.588629276632,3984.76990712325,2782.1979732811,2887.80818565053,715.55173159959,547.23101182558,568.588629276632,67887.0097639734,52315.5648957053,54340.4975051701,715.55173159959,547.23101182558,568.588629276632,0.0371383988784807,0.037482609240729,0.0375707493066993,722.338738039212,552.460803903169,574.020957599954,67887.0097639734,52315.5648957053,54340.4975051701,7215.13141128071,7047.39451149182,7087.03188457809,67886.9988386892,52315.5389881268,54340.4868594156,1103.48390179348,1115.49143597425,1124.94464576441,693.652428364042,493.279257226416,510.861338460158,7217.46195113889,7048.83092765398,7088.62439330011,67886.9988411701,52315.5389900647,54340.4868614955,0,0,0,2.52727500628709e-10,0,0,3703.58184217278,3705.39802610021,3741.76120135452,3.70358018820678e-06,3.70539540872129e-06,3.74175853905581e-06,3703.47457619598,3705.4250065192,3741.70057605526,3.70347488000493e-06,3.70542518907204e-06,3.74170157339631e-06,715.920369124345,547.47353266992,568.842249055422,7.15920445898597e-07,5.47473642904396e-07,5.68842320923716e-07,715.55173159959,547.23101182558,568.588629276632,71555.1574024326,54723.0989316865,56858.8439332396,3752.82121182395,3615.33887052824,3644.08786586942,3.75282121180803e-06,3.61533887059305e-06,3.64408786585925e-06,7217.46195113889,7048.83092765398,7088.62439330011,7.21746195078412e-06,7.04883092470727e-06,7.08862439369165e-06,1103.48390179348,1115.49143597425,1124.94464576441,2.73984379284459e-06,1.47795307127478e-06,2.19147348371602e-06
0.239,3686.22430776496,3714.34805898124,3730.90559855703,38333.6854871332,37246.5674871653,24435.4897656935,3686.22430776496,3714.34805898124,3730.90559855703,38333.6854870678,37246.5674871993,24435.4897655659,3686.15638698792,3714.38446051617,3730.82417162347,38401.6358024987,37310.3627503411,24356.9088698047,712.522494765294,545.63349452047,568.418853813676,3960.58137719087,2759.24520740932,2893.08593578138,712.156395182057,545.393957539315,568.165454925102,3960.58137719087,2759.24520740932,2893.08593578138,712.156395182057,545.393957539315,568.165454925102,67572.8867409637,52161.9160965224,54300.7908500503,712.156395182057,545.393957539315,568.165454925102,0.0371026948175555,0.0375595396562209,0.0373674153619568,718.911985868998,550.608363876614,573.593773227838,67572.8867409637,52161.9160965224,54300.7908500503,7205.36992155151,7047.79047556936,7080.622571089,67572.8784962318,52161.9144409325,54300.7753937595,1102.26159892446,1117.84603520364,1118.66771805713,693.955303835882,494.579197687413,510.996463829864,7207.66594473108,7049.22438752649,7082.19923280401,67572.878498684,52161.9144428728,54300.7753958183,0,0,0,2.51121911210446e-10,0,0,3686.22430776496,3714.34805898124,3730.90559855703,3.68622271990247e-06,3.71434544125723e-06,3.73090295360716e-06,3686.15638698792,3714.38446051617,3730.82417162347,3.68615664394286e-06,3.71438463855442e-06,3.7308251527285e-06,712.522494765294,545.63349452047,568.418853813676,7.12522570863008e-07,5.45633603426844e-07,5.68418925446433e-07,712.156395182057,545.393957539315,568.165454925102,71215.6238752386,54539.393494422,56816.5265524474,3746.03432046409,3615.35120523063,3639.96326540832,3.74603432042904e-06,3.61535120529545e-06,3.63996326539632e-06,7207.66594473108,7049.22438752649,7082.19923280401,7.20766594440307e-06,7.04922438458425e-06,7.08219923319124e-06,1102.26159892446,1117.84603520364,1118.66771805713,2.74745134226431e-06,1.47239477261674e-06,2.19431777395187e-06
0.24,3677.49906858746,3722.74601873726,3711.31787640628,38154.6288179497,36918.9826423522,24491.4629360482,3677.49906858746,3722.74601873726,3711.31787640628,38154.6288179253,36918.982642375,24491.462935901,3677.47395724676,3722.77081537845,3711.22297203763,38223.3965935931,36982.7000564039,24412.1781988756,708.774106801368,544.062168219642,567.563774573742,3930.15655542837,2742.81180134016,2894.35855508156,708.411249829011,543.825123273902,567.310702130689,3930.15655542837,2742.81180134016,2894.35855508156,708.411249829011,543.825123273902,567.310702130689,67230.8498518268,52030.2772283377,54218.8313307782,708.411249829011,543.825123273902,567.310702130689,0.0371608493731976,0.0375545341262166,0.0371516033828924,715.132631196162,549.026334302233,572.730799924684,67230.8498518268,52030.2772283377,54218.8313307782,7197.69042056659,7051.06444742353,7077.89759819471,67230.8399123884,52030.262319092,54218.8221640314,1103.88456791495,1117.82377082667,1111.98268641404,694.594824062236,495.507572914268,510.690103194821,7199.95650100731,7052.49669576604,7079.45697262493,67230.8399148184,52030.2623210358,54218.82216607,0,0,0,2.4914167256227e-10,0,0,3677.49906858746,3722.74601873726,3711.31787640628,3.67749754652864e-06,3.72274338604192e-06,3.71131526341458e-06,3677.47395724676,3722.77081537845,3711.22297203763,3.67747416297939e-06,3.72277100125136e-06,3.71122393384762e-06,708.774106801368,544.062168219642,567.563774573742,7.08774182040047e-07,5.44062275984401e-07,5.67563845860579e-07,708.411249829011,543.825123273902,567.310702130689,70841.1094702145,54382.5100542823,56731.0513414896,3740.371020121,3617.08569308858,3638.36651875355,3.74037102009137e-06,3.61708569315314e-06,3.63836651873782e-06,7199.95650100731,7052.49669576604,7079.45697262493,7.19995650070309e-06,7.05249669282707e-06,7.079456973007e-06,1103.88456791495,1117.82377082667,1111.98268641404,2.75463915796848e-06,1.47089905141788e-06,2.19167013932758e-06
0.241,3678.98997264625,3724.65807252613,3687.75200349496,37894.3217562662,36633.1342948528,24569.268583283,3678.98997264625,3724.65807252613,3687.75200349496,37894.3217562759,36633.1342948458,24569.2685831365,3679.00015626625,3724.65329549284,3687.65659744498,37964.0416389256,36695.9745781941,24489.7514321702,704.889868436618,542.880863148154,566.275633922802,3896.80709963679,2734.5069265642,2888.65706966635,704.530717390886,542.645494702701,566.023318715057,3896.80709963679,2734.5069265642,2888.65706966635,704.530717390886,542.645494702701,566.023318715057,66879.9858387718,51929.4450117947,54097.7576023339,704.530717390886,542.645494702701,566.023318715057,0.0372708534226318,0.0374461277964611,0.0369873257682862,711.216998871576,547.836586839366,571.431300211809,66879.9858387718,51929.4450117947,54097.7576023339,7193.50386945295,7051.54633167849,7067.99848990315,66879.9756190303,51929.4294364362,54097.7489491483,1107.1092177399,1114.73277980852,1106.83416061026,695.485206663068,495.422638881991,510.150391350236,7195.74783277492,7052.98660393416,7069.53811815019,66879.9756214478,51929.4294383949,54097.7489511628,0,0,0,2.47010112343615e-10,0,0,3678.98997264625,3724.65807252613,3687.75200349496,3.67898850063755e-06,3.7246554168782e-06,3.68774943438552e-06,3679.00015626625,3724.65329549284,3687.65659744498,3.67900031995588e-06,3.72465349933117e-06,3.68765754040083e-06,704.889868436618,542.880863148154,566.275633922802,7.04889942704504e-07,5.42880970111479e-07,5.66275704666197e-07,704.530717390886,542.645494702701,566.023318715057,70453.0563556232,54264.5471851146,56602.3130860026,3736.98265060211,3617.18786287768,3631.36512644785,3.73698265057239e-06,3.61718786294256e-06,3.63136512642924e-06,7195.74783277492,7052.98660393416,7069.53811815019,7.195747832488e-06,7.05298660098206e-06,7.06953811852589e-06,1107.1092177399,1114.73277980852,1106.83416061026,2.75696414842243e-06,1.47325082511275e-06,2.18315237524546e-06
0.242,3688.04496145122,3716.42630261849,3666.94501636403,37578.2555397103,36421.0506099158,24625.5019354206,3688.04496145122,3716.42630261849,3666.94501636403,37578.2555397378,36421.0506098685,24625.5019352951,3688.07310832612,3716.38196454081,3666.86294732029,37648.6902025376,36482.314460823,24546.3727694822,701.110852209229,542.156933367321,564.596669602036,3864.67927338292,2733.45638112019,2874.63092229639,700.755473951243,541.922340592135,564.345803039495,3864.67927338292,2733.45638112019,2874.63092229639,700.755473951243,541.922340592135,564.345803039495,66540.4207128041,51865.2093642897,53944.4725893869,700.755473951243,541.922340592135,564.345803039495,0.0373680539740223,0.0372533921848067,0.0369210275840549,707.4077754014,547.106977502882,569.738458132235,66540.4207128041,51865.2093642897,53944.4725893869,7192.33917282373,7058.31945494864,7065.45718609443,66540.4125434942,51865.2010702853,53944.450715639,1110.00348570924,1109.09216629204,1104.64764334401,696.300946608047,493.905977443025,509.780878646571,7194.56836468248,7059.76637244668,7066.98104066577,66540.4125459076,51865.2010722573,53944.4507176379,0,0,0,2.44994748070868e-10,0,0,3688.04496145122,3716.42630261849,3666.94501636403,3.68804351174388e-06,3.71642362486207e-06,3.66694249624573e-06,3688.07310832612,3716.38196454081,3666.86294732029,3.68807325114372e-06,3.71638219147516e-06,3.66686387503359e-06,701.110852209229,542.156933367321,564.596669602036,7.01110925507664e-07,5.42157039923806e-07,5.64596739559347e-07,700.755473951243,541.922340592135,564.345803039495,70075.5321292695,54192.2317637203,56434.5616219014,3735.44680326992,3621.49933985456,3629.82606545761,3.7354468032372e-06,3.62149933992124e-06,3.62982606543851e-06,7194.56836468248,7059.76637244668,7066.98104066577,7.19456836440715e-06,7.05976636948381e-06,7.06698104103605e-06,1110.00348570924,1109.09216629204,1104.64764334401,2.751796120917e-06,1.47765905208069e-06,2.17074193405388e-06
0.243,3698.72370874893,3698.38608614486,3654.91459073063,37247.6254240667,36294.0981680764,24624.8110340408,3698.72370874893,3698.38608614486,3654.91459073063,37247.6254240903,36294.098167989,24624.811033949,3698.74765346622,3698.30237533056,3654.85491257383,37318.1794986023,36353.4152753332,24546.5865872936,697.674316704797,541.895127285625,562.617860067665,3837.60719250407,2736.80867783448,2853.2529830731,697.322331775418,541.660583372355,562.369211670662,3837.60719250407,2736.80867783448,2853.2529830731,697.322331775418,541.660583372355,562.369211670662,66231.3518900976,51839.7324864962,53768.9480270992,697.322331775418,541.660583372355,562.369211670662,0.0373915689900233,0.03703104155845,0.0369599142083993,703.94369491375,546.842651897899,567.74431906678,66231.3518900976,51839.7324864962,53768.9480270992,7194.39523921327,7062.24862724754,7061.02045896,66231.3410024479,51839.7200123842,53768.9481260157,1110.7372695843,1102.50274236007,1105.66866687086,696.542234161978,490.953720273307,509.958430508286,7196.61875618263,7063.70619297048,7062.52893939636,66231.3410048671,51839.7200143728,53768.9481279996,0,0,0,2.43332395422083e-10,0,0,3698.72370874893,3698.38608614486,3654.91459073063,3.6987222495707e-06,3.69838339477021e-06,3.65491211531087e-06,3698.74765346622,3698.30237533056,3654.85491257383,3.69874780226976e-06,3.69830262440481e-06,3.65485583051318e-06,697.674316704797,541.895127285625,562.617860067665,6.97674389156183e-07,5.41895233770674e-07,5.62617929019278e-07,697.322331775418,541.660583372355,562.369211670662,69732.2180119528,54166.0560330144,56236.902599076,3736.03694876994,3623.97338675099,3626.68502339652,3.73603694873569e-06,3.62397338681746e-06,3.62668502337488e-06,7196.61875618263,7063.70619297048,7062.52893939636,7.19661875591204e-06,7.06370618998936e-06,7.0625289397615e-06,1110.7372695843,1102.50274236007,1105.66866687086,2.73950259408089e-06,1.48145839028491e-06,2.15812829530816e-06
0.244,3704.32388616619,3674.99390645378,3654.26144558415,36947.9595431387,36241.4442104575,24553.9978410077,3704.32388616619,3674.99390645378,3654.26144558415,36947.959543138,36241.4442103399,24553.9978409494,3704.32333217126,3674.8799585945,3654.22445721929,37017.8346976538,36298.8822673154,24476.8785360827,694.780833370525,542.042443454126,560.47733971305,3818.01163389744,2741.01927785767,2827.73595276251,694.431497062795,541.807579337834,560.23151739501,3818.01163389744,2741.01927785767,2827.73595276251,694.431497062795,541.807579337834,560.23151739501,65969.0907105975,51851.3034768611,53583.4558641836,694.431497062795,541.807579337834,560.23151739501,0.0373102087689652,0.0368483771855058,0.0370669610016001,701.02660041626,546.99079766733,565.588074070047,65969.0907105975,51851.3034768611,53583.4558641836,7199.12588555946,7064.49110759965,7057.571734197,65969.0817157008,51851.2892460033,53583.4363099926,1108.36143349187,1097.02881210995,1108.80252975013,695.701566909271,487.019306431879,510.806110692532,7201.35228479471,7065.9604011711,7059.0669769671,65969.0817181343,51851.2892480081,53583.436311965,0,0,0,2.42161269880375e-10,0,0,3704.32388616619,3674.99390645378,3654.26144558415,3.7043223908278e-06,3.67499121357612e-06,3.65425900159286e-06,3704.32333217126,3674.8799585945,3654.22445721929,3.70432351113826e-06,3.67488022371748e-06,3.65422537090231e-06,694.780833370525,542.042443454126,560.47733971305,6.94780905191016e-07,5.42042550057308e-07,5.60477407534358e-07,694.431497062795,541.807579337834,560.23151739501,69443.1346152687,54180.755624332,56023.1332919999,3738.41697424606,3625.30288356817,3623.96558420508,3.73841697421808e-06,3.62530288363751e-06,3.62396558418328e-06,7201.35228479471,7065.9604011711,7059.0669769671,7.20135228452267e-06,7.06596039816982e-06,7.05906697732822e-06,1108.36143349187,1097.02881210995,1108.80252975013,2.72344432110909e-06,1.4822374152221e-06,2.14923251232579e-06
0.245,3700.28486815043,3653.14064766681,3662.91305337459,36715.4724886958,36236.9856528956,24427.389593021,3700.28486815043,3653.14064766681,3662.91305337459,36715.4724886577,36236.9856527621,24427.3895929834,3700.24708918232,3653.01031975179,3662.8901111779,36783.9160810022,36292.9904365738,24351.1708945326,692.566648305337,542.504620651113,558.343315748561,3806.30222941757,2743.31659651843,2802.61137447744,692.219039463368,542.269468749386,558.100557330258,3806.30222941757,2743.31659651843,2802.61137447744,692.219039463368,542.269468749386,558.100557330258,65765.4087513921,51894.5890276192,53401.1412036959,692.219039463368,542.269468749386,558.100557330258,0.0371362493685957,0.0367595820141352,0.037176799719259,698.793745741496,547.457018107433,563.438868635556,65765.4087513921,51894.5890276192,53401.1412036959,7206.38345784695,7071.69201592183,7057.31116611747,65765.3994101118,51894.5771531717,53401.1283363104,1103.2245906462,1094.3102512259,1112.0862928267,693.461816719741,482.876639238244,512.080232236611,7208.61913867053,7073.1725689781,7058.80265363898,65765.3994125654,51894.5771551921,53401.1283382844,0,0,0,2.41488746578728e-10,0,0,3700.28486815043,3653.14064766681,3662.91305337459,3.70028332167528e-06,3.65313796375004e-06,3.66291062226123e-06,3700.24708918232,3653.01031975179,3662.8901111779,3.70024731281999e-06,3.65301059238508e-06,3.66289102464835e-06,692.566648305337,542.504620651113,558.343315748561,6.92566719746979e-07,5.42504727387842e-07,5.58343382458427e-07,692.219039463368,542.269468749386,558.100557330258,69221.8889001746,54226.9445628328,55810.0374079947,3742.51551476777,3630.22656087856,3623.72800962411,3.74251551474036e-06,3.63022656094927e-06,3.62372800960219e-06,7208.61913867053,7073.1725689781,7058.80265363898,7.2086191383926e-06,7.0731725659578e-06,7.05880265399909e-06,1103.2245906462,1094.3102512259,1112.0862928267,2.70865472722417e-06,1.47886917625965e-06,2.14648102326389e-06
0.246,3686.11176959114,3639.25821927336,3675.07934272134,36566.6064892657,36251.3542289045,24281.3499305751,3686.11176959114,3639.25821927336,3675.07934272134,36566.6064891876,36251.3542287681,24281.3499305375,3686.03435871823,3639.12446264277,3675.05661224945,36633.1545472736,36306.5544034468,24205.4963407881,691.08653497576,543.166849866816,556.392443534226,3801.04287212254,2742.70171519911,2782.25424667701,690.739787055187,542.931741018713,556.152519852312,3801.04287212254,2742.70171519911,2782.25424667701,690.739787055187,542.931741018713,556.152519852312,65626.280385433,51961.2090685671,53234.963256948,690.739787055187,542.931741018713,556.152519852312,0.0369206805555012,0.0367794212432467,0.0372246405254874,697.300561778529,548.125956153314,561.474186052783,65626.280385433,51961.2090685671,53234.963256948,7214.14696650578,7072.16155282937,7058.9791572184,65626.2704673725,51961.201419366,53234.9592483239,1096.83526654463,1094.8239689454,1113.55939280025,689.837523624055,479.348740374114,513.236175993326,7216.39784572985,7073.65038745325,7060.465409748,65626.2704698507,51961.2014213952,53234.9592502976,0,0,0,2.41208778222738e-10,0,0,3686.11176959114,3639.25821927336,3675.07934272134,3.6861101708192e-06,3.6392555487699e-06,3.67507690615263e-06,3686.03435871823,3639.12446264277,3675.05661224945,3.68603462868564e-06,3.63912473523654e-06,3.67505752747143e-06,691.08653497576,543.166849866816,556.392443534226,6.91086606261087e-07,5.43166956613988e-07,5.56392509297162e-07,690.739787055187,542.931741018713,556.152519852312,69073.9636802656,54293.1717893851,55615.2337711549,3747.08464760874,3630.29862159772,3624.31786742578,3.74708464757944e-06,3.63029862166867e-06,3.62431786740418e-06,7216.39784572985,7073.65038745325,7060.465409748,7.2163978454422e-06,7.07365038441933e-06,7.06046541010668e-06,1096.83526654463,1094.8239689454,1113.55939280025,2.69968526689487e-06,1.4719788888237e-06,2.14970185820922e-06
0.247,3665.50736957328,3636.54582923729,3683.8929369625,36495.2542396126,36263.3309160116,24159.8465004324,3665.50736957328,3636.54582923729,3683.8929369625,36495.2542395021,36263.3309158793,24159.8465003746,3665.39739495226,3636.41606173565,3683.85713248118,36559.8640416388,36318.3004133118,24083.7042933323,690.311288123205,543.912510349613,554.780852773742,3799.77460698818,2740.09483454148,2769.42384625069,689.964781776644,543.677877622971,554.543122241869,3799.77460698818,2740.09483454148,2769.42384625069,689.964781776644,543.677877622971,554.543122241869,65551.2701753776,52040.6336343893,53096.3235105269,689.964781776644,543.677877622971,554.543122241869,0.0367315640923052,0.0368773973072564,0.0371736395597907,696.51804803082,548.88003051003,559.850888274923,65551.2701753776,52040.6336343893,53096.3235105269,7222.63127428068,7074.5594626131,7060.78369353506,65551.2608747201,52040.6141227325,53096.3032689752,1091.21748424059,1097.69046570707,1112.0922851437,685.197504392528,477.014635457556,513.639031861008,7224.89972843116,7076.0555021379,7062.2738039012,65551.2608772234,52040.6141247692,53096.3032709597,0,0,0,2.4115899034535e-10,0,0,3665.50736957328,3636.54582923729,3683.8929369625,3.66550572865625e-06,3.63654316909523e-06,3.68389048169164e-06,3665.39739495226,3636.41606173565,3683.85713248118,3.66539770143065e-06,3.63641633045006e-06,3.68385804976859e-06,690.311288123205,543.912510349613,554.780852773742,6.90311359393911e-07,5.43912616926712e-07,5.54780917859643e-07,689.964781776644,543.677877622971,554.543122241869,68996.4631566811,54367.7854532402,55454.2940964045,3752.25314541374,3632.0197472055,3625.28680868259,3.75225314539666e-06,3.63201974727734e-06,3.62528680866049e-06,7224.89972843116,7076.0555021379,7062.2738039012,7.22489972813217e-06,7.07605549909166e-06,7.06227380426072e-06,1091.21748424059,1097.69046570707,1112.0922851437,2.69861210903669e-06,1.46365363899395e-06,2.1562558138131e-06
0.248,3644.73355336484,3643.71348341515,3684.30805118252,36478.55277439,36265.8442784709,24096.7521163879,3644.73355336484,3643.71348341515,3684.30805118252,36478.5527742602,36265.8442783427,24096.7521162982,3644.60370768438,3643.58803704369,3684.2514992268,36541.5731783783,36320.921477432,24019.813601811,690.138541495447,544.634389555137,553.618268603754,3800.08235713001,2737.63247504514,2764.45100973274,689.791996624311,544.400565011543,553.381864348192,3800.08235713001,2737.63247504514,2764.45100973274,689.791996624311,544.400565011543,553.381864348192,65533.6086860883,52121.1917068416,52993.8346544308,689.791996624311,544.400565011543,553.381864348192,0.0366249976196496,0.0369931298605119,0.0370285535505966,696.343496485865,549.610753576199,558.679344726641,65533.6086860883,52121.1917068416,52993.8346544308,7230.29821503261,7074.90545519733,7064.02429756813,65533.5992253498,52121.1852702512,52993.8270895705,1088.04342051618,1101.11845737984,1107.80412064956,680.16062557614,476.026041481763,512.812302230023,7232.58441751814,7076.40481022573,7065.52176906423,65533.599227876,52121.1852722893,52993.8270915695,0,0,0,2.41189161126358e-10,0,0,3644.73355336484,3643.71348341515,3684.30805118252,3.64473188605698e-06,3.64371082514121e-06,3.68430557141805e-06,3644.60370768438,3643.58803704369,3684.2514992268,3.64460403445278e-06,3.64358830250685e-06,3.68425241832292e-06,690.138541495447,544.634389555137,553.618268603754,6.90138612793622e-07,5.44634495813015e-07,5.53618333314152e-07,689.791996624311,544.400565011543,553.381864348192,68979.1846344548,54440.054196605,55338.1683662103,3756.99090681411,3632.40165572804,3627.17431775948,3.75699090678583e-06,3.63240165579985e-06,3.62717431773751e-06,7232.58441751814,7076.40481022573,7065.52176906423,7.23258441720762e-06,7.07640480717357e-06,7.06552176942513e-06,1088.04342051618,1101.11845737984,1107.80412064956,2.70421648362134e-06,1.45653382297094e-06,2.16229874024546e-06
0.249,3629.97796265652,3655.80882148887,3674.93059318178,36488.0019623755,36264.7280553086,24102.4788629589,3629.97796265652,3655.80882148887,3674.93059318178,36488.0019622394,36264.7280551795,24102.4788628385,3629.8412753723,3655.68292718241,3674.85373843925,36550.0085283935,36319.9534831631,24024.5807471338,690.412470754078,545.240366744296,552.954163833941,3800.42604123183,2737.46878675636,2765.41657666593,690.065919177858,545.007453050159,552.718244358339,3800.42604123183,2737.46878675636,2765.41657666593,690.065919177858,545.007453050159,552.718244358339,65560.9428380896,52191.3667948826,52932.6123215003,690.065919177858,545.007453050159,552.718244358339,0.0366222346318841,0.0370635321668953,0.036831404292244,696.620151592928,550.224622285712,558.009573816974,65560.9428380896,52191.3667948826,52932.6123215003,7235.97822932423,7074.67598612337,7071.44143062894,65560.933172128,52191.35333531,52932.6003817494,1087.94845038425,1103.21262049605,1101.93848195315,675.409843066689,476.110778257109,510.614925131715,7238.27981862565,7076.17256784625,7072.94722507237,65560.9331746721,52191.3533373416,52932.6003837639,0,0,0,2.41210851193738e-10,0,0,3629.97796265652,3655.80882148887,3674.93059318178,3.62997628370272e-06,3.65580615564771e-06,3.67492809003215e-06,3629.8412753723,3655.68292718241,3674.85373843925,3.62984160651707e-06,3.65568319305165e-06,3.67485465964954e-06,690.412470754078,545.240366744296,552.954163833941,6.90412542037133e-07,5.45240472626193e-07,5.52954228422698e-07,690.065919177858,545.007453050159,552.718244358339,69006.5768779271,54500.7430045057,55271.8063981433,3760.52640085504,3632.33916455378,3631.82393676171,3.7605264008319e-06,3.63233916462547e-06,3.63182393673827e-06,7238.27981862565,7076.17256784625,7072.94722507237,7.23827981830486e-06,7.07617256479857e-06,7.07294722543478e-06,1087.94845038425,1103.21262049605,1101.93848195315,2.71270456198332e-06,1.45270012209869e-06,2.16444839192892e-06
0.25,3624.90610755944,3666.50170882559,3658.21294614742,36500.6064492293,36271.7175346615,24160.8235995431,3624.90610755944,3666.50170882559,3658.21294614742,36500.6064490954,36271.7175345259,24160.8235994048,3624.7713266855,3666.36964657908,3658.12372251692,36562.1828910524,36326.8973042857,24082.1944505776,690.946715490765,545.651037028357,552.773494038539,3800.43219492346,2740.62272831217,2769.16975968502,690.600382315369,545.418898231234,552.537465894828,3800.43219492346,2740.62272831217,2769.16975968502,690.600382315369,545.418898231234,552.537465894828,65616.6740714924,52240.7580477996,52913.6041181939,690.600382315369,545.418898231234,552.537465894828,0.036703379077459,0.0370476973044042,0.0366428299533783,697.160177948956,550.640957934242,557.826879176584,65616.6740714924,52240.7580477996,52913.6041181939,7239.72580791903,7069.88526747669,7072.99164353153,65616.6643466046,52240.7440307659,52913.5916775529,1090.34066792452,1102.72341080245,1096.30667843179,671.498958081909,476.740224586428,507.288089904975,7242.03800628235,7071.37832627581,7074.51040750043,65616.6643491596,52240.7440327894,52913.591679586,0,0,0,2.41210773048087e-10,0,0,3624.90610755944,3666.50170882559,3658.21294614742,3.62490442572434e-06,3.66649902971596e-06,3.65821042496732e-06,3624.7713266855,3666.36964657908,3658.12372251692,3.62477165225953e-06,3.66636991682014e-06,3.65812464737692e-06,690.946715490765,545.651037028357,552.773494038539,6.90946786671282e-07,5.45651142581537e-07,5.52773558655485e-07,690.600382315369,545.418898231234,552.537465894828,69060.0231786941,54541.8875287443,55253.7285555018,3762.95880186111,3629.32417139394,3632.47902704426,3.76295880183918e-06,3.62932417146595e-06,3.63247902701945e-06,7242.03800628235,7071.37832627581,7074.51040750043,7.24203800595429e-06,7.07137832323318e-06,7.07451040786537e-06,1090.34066792452,1102.72341080245,1096.30667843179,2.71945414906978e-06,1.4528612944526e-06,2.16105317501326e-06
0.251,3629.42907969435,3670.57238795845,3639.2197139746,36505.6176253332,36295.3312293011,24236.7925186584,3629.42907969435,3670.57238795845,3639.2197139746,36505.6176252034,36295.3312291566,24236.7925185209,3629.29852748168,3670.43166730735,3639.1302959614,36567.1712619689,36350.1855654664,24157.9438370637,691.545430019653,545.79863746069,553.006932304609,3800.61717835491,2746.36396711833,2772.65956883023,691.19958215795,545.567004088578,552.770570499305,3800.61717835491,2746.36396711833,2772.65956883023,691.19958215795,545.567004088578,552.770570499305,65681.6971357781,52261.146740598,52933.6046701188,691.19958215795,545.567004088578,552.770570499305,0.0368187618333199,0.0369398013726477,0.0365178567395068,697.76585552497,550.791051377699,558.061981241687,65681.6971357781,52261.146740598,52933.6046701188,7240.45402706754,7068.69355465248,7080.05848682794,65681.6877547564,52261.1350208887,52933.5905196256,1093.73873905934,1099.44453732143,1092.56033362059,668.721501816757,477.36344737553,503.37425977767,7242.77014182576,7070.17679142602,7081.58944216518,65681.6877573135,52261.1350228978,52933.5905216762,0,0,0,2.41228385317698e-10,0,0,3629.42907969435,3670.57238795845,3639.2197139746,3.62942739627194e-06,3.67056969646764e-06,3.63921718098663e-06,3629.29852748168,3670.43166730735,3639.1302959614,3.62929884590514e-06,3.6704319435682e-06,3.63913122716252e-06,691.545430019653,545.79863746069,553.006932304609,6.91545501011311e-07,5.4579874279685e-07,5.53006996977862e-07,691.19958215795,545.567004088578,552.770570499305,69119.9431511564,54556.6981219752,55277.0390008164,3763.5270940234,3628.7994370632,3637.14934080193,3.76352709400074e-06,3.62879943713671e-06,3.63714934077675e-06,7242.77014182576,7070.17679142602,7081.58944216518,7.24277014149482e-06,7.07017678839942e-06,7.08158944253231e-06,1093.73873905934,1099.44453732143,1092.56033362059,2.72084372536154e-06,1.45617837028773e-06,2.15263456923302e-06
0.252,3640.0511852712,3665.5949749104,3623.61882354052,36505.0575398361,36333.6863270614,24290.9608038834,3640.0511852712,3665.5949749104,3623.61882354052,36505.0575397069,36333.6863269119,24290.9608037641,3639.92169463829,3665.44887175808,3623.5410078666,36566.7268208202,36388.0161706802,24212.4858714406,692.019830017458,545.627210199072,553.547726175225,3801.74091749383,2752.36014553743,2774.01208382155,691.674654676531,545.395850002009,553.311160414249,3801.74091749383,2752.36014553743,2774.01208382155,691.674654676531,545.395850002009,553.311160414249,65736.3354484259,52247.2103054223,52985.5844842027,691.674654676531,545.395850002009,553.311160414249,0.0369102110525923,0.0367678869934844,0.0364859026674027,698.246351965044,550.618459840038,558.60777309468,65736.3354484259,52247.2103054223,52985.5844842027,7238.22416892176,7064.00827556027,7083.75213500037,65736.3255120617,52247.200948502,52985.5770992918,1096.40585456428,1094.18959645473,1091.58829064662,667.077886037671,477.604853456598,499.551041809682,7240.53653351817,7065.47965511759,7085.29445610115,65736.3255146118,52247.2009504943,52985.5771013567,0,0,0,2.41312125753103e-10,0,0,3640.0511852712,3665.5949749104,3623.61882354052,3.64004949632395e-06,3.66559227870751e-06,3.62361628305155e-06,3639.92169463829,3665.44887175808,3623.5410078666,3.63992201120548e-06,3.66544915188915e-06,3.62354194846029e-06,692.019830017458,545.627210199072,553.547726175225,6.92019900768924e-07,5.45627315422903e-07,5.53547790834124e-07,691.674654676531,545.395850002009,553.311160414249,69167.450395495,54539.5827215216,55331.0979667992,3762.25395834064,3625.90028996678,3639.58768321448,3.76225395831455e-06,3.62590029003984e-06,3.63958768318759e-06,7240.53653351817,7065.47965511759,7085.29445610115,7.2405365331897e-06,7.06547965211059e-06,7.08529445647045e-06,1096.40585456428,1094.18959645473,1091.58829064662,2.71543163885207e-06,1.46071528059863e-06,2.14151380257207e-06
0.253,3651.39727489432,3652.45403766131,3615.6615204318,36508.8287503969,36372.0609154552,24293.98105502,3651.39727489432,3652.45403766131,3615.6615204318,36508.828750263,36372.0609153101,24293.9810549288,3651.2634049384,3652.31174169113,3615.60237545095,36570.500432252,36425.8668254251,24216.3458143913,692.199918368264,545.097468815426,554.27166688634,3804.09730530821,2755.46500704355,2773.00777460179,691.855475133379,544.866352343897,554.035252625234,3804.09730530821,2755.46500704355,2773.00777460179,691.855475133379,544.866352343897,554.035252625234,65762.2551285333,52196.9936632979,53059.4968012845,691.855475133379,544.866352343897,554.035252625234,0.0369319806141265,0.0365817668084384,0.0365419580085103,698.429713602946,550.083911569862,559.339257804443,65762.2551285333,52196.9936632979,53059.4968012845,7232.93458732024,7056.27840735671,7085.26790481664,65762.2453572362,52196.977606167,53059.4814413625,1096.97428557465,1088.44108364144,1093.24731668116,666.335175220615,477.366445138704,496.437208815013,7235.23513147829,7057.73562835753,7086.81874455297,65762.2453597704,52196.9776081398,53059.4814434363,0,0,0,2.41474501014151e-10,0,0,3651.39727489432,3652.45403766131,3615.6615204318,3.65139557583369e-06,3.65245134898328e-06,3.61565897355138e-06,3651.2634049384,3652.31174169113,3615.60237545095,3.65126372755661e-06,3.65231201983581e-06,3.61560332763227e-06,692.199918368264,545.097468815426,554.27166688634,6.9219998887341e-07,5.4509757395112e-07,5.54271731412038e-07,691.855475133379,544.866352343897,554.035252625234,69185.5324397027,54486.6329651183,55403.5071611404,3759.01325948916,3620.77023380319,3640.5502362063,3.75901325946982e-06,3.62077023387898e-06,3.64055023617952e-06,7235.23513147829,7057.73562835753,7086.81874455297,7.23523513115822e-06,7.05773562537442e-06,7.08681874492407e-06,1096.97428557465,1088.44108364144,1093.24731668116,2.70424178875797e-06,1.4642229820129e-06,2.13089388550896e-06
0.254,3658.14782895006,3634.81835211901,3616.78632914559,36526.9061349764,36385.8976111865,24236.3359457819,3658.14782895006,3634.81835211901,3616.78632914559,36526.9061348341,36385.8976110589,24236.335945718,3658.00579088164,3634.69276311258,3616.7456661857,36588.323862042,36439.4096740629,24159.7267382139,691.942949026202,544.19478486368,555.053047383153,3807.02926677191,2752.8009678503,2770.88908013624,691.599207321751,543.964181371478,554.817179423118,3807.02926677191,2752.8009678503,2770.88908013624,691.599207321751,543.964181371478,554.817179423118,65744.1904443806,52112.0303094409,53143.2555240397,691.599207321751,543.964181371478,554.817179423118,0.0368646127835965,0.0364352895522474,0.036650545841638,698.17158558376,549.173232255343,560.129550475528,65744.1904443806,52112.0303094409,53143.2555240397,7225.64745636267,7055.90547452414,7087.54565216858,65744.1805959724,52112.0171676127,53143.2429434414,1094.86002030194,1083.82555288442,1096.47651871547,666.144422534979,476.823829534279,494.425991453765,7227.92828769326,7057.34908786115,7089.10355995214,65744.180598483,52112.0171695702,53143.2429455221,0,0,0,2.4166402403781e-10,0,0,3658.14782895006,3634.81835211901,3616.78632914559,3.65814611932829e-06,3.63481568399567e-06,3.61678377430943e-06,3658.00579088164,3634.69276311258,3616.7456661857,3.65800612506104e-06,3.63469303126216e-06,3.61674663013059e-06,691.942949026202,544.19478486368,555.053047383153,6.91943019308821e-07,5.44194889807846e-07,5.55053111665858e-07,691.599207321751,543.964181371478,554.817179423118,69159.9056665083,54396.4158753732,55481.6998227745,3754.50678930489,3620.89978092676,3642.30309477299,3.75450678928535e-06,3.62089978100322e-06,3.64230309474594e-06,7227.92828769326,7057.34908786115,7089.10355995214,7.22792828738742e-06,7.05734908490097e-06,7.08910356032509e-06,1094.86002030194,1083.82555288442,1096.47651871547,2.69027245801137e-06,1.46491229335992e-06,2.12374312172115e-06
0.255,3656.7245041526,3617.86863476283,3625.21355108935,36561.731108494,36347.9609810852,24131.0531693675,3656.7245041526,3617.86863476283,3625.21355108935,36561.7311083448,36347.9609809873,24131.0531693201,3656.57529682877,3617.7724154266,3625.18411045253,36622.6510088321,36401.5728788588,24055.3183352317,691.140435940629,542.939228842063,555.776529235794,3808.84787368833,2742.7581518564,2769.63412184012,690.797376647147,542.70969071988,555.541470367761,3808.84787368833,2742.7581518564,2769.63412184012,690.797376647147,542.70969071988,555.541470367761,65671.3204171246,51997.2252781075,53224.0416146316,690.797376647147,542.70969071988,555.541470367761,0.0367196651410499,0.0363682632274847,0.0367592087535864,697.362419866139,547.907262326513,560.861894025178,65671.3204171246,51997.2252781075,53224.0416146316,7215.5699235739,7047.79773420641,7087.4565608585,65671.3108974901,51997.2217339068,53224.0338371284,1090.40593529873,1081.57099122335,1099.6994402318,666.171707973671,476.332400285051,493.5899122104,7217.82457376914,7049.22518001723,7089.01449491054,65671.3108999712,51997.2217358444,53224.0338392059,0,0,0,2.41764242201514e-10,0,0,3656.7245041526,3617.86863476283,3625.21355108935,3.6567227908141e-06,3.61786599676802e-06,3.62521098603936e-06,3656.57529682877,3617.7724154266,3625.18411045253,3.65657564178279e-06,3.61777266596724e-06,3.62518508367088e-06,691.140435940629,542.939228842063,555.776529235794,6.91140506021451e-07,5.42939333363941e-07,5.55776593216368e-07,690.797376647147,542.70969071988,555.541470367761,69079.7226213318,54270.9668156686,55554.1289109955,3748.11723541997,3615.07546389255,3642.29699025602,3.74811723539416e-06,3.6150754639688e-06,3.64229699022895e-06,7217.82457376914,7049.22518001723,7089.01449491054,7.21782457348242e-06,7.04922517708459e-06,7.08901449528351e-06,1090.40593529873,1081.57099122335,1099.6994402318,2.67747350886214e-06,1.46199562087031e-06,2.1218052430966e-06
0.256,3646.36793699739,3606.59685821906,3636.58032948488,36603.642283867,36237.2121761935,24009.1149666029,3646.36793699739,3606.59685821906,3636.58032948488,36603.6422837182,36237.2121761327,24009.1149665545,3646.21867261731,3606.5378681286,3636.55054136006,36663.9774763832,36291.3429768429,23933.8157343547,689.725387899806,541.392604126842,556.341787574765,3807.18695784197,2725.62548638714,2770.96256344928,689.383124344252,541.164838144285,556.10757511674,3807.18695784197,2725.62548638714,2770.96256344928,689.383124344252,541.164838144285,556.10757511674,65538.2171423452,51860.3988272336,53289.5382789309,689.383124344252,541.164838144285,556.10757511674,0.0365357029706491,0.0363928840723886,0.0368161642364776,695.934821399469,546.348733661842,561.434507110852,65538.2171423452,51860.3988272336,53289.5382789309,7204.90339798364,7045.44229614157,7085.11445265984,65538.2064126979,51860.3730749763,53289.5224297377,1084.76516776618,1082.09058803572,1101.35395296143,666.204451122722,476.272367131786,493.683954503295,7207.12701271098,7046.85798097335,7086.66999966295,65538.2064151462,51860.3730769024,53289.5224318088,0,0,0,2.41620327032949e-10,0,0,3646.36793699739,3606.59685821906,3636.58032948488,3.6463662344793e-06,3.60659425297587e-06,3.63657775385105e-06,3646.21867261731,3606.5378681286,3636.55054136006,3.64621901969232e-06,3.60653809661687e-06,3.63655151883187e-06,689.725387899806,541.392604126842,556.341787574765,6.89725457759617e-07,5.41392707918236e-07,5.56341851257066e-07,689.383124344252,541.164838144285,556.10757511674,68938.2974309657,54116.4815635512,55610.7393923255,3741.29279392147,3613.45500302943,3640.99020168808,3.74129279391205e-06,3.61345500310691e-06,3.64099020166033e-06,7207.12701271098,7046.85798097335,7086.66999966295,7.20712701244669e-06,7.04685797806077e-06,7.0866700000351e-06,1084.76516776618,1082.09058803572,1101.35395296143,2.66945488255986e-06,1.45591478588802e-06,2.12500620918792e-06
0.257,3629.43481807481,3604.06434168007,3645.39393638679,36631.1382857924,36046.7006131129,23908.719445555,3629.43481807481,3604.06434168007,3645.39393638679,36631.1382856565,36046.7006130885,23908.7194454882,3629.29772191251,3604.04201608568,3645.35219554845,36691.0371675602,36101.6277291956,23833.2831101131,687.679956737175,539.657631157916,556.663614007646,3799.6861441416,2703.68368424207,2775.41771168004,687.338821665109,539.43229304545,556.430076774876,3799.6861441416,2703.68368424207,2775.41771168004,687.338821665109,539.43229304545,556.430076774876,65345.2883957563,51711.4004207725,53329.0592370437,687.338821665109,539.43229304545,556.430076774876,0.0363665071005771,0.0364887305621075,0.0367871717302252,693.871204476728,544.601291460624,561.76091005473,65345.2883957563,51711.4004207725,53329.0592370437,7193.99794443109,7043.75608921646,7081.04978676817,65345.2793268375,51711.3989888956,53329.0484395746,1079.55183109979,1084.81721923637,1100.4011949746,666.204080134775,476.873968344098,494.248810354663,7196.18798474404,7045.1627777305,7082.5982577351,65345.2793292523,51711.3989908145,53329.0484416336,0,0,0,2.41085057086131e-10,0,0,3629.43481807481,3604.06434168007,3645.39393638679,3.62943314589266e-06,3.60406176336508e-06,3.64539135383195e-06,3629.29772191251,3604.04201608568,3645.35219554845,3.62929805593553e-06,3.60404222329023e-06,3.64535317063766e-06,687.679956737175,539.657631157916,556.663614007646,6.8768002629229e-07,5.3965773392079e-07,5.56663677437799e-07,687.338821665109,539.43229304545,556.430076774876,68733.8672256056,53943.2270543549,55642.9895794241,3734.14478781369,3612.23142308325,3638.51280405922,3.7341447877849e-06,3.61223142315968e-06,3.63851280403183e-06,7196.18798474404,7045.1627777305,7082.5982577351,7.19618798450412e-06,7.04516277483303e-06,7.08259825810472e-06,1079.55183109979,1084.81721923637,1100.4011949746,2.66823336246062e-06,1.44823118025297e-06,2.1314393798276e-06
0.258,3610.78548476821,3610.14907624538,3646.89642764943,36616.199575263,35788.057556916,23861.2064484524,3610.78548476821,3610.14907624538,3646.89642764943,36616.1995751536,35788.0575569182,23861.2064483558,3610.67456756661,3610.15331783751,3646.83538768935,36676.0242824756,35843.7742425916,23785.1412586224,685.042794041734,537.872520976326,556.671946780171,3784.79676441424,2680.69206490616,2781.8734688942,684.703348274889,537.649999517247,556.438825273201,3784.79676441424,2680.69206490616,2781.8734688942,684.703348274889,537.649999517247,556.438825273201,65098.7289444484,51561.4279895546,53334.6133671662,684.703348274889,537.649999517247,556.438825273201,0.0362632520628215,0.0366085963860995,0.0366676427806729,691.211065626691,542.803992378155,561.770162808265,65098.7289444484,51561.4279895546,53334.6133671662,7183.08125196457,7041.88426862449,7079.57691381427,65098.7188511772,51561.4134013069,53334.6019284273,1076.30947357119,1088.36261937116,1096.69383423714,666.286920784824,478.080423731009,494.785675017225,7185.23732996703,7043.28109266204,7081.11329822755,65098.71885356,51561.4134032175,53334.6019304696,0,0,0,2.4007029253554e-10,0,0,3610.78548476821,3610.14907624538,3646.89642764943,3.61078386198293e-06,3.6101465119345e-06,3.6468938467035e-06,3610.67456756661,3610.15331783751,3646.83538768935,3.61067487107399e-06,3.61015351016722e-06,3.64683635359557e-06,685.042794041734,537.872520976326,556.671946780171,6.85042863142745e-07,5.37872622517159e-07,5.56672010000515e-07,684.703348274889,537.649999517247,556.438825273201,68470.3199746013,53764.9976949493,55643.8644646681,3726.71675516736,3610.46228741193,3637.79384202693,3.72671675514633e-06,3.61046228748849e-06,3.63779384199867e-06,7185.23732996703,7043.28109266204,7081.11329822755,7.18523732975119e-06,7.04328108978141e-06,7.08111329859226e-06,1076.30947357119,1088.36261937116,1096.69383423714,2.67340573498868e-06,1.44116884352104e-06,2.13796852691459e-06
0.259,3596.22661311175,3621.34691870851,3638.82162010455,36533.1912988772,35490.8027686351,23878.3866404645,3596.22661311175,3621.34691870851,3638.82162010455,36533.1912988044,35490.8027686467,23878.3866403385,3596.15274763575,3621.36028078525,3638.74108411267,36593.3974816338,35546.9539372591,23801.4809423329,681.913027338448,536.190832276429,556.312504198754,3762.45726671987,2660.8349488873,2787.69710284559,681.575971614053,535.971100347702,556.079625468238,3762.45726671987,2660.8349488873,2787.69710284559,681.575971614053,535.971100347702,556.079625468238,64809.9297905908,51421.6665036111,53301.5501477883,681.575971614053,535.971100347702,556.079625468238,0.0362549671040708,0.0366943067643123,0.0364864170998309,688.054804950477,541.111094690582,561.407614660487,64809.9297905908,51421.6665036111,53301.5501477883,7174.60285299452,7041.92955618884,7070.58990103597,64809.9190519902,51421.6474352365,53301.539687984,1075.92448570177,1090.98202252597,1091.09521412358,666.632583442516,479.510527311963,494.946367121963,7176.7279358272,7043.32714532402,7072.11209283951,64809.9190543465,51421.6474371533,53301.5396900061,0,0,0,2.38587634999417e-10,0,0,3596.22661311175,3621.34691870851,3638.82162010455,3.59622505155909e-06,3.62134435240278e-06,3.63881905321082e-06,3596.15274763575,3621.36028078525,3638.74108411267,3.59615300704809e-06,3.62136046875633e-06,3.63874203547678e-06,681.913027338448,536.190832276429,556.312504198754,6.81913095798511e-07,5.3619093257735e-07,5.56312567197937e-07,681.575971614053,535.971100347702,556.079625468238,68157.5824153268,53597.107769304,55607.9445332022,3720.81210343854,3610.4622834637,3631.69435773904,3.72081210342279e-06,3.61046228354026e-06,3.6316943577111e-06,7176.7279358272,7043.32714532402,7072.11209283951,7.17672793563352e-06,7.04332714244217e-06,7.07211209319809e-06,1075.92448570177,1090.98202252597,1091.09521412358,2.68212698072819e-06,1.43686034829641e-06,2.14130348535926e-06
0.26,3590.30577518908,3631.90808482852,3622.46273655189,36368.5191271038,35195.8021836361,23946.7555592646,3590.30577518908,3631.90808482852,3622.46273655189,36368.5191270702,35195.8021836367,23946.7555591212,3590.27184820192,3631.9106427212,3622.37010698114,36429.4747696253,35251.7380846745,23869.172939896,678.448233008853,534.759225504967,555.552474592206,3734.39218305932,2647.39817543993,2789.56240497906,678.114239753556,534.541818270746,555.319910858964,3734.39218305932,2647.39817543993,2789.56240497906,678.114239753556,534.541818270746,555.319910858964,64494.4425456898,51302.3378609115,53228.9980140024,678.114239753556,534.541818270746,555.319910858964,0.0363347706780262,0.0366980134368492,0.0362982046877493,684.561517818804,539.669845522538,560.640618503834,64494.4425456898,51302.3378609115,53228.9980140024,7167.71278551357,7044.88703040161,7067.76584549417,64494.4341322139,51302.3352545041,53228.9797252474,1078.20875282305,1091.21265825271,1085.25703270529,667.347163507468,480.556168746812,494.667934075982,7169.81092186072,7046.28365143889,7069.27219213136,64494.4341345495,51302.3352564248,53228.9797272504,0,0,0,2.36763075774289e-10,0,0,3590.30577518908,3631.90808482852,3622.46273655189,3.5903042738263e-06,3.63190550275742e-06,3.62246019734884e-06,3590.27184820192,3631.9106427212,3622.37010698114,3.59027205984987e-06,3.63191083793447e-06,3.62237104119502e-06,678.448233008853,534.759225504967,555.552474592206,6.78448300651755e-07,5.34759324741876e-07,5.55552537272107e-07,678.114239753556,534.541818270746,555.319910858964,67811.4093461877,53454.1795525606,55531.9731366749,3715.74846136755,3612.06832560439,3630.05164170104,3.71574846134414e-06,3.61206832568139e-06,3.63005164167469e-06,7169.81092186072,7046.28365143889,7069.27219213136,7.16981092168617e-06,7.04628364855922e-06,7.06927219248379e-06,1078.20875282305,1091.21265825271,1085.25703270529,2.69004421457117e-06,1.43649554251244e-06,2.13922749279528e-06
0.261,3594.26449106702,3636.02489032342,3602.51712620996,36127.6237361446,34944.0834857589,24031.9291023795,3594.26449106702,3636.02489032342,3602.51712620996,36127.6237361429,34944.083485731,24031.9291022381,3594.26286614422,3636.00002419957,3602.42499167288,36189.4313265653,34999.0345699772,23954.1493328584,674.853311869401,533.692801268247,554.389007541821,3703.86484720112,2641.65720418918,2784.6453926174,674.522827870229,533.476939498093,554.1571478932,3703.86484720112,2641.65720418918,2784.6453926174,674.522827870229,533.476939498093,554.1571478932,64170.5436042482,51211.7070786095,53119.8606987635,674.522827870229,533.476939498093,554.1571478932,0.0364596020948498,0.0366016932813799,0.0361643615095265,680.937700667524,538.595864380826,559.466932299571,64170.5436042482,51211.7070786095,53119.8606987635,7163.77485383631,7047.90068767889,7062.39702962755,64170.5320925187,51211.6884825317,53119.8572010426,1081.88533058074,1088.4677103881,1081.04294541525,668.338550631289,480.594208576571,494.189448335345,7165.85271144414,7049.3020817303,7063.8867366021,64170.532094842,51211.6884844632,53119.857203026,0,0,0,2.34815947630038e-10,0,0,3594.26449106702,3636.02489032342,3602.51712620996,3.59426303423475e-06,3.63602228542825e-06,3.6025146256325e-06,3594.26286614422,3636.00002419957,3602.42499167288,3.59426303935894e-06,3.63600023593276e-06,3.6024259094622e-06,674.853311869401,533.692801268247,554.389007541821,6.74853378587622e-07,5.33692899767108e-07,5.54389069717349e-07,674.522827870229,533.476939498093,554.1571478932,67452.2682792673,53347.6916638313,55415.6969184726,3712.56503925821,3613.86352853579,3626.56192374548,3.71256503924387e-06,3.61386352861206e-06,3.62656192371799e-06,7165.85271144414,7049.3020817303,7063.8867366021,7.16585271128445e-06,7.04930207884339e-06,7.06388673694875e-06,1081.88533058074,1088.4677103881,1081.04294541525,2.69293649514088e-06,1.43973433735957e-06,2.13154688957935e-06
0.262,3605.21948280639,3630.2465565785,3585.4729044625,35836.3325450541,34764.5136358556,24092.0140679257,3605.21948280639,3630.2465565785,3585.4729044625,35836.3325450679,34764.5136357899,24092.0140678054,3605.23336232912,3630.18555918573,3585.39427029181,35898.7265383302,34817.8353569003,24014.6403940321,671.35894011572,533.054105061299,552.860387326204,3674.87428759802,2642.49299225408,2771.76720326949,671.032029839323,532.838925267475,552.629881487652,3674.87428759802,2642.49299225408,2771.76720326949,671.032029839323,532.838925267475,552.629881487652,63857.4656449613,51155.0851944213,52980.6480477849,671.032029839323,532.838925267475,552.629881487652,0.0365659924697698,0.0364268776025434,0.0361273786806964,677.41556810966,537.952152695265,557.925747136125,63857.4656449613,51155.0851944213,52980.6480477849,7162.90649659001,7049.30885079468,7055.25913049816,63857.4562652062,51155.0739746508,52980.630346878,1085.05659194719,1083.34351186819,1079.75752053504,669.271122637155,479.235097075904,493.927338921298,7164.97211416303,7050.71953422124,7056.7316085868,63857.4562675269,51155.0739765976,52980.6303488418,0,0,0,2.33003345441754e-10,0,0,3605.21948280639,3630.2465565785,3585.4729044625,3.60521804387909e-06,3.63024393039659e-06,3.58547044684138e-06,3605.23336232912,3630.18555918573,3585.39427029181,3.60523351763789e-06,3.63018579181249e-06,3.58539517529635e-06,671.35894011572,533.054105061299,552.860387326204,6.71359005909758e-07,5.33054203201245e-07,5.52860448764731e-07,671.032029839323,532.838925267475,552.629881487652,67103.188590162,53283.8902298269,55262.9703696093,3711.36463592269,3614.63897539346,3621.58067360032,3.71136463590608e-06,3.61463897547033e-06,3.62158067357333e-06,7164.97211416303,7050.71953422124,7056.7316085868,7.16497211401275e-06,7.05071953131965e-06,7.05673160892761e-06,1085.05659194719,1083.34351186819,1079.75752053504,2.68845028701015e-06,1.44473553973861e-06,2.12034254407705e-06
0.263,3617.20944356877,3615.09056526505,3576.93822902181,35535.1615288583,34665.2976593121,24094.3568479551,3617.20944356877,3615.09056526505,3576.93822902181,35535.1615288668,34665.2976592099,24094.3568478671,3617.21784824743,3614.99451008388,3576.88108371746,35597.5353931371,34716.6872441706,24017.8697926613,668.192754218586,532.846840026902,551.050279614131,3651.01326952612,2646.97275110669,2752.04050268822,667.86904638625,532.631648785996,550.821863621432,3651.01326952612,2646.97275110669,2752.04050268822,667.86904638625,532.631648785996,550.821863621432,63573.5486180743,51134.4814167916,52820.6903021343,667.86904638625,532.631648785996,550.821863621432,0.0365961619527802,0.036228826524053,0.0361904947259243,674.224157186765,537.742792381649,556.101738975466,63573.5486180743,51134.4814167916,52820.6903021343,7165.05618153479,7057.40742078459,7054.25687224204,63573.539080851,51134.4699249794,52820.6757198693,1085.98535594755,1077.4616068443,1081.52427226456,669.639014762845,476.504712253419,494.250093461527,7167.11678750923,7058.82659168764,7055.71845514713,63573.5390831771,51134.4699269409,52820.6757218242,0,0,0,2.31545854198285e-10,0,0,3617.20944356877,3615.09056526505,3576.93822902181,3.61720799279737e-06,3.61508792652311e-06,3.57693580977927e-06,3617.21784824743,3614.99451008388,3576.88108371746,3.61721801107376e-06,3.61499476217967e-06,3.57688198114309e-06,668.192754218586,532.846840026902,551.050279614131,6.68192819208761e-07,5.32846938128822e-07,5.51050340103028e-07,667.86904638625,532.631648785996,550.821863621432,66786.8903363962,53263.1625742053,55082.168690359,3712.06929028117,3620.01150922358,3621.09310224236,3.712069290264e-06,3.62001150929938e-06,3.62109310221559e-06,7167.11678750923,7058.82659168764,7055.71845514713,7.16711678736378e-06,7.05882658877307e-06,7.05571845548473e-06,1085.98535594755,1077.4616068443,1081.52427226456,2.67719745575807e-06,1.44888049269094e-06,2.10928087391128e-06
0.264,3623.74140820135,3595.05382098289,3579.06417751475,35267.7382875326,34633.3052784138,24028.7310096997,3623.74140820135,3595.05382098289,3579.06417751475,35267.7382875163,34633.3052782855,24028.7310096425,3623.72565778816,3594.93207371216,3579.02789198424,35329.3102093878,34682.8915551912,23953.2884308756,665.547277409123,533.019768088022,549.086788450575,3634.40720879583,2651.65378390636,2728.72223282101,665.226042932504,532.804224064066,548.861049807432,3634.40720879583,2651.65378390636,2728.72223282101,665.226042932504,532.804224064066,548.861049807432,63334.3669333445,51148.299146559,52651.3972475973,665.226042932504,532.804224064066,548.861049807432,0.0365229440121897,0.0360749663582939,0.036314250533085,671.557197139669,537.916740708815,554.123994517401,63334.3669333445,51148.299146559,52651.3972475973,7169.45979351157,7058.1641814914,7050.63495657387,63334.3561088444,51148.2887609076,52651.395425664,1083.84395582954,1072.8343785167,1085.17264593628,668.938890385307,472.874759710675,495.256110275898,7171.52400474655,7059.59434294979,7052.08363405907,63334.3561111848,51148.288762884,52651.3954276068,0,0,0,2.30562565345225e-10,0,0,3623.74140820135,3595.05382098289,3579.06417751475,3.62373992140031e-06,3.59505118148539e-06,3.57906178381384e-06,3623.72565778816,3594.93207371216,3579.02789198424,3.62372585035962e-06,3.59493233914655e-06,3.57902878684635e-06,665.547277409123,533.019768088022,549.086788450575,6.65547341806425e-07,5.3301986632909e-07,5.49086847867588e-07,665.226042932504,532.804224064066,548.861049807432,66522.590056594,53280.420097193,54886.0874248522,3714.34822884138,3620.22800612066,3618.12707648679,3.71434822882082e-06,3.62022800619388e-06,3.61812707646013e-06,7171.52400474655,7059.59434294979,7052.08363405907,7.17152400460022e-06,7.05959434001836e-06,7.05208363439307e-06,1083.84395582954,1072.8343785167,1085.17264593628,2.66266247523733e-06,1.44988820351545e-06,2.1021212462135e-06
0.265,3620.62145253942,3576.84367583448,3589.46342461409,35067.3429345417,34641.6741512885,23911.6929826362,3620.62145253942,3576.84367583448,3589.46342461409,35067.3429344891,34641.674151148,23911.6929825963,3620.57050879681,3576.70955812625,3589.43893316558,35127.4067638493,34689.9393475675,23837.0568679905,663.552596483524,533.482977496724,547.12896347583,3625.18816051649,2654.00653929817,2706.2446300892,663.232935923785,533.2671354598,546.906133842797,3625.18816051649,2654.00653929817,2706.2446300892,663.232935923785,533.2671354598,546.906133842797,63151.1282483585,51191.5862987343,52485.1488393105,663.232935923785,533.2671354598,546.906133842797,0.03636216708269,0.0360155338478516,0.0364334413408321,669.545733144197,538.383983135721,552.152438763276,63151.1282483585,51191.5862987343,52485.1488393105,7176.0641145218,7062.83178273357,7050.13310173127,63151.1191386791,51191.5685445687,52485.1249127107,1079.08911473126,1070.98630610289,1088.74291172508,666.868967459929,469.114556620504,496.673513637224,7178.13801629529,7064.27234391637,7051.57655986407,63151.1191410394,51191.5685465591,52485.1249146525,0,0,0,2.30043634527871e-10,0,0,3620.62145253942,3576.84367583448,3589.46342461409,3.62061991716248e-06,3.57684104527804e-06,3.58946103909099e-06,3620.57050879681,3576.70955812625,3589.43893316558,3.62057074360057e-06,3.57670982879266e-06,3.5894398288958e-06,663.552596483524,533.482977496724,547.12896347583,6.63552660534646e-07,5.3348307588167e-07,5.47129021836259e-07,663.232935923785,533.2671354598,546.906133842797,66323.279397555,53326.7112354759,54690.5959394637,3718.13934729599,3623.29669264901,3617.55622287863,3.71813934728396e-06,3.62329669272157e-06,3.61755622285228e-06,7178.13801629529,7064.27234391637,7051.57655986407,7.17813801614415e-06,7.06427234096792e-06,7.0515765601966e-06,1079.08911473126,1070.98630610289,1088.74291172508,2.64981897958172e-06,1.44680158606575e-06,2.10103305809331e-06
0.266,3607.73963807045,3566.49013714202,3602.30850949085,34947.1055951068,34661.9895552347,23780.2592111269,3607.73963807045,3566.49013714202,3602.30850949085,34947.1055950168,34661.9895550941,23780.259211084,3607.65246703162,3566.35542052539,3602.28224121794,35005.2641442986,34709.5646497976,23705.8833887014,662.259984700799,534.127626775862,545.342511123177,3621.73938988396,2653.32859949057,2688.73345553428,661.941059581523,533.911835777977,545.122367942136,3621.73938988396,2653.32859949057,2688.73345553428,661.941059581523,533.911835777977,545.122367942136,63029.5130984009,51256.5234919338,52333.9401289368,661.941059581523,533.911835777977,545.122367942136,0.0361665204751234,0.0360606647706093,0.0364860471925485,668.241673627137,539.035181495054,550.353522247553,63029.5130984009,51256.5234919338,52333.9401289368,7183.85568598711,7066.58993078838,7050.84127974766,63029.5029282279,51256.5165837184,52333.9353634005,1073.28240900228,1072.2559804772,1090.3575645761,663.46484888245,466.014875901787,497.941117581481,7185.94399640785,7068.03957825198,7052.28423121442,63029.5029306118,51256.5165857199,52333.9353653474,0,0,0,2.2987266525522e-10,0,0,3607.73963807045,3566.49013714202,3602.30850949085,3.6077380547947e-06,3.56648751903013e-06,3.60230611553925e-06,3607.65246703162,3566.35542052539,3602.28224121794,3.60765274411494e-06,3.56635568967722e-06,3.60228313921347e-06,662.259984700799,534.127626775862,545.342511123177,6.62260048620501e-07,5.34127725172888e-07,5.45342568585024e-07,661.941059581523,533.911835777977,545.122367942136,66194.091782248,53391.1812686342,54512.2194491473,3722.79221816744,3625.86213847096,3617.80822655327,3.72279221814202e-06,3.62586213854134e-06,3.61780822652705e-06,7185.94399640785,7068.03957825198,7052.28423121442,7.1859439962482e-06,7.06803957528817e-06,7.05228423154681e-06,1073.28240900228,1072.2559804772,1090.3575645761,2.64297406919346e-06,1.44039425984872e-06,2.10558938942679e-06
0.267,3589.04628261884,3566.69435797417,3611.00302080815,34898.174597619,34675.2987316554,23677.1154239152,3589.04628261884,3566.69435797417,3611.00302080815,34898.1745975001,34675.2987315204,23677.1154238503,3588.93068761482,3566.56499454079,3610.96254961791,34954.452921704,34722.7285788642,23602.3647591504,661.639436664929,534.845009292215,543.875238297787,3621.57014981641,2650.79480345917,2678.60268113836,661.320662177294,534.629716666457,543.657156653944,3621.57014981641,2650.79480345917,2678.60268113836,661.320662177294,534.629716666457,543.657156653944,62969.0684279102,51333.3402854837,52208.4380972832,661.320662177294,534.629716666457,543.657156653944,0.036003057526349,0.0361764779319592,0.03643955454895,667.615222950568,539.760739831402,548.875721121695,62969.0684279102,51333.3402854837,52208.4380972832,7191.31542626382,7066.71340799322,7054.94287692596,62969.0584287963,51333.3269030149,52208.4256025058,1068.41984721612,1075.66053919505,1089.01840812887,659.112169646424,464.101344256489,498.428791449297,7193.42103711774,7068.16763202496,7056.38563501566,62969.0584312046,51333.3269050197,52208.4256044582,0,0,0,2.29886730748879e-10,0,0,3589.04628261884,3566.69435797417,3611.00302080815,3.58904466247237e-06,3.56669174850046e-06,3.61100060706359e-06,3588.93068761482,3566.56499454079,3610.96254961791,3.58893099634848e-06,3.56656525927478e-06,3.61096344978719e-06,661.639436664929,534.845009292215,543.875238297787,6.61639500586184e-07,5.34845107513445e-07,5.43875295121978e-07,661.320662177294,534.629716666457,543.657156653944,66132.0520432222,53462.9693588433,54365.6984022371,3727.29735306495,3625.82614309621,3620.11217982731,3.72729735304298e-06,3.62582614316582e-06,3.62011217980084e-06,7193.42103711774,7068.16763202496,7056.38563501566,7.19342103694729e-06,7.06816762905373e-06,7.05638563534739e-06,1068.41984721612,1075.66053919505,1089.01840812887,2.64385893626602e-06,1.43282258802826e-06,2.11300731717057e-06
0.268,3570.79930572356,3575.76907979203,3610.98841093436,34896.3430657987,34677.3161605946,23633.2787937262,3570.79930572356,3575.76907979203,3610.98841093436,34896.3430656643,34677.3161604638,23633.2787936296,3570.66790180683,3575.64411199132,3610.92722593055,34951.1381203575,34724.8914770943,23557.6882024357,661.590795024312,535.53667348269,542.830458956393,3622.38364964477,2648.67926486874,2675.84646556695,661.271930491846,535.322221119024,542.613595740304,3622.38364964477,2648.67926486874,2675.84646556695,661.271930491846,535.322221119024,542.613595740304,62963.2982563398,51411.2037533701,52116.6781154023,661.271930491846,535.322221119024,542.613595740304,0.0359243474882338,0.0363019055795469,0.0363029777242719,667.565913912847,540.461010228484,547.822943757525,62963.2982563398,51411.2037533701,52116.6781154023,7198.80135562999,7067.30598950072,7055.99964193962,62963.2883054703,51411.1871428838,52116.6622812726,1066.06965785322,1079.38495165004,1084.97476585081,654.432184785258,463.468502377081,497.685646662401,7200.92405990139,7068.76490117586,7057.45108170424,62963.288307901,51411.1871448921,52116.6622832405,0,0,0,2.29944435528387e-10,0,0,3570.79930572356,3575.76907979203,3610.98841093436,3.57079766424248e-06,3.57576647021056e-06,3.61098597324302e-06,3570.66790180683,3575.64411199132,3610.92722593055,3.57066822616208e-06,3.57564437371728e-06,3.61092812781371e-06,661.590795024312,535.53667348269,542.830458956393,6.61590858978963e-07,5.35536771373305e-07,5.42830515434011e-07,661.271930491846,535.322221119024,542.613595740304,66127.1788666367,53532.2198072292,54261.3423648092,3731.9466516036,3626.49312186927,3620.52556844666,3.73194665158506e-06,3.6264931219388e-06,3.62052556841954e-06,7200.92405990139,7068.76490117586,7057.45108170424,7.20092405972007e-06,7.0687648981962e-06,7.05745108203763e-06,1066.06965785322,1079.38495165004,1084.97476585081,2.65095266124249e-06,1.42668505503618e-06,2.11947129996117e-06
0.269,3558.91133288268,3588.63327300876,3601.40964552078,34913.5082210728,34676.309404136,23655.7959934654,3558.91133288268,3588.63327300876,3601.40964552078,34913.5082209351,34676.3094040034,23655.7959933399,3558.77630757602,3588.507167571,3601.32928873991,34967.4109959587,34724.0218500059,23579.2525883203,661.963404862968,536.118613324045,542.25322214544,3622.86032663736,2649.12775527507,2678.32922883748,661.644522504726,535.905108212552,542.036763766775,3622.86032663736,2649.12775527507,2678.32922883748,661.644522504726,535.905108212552,542.036763766775,63000.3841920654,51479.3561338706,52063.3666854696,661.644522504726,535.905108212552,542.036763766775,0.0359469594605691,0.0363760765703497,0.0361209370701463,667.942214058769,541.050674423753,547.240748870236,63000.3841920654,51479.3561338706,52063.3666854696,7204.21476593624,7066.9081624735,7062.33341329199,63000.3744810238,51479.3495710569,52063.3571705892,1066.72780430301,1081.59753358748,1079.55095841927,650.090172315031,463.803769495076,495.607183650529,7206.35238857921,7068.36492364436,7063.79315244496,63000.3744834719,51479.3495730596,52063.3571725721,0,0,0,2.2997210696968e-10,0,0,3558.91133288268,3588.63327300876,3601.40964552078,3.55890968365466e-06,3.5886306542123e-06,3.60140718609775e-06,3558.77630757602,3588.507167571,3601.32928873991,3.5587766327514e-06,3.58850743036899e-06,3.60133019260844e-06,661.963404862968,536.118613324045,542.25322214544,6.61963468798239e-07,5.36118710824437e-07,5.42253278521013e-07,661.644522504726,535.905108212552,542.036763766775,66164.4380554933,53590.5085221486,54203.659191621,3735.35358993679,3626.32994415427,3624.51613445729,3.73535358991165e-06,3.62632994422444e-06,3.62451613443051e-06,7206.35238857921,7068.36492364436,7063.79315244496,7.20635238838777e-06,7.06836492066808e-06,7.06379315277937e-06,1066.72780430301,1081.59753358748,1079.55095841927,2.66033101867372e-06,1.42392137139738e-06,2.12178346215971e-06
0.27,3556.59899819307,3599.14648920885,3585.14044034522,34928.5462124171,34685.4515820115,23725.9253626071,3556.59899819307,3599.14648920885,3585.14044034522,34928.5462122835,34685.4515818714,23725.9253624666,3556.46778330532,3599.01338092628,3585.04954837888,34982.1222819305,34733.0728648738,23648.6961761251,662.578652351784,536.519860123976,542.127917980546,3622.87477149886,2653.03351338719,2682.86956264275,662.26001322558,536.30716493417,541.911300780915,3622.87477149886,2653.03351338719,2682.86956264275,662.26001322558,536.30716493417,541.911300780915,63064.4665552595,51528.18081441,52049.4080296439,662.26001322558,536.30716493417,541.911300780915,0.0360471182579053,0.0363622075142837,0.0359540417334439,668.564103108469,541.457562805621,547.113872752453,63064.4665552595,51528.18081441,52049.4080296439,7207.5916522958,7064.88825534744,7067.18970716271,63064.456165523,51528.1653076577,52049.3965761542,1069.68621332784,1081.17097700667,1074.55983839262,646.604162020442,464.56828009116,492.467754567878,7209.73973441575,7066.34022696432,7068.66046999592,63064.4561679818,51528.1653096513,52049.396578154,0,0,0,2.29972255333257e-10,0,0,3556.59899819307,3599.14648920885,3585.14044034522,3.55659734831383e-06,3.59914385622853e-06,3.58513796500153e-06,3556.46778330532,3599.01338092628,3585.04954837888,3.55646810100505e-06,3.59901364878849e-06,3.58505045582239e-06,662.578652351784,536.519860123976,542.127917980546,6.62578716171387e-07,5.36519957281038e-07,5.4212797439549e-07,662.26001322558,536.30716493417,541.911300780915,66225.9871149748,53630.7141999037,54191.1128925544,3737.57284088403,3625.19540836313,3627.63576948753,3.7375728408661e-06,3.62519540843346e-06,3.62763576945945e-06,7209.73973441575,7066.34022696432,7068.66046999592,7.20973973421701e-06,7.06634022399568e-06,7.06866047033202e-06,1069.68621332784,1081.17097700667,1074.55983839262,2.66745940121652e-06,1.42505727896667e-06,2.11855534855786e-06
0.271,3563.32741615524,3602.52089009653,3567.42834507225,34933.3506579622,34713.4895642552,23807.9276512544,3563.32741615524,3602.52089009653,3567.42834507225,34933.3506578333,34713.4895641055,23807.9276511177,3563.20097672093,3602.37861338827,3567.33919378471,34986.9653730508,34760.7287330011,23730.5368456464,663.250230472574,536.678755171419,542.387254951148,3623.14625663968,2659.49785769232,2686.56566218329,662.932127668776,536.466593005544,542.170282903599,3623.14625663968,2659.49785769232,2686.56566218329,662.932127668776,536.466593005544,542.170282903599,63137.3021061216,51550.0027251154,52071.7907339625,662.932127668776,536.466593005544,542.170282903599,0.0361736168364071,0.0362589229140262,0.0358546895125012,669.243475455548,541.619119339733,547.375089939797,63137.3021061216,51550.0027251154,52071.7907339625,7208.43654423988,7059.13133502818,7069.08141135578,63137.2921914103,51549.9902005649,52071.7768524727,1073.41695672178,1078.0327495016,1071.57572318436,644.22306660374,465.231756335352,488.826379400331,7210.58902247868,7060.57613453768,7070.56398117371,63137.2921938715,51549.9902025463,52071.7768544882,0,0,0,2.29996639771268e-10,0,0,3563.32741615524,3602.52089009653,3567.42834507225,3.56332576529075e-06,3.60251824463473e-06,3.56742585987974e-06,3563.20097672093,3602.37861338827,3567.33919378471,3.56320128700916e-06,3.60237888770629e-06,3.56734010754347e-06,663.250230472574,536.678755171419,542.387254951148,6.63250294084075e-07,5.36678852099191e-07,5.42387311426347e-07,662.932127668776,536.466593005544,542.170282903599,66293.1985489279,53646.6570134267,54217.0110858613,3738.24541260513,3621.53888896359,3628.76106899093,3.73824541258614e-06,3.62153888903576e-06,3.62876106896325e-06,7210.58902247868,7060.57613453768,7070.56398117371,7.21058902227669e-06,7.06057613158055e-06,7.07056398151193e-06,1073.41695672178,1078.0327495016,1071.57572318436,2.66897418160263e-06,1.42910474010359e-06,2.11055353522791e-06
0.272,3575.32785963185,3596.86001525718,3553.84532418658,34932.5202568676,34757.8151499714,23863.6147682168,3575.32785963185,3596.86001525718,3553.84532418658,34932.5202567388,34757.8151498166,23863.6147681003,3575.20202226045,3596.71235944328,3553.76918914511,34986.2618387179,34804.4844846079,23786.6394003107,663.799709473597,536.543810000573,542.929478812896,3624.54529543497,2666.06478619635,2687.80822252466,663.482342983197,536.331936059992,542.712307775977,3624.54529543497,2666.06478619635,2687.80822252466,663.482342983197,536.331936059992,542.712307775977,63200.1167346592,51539.8873725919,52123.9604482876,663.482342983197,536.331936059992,542.712307775977,0.036269497287817,0.036097544702334,0.0358481204348902,669.799929946861,541.483405008522,547.922336061462,63200.1167346592,51539.8873725919,52123.9604482876,7206.60833629377,7059.28135991216,7075.5626082737,63200.106714712,51539.8747117591,52123.9474139227,1076.21894665657,1073.09651192861,1071.36245569557,642.906632436061,465.46037088424,485.352831099108,7208.75779796131,7060.71474868899,7077.05637408168,63200.1067171667,51539.8747137252,52123.9474159532,0,0,0,2.3009978648591e-10,0,0,3575.32785963185,3596.86001525718,3553.84532418658,3.57532620270607e-06,3.59685736556087e-06,3.55384283286583e-06,3575.20202226045,3596.71235944328,3553.76918914511,3.57520233159058e-06,3.59671263771739e-06,3.55377011224646e-06,663.799709473597,536.543810000573,542.929478812896,6.63799772823138e-07,5.36543906808718e-07,5.42929535271993e-07,663.482342983197,536.331936059992,542.712307775977,66348.2200726732,53633.1913264339,54271.213545676,3737.23240510872,3622.02212439252,3633.24953940578,3.73723240508995e-06,3.62202212446483e-06,3.63324953937774e-06,7208.75779796131,7060.71474868899,7077.05637408168,7.20875779776135e-06,7.06071474575089e-06,7.07705637442229e-06,1076.21894665657,1073.09651192861,1071.36245569557,2.66375956780178e-06,1.43406917508089e-06,2.10024570123965e-06
0.273,3587.21197335272,3583.52695875208,3548.31694703589,34937.7758085769,34802.6129750517,23866.3223089414,3587.21197335272,3583.52695875208,3548.31694703589,34937.7758084423,34802.6129749021,23866.3223088535,3587.08084073508,3583.38351606694,3548.25994120589,34991.4885404951,34848.7376617154,23790.1897979976,664.067099751245,536.077450082156,543.637327972723,3627.37437544256,2669.57108633725,2686.66789216849,663.750527574976,535.865818628173,543.420334964984,3627.37437544256,2669.57108633725,2686.66789216849,663.750527574976,535.865818628173,543.420334964984,63235.4294433184,51496.007235874,52196.5259457081,663.750527574976,535.865818628173,543.420334964984,0.0362923201650468,0.0359290101077756,0.0359252101073634,670.071591620886,541.012869548277,548.637621618108,63235.4294433184,51496.007235874,52196.5259457081,7201.79682142186,7051.18423246531,7076.49021851648,63235.4192033571,51495.9996467453,52196.5189192389,1076.82306950812,1067.88082581254,1073.65267748737,642.396537774333,465.204650744488,482.633562950318,7203.93597472777,7052.60475706603,7077.9916595868,63235.4192057971,51495.9996486932,52196.5189212773,0,0,0,2.30293837367081e-10,0,0,3587.21197335272,3583.52695875208,3548.31694703589,3.5872103053055e-06,3.58352431717994e-06,3.54831444991996e-06,3587.08084073508,3583.38351606694,3548.25994120589,3.58708115746342e-06,3.58338379218582e-06,3.54826087573343e-06,664.067099751245,536.077450082156,543.637327972723,6.6406716283394e-07,5.36077546801919e-07,5.43637384293294e-07,663.750527574976,535.865818628173,543.420334964984,66375.0385293299,53586.5795908003,54342.0162378469,3734.32538243618,3616.50707799993,3633.70183602837,3.73432538241289e-06,3.61650707807058e-06,3.63370183599962e-06,7203.93597472777,7052.60475706603,7077.9916595868,7.20393597453525e-06,7.05260475414899e-06,7.07799165992912e-06,1076.82306950812,1067.88082581254,1073.65267748737,2.65312495460875e-06,1.43774782815125e-06,2.09083941482601e-06
0.274,3593.49321188382,3567.32036689294,3551.60391916867,34959.7862408811,34822.496604937,23809.6894989236,3593.49321188382,3567.32036689294,3551.60391916867,34959.7862407286,34822.4966047852,23809.6894988608,3593.3531654996,3567.19315087661,3551.56385198604,35013.191654474,34868.3281735328,23734.5325221549,9788.80428643551,9900.36615973091,9683.31284937936,3632.64695918985,2664.20793727152,2685.31626697194,9788.8573399814,9900.26160393298,9683.32334486419,3632.64695918985,2664.20793727152,2685.31626697194,9788.8573399814,9900.26160393298,9683.32334486419,63228.5478447737,51408.5887427591,52288.9753743781,9788.8573399814,9900.26160393298,9683.32334486419,0.037565667003733,0.0355419789788774,0.0355418619543078,27914.4623275546,9901.55948776151,9682.57929174544,63228.5478447737,51408.5887427591,52288.9753743781,29008.0584377874,13504.5822175799,11297.3919714648,63228.5375696869,51408.7473402439,52288.7897351155,1050.90938458357,1079.16262158465,1097.20992621798,642.339939068554,464.687167636793,481.017631479529,29008.5841001567,13506.0350498095,11297.4776249343,63228.5375721025,51408.7473440647,52288.7897353016,0,0,0,2.30479180681783e-10,0,0,3593.49321188382,3567.32036689294,3551.60391916867,3.59349153010942e-06,3.56731774835691e-06,3.55160141389549e-06,3593.3531654996,3567.19315087661,3551.56385198604,3.59335349719108e-06,3.56719341684289e-06,3.55156479739564e-06,9788.80428643551,9900.36615973091,9683.31284937936,9.7596377966301e-06,9.87117355803571e-06,9.65412383143801e-06,9788.8573399814,9900.26160393298,9683.32334486419,66358.6695730974,53491.7558814024,54429.9195135873,28281.7097110483,11348.0283678019,9934.33064580912,2.8273830520795e-05,1.13556089512867e-05,9.94173051563635e-06,29008.5841001567,13506.0350498095,11297.4776249343,2.90012548244326e-05,1.35126089541214e-05,1.13033771721691e-05,1050.90938458357,1079.16262158465,1097.20992621798,2.62100123894684e-06,1.46788140789795e-06,2.09497946707984e-06
0.275,3491.14916077048,3516.01117800566,3547.10283173206,34998.954578821,34787.525331547,23710.1674186601,3491.14916077048,3516.01117800566,3547.10283173206,34998.9545787006,34787.5253314856,23710.1674185802,3491.05818668458,3516.0034425005,3547.0513164099,35051.8258985268,34833.5036839705,23635.7944928695,16022.9725188258,16204.9796792994,15872.8490654959,3714.20011827479,2565.76761736903,2703.14019838672,16023.1012619183,16204.8598972362,15872.8809722119,3714.20011827479,2565.76761736903,2703.14019838672,16023.1012619183,16204.8598972362,15872.8809722119,63022.335220589,50846.5759585897,52727.9267463707,16023.1012619183,16204.8598972362,15872.8809722119,0.0398536823465357,0.0359581654331807,0.0345660141448309,50275.1828208448,16206.6294058172,15871.4941941992,63022.335220589,50846.5759585897,52727.9267463707,50598.9606247752,19513.6421277212,16641.4548558509,63022.324830471,50846.6293840313,52727.8440842262,1024.78402514567,1084.34669407692,1124.95541341221,642.415015612405,464.269475335151,480.520234630937,50599.2393583563,19515.4022415077,16640.6601758802,63022.324832714,50846.6293907944,52727.844081716,0,0,0,2.28944390120936e-10,0,0,3491.14916077048,3516.01117800566,3547.10283173206,3.49114758507367e-06,3.51600869010559e-06,3.54710028840824e-06,3491.05818668458,3516.0034425005,3547.0513164099,3.49105846744767e-06,3.51600363708871e-06,3.54705225384177e-06,16022.9725188258,16204.9796792994,15872.8490654959,1.59750858850456e-05,1.61570756762794e-05,1.58249484193172e-05,16023.1012619183,16204.8598972362,15872.8809722119,66094.8916414536,52836.1044956879,54906.455702394,50358.377067935,17604.5847912658,15863.1511645214,5.03409065941127e-05,1.76215641276675e-05,1.58800735566041e-05,50599.2393583563,19515.4022415077,16640.6601758802,5.05827219040061e-05,1.95309085355842e-05,1.66556871822909e-05,1024.78402514567,1084.34669407692,1124.95541341221,2.59700209909441e-06,1.4931587197064e-06,2.0958271174763e-06
0.276,3385.00146344413,3495.43899595186,3530.57642203297,35046.3151789359,34681.4420327804,23599.2536237566,3385.00146344413,3495.43899595186,3530.57642203297,35046.3151788634,34681.4420327983,23599.2536236429,3384.99230569509,3495.54888891622,3530.50226662487,35098.6109421481,34728.0050563605,23525.2035330977,22962.3263608717,23200.7593476018,22782.0077662522,3917.71402246278,2394.66338280161,2731.56554153084,22962.5366732799,23200.6479369145,22782.0592820425,3917.71402246278,2394.66338280161,2731.56554153084,22962.5366732799,23200.6479369145,22782.0592820425,62270.3303419886,49615.1676509705,53475.4453970245,22962.5366732799,23200.6479369145,22782.0592820425,0.0429253333603275,0.0379960986850276,0.0329861592282904,67474.8963295378,23202.8382148968,22780.240561032,62270.3303419886,49615.1676509705,53475.4453970245,67447.6737645074,26111.9071023986,23432.1772723916,62270.3200433999,49615.2050679882,53475.385984426,1000.26845108438,1084.32695246019,1156.96165902305,642.443439917517,464.35648890784,480.838015895797,67447.8465969628,26114.0105995925,23430.8039564431,62270.3200452784,49615.20507907,53475.385978404,0,0,0,2.2492663897178e-10,0,0,3385.00146344413,3495.43899595186,3530.57642203297,3.38500001656142e-06,3.49543661010754e-06,3.53057377084706e-06,3384.99230569509,3495.54888891622,3530.50226662487,3.38499249446865e-06,3.49554901248985e-06,3.53050318788692e-06,22962.3263608717,23200.7593476018,22782.0077662522,2.28936342789627e-05,2.31320542806074e-05,2.2713306653817e-05,22962.5366732799,23200.6479369145,22782.0592820425,65224.2398832533,51407.4266850901,55728.7755846001,67417.0064591174,24476.4706439713,22842.0182908683,6.73964161923382e-05,2.4496571961386e-05,2.28619297778293e-05,67447.8465969628,26114.0105995925,23430.8039564431,6.74283792735889e-05,2.61327332590854e-05,2.34490068607071e-05,1000.26845108438,1084.32695246019,1156.96165902305,2.58553105281301e-06,1.51574935287651e-06,2.09305503107813e-06
0.277,3288.37513617011,3502.46981078541,3497.07510271289,35080.4012144066,34500.0874612722,23514.5870701973,3288.37513617011,3502.46981078541,3497.07510271289,35080.4012144057,34500.0874613567,23514.5870700419,3288.48301923708,3502.67985559304,3496.97237195124,35132.3341368043,34547.5164038417,23440.2928790145,27454.2496301144,27737.7688535115,27253.9507949772,4256.51532508755,2208.85787519408,2753.35573468805,27454.540599722,27737.675480385,27254.0200584447,4256.51532508755,2208.85787519408,2753.35573468805,27454.540599722,27737.675480385,27254.0200584447,60608.2322094608,47669.1800514338,54326.4464357081,27454.540599722,27737.675480385,27254.0200584447,0.0454929056888596,0.0410739693311823,0.0310316247428641,78304.1925052936,27740.2211652923,27251.9102761253,60608.2322094608,47669.1800514338,54326.4464357081,78119.5430171416,30313.9329202695,28180.2202702016,60608.2204045356,47669.760058962,54325.9890024461,986.461716706265,1080.30965578876,1175.48116367059,642.444566184581,465.18560771221,481.479191954695,78119.6453428269,30316.3492498397,28178.504569283,60608.2204058622,47669.7600743418,54325.9889935407,0,0,0,2.18003849770495e-10,0,0,3288.37513617011,3502.46981078541,3497.07510271289,3.2883738475538e-06,3.50246745278821e-06,3.49707225451072e-06,3288.48301923708,3502.67985559304,3496.97237195124,3.28848307117973e-06,3.50267993576578e-06,3.49697326953211e-06,27454.2496301144,27737.7688535115,27253.9507949772,2.73720865979298e-05,2.76555944725554e-05,2.71717816802123e-05,27454.540599722,27737.675480385,27254.0200584447,63378.6238424655,49169.120783805,56665.7328470563,78174.5401965589,28873.5361926306,27510.0394637179,7.81522780288628e-05,2.88952991649668e-05,2.75315344312769e-05,78119.6453428269,30316.3492498397,28178.504569283,7.80986343924724e-05,3.03367109041627e-05,2.81982776769634e-05,986.461716706265,1080.30965578876,1175.48116367059,2.58874777586034e-06,1.52329863625411e-06,2.09000591238402e-06
0.278,3324.76424021357,4201.59451196079,4661.46155470452,35067.2301713984,34900.3165944823,23603.6151760854,3324.76424021357,4201.59451196079,4661.46155470452,35067.2301713201,34900.3165953425,23603.6151762079,3324.82397393534,4202.44936761439,4661.52589191369,35119.2995826538,34970.2126753226,23536.7847500961,31921.5494110485,42823.1854117842,31715.0103787712,4651.92028357627,2064.58299357565,2730.84906348133,31921.9181018246,32235.6837452275,31715.0914932887,4651.92028357627,2064.58299357565,2730.84906348133,31921.9181018246,32235.6837452275,31715.0914932887,57746.8105982819,45079.6906775762,55018.2561872258,31921.9181018246,32235.6837452275,31715.0914932887,0.0457689452933406,0.0559088571335467,0.0298407607980936,85396.4461508694,32238.4472681182,31712.831939288,57746.8105982819,45079.6906775762,55018.2561872258,85154.9339574679,34160.3722642472,32958.9552141693,57746.8003535631,45080.235850987,55017.8613951131,1013.48438477352,1280.34513163811,1297.01155678577,653.981377621176,539.401917655557,504.053383202172,85154.9758282415,34163.0186313878,32957.0371641482,57746.8003541892,45080.2358710555,55017.8613836172,0,0,0,2.11464020968091e-10,0,0,3324.76424021357,4201.59451196079,4661.46155470452,3.32476291016979e-06,4.20159205405394e-06,4.66145788961916e-06,3324.82397393534,4202.44936761439,4661.52589191369,3.32482415839397e-06,4.20244905582669e-06,4.66152678162275e-06,31921.5494110485,42823.1854117842,31715.0103787712,3.18509730424528e-05,4.27699137124613e-05,3.16444881933254e-05,31921.9181018246,32235.6837452275,31715.0914932887,60270.587106245,46330.7070302317,57401.2652666877,85247.4176993424,33052.9595828944,32173.0836014817,8.52265170673178e-05,3.3072564865442e-05,3.21920971709986e-05,85154.9758282415,34163.0186313878,32957.0371641482,8.51352949980378e-05,3.41815580519444e-05,3.29744758152279e-05,1013.48438477352,1280.34513163811,1297.01155678577,3.01996748943598e-06,1.50523591433559e-06,2.53328766769901e-06
0.279,3335.37893299358,4834.48371565274,5450.52774669575,34993.6607072124,35886.0365712697,23661.6795961448,3335.37893299358,4834.48371565274,5450.52774669575,34993.660707088,35886.0365728621,23661.6795965578,3335.41691912036,4835.81173755862,5450.70963980303,35046.2130076877,35981.9521307456,23604.3173646205,34202.4525788527,52982.402538273,33997.0256649684,5057.56563454017,1976.39686364988,2646.67062386876,34202.8837904457,34535.3405445415,33997.1134062132,5057.56563454017,1976.39686364988,2646.67062386876,34202.8837904457,34535.3405445415,33997.1134062132,53540.7182341628,42213.9580788875,55205.3088595927,34202.8837904457,34535.3405445415,33997.1134062132,0.0458146791258947,0.0674898380168204,0.0288727523663708,89018.8172362662,34538.2179160452,33994.7955037292,53540.7182341628,42213.9580788875,55205.3088595927,88749.7227939516,35936.7356491979,35598.1603142214,53540.7069757149,42214.3657170456,55205.0017982008,1056.71242159984,1485.90530382378,1374.9690499514,673.465088086212,630.901008290763,530.728929301296,88749.7129659089,35939.5274779729,35596.138016098,53540.7069755615,42214.3657408283,55205.0017851547,0,0,0,2.06565928047628e-10,0,0,3335.37893299358,4834.48371565274,5450.52774669575,3.33537757854822e-06,4.83448108808892e-06,5.45052336306378e-06,3335.41691912036,4835.81173755862,5450.70963980303,3.33541717051115e-06,4.83581112312351e-06,5.450710582339e-06,34202.4525788527,52982.402538273,33997.0256649684,3.41389853683249e-05,5.29354362732063e-05,3.39336471380183e-05,34202.8837904457,34535.3405445415,33997.1134062132,55767.9712686395,43296.0190355416,57562.7970373111,88861.9199918256,35089.2367052858,34660.6316528993,8.88417605142026e-05,3.51078345436984e-05,3.46784256160431e-05,88749.7129659089,35939.5274779729,35596.138016098,8.87307488005893e-05,3.59572395110371e-05,3.56123936444675e-05,1056.71242159984,1485.90530382378,1374.9690499514,3.43337613450528e-06,1.50013245002762e-06,2.94337111840085e-06
0.28,3335.50547198398,5345.45796562643,5952.76630819832,34854.7172305925,37248.0827087487,23468.2514333955,3335.50547198398,5345.45796562643,5952.76630819832,34854.7172304559,37248.0827109552,23468.2514340946,3335.54427254002,5347.14042575664,5953.04459484644,34908.0603689283,37370.3110528852,23421.2762674033,34964.8530127266,59898.9143991576,34764.5090291884,5430.83675239705,1939.97287889353,2494.57705021161,34965.3248373677,35306.0243110097,34764.5996864858,5430.83675239705,1939.97287889353,2494.57705021161,34965.3248373677,35306.0243110097,34764.5996864858,48025.2756538931,39618.8617878841,54622.4006421185,34965.3248373677,35306.0243110097,34764.5996864858,0.0457191937526561,0.0755023340603977,0.0282724330711415,90036.496400509,35308.9327728104,34762.2837607889,48025.2756538931,39618.8617878841,54622.4006421185,89759.3208738487,36365.8476319783,36616.165503129,48025.2645693494,39619.307575725,54622.0865130382,1099.70625574469,1661.22902467756,1411.53076754546,700.131037061261,724.048830141816,555.376892193775,89759.270965738,36368.7189353607,36614.0898755149,48025.2645684268,39619.3076020971,54622.0864991185,0,0,0,2.03962910317044e-10,0,0,3335.50547198398,5345.45796562643,5952.76630819832,3.33550411761554e-06,5.34545517648149e-06,5.95276134043567e-06,3335.54427254002,5347.14042575664,5953.04459484644,3.33554453295114e-06,5.34713956953195e-06,5.95304560351553e-06,34964.8530127266,59898.9143991576,34764.5090291884,3.49055581495053e-05,5.98511347334889e-05,3.47053339476073e-05,34965.3248373677,35306.0243110097,34764.5996864858,49927.6196024941,40625.598833307,56872.8142464079,89880.3325761948,35680.737034175,35567.0238851556,8.98605568966214e-05,3.56988393771608e-05,3.55841303694538e-05,89759.270965738,36368.7189353607,36614.0898755149,8.97406755910308e-05,3.63860620084964e-05,3.66296427503557e-05,1099.70625574469,1661.22902467756,1411.53076754546,3.76053766338915e-06,1.51531819236262e-06,3.26473559979173e-06
0.281,3534.43548225732,5364.1928384713,6337.9526731994,34597.7989421441,38449.3471192327,22869.2323800391,3534.43548225732,5364.1928384713,6337.9526731994,34597.7989412806,38449.3471215427,22869.23238095,3533.98080472237,5365.97968807,6338.28345872166,34645.2793600344,38579.2285415603,22829.8761705507,46797.0076803448,63491.0738029321,40782.172210467,5690.78222682804,1934.26170800526,2278.68282534791,46797.2239315752,47025.6359717667,46634.198830645,5690.78222682804,1934.26170800526,2278.68282534791,46797.2239315752,47025.6359717667,46634.198830645,41424.7860828722,37923.7714845189,53137.4120983057,46797.2239315752,47025.6359717667,46634.198830645,0.0460774749731101,0.0746496735560322,0.0320216938234674,90037.8012071014,47027.6808509138,50526.9661832418,41424.7860828722,37923.7714845189,53137.4120983057,89756.0446907389,48005.5389027754,51697.4764178521,41424.7782516504,37924.2881473621,53137.0821166054,1125.16239197803,1739.93147857577,1409.2758344536,699.806082652548,749.396922498627,569.216087714645,89755.9707882247,48007.6139458501,51695.949707459,41424.7782500602,37924.2881736453,53137.0821017463,0,0,0,2.0320324917495e-10,0,0,3534.43548225732,5364.1928384713,6337.9526731994,3.53443335292845e-06,5.36419006202186e-06,6.33794739925209e-06,3533.98080472237,5365.97968807,6338.28345872166,3.53398168230638e-06,5.3659788087343e-06,6.33828455881582e-06,46797.0076803448,63491.0738029321,40782.172210467,4.67322734472573e-05,6.34358042688381e-05,4.07478424282903e-05,46797.2239315752,47025.6359717667,46634.198830645,42996.3087637572,38929.5554682078,55206.7128139566,89879.843983434,47410.991017655,51027.3607203281,8.98600365773034e-05,4.74284706284895e-05,5.10350870038066e-05,89755.9707882247,48007.6139458501,51695.949707459,8.97373472233747e-05,4.80244271952581e-05,5.17029897877304e-05,1125.16239197803,1739.93147857577,1409.2758344536,3.6778445326798e-06,1.53308151701934e-06,3.32501382999471e-06
0.282,3571.46360303695,5284.21336854799,6467.40721379916,33637.2180579753,39125.2449010325,21843.6141626997,3571.46360303695,5284.21336854799,6467.40721379916,33637.2180565334,39125.2449033199,21843.6141638318,3570.63318797397,5286.02406377783,6467.79100474097,33666.9139255956,39259.5155366004,21813.2554596029,58770.7937901998,64594.4651157,42924.8919713571,5806.34439598275,1933.1169494303,2022.61610380324,58770.8748144751,58935.1049177433,58632.2187057524,5806.34439598275,1933.1169494303,2022.61610380324,58770.8748144751,58935.1049177433,58632.2187057524,34141.156900554,37259.9813152384,50596.371143048,58770.8748144751,58935.1049177433,58632.2187057524,0.0462841806334032,0.0740305185972585,0.0447454314154792,91084.4978843843,58936.6448589172,58327.1845354962,34141.156900554,37259.9813152384,50596.371143048,90788.7023136539,59886.8337582241,59250.1629303278,34141.1466547999,37260.4940312226,50596.0393176774,1177.36701068195,1828.6542212706,1420.03068241757,682.22037232002,787.962933906288,618.329073425481,90788.6242690188,59888.4285793998,59248.7752959105,34141.1466527377,37260.494056872,50596.0393014218,0,0,0,2.00738560430109e-10,0,0,3571.46360303695,5284.21336854799,6467.40721379916,3.57146091046899e-06,5.2842106493764e-06,6.46740182071575e-06,3570.63318797397,5286.02406377783,6467.79100474097,3.57063451827862e-06,5.28602317954067e-06,6.46779214899773e-06,58770.7937901998,64594.4651157,42924.8919713571,5.86987125093481e-05,6.45338960202708e-05,4.29028897185969e-05,58770.8748144751,58935.1049177433,58632.2187057524,35404.7498258602,38295.708878134,52431.0026608021,90919.737926133,59337.3091806561,58721.9123316507,9.08990891062979e-05,5.9355535133645e-05,5.87251201643714e-05,90788.6242690188,59888.4285793998,59248.7752959105,9.0769189365785e-05,5.99059789708059e-05,5.92515867738641e-05,1177.36701068195,1828.6542212706,1420.03068241757,3.58120555430901e-06,1.50874639979284e-06,3.44219697140698e-06
0.283,3471.92543779552,5172.87282392468,6467.31891709747,32377.3417975209,39384.0152948539,20477.2958255821,3471.92543779552,5172.87282392468,6467.31891709747,32377.3417956622,39384.015297079,20477.2958268818,3470.79762039709,5174.67422796252,6467.73146841502,32391.2300619179,39519.522024627,20455.3773473296,68398.3437018287,64611.459770764,43012.7393847545,5827.67166997144,1917.48085726426,1752.58306325315,68398.3669680695,68530.5621701245,68274.6597061672,5827.67166997144,1917.48085726426,1752.58306325315,68398.3669680695,68530.5621701245,68274.6597061672,26735.8125357188,37186.1146916361,47007.3759660883,68398.3669680695,68530.5621701245,68274.6597061672,0.0476568908113141,0.075503754777207,0.051730855462593,94598.8065967451,68531.8403844698,60952.6911322546,26735.8125357188,37186.1146916361,47007.3759660883,94268.146721361,69527.5713120571,61771.6989667918,26735.8063002026,37186.6429234268,47007.0060509235,1181.11075650367,1838.12480871256,1418.12881987894,654.510492339488,802.272990318934,641.098602842813,94268.0824885735,69528.9059480532,61770.3207503981,26735.8062979555,37186.6429483972,47007.0060328062,0,0,0,1.9776275301631e-10,0,0,3471.92543779552,5172.87282392468,6467.31891709747,3.4719223450907e-06,5.1728701898136e-06,6.46731353263768e-06,3470.79762039709,5174.67422796252,6467.73146841502,3.47079930170585e-06,5.17467333771983e-06,6.46773261583317e-06,68398.3437018287,64611.459770764,43012.7393847545,6.831921060201e-05,6.45501435603592e-05,4.29929492653722e-05,68398.3669680695,68530.5621701245,68274.6597061672,27757.4184967551,38239.2067896352,48578.7700118574,94418.5561326283,68968.3023210845,61301.7754269947,9.4396543749143e-05,6.89880078930669e-05,6.13025802723877e-05,94268.0824885735,69528.9059480532,61770.3207503981,9.42473419055537e-05,6.95478466975702e-05,6.17708845078237e-05,1181.11075650367,1838.12480871256,1418.12881987894,3.4989023779553e-06,1.46020830312115e-06,3.44367636898078e-06
0.284,3341.53951492431,5106.58735390853,6524.74118330127,31281.7571814932,39418.5094486464,18988.0020334945,3341.53951492431,5106.58735390853,6524.74118330127,31281.757179296,39418.5094508351,18988.0020348477,3340.12491627511,5108.38067908163,6525.13577420375,31281.2631980269,39554.0557895455,18971.6238789614,75863.0517197063,65196.1817994129,43571.5626204252,5812.21121164622,1881.78088925037,1504.57286963908,75863.0591149786,75979.7281802119,75750.1020979884,5812.21121164622,1881.78088925037,1504.57286963908,75863.0591149786,75979.7281802119,75750.1020979884,19923.7019079069,37132.6115462879,42611.7874919162,75863.0591149786,75979.7281802119,75750.1020979884,0.050127310204137,0.080561514634084,0.0546465639933756,100864.363975951,75980.867793906,61214.3583226338,19923.7019079069,37132.6115462879,42611.7874919162,100486.705458772,77028.3498963805,62006.5736963609,19923.6957348254,37133.1449305165,42611.3858906336,1156.48266919263,1831.66618802093,1430.46712582402,616.963918283046,798.537179593152,642.534190913985,100486.664362365,77029.5355131085,62005.1706745304,19923.6957327791,37133.1449551278,42611.38587021,0,0,0,1.95548927711405e-10,0,0,3341.53951492431,5106.58735390853,6524.74118330127,3.34153607453948e-06,5.10658480150334e-06,6.52473586716436e-06,3340.12491627511,5108.38067908163,6525.13577420375,3.34012694764868e-06,5.10837977577069e-06,6.5251368971897e-06,75863.0517197063,65196.1817994129,43571.5626204252,7.57783083017664e-05,6.51395656565985e-05,4.35470885434391e-05,75863.0591149786,75979.7281802119,75750.1020979884,20821.3632689005,38165.9230331925,43925.8808405416,100661.930968087,76456.8774485315,61550.9477163867,0.000100638709192967,7.64778596881297e-05,6.15510786912634e-05,100486.664362365,77029.5355131085,62005.1706745304,0.000100464763769492,7.70496730499906e-05,6.20051102564534e-05,1156.48266919263,1831.66618802093,1430.46712582402,3.48237024838767e-06,1.3966369638226e-06,3.44295254601913e-06
0.285,3881.32475100304,5106.42789896987,6707.15139269525,30666.0611937209,39411.1171186429,17671.9893060712,3881.32475100304,5106.42789896987,6707.15139269525,30666.0611912422,39411.1171208432,17671.989307334,3879.91989366382,5108.22992162688,6707.48484014136,30652.5485536115,39547.856626531,17656.5525781142,78109.6080502115,65420.2172334735,49747.4046235716,5804.13250781893,1833.91925225804,1316.69296179277,75947.7273008688,76064.3667542664,75834.7533938112,5804.13250781893,1833.91925225804,1316.69296179277,75947.7273008688,76064.3667542664,75834.7533938112,14580.8765755244,36654.5957205644,37879.6332698109,75947.7273008688,76064.3667542664,75834.7533938112,0.0579465641867152,0.0811159481261238,0.056217161294549,108508.587107193,81958.7052486337,61829.0491302836,14580.8765755244,36654.5957205644,37879.6332698109,108144.290152425,82917.2701341508,62614.0225734644,14580.8679433583,36655.14000412,37879.1939260236,1406.25468033975,1844.07396968991,1509.07172089303,652.341016832787,806.909905959581,649.65490677093,108144.271322359,82918.3585673509,62612.6246694418,14580.8679420004,36655.1400287577,37879.1939029076,0,0,0,1.94788962135191e-10,0,0,3881.32475100304,5106.42789896987,6707.15139269525,3.88132128864933e-06,5.10642537504779e-06,6.70714624547978e-06,3879.91989366382,5108.22992162688,6707.48484014136,3.87992193022327e-06,5.10822896350548e-06,6.70748595320074e-06,78109.6080502115,65420.2172334735,49747.4046235716,7.80273043081185e-05,6.53637950074559e-05,4.97259709315684e-05,75947.7273008688,76064.3667542664,75834.7533938112,15516.6011340816,37632.1579720014,38982.5257443942,108317.646506806,82396.4653688581,62162.3911501454,0.000108295855418957,8.24161484669816e-05,6.21626007763407e-05,108144.271322359,82918.3585673509,62612.6246694418,0.000108123718597854,8.29372698917201e-05,6.26126412028822e-05,1406.25468033975,1844.07396968991,1509.07172089303,3.5730001476896e-06,1.57929340633835e-06,3.47493010358253e-06
0.286,4452.10355165899,5100.56529683856,7029.56272721447,30437.6898280309,39370.9356546819,16788.1925641816,4452.10355165899,5100.56529683856,7029.56272721447,30437.6898253863,39370.9356568982,16788.1925652456,4450.77913620138,5102.38003096588,7029.81739704391,30415.1484347174,39510.4810191838,16769.3555246216,80177.3453365762,66418.7551398143,57868.9044792106,5802.97794583391,1789.78841038779,1211.51772262538,75992.7191556497,76109.2868385872,75879.6458713991,5802.97794583391,1789.78841038779,1211.51772262538,75992.7191556497,76109.2868385872,75879.6458713991,11555.3509525097,35567.4290045177,33461.6376625575,75992.7191556497,76109.2868385872,75879.6458713991,0.0636335947360792,0.0824116487840313,0.0603948948206739,116457.718860746,84634.7098504015,65188.2436122605,11555.3509525097,35567.4290045177,33461.6376625575,116099.889143891,85552.2834205944,65936.251271029,11555.3452520857,35567.9793360181,33461.121324324,1587.90657134116,1884.24477189679,1671.92365611707,703.080953824165,806.947929436489,684.039374075072,116099.885491004,85553.3239468328,65934.9353504333,11555.3452517721,35567.9793610625,33461.1212983831,0,0,0,1.94714439308291e-10,0,0,4452.10355165899,5100.56529683856,7029.56272721447,4.45210018963127e-06,5.10056279233617e-06,7.02955784666194e-06,4450.77913620138,5102.38003096588,7029.81739704391,4.45078112841234e-06,5.10237905116821e-06,7.02981847094378e-06,80177.3453365762,66418.7551398143,57868.9044792106,8.00971660398088e-05,6.63631815966742e-05,5.78504806307187e-05,75992.7191556497,76109.2868385872,75879.6458713991,12633.9622467212,36474.8555256171,34436.5632630944,116275.610912345,85055.566399099,65505.6781080278,0.000116255126364985,8.50747606573484e-05,6.55060375958064e-05,116099.885491004,85553.3239468328,65934.9353504333,0.000116080563004617,8.55717737877667e-05,6.59351045771142e-05,1587.90657134116,1884.24477189679,1671.92365611707,3.59856803524268e-06,1.80411330743678e-06,3.57730636530273e-06
0.287,4847.93144025037,5136.93840931942,7482.61554477479,30400.3138629648,39318.647241517,16410.3858238749,4847.93144025037,5136.93840931942,7482.61554477479,30400.3138602588,39318.6472437341,16410.3858247343,4846.6798395975,5138.73876271845,7482.80433538782,30373.7970997345,39460.9936803395,16386.6051443976,81042.5479267152,69216.7001159408,65786.4639767927,5802.9392736785,1763.49087194277,1177.63998447286,76016.6715685727,76133.1377287969,75903.497189687,5802.9392736785,1763.49087194277,1177.63998447286,76016.6715685727,76133.1377287969,75903.497189687,10754.252101935,33981.8027679523,30045.6254492455,76016.6715685727,76133.1377287969,75903.497189687,0.0658708047156194,0.0851440422540571,0.0652358570914884,123124.576856327,85039.2978041886,72281.3158489203,10754.252101935,33981.8027679523,30045.6254492455,122770.268636898,85950.1795633654,72950.4688034212,10754.2439562636,33982.3944688862,30045.0727719527,1656.91375798464,1979.27520024757,1845.48389197828,734.84197032882,804.986573341156,738.17903631588,122770.271629803,85951.2052219049,72949.3007778356,10754.2439566676,33982.3944948447,30045.0727435811,0,0,0,1.94696358390385e-10,0,0,4847.93144025037,5136.93840931942,7482.61554477479,4.84792822543676e-06,5.1369359021802e-06,7.48261096461262e-06,4846.6798395975,5138.73876271845,7482.80433538782,4.84668181727478e-06,5.13873780810688e-06,7.48280533291128e-06,81042.5479267152,69216.7001159408,65786.4639767927,8.09632252701221e-05,6.91633743387814e-05,6.57702587668768e-05,76016.6715685727,76133.1377287969,75903.497189687,11913.1662852714,34837.0847869928,30991.5149280249,122948.526988193,85457.3444177357,72566.7957573324,0.000122929009524134,8.54764916948249e-05,7.25673120726754e-05,122770.271629803,85951.2052219049,72949.3007778356,0.000122751859652459,8.59696110500367e-05,7.29496371641231e-05,1656.91375798464,1979.27520024757,1845.48389197828,3.61007048956122e-06,1.92899902277612e-06,3.7972430136007e-06
0.288,5028.42585492995,5333.63962140451,7984.95187729045,30399.3715586648,39290.121074243,16364.2921753148,5028.42585492995,5333.63962140451,7984.95187729045,30399.3715559574,39290.1210764467,16364.2921760764,5027.21950337959,5335.36257302658,7985.10800388232,30373.1752931294,39434.0717832812,16337.8609160086,81088.6892313354,74110.7838224736,71983.2337129365,5802.22901371287,1757.09722470578,1176.14892574741,76029.4283229206,76145.7978661359,75916.1962114957,5802.22901371287,1757.09722470578,1176.14892574741,76029.4283229206,76145.7978661359,75916.1962114957,10754.1928059338,32252.9155733493,28061.7473140646,76029.4283229206,76145.7978661359,75916.1962114957,0.0662263974962455,0.0893184013533686,0.0694458303021425,127792.431424066,85143.9518897391,81688.1784885776,10754.1928059338,32252.9155733493,28061.7473140646,127436.698834122,86053.6848334892,82271.1457110965,10754.1846685392,32253.5320199705,28061.1480663133,1666.44428855663,2128.81153137029,1989.89498838624,745.19241572771,814.417453297553,800.794482616107,127436.701740471,86054.7071336774,82270.1303527007,10754.1846689498,32253.5320472636,28061.1480365325,0,0,0,1.9458635800777e-10,0,0,5028.42585492995,5333.63962140451,7984.95187729045,5.02842278143173e-06,5.33363704003033e-06,7.98494753892784e-06,5027.21950337959,5335.36257302658,7985.10800388232,5.02722149262962e-06,5.33536165213155e-06,7.98510890311123e-06,81088.6892313354,74110.7838224736,71983.2337129365,8.10094117097703e-05,7.40609814355427e-05,7.19684244572374e-05,76029.4283229206,76145.7978661359,75916.1962114957,11913.0389577438,33104.0301670726,29050.3122165187,127619.207903914,85561.4522748503,81939.003985785,0.000127600302602001,8.55805574429401e-05,8.19396383794499e-05,127436.701740471,86054.7071336774,82270.1303527007,0.000127418865541456,8.60730728286134e-05,8.22705984079135e-05,1666.44428855663,2128.81153137029,1989.89498838624,3.73857792703503e-06,1.96999543684307e-06,4.11788630900936e-06
0.289,5055.69719088996,5757.63635867576,8435.55967023524,30366.3294357332,39289.2793059572,16323.2926248865,5055.69719088996,5757.63635867576,8435.55967023524,30366.3294330376,39289.2793081556,16323.292625711,5054.50704764385,5759.22872173432,8435.71905952842,30342.9288476859,39433.4002868841,16299.0808438806,81418.3219516843,80362.4731523828,75801.7524331232,5801.57489234636,1756.39707248636,1168.17542812789,76036.208436727,76152.5172833431,75922.9699392369,5801.57489234636,1756.39707248636,1168.17542812789,76036.208436727,76152.5172833431,75922.9699392369,10242.8763286467,30839.7535154499,27375.971836609,76036.208436727,76152.5172833431,75922.9699392369,0.0663144113542833,0.0944093737596301,0.0722312085185056,130151.790112734,86921.0130554188,91777.4231018147,10242.8763286467,30839.7535154499,27375.971836609,129794.825150917,87808.0718639133,92277.0302837247,10242.8682780383,30840.3971295565,27375.3564397159,1670.97008513731,2310.8113770372,2083.46044236,739.145650267877,844.405553384119,858.619371050134,129794.824518574,87809.0795720016,92276.1377800217,10242.8682780299,30840.3971582657,27375.3564096198,0,0,0,1.94503837531273e-10,0,0,5055.69719088996,5757.63635867576,8435.55967023524,5.05569419206057e-06,5.75763360187542e-06,8.43555546339243e-06,5054.50704764385,5759.22872173432,8435.71905952842,5.05450904951636e-06,5.75922778275285e-06,8.43571986099068e-06,81418.3219516843,80362.4731523828,75801.7524331232,8.13393658340741e-05,8.0316546804118e-05,7.57876898086651e-05,76036.208436727,76152.5172833431,75922.9699392369,11428.2911007837,31743.5197104773,28417.7801295634,129979.704520356,87329.1119476949,91996.1328394033,0.000129961082559903,8.73477671600407e-05,9.19968417234688e-05,129794.824518574,87809.0795720016,92276.1377800217,0.000129777254546767,8.78270178387869e-05,9.22766931066971e-05,1670.97008513731,2310.8113770372,2083.46044236,4.04677015832949e-06,1.97032356567682e-06,4.48249945010456e-06
0.29,5065.70171714422,6366.26304412291,8759.2764122124,30310.089080572,39258.8494893897,15966.6895896204,5065.70171714422,6366.26304412291,8759.2764122124,30310.0890778734,39258.8494916241,15966.6895906566,5064.51567190468,6367.72434873704,8759.46503532524,30289.9388052903,39402.4617222441,15950.2104741024,83157.4652101386,86702.5876248278,77395.5555559035,5801.56179432087,1735.264391025,1133.13557130682,76039.7924352913,76156.0866577254,75926.5775603829,5801.56179432087,1735.264391025,1133.13557130682,76039.7924352913,76156.0866577254,75926.5775603829,8710.64171975662,30069.2550601144,27336.9279023387,76039.7924352913,76156.0866577254,75926.5775603829,0.06756834397765,0.0995718683478717,0.0734562343928937,130817.466666422,91283.243437871,100440.482181264,8710.64171975662,30069.2550601144,27336.9279023387,130458.778981882,92121.8567903925,100880.45031784,8710.63730387501,30069.9246095036,27336.3134054455,1719.1471585406,2493.04725501525,2124.59842890699,728.367622728427,895.060035123539,901.528149699599,130458.774813499,92122.8261435799,100879.636850463,8710.63730333588,30069.924639218,27336.3133754151,0,0,0,1.94503781816155e-10,0,0,5065.70171714422,6366.26304412291,8759.2764122124,5.06569868065808e-06,6.36626002883526e-06,8.75927222759046e-06,5064.51567190468,6367.72434873704,8759.46503532524,5.06451764755023e-06,6.36772330513476e-06,8.75946575821104e-06,83157.4652101386,86702.5876248278,77395.5555559035,8.30801622217619e-05,8.66600208037995e-05,7.73817828814093e-05,76039.7924352913,76156.0866577254,75926.5775603829,10071.3271529592,31054.2892652235,28393.3703422297,130645.292660272,91670.5535330384,100636.291459032,0.000130626740272966,9.1688249122802e-05,0.000100637041216579,130458.774813499,92122.8261435799,100879.636850463,0.00013044126992591,9.21398516279121e-05,0.000100880242364109,1719.1471585406,2493.04725501525,2124.59842890699,4.49917254227064e-06,1.99192733629381e-06,4.82433559443061e-06
0.291,5219.76908406535,7041.49050019845,8929.91071017174,30271.6620980245,39082.4363003194,15081.1928993034,5219.76908406535,7041.49050019845,8929.91071017174,30271.6620953079,39082.4363026614,15081.1929006558,5218.6097675486,7042.86569132365,8930.13886342335,30253.6986135689,39226.2011382602,15077.3717755586,86807.0193400556,91966.1991183312,77609.5339846539,5800.23255685667,1663.72424869635,1071.39374704427,76041.6707339144,76157.9808465777,75928.4750251814,5800.23255685667,1663.72424869635,1071.39374704427,76041.6707339144,76157.9808465777,75928.4750251814,6219.65011674144,29900.5573999999,27180.769238664,76041.6707339144,76157.9808465777,75928.4750251814,0.0707379219036009,0.103964382538862,0.0736254383281011,130817.464229039,98396.8598085488,106863.580426649,6219.65011674144,29900.5573999999,27180.769238664,130458.608330612,99155.9792476933,107258.735691917,6219.64265132628,29901.2258372765,27180.1560124401,1834.36126933894,2645.96454259618,2130.69173838462,728.317086336618,957.793762402128,925.095679877834,130458.603141785,99156.8854841235,107257.965225365,6219.64265035687,29901.2258673443,27180.1559820259,0,0,0,1.94298659114005e-10,0,0,5219.76908406535,7041.49050019845,8929.91071017174,5.2197659096562e-06,7.04148719657378e-06,8.92990647626033e-06,5218.6097675486,7042.86569132365,8930.13886342335,5.21861163859731e-06,7.04286446739909e-06,8.93013953768535e-06,86807.0193400556,91966.1991183312,77609.5339846539,8.67329696151941e-05,9.19260692019727e-05,7.75957994034133e-05,76041.6707339144,76157.9808465777,75928.4750251814,8108.00384312411,30937.7747971673,28202.5000261033,130645.229922631,98751.5638343409,107042.868887853,0.000130626677604141,9.87679219091521e-05,0.000107043636898813,130458.603141785,99156.8854841235,107257.965225365,0.000130441098306037,9.9172637405751e-05,0.000107258595365172,1834.36126933894,2645.96454259618,2130.69173838462,5.00061237283818e-06,2.09157057667398e-06,5.09069028771311e-06
0.292,5619.1106371454,7656.78533814242,8976.3729426583,30267.4584544079,38614.0710223355,13590.8079648614,5619.1106371454,7656.78533814242,8976.3729426583,30267.4584516804,38614.0710248715,13590.8079665881,5618.02806288851,7658.13347736529,8976.63422108608,30250.0197921854,38759.9949392945,13603.5766866731,91973.4652181845,95463.6581452037,77757.1893987441,5792.08582887246,1512.91217401396,999.890450377581,76042.6473327136,76158.9702465139,75929.4381060769,5792.08582887246,1512.91217401396,999.890450377581,76042.6473327136,76158.9702465139,75929.4381060769,3189.82174224228,29876.2303088239,26380.9285578744,76042.6473327136,76158.9702465139,75929.4381060769,0.07558432109121,0.10701887925524,0.0737252864152515,131444.10737255,106524.133849502,110437.696394258,3189.82174224228,29876.2303088239,26380.9285578744,131086.627745875,107206.478240264,110809.188841363,3189.82150690088,29876.897697233,26380.2890406182,2004.36930253381,2751.0174639845,2133.43788730106,751.760791042313,1020.20990662026,931.451359627497,131086.624502623,107207.314078077,110808.433140217,3189.82150580059,29876.8977272393,26380.2890088655,0,0,0,1.93162251072002e-10,0,0,5619.1106371454,7656.78533814242,8976.3729426583,5.61910730012228e-06,7.65678177467979e-06,8.97636864705911e-06,5618.02806288851,7658.13347736529,8976.63422108608,5.61802975384948e-06,7.65813203449419e-06,8.97663487846764e-06,91973.4652181845,95463.6581452037,77757.1893987441,9.19035788956164e-05,9.54249986874501e-05,7.77434808081092e-05,76042.6473327136,76158.9702465139,75929.4381060769,6357.51502467465,30879.4959263804,27337.7810432108,131272.666820858,106846.90538943,110608.180802764,0.000131254214866597,0.000106861978653309,0.000110608954159112,131086.624502623,107207.314078077,110808.433140217,0.000131069214797211,0.000107221839533516,0.000110809072026663,2004.36930253381,2751.0174639845,2133.43788730106,5.45326034958461e-06,2.28754262678411e-06,5.25565183963352e-06
0.293,6241.33061587039,8120.61965237858,8975.08788029639,30247.443151134,37719.6344050222,11550.5336095837,6241.33061587039,8120.61965237858,8975.08788029639,30247.4431484328,37719.6344078356,11550.5336117117,6240.3696503069,8121.99156738848,8975.36169844454,30229.2152543072,37870.6204450336,11583.0222130688,97640.5098367977,97118.9728519751,79176.9938065467,5768.85779875137,1251.57798480451,943.245090214147,76043.151573583,76159.4486926982,75929.8895967286,5768.85779875137,1251.57798480451,943.245090214147,76043.151573583,76159.4486926982,75929.8895967286,0.184870281173106,29292.2231926826,24773.4123731847,76043.151573583,76159.4486926982,75929.8895967286,0.0811360089232539,0.108597134070479,0.0748647710390389,133759.17675109,114537.106223973,111777.366620775,0.184870281173106,29292.2231926826,24773.4123731847,133402.626806008,115144.913120829,112137.472354736,4.55007694758909,29292.9051882709,24772.7350078208,2193.77221940672,2804.64073430158,2167.98352409419,801.469755716401,1071.32322356871,928.848933183709,133402.626344939,115145.679458171,112136.715957779,4.55010842066559,29292.9052184066,24772.7349735711,0,0,0,1.90032806806365e-10,0,0,6241.33061587039,8120.61965237858,8975.08788029639,6.24132717005401e-06,8.1206159005338e-06,8.97508357823528e-06,6240.3696503069,8121.99156738848,8975.36169844454,6.24037113901354e-06,8.12198990831465e-06,8.97536236159602e-06,97640.5098367977,97118.9728519751,79176.9938065467,9.75746830969185e-05,9.70809723214484e-05,7.91635307865865e-05,76043.151573583,76159.4486926982,75929.8895967286,5768.92777518528,30137.5688523291,25670.91357431,133589.467782374,114830.214601063,111943.834458561,0.000133571345937681,0.000114844220258509,0.000111944606926794,133402.626344939,115145.679458171,112136.715957779,0.00013338552858319,0.000115159184630575,0.000112137355272033,2193.77221940672,2804.64073430158,2167.98352409419,5.78927316808334e-06,2.55049395702519e-06,5.3248703958723e-06
0.294,6968.76627638843,8394.43205713805,9026.17704943948,30085.443087548,36314.9696581378,9133.14581971957,6968.76627638843,8394.43205713805,9026.17704943948,30085.4430849415,36314.9696613122,9133.14582227678,6967.94871207618,8395.86013502197,9026.43585356466,30066.0461387028,36474.1626794996,9188.45466246379,102223.893246408,96961.3329338559,82054.6122539226,5720.58065674355,822.065141658596,916.127246768673,75413.6447080022,75515.2847712399,75312.050285142,5720.58065674355,822.065141658596,916.127246768673,75413.6447080022,75515.2847712399,75312.050285142,0.184167956401118,27413.5342437729,22532.5956826331,75413.6447080022,75515.2847712399,75312.050285142,0.0856772603857795,0.109115357015014,0.0779833602325539,135127.747099063,120286.615450646,111437.625320873,0.184167956401118,27413.5342437729,22532.5956826331,134723.624524329,120700.749842918,111868.604825105,3.12623015380736,27413.9350820302,22532.2510199371,2375.49471630883,2813.13702261829,2246.96829952325,868.855008696051,1104.78704090178,929.476368906686,134723.623992025,120701.380414626,111867.927824649,3.12624340364654,27413.9351098022,22532.2509863172,0,0,0,1.83783886939931e-10,0,0,6968.76627638843,8394.43205713805,9026.17704943948,6.96876281517769e-06,8.39442820493851e-06,9.0261728519265e-06,6967.94871207618,8395.86013502197,9026.43585356466,6.96795002547404e-06,8.39585829715483e-06,9.02643652558438e-06,102223.893246408,96961.3329338559,82054.6122539226,0.000102163810819193,9.69262479592097e-05,8.20450608930826e-05,75413.6447080022,75515.2847712399,75312.050285142,5720.64438691277,27952.9648008108,23416.1806538737,134930.483963326,120485.657784542,111639.833997098,0.000134914191082526,0.000120498295354764,0.00011163994944421,134723.623992025,120701.380414626,111867.927824649,0.000134708269480241,0.000120713531522616,0.000111867972349433,2375.49471630883,2813.13702261829,2246.96829952325,5.99119220300384e-06,2.81205576861913e-06,5.33020446013355e-06
0.295,7708.92717693496,8513.86673694064,9218.81192969873,29603.0594029586,34395.6033129608,6628.06659843004,7708.92717693496,8513.86673694064,9218.81192969873,29603.0594004509,34395.6033164506,6628.06660159209,7708.2331088766,8515.31739547011,9219.0393554051,29583.0758893017,34565.6536297214,6710.67251896535,105104.953471563,96138.9095597821,86437.9788328931,5590.94790887006,399.288215116089,857.990229552854,74339.1825790237,74417.5341833082,74254.508436449,5590.94790887006,399.288215116089,857.990229552854,74339.1825790237,74417.5341833082,74254.508436449,0.180455690547831,24391.0644279446,19257.1852698885,74339.1825790237,74417.5341833082,74254.508436449,0.0884710304513789,0.108960928582212,0.0829860337358758,134599.350403521,123676.134073231,111052.118522517,0.180455690547831,24391.0644279446,19257.1852698885,134284.126702614,123923.029533335,111524.710247234,3.10663491508407,24391.7476415555,19256.5128541033,2509.98151900775,2810.32462552206,2376.12021726498,939.613495455117,1120.21222579259,944.989175072498,134284.126191818,123923.499909304,111524.159353783,3.10665104532359,24391.7476654536,19256.5128221974,0,0,0,1.75434817886339e-10,0,0,7708.92717693496,8513.86673694064,9218.81192969873,7.70892374604694e-06,8.51386281683915e-06,9.21880797057196e-06,7708.2331088766,8515.31739547011,9219.0393554051,7.70823431821387e-06,8.51531546748202e-06,9.21904002228613e-06,105104.953471563,96138.9095597821,86437.9788328931,0.000105051098770277,9.61085869553085e-05,8.64344295916377e-05,74339.1825790237,74417.5341833082,74254.508436449,5590.99763282975,24622.9733022758,20095.297367999,134441.754396039,123797.474379969,111278.563912489,0.00013443026613062,0.000123808072504508,0.000111276932669313,134284.126191818,123923.499909304,111524.159353783,0.00013427334017667,0.000123933627296352,0.00011152256407306,2509.98151900775,2810.32462552206,2376.12021726498,6.06592970190248e-06,3.04019763225055e-06,5.33520276792808e-06
0.296,8298.57508299793,8526.67988478329,9579.26511565348,28602.2470562339,32042.4830582554,4495.54435378102,8298.57508299793,8526.67988478329,9579.26511565348,28602.2470538508,32042.483062068,4495.54435774511,8297.98978231055,8528.13742548468,9579.45115245587,28582.7760413465,32224.9489893941,4610.94574970834,105793.63097342,95566.5720377582,91168.7485933013,5334.79129921804,15.6583624746284,754.391541327478,72496.700632821,72541.5059352863,72433.8304298936,5334.79129921804,15.6583624746284,754.391541327478,72496.700632821,72541.5059352863,72433.8304298936,0.174795303826559,20294.4774931863,15181.717847858,72496.700632821,72541.5059352863,72433.8304298936,0.0892011911563349,0.108707285014391,0.0889955518799027,133603.472792006,124282.422491395,111860.653837971,0.174795303826559,20294.4774931863,15181.717847858,133398.895475602,124416.391072813,112303.900833994,2.03567600019418,20295.3602183477,15180.7979849452,2588.03023294288,2825.99634928252,2530.35825555639,1000.35716507054,1122.97955434273,981.010748492474,133398.89505319,124416.669984503,112303.527981325,2.0357456166073,20295.3602354382,15180.7979573696,0,0,0,1.65436886830009e-10,0,0,8298.57508299793,8526.67988478329,9579.26511565348,8.2985717695576e-06,8.52667595099017e-06,9.57926149813765e-06,8297.98978231055,8528.13742548468,9579.45115245587,8.29799093523695e-06,8.5281354748626e-06,9.57945177814085e-06,105793.63097342,95566.5720377582,91168.7485933013,0.000105747776329802,9.55446142426062e-05,9.11741974545649e-05,72496.700632821,72541.5059352863,72433.8304298936,5334.81841098951,20304.6156596422,15925.3046719015,133499.020750806,124345.986138895,112071.023447125,0.000133491215814046,0.000124355007188667,0.000112067766204814,133398.89505319,124416.669984503,112303.527981325,0.000133391573316781,0.000124425281415499,0.000112300397043243,2588.03023294288,2825.99634928252,2530.35825555639,6.0715353437759e-06,3.20062438403417e-06,5.39762642091456e-06
0.297,8683.60172657392,8542.53413702373,10064.0203317031,26907.1313858628,29432.9589505813,3379.89330788272,8683.60172657392,8542.53413702373,10064.0203317031,26907.1313835756,29432.9589546767,3379.89331238746,8683.10371316773,8543.95554299898,10064.171450059,26889.0216311546,29627.6515322775,3517.14805450199,105301.364301454,96919.2849340021,95880.6764272083,4910.63089298576,0.120729107906423,583.400489343489,70917.3907366205,70930.4160477132,70872.4274320387,4910.63089298576,0.120729107906423,583.400489343489,70917.3907366205,70930.4160477132,70872.4274320387,0.170778221911065,15352.5395202429,10744.8108223259,70917.3907366205,70930.4160477132,70872.4274320387,0.0886369775315539,0.109173177061869,0.0948095811204818,133716.471987203,123674.586554658,115092.192158914,0.170778221911065,15352.5395202429,10744.8108223259,133580.139049477,123779.777989761,115424.347337563,1.94813889182153,15351.9763786365,10745.5125512289,2615.32973914217,2882.81847294971,2684.08745324102,1042.4863975663,1122.61956302904,1034.2736674152,133580.138610525,123779.892745127,115424.130601979,1.94819247517871,15351.9763878711,10745.5125279666,0,0,0,1.54643303760729e-10,0,0,8683.60172657392,8542.53413702373,10064.0203317031,8.68359858097344e-06,8.54253020033388e-06,1.00640170838589e-05,8683.10371316773,8543.95554299898,10064.171450059,8.68310484237074e-06,8.54395362229866e-06,1.00641719975411e-05,105301.364301454,96919.2849340021,95880.6764272083,0.000105261730767709,9.6904695935786e-05,9.58928782695346e-05,70917.3907366205,70930.4160477132,70872.4274320387,4910.63013537271,15352.4138786059,11317.8423866426,133651.513391361,123722.858932396,115246.144362834,0.000133646292556414,0.000123730837508038,0.000115241845635864,133580.138610525,123779.892745127,115424.130601979,0.000133575227099668,0.00012378752511311,0.000115420003372577,2615.32973914217,2882.81847294971,2684.08745324102,6.0896788205827e-06,3.28940060113989e-06,5.54958752073299e-06
0.298,8827.73178029158,8362.12394103189,10106.7920357106,24396.541764873,25983.5582953423,2302.42909357259,8827.73178029158,8362.12394103189,10106.7920357106,24396.5417628185,25983.5582987933,2302.42909655469,8827.35883686649,8363.18927295407,10106.8591240644,24379.3089070745,26164.4738739382,2414.9043275261,104035.309599132,95856.8330191652,99094.7628353445,4336.75903074117,0.114151013238727,400.78451143299,69021.596685046,69002.3442403523,68991.5651186174,4336.75903074117,0.114151013238727,400.78451143299,69021.596685046,69002.3442403523,68991.5651186174,0.166683605596617,10205.6377771941,6247.86463588822,69021.596685046,69002.3442403523,68991.5651186174,0.0884839547948388,0.105482030822898,0.0991961692887771,133686.569698827,122672.12747791,120264.751898768,0.166683605596617,10205.6377771941,6247.86463588822,133574.384233271,122865.701406997,120446.1116959,1.59759316938305,10205.1906166051,6248.57690139124,2604.56200471512,2903.03799140667,2756.8233032899,1056.68224523121,1096.68650011894,1084.766472747,133574.383762575,122865.669950753,120446.028837661,1.5976235976594,10205.1906127883,6248.57688545533,0,0,0,1.3945661474874e-10,0,0,8827.73178029158,8362.12394103189,10106.7920357106,8.82772888253566e-06,8.36212003003294e-06,1.01067895995287e-05,8827.35883686649,8363.18927295407,10106.8591240644,8.82735985501114e-06,8.36318752473511e-06,1.01068594760569e-05,104035.309599132,95856.8330191652,99094.7628353445,0.00010399517498731,9.5842123327485e-05,9.91065489924615e-05,69021.596685046,69002.3442403523,68991.5651186174,4336.72822646654,10205.5473893111,6639.7999956783,133634.551851701,122765.107373358,120344.783808464,0.000133629574277946,0.000122772978469048,0.000120340581239743,133574.383762575,122865.669950753,120446.028837661,0.000133569667318479,0.000122873218880059,0.000120442008282036,2604.56200471512,2903.03799140667,2756.8233032899,6.00516848507774e-06,3.3256235310474e-06,5.60324889318578e-06
0.299,8852.98924623627,8340.84555491545,10180.1118054242,20971.8434665066,21640.6402377399,1281.36424112457,8852.98924623627,8340.84555491545,10180.1118054242,20971.8434644914,21640.6402402928,1281.36424167599,8852.69657389661,8341.48679887834,10180.1173764384,20952.6454176642,21795.2788642295,1335.1543218166,103814.198834923,96663.2113378481,101070.16538016,3612.71002096839,0.110719816474633,221.771460563063,67919.8025728617,67880.3251709309,67896.0781502019,3612.71002096839,0.110719816474633,221.771460563063,67919.8025728617,67880.3251709309,67896.0781502019,0.164325295923773,5557.6505583516,2255.44458682418,67919.8025728617,67880.3251709309,67896.0781502019,0.0887637716765075,0.102852629219119,0.101940979296689,133640.872872767,123206.540808781,126616.849286901,0.164325295923773,5557.6505583516,2255.44458682418,133536.475907506,123517.245911795,126650.225876007,1.63446902864844,5558.07735061009,2255.34134462056,2596.55889474559,2942.87847185508,2798.78998586875,1048.84035410278,1070.4112994133,1129.07212120432,133536.47543252,123517.137294284,126650.209829887,1.6344916425872,5558.07732641352,2255.34133571874,0,0,0,1.19149194174283e-10,0,0,8852.98924623627,8340.84555491545,10180.1118054242,8.85298651883772e-06,8.34084158660973e-06,1.01801100961063e-05,8852.69657389661,8341.48679887834,10180.1173764384,8.8526975149853e-06,8.34148523135654e-06,1.01801175164674e-05,103814.198834923,96663.2113378481,101070.16538016,0.000103773191285813,9.66507712102671e-05,0.000101080915032999,67919.8025728617,67880.3251709309,67896.0781502019,3612.64682750438,5557.611902847,2477.21140765982,133593.05405493,123359.407955141,126624.1708714,0.000133588088178838,0.000123367160616405,0.000126620241538919,133536.47543252,123517.137294284,126650.209829887,0.000133531754143772,0.000123524578742334,0.000126646455832067,2596.55889474559,2942.87847185508,2798.78998586875,6.03660963652761e-06,3.3267139461575e-06,5.69283631594628e-06
0.3,8853.01678637496,8520.72855701643,10239.3308970343,16529.6278168201,16382.3317482531,369.745111375859,8853.01678637496,8520.72855701643,10239.3308970343,16529.6278144187,16382.3317495449,369.745103689514,8852.74842999749,8520.94791825016,10239.3014727335,16499.9830140745,16492.6052126198,14.1828654872075,105490.744003062,98773.0432090986,101839.144291615,2733.90187229147,0.11048103148973,0.132317253062491,67530.0001414644,67482.5050973977,67506.2630712338,2733.90187229147,0.11048103148973,0.132317253062491,67530.0001414644,67482.5050973977,67506.2630712338,0.163524202632092,2733.46559785149,0.169688441371588,67530.0001414644,67482.5050973977,67506.2630712338,0.0903527200150852,0.101930190645343,0.103105564486377,133591.595225955,126253.496297045,132938.271121085,0.163524202632092,2733.46559785149,0.169688441371588,133485.799474149,126640.480451811,132870.503873313,1.6682070898831,2734.16565100783,1.72378819669105,2626.34930261955,2996.31491203391,2812.80566405529,1027.59478440733,1051.32896286341,1160.56258150024,133485.798990837,126640.352981979,132870.503683592,1.66822205857345,2734.16559183758,1.72379771849206,0,0,0,9.32450396548195e-11,0,0,8853.01678637496,8520.72855701643,10239.3308970343,8.85301408226223e-06,8.52072442866294e-06,1.02393297508245e-05,8852.74842999749,8520.94791825016,10239.3014727335,8.85274933180988e-06,8.52094648739398e-06,1.02393014181482e-05,105490.744003062,98773.0432090986,101839.144291615,0.000105449465963138,9.87646514570951e-05,0.000101848857907897,67530.0001414644,67482.5050973977,67506.2630712338,2733.80239257614,2733.51257301435,0.38657212260569,133541.650934292,126448.761153355,132898.494758229,0.000133536542053486,0.000126456292580343,0.000132894929957245,133485.798990837,126640.352981979,132870.503683592,0.000133480936246668,0.000126647575631659,0.000132867106429962,2626.34930261955,2996.31491203391,2812.80566405529,6.21565189660336e-06,3.33474333730134e-06,5.80114134436921e-06
0.301,8854.13930963347,9068.70010637905,10190.5187600435,10888.6009365747,10751.4382992624,380.588323195361,8854.13930963347,9068.70010637905,10190.5187600435,10888.6009349976,10751.4382998065,380.588315457949,8854.03784661799,9068.74508525404,10190.4883907337,10844.6736628944,10838.1091764867,14.2874495048303,104628.40204351,101683.549292893,99662.4171083234,1796.81798901313,0.114588229543499,0.121563907998669,59940.2276943651,59908.1006900657,59924.1754843245,1796.81798901313,0.114588229543499,0.121563907998669,59940.2276943651,59908.1006900657,59924.1754843245,0.160431539012521,1796.4024123664,0.159697248345446,59940.2276943651,59908.1006900657,59924.1754843245,0.093330866635724,0.106588314347973,0.102104724065802,133590.688789985,127617.413381948,132759.627563895,0.160431539012521,1796.4024123664,0.159697248345446,133485.271384276,127925.451936705,132722.9016697,1.68722983179622,1796.64031063497,1.74727653044611,2713.63757183237,3078.25338588011,2816.88645546818,1027.47317182103,1084.96254309633,1179.20518480111,133485.270901027,127925.376321994,132722.901491202,1.6872445004071,1796.64025657716,1.74728968834633,0,0,0,6.12279634890418e-11,0,0,8854.13930963347,9068.70010637905,10190.5187600435,8.85413677595893e-06,9.06869566164208e-06,1.01905179669388e-05,8854.03784661799,9068.74508525404,10190.4883907337,8.85403849462786e-06,9.0687436049676e-06,1.0190488155556e-05,104628.40204351,101683.549292893,99662.4171083234,0.000104595921629808,0.000101681759351963,9.96657611369513e-05,59940.2276943651,59908.1006900657,59924.1754843245,1796.71328185916,1796.46371245911,0.364888698935033,133540.974098297,127770.671618715,132736.860242871,0.000133535885695637,0.000127776572505003,0.000132735022305255,133485.270901027,127925.376321994,132722.901491202,0.000133480425908536,0.000127931030324605,0.000132721162002501,2713.63757183237,3078.25338588011,2816.88645546818,6.67550776421432e-06,3.39624004800629e-06,5.9880352276827e-06
0.302,9068.31043128704,9625.51337576686,10162.249519541,5862.56541035898,5772.19787194485,379.771500799901,9068.31043128704,9625.51337576686,10162.249519541,5862.56540945969,5772.19787169948,379.771492994399,9068.28692737026,9625.48894919824,10162.2192859671,5832.18752077013,5826.9226052447,14.3650866820685,103875.535338925,104360.747747303,99002.4438536133,966.299828972794,0.115162651156918,0.111494611767886,48256.9950539205,48239.4157708469,48248.2159522987,966.299828972794,0.115162651156918,0.111494611767886,48256.9950539205,48239.4157708469,48248.2159522987,0.153208974990555,965.946904981927,0.148708652889129,48256.9950539205,48239.4157708469,48248.2159522987,0.0976738351512482,0.109720283024213,0.0972894733637486,133504.384910182,129420.737510855,132543.998255229,0.153208974990555,965.946904981927,0.148708652889129,133411.316009702,129629.344497963,132534.540256046,1.59795561875518,966.54502630778,1.69096144018407,2829.97742530249,3112.91164595764,2814.17326764502,1051.36210632861,1108.50151196873,1163.59319469853,133411.315535435,129629.311807657,132534.540076131,1.59796891222518,966.544982000861,1.69096938119945,0,0,0,3.28984514603674e-11,0,0,9068.31043128704,9625.51337576686,10162.249519541,9.06830783401896e-06,9.6255086186594e-06,1.0162248856236e-05,9068.28692737026,9625.48894919824,10162.2192859671,9.06828742496291e-06,9.62548736340496e-06,1.01622189605836e-05,103875.535338925,104360.747747303,99002.4438536133,0.000103854435938254,0.000104362865718998,9.90012119368934e-05,48256.9950539205,48239.4157708469,48248.2159522987,966.198929469524,966.017691475855,0.335332842627731,133460.704672339,129524.384409649,132534.342199331,0.000133456387355888,0.000129528099190851,0.000132534157581291,133411.315535435,129629.311807657,132534.540076131,0.000133407208975811,0.000129632861258585,0.000132534386025638,2829.97742530249,3112.91164595764,2814.17326764502,7.09284875960388e-06,3.54473201528035e-06,6.05428879147132e-06
0.303,9486.84978112141,10065.6591867128,10160.5463296707,1959.12561075132,1913.91902001502,378.986005729461,9486.84978112141,10065.6591867128,10160.5463296707,1959.12560936122,1913.91901831644,378.985997837651,9486.83115909906,10065.6238398545,10160.5161590645,1922.58935567551,1918.88537942649,14.4200686817593,103961.428079322,105881.461373975,100465.188415329,318.541646333638,0.111627826166731,0.106322460223115,33232.0827768154,33225.7787841117,33228.9385919811,318.541646333638,0.111627826166731,0.106322460223115,33232.0827768154,33225.7787841117,33228.9385919811,0.142852159433828,318.268486580525,0.140069946472449,33232.0827768154,33225.7787841117,33228.9385919811,0.101927388304783,0.110013231779246,0.0947969207977845,133291.770495738,131380.993520674,132413.617079246,0.142852159433828,318.268486580525,0.140069946472449,133232.440669706,131476.813908237,132427.24465779,1.54717724081383,318.711666502638,1.68066604203786,2980.19026962772,3148.62697388072,2846.62403810419,1096.02885009093,1138.40429195738,1151.45184273282,133232.44021329,131476.806274937,132427.244480255,1.54718781052223,318.711633417932,1.68067313335463,0,0,0,1.11063930137313e-11,0,0,9486.84978112141,10065.6591867128,10160.5463296707,9.48684696017865e-06,1.00656541782079e-05,1.01605456772247e-05,9486.83115909906,10065.6238398545,10160.5161590645,9.48683161238279e-06,1.00656221357492e-05,1.01605158233216e-05,103961.428079322,105881.461373975,100465.188415329,0.000103951657005852,0.000105884014376478,0.00010046304725895,33232.0827768154,33225.7787841117,33228.9385919811,318.454560582467,318.338704080648,0.314777131786712,133263.996891412,131431.07080864,132414.959467619,0.000133261278897791,0.000131432450712963,0.000132415891882425,133232.44021329,131476.806274937,132427.244480255,0.000133229853285567,0.000131478121274943,0.000132428149884814,2980.19026962772,3148.62697388072,2846.62403810419,7.39851959649243e-06,3.75308328807697e-06,6.1033937731933e-06
0.304,9999.94589904481,10318.4070688013,10161.8987985081,375.290634906798,379.526751670471,378.531890524628,9999.94589904481,10318.4070688013,10161.8987985081,375.290625716539,379.526743740848,378.531882569485,9999.91666122104,10318.3773010255,10161.868608356,14.5207337127293,14.6929937146576,14.4481207927357,104255.533892269,105804.536415288,103544.895930464,0.10374291600126,0.103900790391449,0.106345858247661,5241.61850313649,5241.63528275761,5241.62054172705,0.10374291600126,0.103900790391449,0.106345858247661,5241.61850313649,5241.63528275761,5241.62054172705,0.130227905009136,0.133630241094101,0.134757140661144,5241.61850313649,5241.63528275761,5241.62054172705,0.105192855283061,0.10664381988971,0.0957311573939192,132999.237738048,133019.114097757,132365.81589234,0.130227905009136,0.133630241094101,0.134757140661144,132988.548009,133007.543759508,132387.37249007,1.5157932459861,1.57848414349051,1.66129100999045,3125.07524795927,3160.93099548028,2917.60785582917,1155.14269026121,1164.62699757327,1152.03028547722,132988.547577647,133007.544210006,132387.372312838,1.51580160889879,1.57850609730486,1.66129748750888,0,0,0,3.35334999283932e-12,0,0,9999.94589904481,10318.4070688013,10161.8987985081,9.99994284883285e-06,1.0318401902e-05,1.01618981796671e-05,9999.91666122104,10318.3773010255,10161.868608356,9.99991711679754e-06,1.031837549989e-05,1.01618683009005e-05,104255.533892269,105804.536415288,103544.895930464,0.000104255534438703,0.000105804536734889,0.000103544895608962,5241.61850313649,5241.63528275761,5241.62054172705,0.308373769972662,0.310665745553522,0.306863253133936,132996.547712317,133016.211109035,132371.243478215,0.000132995920620577,0.000133015561671197,0.000132372507323293,132988.547577647,133007.544210006,132387.372312838,0.000132987944252373,0.000133006919714004,0.000132388587895768,3125.07524795927,3160.93099548028,2917.60785582917,7.5524727723508e-06,3.97902176000555e-06,6.10676845514909e-06
0.305,10273.1365389475,10397.1922820908,10198.4547941597,381.292671097333,383.769275266464,378.412584180348,10273.1365389475,10397.1922820908,10198.4547941597,381.292661609329,383.769267168026,378.41257619652,10273.1065002262,10397.1618004253,10198.4245958934,14.6382128504332,14.9218305433394,14.4321769507836,106569.962986795,105718.374156238,105744.613284158,0.106654902526447,0.103940259154798,0.107610691996203,3821.89556759123,3821.91573316915,3821.89582804114,0.106654902526447,0.103940259154798,0.107610691996203,3821.89556759123,3821.91573316915,3821.89582804114,0.131186839726423,0.132830517506396,0.134502406374063,3821.89556759123,3821.91573316915,3821.89582804114,0.104460610810014,0.106217074932234,0.0988619024639371,132889.342828808,133112.030663963,132396.083993037,0.131186839726423,0.132830517506396,0.134502406374063,132884.534231542,133095.687368557,132416.155227635,1.48538330931875,1.61360611864463,1.63072679374729,3122.23782969992,3153.48454354412,2998.82693467989,1175.89714167804,1166.75633442666,1160.08491239057,132884.533792412,133095.687811867,132416.15505254,1.48538801028183,1.61362367652027,1.63073458696914,0,0,0,3.40215040246371e-12,0,0,10273.1365389475,10397.1922820908,10198.4547941597,1.02731333980979e-05,1.03971870603312e-05,1.01984542240966e-05,10273.1065002262,10397.1618004253,10198.4245958934,1.02731069638976e-05,1.03971599619525e-05,1.01984243027611e-05,106569.962986795,105718.374156238,105744.613284158,0.000106569963462869,0.000105718374517799,0.000105744613013403,3821.89556759123,3821.91573316915,3821.89582804114,0.31260768199616,0.31095197068392,0.309881622769652,132888.152284574,133107.905167713,132401.134624887,0.000132887883110179,0.000133106978134437,0.000132402317479996,132884.533792412,133095.687811867,132416.15505254,0.000132884274639314,0.00013309479633734,0.000132417292823245,3122.23782969992,3153.48454354412,2998.82693467989,7.55714509029677e-06,4.09141598794522e-06,6.09729298606144e-06
0.306,10425.8621799706,10403.7131402217,10283.1684044927,384.20016049604,383.610513078197,379.246260492923,10425.8621799706,10403.7131402217,10283.1684044927,384.200150825221,383.610504924263,379.246252440529,10425.8316731593,10403.682492622,10283.1381094564,14.7819624845873,15.0331884198728,14.4034227117181,107128.515295671,106033.794964682,107463.316050092,0.107637217907775,0.104526433787481,0.108533148267253,2787.26640795358,2787.28796287113,2787.26414766309,0.107637217907775,0.104526433787481,0.108533148267253,2787.26640795358,2787.28796287113,2787.26414766309,0.131886642420802,0.132439199601706,0.134118108670973,2787.26640795358,2787.28796287113,2787.26414766309,0.10298930744646,0.105827521563692,0.101260454083733,132750.419247681,133175.45402033,132452.692684081,0.131886642420802,0.132439199601706,0.134118108670973,132752.230050481,133155.925717462,132469.718049316,1.48580754116094,1.51536065931305,1.63079480099108,3090.51720470602,3148.08862022653,3058.19950142249,1180.17778318448,1165.24853077467,1167.98330460009,132752.229608877,133155.926164208,132469.71787383,1.48581218984172,1.51538396189394,1.63080140226607,0,0,0,3.40548963793129e-12,0,0,10425.8621799706,10403.7131402217,10283.1684044927,1.04258590111051e-05,1.0403707910638e-05,1.02831678692654e-05,10425.8316731593,10403.682492622,10283.1381094564,1.04258321534271e-05,1.04036806460895e-05,1.0283137825768e-05,107128.515295671,106033.794964682,107463.316050092,0.000107128515807567,0.00010603379533989,0.000107463315741194,2787.26640795358,2787.28796287113,2787.26414766309,0.313088688986484,0.310981827473526,0.312316577812274,132750.867608695,133170.539654514,132456.966929311,0.00013275097059425,0.000133169424629826,0.000132457964063004,132752.229608877,133155.926164208,132469.71787383,0.000132752328409736,0.000133154853906935,0.000132470677035782,3090.51720470602,3148.08862022653,3058.19950142249,7.54480899736901e-06,4.12979841440801e-06,6.10341933070954e-06
0.307,10495.8135570803,10405.4364845125,10381.3745979151,386.30880114135,382.953329915052,381.157642908245,10495.8135570803,10405.4364845125,10381.3745979151,386.308791376147,382.953321743678,381.157634759232,10495.7827344845,10405.4058314666,10381.3440590799,14.9279576529893,15.0664262209595,14.3993938744507,107070.241395678,106843.151752865,108524.191227188,0.107780526157963,0.105701287590239,0.108993696039385,2033.03742910796,2033.0577216407,2033.03244228921,0.107780526157963,0.105701287590239,0.108993696039385,2033.03742910796,2033.0577216407,2033.03244228921,0.132370941632601,0.132326037488393,0.133738962186468,2033.03742910796,2033.0577216407,2033.03244228921,0.102163918276049,0.105570794680932,0.103023736575409,132646.255018413,133200.881000676,132553.182256772,0.132370941632601,0.132326037488393,0.133738962186468,132653.635071127,133180.105392685,132565.198742969,1.4596405752199,1.55172604246848,1.59180504954145,3071.61379811639,3147.35962082332,3101.67956468402,1180.91162894914,1165.88535426602,1176.77817235028,132653.634622369,133180.105837704,132565.198575016,1.45964025785756,1.55174788732016,1.59181723589349,0,0,0,3.40124471943876e-12,0,0,10495.8135570803,10405.4364845125,10381.3745979151,1.04958103884801e-05,1.04054312558763e-05,1.03813740759851e-05,10495.7827344845,10405.4058314666,10381.3440590799,1.04957832295269e-05,1.04054039874027e-05,1.03813437780452e-05,107070.241395678,106843.151752865,108524.191227188,0.000107070241967622,0.000106843152179711,0.000108524190811725,2033.03742910796,2033.0577216407,2033.03244228921,0.312578959518402,0.311647133261833,0.314123818353506,132648.093177851,133195.656791599,132556.18508967,0.000132648541387459,0.00013319446821231,0.000132556907953883,132653.634622369,133180.105837704,132565.198575016,0.000132654065357531,0.000133178962826539,0.000132565894148475,3071.61379811639,3147.35962082332,3101.67956468402,7.56163059917043e-06,4.14432739157064e-06,6.12218900241098e-06
0.308,10516.0551274229,10426.8362188971,10464.9601385421,387.300602551171,382.543978645002,383.812225794029,10516.0551274229,10426.8362188971,10464.9601385421,387.300592755431,382.543970443607,383.812217550259,10516.0241659657,10426.8055467246,10464.9292707386,15.0530237257618,15.0501989437327,14.437063630877,107035.617251123,107932.207101528,108972.740565821,0.107772734500081,0.107163409741103,0.109033573919885,1483.81577003618,1483.83203986641,1483.80826831493,0.107772734500081,0.107163409741103,0.109033573919885,1483.81577003618,1483.83203986641,1483.80826831493,0.132637213226628,0.132354676952212,0.133409830884111,1483.81577003618,1483.83203986641,1483.80826831493,0.101927390334204,0.105524110793123,0.104078718599616,132537.237578475,133189.841181104,132654.679843874,0.132637213226628,0.132354676952212,0.133409830884111,132549.929426287,133169.612625024,132661.391685093,1.45115582645699,1.43208734719686,1.59387530991265,3066.22670048611,3152.33066244196,3127.14213095942,1179.30565255685,1169.76478173006,1184.37729164792,132549.92897539,133169.613068979,132661.391516437,1.45115429626617,1.43210983484797,1.59388631566539,0,0,0,3.39544904154832e-12,0,0,10516.0551274229,10426.8362188971,10464.9601385421,1.05160519664195e-05,1.04268309837129e-05,1.04649596122358e-05,10516.0241659657,10426.8055467246,10464.9292707386,1.05160246693939e-05,1.04268037053009e-05,1.04649289870892e-05,107035.617251123,107932.207101528,108972.740565821,0.000107035617855978,0.000107932207643748,0.000108972740000475,1483.81577003618,1483.83203986641,1483.80826831493,0.311942207022564,0.312890558648709,0.315022118295239,132540.426515993,133184.755539724,132656.363602743,0.000132541162694003,0.000133183600464082,0.000132656761781085,132549.92897539,133169.613068979,132661.391516437,0.000132550636567778,0.000133168502360828,0.000132661774961468,3066.22670048611,3152.33066244196,3127.14213095942,7.60596898223621e-06,4.1457567609233e-06,6.14912240414218e-06
0.309,10516.3109325349,10467.8964335217,10518.3037660222,387.237708462543,382.973728709067,386.573956466468,10516.3109325349,10467.8964335217,10518.3037660222,387.237698667207,382.973720451783,386.573948155323,10516.2799696395,10467.8656342427,10518.2725854922,15.138108776948,15.0137859084295,14.5164891954871,107329.501437234,109013.348945098,108992.835123355,0.107981590455998,0.108568921679598,0.108806699411491,1085.58690274361,1085.59655311222,1085.57747340312,0.107981590455998,0.108568921679598,0.108806699411491,1085.58690274361,1085.59655311222,1085.57747340312,0.132779957882325,0.132445908018695,0.133180796157848,1085.58690274361,1085.59655311222,1085.57747340312,0.102220667960798,0.105609534320853,0.104528216131553,132477.535979859,133138.84001122,132778.839712482,0.132779957882325,0.132445908018695,0.133180796157848,132493.449753887,133121.131294322,132779.587841631,1.43651169976529,1.46023441266939,1.53570145965451,3074.46455768972,3159.97820964444,3137.08287293317,1177.31730731094,1176.60962372931,1189.11596838663,132493.449298441,133121.131740253,132779.587683317,1.43650632741103,1.46025756544494,1.5357216243193,0,0,0,3.39422694911018e-12,0,0,10516.3109325349,10467.8964335217,10518.3037660222,1.05163077742253e-05,1.04678911811907e-05,1.05183032265428e-05,10516.2799696395,10467.8656342427,10518.2725854922,1.05162804745748e-05,1.04678637909745e-05,1.0518272296905e-05,107329.501437234,109013.348945098,108992.835123355,0.000107329502011788,0.000109013349663872,0.000108992834401459,1085.58690274361,1085.59655311222,1085.57747340312,0.311767451193053,0.314368996501951,0.315110139362046,132481.540275015,133134.393985435,132779.061916994,0.000132482477966345,0.000133133379415883,0.000132779113909166,132493.449298441,133121.131740253,132779.587683317,0.000132494350758239,0.000133120156218196,0.000132779638218351,3074.46455768972,3159.97820964444,3137.08287293317,7.66876146419315e-06,4.1451282180864e-06,6.17507422661749e-06
0.31,10519.268928888,10515.8060841781,10539.0195821929,386.577868528765,384.476129175378,388.76763060709,10519.268928888,10515.8060841781,10539.0195821929,386.577858733925,384.476120847069,388.76762226751,10519.2380170021,10515.7750354917,10538.9881934271,15.174222169579,14.9861890010193,14.622293188963,108008.113004144,109852.109556689,108831.721273941,0.108519417986383,0.109660316950876,0.108523163243356,800.17810110877,800.178981078633,800.167687411318,0.108519417986383,0.109660316950876,0.108523163243356,800.17810110877,800.178981078633,800.167687411318,0.132821282853522,0.132551846563602,0.133025735265182,800.17810110877,800.178981078633,800.167687411318,0.102936138228666,0.105682681641291,0.104596273161553,132437.819141457,133070.824017848,132883.474127086,0.132821282853522,0.132551846563602,0.133025735265182,132455.633727425,133056.708656894,132878.731066822,1.42524425512596,1.33583006510762,1.53629085226368,3094.43009562097,3165.7884330299,3137.47018052445,1177.02843485511,1184.91588852542,1190.44513794469,132455.633270928,133056.709095024,132878.730908147,1.42523792202909,1.3358466560277,1.53631083331705,0,0,0,3.40171738968788e-12,0,0,10519.268928888,10515.8060841781,10539.0195821929,1.05192657637315e-05,1.05158008088208e-05,1.05390190301215e-05,10519.2380170021,10515.7750354917,10538.9881934271,1.05192385187818e-05,1.05157731855781e-05,1.053898790053e-05,108008.113004144,109852.109556689,108831.721273941,0.000108008113466807,0.000109852110497575,0.000108831720425281,800.17810110877,800.178981078633,800.167687411318,0.312286555627444,0.315658133964837,0.314646538305355,132442.303112917,133067.289336247,132882.296614889,0.000132443343547534,0.000133066493195968,0.00013288202280815,132455.633270928,133056.709095024,132878.730908147,0.000132456633531567,0.000133055943706419,0.000132878468230073,3094.43009562097,3165.7884330299,3137.47018052445,7.73563352741473e-06,4.1509121332926e-06,6.19123314222849e-06
0.311,10537.2917378693,10554.1118032851,10536.299525224,386.001434477951,386.835505150008,389.945727155747,10537.2917378693,10554.1118032851,10536.299525224,386.00142466175,386.835496757967,389.94571882243,10537.260832734,10554.0804353706,10536.2680745869,15.166672819533,14.989582393647,14.7294702099415,108951.591240374,110328.770998893,108739.140280648,0.109307901616958,0.11031615351415,0.108397059293012,601.26903996627,601.259918067752,601.258959221911,0.109307901616958,0.11031615351415,0.108397059293012,601.26903996627,601.259918067752,601.258959221911,0.132820188188368,0.132622925150091,0.132947071075497,601.26903996627,601.259918067752,601.258959221911,0.103895674551156,0.105627690325547,0.104553292690602,132438.265168821,132966.252871885,132981.806227486,0.132820188188368,0.132622925150091,0.132947071075497,132456.038708556,132957.124380251,132972.037140494,1.42201836111584,1.35076345296499,1.44957944486729,3121.60560725393,3166.43230803213,3135.71166255223,1179.80155143174,1192.59301637158,1189.13383871531,132456.038252134,132957.124820579,132972.036991264,1.42201204533821,1.35078126145241,1.44960968983449,0,0,0,3.41839091238397e-12,0,0,10537.2917378693,10554.1118032851,10536.299525224,1.05372885582313e-05,1.0554106507096e-05,1.05362989680831e-05,10537.260832734,10554.0804353706,10536.2680745869,1.05372613303532e-05,1.05540785766277e-05,1.05362677800794e-05,108951.591240374,110328.770998893,108739.140280648,0.000108951591506545,0.000110328772182475,0.000108739139370319,601.26903996627,601.259918067752,601.258959221911,0.313429852281104,0.31640730890346,0.314061826695908,132442.738708927,132963.946414544,132979.342119637,0.000132443776912319,0.000132963427508891,0.000132978787993049,132456.038252134,132957.124820579,132972.036991264,0.000132457036440152,0.000132956626052449,0.000132971504850449,3121.60560725393,3166.43230803213,3135.71166255223,7.79151454875952e-06,4.16658949255497e-06,6.19338723011376e-06
0.312,10570.6919048625,10570.4314588929,10526.663676576,386.14421877272,389.484324035202,390.058645697291,10570.6919048625,10570.4314588929,10526.663676576,386.144208907009,389.484315608187,390.058637387569,10570.6608924838,10570.399790826,10526.6322918877,15.1342492664037,15.0323568842661,14.8129295524101,109945.365954612,110459.567216162,108900.576779856,0.110158399084935,0.110561304690562,0.108582898444107,470.695719902784,470.677168430416,470.687548149748,0.110158399084935,0.110561304690562,0.108582898444107,470.695719902784,470.677168430416,470.687548149748,0.132808955104914,0.132686869010875,0.132910426898445,470.695719902784,470.677168430416,470.687548149748,0.104876254228397,0.105420248674965,0.104632254706667,132475.640486021,132879.163753866,133049.458372345,0.132808955104914,0.132686869010875,0.132910426898445,132491.644285228,132874.663982534,133036.224642696,1.40885229616033,1.24577958335289,1.44303043916197,3149.71673035048,3161.48429242616,3138.2262651247,1185.71544413307,1197.81770108722,1186.97354473791,132491.643830203,132874.664409587,133036.224493637,1.40884717457987,1.24578419961921,1.44306143172142,0,0,0,3.44089755487783e-12,0,0,10570.6919048625,10570.4314588929,10526.663676576,1.0570688709435e-05,1.05704261514266e-05,1.05266631244094e-05,10570.6608924838,10570.399790826,10526.6322918877,1.05706613885048e-05,1.05703979249155e-05,1.05266319990598e-05,109945.365954612,110459.567216162,108900.576779856,0.000109945365956619,0.000110459568626595,0.000108900575901146,470.695719902784,470.677168430416,470.687548149748,0.314915430273237,0.316537263983939,0.313771091999047,132479.67346649,132877.998791165,133046.121844773,0.000132480614998805,0.000132877775969596,0.000133045362573724,132491.643830203,132874.664409587,133036.224493637,0.00013249254911483,0.000132874450537554,0.000133035495058779,3149.71673035048,3161.48429242616,3138.2262651247,7.82579161684962e-06,4.19010614490467e-06,6.18386511372124e-06
0.313,10609.5338299343,10561.7869928516,10527.3976595288,387.338785204478,391.743410122869,389.472223392279,10609.5338299343,10561.7869928516,10527.3976595288,387.338775271654,391.743401700481,389.472215100666,10609.5025819078,10561.7551303795,10527.3663972485,15.1029891586341,15.1066197470462,14.8569875966664,110770.801716837,110378.355832834,109381.59882023,0.110865254601933,0.110541754047815,0.109120992561238,394.706204167633,394.681443555705,394.701327849102,0.110865254601933,0.110541754047815,0.109120992561238,394.706204167633,394.681443555705,394.701327849102,0.132785197398846,0.132693876925583,0.13290116539149,394.706204167633,394.681443555705,394.701327849102,0.105668008072021,0.105140851567194,0.104957978719362,132524.49314319,132764.362878627,133090.774086775,0.132785197398846,0.132693876925583,0.13290116539149,132537.690423439,132765.393426555,133075.457242073,1.40868389254899,1.24845639388667,1.32494294383289,3172.59754516503,3153.69784073646,3148.34927642739,1193.54398567867,1199.74772764253,1186.08017758993,132537.68997394,132765.393853949,133075.457097732,1.40868390120307,1.24846133389199,1.32498181965654,0,0,0,3.46352470488982e-12,0,0,10609.5338299343,10561.7869928516,10527.3976595288,1.06095306248263e-05,1.05617816869776e-05,1.05273971197466e-05,10609.5025819078,10561.7551303795,10527.3663972485,1.06095030808827e-05,1.05617532621922e-05,1.05273661083738e-05,110770.801716837,110378.355832834,109381.59882023,0.000110770801408457,0.000110378357419731,0.000109381598080522,394.706204167633,394.681443555705,394.701327849102,0.316285624417793,0.316129914741866,0.314029516303123,132527.796539666,132764.626935183,133086.915728517,0.000132528563223246,0.000132764694596736,0.000133086034817724,132537.68997394,132765.393853949,133075.457097732,0.00013253842725971,0.000132765459302244,0.000133074610790927,3172.59754516503,3153.69784073646,3148.34927642739,7.83590531474525e-06,4.21545407657151e-06,6.17066822845041e-06
0.314,10639.0925074603,10536.1891005408,10549.5670755304,389.477539007186,393.096977325132,388.82736280709,10639.0925074603,10536.1891005408,10549.5670755304,389.47752901122,393.096968942417,388.827354508505,10639.0609412308,10536.1571989593,10549.5358966479,15.0966260807064,15.192171437685,14.8611432043254,111284.454324857,110281.10375984,110111.60489208,0.111289288682681,0.110465784057709,0.109921483777239,359.913234096551,359.8874147819,359.912093718787,0.111289288682681,0.110465784057709,0.109921483777239,359.913234096551,359.8874147819,359.912093718787,0.132796862279521,0.132712857145187,0.132900918043957,359.913234096551,359.8874147819,359.912093718787,0.106136529597069,0.10493898009302,0.105516373637004,132614.67049394,132695.98171434,133100.516909064,0.132796862279521,0.132712857145187,0.132900918043957,132623.621393305,132700.871600573,133084.716452066,1.38816123960938,1.18668692831444,1.30674527277489,3186.17771435601,3147.86013414837,3165.40982835155,1201.28593113527,1198.8416610193,1188.04107658672,132623.620948326,132700.872014156,133084.716307753,1.38816560097589,1.18667689541546,1.30678485205479,0,0,0,3.48057269126923e-12,0,0,10639.0925074603,10536.1891005408,10549.5670755304,1.06390893037611e-05,1.05361838068691e-05,1.0549566548954e-05,10639.0609412308,10536.1571989593,10549.5358966479,1.06390614473741e-05,1.05361553345635e-05,1.05495356118033e-05,111284.454324857,110281.10375984,110111.60489208,0.000111284453691537,0.000110281105437099,0.000110111604396544,359.913234096551,359.8874147819,359.912093718787,0.317232204890657,0.315558720987605,0.314872286029569,132616.905683618,132697.222927558,133096.540523972,0.00013261744610976,0.000132697539965521,0.00013309563011162,132623.620948326,132700.872014156,133084.716307753,0.000132624140723999,0.000132701177399388,0.000133083841670534,3186.17771435601,3147.86013414837,3165.40982835155,7.82810544199957e-06,4.23564568373009e-06,6.16420620772317e-06
0.315,10646.9890329715,10509.9110289813,10593.4543706491,392.062764512608,393.393526225318,388.787541339521,10646.9890329715,10509.9110289813,10593.4543706491,392.062754480649,393.393517898812,388.787533001344,10646.9571522266,10509.8792350986,10593.4231569796,15.127509747266,15.2653498084279,14.8401391332551,111463.788939659,110348.215418881,110919.447859904,0.111407223833291,0.110525259989033,0.110799908908519,352.168761945195,352.146397521504,352.170671188392,0.111407223833291,0.110525259989033,0.110799908908519,352.168761945195,352.146397521504,352.170671188392,0.132789814506226,0.132690101984754,0.132899271582394,352.168761945195,352.146397521504,352.170671188392,0.106263286458353,0.104964888450736,0.106177613316867,132681.973129843,132615.263806433,133083.430131861,0.132789814506226,0.132690101984754,0.132899271582394,132687.140110763,132623.850032869,133068.487831426,1.37856959143754,1.18267917782901,1.16455533681801,3189.78937873239,3148.70923353064,3185.40254892868,1206.99388363318,1196.68362014967,1193.25547919222,132687.1396754,132623.850445345,133068.487684459,1.37858322283377,1.18266833268628,1.16459658230199,0,0,0,3.48862574532423e-12,0,0,10646.9890329715,10509.9110289813,10593.4543706491,1.06469858420218e-05,1.05099057508308e-05,1.05934538504898e-05,10646.9571522266,10509.8792350986,10593.4231569796,1.06469576672517e-05,1.05098773790097e-05,1.05934228738477e-05,111463.788939659,110348.215418881,110919.447859904,0.000111463788006163,0.000110348217072018,0.000110919447691764,352.168761945195,352.146397521504,352.170671188392,0.31751303926845,0.315154850516335,0.316065403273003,132683.28079899,132617.42015017,133079.669317354,0.000132683570991795,0.000132617930441649,0.000133078809595791,132687.1396754,132623.850445345,133068.487684459,0.000132687418927112,0.000132624341692274,0.000133067661895654,3189.78937873239,3148.70923353064,3185.40254892868,7.81506004830613e-06,4.24579564014819e-06,6.17288103077332e-06
0.316,10629.2078576815,10501.2336548907,10648.5872441567,394.418833343876,392.903644065177,389.767612557646,10629.2078576815,10501.2336548907,10648.5872441567,394.418823316854,392.903635785522,389.767604155064,10629.1757579927,10501.2020491997,10648.5558491375,15.1920526992913,15.3088617603754,14.8182587868137,111407.602426348,110672.64678641,111606.497575658,0.111314782972108,0.110823409060749,0.11154952785461,359.369042544952,359.352381934034,359.372793357206,0.111314782972108,0.110823409060749,0.11154952785461,359.369042544952,359.352381934034,359.372793357206,0.132827229507818,0.132691516926344,0.132887791241005,359.369042544952,359.352381934034,359.372793357206,0.106148640305123,0.10529813001199,0.106762339510122,132782.721947416,132585.746233406,133040.446942769,0.132827229507818,0.132691516926344,0.132887791241005,132783.217825545,132596.057478947,133027.709402347,1.34174567217909,1.17382655372626,1.13423928956261,3186.31503962737,3158.77898900792,3202.93589312126,1209.5479739775,1195.3687976081,1200.77071180612,132783.217396813,132596.057883418,133027.709253978,1.34176635123872,1.17380691146381,1.13427964550693,0,0,0,3.48786953998553e-12,0,0,10629.2078576815,10501.2336548907,10648.5872441567,1.06292046859054e-05,1.05012283859906e-05,1.06485867184594e-05,10629.1757579927,10501.2020491997,10648.5558491375,1.06291762800626e-05,1.05012002020902e-05,1.06485555639011e-05,111407.602426348,110672.64678641,111606.497575658,0.000111407601253445,0.000110672648287829,0.000111606497790387,359.369042544952,359.352381934034,359.372793357206,0.317259257848398,0.315240248150564,0.317248226847082,132782.853926622,132588.334020864,133037.263914151,0.000132782899268906,0.000132588962711222,0.000133036524162943,132783.217396813,132596.057883418,133027.709253978,0.000132783261343846,0.000132596663038722,0.000133026998870918,3186.31503962737,3158.77898900792,3202.93589312126,7.81099904169506e-06,4.24515597177162e-06,6.19936183328705e-06
0.317,10592.75310984,10522.915791761,10698.3987018022,395.968565803259,392.216647504561,391.759301502269,10592.75310984,10522.915791761,10698.3987018022,395.968555821212,392.216639238687,391.75929303065,10592.720948433,10522.8843543749,10698.3670134366,15.2728906628386,15.3186992893413,14.8197312475682,111292.553686085,111224.397469607,112025.780886409,0.111184590551665,0.111339117004855,0.112019183205828,373.354364812874,373.343700885171,373.358844406454,0.111184590551665,0.111339117004855,0.112019183205828,373.354364812874,373.343700885171,373.358844406454,0.132832563070397,0.132681383962548,0.132873876256448,373.354364812874,373.343700885171,373.358844406454,0.105974138830546,0.105905583716923,0.107121398205275,132837.741312352,132564.731044717,132988.52511675,0.132832563070397,0.132681383962548,0.132873876256448,132835.034295001,132575.967990439,132978.43435478,1.3122286070488,1.16854205578832,0.988021650333861,3181.08856103803,3177.14368592964,3213.58297459016,1209.08740790269,1196.66124787962,1208.69226807176,132835.033876519,132575.968394333,132978.434196187,1.3122601323887,1.16852181927614,0.988053807812647,0,0,0,3.48202313977425e-12,0,0,10592.75310984,10522.915791761,10698.3987018022,1.05927499552429e-05,1.05229105177611e-05,1.06983981582699e-05,10592.720948433,10522.8843543749,10698.3670134366,1.05927214724875e-05,1.05228825121922e-05,1.06983667223324e-05,111292.553686085,111224.397469607,112025.780886409,0.000111292552372337,0.000111224398696744,0.000112025781500791,373.354364812874,373.343700885171,373.358844406454,0.316687092219286,0.315877281352993,0.318063438068365,132837.067796487,132567.549770252,132986.003510811,0.000132836897271078,0.000132568224507037,0.000132985427335679,132835.033876519,132575.968394333,132978.434196187,0.000132834870215794,0.00013257661789617,0.00013297788129881,3181.08856103803,3177.14368592964,3213.58297459016,7.82607448538506e-06,4.23745391437578e-06,6.23926618863268e-06
0.318,10553.9217137,10576.5809513168,10727.3792641948,396.460269865624,392.009242268814,394.335272107098,10553.9217137,10576.5809513168,10727.3792641948,396.460259952088,392.009233971884,394.335263585708,10553.8896539707,10576.5495683556,10727.3472531123,15.3467192031537,15.3057080687987,14.8588348458338,111300.585968688,111867.693828016,112136.944030749,0.111194042022714,0.111943736735917,0.112167058121472,389.556100382479,389.550683225611,389.560504594714,0.111194042022714,0.111943736735917,0.112167058121472,389.556100382479,389.550683225611,389.560504594714,0.132869646618124,0.132681501553523,0.132843372078373,389.556100382479,389.550683225611,389.560504594714,0.105934059132818,0.106649221991767,0.107197712868102,132909.822960561,132569.837324237,132918.781059866,0.132869646618124,0.132681501553523,0.132843372078373,132903.768459991,132580.717621094,132911.955049552,1.2510464143997,1.19948034492661,0.951233025283249,3179.85897585144,3199.669661274,3215.70013872306,1206.95899215356,1201.25770770133,1214.97062234499,132903.76804762,132580.718026961,132911.954887302,1.25108609230176,1.19946270883208,0.951261040445311,0,0,0,3.47690693199539e-12,0,0,10553.9217137,10576.5809513168,10727.3792641948,1.05539185654233e-05,1.05765756547917e-05,1.07273786952173e-05,10553.8896539707,10576.5495683556,10727.3472531123,1.05538901734834e-05,1.05765477234132e-05,1.07273469540296e-05,111300.585968688,111867.693828016,112136.944030749,0.000111300584642506,0.000111867694681844,0.000112136945018098,389.556100382479,389.550683225611,389.560504594714,0.316217852875291,0.316885633298135,0.318285636448207,132908.296043439,132572.564446745,132917.052711308,0.000132907957204006,0.00013257321471578,0.000132916663257035,132903.76804762,132580.718026961,132911.954887302,0.000132903442615517,0.000132581344095131,0.000132911581590391,3179.85897585144,3199.669661274,3215.70013872306,7.86223758903786e-06,4.22946084333076e-06,6.28288583678933e-06
0.319,10532.6044123687,10651.6893978522,10727.7043842782,396.064650694932,392.769239669918,396.829468347566,10532.6044123687,10651.6893978522,10727.7043842782,396.064640847071,392.769231302542,396.829459812822,10532.5725624506,10651.6579076354,10727.6721187053,15.3942210083262,15.2912935535869,14.9339349314163,111544.05874079,112422.142757081,112019.125889575,0.111450668703724,0.112462076926974,0.112072447862032,405.689643998982,405.688308899311,405.693476280986,0.111450668703724,0.112462076926974,0.112072447862032,405.689643998982,405.688308899311,405.693476280986,0.132874372020335,0.132703682027018,0.132824516272343,405.689643998982,405.688308899311,405.693476280986,0.10615962973292,0.107339596945475,0.107049369747894,132935.911580061,132606.710673893,132864.565400488,0.132874372020335,0.132703682027018,0.132824516272343,132928.224584503,132615.956897401,132860.638418608,1.19778424608892,1.19327169235638,0.835613409574983,3186.52251257898,3220.6434235396,3211.09700048012,1205.19859586067,1208.48806097981,1218.21922921267,132928.2241788,132615.957304782,132860.638241632,1.19783309363744,1.19325531062123,0.835621956594498,0,0,0,3.4781230097072e-12,0,0,10532.6044123687,10651.6893978522,10727.7043842782,1.05326012539064e-05,1.0651684064789e-05,1.07277037902709e-05,10532.5725624506,10651.6579076354,10727.6721187053,1.05325730719177e-05,1.06516560513127e-05,1.0727671812093e-05,111544.05874079,112422.142757081,112019.125889575,0.000111544057545669,0.000112422143171451,0.000112019127182632,405.689643998982,405.688308899311,405.693476280986,0.316140257790216,0.317979021457329,0.31795664294181,132933.974285838,132609.023597797,132863.552115508,0.000132933523958449,0.000132609596527941,0.000132863345659627,132928.2241788,132615.957304782,132860.638241632,0.000132927791641958,0.000132616509095349,0.000132860440940155,3186.52251257898,3220.6434235396,3211.09700048012,7.9125264300472e-06,4.2282894671531e-06,6.3191110977005e-06
0.32,10544.5544214956,10729.6272641768,10702.8565035674,395.310531542429,394.588588943093,398.609080811049,10544.5544214956,10729.6272641768,10702.8565035674,395.310521730243,394.588580486925,398.609072303437,10544.5227906466,10729.5955230339,10702.8241269589,15.4079938171513,15.298704005618,15.0282493020389,112019.910060258,112739.703127805,111838.502536099,0.111946539865863,0.112749438660167,0.111902758376637,420.652011724072,420.653514142971,420.655018398588,0.111946539865863,0.112749438660167,0.111902758376637,420.652011724072,420.653514142971,420.655018398588,0.13288870450761,0.132701788427927,0.132789151689952,420.652011724072,420.653514142971,420.655018398588,0.106666870728411,0.10780981899869,0.106827575750246,132959.691570531,132625.291005711,132799.891159519,0.13288870450761,0.132701788427927,0.132789151689952,132950.971538968,132633.174135947,132799.047831386,1.10866236219767,1.23652488477133,0.805003611483643,3201.55662363366,3235.01445329697,3204.35938174906,1205.71890308338,1216.59635684677,1218.25000285051,132950.971135808,132633.174554814,132799.04764933,1.10871826119629,1.23652118093259,0.805004481203785,0,0,0,3.48872997796764e-12,0,0,10544.5544214956,10729.6272641768,10702.8565035674,1.05445512364988e-05,1.07296218891795e-05,1.07028558933517e-05,10544.5227906466,10729.5955230339,10702.8241269589,1.05445232879618e-05,1.0729593648929e-05,1.07028238158718e-05,112019.910060258,112739.703127805,111838.502536099,0.000112019909134551,0.000112739703080899,0.000111838504025046,420.652011724072,420.653514142971,420.655018398588,0.316594963453877,0.31871729400958,0.31728475455499,132957.502723788,132627.276864712,132799.66681226,0.000132956999195059,0.000132627735524406,0.000132799622548525,132950.971135808,132633.174554814,132799.04764933,0.000132950487466543,0.000132633616476243,0.000132799006466656,3201.55662363366,3235.01445329697,3204.35938174906,7.96410325970557e-06,4.23843522793445e-06,6.33979674600602e-06
0.321,10594.7709153793,10790.9816760731,10666.9718186568,394.879507386927,397.121339913466,399.32328719392,10594.7709153793,10790.9816760731,10666.9718186568,394.879497562714,397.121331378107,399.323278742324,10594.7394084888,10790.9496149753,10666.9394985838,15.3955878630003,15.3431405508166,15.1169608528735,112613.688523654,112766.035285996,111781.486851401,0.11256277630839,0.112753193884793,0.111846477053331,433.985927773226,433.989116863368,433.988038475715,0.11256277630839,0.112753193884793,0.111846477053331,433.985927773226,433.989116863368,433.988038475715,0.132888728972987,0.132749810911221,0.132777353675659,433.985927773226,433.989116863368,433.988038475715,0.107352173194612,0.107979098721292,0.106717126675463,132959.896882037,132695.153630376,132766.643965444,0.132888728972987,0.132749810911221,0.132777353675659,132951.154551422,132700.161069165,132767.808172462,1.03743338212772,1.224540966674,0.760876329067502,3221.87725474814,3240.31920234562,3201.05478953145,1209.51456615332,1223.46644265536,1216.1468499581,132951.154148313,132700.161491567,132767.807976906,1.03749319939983,1.22454085960117,0.760854377457358,0,0,0,3.50792385816249e-12,0,0,10594.7709153793,10790.9816760731,10666.9718186568,1.05947676937606e-05,1.07909762642461e-05,1.06669712067966e-05,10594.7394084888,10790.9496149753,10666.9394985838,1.05947398960523e-05,1.07909477212117e-05,1.06669391876685e-05,112613.688523654,112766.035285996,111781.486851401,0.000112613687982904,0.000112766034801412,0.000111781488395208,433.985927773226,433.989116863368,433.988038475715,0.317491405716951,0.318957971918712,0.316666938357598,132957.702254754,132696.41270716,132766.95809066,0.000132957197266991,0.000132696742701626,0.000132767038995035,132951.154148313,132700.161491567,132767.807976906,0.000132950669131059,0.000132700479767895,0.000132767887202315,3221.87725474814,3240.31920234562,3201.05478953145,8.0035946971617e-06,4.25983133339997e-06,6.34285837577019e-06
0.322,10675.0810452591,10822.877877653,10639.9972271731,395.330685220895,399.726902015553,399.037562059907,10675.0810452591,10822.877877653,10639.9972271731,395.330675336386,399.726893434044,399.037553670755,10675.0495005277,10822.8455276449,10639.9650928468,15.3766208783239,15.4248801753531,15.1773800004878,113151.133256686,112564.300358599,111977.923048894,0.113121500024729,0.112537026224017,0.112036174781672,445.494289372085,445.498196167036,445.495564589421,0.113121500024729,0.112537026224017,0.112036174781672,445.494289372085,445.498196167036,445.495564589421,0.132875756167055,0.132739480071219,0.132754312560111,445.494289372085,445.498196167036,445.495564589421,0.108037676102155,0.107882874000861,0.106860823010793,132940.69980677,132705.308967725,132729.822860318,0.132875756167055,0.132739480071219,0.132754312560111,132932.776368567,132708.998571937,132732.600965648,0.924000394796424,1.2553397859958,0.750016953566138,3242.18787432143,3237.59189102258,3205.46336880046,1216.23273659315,1227.46635853095,1213.85357110678,132932.775962599,132708.999010621,132732.600766016,0.924063434416521,1.25535716144889,0.749988099394574,0,0,0,3.5313520011175e-12,0,0,10675.0810452591,10822.877877653,10639.9972271731,1.06750777868739e-05,1.08228724424332e-05,1.06399966289154e-05,10675.0495005277,10822.8455276449,10639.9650928468,1.06750499845206e-05,1.08228436174141e-05,1.0639964786747e-05,113151.133256686,112564.300358599,111977.923048894,0.000113151133180481,0.000112564299503653,0.000111977924489709,445.494289372085,445.498196167036,445.495564589421,0.318491320154235,0.318555287440294,0.316418386179836,132938.712693758,132706.236135142,132730.527019217,0.000132938245133029,0.000132706440820305,0.00013273069153413,132932.775962599,132708.999010621,132732.600766016,0.00013293232698958,0.000132709196859438,0.000132732760426263,3242.18787432143,3237.59189102258,3205.46336880046,8.02242397476772e-06,4.28783348534076e-06,6.33304388619233e-06
0.323,10767.1428457995,10823.6641146442,10640.1801664639,396.865470228082,401.73062750043,398.209858830297,10767.1428457995,10823.6641146442,10640.1801664639,396.865460251933,401.730618916043,398.209850483485,10767.1110996508,10823.6315936835,10640.1482579772,15.3749050876673,15.5286182992132,15.1979180593404,113473.306251644,112293.483475181,112446.106501025,0.113461277321337,0.112259414949164,0.112493281462134,455.112720586486,455.116611553952,455.113307736933,0.113461277321337,0.112259414949164,0.112493281462134,455.112720586486,455.116611553952,455.113307736933,0.132876617554765,0.132792162821727,0.132752239585626,455.112720586486,455.116611553952,455.113307736933,0.108545160965805,0.107659471979445,0.107298827443391,132931.808903213,132774.821455388,132721.089397739,0.132876617554765,0.132792162821727,0.132752239585626,132924.621233035,132775.783832832,132724.36435571,0.853123562648018,1.23125901297351,0.788208359514132,3257.18185874739,3230.97015497584,3218.76217039676,1224.31376721664,1228.07750628061,1213.40938686614,132924.620820169,132775.784275736,132724.364149663,0.853181113444477,1.23128165249348,0.788170527801728,0,0,0,3.55290786594631e-12,0,0,10767.1428457995,10823.6641146442,10640.1801664639,1.07671395601724e-05,1.08236586726913e-05,1.06401795920866e-05,10767.1110996508,10823.6315936835,10640.1482579772,1.07671115877799e-05,1.08236296740033e-05,1.06401479595451e-05,113473.306251644,112293.483475181,112446.106501025,0.000113473306669984,0.00011229348236429,0.000112446107686457,455.112720586486,455.116611553952,455.113307736933,0.319288285143642,0.317831546491768,0.316738731844871,132930.002185256,132775.066849333,132721.897382926,0.000132929595633844,0.000132775165232627,0.000132722103484164,132924.620820169,132775.784275736,132724.364149663,0.000132924230586765,0.00013277587990005,0.000132724563864604,3257.18185874739,3230.97015497584,3218.76217039676,8.0201224060722e-06,4.31514115959994e-06,6.32013569042471e-06
0.324,10849.4283567731,10803.4491944317,10676.7343615248,399.238666774385,402.68881950991,397.515699136537,10849.4283567731,10803.4491944317,10676.7343615248,399.2386567031,402.688810959269,397.515690792103,10849.3963070628,10803.4166621619,10676.7026125963,15.4084332865529,15.6293682354908,15.1826003261317,113503.750696618,112147.846643773,113084.919050314,0.113504325199772,0.112113269142911,0.113119741657688,462.869437934855,462.872836877786,462.869528330732,0.113504325199772,0.112113269142911,0.113119741657688,462.869437934855,462.872836877786,462.869528330732,0.132847537037658,0.132773551106844,0.132749041224777,462.869437934855,462.872836877786,462.869528330732,0.108766878912159,0.107497226982314,0.107950705405845,132892.145441504,132768.444206721,132716.582600334,0.132847537037658,0.132773551106844,0.132749041224777,132886.572134762,132768.878417878,132720.046560502,0.730208155793833,1.23790353368216,0.796127443295366,3263.65755412213,3226.10874854535,3238.49753286347,1231.6341050178,1226.09234593893,1216.11348782904,132886.57171414,132768.87887549,132720.046353795,0.730261136703491,1.2379425639922,0.796088954341048,0,0,0,3.5671800952493e-12,0,0,10849.4283567731,10803.4491944317,10676.7343615248,1.08494250592681e-05,1.08034437593344e-05,1.06767338123385e-05,10849.3963070628,10803.4166621619,10676.7026125963,1.08493968057344e-05,1.08034147412686e-05,1.06767023217765e-05,113503.750696618,112147.846643773,113084.919050314,0.000113503751591949,0.000112147845423659,0.000113084919852317,462.869437934855,462.872836877786,462.869528330732,0.319528946349125,0.317032086415239,0.317567516108492,132890.754688429,132768.538161675,132717.44055442,0.000132890415281196,0.000132768558333495,0.000132717654670391,132886.57171414,132768.87887549,132720.046353795,0.000132886246051374,0.000132768899373,0.000132720253803654,3263.65755412213,3226.10874854535,3238.49753286347,8.00453026942212e-06,4.33475160334832e-06,6.31514537330677e-06
0.325,10905.086657874,10780.3257258241,10745.9184928742,401.85891567467,402.55795446276,397.580378546871,10905.086657874,10780.3257258241,10745.9184928742,401.85890553211,402.557945962209,397.580370158905,10905.0542996888,10780.293322342,10745.8867570922,15.4813515650181,15.7021985151553,15.1496311057989,113282.761496797,112278.669332413,113716.898229926,0.113290578688308,0.112247872704997,0.113740690270579,468.774633153154,468.777318752458,468.774428710069,0.113290578688308,0.112247872704997,0.113740690270579,468.774633153154,468.777318752458,468.774428710069,0.132856276844228,0.132809598322734,0.132748056766223,468.774633153154,468.777318752458,468.774428710069,0.108707049828289,0.107559705621244,0.108648887843186,132891.4791482,132811.98876093,132717.759051356,0.132856276844228,0.132809598322734,0.132748056766223,132886.327542641,132810.950915774,132721.055517632,0.694497277460612,1.19775336315697,0.878614152653416,3261.75971702445,3227.93395199563,3259.60050604179,1236.35682138537,1223.31766682621,1221.97279422389,132886.327110812,132810.951376658,132721.055314435,0.694531531181535,1.19779794558339,0.878584394043751,0,0,0,3.57154832494964e-12,0,0,10905.086657874,10780.3257258241,10745.9184928742,1.09050833639327e-05,1.07803203030595e-05,1.0745917960798e-05,10905.0542996888,10780.293322342,10745.8867570922,1.0905054811861e-05,1.07802914067141e-05,1.0745886470941e-05,113282.761496797,112278.669332413,113716.898229926,0.000113282762803423,0.000112278668169413,0.000113716898559567,468.774633153154,468.777318752458,468.774428710069,0.319211387632841,0.316613883478453,0.318615940230633,132890.177455422,132811.726907545,132718.567337806,0.000132889898111431,0.000132811698735119,0.000132718767476235,132886.327110812,132810.951376658,132721.055314435,0.000132886059296922,0.000132810925362999,0.00013272124933566,3261.75971702445,3227.93395199563,3259.60050604179,7.98882134875723e-06,4.34269442262167e-06,6.32586060306918e-06
0.326,10927.6836934228,10773.4419763659,10832.4320687582,404.030459355803,401.711967185032,398.72092793266,10927.6836934228,10773.4419763659,10832.4320687582,404.030449182215,401.711958724064,398.720919466405,10927.6511161397,10773.4097669813,10832.4001790067,15.5816090015084,15.7317123257081,15.1244316191307,112956.792763891,112730.066086415,114162.150012291,0.112967073693088,0.112704969792041,0.114177966602867,472.870479285676,472.872457272154,472.870158761493,0.112967073693088,0.112704969792041,0.114177966602867,472.870479285676,472.872457272154,472.870158761493,0.13282778976229,0.132793896962089,0.132760597109577,472.870479285676,472.872457272154,472.870158761493,0.108480639419691,0.107918154075279,0.109207423011949,132856.269317926,132799.713310559,132733.782407675,0.13282778976229,0.132793896962089,0.132760597109577,132852.346012063,132798.865514265,132736.460857287,0.595586648726977,1.18446030718068,0.890548440301231,3254.93787477584,3238.6131759282,3276.46176805285,1237.64242908906,1221.87604598043,1229.69215604573,132852.345570382,132798.865983044,132736.46065746,0.595604333880687,1.18451478908675,0.890523833918315,0,0,0,3.56717738499233e-12,0,0,10927.6836934228,10773.4419763659,10832.4320687582,1.09276804131149e-05,1.07734365612736e-05,1.08324315397257e-05,10927.6511161397,10773.4097669813,10832.4001790067,1.09276516404321e-05,1.07734078589596e-05,1.08323998928766e-05,112956.792763891,112730.066086415,114162.150012291,0.000112956794366936,0.000112730065143144,0.000114162149832732,472.870479285676,472.872457272154,472.870158761493,0.318411800220899,0.316762677977999,0.319544174492703,132855.259523523,132799.511775863,132734.435346432,0.000132855021969552,0.000132799462193282,0.000132734613481111,132852.345570382,132798.865983044,132736.46065746,0.000132852117989818,0.000132798819380067,0.000132736633531243,3254.93787477584,3238.6131759282,3276.46176805285,7.98631815130187e-06,4.33954378406457e-06,6.35358644949481e-06
0.327,10922.9906042654,10795.3876216355,10915.4553374674,405.228717637241,400.8017089901,400.811007467762,10922.9906042654,10795.3876216355,10915.4553374674,405.228707473191,400.801700535505,400.81099891208,10922.9579535132,10795.3555698975,10915.4231718654,15.6854468261188,15.7177737673999,15.1295039879098,112725.391862773,113418.406723624,114311.520412189,0.112734676259561,0.113398641659513,0.11432319351018,475.21008183563,475.211535108344,475.209776220472,0.112734676259561,0.113398641659513,0.11432319351018,475.21008183563,475.211535108344,475.209776220472,0.132844381807611,0.132802831749645,0.132749186315625,475.21008183563,475.211535108344,475.209776220472,0.108269635860254,0.108521277242153,0.109495780351504,132869.17004319,132809.547791827,132725.252211708,0.132844381807611,0.132802831749645,0.132749186315625,132865.177157655,132808.377323853,132728.069844949,0.636213339950663,1.12939757942761,0.972014989352354,3248.63552281375,3256.6406203736,3285.15106199164,1235.96793373076,1223.35186415891,1237.21240879802,132865.176704907,132808.377793583,132728.069656846,0.636206743778714,1.12945605211885,0.972008273589874,0,0,0,3.55859035024265e-12,0,0,10922.9906042654,10795.3876216355,10915.4553374674,1.09229873388572e-05,1.07953822014239e-05,1.09154547970102e-05,10922.9579535132,10795.3555698975,10915.4231718654,1.09229584849361e-05,1.0795353666913e-05,1.09154228812616e-05,112725.391862773,113418.406723624,114311.520412189,0.000112725393613159,0.000113418406138093,0.000114311519734558,475.21008183563,475.211535108344,475.209776220472,0.31753522967686,0.317485249159845,0.319971184123706,132868.162862331,132809.261232613,132725.958617209,0.000132867946104614,0.000132809206292326,0.000132726120564382,132865.176704907,132808.377793583,132728.069656846,0.000132864969045281,0.000132808326077628,0.000132728227033719,3248.63552281375,3256.6406203736,3285.15106199164,8.00502979130154e-06,4.33021122525302e-06,6.39258833585699e-06
0.328,10906.3629903363,10847.0557674747,10976.555332001,405.301698752657,400.50156150431,403.333346070888,10906.3629903363,10847.0557674747,10976.555332001,405.301688623044,400.501553013059,403.333337440646,10906.3304095136,10847.0237498266,10976.5228585417,15.7666425330464,15.6756022616872,15.1750766492994,112763.142403786,114165.672125685,114171.38729814,0.112769801714482,0.114149037354903,0.114182652246936,475.816934791645,475.81816110122,475.816711972095,0.112769801714482,0.114149037354903,0.114182652246936,475.816934791645,475.81816110122,475.816711972095,0.132827850396281,0.132806811929322,0.132766598722851,475.816934791645,475.81816110122,475.816711972095,0.108251271108506,0.109216864282755,0.109489134817077,132851.885163075,132813.343863848,132743.622663043,0.132827850396281,0.132806811929322,0.132766598722851,132848.33158344,132812.092279998,132746.087869248,0.600439990221588,1.11551531654557,0.974206169046838,3248.13933172384,3277.47930320062,3284.92621246874,1232.95162549482,1228.13062729962,1242.5451823631,132848.331122632,132812.092748332,132746.087687011,0.600414926885742,1.11557273534922,0.974207602264553,0,0,0,3.55194755572688e-12,0,0,10906.3629903363,10847.0557674747,10976.555332001,1.09063597322208e-05,1.08470503265169e-05,1.09765547706511e-05,10906.3304095136,10847.0237498266,10976.5228585417,1.09063309413789e-05,1.08470218456023e-05,1.09765225607239e-05,112763.142403786,114165.672125685,114171.38729814,0.000112763144131485,0.0001141656719943,0.00011417138618381,475.816934791645,475.81816110122,475.816711972095,0.316918130440619,0.318590825676608,0.319819492762587,132850.991271303,132813.038082253,132744.273344466,0.000132850774882931,0.000132812983948453,0.000132744434032169,132848.331122632,132812.092748332,132746.087687011,0.000132848123911848,0.000132812041804416,0.000132746243760754,3248.13933172384,3277.47930320062,3284.92621246874,8.04425108950414e-06,4.32207775068964e-06,6.43250956088625e-06
0.329,10896.5642150646,10917.3641069641,11006.2578984601,404.528393496595,401.236221371722,405.59466026839,10896.5642150646,10917.3641069641,11006.2578984601,404.528383401878,401.23621280855,405.594651597261,10896.5317873709,10917.3319641367,11006.22518243,15.8065164227508,15.6301766789394,15.2546904674705,113147.093195742,114771.133279321,113864.686876008,0.113151527674242,0.114754408951264,0.1138783197322,474.749938480243,474.751270200324,474.749795966371,0.113151527674242,0.114754408951264,0.1138783197322,474.749938480243,474.751270200324,474.749795966371,0.132843091348135,0.132791601909679,0.132740757966135,474.749938480243,474.751270200324,474.749795966371,0.108525207775802,0.109814966711402,0.10927805265391,132868.079816119,132798.925045606,132715.96588519,0.132843091348135,0.132791601909679,0.132740757966135,132863.993015204,132797.975535741,132719.274985532,0.709595986822428,1.05372112259342,1.02953797746578,3256.40058718156,3295.44903781109,3278.52400134799,1230.73610087816,1235.23492250407,1244.55186636213,132863.992547738,132797.976001825,132719.274818138,0.709562311736664,1.05377884695033,1.02955882867212,0,0,0,3.55261043922699e-12,0,0,10896.5642150646,10917.3641069641,11006.2578984601,1.08965609510905e-05,1.09173586332151e-05,1.10062573148835e-05,10896.5317873709,10917.3319641367,11006.22518243,1.08965323138885e-05,1.09173300514115e-05,1.10062248773621e-05,113147.093195742,114771.133279321,113864.686876008,0.000113147094733756,0.000114771133645705,0.000113864685432197,474.749938480243,474.751270200324,474.749795966371,0.316877971815145,0.31961255773877,0.319105785770671,132867.05019462,132798.696131154,132716.807840098,0.000132866822952214,0.000132798633420101,0.00013271698872534,132863.992547738,132797.976001825,132719.274818138,0.000132863774892039,0.000132797916824269,0.000132719450278933,3256.40058718156,3295.44903781109,3278.52400134799,8.09483178904947e-06,4.32207986501105e-06,6.46261903253144e-06
0.33,10908.172056701,10987.9650609489,11007.0379816419,403.515262829797,403.003464063705,407.005032942199,10908.172056701,10987.9650609489,11007.0379816419,403.515252745921,403.00345541536,407.00502426782,10908.1397703587,10987.932663301,11007.0051558789,15.800889294797,15.6067425496314,15.3478578848105,113822.377013141,115089.958460757,113586.950998403,0.113826782658698,0.115069745421083,0.11360415753914,472.048405065381,472.050133980271,472.048275529499,0.113826782658698,0.115069745421083,0.11360415753914,472.048405065381,472.050133980271,472.048275529499,0.132839358124238,0.132826205628862,0.132753478353784,472.048405065381,472.050133980271,472.048275529499,0.109071187156005,0.110164083091369,0.109034458978387,132865.713139445,132836.313065678,132724.393974372,0.132839358124238,0.132826205628862,0.132753478353784,132861.577923623,132834.157782188,132727.649879582,0.727433595633912,1.06833637400879,1.01500853190673,3272.77428082094,3306.01026512114,3271.13361401478,1231.13855356335,1242.73731525533,1243.37995148533,132861.577453111,132834.158238457,132727.649718048,0.727395117475865,1.06838071866194,1.01503806603786,0,0,0,3.56293958229312e-12,0,0,10908.172056701,10987.9650609489,11007.0379816419,1.09081687738262e-05,1.0987959550827e-05,1.10070373826927e-05,10908.1397703587,10987.932663301,11007.0051558789,1.09081402888478e-05,1.09879307369119e-05,1.10070048460282e-05,113822.377013141,115089.958460757,113586.950998403,0.000113822378219006,0.000115089959321055,0.000113586949366252,472.048405065381,472.050133980271,472.048275529499,0.317476132823752,0.320314668833843,0.318207343842536,132864.666349449,132835.767636665,132725.189176143,0.000132864426871025,0.000132835679737064,0.000132725408928521,132861.577453111,132834.158238457,132727.649718048,0.000132861348002353,0.000132834074761664,0.000132727862607697,3272.77428082094,3306.01026512114,3271.13361401478,8.14298957874255e-06,4.33385609981155e-06,6.47605819691363e-06
0.331,10945.5936526071,11040.7267615493,10991.8719401691,402.962824480321,405.376164033197,407.30800598388,10945.5936526071,11040.7267615493,10991.8719401691,402.96281436972,405.376155313237,407.307997333563,10945.5614051564,11040.6940600566,10991.8391502097,15.7616586552241,15.6209142703805,15.4285365634718,114623.048981114,115088.417526417,113531.08138051,0.114630840567122,0.115061959161702,0.11355112050767,467.748727000387,467.751036145756,467.748490948264,0.114630840567122,0.115061959161702,0.11355112050767,467.748727000387,467.751036145756,467.748490948264,0.132839200949568,0.132799246424895,0.132721772007884,467.748727000387,467.751036145756,467.748490948264,0.10975728962533,0.110210033504653,0.108944535132264,132865.433940389,132815.480207473,132686.462884912,0.132839200949568,0.132799246424895,0.132721772007884,132861.322423465,132813.37543798,132691.222205993,0.852759982295083,1.01429725953119,1.03886347275135,3293.27586655913,3307.52874648296,3268.37846468453,1234.90225209878,1248.55477378122,1240.41348704947,132861.321952978,132813.37588896,132691.222056656,0.852727226408553,1.01433709947718,1.03890859859262,0,0,0,3.58130604730695e-12,0,0,10945.5936526071,11040.7267615493,10991.8719401691,1.09455903434785e-05,1.1040721221212e-05,1.09918713378544e-05,10945.5614051564,11040.6940600566,10991.8391502097,1.09455619169952e-05,1.10406921189957e-05,1.09918388395486e-05,114623.048981114,115088.417526417,113531.08138051,0.00011462304975676,0.000115088418823918,0.000113531079723302,467.748727000387,467.751036145756,467.748490948264,0.318506881991846,0.320325172503158,0.317452552380706,132864.393287702,132814.923181252,132687.652278983,0.000132864154922958,0.000132814783257045,0.000132687925131742,132861.321952978,132813.37588896,132691.222056656,0.000132861093538639,0.000132813242448587,0.000132691485894889,3293.27586655913,3307.52874648296,3268.37846468453,8.17589814984824e-06,4.35620135293474e-06,6.47248350403035e-06
0.332,11001.3722350134,11064.7959333617,10978.864964393,403.384720787839,407.682966214207,406.67970379737,11001.3722350134,11064.7959333617,10978.864964393,403.38471061563,407.682957456929,406.679695177003,11001.3398765011,11064.7629766652,10978.8323086179,15.7124760581716,15.6725562299623,15.4755965923341,115338.402817653,114856.945114979,113808.83799409,0.115353365640157,0.114822904657983,0.113829038851759,461.924063897543,461.926969122661,461.923575482136,0.115353365640157,0.114822904657983,0.113829038851759,461.924063897543,461.926969122661,461.923575482136,0.132840463340553,0.132859931305852,0.132726253738991,461.924063897543,461.926969122661,461.923575482136,0.110394829928289,0.110017031892915,0.109132916702455,132863.728005439,132885.191278219,132684.591646075,0.132840463340553,0.132859931305852,0.132726253738991,132859.839025407,132880.739656072,132689.90380152,0.886661619186686,1.08057195067341,1.00779552198098,3312.23556508499,3301.9068236319,3274.03416932348,1241.38416624119,1251.27816447834,1237.75019451666,132859.838558025,132880.740092817,132689.903655952,0.886634796312234,1.08059195369924,1.00784771780625,0,0,0,3.60279258707252e-12,0,0,11001.3722350134,11064.7959333617,10978.864964393,1.1001368901031e-05,1.1064790376184e-05,1.09788643709059e-05,11001.3398765011,11064.7629766652,10978.8323086179,1.10013403863459e-05,1.10647610244363e-05,1.09788320009477e-05,115338.402817653,114856.945114979,113808.83799409,0.000115338403116214,0.000114856946752411,0.000113808836474043,461.924063897543,461.926969122661,461.923575482136,0.319654763059051,0.319837421398578,0.317223250289536,132862.733372097,132884.075946686,132685.92977221,0.000132862519922745,0.00013288386082963,0.0001326862557984,132859.838558025,132880.740092817,132689.903655952,0.000132859634082421,0.000132880534274871,0.000132690218610784,3312.23556508499,3301.9068236319,3274.03416932348,8.18671395971986e-06,4.38356623367294e-06,6.45822549579814e-06
0.333,11059.5851218052,11060.6256360952,10983.8042603215,404.894366961468,409.283536075734,405.664677380245,11059.5851218052,11060.6256360952,10983.8042603215,404.894356711268,409.283527321681,405.664668773144,11059.5525181584,11060.5925493383,10983.7717479804,15.6798621262838,15.746294850756,15.4810724161842,115794.830755543,114576.638228475,114403.074219207,0.115820337617623,0.114535589304279,0.114419286257085,454.610437502537,454.613763017933,454.60954961708,0.115820337617623,0.114535589304279,0.114419286257085,454.610437502537,454.613763017933,454.60954961708,0.132815288801511,0.132835058656006,0.132707069149265,454.610437502537,454.613763017933,454.60954961708,0.110814648808994,0.109744064238279,0.109609967512951,132831.400580514,132872.186249296,132660.345921922,0.132815288801511,0.132835058656006,0.132707069149265,132828.850468266,132867.316469157,132666.680773144,0.994088586344272,1.04749878727762,1.01049003677694,3324.58708030891,3293.87869192739,3288.43856513956,1248.82989748803,1250.71905595208,1237.37632373941,132828.850007024,132867.316899323,132666.680633076,0.994072833772013,1.04751181410238,1.01054967036643,0,0,0,3.62125038392802e-12,0,0,11059.5851218052,11060.6256360952,10983.8042603215,1.10595817724474e-05,1.10606200772976e-05,1.09838036828983e-05,11059.5525181584,11060.5925493383,10983.7717479804,1.10595530317517e-05,1.10605905924673e-05,1.09837714453879e-05,115794.830755543,114576.638228475,114403.074219207,0.000115794830576968,0.000114576640075869,0.000114403072977528,454.610437502537,454.613763017933,454.60954961708,0.320461533312302,0.318936566294861,0.317632338847545,132830.737845713,132870.981956331,132661.946709484,0.000132830583451777,0.000132870669347211,0.000132662314583243,132828.850007024,132867.316899323,132666.680633076,0.000132828702262959,0.000132867017328047,0.000132667035761827,3324.58708030891,3293.87869192739,3288.43856513956,8.1772091823372e-06,4.4083647896484e-06,6.44390322613432e-06
0.334,11102.7141554563,11039.6580951755,11013.5454487309,407.157465594037,409.822271769985,404.967531619421,11102.7141554563,11039.6580951755,11013.5454487309,407.157455275627,409.822263050145,404.967522993455,11102.6812442082,11039.6250296128,11013.5129944633,15.6828986333793,15.8184238861297,15.4532916624208,115920.504348191,114449.430157666,115173.71378395,0.11595873302606,0.114404118077778,0.115181069288568,445.868182540202,445.871556232401,445.866779707216,0.11595873302606,0.114404118077778,0.115181069288568,445.868182540202,445.871556232401,445.866779707216,0.132812040757428,0.132900510116141,0.132707151635345,445.868182540202,445.871556232401,445.866779707216,0.110933135427,0.109583863201044,0.110266794954253,132816.557807636,132950.318077401,132658.911364408,0.132812040757428,0.132900510116141,0.132707151635345,132815.272941158,132942.474246754,132665.383720252,1.01879452739917,1.16292405634486,0.97002589595192,3327.84860526295,3289.18258007624,3308.33679786059,1255.10500693446,1247.98896536926,1240.35188897179,132815.272487761,132942.474664025,132665.383580772,1.01878937080794,1.16292162418145,0.970088923282148,0,0,0,3.63178488054827e-12,0,0,11102.7141554563,11039.6580951755,11013.5454487309,1.11027108042557e-05,1.10396525458929e-05,1.10135448865533e-05,11102.6812442082,11039.6250296128,11013.5129944633,1.11026817658809e-05,1.10396230750563e-05,1.10135126964379e-05,115920.504348191,114449.430157666,115173.71378395,0.000115920503742502,0.000114449432064111,0.000115173712919841,445.868182540202,445.871556232401,445.866779707216,0.320732376360238,0.318148157866735,0.318552701808612,132816.243559356,132948.336947689,132660.546913019,0.000132816184060147,0.000132947921003261,0.000132660927404896,132815.272487761,132942.474664025,132665.383580772,0.000132815215910964,0.000132942075692629,0.000132665750805496,3327.84860526295,3289.18258007624,3308.33679786059,8.15715265275224e-06,4.42403242869395e-06,6.44025828539378e-06
0.335,11118.962042869,11019.7737671796,11063.1517730146,409.533850886782,409.366852696132,405.171398966457,11118.962042869,11019.7737671796,11063.1517730146,409.533840532306,409.36684401931,405.171390288968,11118.9288589861,11019.7408389475,11063.1192321345,15.7257092244864,15.8670066702894,15.4138471606408,115770.588589241,114616.76846476,115914.780439504,0.11582183742529,0.11457191192726,0.115908622379255,435.78109331087,435.783978661595,435.779120232542,0.11582183742529,0.11457191192726,0.115908622379255,435.78109331087,435.783978661595,435.779120232542,0.13276427550915,0.132886405697415,0.132718330701958,435.78109331087,435.783978661595,435.779120232542,0.11078429459267,0.109685575117704,0.110920598436363,132752.946178408,132948.44346775,132673.255173917,0.13276427550915,0.132886405697415,0.132718330701958,132754.405355767,132939.815835068,132679.185057863,1.09607786288964,1.15245424381204,0.973537392593597,3323.08201607885,3292.24962183527,3328.23939988365,1258.55517745078,1245.08292254609,1246.36128904008,132754.404911668,132939.816247292,132679.18491592,1.09608416393923,1.15244675000425,0.973596648323102,0,0,0,3.63267516685555e-12,0,0,11118.962042869,11019.7737671796,11063.1517730146,1.11189587019251e-05,1.10197682300492e-05,1.10631512176119e-05,11118.9288589861,11019.7408389475,11063.1192321345,1.11189293897544e-05,1.10197388912455e-05,1.10631189358122e-05,115770.588589241,114616.76846476,115914.780439504,0.000115770587641899,0.000114616770279193,0.000115914780004671,435.78109331087,435.783978661595,435.779120232542,0.320338164144107,0.317733478624901,0.319697330610735,132753.321773841,132946.260164824,132674.761173119,0.000132753391515825,0.000132945744956727,0.000132675116121775,132754.404911668,132939.816247292,132679.18491592,0.000132754472621995,0.000132939321734885,0.000132679527495472,3323.08201607885,3292.24962183527,3328.23939988365,8.14060723271247e-06,4.42758464226661e-06,6.45375520919955e-06
0.336,11107.1529136525,11018.0406790242,11118.145206987,411.341795648084,408.385615599957,406.494884007678,11107.1529136525,11018.0406790242,11118.145206987,411.341785299997,408.385606949545,406.494875260609,11107.1195769495,11018.0079201161,11118.1124367302,15.7961643315733,15.8809069487569,15.3893235445019,115505.178868625,115100.531851652,116436.017426757,0.115567465311821,0.115062165145056,0.116412679812349,424.398186574909,424.399937211098,424.395671325384,0.115567465311821,0.115062165145056,0.116412679812349,424.398186574909,424.399937211098,424.395671325384,0.132752754278377,0.132926338292267,0.132720789484712,424.398186574909,424.399937211098,424.395671325384,0.110507424779534,0.110092430376437,0.111389096912275,132722.701754767,132997.310341962,132684.975850788,0.132752754278377,0.132926338292267,0.132720789484712,132726.208673657,132986.817086472,132689.940075593,1.10098371955099,1.29128599976578,0.936377964776388,3314.51653464661,3304.34427824247,3342.65849087402,1258.65351707013,1244.09932964562,1253.8442119964,132726.208238864,132986.817492053,132689.939930987,1.10100109683592,1.29127285929687,0.936435496630871,0,0,0,3.62605369867007e-12,0,0,11107.1529136525,11018.0406790242,11118.145206987,1.11071495886473e-05,1.10180351472325e-05,1.11181446459552e-05,11107.1195769495,11018.0079201161,11118.1124367302,1.11071201140729e-05,1.10180059794912e-05,1.11181121382093e-05,115505.178868625,115100.531851652,116436.017426757,0.00011550517769371,0.000115100533441396,0.000116436017426382,424.398186574909,424.399937211098,424.395671325384,0.319551978237268,0.317941600957223,0.320595995194345,132723.581227149,132994.660802942,132686.23354359,0.000132723803146838,0.000132994073397221,0.000132686513614822,132726.208238864,132986.817492053,132689.939930987,0.000132726422151167,0.000132986253497258,0.000132690210508319,3314.51653464661,3304.34427824247,3342.65849087402,8.14036804729158e-06,4.42076644682429e-06,6.48383076297369e-06
0.337,11077.4968289618,11043.5435188708,11160.7968123693,412.129997383488,407.5695644158,408.697106012919,11077.4968289618,11043.5435188708,11160.7968123693,412.129987077336,407.569555756082,408.697097201763,11077.4634989295,11043.5108614975,11160.763732243,15.8714394299162,15.864359359389,15.4006433874707,115326.82711083,115793.659103666,116635.113989023,0.11539572308959,0.115768166520846,0.116592663281594,411.809247409423,411.809191076941,411.806314878432,0.11539572308959,0.115768166520846,0.116592663281594,411.809247409423,411.809191076941,411.806314878432,0.132698517855505,0.132923560109872,0.132768245103925,411.809247409423,411.809191076941,411.806314878432,0.110293887736902,0.1107229051274,0.111562441055606,132648.582327685,132998.811870887,132747.487162752,0.132698517855505,0.132923560109872,0.132768245103925,132655.357501584,132988.004534465,132749.702758253,1.14824156788506,1.29454256731995,0.965639649065055,3307.94622019683,3323.00760837418,3348.26567415169,1256.20959717189,1246.38135414221,1260.6452499723,132655.357075346,132988.004938697,132749.70260483,1.14826785014654,1.29452826670485,0.965683228660522,0,0,0,3.61712132197632e-12,0,0,11077.4968289618,11043.5435188708,11160.7968123693,1.10774935167041e-05,1.10435379790842e-05,1.11607962347419e-05,11077.4634989295,11043.5108614975,11160.763732243,1.10774640368686e-05,1.10435089236694e-05,1.11607634282291e-05,115326.82711083,115793.659103666,116635.113989023,0.000115326825840826,0.000115793660373914,0.000116635114382146,411.809247409423,411.809191076941,411.806314878432,0.318668650752599,0.318728987451244,0.321022926554489,132650.276643909,132996.085408419,132748.027294051,0.00013265065981967,0.000132995463685234,0.000132748185758173,132655.357075346,132988.004938697,132749.70260483,0.000132655725919728,0.000132987407915908,0.000132749856208126,3307.94622019683,3323.00760837418,3348.26567415169,8.16267903945295e-06,4.40941622358015e-06,6.52309611886858e-06
0.338,11047.9102823213,11093.4287086192,11177.633345714,411.853452562487,407.557724362701,411.177180036119,11047.9102823213,11093.4287086192,11177.633345714,411.853442313781,407.557715654121,411.177171189213,11047.8770963238,11093.3960119141,11177.5999719878,15.927817665506,15.8354960283403,15.4543189447879,115399.15832857,116505.114110454,116534.612836454,0.115468137583596,0.116498198755387,0.116473416244635,398.102360928201,398.099896239428,398.099237648421,0.115468137583596,0.116498198755387,0.116473416244635,398.102360928201,398.099896239428,398.099237648421,0.132683486685895,0.132913670027301,0.132777433696194,398.102360928201,398.099896239428,398.099237648421,0.110310929188047,0.111404624238755,0.111445741691657,132615.131411341,132986.216555885,132777.229185225,0.132683486685895,0.132913670027301,0.132777433696194,132623.996484028,132975.939576721,132777.331266557,1.13355677696212,1.42858750929861,0.944482663482172,3308.4333878905,3343.07794502571,3345.17063971943,1253.07075219421,1251.94333807369,1264.88520834403,132623.996064911,132975.939982101,132777.331108233,1.13359157205691,1.42857562061531,0.944520441844551,0,0,0,3.61213588716298e-12,0,0,11047.9102823213,11093.4287086192,11177.633345714,1.1047906971717e-05,1.10934231467358e-05,1.11776327466026e-05,11047.8770963238,11093.3960119141,11177.5999719878,1.10478776289628e-05,1.10933940698464e-05,1.11775996612849e-05,115399.15832857,116505.114110454,116534.612836454,0.000115399157097016,0.000116505115007921,0.000116534613550002,398.102360928201,398.099896239428,398.099237648421,0.31812256738662,0.319747540601207,0.320758055844361,132617.353339666,132983.623064622,132777.240857309,0.000132617885817828,0.000132983023490889,0.000132777233439258,132623.996064911,132975.939982101,132777.331108233,0.000132624508484071,0.0001329753641794,0.000132777325068886,3308.4333878905,3343.07794502571,3345.17063971943,8.20455589028625e-06,4.40123415535112e-06,6.56040340242561e-06
0.339,11037.0562278168,11154.0584462373,11165.1407180694,410.893758293697,408.671012825022,413.221030976836,11037.0562278168,11154.0584462373,11165.1407180694,410.893748090403,408.671004041344,413.22102213434,11037.0232453922,11154.0255548717,11165.1071604122,15.9504848303744,15.8192504482568,15.5395915258638,115778.983535514,117037.884348964,116271.90536,0.115840251014846,0.117053738829113,0.116194967572639,383.353857453973,383.348552185429,383.350858178271,0.115840251014846,0.117053738829113,0.116194967572639,383.353857453973,383.348552185429,383.350858178271,0.132646296073709,0.132916925623171,0.132848670995931,383.353857453973,383.348552185429,383.350858178271,0.110632161946745,0.111944960405977,0.11115815572569,132563.32455355,132979.53947877,132872.393571411,0.132646296073709,0.132916925623171,0.132848670995931,132574.609939966,132970.148843467,132868.490782231,1.15870098368314,1.43475487397437,1.01147163761436,3318.21299952275,3358.80609664437,3336.89672824222,1251.4068092926,1259.45245268642,1265.69705291326,132574.609525613,132970.149251197,132868.490612606,1.15874025403306,1.43474501833567,1.01149265988805,0,0,0,3.615877227713e-12,0,0,11037.0562278168,11154.0584462373,11165.1407180694,1.10370529042607e-05,1.11540528535446e-05,1.11651401009378e-05,11037.0232453922,11154.0255548717,11165.1071604122,1.10370237685737e-05,1.11540236017503e-05,1.11651068444186e-05,115778.983535514,117037.884348964,116271.90536,0.000115778982461129,0.000117037884866588,0.000116271906293906,383.353857453973,383.348552185429,383.350858178271,0.318142941576637,0.320725216476218,0.320047291447291,132566.173526731,132977.181777219,132871.416195447,0.000132566824344372,0.000132976662659691,0.000132871215984744,132574.609525613,132970.149251197,132868.490612606,0.000132575235602625,0.000132969650745307,0.000132868299168658,3318.21299952275,3358.80609664437,3336.89672824222,8.25500649331065e-06,4.40270912440051e-06,6.5853577386658e-06
0.34,11056.6765068646,11206.7368172392,11131.6109510539,409.91614610183,410.771663713524,414.285818334859,11056.6765068646,11206.7368172392,11131.6109510539,409.916135909163,410.771654853715,414.285809534247,11056.6436832096,11206.7036261826,11131.5773734703,15.9395395066467,15.8370852796551,15.6328616696264,116392.506845764,117266.35530782,116045.510411827,0.116438162119815,0.117306945264304,0.115958566082163,367.686091128687,367.677782522167,367.683597747085,0.116438162119815,0.117306945264304,0.115958566082163,367.686091128687,367.677782522167,367.683597747085,0.13263853029564,0.132852144046237,0.132863006709803,367.686091128687,367.677782522167,367.683597747085,0.111205724755353,0.112207265178544,0.110888454469126,132547.317639942,132896.982280682,132912.159499732,0.13263853029564,0.132852144046237,0.132863006709803,132559.587372322,132891.003290969,132905.585243154,1.13271174968193,1.54578390409269,1.01023070861939,3335.73084697273,3366.13985298912,3329.05113981756,1252.82983680786,1266.77683627495,1263.56324915124,132559.586960527,132891.003705285,132905.585068397,1.1327548231307,1.54578046816354,1.01024572346074,0,0,0,3.62961869897603e-12,0,0,11056.6765068646,11206.7368172392,11131.6109510539,1.10566731582978e-05,1.12067311942523e-05,1.1131610326721e-05,11056.6436832096,11206.7036261826,11131.5773734703,1.10566441966567e-05,1.1206701658265e-05,1.11315770558316e-05,116392.506845764,117266.35530782,116045.510411827,0.000116392506016103,0.000117266355477529,0.000116045511451155,367.686091128687,367.677782522167,367.683597747085,0.318747058998757,0.321147352485188,0.319116381836952,132550.412312932,132895.482784232,132910.533488522,0.00013255112998791,0.000132895107336299,0.000132910128493299,132559.586960527,132891.003705285,132905.585068397,0.000132560277243983,0.000132890643246958,0.000132905196677128,3335.73084697273,3366.13985298912,3329.05113981756,8.29956940677939e-06,4.41641529184621e-06,6.59239271082066e-06
0.341,11106.5024875442,11235.3999351599,11094.4459035715,409.608575837512,413.315964581555,414.210197443732,11106.5024875442,11235.3999351599,11094.4459035715,409.60856561074,413.315955671219,414.210188704613,11106.4696899862,11235.366433304,11094.4124635514,15.9101229539154,15.8976146578099,15.7073204598768,117067.060677507,117183.997923705,116035.634835895,0.117090251381689,0.117248613860584,0.115946688741652,351.193023000957,351.181892081447,351.191445407237,0.117090251381689,0.117248613860584,0.115946688741652,351.193023000957,351.181892081447,351.191445407237,0.132638339312197,0.132855034973971,0.132930939583699,351.193023000957,351.181892081447,351.191445407237,0.111875547506073,0.112163444450328,0.110821216566116,132546.894167641,132875.891486272,133003.66614183,0.132638339312197,0.132855034973971,0.132930939583699,132559.203265218,132872.002804106,132993.086621709,1.14781346431438,1.54749107616866,1.10480930498679,3356.2824048337,3364.29474935211,3327.12099933471,1257.70915184881,1271.84572211244,1260.1437268371,132559.202853476,132872.003222529,132993.086437775,1.14785598274303,1.54749119727952,1.10481287465318,0,0,0,3.65053688675169e-12,0,0,11106.5024875442,11235.3999351599,11094.4459035715,1.11064991096124e-05,1.12353942917335e-05,1.10944452863348e-05,11106.4696899862,11235.366433304,11094.4124635514,1.11064701976335e-05,1.12353644515403e-05,1.10944121487528e-05,117067.060677507,117183.997923705,116035.634835895,0.00011706706014489,0.000117183997806022,0.000116035635865577,351.193023000957,351.181892081447,351.191445407237,0.319732360662934,0.3210356128222,0.318444442329417,132549.998889141,132874.900616393,133001.01662429,0.000132550718761576,0.000132874718822964,0.000133000421946756,132559.202853476,132872.003222529,132993.086437775,0.000132559895174191,0.000132871828982352,0.000132992515499239,3356.2824048337,3364.29474935211,3327.12099933471,8.32611256318675e-06,4.43989398179711e-06,6.58292304605229e-06
0.342,11174.1720688191,11233.1192609054,11073.6889459785,410.398761426409,415.575653032618,413.278062414902,11174.1720688191,11233.1192609054,11073.6889459785,410.398751129417,415.575644114026,413.278053731593,11174.1391309672,11233.0855376784,11073.6557331665,15.886565947006,15.9923268360163,15.7435511974593,117603.18930453,116905.674375982,116329.547446424,0.117599016594483,0.116990653479663,0.116247920509858,333.991990727117,333.978607936195,333.99172585446,0.117599016594483,0.116990653479663,0.116247920509858,333.991990727117,333.978607936195,333.99172585446,0.132647701449631,0.132754873702262,0.132943490988211,333.991990727117,333.978607936195,333.99172585446,0.112445687745405,0.111904998420993,0.111061286672832,132565.118875324,132746.870097768,133035.615356784,0.132647701449631,0.132754873702262,0.132943490988211,132576.361273609,132748.313324772,133022.800777418,1.1233476372774,1.62865768619345,1.116789377866,3373.94895259039,3356.08091087903,3334.21766299557,1264.99779751033,1273.45896632684,1257.64369755971,132576.3608597,132748.313750947,133022.800590249,1.12338855951309,1.62866460890895,1.11678970425669,0,0,0,3.6728525748934e-12,0,0,11174.1720688191,11233.1192609054,11073.6889459785,1.1174168666826e-05,1.12331136124844e-05,1.10736883480169e-05,11174.1391309672,11233.0855376784,11073.6557331665,1.11741396394765e-05,1.12330835473923e-05,1.10736554248251e-05,117603.18930453,116905.674375982,116329.547446424,0.000117603189078822,0.000116905674055006,0.000116329548364802,333.991990727117,333.978607936195,333.99172585446,0.320673488648585,0.320270151101459,0.318277220986198,132567.950848006,132747.22816479,133032.366741383,0.000132568599642777,0.000132747279050381,0.000133031616295956,132576.3608597,132748.313750947,133022.800590249,0.000132576984794072,0.00013274836310013,0.000133022079838971,3373.94895259039,3356.08091087903,3334.21766299557,8.32954609083639e-06,4.46666590151322e-06,6.56487019838631e-06
0.343,11240.2266154775,11205.0715229278,11084.0454038923,412.269627399967,416.927541269664,412.114594871781,11240.2266154775,11205.0715229278,11084.0454038923,412.269617020117,416.927532386115,412.114586213704,11240.1934052709,11205.0377368266,11084.012402716,15.8924961255197,16.0984907040529,15.7369972823703,117855.10882196,116623.766647471,116884.51444538,0.117821324211353,0.116722464475773,0.116819510428026,316.241667389122,316.22700936947,316.243041552858,0.117821324211353,0.116722464475773,0.116819510428026,316.241667389122,316.22700936947,316.243041552858,0.132690008768776,0.132754012600496,0.13297749394856,316.241667389122,316.22700936947,316.243041552858,0.112758857249859,0.111608852472715,0.111589077162256,132625.165147031,132715.654057483,133081.640934376,0.132690008768776,0.132754012600496,0.13297749394856,132633.653910894,132719.921655775,133066.869085006,1.13959899859892,1.62333624899987,1.2172117735468,3383.95859458613,3346.8719004548,3349.74576212841,1272.65724718179,1271.74824022343,1257.93397705643,132633.65349364,132719.922085586,133066.868893928,1.13963557495173,1.62334662913097,1.21720825713875,0,0,0,3.6901665232358e-12,0,0,11240.2266154775,11205.0715229278,11084.0454038923,1.12402232023332e-05,1.12050658846362e-05,1.10840448301768e-05,11240.1934052709,11205.0377368266,11084.012402716,1.12401939214552e-05,1.12050357457849e-05,1.10840121020085e-05,117855.10882196,116623.766647471,116884.51444538,0.000117855108878465,0.000116623766219103,0.000116884515178273,316.241667389122,316.22700936947,316.243041552858,0.321257315832735,0.319330665555037,0.318715849885848,132627.304398419,132716.718202235,133077.909123464,0.000132627810572408,0.000132717013914705,0.000133077062227122,132633.65349364,132719.922085586,133066.868893928,0.000132634140207885,0.000132720206839792,0.000133066055279041,3383.95859458613,3346.8719004548,3349.74576212841,8.31378967963091e-06,4.48889601139825e-06,6.54968262900569e-06
0.344,11285.8729042814,11166.9587216914,11128.6801387027,414.760612602365,417.094081418128,411.445987084819,11285.8729042814,11166.9587216914,11128.6801387027,414.76060215535,417.094072596983,411.445978407952,11285.8393767954,11166.9250422617,11128.647232853,15.9406798421035,16.1879064477425,15.6997562775399,117788.118571045,116532.288799362,117545.990324391,0.117725472225177,0.116635612026945,0.117505598648299,298.064615391305,298.05002465006,298.067837670016,0.117725472225177,0.116635612026945,0.117505598648299,298.064615391305,298.05002465006,298.067837670016,0.132718584409631,0.13265604953636,0.132979789510105,298.064615391305,298.05002465006,298.067837670016,0.112757709932533,0.111468637152422,0.112268110951864,132679.234435468,132588.358437952,133087.17615037,0.132718584409631,0.13265604953636,0.132979789510105,132684.571914509,132598.010976569,133072.061781055,1.12814804317429,1.67680665310901,1.23237013532185,3384.53202955355,3342.53092442513,3369.63161800232,1278.48100518977,1268.13806291099,1261.76940433343,132684.571492206,132598.011411901,133072.061589517,1.12817916753192,1.67682179245282,1.23236627461246,0,0,0,3.69797139644816e-12,0,0,11285.8729042814,11166.9587216914,11128.6801387027,1.1285869495568e-05,1.1166953102258e-05,1.11286795846647e-05,11285.8393767954,11166.9250422617,11128.647232853,1.1285839904961e-05,1.11669230576933e-05,1.11286469379348e-05,117788.118571045,116532.288799362,117545.990324391,0.000117788118860431,0.000116532288357515,0.000117545990828873,298.064615391305,298.05002465006,298.067837670016,0.32118633312826,0.318465267615617,0.319609640396488,132680.577013112,132590.784793909,133083.363224396,0.000132680878207194,0.000132591316998564,0.000133082490583923,132684.571492206,132598.011411901,133072.061589517,0.00013268486106848,0.000132598523442986,0.00013307122317046,3384.53202955355,3342.53092442513,3369.63161800232,8.29035570534822e-06,4.50052016748159e-06,6.54782403060866e-06
0.345,11300.2520831965,11139.2810082364,11197.6910118384,417.155159370633,416.250059473725,411.806979756326,11300.2520831965,11139.2810082364,11197.6910118384,417.155148894714,416.250050716106,411.806971019764,11300.2182980576,11139.2475514178,11197.6580310986,16.0270268410832,16.2376371029136,15.656094572281,117493.273620766,116747.108616909,118112.39660213,0.11740573510057,0.116844546092739,0.118102288099604,279.641963384039,279.629073616164,279.647072471125,0.11740573510057,0.116844546092739,0.118102288099604,279.641963384039,279.629073616164,279.647072471125,0.132790216644381,0.132652745203955,0.132960791003335,279.641963384039,279.629073616164,279.647072471125,0.112507645671686,0.11161597215915,0.112901318221213,132781.848829182,132560.630209204,133061.100510287,0.132790216644381,0.132652745203955,0.132960791003335,132782.397748486,132572.694253809,133047.168926228,1.15028335588479,1.6660878299282,1.31964249372502,3377.56800993778,3347.03869332674,3388.00798008348,1280.95996030464,1264.81385840049,1268.45653672841,132782.397321922,132572.694691193,133047.168736134,1.15030917149544,1.6661052003623,1.31964026736339,0,0,0,3.69537812430742e-12,0,0,11300.2520831965,11139.2810082364,11197.6910118384,1.13002486911949e-05,1.11392754062677e-05,1.11976904650122e-05,11300.2182980576,11139.2475514178,11197.6580310986,1.13002188384452e-05,1.11392455771807e-05,1.11976577377924e-05,117493.273620766,116747.108616909,118112.39660213,0.000117493274072174,0.000116747108243507,0.000118112396872404,279.641963384039,279.629073616164,279.647072471125,0.320550026370287,0.318121944213196,0.320543003713873,132781.973068591,132563.681285949,133057.587864256,0.000132782025342508,0.000132564410321524,0.000133056772379672,132782.397321922,132572.694691193,133047.168736134,0.000132782447551877,0.00013257339587536,0.000133046385190525,3377.56800993778,3347.03869332674,3388.00798008348,8.27395789805598e-06,4.4996021086945e-06,6.56445646591938e-06
0.346,11284.5653674219,11139.3487991269,11272.0393594497,418.767723888338,414.960744385163,413.315884982514,11284.5653674219,11139.3487991269,11272.0393594497,418.767713428397,414.960735664134,413.315876164539,11284.5314664545,11139.315580501,11272.0061487309,16.1316312132466,16.2385125325135,15.6330597937157,117154.309522581,117256.401270797,118417.201174031,0.117049030772741,0.117337475825457,0.11844006002318,261.184860467349,261.17546297339,261.191685182791,0.117049030772741,0.117337475825457,0.11844006002318,261.184860467349,261.17546297339,261.191685182791,0.132829477414099,0.132597199545683,0.132948506657818,261.184860467349,261.17546297339,261.191685182791,0.112173494049473,0.112064702104072,0.113310197380587,132854.610268485,132487.883187346,133031.972986507,0.132829477414099,0.132597199545683,0.132948506657818,132851.138559779,132502.972713198,133019.964001202,1.15582511642117,1.69930178385177,1.33087767870342,3367.94736116664,3360.81137585712,3399.5819364458,1279.86059140736,1263.86761623099,1276.13328509993,132851.138127929,132502.973152787,133019.963812451,1.15584485133882,1.69932093260105,1.33087667271813,0,0,0,3.68547601758427e-12,0,0,11284.5653674219,11139.3487991269,11272.0393594497,1.12845619964174e-05,1.11393432031731e-05,1.12720388043964e-05,11284.5314664545,11139.315580501,11272.0061487309,1.12845320150951e-05,1.11393136153881e-05,1.12720058521194e-05,117154.309522581,117256.401270797,118417.201174031,0.000117154310057691,0.000117256401024125,0.000118417201232307,261.184860467349,261.17546297339,261.191685182791,0.319530578952327,0.318405959768065,0.321214535206973,132853.742116876,132491.685067328,133028.95900135,0.000132853525229108,0.000132492552815339,0.000133028279182038,132851.138127929,132502.973152787,133019.963812451,0.00013285092937843,0.000132503807668369,0.000133019310744218,3367.94736116664,3360.81137585712,3399.5819364458,8.27663720408594e-06,4.48910533430115e-06,6.59721886894957e-06
0.347,11251.7147707784,11174.159489783,11331.0876407873,419.210143445911,413.968924154012,415.621158144622,11251.7147707784,11174.159489783,11331.0876407873,419.210133037366,413.968915424509,415.621149250941,11251.6809247273,11174.1264166577,11331.054121039,16.2264023730539,16.1984978969441,15.6495299014872,116976.910007275,117924.815316062,118395.183030467,0.11686366805857,0.117980513146407,0.118450439127881,242.900355277727,242.896232059452,242.908487540609,0.11686366805857,0.117980513146407,0.118450439127881,242.900355277727,242.896232059452,242.908487540609,0.132903183331067,0.132595689427849,0.132878938772468,242.900355277727,242.896232059452,242.908487540609,0.11195686263263,0.112704140953231,0.113404192984273,132960.88635061,132479.150210309,132936.601731821,0.132903183331067,0.132595689427849,0.132878938772468,132952.466507168,132494.946866433,132928.895631311,1.1800384679627,1.68726806093809,1.39481054098974,3361.66218629606,3380.49835348663,3401.7070638391,1276.32248676557,1266.44169250406,1282.52875243108,132952.466072245,132494.947306502,132928.895446744,1.18005453113101,1.68728783715786,1.39481346264514,0,0,0,3.67420263907884e-12,0,0,11251.7147707784,11174.159489783,11331.0876407873,1.12517114151621e-05,1.11741538825102e-05,1.13310870650123e-05,11251.6809247273,11174.1264166577,11331.054121039,1.12516814749268e-05,1.11741244547137e-05,1.13310538174126e-05,116976.910007275,117924.815316062,118395.183030467,0.000116976910551172,0.000117924815225604,0.000118395182919058,242.900355277727,242.896232059452,242.908487540609,0.31857703886986,0.31918418080325,0.321230507635937,132958.777761568,132483.12761849,132934.687229173,0.000132958299381851,0.000132484053732736,0.000132934214970158,132952.466072245,132494.947306502,132928.895446744,0.000132952005844879,0.000132495837890046,0.000132928441883598,3361.66218629606,3380.49835348663,3401.7070638391,8.30273524666857e-06,4.47582242923266e-06,6.63717704209639e-06
0.348,11221.5218359728,11237.351260771,11360.4770122521,418.540228422493,413.901839140818,418.046426738738,11221.5218359728,11237.351260771,11360.4770122521,418.540218076341,413.901830356611,418.046417798913,11221.4881789825,11237.3181692011,11360.4432093102,16.2858455919638,16.1398528663943,15.7082385853686,117105.404258464,118549.599696453,118109.440573371,0.116995538033272,0.11857348752018,0.118193118329969,225.088131806177,225.09083627622,225.096920474774,0.116995538033272,0.11857348752018,0.118193118329969,225.088131806177,225.09083627622,225.096920474774,0.132937506695941,0.132607110621432,0.132854915659613,225.088131806177,225.09083627622,225.096920474774,0.112015655523283,0.113344911023672,0.11321526643903,133023.425039123,132494.017868189,132880.493079099,0.132937506695941,0.132607110621432,0.132854915659613,133011.431135803,132509.203532465,132876.336067855,1.19761961622496,1.70840688640389,1.39985954512225,3363.41108105632,3400.36465722766,3395.41691888487,1272.44039132418,1272.2428806182,1285.86427484665,133011.430697396,132509.203972204,132876.335884575,1.1976316706667,1.70842603177815,1.39986383127257,0,0,0,3.66806712271094e-12,0,0,11221.5218359728,11237.351260771,11360.4770122521,1.12215184821796e-05,1.12373456256358e-05,1.13604764108298e-05,11221.4881789825,11237.3181692011,11360.4432093102,1.12214887237831e-05,1.12373162020176e-05,1.13604428974426e-05,117105.404258464,118549.599696453,118109.440573371,0.000117105404749863,0.000118549599761513,0.000118109440349303,225.088131806177,225.09083627622,225.096920474774,0.318030242482756,0.320213701310378,0.320673552945639,133020.4079492,132497.841230548,132879.451786266,0.000133019703179379,0.000132498739844474,0.000132879237516559,133011.430697396,132509.203972204,132876.335884575,0.000133010752763492,0.000132510068059807,0.000132876130314054,3363.41108105632,3400.36465722766,3395.41691888487,8.34699247351112e-06,4.46778110279372e-06,6.67249801146938e-06
0.349,11213.0336282232,11311.7366490728,11357.380399197,417.24395096332,415.012780969363,419.865911380342,11213.0336282232,11311.7366490728,11357.380399197,417.243940662633,415.012772101399,419.865902436032,11213.0002039167,11311.703370519,11357.3464316561,16.2966141544652,16.0908982458041,15.7944955317795,117561.438680833,118942.895013169,117730.039017568,0.117466315923605,0.118931763109941,0.117834886690411,208.068278203342,208.078882126195,208.076846784977,0.117466315923605,0.118931763109941,0.117834886690411,208.068278203342,208.078882126195,208.076846784977,0.132983733668381,0.132610960800198,0.132759561587457,208.068278203342,208.078882126195,208.076846784977,0.112398030182321,0.113795963091252,0.112886540255408,133090.395876352,132512.360780243,132749.506977254,0.132983733668381,0.132610960800198,0.132759561587457,133075.279136753,132526.09696315,132751.012220294,1.21546718648502,1.69912791011984,1.43899482424001,3374.62907075222,3414.61265201879,3385.07743037853,1270.45876841038,1279.66024471537,1285.53994558051,133075.278697127,132526.097402207,132751.012040779,1.21547787251263,1.69914649011292,1.43900272630337,0,0,0,3.67153578375534e-12,0,0,11213.0336282232,11311.7366490728,11357.380399197,1.1213030259894e-05,1.13117309766895e-05,1.1357379776425e-05,11213.0002039167,11311.703370519,11357.3464316561,1.12130007388327e-05,1.13117013905439e-05,1.13573461132915e-05,117561.438680833,118942.895013169,117730.039017568,0.000117561439081095,0.000118942895210924,0.000117730038738373,208.068278203342,208.078882126195,208.076846784977,0.318120049031374,0.320947178597468,0.319615590880092,133086.59247816,132515.815748965,132749.852075978,0.000133085721323678,0.000132516598026548,0.000132749924310343,133075.278697127,132526.097402207,132751.012040779,0.000133074440651369,0.000132526849573337,0.000132751082001296,3374.62907075222,3414.61265201879,3385.07743037853,8.39670849324147e-06,4.47102327663267e-06,6.69318254142224e-06
0.35,11236.7754205359,11376.2162508479,11331.4210145587,416.05488590299,417.073466292501,420.590876246466,11236.7754205359,11376.2162508479,11331.4210145587,416.054875607848,417.073457340083,420.590867334261,11236.7421626601,11376.1826789071,11331.3870470112,16.2624523119989,16.0751373856014,15.8822649811153,118233.311246504,119006.013295363,117470.209918255,0.118162784328273,0.118960086802961,0.117586251117444,192.233840821581,192.252666963045,192.241146247935,0.118162784328273,0.118960086802961,0.117586251117444,192.233840821581,192.252666963045,192.241146247935,0.132997475749569,0.132686792632679,0.132732760183027,192.233840821581,192.252666963045,192.241146247935,0.113021095159277,0.113939944150642,0.11261805368178,133115.114483061,132612.193955382,132687.440144417,0.132997475749569,0.132686792632679,0.132732760183027,133098.624199331,132621.694842523,132693.001141817,1.23576056384821,1.71291637821931,1.43969190953544,3392.85192044763,3419.6526040463,3376.75038535187,1271.86746872369,1286.43263626884,1282.37001476178,133098.623758635,132621.695280185,132693.000962443,1.23576998867909,1.71293349696072,1.4397004642223,0,0,0,3.6851671381981e-12,0,0,11236.7754205359,11376.2162508479,11331.4210145587,1.12367720250431e-05,1.13762105424994e-05,1.1331420382299e-05,11236.7421626601,11376.1826789071,11331.3870470112,1.12367426874768e-05,1.13761806823963e-05,1.13313867261005e-05,118233.311246504,119006.013295363,117470.209918255,0.000118233311543943,0.000119006013587771,0.000117470209635712,192.233840821581,192.252666963045,192.241146247935,0.318805799359491,0.321231829615198,0.318551320705164,133110.961552475,132614.570505388,132688.833766883,0.00013311000250984,0.000132615160128604,0.000132689189366778,133098.623758635,132621.695280185,132693.000962443,0.000133097701161288,0.000132622262204773,0.000132693343324347,3392.85192044763,3419.6526040463,3376.75038535187,8.43694449764013e-06,4.48706850663023e-06,6.69494222393137e-06
0.351,11290.3017982017,11413.9771287734,11300.9699532749,415.668517434581,419.469991797876,420.158324237997,11290.3017982017,11413.9771287734,11300.9699532749,415.668507098475,419.469982787778,420.158315375974,11290.2685566295,11413.9432586354,11300.9361315506,16.2029417207417,16.1019812163356,15.9447706197172,118921.544693538,118768.701272397,117501.628094611,0.118882719822101,0.1186917239959,0.117617198227368,178.093159112199,178.11949161848,178.098095635043,0.118882719822101,0.1186917239959,0.117617198227368,178.093159112199,178.11949161848,178.098095635043,0.132997453806937,0.132696175438524,0.132648401269826,178.093159112199,178.11949161848,178.098095635043,0.113704898639956,0.113778892565375,0.112587472708673,133115.019949645,132652.975058036,132571.461301618,0.132997453806937,0.132696175438524,0.132648401269826,133098.540113604,132659.382524266,132582.297442992,1.24022072251452,1.708292343716,1.45889276843238,3412.73210189595,3415.4759177432,3375.80437246252,1276.77755735428,1290.56043392885,1278.28951112537,133098.539672737,132659.382960553,132582.297265392,1.2402299839458,1.70830856856492,1.45890325648381,0,0,0,3.70536939941583e-12,0,0,11290.3017982017,11413.9771287734,11300.9699532749,1.12902983716846e-05,1.14139713956233e-05,1.13009693264053e-05,11290.2685566295,11413.9432586354,11300.9361315506,1.12902690754598e-05,1.14139412469607e-05,1.13009358128156e-05,118921.544693538,118768.701272397,117501.628094611,0.000118921544902329,0.000118768701612312,0.000117501627845007,178.093159112199,178.11949161848,178.098095635043,0.319776197415227,0.320750883909582,0.317799635214438,133110.869561898,132654.591567414,132574.202952698,0.000133109911240503,0.000132654929130311,0.000132574812679543,133098.539672737,132659.382960553,132582.297265392,0.000133097617740814,0.000132659707522254,0.000132582883907059,3412.73210189595,3415.4759177432,3375.80437246252,8.4564634617526e-06,4.51223182923398e-06,6.6808557346599e-06
0.352,11359.1791452438,11418.7495833113,11285.967943522,416.45862969138,421.457095087984,418.958676975752,11359.1791452438,11418.7495833113,11285.967943522,416.458619279585,421.457086063271,418.958668155595,11359.145747451,11418.7155105422,11285.9343353861,16.1463658519152,16.1632156610851,15.9650849431227,119419.476706739,118380.305548621,117882.541504969,0.119416078205775,0.118279317821909,0.117985829243522,166.149749972464,166.181644058606,166.151325396416,0.119416078205775,0.118279317821909,0.117985829243522,166.149749972464,166.181644058606,166.151325396416,0.132983163352237,0.132807029846601,0.132629944424333,166.149749972464,166.181644058606,166.151325396416,0.114245722882602,0.113434941243436,0.112876403341283,133089.461697059,132799.262347998,132528.65528858,0.132983163352237,0.132807029846601,0.132629944424333,133074.393738389,132799.542514381,132542.220554357,1.255286801673,1.71394869475555,1.45906905665785,3428.22645952816,3405.68111982958,3384.69323595326,1283.87110262091,1291.08725816354,1275.6178061666,133074.393298126,132799.542949567,132542.22037618,1.2552965840803,1.71396417375975,1.45907946435018,0,0,0,3.72590767671571e-12,0,0,11359.1791452438,11418.7495833113,11285.967943522,1.13591756939512e-05,1.14187438419767e-05,1.12859673341042e-05,11359.145747451,11418.7155105422,11285.9343353861,1.13591462669899e-05,1.14187134895799e-05,1.12859340224134e-05,119419.476706739,118380.305548621,117882.541504969,0.000119419476855078,0.000118380305896676,0.000117882541303708,166.149749972464,166.181644058606,166.151325396416,0.320661985762425,0.319840682883112,0.317690733879756,133085.661681436,132799.362447783,132532.074356799,0.000133084793864415,0.000132799415568732,0.000132532879816899,133074.393298126,132799.542949567,132542.22037618,0.000133073558391304,0.00013279959394333,0.000132542995217141,3428.22645952816,3405.68111982958,3384.69323595326,8.45208320191505e-06,4.53913936067187e-06,6.66026781192283e-06
0.353,11422.9455439902,11397.0031007291,11299.8294375444,418.31938108434,422.457115402558,417.692108244911,11422.9455439902,11397.0031007291,11299.8294375444,418.319370588018,422.457106404795,417.69209943559,11422.9118648584,11396.9689821289,11299.7960028642,16.1189705472009,16.2369279681605,15.9427260409013,119594.340598626,118054.755559986,118531.621364395,0.119626547583442,0.11793956043262,0.118612267002976,156.991751680313,157.026024134081,156.989308788581,0.119626547583442,0.11793956043262,0.118612267002976,156.991751680313,157.026024134081,156.989308788581,0.132937283611884,0.1328185821688,0.132590191486997,156.991751680313,157.026024134081,156.989308788581,0.114496410251175,0.113105351884102,0.113435001285331,133022.306274318,132846.880724774,132473.96851937,0.132937283611884,0.1328185821688,0.132590191486997,133010.478645837,132843.407854263,132489.946403067,1.24466692670222,1.71298833329169,1.46556862702688,3434.99578867874,3396.12901538783,3401.89284539095,1290.95265770016,1288.47222042481,1276.13200599166,133010.478205006,132843.408288071,132489.94622514,1.24467609093279,1.71300331600836,1.46557937602283,0,0,0,3.74045622112498e-12,0,0,11422.9455439902,11397.0031007291,11299.8294375444,1.14229420815847e-05,1.13969973667844e-05,1.12998288499011e-05,11422.9118648584,11396.9689821289,11299.7960028642,1.14229123915743e-05,1.13969669599088e-05,1.12997956966774e-05,119594.340598626,118054.755559986,118531.621364395,0.000119594340724867,0.000118054755885222,0.000118531621204254,156.991751680313,157.026024134081,156.989308788581,0.321036568100835,0.318669392618139,0.318239412638976,133019.342512803,132846.000817042,132477.99133733,0.000133018645319934,0.000132845764740679,0.000132478916748533,133010.478205006,132843.408288071,132489.94622514,0.00013300980734234,0.000132843181242379,0.00013249083633573,3434.99578867874,3396.12901538783,3401.89284539095,8.42995551064946e-06,4.55972762601581e-06,6.64524068139197e-06
0.354,11463.3110008445,11365.4037380901,11343.7989267655,420.709228995587,422.285416829013,417.097619232303,11463.3110008445,11365.4037380901,11343.7989267655,420.709218435321,422.285407882494,417.097610392164,11463.2770111281,11365.3697291449,11343.7655321426,16.1346474225878,16.297045293145,15.894050685134,119438.476411899,117986.978895891,119260.644423047,0.119502936549701,0.117869159431583,0.119311048030433,151.157853307739,151.190440888964,151.151322042155,0.119502936549701,0.117869159431583,0.119311048030433,151.157853307739,151.190440888964,151.151322042155,0.132899597084942,0.132920980840748,0.13258739358987,151.157853307739,151.190440888964,151.151322042155,0.114422722693107,0.112985895573414,0.114102201382577,132955.439948484,132982.115681421,132467.412768486,0.132899597084942,0.132920980840748,0.13258739358987,132947.296777246,132972.89776919,132483.800867451,1.25128921346532,1.70561708243647,1.46826353229736,3432.09036815636,3392.6518070502,3422.51432681822,1295.8452692697,1284.43065196892,1280.3246190792,132947.296337345,132972.898202943,132483.800689407,1.25129917727517,1.70563256651975,1.46827418257704,0,0,0,3.74510366917725e-12,0,0,11463.3110008445,11365.4037380901,11343.7989267655,1.14633075428801e-05,1.13653980201058e-05,1.13437983557117e-05,11463.2770111281,11365.3697291449,11343.7655321426,1.14632775487282e-05,1.13653677127741e-05,1.13437652307874e-05,119438.476411899,117986.978895891,119260.644423047,0.00011943847655368,0.000117986979186491,0.000119260644277512,151.157853307739,151.190440888964,151.151322042155,0.32077246374628,0.317800704233528,0.319179890850865,132953.406178856,132979.781496455,132471.537127961,0.000132952943013249,0.000132979282102237,0.000132472492760803,132947.296337345,132972.898202943,132483.800689407,0.000132946850574137,0.000132972417861952,0.000132484719860254,3432.09036815636,3392.6518070502,3422.51432681822,8.40334119406027e-06,4.56841832012174e-06,6.64574995898418e-06
0.355,11471.2266063501,11344.3043321097,11406.3984066101,422.876443366117,421.224299234331,417.652568026765,11471.2266063501,11344.3043321097,11406.3984066101,422.876432782375,421.224290335924,417.65255912125,11471.1923822949,11344.2705234715,11406.3648800941,16.189515701299,16.3242342528786,15.8462387016208,119073.621556728,118272.606882083,119850.654171344,0.119163768329412,0.118164026654678,0.119866634854664,148.94570794684,148.972488280303,148.935728287627,0.119163768329412,0.118164026654678,0.119866634854664,148.94570794684,148.972488280303,148.935728287627,0.132827185116481,0.132929547085504,0.132607318850183,148.94570794684,148.972488280303,148.935728287627,0.114116838749362,0.11319083339837,0.1146719963607,132849.092171791,133017.213120027,132494.751157937,0.132827185116481,0.132929547085504,0.132607318850183,132845.92563334,133005.354036166,132509.917676441,1.22981999508702,1.70557664543926,1.4672555520429,3422.34716391991,3398.6634933727,3440.30680594744,1297.2501530157,1281.28626369216,1287.18720373269,132845.925191508,133005.354469234,132509.917498515,1.22982779004112,1.70559217463372,1.46726619392163,0,0,0,3.73987453106971e-12,0,0,11471.2266063501,11344.3043321097,11406.3984066101,1.147122316427e-05,1.13442986283201e-05,1.1406397839744e-05,11471.1923822949,11344.2705234715,11406.3648800941,1.14711929302739e-05,1.13442685163129e-05,1.14063645794713e-05,119073.621556728,118272.606882083,119850.654171344,0.000119073621737651,0.000118272607147093,0.000119850654006041,148.94570794684,148.972488280303,148.935728287627,0.319881963286687,0.317475339090583,0.320180836111302,132848.285771623,133014.229536823,132498.565676487,0.000132848094749798,0.000133013517460541,0.000132499461805791,132845.925191508,133005.354469234,132509.917498515,0.000132845741134448,0.000133004669595311,0.00013251077945151,3422.34716391991,3398.6634933727,3440.30680594744,8.38753710359923e-06,4.56426015040071e-06,6.66552304092302e-06
0.356,11450.3037157668,11349.5073054605,11468.2573592167,424.163031112772,419.920660920805,419.369568768902,11450.3037157668,11349.5073054605,11468.2573592167,424.163020550764,419.92065204139,419.369559785377,11450.2694083051,11349.4736833526,11468.2235611209,16.2639945817644,16.3138134792481,15.8267400136678,118706.322321843,118866.537645962,120137.945122163,0.118812896193028,0.118777729461109,0.120118899320337,150.442959346596,150.460747380214,150.430795455646,0.118812896193028,0.118777729461109,0.120118899320337,150.442959346596,150.460747380214,150.430795455646,0.132781027153759,0.132984372294496,0.132620262021149,150.442959346596,150.460747380214,150.430795455646,0.113763318380355,0.113704046003739,0.114975944681339,132767.601944868,133089.625290774,132525.443750224,0.132781027153759,0.132984372294496,0.132620262021149,132768.922908404,133074.710833632,132538.541840156,1.22988171283816,1.67991117013074,1.47249017778298,3411.36374535018,3413.69846156451,3450.14400824994,1295.25126322398,1281.04850004226,1294.62857721261,132768.922466791,133074.711267251,132538.541663302,1.22988949094894,1.67992770562704,1.47250163349297,0,0,0,3.72876022585374e-12,0,0,11450.3037157668,11349.5073054605,11468.2573592167,1.14503002924267e-05,1.13495016046048e-05,1.14682567821699e-05,11450.2694083051,11349.4736833526,11468.2235611209,1.14502699622018e-05,1.13494716836695e-05,1.1468223256776e-05,118706.322321843,118866.537645962,120137.945122163,0.000118706322550723,0.000118866537913593,0.000120137944898497,150.442959346596,150.460747380214,150.430795455646,0.318723818515049,0.31782553062733,0.320728976463164,132767.920386741,133085.878735416,132528.719871767,0.000132768012557691,0.000133085025751652,0.000132529473606136,132768.922466791,133074.711267251,132538.541663302,0.000132769010631102,0.000133073890925922,0.000132539266767996,3411.36374535018,3413.69846156451,3450.14400824994,8.39372412951896e-06,4.55131790070813e-06,6.70040400665693e-06
0.357,11415.4809859177,11385.6141424191,11510.0695579025,424.262563244989,419.137484807013,421.787036525091,11415.4809859177,11385.6141424191,11510.0695579025,424.262552735736,419.137475902783,421.78702747817,11415.446761538,11385.5805916223,11510.0354372099,16.3314002016378,16.2778598919888,15.8520573359701,118548.142983226,119600.646934963,120076.46282525,0.118660112109686,0.119539466247765,0.12002525029768,155.377455927167,155.384769833082,155.364678809184,0.118660112109686,0.119539466247765,0.12002525029768,155.377455927167,155.384769833082,155.364678809184,0.132711231760054,0.132986628995482,0.132690303272253,155.377455927167,155.384769833082,155.364678809184,0.11356789919101,0.114384717093622,0.11494883488488,132664.819895839,133099.098568428,132621.36678536,0.132711231760054,0.132986628995482,0.132690303272253,132671.005671048,133083.467193873,132630.287497812,1.20547445422342,1.67840308283951,1.46415849011752,3405.35318388197,3433.5797814646,3450.00031632846,1291.29760035654,1284.5741418569,1300.33044016621,132671.005226433,133083.46762745,132630.287321991,1.20547876376674,1.67841975729205,1.46417104279397,0,0,0,3.71823218804574e-12,0,0,11415.4809859177,11385.6141424191,11510.0695579025,1.14154775744413e-05,1.13856084285149e-05,1.15100689602473e-05,11415.446761538,11385.5805916223,11510.0354372099,1.14154473146188e-05,1.13855785932905e-05,1.1510035126097e-05,118548.142983226,119600.646934963,120076.46282525,0.000118548143246549,0.000119600647246694,0.000120076462513132,155.377455927167,155.384769833082,155.364678809184,0.317682456701964,0.318712053267612,0.320693690478158,132666.365459081,133095.171999449,132623.605236363,0.000132666722091446,0.000133094261159787,0.000132624151307842,132671.005226433,133083.46762745,132630.287321991,0.000132671347789533,0.000133082591632426,0.000132630812702583,3405.35318388197,3433.5797814646,3450.00031632846,8.42425591055712e-06,4.53717370165325e-06,6.74005489361675e-06
0.358,11387.3110817067,11444.0054450633,11520.2866110108,423.340018713763,419.445235080426,424.159207899819,11387.3110817067,11444.0054450633,11520.2866110108,423.340008263185,419.445226111521,424.159198826006,11387.2770557007,11443.971795609,11520.2522255526,16.3691480162054,16.2407377269243,15.9206738410575,118729.668735623,120252.384389251,119755.527761452,0.118835614179687,0.120223323264966,0.119678080062066,163.236609901827,163.233781798023,163.224713541654,0.118835614179687,0.120223323264966,0.119678080062066,163.236609901827,163.233781798023,163.224713541654,0.132674850393604,0.13297560238104,0.13271193677638,163.236609901827,163.233781798023,163.224713541654,0.113674251937244,0.115025174549025,0.114654556788532,132600.874106801,133084.595979844,132674.179182276,0.132674850393604,0.13297560238104,0.13271193677638,132610.627163517,133069.579814925,132679.749699357,1.2039821345242,1.6327578485603,1.46865809048737,3408.63660121522,3452.14310779985,3441.73169949506,1287.66241014152,1291.18937416267,1302.66590466335,132610.626718324,133069.580247871,132679.749525668,1.20398556628953,1.63277450528019,1.46867280478086,0,0,0,3.71470424705285e-12,0,0,11387.3110817067,11444.0054450633,11520.2866110108,1.13873076681466e-05,1.14439997042156e-05,1.15202859903894e-05,11387.2770557007,11443.971795609,11520.2522255526,1.13872776016618e-05,1.14439697907043e-05,1.15202519073279e-05,118729.668735623,120252.384389251,119755.527761452,0.000118729668999712,0.000120252384788415,0.000119755527347636,163.236609901827,163.233781798023,163.224713541654,0.317161797045456,0.319670997086164,0.319935948226499,132603.338161393,133080.826883336,132675.598737877,0.00013260391565901,0.00013307994379542,0.000132675894835785,132610.626718324,133069.580247871,132679.749525668,0.000132611181648755,0.000133068730960703,0.000132680034575112,3408.63660121522,3452.14310779985,3441.73169949506,8.47158125680758e-06,4.52999699739163e-06,6.77218831456501e-06
0.359,11383.7563457591,11506.4565244092,11499.6834677331,421.974345974341,420.979038173389,425.757196929098,11383.7563457591,11506.4565244092,11499.6834677331,421.974335559275,420.979029121143,425.757187871911,11383.7225333434,11506.4226220138,11499.648962634,16.3679537909206,16.2294307771437,16.0135107840716,119244.999344211,120633.048432256,119367.033101869,0.119334657168501,0.120637066760503,0.119271847560084,173.428868427605,173.417641700449,173.418995751878,0.119334657168501,0.120637066760503,0.119271847560084,173.428868427605,173.417641700449,173.418995751878,0.132633935264523,0.132971729115297,0.13280270871227,173.428868427605,173.417641700449,173.418995751878,0.114103182111057,0.115434115149412,0.114263757826162,132540.493207403,133067.283502069,132798.031754479,0.132633935264523,0.132971729115297,0.13280270871227,132553.133165886,133053.631702848,132798.14915431,1.18372518672384,1.62952113111514,1.44833575062997,3421.81565698426,3463.72299009789,3430.40584562454,1286.55028117933,1298.9583237977,1301.32870859479,132553.132718191,133053.632135312,132798.148982782,1.18372564670364,1.62953732259441,1.44835330104731,0,0,0,3.72188380688999e-12,0,0,11383.7563457591,11506.4565244092,11499.6834677331,1.13837529148661e-05,1.1506450750787e-05,1.14996828308894e-05,11383.7225333434,11506.4226220138,11499.648962634,1.13837230689249e-05,1.15064206041949e-05,1.14996486397386e-05,119244.999344211,120633.048432256,119367.033101869,0.000119244999559564,0.000120633048961117,0.000119367032592629,173.428868427605,173.417641700449,173.418995751878,0.317328541226122,0.320408487988332,0.318836252334057,132543.682030218,133063.860403391,132798.087241053,0.000132544415446234,0.00013306308478993,0.000132798118211509,132553.132718191,133053.632135312,132798.148982782,0.000132553837544402,0.000133052886196567,0.000132798179187401,3421.81565698426,3463.72299009789,3430.40584562454,8.52134874217978e-06,4.53522854878742e-06,6.78745085489208e-06
0.36,11412.6804720143,11552.6847521052,11461.2712479953,420.939284996063,423.374313726357,426.153943682883,11412.6804720143,11552.6847521052,11461.2712479953,420.939274574201,423.374304601598,426.153934676692,11412.6467790939,11552.6505215629,11461.2368009971,16.3356881834546,16.2621775214099,16.1017404816886,119953.249838213,120660.088412546,119131.820206387,0.120018838665593,0.120694832543173,0.119029085234382,185.297482162822,185.280386501468,185.290308846548,0.120018838665593,0.120694832543173,0.119029085234382,185.297482162822,185.280386501468,185.290308846548,0.132620692457633,0.132903890192839,0.132823312406031,185.297482162822,185.280386501468,185.290308846548,0.114742807126284,0.115510772515735,0.113989428299624,132517.293015293,132978.076180499,132850.218837871,0.132620692457633,0.132903890192839,0.132823312406031,132531.16570834,132968.096310755,132846.811737411,1.18504585316358,1.56799502173383,1.44742741778196,3441.48241762561,3465.36861125639,3422.375557116,1289.18524139593,1305.47160939212,1297.46147900948,132531.165260159,132968.096739393,132846.811568439,1.1850456547911,1.56800875208207,1.44744802630731,0,0,0,3.73915635701532e-12,0,0,11412.6804720143,11552.6847521052,11461.2712479953,1.14126770137222e-05,1.15526789504905e-05,1.14612706083009e-05,11412.6467790939,11552.6505215629,11461.2368009971,1.14126473055563e-05,1.15526484887063e-05,1.14612364778335e-05,119953.249838213,120660.088412546,119131.820206387,0.000119953249949882,0.00012066008909527,0.000119131819634607,185.297482162822,185.280386501468,185.290308846548,0.318074793908777,0.32044594350227,0.317693508653845,132520.780847586,132975.552030541,132849.373419368,0.000132521593967655,0.000132974947389255,0.000132849151255442,132531.165260159,132968.096739393,132846.811568439,0.000132531946758445,0.000132967515307813,0.000132846598316902,3441.48241762561,3465.36861125639,3422.375557116,8.55823278492255e-06,4.55327116758898e-06,6.78304291298615e-06
0.361,11468.3984125666,11568.5198354248,11425.5156740965,420.894910516842,425.913530805935,425.38856397434,11468.3984125666,11568.5198354248,11425.5156740965,420.894900043372,425.913521645329,425.38855503027,11468.3646729508,11568.4853115287,11425.4814268694,16.294554752043,16.3401908460259,16.1583444812681,120636.645891316,120388.206034728,119210.82603519,0.120673571603537,0.120448472636173,0.119111167443096,198.311082450041,198.290856012133,198.306840385261,0.120673571603537,0.120448472636173,0.119111167443096,198.311082450041,198.290856012133,198.306840385261,0.132620836323559,0.132897346551336,0.132898968955949,198.311082450041,198.290856012133,198.306840385261,0.115394776368144,0.115283388790021,0.114002148915536,132517.564082296,132944.596910137,132952.926592282,0.132620836323559,0.132897346551336,0.132898968955949,132531.413566032,132937.259575343,132944.927189743,1.17022926400485,1.56545641174152,1.40877567722377,3461.61964062809,3457.99145434889,3422.74328307602,1295.27649814955,1308.80098051779,1293.2378743833,132531.413117885,132937.260001922,132944.927023417,1.17022905598797,1.56546861281731,1.40880021377724,0,0,0,3.76178095216653e-12,0,0,11468.3984125666,11568.5198354248,11425.5156740965,1.14683949263467e-05,1.15685140195226e-05,1.14255150464203e-05,11468.3646729508,11568.4853115287,11425.4814268694,1.14683651956475e-05,1.15684832666686e-05,1.14254811080377e-05,120636.645891316,120388.206034728,119210.82603519,0.000120636645847056,0.000120388206877222,0.000119210825454942,198.311082450041,198.290856012133,198.306840385261,0.319084731305135,0.3198859849501,0.317001492386981,132521.04606548,132942.741471711,132950.889331066,0.000132521858023213,0.000132942352165474,0.000132950450581016,132531.413117885,132937.260001922,132944.927023417,0.000132532193535134,0.000132936885646831,0.000132944505547656,3461.61964062809,3457.99145434889,3422.74328307602,8.5719569328733e-06,4.57927655524816e-06,6.76384009926408e-06
0.362,11533.9803153817,11551.5466770839,11412.3606749955,422.110490938432,427.815040156998,423.956355727925,11533.9803153817,11551.5466770839,11412.3606749955,422.110480385334,427.815031008452,423.956346829514,11533.9463592896,11551.5119931716,11412.3266754584,16.2724081984938,16.4463685613412,16.1686027770514,121088.168803498,119989.347593559,119637.407188749,0.121095215691008,0.120067591382736,0.119550460603793,212.014149127835,211.993343485525,212.012701664019,0.121095215691008,0.120067591382736,0.119550460603793,212.014149127835,211.993343485525,212.012701664019,0.132633233416447,0.13280341634045,0.132910796209471,212.014149127835,211.993343485525,212.012701664019,0.115854931649701,0.114899509319595,0.114358770684852,132539.313111027,132821.506927852,132984.883613573,0.132633233416447,0.13280341634045,0.132910796209471,132551.953198963,132819.350965228,132974.766363813,1.17453689697207,1.49741735619571,1.39925680737817,3476.03257741015,3446.07185682122,3433.22647961623,1303.12012985186,1308.24175649616,1291.02414687229,132551.952751662,132819.35138454,132974.766199567,1.17453767591132,1.49742435113801,1.39928408910501,0,0,0,3.78281291591376e-12,0,0,11533.9803153817,11551.5466770839,11412.3606749955,1.15339768105881e-05,1.15515408642153e-05,1.14123600696301e-05,11533.9463592896,11551.5119931716,11412.3266754584,1.15339468854635e-05,1.1551509943344e-05,1.14123263639177e-05,121088.168803498,119989.347593559,119637.407188749,0.000121088168558911,0.000119989348576861,0.000119637406669887,212.014149127835,211.993343485525,212.012701664019,0.319887715429044,0.318746235399564,0.316959160563023,132542.485706696,132820.964878122,132982.324374543,0.00013254322260727,0.0001328208087213,0.00013298172444265,132551.952751662,132819.35138454,132974.766199567,0.000132552661029839,0.00013281920128902,0.000132974189744242,3476.03257741015,3446.07185682122,3433.22647961623,8.56123760098768e-06,4.6051468922199e-06,6.74064407615424e-06
0.363,11588.2262017286,11512.2969829933,11433.0258309117,424.343689207279,428.538426963823,422.625338612838,11588.2262017286,11512.2969829933,11433.0258309117,424.3436785756,428.538417868668,422.625329721242,11588.1919252867,11512.2623224063,11432.9920111671,16.2912180577224,16.551683785003,16.1357276089648,121191.984512965,119687.252522873,120302.346799967,0.121171030688723,0.119774416474375,0.120235491673767,225.999379906087,225.98009682244,226.000326339963,0.121171030688723,0.119774416474375,0.120235491673767,225.999379906087,225.98009682244,226.000326339963,0.132668627531825,0.132798337893285,0.132944360687459,225.999379906087,225.98009682244,226.000326339963,0.115993703871973,0.11457065589965,0.11497715487808,132591.794610629,132787.891665349,133030.219149292,0.132668627531825,0.132798337893285,0.132944360687459,132601.91277826,132788.526306195,133018.193411908,1.15872403430612,1.49970375249561,1.33831004871142,3480.771622319,3435.99139696728,3451.39945174504,1310.29114591751,1304.58796032269,1292.41783617215,132601.912334774,132788.526722087,133018.19324929,1.15872927284141,1.49970839012648,1.33834064891183,0,0,0,3.79586814210113e-12,0,0,11588.2262017286,11512.2969829933,11433.0258309117,1.15882226938879e-05,1.15122911873707e-05,1.14330252490896e-05,11588.1919252867,11512.2623224063,11432.9920111671,1.15881924611626e-05,1.15122602760117e-05,1.14329917069122e-05,121191.984512965,119687.252522873,120302.346799967,0.000121191984045759,0.00011968725359869,0.000120302346415006,225.999379906087,225.98009682244,226.000326339963,0.320158091083282,0.317565511506783,0.317545504682131,132594.337951752,132788.050285212,133027.202020912,0.00013259493782891,0.000132788122348866,0.000133026507748343,132601.912334774,132788.526722087,133018.19324929,0.000132602488891674,0.000132788596146677,0.000133017526087642,3480.771622319,3435.99139696728,3451.39945174504,8.53434408557273e-06,4.62281430167313e-06,6.7260675321784e-06
0.364,11614.1750986118,11470.5438125049,11485.1481714416,426.935902984716,427.990718213091,422.136787172543,11614.1750986118,11470.5438125049,11485.1481714416,426.935892303916,427.990709189643,422.136778241994,11614.1405057823,11470.5093398293,11485.114373692,16.3573446198302,16.6263058597624,16.0798146549233,120967.517579148,119668.337858685,120999.152791282,0.120923029856673,0.119754954688133,0.120956811294832,239.994080926928,239.977854023177,239.996860819168,0.120923029856673,0.119754954688133,0.120956811294832,239.994080926928,239.977854023177,239.996860819168,0.13269827268176,0.132716423413216,0.132945832025602,239.994080926928,239.977854023177,239.996860819168,0.115806299638716,0.114489057631305,0.115669655372681,132643.709205559,132681.109121344,133034.629461182,0.13269827268176,0.132716423413216,0.132945832025602,132650.967791492,132686.227878824,133022.281765652,1.16126463497508,1.43622977718586,1.32082451000264,3475.64198175711,3433.52859846726,3471.68893807938,1314.60820125966,1299.85056220044,1297.56586727329,132650.967350835,132686.228286567,133022.281603417,1.16127318387451,1.43622804089223,1.32085600176851,0,0,0,3.79758684117565e-12,0,0,11614.1750986118,11470.5438125049,11485.1481714416,1.16141716034193e-05,1.14705380394484e-05,1.14851476045632e-05,11614.1405057823,11470.5093398293,11485.114373692,1.16141410540781e-05,1.14705073033324e-05,1.14851140736653e-05,120967.517579148,119668.337858685,120999.152791282,0.00012096751688776,0.000119668338955762,0.000120999152606447,239.994080926928,239.977854023177,239.996860819168,0.319704629068641,0.316664518999743,0.31851192496651,132645.528581093,132682.40650976,133031.529655206,0.000132645950148594,0.000132682677231774,0.000133030811714975,132650.967350835,132686.228286567,133022.281603417,0.000132651372563985,0.000132686488706675,0.000133021591724209,3475.64198175711,3433.52859846726,3471.68893807938,8.50606373190038e-06,4.62740542425378e-06,6.72947329419425e-06
0.365,11605.7618805969,11447.787541457,11553.6249914808,429.078798737245,426.565172491246,422.901071860577,11605.7618805969,11447.787541457,11553.6249914808,429.078788054682,426.565163527649,422.901062856896,11605.7270828629,11447.7533377234,11553.5910323987,16.4580993428302,16.6507601918198,16.0303503080988,120562.944106921,120003.960273404,121508.250105792,0.120501444971532,0.120081414926605,0.12149170649967,253.748456166776,253.736206726616,253.75243681518,0.120501444971532,0.120081414926605,0.12149170649967,253.748456166776,253.736206726616,253.75243681518,0.132749682151848,0.132714873918685,0.132930003633346,253.748456166776,253.736206726616,253.75243681518,0.115416101389232,0.114748200667227,0.116219439254707,132719.973181281,132660.30779929,133013.576023469,0.132749682151848,0.132714873918685,0.132930003633346,132723.661367472,132667.1688048,133002.137221472,1.13313776184022,1.44672705444707,1.23942891488628,3464.30495103865,3441.47161748324,3487.65394912367,1314.97500809462,1296.49815850579,1305.08451973875,132723.660933838,132667.169209488,133002.137057855,1.13315485681916,1.44672318897564,1.23946091863546,0,0,0,3.78891730272044e-12,0,0,11605.7618805969,11447.787541457,11553.6249914808,1.16057584077923e-05,1.1447781784955e-05,1.15536244245179e-05,11605.7270828629,11447.7533377234,11553.5910323987,1.16057276417494e-05,1.14477513130046e-05,1.15535907317336e-05,120562.944106921,120003.960273404,121508.250105792,0.000120562943216884,0.000120003961304689,0.000121508250172733,253.748456166776,253.736206726616,253.75243681518,0.318688428538372,0.316416880337855,0.319354108285484,132720.906944125,132662.032863773,133010.711559448,0.000132721129561506,0.000132662457343246,0.000133010035172441,132723.660933838,132667.169209488,133002.137057855,0.000132723874828746,0.000132667577555589,0.000133001487203628,3464.30495103865,3441.47161748324,3487.65394912367,8.4919919516986e-06,4.61912450944962e-06,6.75303057662523e-06
0.366,11570.3146154109,11458.5892748372,11616.7847084899,430.132724607404,424.998955547083,424.821176517239,11570.3146154109,11458.5892748372,11616.7847084899,430.132713968947,424.998946604465,424.821167431908,11570.2797912291,11458.5553029515,11616.7504536408,16.5663176559642,16.6230459656884,16.0146588485605,120199.598457854,120619.239547659,121683.554926877,0.120128873903569,0.120680911091126,0.121691293445187,267.06070701551,267.052777714013,267.065263274522,0.120128873903569,0.120680911091126,0.121691293445187,267.06070701551,267.052777714013,267.065263274522,0.132782275337979,0.132673749981988,0.132925250045183,267.06070701551,267.052777714013,267.065263274522,0.115029516500827,0.115302383913913,0.116465970732504,132777.050134701,132607.148194233,132996.723187863,0.132782275337979,0.132673749981988,0.132925250045183,132777.639557559,132616.162974978,132986.524797106,1.12674832254726,1.39465683406861,1.21964983374038,3452.92693207519,3458.40741949608,3494.53898059871,1311.8002539243,1296.47556327746,1312.62469409677,132777.639128152,132616.163374719,132986.524631007,1.12677056542273,1.39464861537579,1.21967954926354,0,0,0,3.77480673743183e-12,0,0,11570.3146154109,11458.5892748372,11616.7847084899,1.15703111648475e-05,1.14585835195505e-05,1.16167841260235e-05,11570.2797912291,11458.5553029515,11616.7504536408,1.15702803549154e-05,1.14585532863407e-05,1.16167501475665e-05,120199.598457854,120619.239547659,121683.554926877,0.000120199597425936,0.000120619240424881,0.000121683555271118,267.06070701551,267.052777714013,267.065263274522,0.317428454261507,0.316860088290402,0.319770547173632,132777.208960057,132609.407554091,132994.173423642,0.000132777235698005,0.000132609928055103,0.000132993593474865,132777.639128152,132616.163374719,132986.524631007,0.000132777664670157,0.000132616664115154,0.000132985967574527,3452.92693207519,3458.40741949608,3494.53898059871,8.502195903159e-06,4.60323503133631e-06,6.79072389517952e-06
0.367,11526.0584376765,11504.3835793197,11655.0441406199,429.871615161441,424.091854439809,427.329459438224,11526.0584376765,11504.3835793197,11655.0441406199,429.871604595293,424.091845467201,427.329450291972,11526.0237659286,11504.3496971225,11655.0095572827,16.6508167839712,16.5594314996246,16.0466504954302,120084.978934779,121323.87795474,121508.782303924,0.120013124519953,0.12136580906694,0.12153700904152,279.793397253949,279.789631342296,279.797972647113,0.120013124519953,0.12136580906694,0.12153700904152,279.793397253949,279.789631342296,279.797972647113,0.132827484664867,0.132673999424146,0.132873118934366,279.793397253949,279.789631342296,279.797972647113,0.114856176724841,0.115985048097159,0.116366482085669,132844.098617593,132602.682468342,132927.851329406,0.132827484664867,0.132673999424146,0.132873118934366,132841.373443533,132612.144667162,132920.505122506,1.07541063809379,1.41337632739809,1.1272545275492,3447.78732305269,3479.28233134922,3491.11304685406,1306.86110846357,1300.39285508333,1317.81782272711,132841.373021892,132612.145066028,132920.504950802,1.07544361442931,1.41336753659006,1.12728006318379,0,0,0,3.7623715982935e-12,0,0,11526.0584376765,11504.3835793197,11655.0441406199,1.1526054998978e-05,1.15043778064976e-05,1.16550435328287e-05,11526.0237659286,11504.3496971225,11655.0095572827,1.15260243268125e-05,1.15043476807115e-05,1.16550092430418e-05,120084.978934779,121323.87795474,121508.782303924,0.000120084977843011,0.000121323878597505,0.000121508782926184,279.793397253949,279.789631342296,279.797972647113,0.316392305557062,0.31772920683519,0.319425953460516,132843.407505298,132605.05763149,132926.000758137,0.000132843259699035,0.000132605615593921,0.000132925554202622,132841.373021892,132612.145066028,132920.504950802,0.00013284123086707,0.000132612681834406,0.000132920076152033,3447.78732305269,3479.28233134922,3491.11304685406,8.53692793715954e-06,4.58812313196586e-06,6.83082118307677e-06
0.368,11495.3078548883,11572.7102338422,11658.487520951,428.570993654919,424.385153519598,429.621028592277,11495.3078548883,11572.7102338422,11658.487520951,428.570983158974,424.385144474002,429.621019426204,11495.2734454397,11572.6762516012,11658.4526901404,16.6881821235801,16.488630210384,16.1208244189774,120327.083909723,121890.346934166,121104.885228475,0.120261409015496,0.121911395435937,0.121148108651107,291.79817775496,291.798023873721,291.802326848692,0.120261409015496,0.121911395435937,0.121148108651107,291.79817775496,291.798023873721,291.802326848692,0.132850193573964,0.132682137008952,0.13286874776616,291.79817775496,291.798023873721,291.802326848692,0.115023426859836,0.116577309650797,0.116012835895694,132883.948504876,132613.234520738,132904.2813059,0.132850193573964,0.132682137008952,0.13286874776616,132879.062201219,132622.245071227,132898.692508536,1.05409521499069,1.3704988347262,1.11528795112132,3452.7164555348,3497.47031677662,3480.17263077939,1302.64409291159,1307.25778855386,1319.19940784605,132879.061783489,132622.245471254,132898.692331436,1.05413383293494,1.37049075962875,1.11530771804541,0,0,0,3.7581269363915e-12,0,0,11495.3078548883,11572.7102338422,11658.487520951,1.14953044112196e-05,1.15727044287723e-05,1.16584868873498e-05,11495.2734454397,11572.6762516012,11658.4526901404,1.14952739970216e-05,1.15726742263814e-05,1.16584523679636e-05,120327.083909723,121890.346934166,121104.885228475,0.000120327082858481,0.00012189034728387,0.00012110488609642,291.79817775496,291.798023873721,291.802326848692,0.315929841461711,0.31869150645967,0.318495713101947,132882.71983388,132615.49612311,132902.843167056,0.000132882435000304,0.000132616034603823,0.000132902549651192,132879.061783489,132622.245471254,132898.692331436,0.000132878787833684,0.00013262276355515,0.000132898410804703,3452.7164555348,3497.47031677662,3480.17263077939,8.58643177176933e-06,4.58203972258779e-06,6.86063528497972e-06
0.369,11495.6258094123,11642.284738834,11630.6763504582,426.910550094805,425.934753811925,430.976329002949,11495.6258094123,11642.284738834,11630.6763504582,426.910539637774,425.934744675732,430.97631986283,11495.5916574911,11642.2504960393,11630.6414358794,16.6713940271787,16.4410889158505,16.2144543468917,120887.700858823,122144.552835922,120685.784240797,0.120833750374345,0.122146020188789,0.120737574043461,302.983818966809,302.986470374686,302.98723365841,0.120833750374345,0.122146020188789,0.120737574043461,302.983818966809,302.986470374686,302.98723365841,0.132873999586571,0.132680126753137,0.132805714542489,302.983818966809,302.986470374686,302.98723365841,0.115521777565195,0.116895475004838,0.115598216839793,132919.281867459,132619.144228248,132822.149587528,0.132873999586571,0.132680126753137,0.132805714542489,132912.72493906,132627.484731559,132820.048680071,0.973446691759045,1.39333518329328,1.02828323553361,3467.45886532033,3507.41031205354,3467.53743205622,1301.37382667718,1314.88639921233,1316.7695568363,132912.724526503,132627.485133282,132820.048494207,0.973495627002831,1.39332875423868,1.02829397381183,0,0,0,3.7653221462866e-12,0,0,11495.6258094123,11642.284738834,11630.6763504582,1.14956223440719e-05,1.1642278896627e-05,1.16306757001229e-05,11495.5916574911,11642.2504960393,11630.6414358794,1.14955921970454e-05,1.16422484554768e-05,1.16306411089789e-05,120887.700858823,122144.552835922,120685.784240797,0.000120887699951728,0.000122144552861064,0.000120685785289428,302.983818966809,302.986470374686,302.98723365841,0.316172279101485,0.319195508204856,0.317172416561485,132917.633373839,132621.234854889,132821.618683111,0.000132917256475448,0.000132621709976064,0.00013282147721094,132912.724526503,132627.485133282,132820.048494207,0.000132912362075768,0.000132627942314461,0.000132819913244283,3467.45886532033,3507.41031205354,3467.53743205622,8.6349625298712e-06,4.58972143143666e-06,6.87150817580699e-06
0.37,11532.4881595308,11691.5253151839,11587.4662482581,425.718493290004,428.285941094106,431.040397411182,11532.4881595308,11691.5253151839,11587.4662482581,425.718482821876,428.285931881978,431.040388329341,11532.4541453647,11691.490743223,11587.4314341498,16.6124516704304,16.4371569764453,16.2969417309417,121597.402712983,122033.460531601,120475.755487058,0.121558368530361,0.122018576671604,0.12052954813586,313.269175585576,313.273699955755,313.271691254734,0.121558368530361,0.122018576671604,0.12052954813586,313.269175585576,313.273699955755,313.271691254734,0.132881159662748,0.132725010986195,0.132805765271654,313.269175585576,313.273699955755,313.271691254734,0.116207568586604,0.116862368589235,0.115343258219158,132931.943413044,132676.02862553,132805.04105523,0.132881159662748,0.132725010986195,0.132805765271654,132924.694657954,132682.096557263,132804.659490585,0.935129440057762,1.34871584873816,1.03510711590421,3487.74773845261,3506.74917640349,3459.8322289864,1304.10019200614,1320.79718502413,1312.00799570803,132924.694247027,132682.09696618,132804.659298243,0.93518273347891,1.34871617501101,1.03511044398013,0,0,0,3.78256079346523e-12,0,0,11532.4881595308,11691.5253151839,11587.4662482581,1.15324846627158e-05,1.16915194426204e-05,1.15874655965469e-05,11532.4541453647,11691.490743223,11587.4314341498,1.15324546751446e-05,1.16914886858098e-05,1.15874311074824e-05,121597.402712983,122033.460531601,120475.755487058,0.00012159740204542,0.000122033460229451,0.000120475756623872,313.269175585576,313.273699955755,313.271691254734,0.316968557117411,0.319092800829576,0.315995579257296,132930.122179437,132677.554303938,132804.976907122,0.000132929701297207,0.000132677933630789,0.000132804971913916,132924.694247027,132682.09696618,132804.659298243,0.000132924289545588,0.000132682462123202,0.00013280465527178,3487.74773845261,3506.74917640349,3459.8322289864,8.66714421130476e-06,4.61035461927362e-06,6.86212941836191e-06
0.371,11596.8387728715,11706.8955264608,11551.1187089004,425.643394201474,430.663590895614,429.959829053509,11596.8387728715,11706.8955264608,11551.1187089004,425.643383673823,430.663581647706,429.959820036662,11596.8047097046,11706.86067319,11551.0841280868,16.5381548719657,16.4790508375561,16.3420685263501,122225.30295072,121646.667202852,120618.119384842,0.122201932144787,0.121619962245414,0.120668139839914,322.561479577446,322.566945909984,322.563069194425,0.122201932144787,0.121619962245414,0.120668139839914,322.561479577446,322.566945909984,322.563069194425,0.132881288829681,0.132717322847333,0.132757374047971,322.561479577446,322.566945909984,322.563069194425,0.116861931242851,0.116537536166654,0.115407265040798,132932.202989729,132681.999453877,132743.160724148,0.132881288829681,0.132717322847333,0.132757374047971,132924.931297077,132687.063970647,132745.213216017,0.826556863694492,1.36949516435458,0.970881816991785,3507.06521086898,3497.24937203058,3461.82046032547,1310.25043287915,1323.19404674248,1307.33194499463,132924.930886141,132687.064382753,132745.213015232,0.826617176910532,1.36949892574191,0.970874705751486,0,0,0,3.8043812316388e-12,0,0,11596.8387728715,11706.8955264608,11551.1187089004,1.15968352456051e-05,1.17068896392185e-05,1.15511180716128e-05,11596.8047097046,11706.86067319,11551.0841280868,1.15968052360497e-05,1.17068586029242e-05,1.15510838065113e-05,122225.30295072,121646.667202852,120618.119384842,0.000122225302592866,0.000121646666607416,0.000120618120497336,322.561479577446,322.566945909984,322.563069194425,0.317919400311308,0.318219164225052,0.315308350350451,132930.375997615,132683.293287494,132743.678644042,0.000132929953908853,0.000132683563605861,0.000132743780941503,132924.930886141,132687.064382753,132745.213015232,0.000132924525063989,0.000132687324694463,0.000132745312250346,3507.06521086898,3497.24937203058,3461.82046032547,8.67397586645731e-06,4.63786791621527e-06,6.83909473463513e-06
0.372,11668.7729859018,11687.9928786615,11541.5819164987,426.88489071632,432.28841223459,428.33337106782,11668.7729859018,11687.9928786615,11541.5819164987,426.88488010163,432.288403000639,428.33336209343,11668.7386959421,11687.9578881315,11541.5475954989,16.4802332799276,16.5503855038587,16.3381808005333,122571.65101023,121184.749712294,121113.945691205,0.122562647121404,0.121151320615017,0.121155994499687,330.82589151533,330.831483913702,330.826638519584,0.122562647121404,0.121151320615017,0.121155994499687,330.82589151533,330.831483913702,330.826638519584,0.132875765467872,0.132774238887494,0.132760941316768,330.82589151533,330.831483913702,330.826638519584,0.117278664733618,0.11609657338752,0.115820950403778,132922.454826023,132752.692518485,132737.467341335,0.132875765467872,0.132774238887494,0.132760941316768,132915.741637201,132754.883023258,132740.210688476,0.77501832445774,1.30900918976142,1.00106430076179,3519.26885839914,3484.16919998302,3474.38920602537,1317.86691199642,1321.6591607162,1305.16207497888,132915.741224484,132754.883445846,132740.210483064,0.775079584790164,1.30902427803568,1.00105205277478,0,0,0,3.82352565049887e-12,0,0,11668.7729859018,11687.9928786615,11541.5819164987,1.16687694394485e-05,1.1687986995244e-05,1.15415813035567e-05,11668.7386959421,11687.9578881315,11541.5475954989,1.16687392266985e-05,1.16879558129638e-05,1.15415472817962e-05,122571.65101023,121184.749712294,121113.945691205,0.000122571651001608,0.000121184748892218,0.000121113946663798,330.82589151533,330.831483913702,330.826638519584,0.31859027184548,0.316956019708351,0.315348322676939,132920.776550946,132753.236201856,132738.144255648,0.000132920387855945,0.000132753396900809,0.000132738319971738,132915.741224484,132754.883445846,132740.210483064,0.000132915367531298,0.000132755038439186,0.000132740380310714,3519.26885839914,3484.16919998302,3474.38920602537,8.65629296945471e-06,4.66342646025392e-06,6.81450191658006e-06
0.373,11725.5979050755,11647.7460708294,11568.2635693382,429.107467542255,432.684014232295,426.988496813599,11725.5979050755,11647.7460708294,11568.2635693382,429.107456844599,432.684005051779,426.988487838394,11725.5632898993,11647.7111271176,11568.2294147331,16.463130659371,16.6235452426923,16.2927355745374,122545.622433857,120883.317155458,121820.115604098,0.122548161181608,0.120848139624241,0.121852026921966,338.008014618122,338.013106869557,338.008085660778,0.122548161181608,0.120848139624241,0.121852026921966,338.008014618122,338.013106869557,338.008085660778,0.132861065547268,0.132761408787064,0.132741459549483,338.008014618122,338.013106869557,338.008085660778,0.117344226260258,0.115765190516533,0.116472263290826,132900.831527619,132751.777231221,132713.240953348,0.132861065547268,0.132761408787064,0.132741459549483,132895.13445039,132753.175267064,132716.909060933,0.649949030345287,1.32256314163462,0.966307041104257,3520.9880739052,3474.28220375444,3494.13190611848,1324.41830524925,1317.32369125666,1306.93693385377,132895.134032001,132753.175692897,132716.908851402,0.650010419907748,1.32258227286188,0.966289043979879,0,0,0,3.83386076895256e-12,0,0,11725.5979050755,11647.7460708294,11568.2635693382,1.17255943563849e-05,1.16477402053779e-05,1.15682629806092e-05,11725.5632898993,11647.7111271176,11568.2294147331,1.17255638312723e-05,1.16477090558873e-05,1.15682291084363e-05,122545.622433857,120883.317155458,121820.115604098,0.000122545622781461,0.000120883316208524,0.000121820116331486,338.008014618122,338.013106869557,338.008085660778,0.318616512413664,0.315625079050001,0.316035266651466,132899.414163799,132752.103402659,132714.151391531,0.000132899080222234,0.000132752169463242,0.000132714364602278,132895.134032001,132753.175692897,132716.908851402,0.000132894813041475,0.000132753239673153,0.00013271711477925,3520.9880739052,3474.28220375444,3494.13190611848,8.62456313665486e-06,4.67897186361077e-06,6.80129763347054e-06
0.374,11750.705701005,11607.6135867375,11625.9620800261,431.580950582318,431.861181336301,426.655631152226,11750.705701005,11607.6135867375,11625.9620800261,431.580939835653,431.861172223489,426.65562212913,11750.6707780525,11607.5788414341,11625.9279151615,16.4943196582839,16.6714445649454,16.2297388893536,122201.006028448,120918.651115748,122508.127100896,0.122211397094419,0.12088582279702,0.122529775273413,344.058947947275,344.063153276062,344.058553206753,0.122211397094419,0.12088582279702,0.122529775273413,344.058947947275,344.063153276062,344.058553206753,0.132851043772739,0.132806142953101,0.132742542204353,344.058947947275,344.063153276062,344.058553206753,0.117081185318113,0.115729626794058,0.11715262819029,132882.746996369,132805.823192614,132713.29007961,0.132851043772739,0.132806142953101,0.132742542204353,132877.961309424,132805.275594136,132717.029877475,0.597412194920928,1.23539546261242,1.01277938131506,3512.92310385689,3473.19053341966,3514.74651417773,1327.8151988785,1312.45825395974,1312.50012753566,132877.96088622,132805.276029858,132717.029667253,0.59746812000167,1.23542749663762,1.01276139174929,0,0,0,3.83276751363815e-12,0,0,11750.705701005,11607.6135867375,11625.9620800261,1.17507021660982e-05,1.16076077434738e-05,1.16259615053185e-05,11750.6707780525,11607.5788414341,11625.9279151615,1.17506713322597e-05,1.1607576780468e-05,1.16259276127362e-05,122201.006028448,120918.651115748,122508.127100896,0.000122201006697714,0.000120918650162081,0.00012250812750571,344.058947947275,344.063153276062,344.058553206753,0.317916985360127,0.314748416218763,0.316987058902173,132881.532238756,132805.69008424,132714.220188998,0.000132881262041076,0.00013280568224201,0.00013271444147376,132877.96088622,132805.276029858,132717.029667253,0.000132877701267904,0.000132805268920293,0.000132717243381966,3512.92310385689,3473.19053341966,3514.74651417773,8.5950250170188e-06,4.6803462789902e-06,6.80802864539162e-06
0.375,11739.8518340819,11589.2473020861,11696.9633277721,433.48090542429,430.319104566697,427.665171928377,11739.8518340819,11589.2473020861,11696.9633277721,433.480894677616,430.319095504237,427.665162825885,11739.8167278594,11589.21281174,11696.928965099,16.5615861354238,16.6786455015982,16.1807486576948,121718.219002044,121333.34953437,122956.176723404,0.121732597319723,0.121305506634703,0.122969062901444,348.970340097107,348.973516810768,348.969694835659,0.121732597319723,0.121305506634703,0.122969062901444,348.970340097107,348.973516810768,348.969694835659,0.132834612141755,0.132793466001675,0.13275108194376,348.970340097107,348.973516810768,348.969694835659,0.116641104874718,0.116058820385741,0.117641713212067,132858.691967264,132799.15418464,132723.625078696,0.132834612141755,0.132793466001675,0.13275108194376,132855.045914775,132798.398246851,132726.939867528,0.484103358095255,1.23979577713086,0.997285231376333,3499.62947481314,3482.98732313044,3529.58851597732,1327.22209560852,1309.60239580785,1320.15656558693,132855.045482206,132798.398684883,132726.93965953,0.484146418042173,1.23983105290207,0.99726979248937,0,0,0,3.82216525110986e-12,0,0,11739.8518340819,11589.2473020861,11696.9633277721,1.17398483219367e-05,1.15892414735043e-05,1.16969627510976e-05,11739.8167278594,11589.21281174,11696.928965099,1.1739817292305e-05,1.15892107622871e-05,1.16969286613883e-05,121718.219002044,121333.34953437,122956.176723404,0.000121718219922428,0.000121333348698591,0.000122956176760441,348.970340097107,348.973516810768,348.969694835659,0.316661148651316,0.314567329000653,0.317807804037041,132857.758999273,132798.9770808,132724.442408622,0.000132857548770379,0.000132798921796288,0.000132724649440565,132855.045482206,132798.398684883,132726.93965953,0.000132854843463679,0.000132798346036408,0.000132727139719104,3499.62947481314,3482.98732313044,3529.58851597732,8.58336689734434e-06,4.66888779901237e-06,6.83520504335618e-06
0.376,11702.7616395409,11605.6483764442,11758.3101721021,434.216169670756,428.860758475363,429.803221609597,11702.7616395409,11605.6483764442,11758.3101721021,434.216158969943,428.860749420823,429.803212424832,11702.7265327016,11605.614076198,11758.2754889556,16.638649250075,16.6476531926099,16.1723787918445,121337.228167026,122016.728638868,123035.664570786,0.121352158670913,0.121994760335875,0.123042387432342,352.705581905973,352.707814382997,352.704873430423,0.121352158670913,0.121994760335875,0.123042387432342,352.705581905973,352.707814382997,352.704873430423,0.132827703905967,0.132813399587253,0.132743113939782,352.705581905973,352.707814382997,352.704873430423,0.1162483283796,0.116673843745819,0.117794037261545,132845.680818556,132822.260867077,132718.718786831,0.132827703905967,0.132813399587253,0.132743113939782,132842.787748439,132820.685277199,132722.015245234,0.456624990386642,1.12315597990288,1.04591275101822,3487.83186216179,3501.33556771831,3534.27213886697,1323.38466597194,1310.53642797795,1327.37447376877,132842.787309801,132820.685720846,132722.015040364,0.456652644049733,1.1232021214714,1.04590192027303,0,0,0,3.80783936643235e-12,0,0,11702.7616395409,11605.6483764442,11758.3101721021,1.17027581485287e-05,1.16056425462311e-05,1.17583095781842e-05,11702.7265327016,11605.614076198,11758.2754889556,1.17027271009762e-05,1.16056120338414e-05,1.1758275179318e-05,121337.228167026,122016.728638868,123035.664570786,0.000121337229235711,0.00012201672803348,0.000123035664231055,352.705581905973,352.707814382997,352.704873430423,0.315262154670211,0.315078598783743,0.318011297306301,132844.9466543,132821.875716123,132719.543102791,0.000132844784226205,0.000132821795453091,0.000132719726037079,132842.787309801,132820.685720846,132722.015040364,0.000132842631326872,0.000132820609049339,0.000132722191907442,3487.83186216179,3501.33556771831,3534.27213886697,8.59828552895953e-06,4.65098582999962e-06,6.87501130592938e-06
0.377,11659.5445888749,11655.6111274279,11790.9330301471,433.657471080265,428.279134604176,432.397593434012,11659.5445888749,11655.6111274279,11790.9330301471,433.657460449107,428.279125506675,432.397584193451,11659.5096507443,11655.5768552612,11790.8980164539,16.6964545983856,16.5982431813668,16.2151901329826,121263.033070182,122750.090759322,122760.681134853,0.121276118080018,0.122733261409766,0.12276424910281,355.257094800439,355.258636217341,355.256455570646,0.121276118080018,0.122733261409766,0.12276424910281,355.257094800439,355.258636217341,355.256455570646,0.132818703815108,0.13280901475912,0.132767017602464,355.257094800439,355.258636217341,355.256455570646,0.116112339577819,0.117379992391525,0.117594826946307,132832.750929984,132818.716809329,132745.808398668,0.132818703815108,0.13280901475912,0.132767017602464,132830.467141651,132817.171982363,132748.294783034,0.409821498589497,1.12057169438616,1.0303808577598,3483.79370900256,3522.42442365997,3528.3487708607,1318.36643266761,1315.52233105775,1331.80637720956,132830.466693571,132817.172426704,132748.294585698,0.409821371007466,1.1206189639879,1.03037978628978,0,0,0,3.79725322145469e-12,0,0,11659.5445888749,11655.6111274279,11790.9330301471,1.16595411072351e-05,1.16556052771026e-05,1.17909324104122e-05,11659.5096507443,11655.5768552612,11790.8980164539,1.16595102150452e-05,1.16555748116824e-05,1.17908976985325e-05,121263.033070182,122750.090759322,122760.681134853,0.000121263034162114,0.000122750090468524,0.000122760680450026,355.257094800439,355.258636217341,355.256455570646,0.314183651621715,0.316031441989416,0.317514946742938,132832.184766298,132818.334711714,132746.454236538,0.00013283205277665,0.000132818247880847,0.000132746612380143,132830.466693571,132817.172426704,132748.294585698,0.000132830340058069,0.000132817089427057,0.000132748447579831,3483.79370900256,3522.42442365997,3528.3487708607,8.63773584286693e-06,4.63570506819744e-06,6.9145295923113e-06
0.378,11632.9627214638,11724.1351668946,11786.9791298541,432.190794817726,429.029726867036,434.593305719137,11632.9627214638,11724.1351668946,11786.9791298541,432.19078424948,429.029717688481,434.59329646802,11632.9280391603,11724.1007299883,11786.9438911546,16.7151566832179,16.5599203848181,16.2990174328783,121580.44959963,123295.3725212,122284.506070905,0.121590707263395,0.123281754808368,0.122287701445461,356.628015018779,356.629214198585,356.62750611086,0.121590707263395,0.123281754808368,0.122287701445461,356.628015018779,356.629214198585,356.62750611086,0.132817625179961,0.132806048394866,0.132747796444659,356.628015018779,356.629214198585,356.62750611086,0.116341486196258,0.117946233848201,0.117166938314942,132829.871314327,132815.582925644,132728.602078161,0.132817625179961,0.132806048394866,0.132747796444659,132827.793813534,132814.129303237,132731.359525738,0.435912748242465,0.982721093357393,1.06896692303861,3490.73362029509,3539.34737021429,3515.51202172219,1314.76688096123,1323.17299975304,1332.2036304602,132827.793360518,132814.129746377,132731.359333454,0.435897299699796,0.982773336216247,1.06897266334507,0,0,0,3.79656557973533e-12,0,0,11632.9627214638,11724.1351668946,11786.9791298541,1.16329592318637e-05,1.17241292834089e-05,1.17869784856716e-05,11632.9280391603,11724.1007299883,11786.9438911546,1.16329285933918e-05,1.17240986764e-05,1.17869435658156e-05,121580.44959963,123295.3725212,122284.506070905,0.00012158045058545,0.000123295372595618,0.000122284505107048,356.628015018779,356.629214198585,356.62750611086,0.313771314118299,0.316905153866842,0.316331929179041,132829.359105342,132815.224540422,132729.306716897,0.000132829240590654,0.000132815138915332,0.000132729449741772,132827.793360518,132814.129746377,132731.359333454,0.000132827679620199,0.00013281404791156,0.000132731497864912,3490.73362029509,3539.34737021429,3515.51202172219,8.68970246453021e-06,4.63122842084096e-06,6.94095988094706e-06
0.379,11639.230594286,11788.6391047497,11752.8197575917,430.577234650821,431.031497252734,435.692466192423,11639.230594286,11788.6391047497,11752.8197575917,430.577224109321,431.031487983996,435.692456976664,11639.1961341287,11788.6043585531,11752.7844746639,16.6921352089159,16.5599506896403,16.3970725195007,122216.849745793,123488.425859915,121843.376939375,0.122224814074835,0.123475448450412,0.121848200307563,356.800117016616,356.801340814695,356.799724714102,0.122224814074835,0.123475448450412,0.121848200307563,356.800117016616,356.801340814695,356.799724714102,0.132816676576167,0.132816286543296,0.132771624754217,356.800117016616,356.801340814695,356.799724714102,0.116896195318798,0.118196493740361,0.116726079762887,132828.762511956,132825.665074703,132752.753540694,0.132816676576167,0.132816286543296,0.132771624754217,132826.653621236,132823.906461582,132754.782698873,0.479568232236026,0.979256163348681,1.03658472046596,3507.42867454383,3546.83817560512,3502.2513218285,1314.68064442429,1331.01898976991,1328.89723064638,132826.653162411,132823.90690326,132754.782516277,0.479537967933435,0.979306437681794,1.03660400665264,0,0,0,3.80803066587032e-12,0,0,11639.230594286,11788.6391047497,11752.8197575917,1.16392270809212e-05,1.1788633185849e-05,1.17528190998016e-05,11639.1961341287,11788.6043585531,11752.7844746639,1.16391966764519e-05,1.17886022893287e-05,1.17527841456309e-05,122216.849745793,123488.425859915,121843.376939375,0.000122216850510104,0.000123488426311015,0.000121843375796074,356.800117016616,356.801340814695,356.799724714102,0.314110630605368,0.317342739552449,0.314909633403599,132828.220303797,132825.214244483,132753.263213657,0.00013282810248572,0.00013282512945608,0.000132753404651874,132826.653162411,132823.90690326,132754.782516277,0.000132826540122831,0.000132823825887528,0.000132754919475882,3507.42867454383,3546.83817560512,3502.2513218285,8.73714095510971e-06,4.6414735852397e-06,6.94661654914284e-06
0.38,11681.1427735202,11828.0778953707,11706.7805626517,429.660163435337,433.693242376474,435.423001429632,11681.1427735202,11828.0778953707,11706.7805626517,429.660152869861,433.693233041147,435.422992278402,11681.1083918511,11828.0428015395,11706.7454224332,16.6432850406411,16.6115554480111,16.4768718616196,122971.516799584,123301.647697767,121664.783673837,0.122978964985833,0.123286789806671,0.121671967299179,355.800838199933,355.802382540433,355.800482172327,0.122978964985833,0.123286789806671,0.121671967299179,355.800838199933,355.802382540433,355.800482172327,0.132817955135162,0.132802578505676,0.1327461511388,355.800838199933,355.802382540433,355.800482172327,0.117604610279102,0.118077249316222,0.116497659317914,132830.531534372,132813.06713427,132725.638535944,0.132817955135162,0.132802578505676,0.1327461511388,132828.340113368,132811.531741705,132728.458480775,0.538386522963683,0.841918795596587,1.0592271841083,3528.693081202,3543.29479575326,3495.35486865144,1318.81185721877,1336.50456847407,1323.69094656048,132828.339652674,132811.532175046,132728.458302964,0.538354902201446,0.841964327384979,1.0592530616896,0,0,0,3.82897152230818e-12,0,0,11681.1427735202,11828.0778953707,11706.7805626517,1.1681139228743e-05,1.18280719505071e-05,1.17067799075092e-05,11681.1083918511,11828.0428015395,11706.7454224332,1.16811089255293e-05,1.18280407164472e-05,1.17067450949274e-05,122971.516799584,123301.647697767,121664.783673837,0.000122971517257163,0.000123301648496758,0.000121664782472692,355.800838199933,355.802382540433,355.800482172327,0.31497391817469,0.316995740687233,0.313656362657438,132829.969842289,132812.668620074,132726.326280465,0.000132829847769045,0.000132812574211696,0.000132726482002071,132828.339652674,132811.532175046,132728.458302964,0.000132828222522354,0.000132811441921189,0.000132728608967982,3528.693081202,3543.29479575326,3495.35486865144,8.76480375232094e-06,4.66439148408454e-06,6.9318718726697e-06
0.381,11746.7684930622,11831.1578976823,11672.2135972433,430.022072607241,436.153850680105,434.044351547829,11746.7684930622,11831.1578976823,11672.2135972433,430.022061973082,436.153841325255,434.044342461701,11746.7339945505,11831.1225393699,11672.1787189499,16.597073062191,16.7075310909733,16.5130781389334,123597.62435566,122855.441867649,121874.191687378,0.123607097603372,0.12283680396475,0.121883017085489,353.640459304399,353.642485354272,353.640012002393,0.123607097603372,0.12283680396475,0.121883017085489,353.640459304399,353.642485354272,353.640012002393,0.132817928855313,0.132827559108677,0.132759725375124,353.640459304399,353.642485354272,353.640012002393,0.118233356195109,0.117678645866856,0.116625051722309,132830.47418609,132841.030880024,132736.179257436,0.132817928855313,0.132827559108677,0.132759725375124,132828.28763888,132838.626285492,132738.99862916,0.618107005024645,0.846138261161096,1.00175192585379,3547.50721978794,3531.41398475005,3499.15128446332,1326.15173342745,1337.98397410093,1319.1906952458,132828.287178236,132838.626715355,132738.998459598,0.618079579328061,0.846178637774365,1.00179135599122,0,0,0,3.85284363550066e-12,0,0,11746.7684930622,11831.1578976823,11672.2135972433,1.1746764920563e-05,1.18311519443448e-05,1.16722129600692e-05,11746.7339945505,11831.1225393699,11672.1787189499,1.17467345266268e-05,1.18311204436672e-05,1.16721783976197e-05,123597.62435566,122855.441867649,121874.191687378,0.00012359762445445,0.000122855442954319,0.000121874190555712,353.640459304399,353.642485354272,353.640012002393,0.315933739721357,0.315983762594092,0.313020042277694,132829.91356484,132840.438031337,132736.875823233,0.000132829791790693,0.000132840318734078,0.000132737056936406,132828.287178236,132838.626715355,132738.998459598,0.000132828170325805,0.000132838512495868,0.000132739173552852,3547.50721978794,3531.41398475005,3499.15128446332,8.76514114736683e-06,4.69278842127745e-06,6.90510152079067e-06
0.382,11814.3962246201,11800.7061128115,11668.1939025811,431.734217047572,437.624834868429,432.256392777845,11814.3962246201,11800.7061128115,11668.1939025811,431.73420632499,437.624825545917,432.256383728078,11814.3614426573,11800.6706641034,11668.1592872965,16.5831901030753,16.8224405514702,16.4972149431971,123899.802038707,122374.495517824,122441.002264023,0.123914030031074,0.122351315522716,0.122449398419259,350.324438438074,350.326926238063,350.32374989679,0.123914030031074,0.122351315522716,0.122449398419259,350.324438438074,350.326926238063,350.32374989679,0.132814991090989,0.132816384688378,0.132739053867537,350.324438438074,350.326926238063,350.32374989679,0.118580821366451,0.117202388253576,0.117108219637499,132825.843108988,132835.09827278,132711.835306077,0.132814991090989,0.132816384688378,0.132739053867537,132823.90313482,132832.492432894,132715.64882164,0.6753263857562,0.744023814696046,1.00927850275896,3557.81905166725,3517.22719607251,3513.6636090507,1334.38256145987,1335.34872426285,1317.7809115919,132823.902676022,132832.492850045,132715.648655101,0.67530493260209,0.744048414728301,1.00932235769912,0,0,0,3.87188142917024e-12,0,0,11814.3962246201,11800.7061128115,11668.1939025811,1.18143926379034e-05,1.18007001697366e-05,1.16681932914255e-05,11814.3614426573,11800.6706641034,11668.1592872965,1.18143619810322e-05,1.18006685665027e-05,1.1668158974305e-05,123899.802038707,122374.495517824,122441.002264023,0.000123899801767113,0.000122374496798346,0.000122441001317257,350.324438438074,350.326926238063,350.32374989679,0.316512914183608,0.31453388201614,0.31315057705257,132825.349067307,132834.447050325,132712.813017929,0.000132825241237696,0.000132834284847808,0.000132713024301121,132823.902676022,132832.492850045,132715.648655101,0.000132823799198165,0.000132832337428415,0.000132715852691721,3557.81905166725,3517.22719607251,3513.6636090507,8.74120179264045e-06,4.71728213031733e-06,6.8796060928397e-06
0.383,11861.3828907732,11752.7934531436,11701.5193825458,434.318181043751,437.693543026724,430.936200062022,11861.3828907732,11752.7934531436,11701.5193825458,434.318170246694,437.693533773665,430.936191001203,11861.3477547375,11752.75811428,11701.4849096634,16.6199467770259,16.9223709886347,16.4409810630677,123808.815695111,122101.62787683,123190.228809666,0.123830040051902,0.122074669028162,0.123195212361087,345.902975101584,345.905702579403,345.901908494953,0.123830040051902,0.122074669028162,0.123195212361087,345.902975101584,345.905702579403,345.901908494953,0.132807082174788,0.132848574695916,0.13274221161895,345.902975101584,345.905702579403,345.901908494953,0.118554999669645,0.116885357588894,0.117802312891663,132813.650770794,132874.360509858,132712.039346416,0.132807082174788,0.132848574695916,0.13274221161895,132812.333705653,132870.25393363,132716.008398389,0.747090870211305,0.762273992746621,0.929237758762489,3556.88099362294,3507.81018898129,3534.56194591806,1340.81522779858,1330.08354437866,1320.63518099028,132812.333252581,132870.254346657,132716.00823577,0.747081605254982,0.762292370242407,0.929291479732184,0,0,0,3.88014409736209e-12,0,0,11861.3828907732,11752.7934531436,11701.5193825458,1.18613793077693e-05,1.17527875329959e-05,1.17015187946266e-05,11861.3477547375,11752.75811428,11701.4849096634,1.18613483050056e-05,1.1752756023624e-05,1.17014846037196e-05,123808.815695111,122101.62787683,123190.228809666,0.000123808815077431,0.000122101629237079,0.000123190228135314,345.902975101584,345.905702579403,345.901908494953,0.316386665664142,0.313173821653552,0.313893816991322,132813.319122645,132873.329428554,132713.050046088,0.000132813246370624,0.000132873109523024,0.000132713285557355,132812.333252581,132870.254346657,132716.00823577,0.000132812263521038,0.000132870043355703,0.000132716235578801,3556.88099362294,3507.81018898129,3534.56194591806,8.70561159365723e-06,4.73003923732626e-06,6.86844734727993e-06
0.384,11873.0786348888,11710.7967971697,11763.6878086752,436.939973115492,436.480056208826,430.789389229169,11873.0786348888,11710.7967971697,11763.6878086752,436.939962285447,436.480047032781,430.78938011037,11873.0431981888,11710.7617176088,11763.6532840588,16.7058308957693,16.9778325078528,16.3720977889088,123408.164675579,122199.486193345,123874.5187349,0.123437618202458,0.122171063972007,0.12387275811872,340.394724415387,340.397283380873,340.393184511851,0.123437618202458,0.122171063972007,0.12387275811872,340.394724415387,340.397283380873,340.393184511851,0.13279530299514,0.132846297692765,0.132738512868474,340.394724415387,340.397283380873,340.393184511851,0.118208920510078,0.116904771436934,0.118477306084192,132794.587438334,132880.185868195,132707.326366157,0.13279530299514,0.132846297692765,0.132738512868474,132794.302435812,132875.322402306,132711.477554042,0.78747790357295,0.726651900184209,0.928094526479336,3546.30842745569,3508.44461111309,3554.95142379295,1343.44311079286,1324.72701677514,1327.20165560014,132794.301987394,132875.32280339,132711.477391916,0.787476873427911,0.726651166907607,0.928149061177118,0,0,0,3.87577702472756e-12,0,0,11873.0786348888,11710.7967971697,11763.6878086752,1.18730750710131e-05,1.17107909013822e-05,1.17636872313976e-05,11873.0431981888,11710.7617176088,11763.6532840588,1.1873043761453e-05,1.17107596393746e-05,1.17636529808989e-05,123408.164675579,122199.486193345,123874.5187349,0.000123408163764783,0.000122199487512985,0.000123874518387519,340.394724415387,340.397283380873,340.393184511851,0.315504052576157,0.312315687730893,0.314888354479671,132794.517926593,132878.957097634,132708.378849205,0.000132794504568498,0.000132878671356347,0.000132708622716249,132794.301987394,132875.32280339,132711.477391916,0.000132794289333547,0.000132875048495306,0.000132711712742725,3546.30842745569,3508.44461111309,3554.95142379295,8.67587847680712e-06,4.72779441900277e-06,6.87909336529416e-06
0.385,11848.4983992972,11696.2529335359,11834.3783854858,438.744700826296,434.598372695897,432.054484865238,11848.4983992972,11696.2529335359,11834.3783854858,438.744690016863,434.598363571399,432.054475661611,11848.4628200181,11696.2181510468,11834.343621035,16.8193034799782,16.9746436578157,16.3238383082374,122904.158445327,122681.369729768,124273.089047347,0.122941575966396,0.122655068907167,0.124261524875893,333.835322194415,333.837161591349,333.833284064842,0.122941575966396,0.122655068907167,0.124261524875893,333.835322194415,333.837161591349,333.833284064842,0.132775849291012,0.132872692235565,0.132738534682186,333.835322194415,333.837161591349,333.833284064842,0.117722314749887,0.117303544942791,0.118910694286217,132764.891137316,132914.432448159,132709.50155578,0.132775849291012,0.132872692235565,0.132738534682186,132766.110837009,132908.099079748,132713.440902739,0.833154697102718,0.755655785498456,0.839730049411888,3531.52776631257,3520.38598628822,3568.15252439258,1341.70590689054,1321.89658730524,1335.41820532365,132766.110397519,132908.099477986,132713.440738658,0.833167743281292,0.755651418535595,0.839787112736877,0,0,0,3.86173645848377e-12,0,0,11848.4983992972,11696.2529335359,11834.3783854858,1.18484948614371e-05,1.16962470514527e-05,1.18343778016158e-05,11848.4628200181,11696.2181510468,11834.343621035,1.18484633924506e-05,1.16962160850344e-05,1.18343433151973e-05,122904.158445327,122681.369729768,124273.089047347,0.000122904157323703,0.00012268137089833,0.000124273089041959,333.835322194415,333.837161591349,333.833284064842,0.31409904521964,0.312217116566328,0.31559368519732,132765.202638792,132912.827004806,132710.49832101,0.00013276527246464,0.00013291247771959,0.000132710724844815,132766.110397519,132908.099477986,132713.440738658,0.000132766177610011,0.000132907764109292,0.000132713659406634,3531.52776631257,3520.38598628822,3568.15252439258,8.66751387585633e-06,4.71311105174493e-06,6.91019956412402e-06
0.386,11800.8926540966,11719.9525566874,11889.7725970049,439.188064401987,432.930574108062,434.396771878056,11800.8926540966,11719.9525566874,11889.7725970049,439.188053657426,432.930564985438,434.396762593972,11800.8571366882,11719.9179791147,11889.737486353,16.9270019840579,16.9191030712724,16.3217469710447,122547.764563531,123404.27477836,124276.877777459,0.122591087092825,0.123384342803216,0.124253346837026,326.284278492844,326.284780509294,326.28180833824,0.122591087092825,0.123384342803216,0.124253346837026,326.284278492844,326.284780509294,326.28180833824,0.132756641965893,0.13287565652433,0.132758100303661,326.284278492844,326.284780509294,326.28180833824,0.117334344160924,0.117970782102371,0.118974079517567,132733.312842783,132923.437372688,132735.140503744,0.132756641965893,0.13287565652433,0.132758100303661,132736.085898541,132916.522243574,132737.962198371,0.852631052388117,0.783765871913922,0.839931048468485,3519.75304875111,3540.28734048987,3570.2985241452,1336.71094522273,1323.22657913529,1342.55558213452,132736.085464486,132916.522635543,132737.962032138,0.852652046971938,0.783751858823375,0.839984681480335,0,0,0,3.84474503241385e-12,0,0,11800.8926540966,11719.9525566874,11889.7725970049,1.18008891377052e-05,1.1719946669621e-05,1.18897719916087e-05,11800.8571366882,11719.9179791147,11889.737486353,1.18008577109059e-05,1.17199159193509e-05,1.18897371733512e-05,122547.764563531,123404.27477836,124276.877777459,0.000122547763331198,0.000123404275710143,0.000124276878095991,326.284278492844,326.284780509294,326.28180833824,0.312628596193856,0.312828328802495,0.315685464556766,132733.995867386,132921.694982854,132735.843007358,0.000132734166104698,0.000132921296892361,0.000132736020432705,132736.085464486,132916.522635543,132737.962032138,0.000132736249295792,0.000132916140255999,0.000132738133413588,3519.75304875111,3540.28734048987,3570.2985241452,8.68760066879469e-06,4.69348559386436e-06,6.9521000458003e-06
0.387,11752.9706891127,11777.236809183,11911.9939001146,438.242718096938,432.28405462852,437.045563488891,11752.9706891127,11777.236809183,11911.9939001146,438.242707436028,432.284045453448,437.045554158216,11752.9354068857,11777.2022503379,11911.9584597561,16.9965399362729,16.8358667179122,16.3729055642971,122534.293347276,124128.032378299,123930.078661256,0.122579753188163,0.124118703318883,0.123893783589399,317.771886080979,317.770452004894,317.769147820413,0.122579753188163,0.124118703318883,0.123893783589399,317.771886080979,317.770452004894,317.769147820413,0.13273090964052,0.132883627903815,0.132763619874064,317.771886080979,317.770452004894,317.769147820413,0.117249032559861,0.118687519976355,0.118682324956251,132694.227396527,132934.231781629,132750.899979093,0.13273090964052,0.132883627903815,0.132763619874064,132698.944247037,132926.849751522,132752.573355736,0.868718393732278,0.812344965439902,0.768028867528297,3517.14047755277,3561.57547642713,3561.81212292924,1330.84018128921,1328.67287299299,1346.30154788685,132698.943821479,132926.850142821,132752.573182149,0.868751687119543,0.812330628668952,0.768075159640615,0,0,0,3.83276586480624e-12,0,0,11752.9706891127,11777.236809183,11911.9939001146,1.17529671796294e-05,1.17772308979063e-05,1.19119932663565e-05,11752.9354068857,11777.2022503379,11911.9584597561,1.17529359747365e-05,1.17772001874084e-05,1.19119581378507e-05,122534.293347276,124128.032378299,123930.078661256,0.000122534292112086,0.000124128033019302,0.000123930079256765,317.771886080979,317.770452004894,317.769147820413,0.31156246646401,0.313775574278958,0.314959779942056,132695.409748139,132932.37153618,132751.298173005,0.00013269568813039,0.000132931950775301,0.00013275139293941,132698.943821479,132926.850142821,132752.573182149,0.000132699211579847,0.000132926445938075,0.000132752665064829,3517.14047755277,3561.57547642713,3561.81212292924,8.73170091595021e-06,4.67853358430825e-06,6.99078893167218e-06
0.388,11728.182247504,11849.8301036324,11896.0009331872,436.41356863645,433.060769934508,439.109053121432,11728.182247504,11849.8301036324,11896.0009331872,436.413558043676,433.060760670173,439.109043793835,11728.1472734309,11849.7953592493,11895.9652957849,17.0085737647712,16.7590548700256,16.4627552990595,122921.226715259,124612.502350941,123415.005450691,0.122963791497333,0.124617307144592,0.12336697975244,308.367176710154,308.363332000193,308.364428447595,0.122963791497333,0.124617307144592,0.12336697975244,308.367176710154,308.363332000193,308.364428447595,0.132711822221267,0.132882053290947,0.132802463272488,308.367176710154,308.363332000193,308.364428447595,0.117550110351346,0.119215782701358,0.11818972736452,132662.581978725,132930.910032785,132803.741466535,0.132711822221267,0.132882053290947,0.132802463272488,132669.045322547,132923.747669836,132803.162603531,0.869870085608279,0.870879543949992,0.778720354221563,3526.22666828102,3577.12424502186,3547.28884780849,1326.85225804314,1336.52098188824,1345.64879592548,132669.044901038,132923.748062418,132803.162425982,0.869909286777099,0.870868079700238,0.778760226311599,0,0,0,3.83184066695896e-12,0,0,11728.182247504,11849.8301036324,11896.0009331872,1.1728178725938e-05,1.18498241561885e-05,1.18960002749561e-05,11728.1472734309,11849.7953592493,11895.9652957849,1.1728147829246e-05,1.18497932841328e-05,1.18959649666232e-05,122921.226715259,124612.502350941,123415.005450691,0.00012292122557834,0.000124612502684741,0.000123415006249553,308.367176710154,308.363332000193,308.364428447595,0.311233480924671,0.314609898327637,0.313645214787261,132664.21580823,132929.106592683,132803.600850517,0.00013266459584567,0.000132928700102789,0.000132803582676332,132669.044901038,132923.748062418,132803.162425982,0.000132669410312103,0.000132923357531156,0.000132803145741656,3526.22666828102,3577.12424502186,3547.28884780849,8.78564590297122e-06,4.67617265060197e-06,7.01353818884559e-06
0.389,11741.1751265941,11913.3437390392,11851.6365480788,434.555030982191,435.085693287369,439.926219338097,11741.1751265941,11913.3437390392,11851.6365480788,434.555020413437,435.085683929536,439.926210059972,11741.1404010504,11913.3086688966,11851.6009125174,16.9638579809933,16.7193465697484,16.5611069248587,123602.430556652,124711.261342709,122984.035720379,0.123636580296193,0.124732459901026,0.122927354669402,298.131648485721,298.125141413925,298.129222506083,0.123636580296193,0.124732459901026,0.122927354669402,298.131648485721,298.125141413925,298.129222506083,0.132692303791757,0.132865694736388,0.132816594154768,298.131648485721,298.125141413925,298.129222506083,0.118164084921385,0.119391931887122,0.117733454981478,132633.010798438,132907.658432113,132834.495946277,0.132692303791757,0.132865694736388,0.132816594154768,132640.923734104,132901.572842541,132832.147489445,0.862927666127292,0.890691389897278,0.748801690640094,3544.81474285247,3582.05236962531,3533.80347544054,1326.78313702785,1344.09833109474,1341.28186079217,132640.923317527,132901.573235708,132832.147301969,0.86297454352666,0.890681085691578,0.748826977422239,0,0,0,3.84357077403183e-12,0,0,11741.1751265941,11913.3437390392,11851.6365480788,1.17411715772261e-05,1.19133377555304e-05,1.18516358786603e-05,11741.1404010504,11913.3086688966,11851.6009125174,1.17411409440594e-05,1.19133065765894e-05,1.18516005805711e-05,123602.430556652,124711.261342709,122984.035720379,0.000123602429600266,0.000124711261380951,0.000122984036634553,298.131648485721,298.125141413925,298.129222506083,0.311661378143649,0.314848267336118,0.312100382730897,132635.004537891,132906.124905522,132833.949785017,0.000132635465992329,0.000132905774259486,0.000132833797486972,132640.923317527,132901.573235708,132832.147301969,0.000132641367004565,0.000132901236401085,0.000132832001546764,3544.81474285247,3582.05236962531,3533.80347544054,8.83135370714461e-06,4.68930782284249e-06,7.01382562886135e-06
0.39,11791.5140294654,11946.9943415022,11800.1586386456,433.543949088785,437.679670842674,439.319900476031,11791.5140294654,11946.9943415022,11800.1586386456,433.543938487725,437.679661421169,439.319891272562,11791.4793822358,11946.958923203,11800.1231943434,16.8831076772973,16.7319029904766,16.6344603183675,124351.942762319,124427.52083544,122860.187880584,0.124372478272112,0.124465682121921,0.122799815644933,287.113368643129,287.104244334023,287.111641754612,0.124372478272112,0.124465682121921,0.122799815644933,287.113368643129,287.104244334023,287.111641754612,0.132683834037979,0.132850966481347,0.132861122046703,287.113368643129,287.104244334023,287.111641754612,0.118890077687925,0.119189067133409,0.117541503213384,132618.826156829,132880.587988417,132896.740629041,0.132683834037979,0.132850966481347,0.132861122046703,132627.498585485,132876.064210124,132891.474777746,0.853199227390347,0.946739116418776,0.771107454900004,3566.86995799682,3575.59149618528,3528.15460219124,1331.0941638895,1348.85505131197,1335.34152308949,132627.498170304,132876.064610294,132891.474586294,0.853248703256517,0.946739546375755,0.771126907118912,0,0,0,3.86442110964986e-12,0,0,11791.5140294654,11946.9943415022,11800.1586386456,1.17915104463391e-05,1.19469883340192e-05,1.18001579758222e-05,11791.4793822358,11946.958923203,11800.1231943434,1.17914799170006e-05,1.19469568146638e-05,1.18001228652326e-05,124351.942762319,124427.52083544,122860.187880584,0.000124351942039881,0.000124427520618403,0.00012286018881404,287.113368643129,287.104244334023,287.111641754612,0.312568259908831,0.314315210936228,0.310860157437904,132621.014082462,132879.458019183,132895.421184339,0.000132621521812775,0.000132879207031301,0.000132895126245405,132627.498170304,132876.064610294,132891.474586294,0.000132627986304379,0.000132875823533509,0.000132891191669686,3566.86995799682,3575.59149618528,3528.15460219124,8.8540177294288e-06,4.71454132955707e-06,6.99383591834518e-06
0.391,11863.7128168485,11941.6045465934,11766.2121728558,433.924946822694,439.942037680639,437.667421098116,11863.7128168485,11941.6045465934,11766.2121728558,433.924936143723,439.942028246813,437.667411963174,11863.6780363486,11941.5688822871,11766.1770245145,16.7996236606445,16.7904624877815,16.6591943797107,124916.311896983,123914.451352801,123144.401418347,0.124919120877442,0.123968025288134,0.123086634280435,275.411354441575,275.400020836499,275.410703194486,0.124919120877442,0.123968025288134,0.123086634280435,275.411354441575,275.400020836499,275.410703194486,0.132683690960015,0.132814677320086,0.132879014566953,275.411354441575,275.400020836499,275.410703194486,0.119482193377265,0.118728153617701,0.117739110589299,132618.536640613,132827.393356496,132931.347128825,0.132683690960015,0.132814677320086,0.132879014566953,132627.234768282,132825.333043584,132923.957620486,0.837318666144455,0.95590451205869,0.789664048865064,3584.99291081073,3561.41872954128,3534.06556386074,1338.46932187743,1349.3575629756,1330.62724317177,132627.234353168,132825.333443906,132923.957420679,0.83736914794941,0.955905993501452,0.789670508778757,0,0,0,3.88720665574985e-12,0,0,11863.7128168485,11941.6045465934,11766.2121728558,1.18637092061569e-05,1.19415985344873e-05,1.17662115319827e-05,11863.6780363486,11941.5688822871,11766.1770245145,1.18636785709101e-05,1.19415667640166e-05,1.17661767028165e-05,124916.311896983,123914.451352801,123144.401418347,0.00012491631142807,0.000123914450943737,0.000123144402281531,275.411354441575,275.400020836499,275.410703194486,0.313482078300924,0.313064349911712,0.310292438647681,132620.731052512,132826.868310453,132929.460579842,0.000132621240143125,0.000132826753781781,0.000132929031109919,132627.234353168,132825.333443906,132923.957420679,0.000132627723750508,0.000132825223563826,0.000132923545083564,3584.99291081073,3561.41872954128,3534.06556386074,8.84779451775063e-06,4.74356242178973e-06,6.96374753945606e-06
0.392,11933.6090154051,11903.1336097851,11767.9575896661,435.680019393823,441.112643054942,435.765732129401,11933.6090154051,11903.1336097851,11767.9575896661,435.680008620747,441.1126336616,435.765723027005,11933.5739343123,11903.0978861546,11767.9227121633,16.7468493527575,16.870516510311,16.630609760127,125114.56539267,123419.084995809,123771.335959171,0.125097147560377,0.123484263116874,0.123722873628166,263.093212502875,263.080452640914,263.093965670197,0.125097147560377,0.123484263116874,0.123722873628166,263.093212502875,263.080452640914,263.093965670197,0.132693134357429,0.13278633086555,0.132910972168688,263.093212502875,263.080452640914,263.093965670197,0.119747044380476,0.118234121548492,0.118294681273896,132634.303307042,132778.657668405,132977.021105566,0.132693134357429,0.13278633086555,0.132910972168688,132642.17452955,132779.20111908,132967.548435239,0.826686122570246,0.990715743614212,0.81504685240512,3593.35091114844,3546.33229555762,3550.5719975857,1346.36743035629,1345.83788081162,1329.49358580098,132642.174113318,132779.201528331,132967.548233158,0.826735484133782,0.990730376659562,0.815050592178747,0,0,0,3.90404750733208e-12,0,0,11933.6090154051,11903.1336097851,11767.9575896661,1.19336053928841e-05,1.19031276121838e-05,1.17679569773102e-05,11933.5739343123,11903.0978861546,11767.9227121633,1.19335744769231e-05,1.19030957677129e-05,1.17679223995066e-05,125114.56539267,123419.084995809,123771.335959171,0.000125114565170881,0.000123419084469403,0.000123771336679654,263.093212502875,263.080452640914,263.093965670197,0.313913496678763,0.311481770657031,0.310515312382905,132636.294346828,132778.766595731,132974.624546022,0.000132636752616834,0.000132778816631337,0.000132974084713272,132642.174113318,132779.201528331,132967.548233158,0.000132642614605794,0.000132779249861754,0.000132967029712944,3593.35091114844,3546.33229555762,3550.5719975857,8.81806140966453e-06,4.76654821270121e-06,6.93796582918104e-06
0.393,11978.070198313,11850.6305401522,11809.3962625356,438.234362772914,440.866685145045,434.52874707202,11978.070198313,11850.6305401522,11809.3962625356,438.234351924914,440.866675825894,434.528737949854,11978.0347586182,11850.5949565497,11809.3615081378,16.7452942928942,16.9400529540617,16.5648694692098,124907.644147354,123186.599916629,124535.812443647,0.124869483579536,0.123257505498253,0.124502801287147,250.23767365237,250.224624142728,250.24006287492,0.124869483579536,0.123257505498253,0.124502801287147,250.23767365237,250.224624142728,250.24006287492,0.132718416842808,0.132743477442679,0.132921604990238,250.23767365237,250.224624142728,250.24006287492,0.119618095131755,0.117949519676219,0.119031933963324,132672.256755955,132714.10577565,132996.341730124,0.132718416842808,0.132743477442679,0.132921604990238,132678.224692293,132717.910873256,132985.819163336,0.818929505190929,0.992025129006481,0.864649314589977,3589.91097528905,3537.65372110076,3572.39000749019,1352.06434658444,1340.12473211105,1332.87108806909,132678.224272173,132717.911281524,132985.818957656,0.818973130453705,0.992039970527585,0.864647883292292,0,0,0,3.90948808259797e-12,0,0,11978.070198313,11850.6305401522,11809.3962625356,1.19780665830196e-05,1.18506245684839e-05,1.18093956735644e-05,11978.0347586182,11850.5949565497,11809.3615081378,1.19780353145004e-05,1.18505928469031e-05,1.18093612024525e-05,124907.644147354,123186.599916629,124535.812443647,0.000124907644138501,0.000123186599354864,0.000124535812975592,250.23767365237,250.224624142728,250.24006287492,0.313583962440568,0.310060772836509,0.31133504224291,132673.751224483,132715.066731122,132993.6897424,0.000132674107623956,0.000132715291658798,0.00013299308018066,132678.224272173,132717.911281524,132985.818957656,0.000132678566823572,0.000132718127663908,0.000132985233371857,3589.91097528905,3537.65372110076,3572.39000749019,8.77953042160587e-06,4.77604808246241e-06,6.92947972171457e-06
0.394,11983.9386896837,11809.1316939947,11878.5241141296,440.69711553511,439.440788543721,434.619790475996,11983.9386896837,11809.1316939947,11878.5241141296,440.697104658946,439.440779300217,434.619781286493,11983.9029629312,11809.0963833213,11878.4892721855,16.7943982487594,16.9729284604699,16.4931773961884,124414.555870811,123359.814069321,125177.218015646,0.124357478013725,0.123429133454363,0.125164407457037,236.968277329375,236.956359933583,236.972385970431,0.124357478013725,0.123429133454363,0.125164407457037,236.968277329375,236.956359933583,236.972385970431,0.132745338129253,0.132711115331858,0.132926795410996,236.968277329375,236.956359933583,236.972385970431,0.119181888513261,0.118036035611332,0.119702574027471,132717.542835154,132660.733623314,133003.841221013,0.132745338129253,0.132711115331858,0.132926795410996,132721.114559655,132667.36683767,132992.979056786,0.815601616049583,1.00110932208837,0.883192469062266,3577.22571170938,3540.26405058803,3592.09614848267,1353.72803239464,1334.96816305906,1339.85996991739,132721.114137138,132667.367253325,132992.978850781,0.815641579568955,1.00113530851414,0.883190755092344,0,0,0,3.90259626643134e-12,0,0,11983.9386896837,11809.1316939947,11878.5241141296,1.1983935096668e-05,1.18091257472989e-05,1.18785235337641e-05,11983.9029629312,11809.0963833213,11878.4892721855,1.19839035323101e-05,1.18090942873063e-05,1.18784889685427e-05,124414.555870811,123359.814069321,125177.218015646,0.000124414556020167,0.000123359813548011,0.000125177218342841,236.968277329375,236.956359933583,236.972385970431,0.312472873633578,0.309245006152401,0.312280279807717,132718.429117597,132662.420673169,133001.105471942,0.000132718637795956,0.000132662814978681,0.000133000477507085,132721.114137138,132667.367253325,132992.978850781,0.000132721314562843,0.00013266774650849,0.000132992375528212,3577.22571170938,3540.26405058803,3592.09614848267,8.75071983217946e-06,4.76984143010676e-06,6.94448185528701e-06
0.395,11953.0123511538,11799.775772534,11952.2789694935,442.223187418818,437.550542222303,436.170362126756,11953.0123511538,11799.775772534,11952.2789694935,442.223176569614,437.550533022167,436.170352846639,11952.9765095062,11799.7407448001,11952.2438526044,16.8732640256811,16.9594255883621,16.4498542458946,123869.820958596,123917.565543811,125483.27207484,0.123798074166186,0.123977587583491,0.125493507794624,223.375418344378,223.36622748846,223.381144370268,0.123798074166186,0.123977587583491,0.125493507794624,223.375418344378,223.36622748846,223.381144370268,0.132790124886351,0.132678822434345,0.132920083765739,223.375418344378,223.36622748846,223.381144370268,0.118647701686629,0.118505401168346,0.120085654553071,132784.698331234,132610.808587891,132992.068133457,0.132790124886351,0.132678822434345,0.132920083765739,132785.088405721,132619.885331512,132981.879621784,0.827605796892179,0.999369194728352,0.939499445776621,3561.52659205036,3554.52272048217,3603.10179496939,1351.12209659738,1332.96422675618,1348.10250255715,132785.087977706,132619.885745855,132981.879417336,0.827636483886996,0.999394656472203,0.939499978651591,0,0,0,3.88735752644402e-12,0,0,11953.0123511538,11799.775772534,11952.2789694935,1.19530087856353e-05,1.17997698375741e-05,1.19522783793949e-05,11952.9765095062,11799.7407448001,11952.2438526044,1.19529770875341e-05,1.17997386610658e-05,1.19522435452295e-05,123869.820958596,123917.565543811,125483.27207484,0.000123869821201313,0.000123917565123319,0.000125483272204269,223.375418344378,223.36622748846,223.381144370268,0.310907299325639,0.309251010640161,0.31287702433242,132784.799905408,132613.099768987,132989.507149217,0.000132784828700385,0.000132613636215586,0.000132988920067018,132785.087977706,132619.885745855,132981.879417336,0.000132785115375512,0.000132620401657047,0.000132981315369052,3561.52659205036,3554.52272048217,3603.10179496939,8.74659058158574e-06,4.75181820242178e-06,6.97966724413292e-06
0.396,11901.5018565711,11830.987190838,12005.9026901844,442.343490624803,436.120978582725,438.718783143545,11901.5018565711,11830.987190838,12005.9026901844,442.343479845325,436.120969372037,438.718773783302,11901.466106422,11830.9523253334,12005.8672087585,16.9499499309537,16.9102714979385,16.4584443253018,123534.21640976,124682.233882392,125371.776135823,0.123454278596949,0.124725951078741,0.125405657806497,209.594136042776,209.589288940953,209.601166874785,0.123454278596949,0.124725951078741,0.125405657806497,209.594136042776,209.589288940953,209.601166874785,0.132825442281174,0.132658192315912,0.132894907056058,209.594136042776,209.589288940953,209.601166874785,0.118268912617544,0.119212935669049,0.120072660480688,132844.423623713,132577.717430098,132954.63922912,0.132825442281174,0.132658192315912,0.132894907056058,132841.610081664,132588.500746544,132946.323715356,0.833175784968232,0.9896849261145,0.946724310681875,3550.36831478009,3576.07334023024,3602.20140582661,1345.70999997296,1335.48005750539,1354.75417042187,132841.609651433,132588.501164641,132946.323511136,0.833202766748058,0.98971635240495,0.946725169239386,0,0,0,3.8712265950552e-12,0,0,11901.5018565711,11830.987190838,12005.9026901844,1.19014983116919e-05,1.18309812472373e-05,1.20059020757657e-05,11901.466106422,11830.9523253334,12005.8672087585,1.19014666849582e-05,1.18309502467376e-05,1.20058668933407e-05,123534.21640976,124682.233882392,125371.776135823,0.000123534216675839,0.000124682233598481,0.000125371776098468,209.594136042776,209.589288940953,209.601166874785,0.309351149047055,0.309939764137878,0.31272626673475,132843.725842453,132580.431215553,132952.565199368,0.000132843558516194,0.000132581068086663,0.000132952076773964,132841.609651433,132588.501164641,132946.323511136,0.000132841448538875,0.000132589113526291,0.000132945854258458,3550.36831478009,3576.07334023024,3602.20140582661,8.77226591761155e-06,4.73060184033695e-06,7.02356256169483e-06
0.397,11854.0526591802,11894.7663092557,12022.6121183992,441.145144270321,435.917305598365,441.401009748772,11854.0526591802,11894.7663092557,12022.6121183992,441.145133573802,435.917296323222,441.401000347944,11854.0171600545,11894.7314025216,12022.5763143218,16.9949480082523,16.8527719553727,16.5216655030713,123589.540722012,125393.094392444,124922.689369316,0.123509446428769,0.125415125178137,0.124978317510631,195.779735314306,195.780682000051,195.787536820912,0.123509446428769,0.125415125178137,0.124978317510631,195.779735314306,195.780682000051,195.787536820912,0.132873416962631,0.132649269080951,0.132868007085061,195.779735314306,195.780682000051,195.787536820912,0.118241999534476,0.11991743979093,0.119708732727618,132916.159261538,132563.556091281,132908.92484495,0.132873416962631,0.132649269080951,0.132868007085061,132909.896667912,132575.052295638,132902.991792108,0.864063117979228,0.988759517784021,0.992094659501051,3549.6078186405,3597.64544038414,3590.80569012096,1340.12179609257,1342.05561028209,1357.61344120127,132909.896233021,132575.052713325,132902.991592453,0.864082083477823,0.988790597862337,0.992101904954988,0,0,0,3.86225426078526e-12,0,0,11854.0526591802,11894.7663092557,12022.6121183992,1.18540491183906e-05,1.18947603377314e-05,1.2022611474391e-05,11854.0171600545,11894.7314025216,12022.5763143218,1.18540177307779e-05,1.18947293189983e-05,1.20225759896484e-05,123589.540722012,125393.094392444,124922.689369316,0.000123589540949837,0.000125393094256629,0.000124922689209135,195.779735314306,195.780682000051,195.787536820912,0.308316168442337,0.310923651690849,0.311773995862092,132914.596879779,132566.447220537,132907.433180269,0.000132914238602766,0.000132567126409941,0.000132907096201213,132909.896233021,132575.052713325,132902.991592453,0.000132909551390898,0.000132575705758863,0.000132902667989597,3549.6078186405,3597.64544038414,3590.80569012096,8.82074722344674e-06,4.71629055043926e-06,7.06124733952186e-06
0.398,11834.1456201867,11969.9665140935,11999.9572165481,439.24480657365,437.221325678313,443.301853763623,11834.1456201867,11969.9665140935,11999.9572165481,439.244795938469,437.221316307272,443.301844374892,11834.1104184121,11969.9313636949,11999.9212462807,16.9931515179042,16.8201451333106,16.6200278694784,124061.247229058,125811.038848955,124350.42290344,0.123989485180148,0.125808135700966,0.124423378281051,182.082453043006,182.090282610559,182.090288583547,0.123989485180148,0.125808135700966,0.124423378281051,182.082453043006,182.090282610559,182.090288583547,0.132903151315904,0.132653810934605,0.132821813310118,182.082453043006,182.090282610559,182.090288583547,0.118623849056473,0.12037885148376,0.119177262416678,132966.657548825,132570.609099695,132839.194299985,0.132903151315904,0.132653810934605,0.132821813310118,132957.634387361,132581.755810533,132836.55677827,0.873230425378329,0.974465252026587,0.989424889575037,3560.93373894662,3611.99376936194,3574.47323227394,1337.13836742704,1350.57936444201,1355.9670434322,132957.633951268,132581.756227585,132836.556577801,0.873247405644161,0.974495791338063,0.98943174757698,0,0,0,3.86579631635317e-12,0,0,11834.1456201867,11969.9665140935,11999.9572165481,1.1834142063739e-05,1.19699605042775e-05,1.19999565489737e-05,11834.1104184121,11969.9313636949,11999.9212462807,1.18341109761642e-05,1.19699292663727e-05,1.19999209146879e-05,124061.247229058,125811.038848955,124350.42290344,0.000124061247373337,0.000125811038851335,0.000124350422671777,182.082453043006,182.090282610559,182.090288583547,0.308074128066139,0.311672909068486,0.310227542254173,132964.378034319,132573.409309222,132838.516366197,0.000132963853091665,0.000132574068440103,0.000132838368647518,132957.633951268,132581.756227585,132836.556577801,0.000132957128807422,0.000132582389940654,0.000132836414952002,3560.93373894662,3611.99376936194,3574.47323227394,8.87579232115963e-06,4.71641142483264e-06,7.08029314619147e-06
0.399,11854.4257881867,12030.9711589724,11950.8312924513,437.560106674151,439.702965577021,443.813070662023,11854.4257881867,12030.9711589724,11950.8312924513,437.560096051281,439.70295611431,443.813061330821,11854.3907940569,12030.9356455617,11950.7953676598,16.9499488703625,16.8376995969257,16.7198751089428,124806.030639382,125811.098493742,123923.610279716,0.124750325333132,0.12578247108278,0.124007136668788,168.737755510499,168.752973664988,168.74472133357,0.124750325333132,0.12578247108278,0.124007136668788,168.737755510499,168.752973664988,168.74472133357,0.1329342521657,0.132671278757359,0.132782087362237,168.737755510499,168.752973664988,168.74472133357,0.119306149275428,0.120451941967277,0.118731524715694,133013.033133888,132598.811258372,132773.217202581,0.1329342521657,0.132671278757359,0.132782087362237,133001.775715184,132608.480708011,132774.095580615,0.912080430526223,0.974405868785772,1.01607204309039,3581.10369773908,3614.71347556345,3560.85435770604,1338.55235004431,1358.15489228785,1350.86951218702,133001.775276702,132608.481126031,132774.095384946,0.912093316501895,0.974437597481872,1.01608601972507,0,0,0,3.88219535902357e-12,0,0,11854.4257881867,12030.9711589724,11950.8312924513,1.18544222012338e-05,1.20309651135289e-05,1.19508306164377e-05,11854.3907940569,12030.9356455617,11950.7953676598,1.18543913390665e-05,1.20309335303307e-05,1.19507950341766e-05,124806.030639382,125811.098493742,123923.610279716,0.000124806030679075,0.000125811098604301,0.00012392361002929,168.737755510499,168.752973664988,168.74472133357,0.30860050050855,0.311758985901275,0.308566117194194,133010.189568904,132601.235008468,132773.428939762,0.0001330095420908,0.000132601807984315,0.000132773492245775,133001.775276702,132608.481126031,132774.095384946,0.000133001152288533,0.000132609032014038,0.000132774156586485,3581.10369773908,3614.71347556345,3560.85435770604,8.91856524465915e-06,4.73273901491477e-06,7.07553185213235e-06
0.4,11911.2274921696,12057.8301156637,11898.7811099744,436.949223542619,442.552414612905,442.864896058012,11911.2274921696,12057.8301156637,11898.7811099744,436.949212875254,442.552405096458,442.864886804897,11911.1925143983,12057.7942496769,11898.745416139,16.8894354031498,16.9115093456183,16.7870006408112,125571.068208373,125430.201776358,123858.442296261,0.125537372924992,0.125377660581141,0.123944130385249,155.979264565614,156.001584146683,155.984369156973,0.125537372924992,0.125377660581141,0.123944130385249,155.979264565614,156.001584146683,155.984369156973,0.132945819414865,0.132704297047514,0.132732924971813,155.979264565614,156.001584146683,155.984369156973,0.12006007435548,0.120141871268052,0.118594930335182,133032.778489779,132649.507579734,132697.989849915,0.132945819414865,0.132704297047514,0.132732924971813,133020.496494565,132656.755058921,132702.647268681,0.917819068342082,0.970130152152773,1.00876330382128,3603.28357576337,3605.91000015113,3556.6876743707,1344.39096094945,1362.25462062206,1344.76850499191,133020.496055808,132656.755472476,132702.647070983,0.917831535174598,0.970156067623341,1.00877585663563,0,0,0,3.90655646528488e-12,0,0,11911.2274921696,12057.8301156637,11898.7811099744,1.19112238709265e-05,1.20578240491826e-05,1.18987804440774e-05,11911.1925143983,12057.7942496769,11898.745416139,1.19111930522575e-05,1.20577921187548e-05,1.18987450865848e-05,125571.068208373,125430.201776358,123858.442296261,0.000125571068143183,0.000125430201958997,0.000123858442069363,155.979264565614,156.001584146683,155.984369156973,0.309552762688999,0.311016326082981,0.307303658608982,133029.68899022,132651.34706834,132699.157338024,0.000133028975932841,0.000132651777999687,0.000132699430288106,133020.496055808,132656.755472476,132702.647070983,0.000133019809967527,0.00013265716971473,0.000132702909885512,3603.28357576337,3605.91000015113,3556.6876743707,8.93507139382774e-06,4.76048251650815e-06,7.05103657408551e-06
0.401,11986.0116432906,12043.8803489794,11868.965964441,437.853389182285,444.808832234766,440.957152536004,11986.0116432906,12043.8803489794,11868.965964441,437.853378429416,444.808822721036,440.957143348289,11985.976467649,12043.844266684,11868.9305859702,16.8451702579356,17.0249208630046,16.7999667485219,126096.47532275,124855.307907921,124227.913065827,0.126088436270953,0.124783225281892,0.124306813683937,144.089815493012,144.117999433638,144.092080041226,0.126088436270953,0.124783225281892,0.124306813683937,144.089815493012,144.117999433638,144.092080041226,0.132945701772887,0.132740052590003,0.132695679526872,144.089815493012,144.117999433638,144.092080041226,0.120629647196213,0.11960409713671,0.118868004854462,133032.562560275,132708.662182039,132637.262758241,0.132945701772887,0.132740052590003,0.132695679526872,133020.299178786,132712.801386227,132645.172072085,0.952241516201639,0.966102045609634,1.0177538555418,3619.84023035565,3590.1981793536,3565.00049084289,1352.87856650803,1361.68985664152,1340.5778162811,133020.298739937,132712.80180182,132645.171877697,0.952253452351659,0.966131548557266,1.01777166052556,0,0,0,3.93074377100929e-12,0,0,11986.0116432906,12043.8803489794,11868.965964441,1.19860079964988e-05,1.20438742822604e-05,1.18689653232782e-05,11985.976467649,12043.844266684,11868.9305859702,1.19859770069958e-05,1.20438421277092e-05,1.18689302646527e-05,126096.47532275,124855.307907921,124227.913065827,0.000126096475170272,0.000124855308122726,0.000124227912889904,144.089815493012,144.117999433638,144.092080041226,0.310402481237863,0.309573377016328,0.30680554423834,133029.477931363,132709.716951555,132639.272191103,0.000133028765754394,0.000132709960072768,0.000132639733811313,133020.298739937,132712.80180182,132645.171877697,0.000133019613470979,0.000132713035503546,0.000132645616021074,3619.84023035565,3590.1981793536,3565.00049084289,8.92150761367514e-06,4.79026720276342e-06,7.01870029906431e-06
0.402,12053.0361740462,11998.3244803088,11877.9324575184,440.101608784805,445.73719555724,438.978432938028,12053.0361740462,11998.3244803088,11877.9324575184,440.101597938285,445.737186099264,438.978423773711,12053.0006509042,11998.2883931728,11877.8973400644,16.8464724405338,17.1446969793979,16.7582504388623,126216.592436306,124354.4827657,124929.224843896,0.126235251811117,0.124269614783456,0.124993129718709,133.464035660377,133.495775867807,133.462655241762,0.126235251811117,0.124269614783456,0.124993129718709,133.464035660377,133.495775867807,133.462655241762,0.132934121239458,0.132791673373254,0.132662879521613,133.464035660377,133.495775867807,133.462655241762,0.120832150060274,0.119087916925458,0.119484274067563,133012.620427196,132786.644387547,132586.312573663,0.132934121239458,0.132791673373254,0.132662879521613,133001.452420991,132786.950149857,132596.699849011,0.950745043762133,0.97953171124796,1.01162630337321,3625.34834432436,3575.00900198387,3583.78230977168,1361.16277529084,1357.06355197411,1340.50703486301,133001.451982061,132786.950559193,132596.699652714,0.950756872901598,0.979553429520124,1.01164242450614,0,0,0,3.94664370669108e-12,0,0,12053.0361740462,11998.3244803088,11877.9324575184,1.20530325193437e-05,1.19983184323199e-05,1.18779318456183e-05,12053.0006509042,11998.2883931728,11877.8973400644,1.20530011998934e-05,1.19982862562827e-05,1.18778970279481e-05,126216.592436306,124354.4827657,124929.224843896,0.000126216592228011,0.000124354482976165,0.00012492922472567,133.464035660377,133.495775867807,133.462655241762,0.310692217612832,0.30787779112597,0.307142475792023,133009.818766643,132786.714587138,132588.935363355,0.000133009173752374,0.000132786746142347,0.000132589542831085,133001.451982061,132786.950559193,132596.699652714,0.000133000831299621,0.000132786980771109,0.000132597284035484,3625.34834432436,3575.00900198387,3583.78230977168,8.88577649034413e-06,4.81195053418024e-06,6.99378003782948e-06
0.403,12089.6727675328,11942.961170364,11926.5341851556,442.975148298493,445.107018443433,437.865293782449,12089.6727675328,11942.961170364,11926.5341851556,442.975137386552,445.107009070571,437.865284586621,12089.6368710854,11942.92528552,11926.4991549374,16.9056005499815,17.2338591925631,16.6826469200794,125922.862539098,124172.09263652,125726.094323234,0.125966621124337,0.124082912553742,0.12576861058542,124.476299841337,124.508305235771,124.470831259683,0.125966621124337,0.124082912553742,0.12576861058542,124.476299841337,124.508305235771,124.470831259683,0.132901138391046,0.132830626391391,0.132644443481141,124.476299841337,124.508305235771,124.470831259683,0.120627496750785,0.118840191633529,0.120237294773399,132963.64332787,132852.664455584,132556.692229156,0.132901138391046,0.132830626391391,0.132644443481141,132954.825517541,132849.413217957,132568.549656489,0.973100702143358,0.964274347831318,1.00999328570846,3618.66459734755,3567.70969888572,3606.8009492292,1366.45789622042,1350.56645479852,1345.12304227281,132954.825079783,132849.413629888,132568.549461525,0.973113730828478,0.964301459730028,1.01001150521016,0,0,0,3.94929805115236e-12,0,0,12089.6727675328,11942.961170364,11926.5341851556,1.2089669124511e-05,1.19429551507637e-05,1.19265335948705e-05,12089.6368710854,11942.92528552,11926.4991549374,1.20896374341766e-05,1.19429231594466e-05,1.19264988491874e-05,125922.862539098,124172.09263652,125726.094323234,0.000125922862305226,0.000124172092819281,0.000125726094253363,124.476299841337,124.508305235771,124.470831259683,0.310131077396559,0.306427727237549,0.308029794908078,132961.429433865,132851.839859772,132559.669355461,0.000132960912833509,0.000132851654171679,0.000132560366730245,132954.825079783,132849.413629888,132568.549461525,0.000132954327901359,0.000132849234895323,0.000132569220281207,3618.66459734755,3567.70969888572,3606.8009492292,8.84467547620872e-06,4.81859330351639e-06,6.98884377110461e-06
0.404,12085.1383767625,11903.9503403938,11999.4293797168,445.501017588854,443.281736020842,438.221353207262,12085.1383767625,11903.9503403938,11999.4293797168,445.501006664342,443.281726726981,438.221343934445,12085.1022149571,11903.9147792946,11999.3942144013,17.0116705400981,17.2655973895732,16.6077132644489,125368.443427216,124427.608085549,126345.409049769,0.125433151958921,0.124343223814158,0.126362552015891,117.55999931909,117.588320264877,117.550560701237,0.125433151958921,0.124343223814158,0.126362552015891,117.55999931909,117.588320264877,117.550560701237,0.132871281390949,0.132881022942986,0.13263959083999,117.55999931909,117.588320264877,117.550560701237,0.120134103433822,0.119004248806321,0.120865733718023,132911.875392125,132927.686183738,132549.038773589,0.132871281390949,0.132881022942986,0.13263959083999,132905.881156614,132920.802927725,132561.290952538,0.965496336606758,0.993059736668717,1.00774495533246,3603.39965238133,3572.57943722148,3626.16613959018,1367.11965240715,1345.16616839974,1353.08698216783,132905.880718187,132920.803334437,132561.290757278,0.965508371477345,0.993080438591117,1.00776282168812,0,0,0,3.93877394830349e-12,0,0,12085.1383767625,11903.9503403938,11999.4293797168,1.20851347594194e-05,1.19039443455142e-05,1.19994287943614e-05,12085.1022149571,11903.9147792946,11999.3942144013,1.20851027912399e-05,1.19039126678748e-05,1.19993939095422e-05,125368.443427216,124427.608085549,126345.409049769,0.000125368443195824,0.000124427608232524,0.000126345409004751,117.55999931909,117.588320264877,117.550560701237,0.30881819236598,0.305690078735304,0.308982410729806,132910.367422459,132925.947429998,132552.117401263,0.000132910026571677,0.000132925564281423,0.000132552837304026,132905.880718187,132920.803334437,132561.290757278,0.000132905552460252,0.000132920434786223,0.000132561983226025,3603.39965238133,3572.57943722148,3626.16613959018,8.81753542771781e-06,4.80909388595381e-06,7.00849959690892e-06
0.405,12044.6247960689,11901.3398597703,12071.4528779538,446.837731595828,441.090870866784,440.058571039167,12044.6247960689,11901.3398597703,12071.4528779538,446.837720715917,441.090861611628,440.05856167243,12044.5885705614,11901.3046066615,12071.4173975374,17.1343818049428,17.2330496115769,16.5684581621111,124812.506002825,125063.470447978,126584.760295567,0.124891669455891,0.12499232289909,0.12657522216915,113.122486324797,113.143220928314,113.109891011877,0.124891669455891,0.12499232289909,0.12657522216915,113.122486324797,113.143220928314,113.109891011877,0.132817777467469,0.132908080904823,0.132649140937937,113.122486324797,113.143220928314,113.109891011877,0.119586106754003,0.119558019160434,0.121157449982543,132832.682349305,132974.852265123,132564.127857417,0.132817777467469,0.132908080904823,0.132649140937937,132830.395381407,132965.466912178,132575.600343811,0.974653901199936,0.961608652591624,1.00411133212235,3586.63096465364,3588.96041443194,3635.45987034271,1363.26590341487,1343.44261891835,1361.70381289591,132830.394944095,132965.46732133,132575.60014803,0.974667014461464,0.961634566336272,1.00412847592736,0,0,0,3.92018895392885e-12,0,0,12044.6247960689,11901.3398597703,12071.4528779538,1.20446212073346e-05,1.19013338737953e-05,1.20714522786855e-05,12044.5885705614,11901.3046066615,12071.4173975374,1.20445891540605e-05,1.19013025071279e-05,1.20714170877101e-05,124812.506002825,125063.470447978,126584.760295567,0.000124812505791679,0.000125063470568505,0.000126584760244993,113.122486324797,113.143220928314,113.109891011877,0.307078065314317,0.305795059018273,0.309472018419058,132832.090621081,132972.499620938,132567.003931106,0.000132831955853462,0.000132971955242287,0.000132567679390129,132830.394944095,132965.46732133,132575.60014803,0.000132830264902859,0.000132964943694398,0.000132576249858966,3586.63096465364,3588.96041443194,3635.45987034271,8.81845242502781e-06,4.78864361677439e-06,7.0473481573568e-06
0.406,11987.5511159606,11940.5886452821,12117.8126557567,446.59659692685,439.519176300679,442.786891427689,11987.5511159606,11940.5886452821,12117.8126557567,446.596586130921,439.519167024856,442.786881985511,11987.5150468977,11940.553550412,12117.7767937322,17.235766401155,17.1518707592515,16.5860460346571,124520.390361049,125868.239204692,126389.432786476,0.124605800956333,0.125816986279158,0.126354526459939,111.390733895022,111.400978081317,111.376427671521,0.124605800956333,0.125816986279158,0.126354526459939,111.390733895022,111.400978081317,111.376427671521,0.132782065309203,0.132936372764949,0.13267172081168,111.390733895022,111.400978081317,111.376427671521,0.119244009726736,0.120322019719939,0.121031027387349,132770.24618598,133016.37575296,132600.183146066,0.132782065309203,0.132936372764949,0.13267172081168,132771.362805988,133005.05046543,132609.814164688,0.966033974985475,0.996465045356105,1.00278322432622,3576.21236698088,3611.49712733961,3632.18913704391,1356.751115112,1346.51732690789,1368.01779567855,132771.362367166,133005.050872275,132609.813970702,0.966044828311631,0.996487603436122,1.00280284734415,0,0,0,3.90185968356331e-12,0,0,11987.5511159606,11940.5886452821,12117.8126557567,1.1987547546243e-05,1.19405826465039e-05,1.21178120290515e-05,11987.5150468977,11940.553550412,12117.7767937322,1.19875156287921e-05,1.19405514543714e-05,1.21177764750263e-05,124520.390361049,125868.239204692,126389.432786476,0.000124520390172712,0.000125868239320339,0.00012638943270382,111.390733895022,111.400978081317,111.376427671521,0.305477066154318,0.306567660747059,0.309158927703261,132770.518502209,133013.535029149,132602.594298597,0.000132770598065475,0.000133012884587407,0.000132603161638738,132771.362367166,133005.050872275,132609.813970702,0.000132771438476885,0.000133004425201392,0.000132610359711952,3576.21236698088,3611.49712733961,3632.18913704391,8.85030617723668e-06,4.76684946905103e-06,7.09220580524868e-06
0.407,11940.3588607364,12010.0871046861,12123.7488140465,444.989054282651,439.315347071591,445.459135559344,11940.3588607364,12010.0871046861,12123.7488140465,444.989043577028,439.315337720417,445.459126087829,11940.3231016315,12010.0519446675,12123.7126420679,17.2846249085948,17.0547968373622,16.6587003159374,124655.216658019,126563.83556575,125873.824273543,0.124737956064952,0.126536693666125,0.125817357430283,112.444258963937,112.442915046801,112.430023840728,0.124737956064952,0.126536693666125,0.125817357430283,112.444258963937,112.442915046801,112.430023840728,0.132728956852411,0.132943362360128,0.132706674501547,112.444258963937,112.442915046801,112.430023840728,0.119289286861151,0.121033592520879,0.120567500547595,132691.961309941,133028.948366784,132654.749450008,0.132728956852411,0.132943362360128,0.132706674501547,132696.913141551,133016.894556819,132661.702794086,0.966212350747263,0.949878977663437,1.00262358460016,3577.60424404158,3632.35658780597,3618.7377939117,1350.49313169631,1353.56501837743,1369.96860454031,132696.912703006,133016.89496454,132661.702598216,0.966223191935573,0.949904113256589,1.00264120942245,0,0,0,3.89211292016993e-12,0,0,11940.3588607364,12010.0871046861,12123.7488140465,1.19403552913934e-05,1.20100810743381e-05,1.21237481568747e-05,11940.3231016315,12010.0519446675,12123.7126420679,1.1940323673637e-05,1.20100498414956e-05,1.21237123139998e-05,124655.216658019,126563.83556575,125873.824273543,0.000124655216480337,0.000126563835708283,0.000125873824137569,112.444258963937,112.442915046801,112.430023840728,0.304475422057159,0.307551050046191,0.308016763229461,132693.221985292,133025.918937333,132656.50711602,0.000132693503370446,0.000133025223767762,0.000132656917173948,132696.912703006,133016.89496454,132661.702598216,0.000132697182784285,0.000133016226314564,0.000132662097173043,3577.60424404158,3632.35658780597,3618.7377939117,8.90342089857563e-06,4.75405420146583e-06,7.12751656685286e-06
0.408,11926.1003280176,12085.9664261129,12090.165581194,442.755182177405,440.678691470008,447.15390044059,11926.1003280176,12085.9664261129,12090.165581194,442.755171531831,440.678682016175,447.153890995325,11926.0649022878,12085.9309952197,12090.1292813301,17.2679902172045,16.9796656834056,16.7622854567457,125207.691053147,126916.358811353,125280.501325059,0.125279401164871,0.12691485995,0.125208527823986,116.071191350763,116.059220782918,116.058707254403,0.125279401164871,0.12691485995,0.125208527823986,116.071191350763,116.059220782918,116.058707254403,0.132701560187839,0.132937109151382,0.132744936378711,116.071191350763,116.059220782918,116.058707254403,0.119746986325203,0.121452254440016,0.119982343186759,132643.564204693,133019.908955625,132716.85109108,0.132701560187839,0.132937109151382,0.132744936378711,132651.152568367,133008.283535069,132720.689744692,0.962690348766529,0.980411419995103,0.994349768649938,3591.54602218638,3644.38048729578,3601.52665171338,1347.35014426154,1362.15573298486,1367.1725789831,132651.152128032,133008.283942972,132720.68955218,0.962698500040559,0.980436061242581,0.994373006914422,0,0,0,3.89590337630518e-12,0,0,11926.1003280176,12085.9664261129,12090.165581194,1.19260967387415e-05,1.20859603560029e-05,1.20901649021933e-05,11926.0649022878,12085.9309952197,12090.1292813301,1.19260654600669e-05,1.2085928876414e-05,1.20901289470512e-05,125207.691053147,126916.358811353,125280.501325059,0.000125207690860598,0.000126916359011639,0.000125280501130173,116.071191350763,116.059220782918,116.058707254403,0.304342419573914,0.308182429182243,0.306325385243456,132645.47549008,133016.986420101,132717.860640384,0.000132645925316531,0.00013301631354988,0.000132718079443969,132651.152128032,133008.283942972,132720.68955218,0.000132651584216966,0.000133007636735096,0.00013272090020254,3591.54602218638,3644.38048729578,3601.52665171338,8.9595759252915e-06,4.75713627920045e-06,7.14150325220192e-06
0.409,11954.8216089285,12141.8578892747,12033.4773483893,440.890650036241,443.172070341057,447.333253841306,11954.8216089285,12141.8578892747,12033.4773483893,440.890639394742,443.172060795677,447.333244465784,11954.7863968676,12141.822080966,12033.4411445024,17.1958633243164,16.9548406690509,16.860336364751,125998.6169478,126825.744296408,124888.124916897,0.126052618434921,0.126848875061129,0.124808345919354,121.88757205784,121.867515994045,121.878053711498,0.126052618434921,0.126848875061129,0.124808345919354,121.88757205784,121.867515994045,121.878053711498,0.13266948642558,0.132925388064919,0.132791874028206,121.88757205784,121.867515994045,121.878053711498,0.120473569122531,0.121452326722992,0.119544921874521,132596.491734073,132997.970430432,132789.076977239,0.13266948642558,0.132925388064919,0.132791874028206,132606.28767745,132987.578375847,132789.241537739,0.960071853817513,0.926947511151975,0.997537714971795,3613.69508856724,3643.85511029319,3588.60197561,1348.95522811706,1369.26064733286,1361.08002339298,132606.287236759,132987.578781313,132789.241343014,0.960079284468885,0.926970178571317,0.997559320043349,0,0,0,3.91270687380527e-12,0,0,11954.8216089285,12141.8578892747,12033.4773483893,1.19548179861495e-05,1.21418517850519e-05,1.20334766647796e-05,11954.7863968676,12141.822080966,12033.4411445024,1.19547869419412e-05,1.21418199435489e-05,1.20334408096295e-05,125998.6169478,126825.744296408,124888.124916897,0.000125998616708095,0.000126825744578466,0.00012488812467479,121.88757205784,121.867515994045,121.878053711498,0.304973396166648,0.308089277154304,0.30461134999952,132598.955378728,132995.357255099,132789.126871306,0.000132599525389739,0.000132994766167648,0.000132789142993779,132606.287236759,132987.578781313,132789.241343014,0.000132606834888152,0.000132987010246703,0.000132789257097365,3613.69508856724,3643.85511029319,3588.60197561,8.99942327053834e-06,4.77656483957107e-06,7.13066748918626e-06
0.41,12019.1341312967,12159.2612294098,11979.6306659326,440.257081292396,445.906665376659,446.046941335647,12019.1341312967,12159.2612294098,11979.6306659326,440.257070595457,445.906655784251,446.046932044681,12019.0989174227,12159.2250757538,11979.5947372585,17.097817436251,16.9879176974748,16.9187637254114,126753.310474006,126363.935618743,124899.245401917,0.126785309936215,0.126408304002531,0.124820110972417,129.46970050955,129.444899657603,129.463753622661,0.126785309936215,0.126408304002531,0.124820110972417,129.46970050955,129.444899657603,129.463753622661,0.132659796779358,0.132886408655019,0.132829316326699,129.46970050955,129.444899657603,129.463753622661,0.121216612227541,0.121070375151528,0.119471496777388,132579.161070502,132942.35580942,132850.908270085,0.132659796779358,0.132886408655019,0.132829316326699,132589.912843695,132934.507154259,132847.693790407,0.964669936155368,0.946244894774705,0.973575864144581,3636.42778211925,3631.93228161221,3586.43060755373,1355.01916588829,1372.45888391375,1354.45609151461,132589.912402121,132934.507560345,132847.693599618,0.964676012981543,0.946268559697884,0.973604936825992,0,0,0,3.93673051002909e-12,0,0,12019.1341312967,12159.2612294098,11979.6306659326,1.20191304738058e-05,1.21592551082838e-05,1.1979629997007e-05,12019.0989174227,12159.2250757538,11979.5947372585,1.20190994566252e-05,1.21592229233785e-05,1.19795944077672e-05,126753.310474006,126363.935618743,124899.245401917,0.000126753310149643,0.000126363935997981,0.000124899245140595,129.46970050955,129.444899657603,129.463753622661,0.305954022964448,0.307093520507141,0.303383408976161,132581.866203295,132940.380054974,132850.062645422,0.000132582497385589,0.000132939922068828,0.000132849883412722,132589.912402121,132934.507560345,132847.693599618,0.000132590518875075,0.000132934067008709,0.000132847521546974,3636.42778211925,3631.93228161221,3586.43060755373,9.01005130085088e-06,4.80614127551457e-06,7.10116911309494e-06
0.411,12097.2291102479,12134.5984403069,11954.0615719059,441.2255969375,447.908481591282,443.919885338821,12097.2291102479,12134.5984403069,11954.0615719059,441.225586146379,447.908472011712,443.919876111774,12097.1936715708,12134.5620977439,11954.0259797854,17.0123179440161,17.0630291987343,16.9190534854292,127212.408308695,125749.91073268,125354.190307323,0.127220726970395,0.125810051466404,0.125283697585332,138.313892201317,138.28771966387,138.311539379344,0.127220726970395,0.125810051466404,0.125283697585332,138.313892201317,138.28771966387,138.311539379344,0.132659780932549,0.132865061279771,0.132869521522727,138.313892201317,138.28771966387,138.311539379344,0.121717512056252,0.120493074351615,0.119834212382581,132579.166340515,132900.267419048,132911.956232469,0.132659780932549,0.132865061279771,0.132869521522727,132589.916040911,132894.850164126,132905.846181177,0.962896285750974,0.899944868243076,0.97563754704037,3651.93197819796,3614.26062234976,3597.1774080912,1363.4482058592,1370.86649046552,1350.32956027057,132589.915599364,132894.850563952,132905.845989024,0.962902366498022,0.899961585639368,0.975666132370708,0,0,0,3.95934819191871e-12,0,0,12097.2291102479,12134.5984403069,11954.0615719059,1.2097225429586e-05,1.21345923243806e-05,1.19540609313077e-05,12097.1936715708,12134.5620977439,11954.0259797854,1.20971942142314e-05,1.21345599392665e-05,1.19540256595829e-05,127212.408308695,125749.91073268,125354.190307323,0.000127212407868623,0.00012574991120495,0.000125354190068557,138.313892201317,138.28771966387,138.311539379344,0.306754924342834,0.305475297950044,0.30299655184182,132581.870966641,132898.88544728,132910.409260342,0.000132582501909227,0.000132898593548324,0.000132910062971073,132589.915599364,132894.850563952,132905.845989024,0.000132590521853108,0.000132894569806721,0.000132905513242264,3651.93197819796,3614.26062234976,3597.1774080912,8.9898825665073e-06,4.83557669354598e-06,7.06664737755099e-06
0.412,12161.8633608716,12080.6947549075,11971.2402985198,443.51672922583,448.503444457021,441.923614611124,12161.8633608716,12080.6947549075,11971.2402985198,443.516718338566,448.503434942164,441.923605399258,12161.8275562478,12080.6584440593,11971.2049575495,16.9720777018537,17.1481541001304,16.865303903718,127232.31505018,125267.865499992,126112.285459291,0.127217705258941,0.125336801932223,0.126056886050972,148.017082937887,147.992430321001,148.017919524457,0.127217705258941,0.125336801932223,0.126056886050972,148.017082937887,147.992430321001,148.017919524457,0.132668667211765,0.132808696898524,0.1328922470897,148.017082937887,147.992430321001,148.017919524457,0.12181255052273,0.119988134107276,0.120528774508288,132595.345955714,132821.061959434,132950.382709539,0.132668667211765,0.132808696898524,0.1328922470897,132605.154860199,132819.345599197,132942.281715841,0.972756094761657,0.906938213108037,0.931002469597393,3655.24816249213,3598.90691542395,3617.73664690124,1371.22220585095,1365.47850971424,1350.77038227762,132605.154419827,132819.345998497,132942.281526853,0.972763728816566,0.906955763728916,0.93103801142011,0,0,0,3.97260199671531e-12,0,0,12161.8633608716,12080.6947549075,11971.2402985198,1.21618596766169e-05,1.20806886625891e-05,1.19712396884013e-05,12161.8275562478,12080.6584440593,11971.2049575495,1.21618281104068e-05,1.20806562901554e-05,1.19712046468067e-05,127232.31505018,125267.865499992,126112.285459291,0.000127232314471816,0.000125267866041776,0.000126112285290376,148.017082937887,147.992430321001,148.017919524457,0.306868548416895,0.303639700641477,0.303435826788028,132597.808087772,132820.632954491,132948.355413641,0.000132598380536193,0.000132820523782302,0.000132947883404876,132605.154419827,132819.345998497,132942.281526853,0.000132605704474858,0.000132819240890839,0.000132941827953878,3655.24816249213,3598.90691542395,3617.73664690124,8.9493585248441e-06,4.85466363744394e-06,7.04307061740556e-06
0.413,12191.1767130816,12022.1932865333,12028.3983897774,446.31840536838,447.57545592242,440.999180025795,12191.1767130816,12022.1932865333,12028.3983897774,446.318394419958,447.575446496251,440.999170771033,12191.1405366099,12022.1572068202,12028.3631002578,16.9910645732085,17.2088879919105,16.7829374970151,126839.729511046,125154.55886959,126910.375578901,0.126805156066539,0.125224592181317,0.126874252715594,158.246515138619,158.225541570805,158.249857658529,0.126805156066539,0.125224592181317,0.126874252715594,158.246515138619,158.225541570805,158.249857658529,0.132698087571351,0.13278887092725,0.132910582350764,158.246515138619,158.225541570805,158.249857658529,0.121495346957021,0.119799335901897,0.121317506951753,132638.047421555,132779.005466183,132977.837241301,0.132698087571351,0.13278887092725,0.132910582350764,132645.855271231,132779.881606756,132968.418066981,0.970041384590726,0.883056727041482,0.926445969776634,3646.14317489468,3593.20174077859,3641.01923095754,1375.61669015372,1358.81868381581,1356.00939492243,132645.85483232,132779.88199795,132968.417877739,0.970051102469136,0.883064442218529,0.926481898281192,0,0,0,3.97229981153543e-12,0,0,12191.1767130816,12022.1932865333,12028.3983897774,1.2191173045193e-05,1.20221872252523e-05,1.20283977997049e-05,12191.1405366099,12022.1572068202,12028.3631002578,1.2191141105924e-05,1.20221550658824e-05,1.20283627952587e-05,126839.729511046,125154.55886959,126910.375578901,0.000126839728782448,0.000125154559439688,0.000126910375528008,158.246515138619,158.225541570805,158.249857658529,0.306119929798689,0.302207833921666,0.304368360371853,132640.001474175,132779.245095482,132975.477369614,0.000132640467499136,0.000132779313732059,0.000132974932322212,132645.85483232,132779.88199795,132968.417877739,0.000132646302569331,0.000132779947917342,0.000132967894067562,3646.14317489468,3593.20174077859,3641.01923095754,8.90716297753644e-06,4.85725137365186e-06,7.04232916767223e-06
0.414,12177.0499038738,11986.173675395,12106.565988312,448.624170396465,445.614844997081,441.669404624494,12177.0499038738,11986.173675395,12106.565988312,448.624159444443,445.614835645692,441.669395283413,12177.0134848088,11986.1379241479,12106.5305181993,17.0590817518984,17.222551776704,16.7093409923211,126223.500047807,125499.945353196,127470.172018694,0.126173770085507,0.125563740780228,0.127455034573047,168.694455729131,168.678495722725,168.699493170334,0.126173770085507,0.125563740780228,0.127455034573047,168.694455729131,168.678495722725,168.699493170334,0.132718416791187,0.132737480663667,0.132913737968425,168.694455729131,168.678495722725,168.699493170334,0.120920992545342,0.120045301210114,0.121926727183953,132675.879997846,132707.937588231,132983.3446042,0.132718416791187,0.132737480663667,0.132913737968425,132681.619336722,132711.890037268,132973.61154996,0.977375480312349,0.882099687230596,0.863194381900186,3629.23575428958,3600.69601574846,3658.86468775436,1375.26022478728,1353.98851773121,1364.32764845689,132681.618901343,132711.890427022,132973.611361289,0.977389926536851,0.882107153743279,0.863233972137116,0,0,0,3.95961907033681e-12,0,0,12177.0499038738,11986.173675395,12106.565988312,1.21770462650524e-05,1.19861676383484e-05,1.21065653995814e-05,12177.0134848088,11986.1379241479,12106.5305181993,1.21770140671689e-05,1.19861357988699e-05,1.21065302128735e-05,126223.500047807,125499.945353196,127470.172018694,0.000126223499177399,0.000125499945895959,0.000127470172123629,168.694455729131,168.678495722725,168.699493170334,0.304588608872224,0.301540598610081,0.305259628043421,132677.331108296,132708.931774839,132980.903401241,0.000132677656896414,0.000132709157820099,0.000132980339445534,132681.618901343,132711.890427022,132973.611361289,0.000132681931752312,0.000132712107790966,0.000132973069386078,3629.23575428958,3600.69601574846,3658.86468775436,8.88305769539963e-06,4.84358487854243e-06,7.0671894813109e-06
0.415,12128.2313413328,11991.1924157628,12178.4380167893,449.635677630298,443.540813822089,443.811772907357,12128.2313413328,11991.1924157628,12178.4380167893,449.635666732258,443.540804498246,443.811763469141,12128.1948937843,11991.1569445783,12178.4021961198,17.1466725105225,17.1872442530273,16.6792552510618,125665.279729981,126207.205892959,127607.204064293,0.125606524496328,0.126258813704126,0.127612482410083,179.157303243944,179.146918215308,179.163213039369,0.125606524496328,0.126258813704126,0.127612482410083,179.157303243944,179.146918215308,179.163213039369,0.132763033960935,0.132726526959524,0.132904648100171,179.157303243944,179.146918215308,179.163213039369,0.120349984374076,0.120667587670825,0.122154445875825,132740.088595139,132681.834600568,132970.014122412,0.132763033960935,0.132726526959524,0.132904648100171,132742.812576955,132687.468420926,132960.936114157,0.967393628292682,0.889089316005145,0.84889047430216,3612.31513606649,3619.60571932394,3665.26346152774,1370.65879509222,1353.42533698735,1372.77673227274,132742.812144682,132687.468804362,132960.9359252,0.967412544485053,0.889088609646754,0.848930263567045,0,0,0,3.9407230832915e-12,0,0,12128.2313413328,11991.1924157628,12178.4380167893,1.21282277319682e-05,1.19911863843367e-05,1.21784374100677e-05,12128.1948937843,11991.1569445783,12178.4021961198,1.21281954821036e-05,1.19911548306905e-05,1.21784018845317e-05,125665.279729981,126207.205892959,127607.204064293,0.000125665278745912,0.000126207206347314,0.00012760720435132,179.157303243944,179.146918215308,179.163213039369,0.302743567895547,0.301770843863284,0.305570654448418,132740.781449892,132683.245536637,132967.742397144,0.00013274095045736,0.000132683592632015,0.000132967212223958,132742.812144682,132687.468804362,132960.9359252,0.000132742974361747,0.000132687802517858,0.000132960426433066,3612.31513606649,3619.60571932394,3665.26346152774,8.88983495463848e-06,4.82028344566237e-06,7.11002109981405e-06
0.416,12067.2768293965,12039.3496130767,12219.3345862805,449.06982749314,442.347784651239,446.705635121632,12067.2768293965,12039.3496130767,12219.3345862805,449.069816684467,442.347775292479,446.705625612171,12067.2405699543,12039.3142441466,12219.2983735132,17.2179544863921,17.1228420658784,16.7103650035767,125429.733097891,127032.746723449,127300.935862679,0.12536870964739,0.12706830774084,0.127324060013928,189.443063758687,189.438132663485,189.449098899894,0.12536870964739,0.12706830774084,0.127324060013928,189.443063758687,189.438132663485,189.449098899894,0.132784336539834,0.132699290421948,0.132892745838453,189.443063758687,189.438132663485,189.449098899894,0.120048029562727,0.121454427914683,0.121946955216018,132780.892395587,132644.882276241,132948.521476632,0.132784336539834,0.132699290421948,0.132892745838453,132781.225938795,132652.137779963,132940.577138765,0.963467509759827,0.886280446843609,0.777842051338529,3603.33714209875,3643.53196717828,3658.65115756731,1364.02661140497,1357.86783546865,1378.38072369026,132781.225511416,132652.138162383,132940.576946247,0.963493205318584,0.886278989703639,0.777879542303888,0,0,0,3.92447249036181e-12,0,0,12067.2768293965,12039.3496130767,12219.3345862805,1.20672732370765e-05,1.2039343564221e-05,1.22193339491936e-05,12067.2405699543,12039.3142441466,12219.2983735132,1.20672411547689e-05,1.20393121320033e-05,1.22192980521652e-05,125429.733097891,127032.746723449,127300.935862679,0.000125429732049523,0.000127032747031291,0.00012730093634127,189.443063758687,189.438132663485,189.449098899894,0.301106801605356,0.30263106648948,0.305026964620894,132780.982343353,132646.69943445,132946.519127207,0.000132780995283819,0.000132647124138018,0.00013294606550803,132781.225511416,132652.138162383,132940.576946247,0.00013278123765784,0.000132652546525736,0.000132940141115988,3603.33714209875,3643.53196717828,3658.65115756731,8.92782247391495e-06,4.79793295788765e-06,7.15596746793955e-06
0.417,12022.0941182957,12115.2396968405,12216.7013101129,447.268710782273,442.698388502279,449.331353744836,12022.0941182957,12115.2396968405,12216.7013101129,447.268700062313,442.698379056624,449.331344216024,12022.058179524,12115.204195609,12216.664806617,17.2454853473748,17.0635356516306,16.795554067271,125655.02258698,127686.498077922,126704.010574968,0.125598159303175,0.127704420444441,0.126740852671101,199.402648654498,199.402527949776,199.408198761259,0.125598159303175,0.127704420444441,0.126740852671101,199.402648654498,199.402527949776,199.408198761259,0.132825483749551,0.13269738233035,0.132862278629877,199.402648654498,199.402527949776,199.408198761259,0.120177336433494,0.122128476574108,0.121419771952787,132839.486708873,132639.272112226,132904.518946842,0.132825483749551,0.13269738233035,0.132862278629877,132837.107195105,132646.923511578,132898.523703478,0.938862697764986,0.919177900451618,0.755390916445819,3607.16833077597,3664.10602135191,3642.53155326382,1358.46216995729,1366.01774447862,1379.29840831952,132837.106771476,132646.923892318,132898.523509161,0.938894414979655,0.919174244455362,0.755426979644127,0,0,0,3.91893037891836e-12,0,0,12022.0941182957,12115.2396968405,12216.7013101129,1.20220905223727e-05,1.21152336124275e-05,1.22167006418819e-05,12022.058179524,12115.204195609,12216.664806617,1.20220587526932e-05,1.21152020741141e-05,1.22166644757879e-05,125655.02258698,127686.498077922,126704.010574968,0.000125655021540521,0.000127686498194059,0.000126704011231196,199.402648654498,199.402527949776,199.408198761259,0.300189984220098,0.30358719625647,0.303624338650445,132838.882172336,132641.192556065,132902.990212024,0.0001328387555906,0.000132641646745388,0.000132902644599736,132837.106771476,132646.923892318,132898.523509161,0.000132836984717076,0.000132647360648696,0.000132898191608081,3607.16833077597,3664.10602135191,3642.53155326382,8.9846363369578e-06,4.78699172867518e-06,7.18901141405324e-06
0.418,12014.8236583617,12192.3655324609,12174.8599133976,445.078546336546,444.635760723324,450.779496693667,12014.8236583617,12192.3655324609,12174.8599133976,445.078535667698,444.635751171055,450.779487202664,12014.7880315265,12192.3297041942,12174.8233244554,17.2212293007258,17.04414151332,16.9057376704927,126292.533346937,127946.725732328,126087.240137645,0.126245025229467,0.127947499150796,0.126132588519744,208.940083299137,208.943772588827,208.944709489485,0.126245025229467,0.127947499150796,0.126132588519744,208.940083299137,208.943772588827,208.944709489485,0.132839290408991,0.132702714356306,0.132845328430957,208.940083299137,208.943772588827,208.944709489485,0.120726585236182,0.122457636072481,0.120816289960547,132867.18376174,132646.427907198,132872.061182601,0.132839290408991,0.132702714356306,0.132845328430957,132863.145020694,132653.76641993,132868.014102375,0.917991036581565,0.917264367908612,0.696308801114209,3623.48630118322,3674.32268004057,3624.2339785121,1356.72329686819,1375.07407377273,1375.52271570309,132863.144601364,132653.766800933,132868.013900627,0.918029660360994,0.917260955159683,0.696335105923803,0,0,0,3.92798084551891e-12,0,0,12014.8236583617,12192.3655324609,12174.8599133976,1.20148200382346e-05,1.21923594066051e-05,1.21748592251828e-05,12014.7880315265,12192.3297041942,12174.8233244554,1.20147885895918e-05,1.21923275653325e-05,1.21748229880667e-05,126292.533346937,127946.725732328,126087.240137645,0.000126292532376868,0.00012794672562518,0.000126087240936616,208.940083299137,208.943772588827,208.944709489485,0.300174163132739,0.304128866481841,0.301766032699397,132866.155696633,132648.26811398,132871.047097186,0.000132865918171897,0.00013264870762867,0.00013287082510308,132863.144601364,132653.766800933,132868.013900627,0.000132862915936907,0.000132654189472923,0.000132867800845761,3623.48630118322,3674.32268004057,3624.2339785121,9.0403406217073e-06,4.79349297218451e-06,7.1982452448594e-06
0.419,12052.4976822997,12243.8980458587,12113.572241365,443.529441889765,447.555922570891,450.60080662249,12052.4976822997,12243.8980458587,12113.572241365,443.529431211914,447.555912932645,450.600797210106,12052.4622167814,12243.8618134648,12113.5357985204,17.1598946462753,17.0851900728794,17.00189465212,127126.235007948,127744.609894658,125735.849455226,0.127091396239455,0.127730477282317,0.125784029681165,217.93398923404,217.940293771403,217.937438298323,0.127091396239455,0.127730477282317,0.125784029681165,217.93398923404,217.940293771403,217.937438298323,0.132862285110637,0.132704181770841,0.132807319709386,217.93398923404,217.940293771403,217.937438298323,0.121514242687614,0.122344212071109,0.120415436503401,132899.534790289,132654.430357157,132818.360539272,0.132862285110637,0.132704181770841,0.132807319709386,132894.088529323,132661.1730702,132816.838224137,0.873936777654804,0.960069358692957,0.673248330782739,3646.87701393119,3671.21808588119,3612.1385694601,1360.0682657017,1381.87709095842,1368.90070582102,132894.088112625,132661.17345446,132816.838018933,0.873981410503225,0.960070658031496,0.673270584898747,0,0,0,3.94959312690305e-12,0,0,12052.4976822997,12243.8980458587,12113.572241365,1.20524940259413e-05,1.2243891887158e-05,1.2113571552189e-05,12052.4622167814,12243.8618134648,12113.5357985204,1.20524627625359e-05,1.22438596554491e-05,1.2113535462734e-05,127126.235007948,127744.609894658,125735.849455226,0.000127126234185342,0.000127744609554165,0.000125735850337299,217.93398923404,217.940293771403,217.937438298323,0.300894222809754,0.303797768370575,0.299962525648319,132898.174418127,132656.13670364,132817.989979394,0.000132897862075359,0.000132656523900533,0.000132817893181863,132894.088112625,132661.17345446,132816.838018933,0.000132893787497806,0.000132661545830437,0.00013281674541682,3646.87701393119,3671.21808588119,3612.1385694601,9.07552345491616e-06,4.81642893767407e-06,7.18200183659169e-06
0.42,12123.882294069,12253.1097858017,12060.7403170814,443.420671165176,450.455976653251,448.976575993042,12123.882294069,12253.1097858017,12060.7403170814,443.420660419797,450.455966981391,448.976566667442,12123.8467580828,12253.0732191782,12060.7041879231,17.0935414264601,17.1833197220117,17.0506451966242,127862.290771413,127191.106691907,125833.257597041,0.127841417017567,0.127165561767554,0.125878947548297,226.316741252126,226.32444603798,226.318935331697,0.127841417017567,0.127165561767554,0.125878947548297,226.316741252126,226.32444603798,226.318935331697,0.132866183190067,0.132736761592436,0.132794755362125,226.316741252126,226.32444603798,226.318935331697,0.122264043556421,0.121862382749363,0.120419287124977,132907.980055968,132696.802696528,132791.658708433,0.132866183190067,0.132736761592436,0.132794755362125,132902.006613466,132701.798600308,132791.787439169,0.836043733236815,0.956452575609042,0.649832886922198,3669.09113640117,3656.9960959752,3612.30008004823,1367.69206930847,1384.14731035845,1362.45990974946,132902.006198502,132701.798985918,132791.787225397,0.836093157141742,0.956456094321984,0.649840615740377,0,0,0,3.97661337837452e-12,0,0,12123.882294069,12253.1097858017,12060.7403170814,1.21238786029592e-05,1.22531036139083e-05,1.20607396465842e-05,12123.8467580828,12253.0732191782,12060.7041879231,1.21238472994608e-05,1.2253071047079e-05,1.20607038587477e-05,127862.290771413,127191.106691907,125833.257597041,0.000127862290152619,0.000127191106134222,0.000125833258485155,226.316741252126,226.32444603798,226.318935331697,0.301894121830692,0.302618727507441,0.298787605864959,132906.486389858,132698.073506616,132791.70426034,0.000132906137692257,0.00013269838248187,0.000132791720088399,132902.006198502,132701.798985918,132791.787225397,0.000132901670649078,0.000132702096178431,0.000132791802935444,3669.09113640117,3656.9960959752,3612.30008004823,9.07883134853273e-06,4.84812459209164e-06,7.14854957309325e-06
0.421,12204.1485105941,12219.6910155803,12041.4633053491,444.978933582644,452.337702015487,446.658088392575,12204.1485105941,12219.6910155803,12041.4633053491,444.97892273748,452.337692373217,446.658079125614,12204.112686962,12219.6543052615,12041.4275237356,17.0589809351416,17.3117398460539,17.0370383877544,128246.651580802,126537.815836104,126382.162037454,0.128239203825668,0.126505153482173,0.126421146205945,234.034376340064,234.042375243643,234.035389043429,0.128239203825668,0.126505153482173,0.126421146205945,234.034376340064,234.042375243643,234.035389043429,0.13286622600467,0.132734820476194,0.132764566293816,234.034376340064,234.042375243643,234.035389043429,0.122716310808892,0.121232751879446,0.12086700406152,132908.087612088,132706.38228495,132750.065463405,0.13286622600467,0.132734820476194,0.132764566293816,132902.103344723,132710.289368501,132751.961370031,0.772860470274279,0.991658460347839,0.636755367379578,3682.37752566174,3638.26163260754,3625.86771757209,1377.04565930525,1381.34810952966,1359.23567003921,132902.102929715,132710.289760437,132751.961152732,0.772913894162452,0.991671375177716,0.636757765435065,0,0,0,3.99969574721854e-12,0,0,12204.1485105941,12219.6910155803,12041.4633053491,1.22041447989603e-05,1.22196848535353e-05,1.20414626657993e-05,12204.112686962,12219.6543052615,12041.4275237356,1.22041132337364e-05,1.22196521290007e-05,1.20414272046076e-05,128246.651580802,126537.815836104,126382.162037454,0.000128246651205454,0.00012653781509953,0.000126382162846866,234.034376340064,234.042375243643,234.035389043429,0.302570577037701,0.300775744841176,0.298506467068861,132906.591057699,132707.349019903,132750.543278013,0.000132906241742976,0.000132707566163983,0.000132750649791468,132902.102929715,132710.289760437,132751.961152732,0.000132901766809342,0.000132710498691585,0.000132752064065657,3682.37752566174,3638.26163260754,3625.86771757209,9.05127131749745e-06,4.87742713420059e-06,7.11311292754485e-06
0.422,12265.0676288391,12160.0043148411,12067.5900880064,447.752001677541,452.592654631497,444.688995434549,12265.0676288391,12160.0043148411,12067.5900880064,447.751990739889,452.592645068795,444.688986171531,12265.0314026786,12159.9677011926,12067.5545360736,17.0823183926503,17.4305905440912,16.9702327291252,128162.581217582,126082.174309041,127201.817303847,0.128166559522748,0.126046924177967,0.127231531328364,241.010449004505,241.017851631357,241.010471972793,0.128166559522748,0.126046924177967,0.127231531328364,241.010449004505,241.017851631357,241.010471972793,0.132863833252999,0.132779170580053,0.132759954758836,241.010449004505,241.017851631357,241.010471972793,0.122728156918467,0.120740174660751,0.121616631761785,132902.093611915,132762.356825201,132737.608188442,0.132863833252999,0.132779170580053,0.132759954758836,132896.49014656,132764.030441142,132740.25644317,0.725126898544949,0.98063769857952,0.659931736081553,3682.48419755239,3623.55597616575,3648.54476381257,1384.88087959502,1374.89826494527,1361.02050237594,132896.489729755,132764.030834971,132740.256219966,0.725180534797192,0.980654696131646,0.659923457749864,0,0,0,4.01100151410981e-12,0,0,12265.0676288391,12160.0043148411,12067.5900880064,1.22650639178571e-05,1.21599981801598e-05,1.2067589478992e-05,12265.0314026786,12159.9677011926,12067.5545360736,1.22650319625439e-05,1.21599655317791e-05,1.20675542263368e-05,128162.581217582,126082.174309041,127201.817303847,0.00012816258109812,0.000126082173459888,0.000127201817955174,241.010449004505,241.017851631357,241.010471972793,0.302504065991387,0.298892908800965,0.299064800839988,132900.690128871,132762.763394245,132738.253974017,0.000132900369395615,0.00013276288783565,0.000132738422892502,132896.489729755,132764.030834971,132740.256219966,0.000132896181139949,0.000132764150559632,0.000132740419218515,3682.48419755239,3623.55597616575,3648.54476381257,9.00596267042176e-06,4.89418905665523e-06,7.09205133682262e-06
0.423,12286.1240704405,12101.1331042547,12132.5181996245,450.793531644889,451.230538749508,443.995368387874,12286.1240704405,12101.1331042547,12132.5181996245,450.793520658296,451.230529283675,443.995359069514,12286.0874735456,12101.096785937,12132.4826541431,17.1671157976195,17.5022796646069,16.8803649776894,127675.028070223,126048.184595756,128003.376259674,0.127687496291772,0.12601443410597,0.128023001662164,247.218816040239,247.225012926528,247.218109209749,0.127687496291772,0.12601443410597,0.128023001662164,247.218816040239,247.225012926528,247.218109209749,0.132846334073501,0.132770919692277,0.132747195087412,247.218816040239,247.225012926528,247.218109209749,0.122327390320284,0.120620838201251,0.12240440981504,132878.5306584,132764.533038732,132720.643073225,0.132846334073501,0.132770919692277,0.132747195087412,132873.929270546,132765.468709786,132724.05967362,0.650565083094071,0.996854943110654,0.66125079166382,3670.27084401099,3619.97047012547,3672.3791776187,1388.53465959797,1367.66758389587,1367.58265694652,132873.928850554,132765.469110508,132724.059448744,0.650618220671371,0.996882623674984,0.66123969475823,0,0,0,4.00717761424195e-12,0,0,12286.1240704405,12101.1331042547,12132.5181996245,1.2286120380028e-05,1.21011270019001e-05,1.21325176080696e-05,12286.0874735456,12101.096785937,12132.4826541431,1.22860880491446e-05,1.2101094631174e-05,1.21324823492765e-05,127675.028070223,126048.184595756,128003.376259674,0.000127675028190103,0.000126048183718768,0.000128003376690071,247.218816040239,247.225012926528,247.218109209749,0.301487107633816,0.29745679949796,0.300055802017901,132877.369671945,132764.766095386,132721.491725317,0.000132877097018559,0.000132764807597305,0.000132721693974806,132873.928850554,132765.469110508,132724.059448744,0.00013287366647225,0.000132765509174942,0.000132724254483151,3670.27084401099,3619.97047012547,3672.3791776187,8.96334865022216e-06,4.89317564999187e-06,7.09620800500188e-06
0.424,12262.2992379124,12070.4293636482,12213.8924988341,453.047847754511,448.881444758478,444.99941659748,12262.2992379124,12070.4293636482,12213.8924988341,453.047836781462,448.88143536683,444.999407184307,12262.2624364615,12070.3934174517,12213.8567231944,17.2919020215095,17.5054170970355,16.8073661921282,127008.532378255,126491.289701266,128506.811885613,0.127026057334267,0.12646209015467,0.128517085692194,252.618911723285,252.623598387608,252.617761835397,0.127026057334267,0.12646209015467,0.128517085692194,252.618911723285,252.623598387608,252.617761835397,0.132843962839133,0.132808879729882,0.132747090471712,252.618911723285,252.623598387608,252.617761835397,0.121703764924875,0.120962928621463,0.122952582631587,132868.913799132,132810.771314293,132719.644813913,0.132843962839133,0.132808879729882,0.132747090471712,132865.005219442,132810.003991759,132723.155939208,0.609021828396342,0.973116828126124,0.715913593395687,3651.44621005984,3630.16572230293,3689.00542447001,1386.94014797,1362.89141723977,1376.74425977105,132865.004794662,132810.00439452,132723.155713496,0.609067981806585,0.973149510982038,0.715901862870633,0,0,0,3.99062369105853e-12,0,0,12262.2992379124,12070.4293636482,12213.8924988341,1.22622955790644e-05,1.20704232837781e-05,1.22138919044553e-05,12262.2624364615,12070.3934174517,12213.8567231944,1.22622630244373e-05,1.20703912787368e-05,1.2213856416704e-05,127008.532378255,126491.289701266,128506.811885613,0.000127008532693971,0.000126491288889374,0.000128506812052596,252.618911723285,252.623598387608,252.617761835397,0.299763607596838,0.296913533593183,0.3008792340457,132867.918143386,132810.592128628,132720.520497818,0.000132867702872841,0.000132810567882869,0.000132720729762065,132865.004794662,132810.00439452,132723.155713496,0.000132864797606107,0.000132809981259895,0.000132723357509369,3651.44621005984,3630.16572230293,3689.00542447001,8.94326789515105e-06,4.87604211382934e-06,7.12625360889156e-06
0.425,12206.0496842945,12084.2901274016,12282.872719389,453.761909826071,446.568453944944,447.433620500696,12206.0496842945,12084.2901274016,12282.872719389,453.761898923583,446.568444572205,447.433610989495,12206.012917162,12084.2544732782,12282.8365594133,17.4183579224943,17.442549663436,16.7852022908779,126463.947781895,127272.975299595,128549.385203626,0.126483133679896,0.127249942277978,0.128552177839298,257.173537310084,257.176698899836,257.172213575772,0.126483133679896,0.127249942277978,0.128552177839298,257.173537310084,257.176698899836,257.172213575772,0.132820334485946,0.132798237377706,0.13275278800213,257.173537310084,257.176698899836,257.172213575772,0.121139335721406,0.121667252188397,0.123078075060964,132838.161206107,132805.766280227,132726.954088688,0.132820334485946,0.132798237377706,0.13275278800213,132835.504554323,132804.798857257,132730.183357297,0.541225028772332,0.968035128652897,0.724954410138194,3634.47487561245,3651.18882432285,3692.91007122365,1381.03143762387,1362.86864890387,1385.2840619115,132835.504124155,132804.799265227,132730.183132424,0.541263342980361,0.968076403204404,0.724944302464627,0,0,0,3.96867134694001e-12,0,0,12206.0496842945,12084.2901274016,12282.872719389,1.22060460546788e-05,1.20842840490344e-05,1.22828721029761e-05,12206.012917162,12084.2544732782,12282.8365594133,1.22060135093527e-05,1.20842523448299e-05,1.2282836245456e-05,126463.947781895,127272.975299595,128549.385203626,0.000126463948220335,0.000127272974639167,0.000128549385094168,257.173537310084,257.176698899836,257.172213575772,0.297772273008721,0.297266069974028,0.301053277669905,132837.484458389,132805.538157614,132727.761367166,0.000132837325541622,0.000132805469197422,0.000132727957794145,132835.504124155,132804.799265227,132730.183132424,0.000132835351241509,0.00013280473306651,0.000132730372576355,3634.47487561245,3651.18882432285,3692.91007122365,8.95677108064499e-06,4.85078947347444e-06,7.17231264344574e-06
0.426,12142.8612381558,12141.0576196224,12315.6335521625,452.768829687829,445.3153657404,450.450597810795,12142.8612381558,12141.0576196224,12315.6335521625,452.768818886048,445.31535632028,450.450588235648,12142.8247268278,12141.0220507381,12315.5969954802,17.5061994650957,17.3394298817102,16.8276505756233,126299.730071586,128118.554763817,128147.076297843,0.126317759621376,0.128101844478217,0.128144876611646,260.878720567062,260.880574563969,260.877438866952,0.126317759621376,0.128101844478217,0.128144876611646,260.878720567062,260.880574563969,260.877438866952,0.132822232041703,0.132817043184388,0.132750216725419,260.878720567062,260.880574563969,260.877438866952,0.120898481900388,0.122488304984981,0.122761897925161,132833.968701604,132827.675286885,132727.465600421,0.132822232041703,0.132817043184388,0.132750216725419,132831.922801247,132825.87017757,132730.521885687,0.529973052063673,0.929463051160815,0.784109523782029,3627.27666534101,3675.70039475614,3683.51487522984,1373.42150090344,1367.98462120987,1390.23132633469,132831.922365118,132825.870587009,132730.521664757,0.529996937532943,0.929508797958871,0.784107087579052,0,0,0,3.95087531239694e-12,0,0,12142.8612381558,12141.0576196224,12315.6335521625,1.21428576226173e-05,1.21410515190759e-05,1.23156329030389e-05,12142.8247268278,12141.0220507381,12315.5969954802,1.21428253133399e-05,1.21410199218448e-05,1.23155966711661e-05,126299.730071586,128118.554763817,128147.076297843,0.000126299730541374,0.00012811855432388,0.000128147075925812,260.878720567062,260.880574563969,260.877438866952,0.296142993728297,0.298179435612677,0.300266878683522,132833.473458738,132827.221021598,132728.241748824,0.000132833362448707,0.000132827127561283,0.00013272841383904,132831.922365118,132825.870587009,132730.521664757,0.000132831815487972,0.000132825780879193,0.000132730687753684,3627.27666534101,3675.70039475614,3683.51487522984,9.00131084548921e-06,4.82881551570359e-06,7.21808938943753e-06
0.427,12101.5752877257,12221.5877783673,12302.4780701926,450.553981126557,445.729506480944,452.974300419225,12101.5752877257,12221.5877783673,12302.4780701926,450.553970416012,445.729496963118,452.974290837217,12101.539148548,12221.5520459259,12302.4412494315,17.5282825796589,17.2359150740303,16.9222122656209,126623.648954371,128729.626364648,127490.346614355,0.126638724264126,0.128718149882678,0.127485823910442,263.700388153311,263.701317612273,263.699288480972,0.126638724264126,0.128718149882678,0.127485823910442,263.700388153311,263.701317612273,263.699288480972,0.132803481158991,0.13281277265271,0.132767602614771,263.700388153311,263.701317612273,263.699288480972,0.121118360156737,0.123135378008591,0.122157755254626,132810.852433192,132824.369465416,132748.332472672,0.132803481158991,0.13281277265271,0.132767602614771,132809.66923739,132822.58997925,132750.649268905,0.495274341707915,0.91016615585496,0.789935539985767,3633.9421966155,3695.00416651059,3665.43172190718,1367.43317142834,1376.53375618698,1390.00811016107,132809.668795676,132822.590390281,132750.649050554,0.495284480212005,0.91021538663005,0.789938272221528,0,0,0,3.9452586380419e-12,0,0,12101.5752877257,12221.5877783673,12302.4780701926,1.21015716640517e-05,1.22215816389377e-05,1.23024773902336e-05,12101.539148548,12221.5520459259,12302.4412494315,1.21015397216358e-05,1.22215499053474e-05,1.23024409158583e-05,126623.648954371,128729.626364648,127490.346614355,0.000126623649356878,0.000128729626190443,0.000127490346022553,263.700388153311,263.701317612273,263.699288480972,0.295309740210846,0.299129113321118,0.298682007932048,132810.559065471,132823.923102934,132748.941836858,0.000132810482309458,0.000132823822024993,0.000132749086526516,132809.668795676,132822.590390281,132750.649050554,0.000132809594875789,0.00013282249336101,0.000132750788796448,3633.9421966155,3695.00416651059,3665.43172190718,9.06172741292732e-06,4.82044923338117e-06,7.24748604779312e-06
0.428,12102.7353113196,12297.2409796413,12251.5384985567,448.082948651226,447.742084884507,454.128497712844,12102.7353113196,12297.2409796413,12251.5384985567,448.082937985789,447.742075255565,454.128488182047,12102.6995049816,12297.2048939718,12251.5016407537,17.4804512793734,17.1710840680483,17.0353104438203,127345.050873794,128900.995963297,126874.563933813,0.127356636474363,0.128892883582256,0.126870043368216,265.635740220706,265.636194111835,265.634875014041,0.127356636474363,0.128892883582256,0.126870043368216,265.635740220706,265.636194111835,265.634875014041,0.132809031632097,0.13280928776626,0.132757535749006,265.635740220706,265.636194111835,265.634875014041,0.121749004673844,0.123387437808873,0.121536603497913,132813.842283566,132820.598085771,132741.163436625,0.132809031632097,0.13280928776626,0.132757535749006,132812.672334774,132818.926041442,132743.404405689,0.529343177491364,0.85985313081445,0.833237869772461,3652.94122801252,3702.48818460239,3646.79919701952,1365.7879320907,1385.43817305243,1385.02376244437,132812.67188824,132818.926451993,132743.404193863,0.529340373326798,0.85990452062672,0.833252166949606,0,0,0,3.95497344725021e-12,0,0,12102.7353113196,12297.2409796413,12251.5384985567,1.21027316592473e-05,1.22972347983253e-05,1.22515378015443e-05,12102.6995049816,12297.2048939718,12251.5016407537,1.21027000623312e-05,1.22972027345146e-05,1.22515013026553e-05,127345.050873794,128900.995963297,126874.563933813,0.00012734505111987,0.00012890099606801,0.000126874563194048,265.635740220706,265.636194111835,265.634875014041,0.295426861969141,0.299479315928519,0.296659677526718,132813.535814543,132820.176651941,132741.731331353,0.00013281347893567,0.000132820077763028,0.000132741853467896,132812.67188824,132818.926451993,132743.404193863,0.00013281261712643,0.000132818831542709,0.000132743522209955,3652.94122801252,3702.48818460239,3646.79919701952,9.11655956682787e-06,4.83065152550194e-06,7.25085537975418e-06
0.429,12149.8019037484,12341.4453622632,12185.9583842918,446.437296716613,450.636209306329,453.571371947725,12149.8019037484,12341.4453622632,12185.9583842918,446.437286030431,450.636199594845,453.571362504541,12149.7662479026,12341.4088662004,12185.9217248606,17.3831598266563,17.167871729518,17.1261905503363,128212.352234778,128598.280150873,126585.330246762,0.12822110080104,0.128591367754047,0.126582369657125,266.692421114442,266.692821463368,266.691760104249,0.12822110080104,0.128591367754047,0.126582369657125,266.692421114442,266.692821463368,266.691760104249,0.132800483986966,0.132819709982064,0.13277678173866,266.692421114442,266.692821463368,266.691760104249,0.122573471709384,0.123177068603178,0.121182745036818,132804.305054126,132830.295433598,132762.153419473,0.132800483986966,0.132819709982064,0.13277678173866,132803.459101403,132828.413577736,132763.606748878,0.537387897279263,0.841738413836205,0.827244722268079,3677.73586175016,3696.14158131719,3636.16169664071,1369.46872334314,1391.50881951694,1377.54415604207,132803.45865133,132828.413985089,132763.606540193,0.537376194862346,0.841785944352125,0.827265989503994,0,0,0,3.97693383552508e-12,0,0,12149.8019037484,12341.4453622632,12185.9583842918,1.21497982134236e-05,1.23414391508921e-05,1.21859576908886e-05,12149.7662479026,12341.4088662004,12185.9217248606,1.21497667937234e-05,1.23414066875441e-05,1.21859213888151e-05,128212.352234778,128598.280150873,126585.330246762,0.000128212352254193,0.000128598280523349,0.000126585329448661,266.692421114442,266.692821463368,266.691760104249,0.296250740780676,0.298976108123997,0.294853537621654,132804.088810292,132829.824184327,132762.478396724,0.000132804039313514,0.00013282973071917,0.000132762587452745,132803.45865133,132828.413985089,132763.606540193,0.000132803410969164,0.00013282832427246,0.000132763712025542,3677.73586175016,3696.14158131719,3636.16169664071,9.14666635613091e-06,4.85683641445165e-06,7.22864707682473e-06
0.43,12227.5096407179,12339.9605334122,12135.2556048311,446.380317888524,453.349879279714,451.625994536531,12227.5096407179,12339.9605334122,12135.2556048311,446.38030712302,453.349869543924,451.625985181734,12227.4738842758,12339.9237215098,12135.2192947968,17.2743461382581,17.223915810016,17.1630977603448,128917.115915963,127971.994198265,126780.500035705,0.128924604816678,0.127964254963689,0.126779592349767,266.848441471391,266.849108335826,266.847884074474,0.128924604816678,0.127964254963689,0.126779592349767,266.848441471391,266.849108335826,266.847884074474,0.13280405443445,0.132800296321982,0.132760171243413,266.848441471391,266.849108335826,266.847884074474,0.123298184005511,0.122616549802327,0.121277661411419,132807.783334306,132810.749608921,132745.770446935,0.13280405443445,0.132800296321982,0.132760171243413,132806.85150184,132809.374743,132747.774825964,0.599913197048635,0.789150585089362,0.845688171733023,3699.4970428834,3679.33606285974,3638.98182399324,1377.29124138627,1392.69398222819,1370.86190114037,132806.851049945,132809.375146845,132747.774623833,0.599898666910129,0.789196210811535,0.845721045519558,0,0,0,4.00313146343332e-12,0,0,12227.5096407179,12339.9605334122,12135.2556048311,1.2227505916712e-05,1.23399543139301e-05,1.21352549345826e-05,12227.4738842758,12339.9237215098,12135.2192947968,1.2227474427579e-05,1.23399215302351e-05,1.21352189667136e-05,128917.115915963,127971.994198265,126780.500035705,0.000128917115665248,0.000127971994797166,0.000126780499277966,266.848441471391,266.849108335826,266.847884074474,0.297237087947156,0.297509504851381,0.293740944319526,132807.544186567,132810.399072965,132746.266854359,0.000132807495200724,0.000132810306175381,0.000132746374807945,132806.851049945,132809.375146845,132747.774623833,0.000132806803875931,0.000132809286026803,0.000132747878983845,3699.4970428834,3679.33606285974,3638.98182399324,9.14258543600643e-06,4.88992944795861e-06,7.19133874109802e-06
0.431,12308.2571788055,12296.2657063231,12123.5904555721,448.033851549217,454.907796302574,449.167831050709,12308.2571788055,12296.2657063231,12123.5904555721,448.033840677132,454.907786607328,449.167821747671,12308.2211047198,12296.2287869937,12123.5544973228,17.195462273597,17.313178590098,17.1353774287365,129216.455235928,127303.475326929,127421.36594417,0.129224695957999,0.127293526356895,0.127421859800014,266.126996272441,266.12807628773,266.126401594751,0.129224695957999,0.127293526356895,0.127421859800014,266.126996272441,266.12807628773,266.126401594751,0.132804073635859,0.13282733926748,0.132773227850995,266.126996272441,266.12807628773,266.126401594751,0.123670548260035,0.121958213636841,0.121821597634497,132807.810350764,132838.760842536,132757.828468375,0.132804073635859,0.13282733926748,0.132773227850995,132806.876579625,132836.64191715,132759.68718678,0.630385802875777,0.791795451746067,0.823945721046177,3710.63866944025,3659.63303371209,3655.28501029334,1386.40778964647,1388.85694349705,1368.01344632359,132806.876127754,132836.642313737,132759.686987432,0.630372019498738,0.791830057541473,0.823985600229447,0,0,0,4.02397842635143e-12,0,0,12308.2571788055,12296.2657063231,12123.5904555721,1.23082534380725e-05,1.22962595023105e-05,1.21235898188495e-05,12308.2211047198,12296.2287869937,12123.5544973228,1.23082216555964e-05,1.22962265940581e-05,1.21235541799644e-05,129216.455235928,127303.475326929,127421.36594417,0.000129216454702574,0.000127303476084457,0.000127421365317648,266.126996272441,266.12807628773,266.126401594751,0.29781661996084,0.295547806326461,0.293599823884161,132807.570709981,132838.230201506,132758.321000869,0.000132807521675541,0.000132838128871384,0.000132758437653915,132806.876127754,132836.642313737,132759.686987432,0.000132806828907104,0.000132836545054424,0.000132759799734476,3710.63866944025,3659.63303371209,3655.28501029334,9.10811261601467e-06,4.9181373928608e-06,7.15562107714544e-06
0.432,12363.3819853507,12230.4588886654,12159.5702257699,450.823916545154,454.800122509906,447.297413606716,12363.3819853507,12230.4588886654,12159.5702257699,450.823905581485,454.800112901445,447.297404295292,12363.3454960105,12230.4221043158,12159.5344677607,17.1753419129495,17.3975822440071,17.0575778730598,129025.513896539,126897.437541864,128287.83392559,0.129036494114167,0.126884873707988,0.128288134069991,264.53990346634,264.541342021366,264.539120601484,0.129036494114167,0.126884873707988,0.128288134069991,264.53990346634,264.541342021366,264.539120601484,0.132799004611156,0.132803237956428,0.132758115303839,264.53990346634,264.541342021366,264.539120601484,0.123575858141588,0.121499301469093,0.122631872260669,132801.916265529,132817.208951021,132740.948080326,0.132799004611156,0.132803237956428,0.132758115303839,132801.194322098,132815.513662055,132743.335335292,0.693852189688106,0.750998105742634,0.818911833194186,3707.72346608819,3645.93107588665,3679.60540065331,1393.49250613038,1381.84363961094,1370.52119173282,132801.193872025,132815.514052823,132743.335140411,0.693843089735084,0.751026576470676,0.818960209600375,0,0,0,4.03213372215016e-12,0,0,12363.3819853507,12230.4588886654,12159.5702257699,1.23633782504268e-05,1.22304527161176e-05,1.21595696191755e-05,12363.3454960105,12230.4221043158,12159.5344677607,1.23633460615877e-05,1.22304199208575e-05,1.21595341595162e-05,129025.513896539,126897.437541864,128287.83392559,0.000129025513090418,0.000126897438372841,0.000128287833503207,264.53990346634,264.541342021366,264.539120601484,0.297519521719202,0.293559873904423,0.294273124611146,132801.72770353,132816.798685366,132741.560616337,0.000132801685580907,0.000132816676084231,0.000132741692060425,132801.193872025,132815.514052823,132743.335140411,0.00013280115330159,0.0001328153963053,0.000132743462124378,3707.72346608819,3645.93107588665,3679.60540065331,9.05903444412653e-06,4.93165705288692e-06,7.13793604887823e-06
0.433,12374.35210681,12171.8823102298,12232.3941216411,453.724924847036,453.176391784483,446.901947291074,12374.35210681,12171.8823102298,12232.3941216411,453.724913842407,453.1763822727,446.901937911493,12374.3152590881,12171.8458420371,12232.3583193267,17.2186152425226,17.4430758420958,16.9643248436938,128449.981157946,126958.005368356,129070.254523402,0.128465225390743,0.126943582289408,0.129068174347682,262.087350623855,262.088889193633,262.086251468108,0.128465225390743,0.126943582289408,0.129068174347682,262.087350623855,262.088889193633,262.086251468108,0.132801545601397,0.132839572846554,0.132762620433642,262.087350623855,262.088889193633,262.086251468108,0.123080770408819,0.121462606280191,0.123419233235366,132802.108577478,132857.43334026,132743.840057838,0.132801545601397,0.132839572846554,0.132762620433642,132801.610829699,132854.296103537,132746.231801485,0.722868977615728,0.787296695937269,0.782971340849718,3692.76558273426,3644.88731862841,3703.27535015474,1396.06417401518,1374.81296618924,1377.73049262221,132801.610383296,132854.296485984,132746.231608089,0.722866927956166,0.787311960100323,0.7830249825597,0,0,0,4.02531498950841e-12,0,0,12374.35210681,12171.8823102298,12232.3941216411,1.23743483970862e-05,1.21718761710927e-05,1.22323935293007e-05,12374.3152590881,12171.8458420371,12232.3583193267,1.23743158408515e-05,1.21718436750292e-05,1.22323580148408e-05,128449.981157946,126958.005368356,129070.254523402,0.000128449980115745,0.000126958006178346,0.000129070254350623,262.087350623855,262.088889193633,262.086251468108,0.296287622242361,0.29221106585569,0.295273872945217,132801.988881037,132856.638722202,132744.444329116,0.000132801966063302,0.00013285648423398,0.000132744589049441,132801.610383296,132854.296485984,132746.231608089,0.000132801588303702,0.000132854148170525,0.00013274637130863,3692.76558273426,3644.88731862841,3703.27535015474,9.0173010113975e-06,4.92642368420281e-06,7.14769695855331e-06
0.434,12339.7712818199,12147.6579667296,12316.3565155163,455.681920375838,450.796456152451,448.28006243497,12339.7712818199,12147.6579667296,12316.3565155163,455.681909395683,450.79644670583,448.280052952882,12339.7342630542,12147.6218586766,12316.3204323368,17.3042999290298,17.4333522881039,16.897287650915,127748.954669219,127500.874019978,129493.923544308,0.127769052801315,0.127486433071434,0.129487188012737,258.80849501855,258.809707862548,258.807008709581,0.127769052801315,0.127486433071434,0.129487188012737,258.80849501855,258.809707862548,258.807008709581,0.132784761455536,0.132821068099891,0.132759613298258,258.80849501855,258.809707862548,258.807008709581,0.122410479804136,0.121901655032238,0.123905108481466,132780.973489888,132843.810031617,132740.216219589,0.132784761455536,0.132821068099891,0.132759613298258,132781.305427748,132840.697886198,132742.743041203,0.770884920842413,0.768579063272655,0.764859826715625,3672.54450556666,3658.0790972251,3717.94079795798,1393.43407284188,1371.01773365756,1387.08109182358,132781.304985883,132840.698263077,132742.742848584,0.770890633277406,0.768587301358824,0.764916108077967,0,0,0,4.00718662404678e-12,0,0,12339.7712818199,12147.6579667296,12316.3565155163,1.23397676060994e-05,1.21476518477416e-05,1.23163559157141e-05,12339.7342630542,12147.6218586766,12316.3204323368,1.2339734856277e-05,1.21476197079722e-05,1.23163201247269e-05,127748.954669219,127500.874019978,129493.923544308,0.000127748953449296,0.000127500874720335,0.00012949392363778,258.80849501855,258.809707862548,258.807008709581,0.294346153578544,0.291783681454881,0.296025017402072,132781.059900519,132843.016778559,132740.853649067,0.00013278107268359,0.000132842822456477,0.000132741003450815,132781.304985883,132840.698263077,132742.742848584,0.000132781317172782,0.000132840511589354,0.000132742887426491,3672.54450556666,3658.0790972251,3717.94079795798,9.00240000302747e-06,4.90565543575884e-06,7.18318916764805e-06
0.435,12276.0520446744,12171.4067423951,12381.4590180564,456.024830664414,448.748862982343,451.007554119761,12276.0520446744,12171.4067423951,12381.4590180564,456.02481976417,448.748853539555,451.00754454043,12276.0151007185,12171.3708783108,12381.4225205262,17.39535763264,17.3763506472441,16.8884612105917,127237.625170235,128344.972965557,129424.665646579,0.127261962150701,0.128333110319896,0.129411330831115,254.715186802869,254.715540686847,254.713321740771,0.127261962150701,0.128333110319896,0.129411330831115,254.715186802869,254.715540686847,254.713321740771,0.132784265652004,0.132851726241282,0.132758171403332,254.715186802869,254.715540686847,254.713321740771,0.121865102910323,0.122676191027735,0.123929442493813,132774.129129547,132879.321433796,132740.154130205,0.132784265652004,0.132851726241282,0.132758171403332,132775.003292202,132875.001647542,132742.568765034,0.784340051312252,0.833252520250187,0.722192736811734,3656.09069486582,3681.27626722425,3718.79767164533,1386.97568892225,1372.46624758948,1395.17828302867,132775.002856186,132875.002018678,132742.568571523,0.784355368584802,0.833252287002495,0.722250698144477,0,0,0,3.98605529400768e-12,0,0,12276.0520446744,12171.4067423951,12381.4590180564,1.22760483974747e-05,1.21714006201645e-05,1.23814583919985e-05,12276.0151007185,12171.3708783108,12381.4225205262,1.2276015696211e-05,1.21713687364943e-05,1.23814222041904e-05,127237.625170235,128344.972965557,129424.665646579,0.000127237623847251,0.000128344973483838,0.000129424665999181,254.715186802869,254.715540686847,254.713321740771,0.29227869877425,0.292262317329049,0.295969225281069,132774.342934597,132878.230581692,132740.756208453,0.000132774407426118,0.000132877996830654,0.000132740894844532,132775.002856186,132875.002018678,132742.568571523,0.000132775064789151,0.000132874777382424,0.000132742702397112,3656.09069486582,3681.27626722425,3718.79767164533,9.02321098041011e-06,4.8787392201614e-06,7.23222198350575e-06
0.436,12211.4943614035,12237.2669113311,12405.2626698084,454.723057588889,448.021176025094,454.114705107703,12211.4943614035,12237.2669113311,12405.2626698084,454.723046792009,448.021166519226,454.11469547321,12211.4577011515,12237.2310602538,12405.225778101,17.4545285114551,17.3014960041969,16.946542497753,127161.117374139,129188.412587175,128919.554202329,0.12718777014053,0.129182011422754,0.128898453025876,249.836068711069,249.835008928916,249.833926159331,0.12718777014053,0.129182011422754,0.128898453025876,249.836068711069,249.835008928916,249.833926159331,0.132759393563472,0.132843724763489,0.132774493575824,249.836068711069,249.835008928916,249.833926159331,0.121700931002116,0.123511044473377,0.1235110940838,132741.259229049,132875.293406223,132760.374902771,0.132759393563472,0.132843724763489,0.132774493575824,132743.561986136,132870.815740356,132761.933871075,0.811195897264995,0.834634629973443,0.708477744073781,3651.11903923619,3706.21295806748,3706.40176309228,1379.63395568238,1379.04667532567,1399.15550624851,132743.561555422,132870.816108689,132761.933674032,0.811219070971934,0.834630697185829,0.708530578781836,0,0,0,3.97171431225914e-12,0,0,12211.4943614035,12237.2669113311,12405.2626698084,1.22114907246924e-05,1.22372607617838e-05,1.24052620088619e-05,12211.4577011515,12237.2310602538,12405.225778101,1.2211458288695e-05,1.22372289155768e-05,1.24052254508275e-05,127161.117374139,129188.412587175,128919.554202329,0.000127161116033231,0.000129188412878329,0.000128919554780265,249.836068711069,249.835008928916,249.833926159331,0.290663106158264,0.29325377745052,0.294971304882291,132741.833836655,132874.165168493,132760.748931509,0.000132741963247261,0.000132873899279903,0.000132760856017175,132743.561555422,132870.816108689,132761.933674032,0.000132743685799116,0.000132870560608664,0.000132762037189357,3651.11903923619,3706.21295806748,3706.40176309228,9.07408738656177e-06,4.85772881228002e-06,7.27722207381724e-06
0.437,12175.4163907361,12322.279059722,12381.4018792743,452.402472638124,449.084354331288,456.486408384694,12175.4163907361,12322.279059722,12381.4018792743,452.40246192695,449.084344717896,456.486398757033,12175.3801003706,12322.2429716357,12381.3647579128,17.4594760004226,17.2483576567617,17.0529456639922,127590.384417492,129731.390351051,128207.786161965,0.127616344834049,0.129733097562641,0.128178944353719,244.218334960155,244.215389591233,244.216110382433,0.127616344834049,0.129733097562641,0.128178944353719,244.218334960155,244.215389591233,244.216110382433,0.132754407945525,0.132853122478169,0.13277208981413,244.218334960155,244.215389591233,244.216110382433,0.122022645789443,0.124109070654748,0.122842655833583,132727.523618098,132886.499868355,132764.765962998,0.132754407945525,0.132853122478169,0.13277208981413,132730.777763445,132881.616436189,132765.845039319,0.804266337653622,0.908951686075995,0.671763181475291,3660.78904062809,3723.97841107001,3686.5119660659,1374.80385651003,1388.55302491344,1397.774202581,132730.777338391,132881.616803124,132765.844838635,0.804298807074709,0.908946213779301,0.671812771780514,0,0,0,3.97147440044113e-12,0,0,12175.4163907361,12322.279059722,12381.4018792743,1.21754127408609e-05,1.232227286791e-05,1.23814011881576e-05,12175.3801003706,12322.2429716357,12381.3647579128,1.21753806728199e-05,1.23222408128446e-05,1.2381364421742e-05,127590.384417492,129731.390351051,128207.786161965,0.000127590383141562,0.000129731390394625,0.000128207786913286,244.218334960155,244.215389591233,244.216110382433,0.289953545717356,0.294099966471752,0.293130653507289,132728.332064966,132885.271902883,132765.050143953,0.000132728532540842,0.000132884991414827,0.00013276510218983,132730.777338391,132881.616803124,132765.844838635,0.000132730969943298,0.000132881347230899,0.000132765895384866,3660.78904062809,3723.97841107001,3686.5119660659,9.13718871377635e-06,4.85255432901625e-06,7.30231393339483e-06
0.438,12186.1476390638,12395.9512272659,12322.0570585791,450.117293572689,451.681397008649,457.302028218801,12186.1476390638,12395.9512272659,12322.0570585791,450.117282893652,451.681387284437,457.302018655412,12186.1116419818,12395.9147353346,12322.0199541434,17.4116282106904,17.2503572650303,17.1695730916829,128390.019501392,129792.680579764,127606.042847645,0.128411665283635,0.12980451880169,0.127570900187731,237.875849839615,237.870715381003,237.873817606633,0.128411665283635,0.12980451880169,0.127570900187731,237.875849839615,237.870715381003,237.873817606633,0.132731197955648,0.132854372699215,0.13280607634473,237.875849839615,237.870715381003,237.873817606633,0.122736714736798,0.124267609877611,0.122220245764552,132695.861834999,132886.660824576,132808.13102185,0.132731197955648,0.132854372699215,0.13280607634473,132700.573158527,132881.855934757,132807.537612128,0.81176824287097,0.919536473367959,0.680758658836032,3682.30309314357,3728.50806994364,3667.98559674132,1374.9510044439,1397.60428412454,1391.89434884413,132700.572737424,132881.856302195,132807.537404822,0.811806598998373,0.919531765594629,0.680796578726884,0,0,0,3.98701082616247e-12,0,0,12186.1476390638,12395.9512272659,12322.0570585791,1.21861439564481e-05,1.23959449933523e-05,1.23220563537158e-05,12186.1116419818,12395.9147353346,12322.0199541434,1.21861121983222e-05,1.23959125562374e-05,1.23220196145794e-05,128390.019501392,129792.680579764,127606.042847645,0.000128390018361413,0.000129792680380021,0.000127606043704376,237.875849839615,237.870715381003,237.873817606633,0.290212627433793,0.294320097457722,0.29101475228707,132697.057256099,132885.455910687,132808.011593647,0.000132697326170052,0.000132885184315974,0.000132807987884542,132700.572737424,132881.856302195,132807.537404822,0.000132700831120438,0.000132881595268921,0.000132807515091205,3682.30309314357,3728.50806994364,3667.98559674132,9.18989679946512e-06,4.86682889949612e-06,7.29942819198622e-06
0.439,12243.0917626389,12432.4584184904,12253.641279024,448.941144209697,454.929189356215,456.346228479813,12243.0917626389,12432.4584184904,12253.641279024,448.941133494787,454.929179560005,456.346219012016,12243.0558474742,12432.4215043954,12253.6044263111,17.3359046373502,17.319963747482,17.2544606211339,129275.052595282,129377.95716238,127393.886107374,0.129288742905469,0.12940088389662,0.127355354968436,230.864375108442,230.857009799697,230.862862589589,0.129288742905469,0.12940088389662,0.127355354968436,230.864375108442,230.857009799697,230.862862589589,0.132725534511676,0.132833956349156,0.132806512784857,230.864375108442,230.857009799697,230.862862589589,0.123590270470427,0.123954926794727,0.121928600171979,132683.387558531,132861.477861058,132819.978929711,0.132725534511676,0.132833956349156,0.132806512784857,132688.888046704,132857.673799013,132818.261643094,0.787396834185041,0.985906519731298,0.662551772279495,3708.07232693566,3718.87662738348,3659.33268984885,1380.54627637432,1403.0085364756,1384.1773166649,132688.887628921,132857.674168379,132818.261430669,0.787441827942774,0.985905041156689,0.662582848748785,0,0,0,4.01355470281027e-12,0,0,12243.0917626389,12432.4584184904,12253.641279024,1.22430880399428e-05,1.24324521575387e-05,1.22536405824673e-05,12243.0558474742,12432.4215043954,12253.6044263111,1.22430563933743e-05,1.2432419306214e-05,1.22536040903241e-05,129275.052595282,129377.95716238,127393.886107374,0.000129275051638204,0.000129377956748533,0.000127393886991636,230.864375108442,230.857009799697,230.862862589589,0.291112494134483,0.29350847760181,0.289180659679122,132684.786114698,132860.530274333,132819.553670937,0.000132685110138397,0.000132860297252453,0.000132819437904353,132688.887628921,132857.674168379,132818.261430669,0.000132689198966673,0.000132857450190209,0.000132818150607971,3708.07232693566,3718.87662738348,3659.33268984885,9.21382767615559e-06,4.89623018444067e-06,7.27134728111292e-06
0.44,12326.8354341349,12420.5153689796,12206.824539969,449.522469048001,457.682543651743,454.092939563757,12326.8354341349,12420.5153689796,12206.824539969,449.522458242539,457.682533848666,454.092930183688,12326.7993420063,12420.4781692159,12206.7880683675,17.2712862285447,17.4423189922253,17.2782360591834,129928.303481417,128679.439104249,127696.685691527,0.129930937762291,0.128712991955421,0.127658816557476,223.234289263112,223.224973218,223.233635042996,0.129930937762291,0.128712991955421,0.127658816557476,223.234289263112,223.224973218,223.233635042996,0.132715626171883,0.132839373427004,0.132847011142571,223.234289263112,223.224973218,223.233635042996,0.124275950337765,0.123323199596642,0.122123264088978,132669.527693441,132858.480263099,132872.654599942,0.132715626171883,0.132839373427004,0.132847011142571,132675.626263914,132855.239127504,132868.668964949,0.782762348848806,0.994530738903244,0.700743772952746,3728.86417919488,3699.68393013933,3665.18992932358,1389.8341988407,1402.99184441658,1378.09289049197,132675.625847494,132855.239499318,132868.668745743,0.782809810567021,0.994533205562042,0.700762768978739,0,0,0,4.04186117560202e-12,0,0,12326.8354341349,12420.5153689796,12206.824539969,1.23268316791565e-05,1.24205091050318e-05,1.22068238707849e-05,12326.7993420063,12420.4781692159,12206.7880683675,1.23267998874709e-05,1.24204759600418e-05,1.22067877416195e-05,129928.303481417,128679.439104249,127696.685691527,0.000129928302732062,0.00012867943852148,0.000127696686527872,223.234289263112,223.224973218,223.233635042996,0.292086128972213,0.291855945591976,0.288189501667769,132671.064843871,132857.647605213,132871.644250027,0.000132671420912421,0.000132857482685725,0.000132871430157688,132675.625847494,132855.239499318,132868.668745743,0.000132675967990501,0.000132855081027429,0.000132868463295991,3728.86417919488,3699.68393013933,3665.18992932358,9.20183890280831e-06,4.93030658523187e-06,7.2307887484977e-06
0.441,12407.2916449828,12367.6421618947,12204.1754370388,451.799084490514,458.988210638504,451.537109499345,12407.2916449828,12367.6421618947,12204.1754370388,451.799073576301,458.988200894327,451.537100162237,12407.2551761911,12367.6049168655,12204.1393139803,17.2550727178185,17.5806013598253,17.2352025451952,130125.115592274,128006.090121664,128430.15632624,0.130114508872937,0.128048196820258,0.128397536483577,215.012384925355,215.001736816967,215.012898625674,0.130114508872937,0.128048196820258,0.128397536483577,215.012384925355,215.001736816967,215.012898625674,0.132715598509861,0.132793125404238,0.132850259075977,215.012384925355,215.001736816967,215.012898625674,0.124553890760185,0.122653770832868,0.122762672600724,132669.445238279,132800.369697158,132887.638647891,0.132715598509861,0.132793125404238,0.132850259075977,132675.552661915,132799.462317289,132882.409063208,0.750452990789262,1.04338874096917,0.703774181864032,3737.46641797247,3679.40750163208,3684.29088190681,1399.56011720326,1397.86360449778,1376.53867132119,132675.55224553,132799.462692017,132882.408839789,0.750502538077523,1.0433962107327,0.703787091958852,0,0,0,4.06197192603042e-12,0,0,12407.2916449828,12367.6421618947,12204.1754370388,1.24072878773047e-05,1.23676359186302e-05,1.22041748033146e-05,12407.2551761911,12367.6049168655,12204.1393139803,1.2407255731415e-05,1.23676027085242e-05,1.22041389984691e-05,130125.115592274,128006.090121664,128430.15632624,0.00013012511505064,0.000128006089429733,0.000128430157050492,215.012384925355,215.001736816967,215.012898625674,0.292499311099936,0.289673551121725,0.288191880274775,132670.984727441,132800.120902172,132886.300603104,0.000132671341337333,0.000132800051744332,0.000132885991977226,132675.55224553,132799.462692017,132882.408839789,0.000132675894887725,0.00013279939620507,0.000132882112538458,3737.46641797247,3679.40750163208,3684.29088190681,9.16074289695207e-06,4.95679984733518e-06,7.19572501611579e-06
0.442,12455.8934269101,12297.5780164796,12250.5153464562,455.015786399845,458.446181398398,449.818228518091,12455.8934269101,12297.5780164796,12250.5153464562,455.01577540257,458.446171754758,449.81821915886,12455.8565201236,12297.5409807549,12250.4793866623,17.3067091787455,17.6904503885756,17.1456208463811,129818.313897496,127664.145185804,129335.279211566,0.129793599343877,0.127711099333879,0.1293123116928,206.274898655528,206.263868018499,206.276806611666,0.129793599343877,0.127711099333879,0.1293123116928,206.274898655528,206.263868018499,206.276806611666,0.13272633745086,0.132797427685207,0.132880252277399,206.274898655528,206.263868018499,206.276806611666,0.124343027699232,0.122249499396104,0.123624725527182,132684.619275055,132790.423602471,132927.249118228,0.13272633745086,0.132797427685207,0.132880252277399,132690.016309181,132790.781207738,132920.415665352,0.743938931348204,1.04311491198636,0.760089346397177,3731.42501894484,3667.16851529604,3709.96908572782,1406.29386503147,1389.92259335014,1380.61261100968,132690.01589169,132790.78158523,132920.415437861,0.743986950987684,1.04312755973785,0.760095484481697,0,0,0,4.06708756167235e-12,0,0,12455.8934269101,12297.5780164796,12250.5153464562,1.24558896700755e-05,1.22975718079747e-05,1.22505147416523e-05,12455.8565201236,12297.5409807549,12250.4793866623,1.24558570914899e-05,1.22975387843098e-05,1.2250479079783e-05,129818.313897496,127664.145185804,129335.279211566,0.000129818313538919,0.000127664144453723,0.000129335279781304,206.274898655528,206.263868018499,206.276806611666,0.291991348530624,0.287685916366341,0.288966077297441,132685.972460023,132790.517020523,132925.521883221,0.000132686293404181,0.000132790562828562,0.000132925135846317,132690.01589169,132790.78158523,132920.415437861,0.000132690324212275,0.000132790825649699,0.000132920044654182,3731.42501894484,3667.16851529604,3709.96908572782,9.10893054634365e-06,4.96649389426619e-06,7.18233478301956e-06
0.443,12456.6297910917,12241.4605605697,12330.6817547154,458.037460641598,456.360023931506,449.760109761383,12456.6297910917,12241.4605605697,12330.6817547154,458.037449619688,456.360014389214,449.760100321278,12456.5925461044,12241.423903972,12330.6456958483,17.4184850832224,17.7368218386016,17.0484745356515,129157.011190255,127830.793748786,130086.04501397,0.129118917338428,0.127877663695116,0.130076341276598,197.074340578193,197.064142268191,197.077742734982,0.129118917338428,0.127877663695116,0.130076341276598,197.074340578193,197.064142268191,197.077742734982,0.132736450675578,0.132741490260814,0.1328829467792,197.074340578193,197.064142268191,197.077742734982,0.123752264152449,0.122311212298742,0.124399712139685,132703.747290878,132719.041240028,132936.179236477,0.132736450675578,0.132741490260814,0.1328829467792,132708.048353263,132722.331450888,132928.748826373,0.717150254519322,1.07289235165343,0.775974294465437,3713.98020784558,3669.01603074677,3732.94602829796,1407.76169179652,1382.61932004638,1389.11702299919,132708.047933074,132722.331830681,132928.748597225,0.717195064279442,1.07290944291736,0.775977983631582,0,0,0,4.05611404797452e-12,0,0,12456.6297910917,12241.4605605697,12330.6817547154,1.2456626063582e-05,1.22414543854756e-05,1.23306811603416e-05,12456.5925461044,12241.423903972,12330.6456958483,1.24565931337704e-05,1.22414217253258e-05,1.23306453914542e-05,129157.011190255,127830.793748786,130086.04501397,0.000129157010974312,0.000127830793043062,0.000130086045407476,197.074340578193,197.064142268191,197.077742734982,0.290494582185513,0.286386676720392,0.289989998247982,132704.822543762,132719.883390824,132934.314453051,0.00013270507089161,0.000132720053829307,0.00013293387826514,132708.047933074,132722.331830681,132928.748597225,0.000132708286387855,0.000132722495775015,0.000132928329540679,3713.98020784558,3669.01603074677,3732.94602829796,9.06949641876269e-06,4.95671112948998e-06,7.19824304321908e-06
0.444,12412.0628861851,12225.4870384084,12415.90734732,459.804960938112,453.632884222112,451.517978444864,12412.0628861851,12225.4870384084,12415.90734732,459.804949960221,453.632874739873,451.517968895963,12412.0255262556,12225.4507747992,12415.8709582209,17.5578446734585,17.7067645729669,16.9866466869731,128433.429123089,128476.925043455,130419.299965356,0.128384456295447,0.128518261922705,0.130425282007011,187.468007232705,187.460025137508,187.472840682654,0.128384456295447,0.128518261922705,0.130425282007011,187.468007232705,187.460025137508,187.472840682654,0.13276655552518,0.132742525219393,0.132887866022353,187.468007232705,187.460025137508,187.472840682654,0.123042403990715,0.122850929984921,0.124814817272745,132746.954321127,132705.184913532,132942.701342842,0.13276655552518,0.132742525219393,0.132887866022353,132749.241821545,132709.859837578,132934.986238116,0.717875556777419,1.06202030575496,0.832879693748354,3692.92394863695,3685.31835975268,3745.06275933218,1403.69770642561,1379.2163962108,1399.05453980171,132749.241398943,132709.860219637,132934.9860084,0.717915862324253,1.0620419814476,0.832882366200102,0,0,0,4.03410841359511e-12,0,0,12412.0628861851,12225.4870384084,12415.90734732,1.24120591942488e-05,1.22254808801303e-05,1.24159067406515e-05,12412.0255262556,12225.4507747992,12415.8709582209,1.24120261241281e-05,1.22254486121501e-05,1.24158706492039e-05,128433.429123089,128476.925043455,130419.299965356,0.000128433428994219,0.000128476924419548,0.000130419300184699,187.468007232705,187.460025137508,187.472840682654,0.288389927325384,0.286114142913697,0.290585418960335,132747.527273214,132706.376322894,132940.762925023,0.000132747670209943,0.000132706666783768,0.000132940313933971,132749.241398943,132709.860219637,132934.9860084,0.00013274937856337,0.000132710139451986,0.000132934554623089,3692.92394863695,3685.31835975268,3745.06275933218,9.06102858507332e-06,4.93235166991459e-06,7.23915686101651e-06
0.445,12342.5530959812,12259.8679346933,12475.6260330859,459.740802583435,451.433897701272,454.505712661684,12342.5530959812,12259.8679346933,12475.6260330859,459.7407917015,451.433888210444,454.505703018185,12342.5158848528,12259.831911931,12475.5892057932,17.680171920911,17.6141202201952,16.9895137270746,127971.821219379,129378.18144042,130234.946005934,0.127916235583479,0.12940886285554,0.130257496464058,177.549179169112,177.544820787231,177.555190534568,0.127916235583479,0.12940886285554,0.130257496464058,177.549179169112,177.544820787231,177.555190534568,0.13278592201236,0.132699094710964,0.132885918623885,177.549179169112,177.544820787231,177.555190534568,0.122528402655646,0.123685102750378,0.12473862667751,132782.426655926,132649.011342633,132937.194471128,0.13278592201236,0.132699094710964,0.132885918623885,132782.784615346,132655.947461031,132929.882074156,0.708054139610937,1.0767995533345,0.850675258874719,3677.66882174719,3710.5589355026,3742.41291056526,1395.95783840756,1381.43850900029,1406.86566836156,132782.784188861,132655.947844427,132929.881845017,0.708087651132915,1.07682376904296,0.850678822337816,0,0,0,4.01048061426966e-12,0,0,12342.5530959812,12259.8679346933,12475.6260330859,1.23425494309096e-05,1.225986176786e-05,1.24756253962807e-05,12342.5158848528,12259.831911931,12475.5892057932,1.23425164827911e-05,1.22598297562906e-05,1.24755888868939e-05,127971.821219379,129378.18144042,130234.946005934,0.00012797182111603,0.000129378180934912,0.000130234946072336,177.549179169112,177.544820787231,177.555190534568,0.286244137819578,0.286734992397671,0.290337792076856,132782.53654367,132650.749471937,132935.36200165,0.000132782549851533,0.000132651142693676,0.000132934941769691,132782.784188861,132655.947844427,132929.881845017,0.000132782796661183,0.000132656325875693,0.000132929478104357,3677.66882174719,3710.5589355026,3742.41291056526,9.08972795964357e-06,4.90416564223842e-06,7.29063861301935e-06
0.446,12278.8152551107,12334.2694365015,12489.4290883294,457.964728967527,450.737499397951,457.642828377144,12278.8152551107,12334.2694365015,12489.4290883294,457.964718197465,450.737489830107,457.642818689145,12278.7783958783,12334.2333974938,12489.3918779273,17.745959917875,17.4948266805988,17.0603174062484,127996.845396867,130209.036012036,129633.978437137,0.127940233322445,0.130224931505412,0.129672252386286,167.37961314786,167.380153530573,167.386354508028,0.127940233322445,0.130224931505412,0.129672252386286,167.37961314786,167.380153530573,167.386354508028,0.13282504104969,0.132698196082008,0.132860562114375,167.37961314786,167.380153530573,167.386354508028,0.122453206694759,0.124511808576706,0.124230490122817,132839.159178247,132639.231816248,132902.9325658,0.13282504104969,0.132698196082008,0.132860562114375,132836.850046829,132647.00693449,132897.102355967,0.71863739814385,1.05832437039352,0.895694410662487,3675.47119503252,3735.65764631019,3726.81839492719,1387.85727178009,1388.72124367488,1409.83401828383,132836.84961801,132647.00731922,132897.102128289,0.718666082332504,1.05835122070254,0.895700304158826,0,0,0,3.99542980118942e-12,0,0,12278.8152551107,12334.2694365015,12489.4290883294,1.22788115962072e-05,1.23342632372868e-05,1.24894284152013e-05,12278.7783958783,12334.2333974938,12489.3918779273,1.22787789835713e-05,1.23342312363148e-05,1.24893915477703e-05,127996.845396867,130209.036012036,129633.978437137,0.000127996845261276,0.000130209035641655,0.000129633978384481,167.37961314786,167.380153530573,167.386354508028,0.28469949428022,0.287743000877219,0.289035257387511,132838.588303635,132641.18236571,132901.475195661,0.000132838459965929,0.000132641647180548,0.000132901126701361,132836.84961801,132647.00731922,132897.102128289,0.000132836725816622,0.000132647454194894,0.000132896767373767,3675.47119503252,3735.65764631019,3726.81839492719,9.14661362072035e-06,4.88470014875687e-06,7.33412489190405e-06
0.447,12249.9531572387,12422.1395050051,12454.7540169447,455.256498243902,451.915626351517,459.797699568516,12249.9531572387,12422.1395050051,12454.7540169447,455.256487557586,451.915616666765,459.797689901453,12249.9167091698,12422.1031938176,12454.7166190317,17.7353691079105,17.3939573672305,17.1745736729219,128536.866797077,130674.180106324,128883.292306095,0.128485366828107,0.130672589461469,0.128934550349532,157.067125697679,157.073529906735,157.073966692652,0.128485366828107,0.130672589461469,0.128934550349532,157.067125697679,157.073529906735,157.073966692652,0.132847054123147,0.132685641952359,0.132852056481712,157.067125697679,157.073529906735,157.073966692652,0.122884356543995,0.125033804587695,0.123520309107187,132878.493517765,132622.787388697,132880.818278081,0.132847054123147,0.132685641952359,0.132852056481712,132873.896757194,132631.283299882,132876.417859358,0.728054327492969,1.06475220341579,0.908016160079668,3688.33721726091,3751.66832514058,3705.22082026087,1382.90965838764,1398.4450633592,1407.11311241351,132873.896324986,132631.283685001,132876.417632934,0.728076405628767,1.06477946956534,0.908024692576017,0,0,0,3.9958221250358e-12,0,0,12249.9531572387,12422.1395050051,12454.7540169447,1.22499494799618e-05,1.24221332608562e-05,1.2454753315269e-05,12249.9167091698,12422.1031938176,12454.7166190317,1.22499172803058e-05,1.24221010161805e-05,1.24547162805764e-05,128536.866797077,130674.180106324,128883.292306095,0.000128536866584571,0.000130674179865462,0.00012888329218087,157.067125697679,157.073529906735,157.073966692652,0.284131565294939,0.288551158500382,0.287012284028287,132877.317678323,132624.92592674,132879.710483055,0.000132877050201311,0.00013262542211941,0.000132879471462237,132873.896324986,132631.283685001,132876.417632934,0.000132873638770631,0.000132631760691575,0.00013287618808278,3688.33721726091,3751.66832514058,3705.22082026087,9.21129404652982e-06,4.88324650578988e-06,7.35433644330115e-06
0.448,12271.3640673336,12491.7299373758,12387.9708181752,452.772529284493,454.575360720207,460.229672572254,12271.3640673336,12491.7299373758,12387.9708181752,452.772518620127,454.575350923558,460.229662981981,12271.3279171141,12491.6932017174,12387.9334949143,17.6553732732012,17.3484715092697,17.2904139336347,129410.044990256,130622.084252154,128315.916235422,0.12936940136886,0.130602031758164,0.128375560630912,146.731817342628,146.744549786668,146.737981983323,0.12936940136886,0.130602031758164,0.128375560630912,146.731817342628,146.744549786668,146.737981983323,0.132879759529018,0.132686091576518,0.13280416805801,146.731817342628,146.744549786668,146.737981983323,0.12368322572339,0.12507399115832,0.122923425323341,132926.333815478,132625.169886553,132815.700319759,0.132879759529018,0.132686091576518,0.13280416805801,132919.508995426,132633.477021684,132814.080900158,0.743255558584164,1.04466989411922,0.936422486032411,3712.10709496749,3753.24607591958,3687.12232108638,1383.40080510633,1407.03770923898,1400.05056274198,132919.508561828,132633.477406511,132814.080675221,0.743274739231258,1.04469729141156,0.93643418224249,0,0,0,4.01226268058495e-12,0,0,12271.3640673336,12491.7299373758,12387.9708181752,1.22713603534437e-05,1.24917236519596e-05,1.23879701068994e-05,12271.3279171141,12491.6932017174,12387.9334949143,1.22713284721517e-05,1.24916910027108e-05,1.23879331544257e-05,129410.044990256,130622.084252154,128315.916235422,0.00012941004467534,0.000130622084120502,0.00012831591608548,146.731817342628,146.744549786668,146.737981983323,0.284534996234256,0.288526463779391,0.284750875598357,132924.614263263,132627.262141447,132815.261636519,0.00013292422512254,0.000132627742862698,0.000132815161318257,132919.508561828,132633.477406511,132814.080675221,0.000132919133962638,0.000132633939517708,0.000132813984514507,3712.10709496749,3753.24607591958,3687.12232108638,9.26040203027994e-06,4.90186616870812e-06,7.34509975888152e-06
0.449,12337.9769403898,12518.68349201,12318.4979390957,451.597844197063,457.727714528729,458.867925216516,12337.9769403898,12518.68349201,12318.4979390957,451.597833482795,457.727704667347,458.86791572745,12337.9408462036,12518.6463399267,12318.4609187292,17.5374913360275,17.3724012504806,17.3657141454119,130300.964362258,130101.957847704,128198.052823847,0.13027578817439,0.130064293451533,0.128260083973853,136.473175934424,136.492062954318,136.477802583868,0.13027578817439,0.130064293451533,0.128260083973853,136.473175934424,136.492062954318,136.477802583868,0.132894603120277,0.132710799709716,0.132790924068194,136.473175934424,136.492062954318,136.477802583868,0.124563419345614,0.124642154573808,0.122716194975585,132952.421752452,132657.666290836,132783.280647638,0.132894603120277,0.132710799709716,0.132790924068194,132944.193921761,132664.618404049,132783.909538632,0.76449438799626,1.04833683353244,0.940808718628478,3738.20635037556,3740.65243574314,3680.84336050071,1389.40997630848,1411.41423200485,1391.7147794641,132944.193486355,132664.618788202,132783.909314513,0.764509931926895,1.04836337910965,0.940823227231466,0,0,0,4.03882006365517e-12,0,0,12337.9769403898,12518.68349201,12318.4979390957,1.23379731855594e-05,1.25186771836519e-05,1.23184972412853e-05,12337.9408462036,12518.6463399267,12318.4609187292,1.23379413922888e-05,1.25186441225023e-05,1.23184605833856e-05,130300.964362258,130101.957847704,128198.052823847,0.000130300963938211,0.000130101957796383,0.000128198052692577,136.473175934424,136.492062954318,136.477802583868,0.285511591618657,0.287525299023454,0.282964063259477,132950.356072808,132659.42157865,132783.435306689,0.000132949876667894,0.000132659839752459,0.000132783489190895,132944.193486355,132664.618788202,132783.909314513,0.000132943732081444,0.000132665020752376,0.000132783961389978,3738.20635037556,3740.65243574314,3680.84336050071,9.27681703822149e-06,4.93443644694633e-06,7.31168094744271e-06
0.45,12426.3060543413,12495.2730933447,12277.5377257005,452.298036067558,460.202025038365,456.343031810358,12426.3060543413,12495.2730933447,12277.5377257005,452.298025251423,460.202015181785,456.343022405665,12426.2697458,12495.2356868866,12277.5011099969,17.4265817090544,17.4514408066155,17.3744958078762,130889.611734794,129347.553146745,128616.011640919,0.130882896794818,0.129295091556949,0.128673815839579,126.47502117601,126.499107440264,126.477244270885,0.130882896794818,0.129295091556949,0.128673815839579,126.47502117601,126.499107440264,126.477244270885,0.132907336660548,0.132715115039801,0.132738376050708,126.47502117601,126.499107440264,126.477244270885,0.125208814214283,0.123933310555394,0.123019777698542,132971.172424896,132675.097913866,132711.455414179,0.132907336660548,0.132715115039801,0.132738376050708,132962.054701671,132680.740541329,132715.378535511,0.776274521358255,1.03289951698763,0.954379495727939,3757.18343790532,3719.70268400974,3690.02976162822,1398.76967919878,1410.16183443056,1385.74353284631,132962.05426588,132680.740923126,132715.378312065,0.776289251329685,1.03292416805512,0.954396316768378,0,0,0,4.0655635294752e-12,0,0,12426.3060543413,12495.2730933447,12277.5377257005,1.24263022697741e-05,1.2495266787805e-05,1.22775370593639e-05,12426.2697458,12495.2356868866,12277.5011099969,1.24262702937644e-05,1.24952334606155e-05,1.22775007850597e-05,130889.611734794,129347.553146745,128616.011640919,0.000130889611214968,0.000129347553137416,0.000128616011559867,126.47502117601,126.499107440264,126.477244270885,0.286411987732136,0.285595041049371,0.282086352716972,132968.879414696,132676.520063528,132712.476935507,0.000132968351776025,0.000132676832935244,0.000132712685730152,132962.05426588,132680.740923126,132715.378312065,0.000132961546467746,0.000132681041636359,0.000132715579303196,3757.18343790532,3719.70268400974,3690.02976162822,9.25614617259416e-06,4.96923181556734e-06,7.26895476457153e-06
0.451,12504.293559551,12433.3652706773,12285.3098960961,454.674401405247,461.113061965274,453.75992135933,12504.293559551,12433.3652706773,12285.3098960961,454.674390476566,461.113052178406,453.759911985915,12504.2568473175,12433.327862957,12285.2736140558,17.3639151410769,17.5497884893108,17.3167009817032,130975.930898376,128691.197210921,129437.213611815,0.130988812074885,0.12862865049807,0.129484574568319,116.917893820682,116.945376105234,116.916959563928,0.130988812074885,0.12862865049807,0.129484574568319,116.917893820682,116.945376105234,116.916959563928,0.132907299613732,0.1327680551598,0.132725786683473,116.917893820682,116.945376105234,116.916959563928,0.12539765338389,0.123257056761051,0.123746293383207,132971.087522309,132745.253619753,132681.588899687,0.132907299613732,0.1327680551598,0.132725786683473,132961.977852035,132747.935786218,132687.343987324,0.798839672714464,1.03528037768708,0.95249474860236,3762.42698045192,3699.6481269318,3712.03378063886,1407.99045033921,1404.07374645977,1384.88526527689,132961.977416204,132747.936166595,132687.343764254,0.798853952921002,1.0353043080046,0.952513491425583,0,0,0,4.08265072074665e-12,0,0,12504.293559551,12433.3652706773,12285.3098960961,1.25042897672344e-05,1.24333589911946e-05,1.22853092665154e-05,12504.2568473175,12433.327862957,12285.2736140558,1.25042574072428e-05,1.24333256403877e-05,1.2285273300595e-05,130975.930898376,128691.197210921,129437.213611815,0.000130975930304664,0.000128691197209005,0.000129437213596091,116.917893820682,116.945376105234,116.916959563928,0.286651795138663,0.283335370889439,0.282248790164607,132968.796539021,132745.937855607,132683.044543601,0.000132968269347165,0.000132746112396681,0.000132683392290348,132961.977416204,132747.936166595,132687.343764254,0.000132961470032392,0.000132748103788387,0.000132687678417622,3762.42698045192,3699.6481269318,3712.03378063886,9.20844063556089e-06,4.99374334575324e-06,7.23585483971961e-06
0.452,12544.1953036526,12360.2413642149,12342.2866755596,457.848832122332,460.198800210001,452.273848766281,12544.1953036526,12360.2413642149,12342.2866755596,457.848821115236,460.198790527925,452.273839355536,12544.1581517318,12360.2042019865,12342.2505089205,17.3707434712329,17.6258021610744,17.2184360286831,130555.000629206,128433.37345913,130366.036690909,0.130586713133286,0.128366915155053,0.130397954498869,108.00423827935,108.032494858579,107.999625361174,0.130586713133286,0.128366915155053,0.130397954498869,108.00423827935,108.032494858579,107.999625361174,0.132894476080338,0.132776088021584,0.132689512978936,108.00423827935,108.032494858579,107.999625361174,0.125086026350285,0.122917807952083,0.124635463905819,132952.034295091,132772.953275117,132631.770386048,0.132894476080338,0.132776088021584,0.132689512978936,132943.867137527,132773.497230517,132639.683003096,0.802177136814828,1.02798076047492,0.956694508118593,3752.66447890653,3689.58855625811,3739.01898094771,1413.6922438948,1395.87787167798,1389.82921576747,132943.866701756,132773.497607326,132639.682780194,0.802191415252558,1.02800204333333,0.95671413278044,0,0,0,4.08417765315958e-12,0,0,12544.1953036526,12360.2413642149,12342.2866755596,1.254419152769e-05,1.2360235122322e-05,1.23422860728084e-05,12544.1581517318,12360.2042019865,12342.2505089205,1.25441587289971e-05,1.23602019938134e-05,1.23422502032825e-05,130555.000629206,128433.37345913,130366.036690909,0.000130554999987737,0.000128433373436036,0.000130366036739529,108.00423827935,108.032494858579,107.999625361174,0.285862235383835,0.281317029042357,0.283139718669712,132949.984422233,132773.082207219,132633.749298517,0.000132949507281153,0.000132773098883654,0.000132634205887058,132943.866701756,132773.497607326,132639.682780194,0.000132943407413063,0.00013277351350575,0.000132640122011349,3752.66447890653,3689.58855625811,3739.01898094771,9.15463419939459e-06,4.99957293498367e-06,7.22782974888832e-06
0.453,12533.2051162581,12308.3297560704,12428.8351212827,460.635782518438,457.921929411612,452.61645008953,12533.2051162581,12308.3297560704,12428.8351212827,460.635771497713,457.921919825783,452.616440585431,12533.1676523023,12308.2929804682,12428.7987946001,17.4397925313555,17.6492087039797,17.1225054178057,129820.480281284,128716.905326314,131066.196101988,0.129868271808251,0.128653392282529,0.131079419613832,100.029584603269,100.055317123887,100.021163097728,0.129868271808251,0.128653392282529,0.131079419613832,100.029584603269,100.055317123887,100.021163097728,0.132877858000618,0.132836533449783,0.132683218639721,100.029584603269,100.055317123887,100.021163097728,0.124425095670845,0.123088945018945,0.125363211658265,132923.487467744,132853.515945597,132617.204117812,0.132877858000618,0.132836533449783,0.132683218639721,132916.854311239,132850.593916383,132626.055689179,0.818539518497776,1.02589065707283,0.952474824381098,3732.47808644739,3694.70373631507,3761.22594265691,1413.92193702511,1389.2228543793,1398.8943418639,132916.853876598,132850.594292085,132626.0554665,0.818555201566667,1.02591230451414,0.952495151071685,0,0,0,4.07041245306678e-12,0,0,12533.2051162581,12308.3297560704,12428.8351212827,1.25332013736104e-05,1.23083235467317e-05,1.24288345243694e-05,12533.1676523023,12308.2929804682,12428.7987946001,1.25331682456168e-05,1.23082907912484e-05,1.2428798489941e-05,129820.480281284,128716.905326314,131066.196101988,0.000129820479619464,0.000128716905265345,0.000131066196198772,100.029584603269,100.055317123887,100.021163097728,0.284116955894358,0.280158415718833,0.284128173783652,132921.821050382,132852.770892594,132619.422663154,0.000132921439677065,0.000132852626123616,0.000132619945728375,132916.853876598,132850.594292085,132626.0554665,0.000132916486669758,0.00013285045494199,0.000132626558604067,3732.47808644739,3694.70373631507,3761.22594265691,9.11862361253433e-06,4.98558972077594e-06,7.25028983069878e-06
0.454,12477.9372518321,12302.2074506093,12514.657952177,462.029132513476,455.332276633376,454.759650788667,12477.9372518321,12302.2074506093,12514.657952177,462.029121549486,455.3322670952,454.759641171321,12477.8997164677,12302.1710387065,12514.6212512015,17.5389416461912,17.6139339257365,17.0720753525465,129088.390697842,129473.161950486,131298.391542375,0.129185528145775,0.129310114503374,0.131213878642064,284.419316405212,643.007847541511,284.412185007816,0.129185528145775,0.129310114503374,0.131213878642064,284.419316405212,643.007847541511,284.412185007816,0.132916057644312,0.133048342463559,0.132691146767292,284.419316405212,643.007847541511,284.412185007816,0.123759346881542,0.123638830828346,0.125579196708321,132881.807092874,132892.131742207,132614.362611677,0.132916057644312,0.133048342463559,0.132691146767292,132877.029599098,132887.354557888,132623.403935954,0.795257280280243,1.02834820503528,0.97587978591155,3710.92831748904,3713.82557486129,3770.52378918239,1408.97748102101,1387.23619734177,1408.6978603653,132877.02916257,132887.354930139,132623.403712351,0.795270251369695,1.02836610911833,0.975898385651341,0,0,0,4.04802707994196e-12,0,0,12477.9372518321,12302.2074506093,12514.657952177,1.24779335460174e-05,1.23022012539149e-05,1.2514657337586e-05,12477.8997164677,12302.1710387065,12514.6212512015,1.24779003184955e-05,1.2302168864931e-05,1.25146209402683e-05,129088.390697842,129473.161950486,131298.391542375,0.000129088390078772,0.000129473161895633,0.000131298391576142,284.419316405212,643.007847541511,284.412185007816,0.282030138146654,0.28004245577057,0.28436615162699,132880.606860448,132890.921597539,132616.62977779,0.000132880321370847,0.000132890668954284,0.00013261716565178,132877.02916257,132887.354930139,132623.403712351,0.000132876754172087,0.000132887111814698,0.000132623919155001,3710.92831748904,3713.82557486129,3770.52378918239,9.11752068035165e-06,4.95847088729228e-06,7.29571241125212e-06
0.455,12403.0889497693,12348.3068162601,12567.5992527089,461.563047738567,453.582061064982,457.953666219157,12403.0889497693,12348.3068162601,12567.5992527089,461.563036886932,453.582051502323,457.953656513273,12403.0516056235,12348.2705796846,12567.562100332,17.6257527754188,17.5545988737335,17.088200281411,128696.070468523,130422.8705302,130992.485399614,0.129089831629735,0.12823025235744,0.129738369915193,4105.39741771966,9857.72439579725,4105.3945463634,0.129089831629735,0.12823025235744,0.129738369915193,4105.39741771966,9857.72439579725,4105.3945463634,0.134191441042385,0.135708051311476,0.132490339730767,4105.39741771966,9857.72439579725,4105.3945463634,0.123711452205187,0.122692175566121,0.12411935558086,132856.302161383,132917.518592863,132625.517586072,0.134191441042385,0.135708051311476,0.132490339730767,132853.083996974,132911.389115775,132634.05209275,0.783206910890248,0.969016423925682,0.9641035687965,3697.5307759719,3741.58845971899,3763.33233232301,1400.99633910233,1391.1792757563,1415.73393320888,132853.083554849,132911.389501986,132634.051868726,0.783215425052197,0.969044330125304,0.964121488747219,0,0,0,4.02676745514932e-12,0,0,12403.0889497693,12348.3068162601,12567.5992527089,1.24030852680058e-05,1.23483006047986e-05,1.25675986034177e-05,12403.0516056235,12348.2705796846,12567.562100332,1.24030522058461e-05,1.23482684106859e-05,1.25675617786824e-05,128696.070468523,130422.8705302,130992.485399614,0.000128696069864471,0.00013042287043986,0.000130992485418235,4105.39741771966,9857.72439579725,4105.3945463634,0.282647511188014,0.279262238857021,0.280343140762639,132855.501468333,132915.96427269,132627.660222754,0.000132855323406641,0.000132915628261574,0.000132628172728203,132853.083554849,132911.389501986,132634.051868726,0.000132852911786697,0.000132911066255727,0.00013263454485002,3697.5307759719,3741.58845971899,3763.33233232301,9.15408249274245e-06,4.92927677052924e-06,7.34974535205238e-06
0.456,12341.5542920178,12431.252948626,12570.1668528634,459.527275382351,453.54767121778,460.988430703518,12341.5542920178,12431.252948626,12570.1668528634,459.527264655576,453.547661563286,460.988420967694,12341.5173182386,12431.216617072,12570.1293459034,17.6650563271173,17.4969650431274,17.1538004630624,128836.996192905,131221.988098835,130299.915187442,0.129096529424602,0.124885441334608,0.127352586439047,8541.29433353427,20452.4337193709,8541.29230150429,0.129096529424602,0.124885441334608,0.127352586439047,8541.29433353427,20452.4337193709,8541.29230150429,0.136681583512578,0.139627197449261,0.131519136927469,8541.29433353427,20452.4337193709,8541.29230150429,0.123782641307011,0.119630967881521,0.121650209856754,132808.818660168,132938.2656251,132635.063908247,0.136681583512578,0.139627197449261,0.131519136927469,132807.709453394,132931.155171431,132642.954631323,0.76492155726926,0.976688498051689,0.984836459426111,3698.28355079018,3767.9565188635,3743.35167751717,1393.64504983835,1399.90736677275,1417.4839454294,132807.70900314,132931.155566421,132642.954412382,0.764925735219533,0.976714767892468,0.984859744011437,0,0,0,4.01673030784058e-12,0,0,12341.5542920178,12431.252948626,12570.1668528634,1.23415506108863e-05,1.24312466989156e-05,1.25701661651057e-05,12341.5173182386,12431.216617072,12570.1293459034,1.23415179064661e-05,1.24312144396592e-05,1.25701290133573e-05,128836.996192905,131221.988098835,130299.915187442,0.000128836995599252,0.000131221987942587,0.000130299915198895,8541.29433353427,20452.4337193709,8541.29230150429,0.284758058813808,0.275181235445298,0.272583830908273,132808.552331479,132936.462249167,132637.067978203,0.000132808480951177,0.0001329360732312,0.000132637527384942,132807.70900314,132931.155566421,132642.954412382,0.000132807639852297,0.000132930781310842,0.000132643396303919,3698.28355079018,3767.9565188635,3743.35167751717,9.21539519256207e-06,4.91185446473312e-06,7.39241192091988e-06
0.457,12321.5086956641,12521.0234751452,12524.2930629575,456.840015436887,455.38914917716,462.744146430024,12321.5086956641,12521.0234751452,12524.2930629575,456.840004797644,455.389139395865,462.74413673281,12321.4721121796,12520.9868084933,12524.255429841,17.6429644924745,17.4684360204115,17.2318247443506,129489.539590097,131588.868210407,129525.026169301,0.128677405809151,0.119503471983148,0.125133426088814,13257.1219761359,31656.3464761102,13257.1214028426,0.128677405809151,0.119503471983148,0.125133426088814,13257.1219761359,31656.3464761102,13257.1214028426,0.139972680716856,0.143185259016406,0.12951241523141,13257.1219761359,31656.3464761102,13257.1214028426,0.123434030579997,0.114554609078361,0.119242703545404,132787.2867874,132943.807490358,132674.024327105,0.139972680716856,0.143185259016406,0.12951241523141,132787.580011884,132936.370626405,132680.326051774,0.763254227404299,0.884777864524721,0.977512297488175,3713.59018183991,3783.70473683145,3719.36912161955,1390.35427527719,1410.31860068519,1413.55785184355,132787.579551482,132936.371028969,132680.32583226,0.763253475645383,0.88480979113949,0.977532921485441,0,0,0,4.02338290975717e-12,0,0,12321.5086956641,12521.0234751452,12524.2930629575,1.23215049904084e-05,1.25210171770732e-05,1.25242923475372e-05,12321.4721121796,12520.9868084933,12524.255429841,1.23214726827123e-05,1.25209846123509e-05,1.25242550905109e-05,129489.539590097,131588.868210407,129525.026169301,0.00012948953899363,0.000131588867993709,0.000129525026157858,13257.1219761359,31656.3464761102,13257.1214028426,0.286653844545746,0.266296422629247,0.263065336720048,132787.393168458,132941.918082039,132675.631260259,0.000132787417267858,0.000132941508473412,0.000132676016148552,132787.579551482,132936.371028969,132680.32583226,0.000132787602201979,0.00013293597696125,0.000132680696057612,3713.59018183991,3783.70473683145,3719.36912161955,9.27887464106843e-06,4.9150030127193e-06,7.40891629962218e-06
0.458,12354.6553107411,12585.1822396928,12450.7779770242,454.712342116548,458.497977298202,462.605606544799,12354.6553107411,12585.1822396928,12450.7779770242,454.712331491834,458.497967401803,462.605596938373,12354.6189646146,12585.1451243663,12450.7404913748,17.5724477133627,17.4861700713729,17.2803909711714,130424.333689514,131409.990715639,129011.519994432,0.127462836999089,0.113065960441639,0.124151856629584,17712.3044355225,42182.9961280546,17712.3057096236,0.127462836999089,0.113065960441639,0.124151856629584,17712.3044355225,42182.9961280546,17712.3057096236,0.143246063309814,0.145038412829435,0.12653980512675,17712.3044355225,42182.9961280546,17712.3057096236,0.122293944487749,0.108297469396321,0.117995602078188,132752.557066417,132939.583965811,132684.697322586,0.143246063309814,0.145038412829435,0.12653980512675,132754.400516558,132932.340357647,132689.992115189,0.754899664191257,0.891940301762469,0.979228018184298,3738.10928752859,3783.80096710471,3701.79461457778,1392.97267443932,1418.65014112697,1405.80143223743,132754.40004664,132932.340756996,132689.991905581,0.754894737572858,0.891972147870781,0.979259185836064,0,0,0,4.0454073728306e-12,0,0,12354.6553107411,12585.1822396928,12450.7779770242,1.23546515655384e-05,1.25851759004157e-05,1.2450777255456e-05,12354.6189646146,12585.1451243663,12450.7404913748,1.23546195187521e-05,1.25851429061269e-05,1.2450740152176e-05,130424.333689514,131409.990715639,129011.519994432,0.000130424333060562,0.00013140999046467,0.000129011519953363,17712.3044355225,42182.9961280546,17712.3057096236,0.286702225910066,0.25268474963056,0.254551235335392,132753.046896102,132937.742013233,132686.017417086,0.000132753146654283,0.00013293734227326,0.000132686317121238,132754.40004664,132932.340756996,132689.991905581,0.000132754495419421,0.000132931956174251,0.000132690280224307,3738.10928752859,3783.80096710471,3701.79461457778,9.32135117481245e-06,4.93894939898248e-06,7.39470567005852e-06
0.459,12430.0725391645,12600.9604312659,12382.2924187042,454.165045148088,461.737175191687,460.704400730918,12430.0725391645,12600.9604312659,12382.2924187042,454.165034458094,461.737165235261,460.704391234467,12430.0361645466,12600.9229247854,12382.2552906456,17.4942915607517,17.5461271734015,17.2740060216584,131293.453730405,130788.315101811,129003.086952974,0.124743787360203,0.107063225908764,0.124723938471178,23557.0909562481,51030.5435556113,20219.1703905852,0.124743787360203,0.107063225908764,0.124723938471178,23557.0909562481,51030.5435556113,20219.1703905852,0.146710877323012,0.144493918012885,0.123677700489493,23557.0909562481,51030.5435556113,20219.1703905852,0.119751596060744,0.102220118394025,0.118298393884302,132734.716730967,132931.197280548,132706.707789233,0.146710877323012,0.144493918012885,0.123677700489493,132737.330797043,132924.403560159,132710.834137814,0.754459545945895,0.766614896354662,0.978614061460365,3763.65771114608,3768.58306173298,3698.49865647997,1400.93517120617,1421.97246994,1397.64229765343,132737.330320013,132924.40394009,132710.833928702,0.754455682420842,0.766641899450613,0.978643908916957,0,0,0,4.07506874987796e-12,0,0,12430.0725391645,12600.9604312659,12382.2924187042,1.24300687542368e-05,1.26009540723535e-05,1.23822917149553e-05,12430.0361645466,12600.9229247854,12382.2552906456,1.24300367100844e-05,1.26009206892913e-05,1.23822549586717e-05,131293.453730405,130788.315101811,129003.086952974,0.000131293452953427,0.000130788314918911,0.00012900308690114,23557.0909562481,51030.5435556113,20219.1703905852,0.28386862907119,0.236045758930823,0.249795741137338,132735.381770209,132929.456771277,132707.732377565,0.000132735524020058,0.000132929086339293,0.000132707960526974,132737.330320013,132924.40394009,132710.833928702,0.000132737466552844,0.000132924047555826,0.000132711053403067,3763.65771114608,3768.58306173298,3698.49865647997,9.32889047796863e-06,4.9746095691786e-06,7.35658282994549e-06
0.46,12521.3698363957,12565.7120152932,12349.0517009323,455.570104735647,463.912871392157,457.853813679929,12521.3698363957,12565.7120152932,12349.0517009323,455.570093939081,463.912861452089,457.853804273274,12521.3331727807,12565.6743233719,12349.0149952939,17.4487024363635,17.6193660368818,17.2106070262768,131795.00886144,129992.307441879,129539.50882777,0.119795053067366,0.102972793090475,0.125736708554298,32537.4248956002,57523.1895261654,20492.0721804223,0.119795053067366,0.102972793090475,0.125736708554298,32537.4248956002,57523.1895261654,20492.0721804223,0.150364155668022,0.141733683501081,0.12262700348802,32537.4248956002,57523.1895261654,20492.0721804223,0.11511677229726,0.0978062851856195,0.119093425292707,132730.255366953,132912.434172423,132728.607285058,0.150364155668022,0.141733683501081,0.12262700348802,132733.149801001,132906.579270524,132731.695065817,0.783054844739969,0.800365496617252,0.950722067352164,3782.38690531165,3744.77452207986,3710.68675735519,1411.51928681591,1419.28495661346,1392.74005812518,132733.149314887,132906.579632012,132731.694864656,0.783046960422244,0.800396038816421,0.950764692813741,0,0,0,4.10149780649665e-12,0,0,12521.3698363957,12565.7120152932,12349.0517009323,1.25213660267963e-05,1.25657056633281e-05,1.23490510319747e-05,12521.3331727807,12565.6743233719,12349.0149952939,1.25213337202111e-05,1.25656720811162e-05,1.23490146749375e-05,131795.00886144,129992.307441879,129539.50882777,0.00013179500800402,0.000129992307262489,0.000129539508777542,32537.4248956002,57523.1895261654,20492.0721804223,0.276675703775617,0.219350357950518,0.248693874186555,132730.994895336,132910.945549295,132729.386457194,0.000132731156932272,0.000132910617809689,0.000132729552256496,132733.149314887,132906.579632012,132731.694864656,0.000132733304548647,0.00013290626427899,0.000132731854422588,3782.38690531165,3744.77452207986,3710.68675735519,9.30127579539166e-06,5.00767980728421e-06,7.3113405923578e-06
0.461,12594.1875775,12495.9786604785,12368.0866561435,458.483554950177,464.244876024411,455.268518012597,12594.1875775,12495.9786604785,12368.0866561435,458.483544069334,464.244866167535,455.268508635338,12594.150472169,12495.9410590574,12368.0502559529,17.4539306272211,17.6713718916328,17.1074694411333,131753.573472603,129376.26161281,130430.288214583,0.113420183964755,0.101541697015666,0.125760753991904,42245.1857217845,61537.401424519,21005.3173123139,0.113420183964755,0.101541697015666,0.125760753991904,42245.1857217845,61537.401424519,21005.3173123139,0.152738641273557,0.137757260611791,0.124067185128068,42245.1857217845,61537.401424519,21005.3173123139,0.108995741939568,0.0959404703006394,0.119038849501901,132730.28007393,132922.101155374,132729.1981429,0.152738641273557,0.137757260611791,0.124067185128068,132733.17422715,132916.4267173,132731.947879082,0.789717945884623,0.691897741335978,0.948937977750017,3786.6222760881,3724.35959673667,3733.89775300357,1420.90431291857,1411.92234659358,1393.54257738117,132733.173741152,132916.42704634,132731.947676106,0.789710153826433,0.691915678453644,0.948981712463802,0,0,0,4.11504734389588e-12,0,0,12594.1875775,12495.9786604785,12368.0866561435,1.25941837676012e-05,1.24959723376449e-05,1.23680860244098e-05,12594.150472169,12495.9410590574,12368.0502559529,1.25941510306854e-05,1.24959388228302e-05,1.2368049946748e-05,131753.573472603,129376.26161281,130430.288214583,0.000131753572378744,0.00012937626150152,0.000130430288281432,42245.1857217845,61537.401424519,21005.3173123139,0.264808672748967,0.205994014160865,0.248647376431535,132731.019601191,132920.686735609,132729.913159526,0.000132731181736942,0.000132920404174775,0.000132730033825812,132733.173741152,132916.42704634,132731.947676106,0.000132733329067028,0.000132916155177591,0.000132732063804087,3786.6222760881,3724.35959673667,3733.89775300357,9.24968402622876e-06,5.02681978133017e-06,7.28054861654968e-06
0.462,12623.5711498969,12421.7742134088,12435.2480810363,461.850051517707,462.657025813798,454.068654570869,12623.5711498969,12421.7742134088,12435.2480810363,461.850040631341,462.657016072648,454.068645145442,12623.533617262,12421.7369449758,12435.2117395469,17.5060253845823,17.6741006887312,16.9961293921004,131216.920315136,129220.213742182,131361.005275189,0.107042192438943,0.102308290121363,0.123678989695449,50968.5897853519,63329.0076611275,24820.2610273629,0.107042192438943,0.102308290121363,0.123678989695449,50968.5897853519,63329.0076611275,24820.2610273629,0.152989307665993,0.13403002463902,0.127734427410288,50968.5897853519,63329.0076611275,24820.2610273629,0.102650628591198,0.0963096670232662,0.117039080124858,132720.627192368,132878.041204077,132749.639829846,0.152989307665993,0.13403002463902,0.127734427410288,132723.704295701,132873.894889251,132751.594194275,0.803278739981513,0.693233787118156,0.888316216510851,3775.04096709547,3716.7591342922,3760.1278591675,1425.77654364728,1403.03722540022,1400.17513034997,132723.703820728,132873.895199388,132751.593993256,0.803273671087944,0.693252458492359,0.888371397264132,0,0,0,4.11106143689939e-12,0,0,12623.5711498969,12421.7742134088,12435.2480810363,1.26235673634697e-05,1.24217679287887e-05,1.2435247473851e-05,12623.533617262,12421.7369449758,12435.2117395469,1.26235341913531e-05,1.24217347248228e-05,1.24352114364212e-05,131216.920315136,129220.213742182,131361.005275189,0.000131216918997553,0.000129220213654249,0.000131361005507021,50968.5897853519,63329.0076611275,24820.2610273629,0.249489228031089,0.19822374445939,0.246483028033823,132721.416346921,132877.011897446,132750.163380481,0.00013272156501809,0.000132876771923732,0.000132750254891441,132723.703820728,132873.895199388,132751.593993256,0.000132723846196783,0.000132873664334328,0.000132751682061159,3775.04096709547,3716.7591342922,3760.1278591675,9.19627449837625e-06,5.02620371164201e-06,7.27883889946403e-06
0.463,12600.1551881724,12376.1441111986,12526.6353428156,464.425592009972,459.811843900289,454.833161148002,12600.1551881724,12376.1441111986,12526.6353428156,464.425581220429,459.811834259168,454.833151609064,12600.11740341,12376.1072869185,12526.5987819638,17.5806896851593,17.6156609548639,16.910965426333,130420.332837301,129628.195594289,131989.928125523,0.10222950501411,0.103825536507453,0.119262336715036,57845.5895968302,63677.2912240423,32167.2038964322,0.10222950501411,0.103825536507453,0.119262336715036,57845.5895968302,63677.2912240423,32167.2038964322,0.151015492911342,0.132129231950282,0.132028136291064,57845.5895968302,63677.2912240423,32167.2038964322,0.0975962352343289,0.0975919541926997,0.112775392445293,132754.865455292,132897.741106008,132748.506591836,0.151015492911342,0.132129231950282,0.132028136291064,132756.862112488,132893.340211372,132750.327709588,0.811290746958046,0.617127344093291,0.88105113010006,3753.69766602452,3725.76031517249,3779.48284756465,1424.543168407,1396.48363895335,1410.36714073211,132756.861657049,132893.3405015,132750.327506144,0.811287834257909,0.617127366645454,0.88110761654928,0,0,0,4.09156304714402e-12,0,0,12600.1551881724,12376.1441111986,12526.6353428156,1.26001514395788e-05,1.23761378566828e-05,1.25266347372556e-05,12600.11740341,12376.1072869185,12526.5987819638,1.26001179910323e-05,1.23761050860919e-05,1.25265984772255e-05,130420.332837301,129628.195594289,131989.928125523,0.00013042033133178,0.000129628195467709,0.000131989928554174,57845.5895968302,63677.2912240423,32167.2038964322,0.233365196028605,0.195775498486691,0.239756192709512,132755.379260296,132896.624811784,132748.989648246,0.000132755507348965,0.000132896419652496,0.000132749066941567,132756.861657049,132893.3405015,132750.327506144,0.000132756984308998,0.000132893143040388,0.00013275040193877,3753.69766602452,3725.76031517249,3779.48284756465,9.16557506195034e-06,5.00638253527617e-06,7.30871830162522e-06
0.464,12535.4096935055,12381.1803209283,12608.610484682,465.277598762801,456.87166762253,457.336070389603,12535.4096935055,12381.1803209283,12608.610484682,465.277588157647,456.871658022125,457.33606071171,12535.371927279,12381.1438706317,12608.5735096411,17.6434737775513,17.5065569916728,16.8765852374036,129711.093566753,130470.976363504,132097.028241807,0.100035483091617,0.104346929034331,0.113098906695945,62358.6580257294,63722.4296961436,41057.428726878,0.100035483091617,0.104346929034331,0.113098906695945,62358.6580257294,63722.4296961436,41057.428726878,0.147519991183221,0.132808665496674,0.135310642230072,62358.6580257294,63722.4296961436,41057.428726878,0.0949533230383949,0.098086450149353,0.106709649113218,132724.512755124,132859.551064998,132750.853335401,0.147519991183221,0.132808665496674,0.135310642230072,132727.076338954,132856.264609107,132752.595214782,0.816286327720551,0.61639483313698,0.790051021773588,3732.43426237947,3748.60498164899,3784.82525238384,1417.94530062798,1395.23108261653,1420.41581393824,132727.075910188,132856.264899632,132752.595011351,0.816289960066169,0.616395956134234,0.790115580011956,0,0,0,4.06458587679055e-12,0,0,12535.4096935055,12381.1803209283,12608.610484682,1.25354059818991e-05,1.23811740740406e-05,1.26086098571775e-05,12535.371927279,12381.1438706317,12608.5735096411,1.25353725205368e-05,1.23811416839677e-05,1.26085731961485e-05,129711.093566753,130470.976363504,132097.028241807,0.000129711091927918,0.000130470976125987,0.000132097028881264,62358.6580257294,63722.4296961436,41057.428726878,0.219618685282238,0.19575037940967,0.227463487142963,132725.160174897,132858.68722306,132751.316168493,0.000132725266961447,0.000132858506066435,0.000132751390724419,132727.075910188,132856.264899632,132752.595011351,0.000132727178071396,0.000132856090558563,0.000132752666808691,3732.43426237947,3748.60498164899,3784.82525238384,9.17300415424059e-06,4.97566123044379e-06,7.35997306388003e-06
0.465,12457.4961540045,12438.3577066475,12651.5086633365,464.131547238764,455.056126286517,460.642051957954,12457.4961540045,12438.3577066475,12651.5086633365,464.131536856858,455.056116646512,460.642042165836,12457.4586710817,12438.3214038438,12651.4712384632,17.6621553534284,17.3745013504965,16.8972767670148,129410.269095432,131441.999518046,131666.738837397,0.100352680300197,0.102566198627888,0.10645806286154,64646.807531939,64676.0848800159,49688.5198379195,0.100352680300197,0.102566198627888,0.10645806286154,64646.807531939,64676.0848800159,49688.5198379195,0.143874625945323,0.135863528026757,0.136388921573618,64646.807531939,64676.0848800159,49688.5198379195,0.0947832704724936,0.0964502638626307,0.0999881146408496,132774.580980026,132880.510665686,132752.200671363,0.143874625945323,0.135863528026757,0.136388921573618,132775.638551456,132876.789218673,132753.916595712,0.820218571374081,0.58439981169366,0.778217465452631,3721.10542176378,3777.05292536556,3774.51777584638,1408.81007519363,1400.11054219147,1426.69460254387,132775.638146578,132876.789510224,132753.916393785,0.820226726078827,0.584385873911461,0.778282436140048,0,0,0,4.04122953641059e-12,0,0,12457.4961540045,12438.3577066475,12651.5086633365,1.24574924631069e-05,1.24383514395807e-05,1.26515079989494e-05,12457.4586710817,12438.3214038438,12651.4712384632,1.24574592591955e-05,1.24383192197004e-05,1.26514709124605e-05,129410.269095432,131441.999518046,131666.738837397,0.000129410267391806,0.000131441999099251,0.000131666739680933,64646.807531939,64676.0848800159,49688.5198379195,0.210825307178176,0.194136182585441,0.210326438854771,132774.849865967,132879.547940359,132752.657824713,0.000132774939822587,0.00013287937991466,0.000132752736060839,132775.638146578,132876.789510224,132753.916393785,0.000132775724105577,0.000132876627826397,0.000132753991735243,3721.10542176378,3777.05292536556,3774.51777584638,9.21827624006645e-06,4.94704840563147e-06,7.41391307175316e-06
0.466,12400.6052769274,12527.7300150221,12641.056742867,461.477271300552,455.145574889985,463.49955126973,12400.6052769274,12527.7300150221,12641.056742867,461.47726111736,455.14556514207,463.499541427084,12400.5682318042,12527.6935704923,12641.0190032096,17.6200715540416,17.2563021238143,16.954952283453,129677.300157939,132185.718722051,130894.622084141,0.101884114774252,0.0978903441613857,0.100970904372761,65265.8253735585,67316.4260038559,56812.3694694414,0.101884114774252,0.0978903441613857,0.100970904372761,65265.8253735585,67316.4260038559,56812.3694694414,0.141482546620665,0.139941059108372,0.134923493077031,65265.8253735585,67316.4260038559,56812.3694694414,0.0959621235659917,0.0919958051766507,0.0941798462558692,132730.956541022,132861.267897872,132745.037811172,0.141482546620665,0.139941059108372,0.134923493077031,132733.121853582,132858.147103665,132746.984404284,0.808587463434439,0.580074132745333,0.671157666362489,3725.541191862,3800.76352693457,3753.09739515154,1401.0088690992,1409.4398412223,1427.05412879998,132733.121468062,132858.147405258,132746.98420183,0.808604022347401,0.580060929571431,0.671223910254015,0,0,0,4.03132249640653e-12,0,0,12400.6052769274,12527.7300150221,12641.056742867,1.24006015811186e-05,1.25277237060981e-05,1.26410560409385e-05,12400.5682318042,12527.6935704923,12641.0190032096,1.24005688053e-05,1.25276913755666e-05,1.26410186656722e-05,129677.300157939,132185.718722051,130894.622084141,0.000129677298460034,0.000132185718064703,0.000130894623108091,65265.8253735585,67316.4260038559,56812.3694694414,0.20735054554294,0.187447270179259,0.190734194711834,132731.531136984,132860.474054989,132745.557585073,0.000132731612072839,0.000132860310527351,0.000132745640351339,132733.121468062,132858.147405258,132746.98420183,0.0001327331988179,0.000132857990018105,0.000132747063864343,3725.541191862,3800.76352693457,3753.09739515154,9.28548991514084e-06,4.93315492163082e-06,7.45100850793657e-06
0.467,12391.1684793955,12616.4017933724,12583.7494320944,458.396745606282,457.144331443627,464.84429805281,12391.1684793955,12616.4017933724,12583.7494320944,458.39673554033,457.144321560129,464.844288237187,12391.1318495817,12616.3649741424,12583.7116313156,17.5210916675647,17.1825003703024,17.016576890174,130439.048838334,132438.668972468,130116.611665109,0.102888869216379,0.0906511476965725,0.0979527969564423,65266.0669155582,71547.7884442001,61811.3006240534,0.102888869216379,0.0906511476965725,0.0979527969564423,65266.0669155582,71547.7884442001,61811.3006240534,0.141474136272966,0.143527000391065,0.13144470176427,65266.0669155582,71547.7884442001,61811.3006240534,0.0968292087467142,0.0849080747708517,0.0906612042616547,132775.448293154,132868.842892186,132752.434222284,0.141474136272966,0.143527000391065,0.13144470176427,132776.562869393,132865.518378733,132754.220429643,0.80012983754619,0.579523045483004,0.660463912640694,3745.04196266341,3811.36644393586,3729.67695829795,1397.94229908768,1419.7430127035,1421.62731139177,132776.562492018,132865.518684205,132754.220231089,0.800152651831978,0.579505928722606,0.660529092332152,0,0,0,4.03931130741754e-12,0,0,12391.1684793955,12616.4017933724,12583.7494320944,1.23911647540949e-05,1.26163954358383e-05,1.25837487065045e-05,12391.1318495817,12616.3649741424,12583.7116313156,1.2391132404315e-05,1.2616362758954e-05,1.25837112876346e-05,130439.048838334,132438.668972468,130116.611665109,0.000130439047208727,0.000132438668043795,0.000130116612825102,65266.0669155582,71547.7884442001,61811.3006240534,0.207067358787473,0.173534108734864,0.172349390525488,132775.798375272,132867.996444897,132752.907684128,0.000132775878828132,0.000132867833029641,0.000132752990811896,132776.562492018,132865.518684205,132754.220231089,0.000132776639351295,0.000132865361408976,0.000132754300251233,3745.04196266341,3811.36644393586,3729.67695829795,9.34990269410909e-06,4.94091467799343e-06,7.45846019981648e-06
0.468,12436.4951365788,12672.0246155653,12504.6577919138,456.160078172524,460.276687836336,464.205914577383,12436.4951365788,12672.0246155653,12504.6577919138,456.160068116418,460.276677841142,464.205904849681,12436.4587271606,12671.9873360507,12504.6202064772,17.3901160254935,17.1663215309981,17.0473709491466,131420.247761402,132129.156433729,129679.161964282,0.101826360572726,0.0820315821110636,0.0976593142526454,65846.3449457682,76622.6716878961,64563.899256965,0.101826360572726,0.0820315821110636,0.0976593142526454,65846.3449457682,76622.6716878961,64563.899256965,0.143775503538679,0.145286067374581,0.127256384003302,65846.3449457682,76622.6716878961,64563.899256965,0.0958360388326778,0.0761947760455082,0.0898561346324673,132735.58052461,132872.503860976,132746.668833957,0.143775503538679,0.145286067374581,0.127256384003302,132737.773312729,132869.096600576,132748.603453313,0.767266388934039,0.573684476794162,0.56409751150456,3772.68007486756,3805.62599142712,3714.46787947062,1401.11297312127,1427.2000874683,1412.79843547883,132737.772935644,132869.096902715,132748.603250788,0.767297433890907,0.57366704856993,0.564154723936098,0,0,0,4.06231405601421e-12,0,0,12436.4951365788,12672.0246155653,12504.6577919138,1.24364913685883e-05,1.26720182202075e-05,1.25046570661048e-05,12436.4587271606,12671.9873360507,12504.6202064772,1.24364592662218e-05,1.26719850987042e-05,1.25046198644325e-05,131420.247761402,132129.156433729,129679.161964282,0.000131420246247427,0.000132129155232896,0.000129679163200156,65846.3449457682,76622.6716878961,64563.899256965,0.20634441586746,0.151960364991059,0.159000442210882,132736.176700808,132871.638032553,132747.178624587,0.000132736263687699,0.000132871475448825,0.000132747254443881,132737.772935644,132869.096902715,132748.603250788,0.000132737856071256,0.000132868940428683,0.000132748676228931,3772.68007486756,3805.62599142712,3714.46787947062,9.38808571991756e-06,4.96848520128742e-06,7.4350001006229e-06
0.469,12521.4052535032,12675.3558232623,12438.1738308896,455.715122729126,463.320333005846,461.885342117728,12521.4052535032,12675.3558232623,12438.1738308896,455.715112592314,463.320322963613,461.885332499057,12521.3687768401,12675.3181745351,12438.1366516491,17.2630198411326,17.1978624927768,17.0246893805945,132259.220364975,131404.783354523,129796.204077148,0.0979169268916667,0.0739981092109857,0.0990681733975872,67891.0256064958,81477.7293479078,65516.8719638268,0.0979169268916667,0.0739981092109857,0.0990681733975872,67891.0256064958,81477.7293479078,65516.8719638268,0.147552132062113,0.144667786405519,0.124058062184762,67891.0256064958,81477.7293479078,65516.8719638268,0.0921173503128009,0.0676798089956832,0.0909012639107133,132759.734724147,132854.541618973,132759.991499231,0.147552132062113,0.144667786405519,0.124058062184762,132761.300217257,132851.675516568,132761.405324566,0.739470109672336,0.579195499874999,0.559944157476644,3798.25329861847,3786.63408129629,3714.60475286779,1409.46623826679,1429.15254387188,1404.34175979677,132761.299834425,132851.675808605,132761.40512306,0.739507258215226,0.579185338407429,0.559999669123233,0,0,0,4.09136817290248e-12,0,0,12521.4052535032,12675.3558232623,12438.1738308896,1.25214014464515e-05,1.26753494139706e-05,1.24381731288651e-05,12521.3687768401,12675.3181745351,12438.1366516491,1.2521369309305e-05,1.26753159213187e-05,1.24381363184509e-05,132259.220364975,131404.783354523,129796.204077148,0.000132259218997503,0.000131404781909132,0.000129796205320494,67891.0256064958,81477.7293479078,65516.8719638268,0.20167080208799,0.12363224489538,0.152592932585309,132760.138580796,132853.814309892,132760.356488934,0.000132760235180361,0.000132853658383885,0.000132760416026976,132761.299834425,132851.675808605,132761.40512306,0.000132761392200243,0.000132851525740935,0.000132761462439134,3798.25329861847,3786.63408129629,3714.60475286779,9.38696926238399e-06,5.00595759228812e-06,7.3914140440735e-06
0.47,12614.6918977747,12627.5052504961,12414.4044197519,457.283528056597,465.108206006903,458.851765464517,12614.6918977747,12627.5052504961,12414.4044197519,457.283517803144,465.108195996748,458.851755926275,12614.6550928007,12627.4674628123,12414.3676711078,17.1744704755412,17.2487474172689,16.9464528714852,132653.602804225,130580.2357216,130455.328087632,0.0911846932256959,0.0687033717123004,0.100415248224798,71606.7277058687,85307.4287625617,65563.8145460032,0.0911846932256959,0.0687033717123004,0.100415248224798,71606.7277058687,85307.4287625617,65563.8145460032,0.151233983832164,0.141949001624488,0.1232581278764,71606.7277058687,85307.4287625617,65563.8145460032,0.085562955379557,0.0615561743384035,0.0920949395493612,132742.869293482,132875.477052042,132761.585494977,0.151233983832164,0.141949001624488,0.1232581278764,132744.946021469,132872.184967548,132762.641699057,0.686844723690265,0.576388479836047,0.50345498602373,3812.46091583254,3762.74351759747,3731.03058460997,1419.84762991464,1425.11144415924,1399.95898150269,132744.945633561,132872.185239032,132762.641488642,0.68688781846442,0.576377731121434,0.503495387786664,0,0,0,4.1152242092277e-12,0,0,12614.6918977747,12627.5052504961,12414.4044197519,1.26146880703405e-05,1.26274988549965e-05,1.24144037562277e-05,12614.6550928007,12627.4674628123,12414.3676711078,1.26146556299205e-05,1.26274652057435e-05,1.24143673503792e-05,132653.602804225,130580.2357216,130455.328087632,0.000132653601596932,0.000130580234091181,0.000130455329270747,71606.7277058687,85307.4287625617,65563.8145460032,0.190784685464441,0.0909268302324568,0.151479979031193,132743.402936608,132874.649218983,132761.830508968,0.000132743507185683,0.000132874509702955,0.00013276186606337,132744.945633561,132872.185239032,132762.641488642,0.000132745045329682,0.00013287205092723,0.000132762675786093,3812.46091583254,3762.74351759747,3731.03058460997,9.34879465227845e-06,5.03953234432295e-06,7.3466811686599e-06
0.471,12682.0545206282,12549.683407477,12446.434011684,460.261630512278,464.984585049116,456.383368818953,12682.0545206282,12549.683407477,12446.434011684,460.261620175071,464.98457513394,456.383359293285,12682.017256668,12549.6457618942,12446.3975359806,17.1433757505404,17.2847009308757,16.832602296464,132475.336070749,130017.961889951,131421.501292864,0.0826196700823189,0.0672994924978442,0.100035453078852,76354.0329816613,87664.7620033376,65868.5979502311,0.0826196700823189,0.0672994924978442,0.100035453078852,76354.0329816613,87664.7620033376,65868.5979502311,0.153557616761643,0.138132525575862,0.125284698461684,76354.0329816613,87664.7620033376,65868.5979502311,0.0769832348870243,0.0592935037488156,0.0917370851982738,132742.914032163,132830.89030442,132775.934282398,0.153557616761643,0.138132525575862,0.125284698461684,132744.988626566,132828.918084364,132776.418776728,0.640014762827231,0.564274030254059,0.503635910489288,3810.48147856701,3744.43974049233,3758.01850820376,1428.33580030477,1416.94884456668,1401.74481780695,132744.988238565,132828.918340179,132776.418563081,0.640060992217353,0.564278012416164,0.503675853128645,0,0,0,4.1248830743771e-12,0,0,12682.0545206282,12549.683407477,12446.434011684,1.26820506989359e-05,1.25496770464822e-05,1.24464333855761e-05,12682.017256668,12549.6457618942,12446.3975359806,1.26820178072713e-05,1.25496435141189e-05,1.24463972261364e-05,132475.336070749,130017.961889951,131421.501292864,0.000132475335021475,0.000130017960152375,0.000131421502359417,76354.0329816613,87664.7620033376,65868.5979502311,0.172977796824775,0.0569028072309929,0.151177061222924,132743.447217555,132830.38179603,132776.055608935,0.000132743551462292,0.000132830270469868,0.000132776062988401,132744.988238565,132828.918340179,132776.418563081,0.000132745087930063,0.000132828811196806,0.00013277642571771,3810.48147856701,3744.43974049233,3758.01850820376,9.29039060728196e-06,5.05706855913736e-06,7.32067130067983e-06
0.472,12699.6356472481,12475.5273801426,12524.4580643851,463.480988191498,463.05120866385,455.558730233975,12699.6356472481,12475.5273801426,12524.4580643851,463.480977856902,463.051198865934,455.558720640468,12699.5979713987,12475.4900986048,12524.4215852434,17.1658206772452,17.2788432193633,16.7176501406333,131819.439292014,129981.065210405,132337.02529631,0.0739966034020598,0.0689076329066299,0.096865273248176,81211.0006299705,88651.2827657022,67443.3997325285,0.0739966034020598,0.0689076329066299,0.096865273248176,81211.0006299705,88651.2827657022,67443.3997325285,0.153707285741246,0.134824444749678,0.129306536284405,81211.0006299705,88651.2827657022,67443.3997325285,0.0679808691563209,0.0603397713175766,0.0886657109851538,132761.326560556,132857.945988144,132782.024180768,0.153707285741246,0.134824444749678,0.129306536284405,132762.792247722,132855.610373629,132782.181576162,0.577615982249399,0.565183905533033,0.495903852380806,3793.80434339335,3740.154135579,3785.60148594122,1431.82431141873,1408.2295468388,1409.26849069924,132762.791867663,132855.610612401,132782.18135357,0.57766394538728,0.565188395092308,0.495930886729366,0,0,0,4.11703437241098e-12,0,0,12699.6356472481,12475.5273801426,12524.4580643851,1.26996318546883e-05,1.24755210590589e-05,1.25244574590929e-05,12699.5979713987,12475.4900986048,12524.4215852434,1.26995985385579e-05,1.24754878692928e-05,1.25244212800996e-05,131819.439292014,129981.065210405,132337.02529631,0.000131819438387917,0.00012998106344753,0.000132337026205856,81211.0006299705,88651.2827657022,67443.3997325285,0.14937035204798,0.0257499227331107,0.146702867601744,132761.696017133,132857.343357978,132782.092684676,0.000132761787848203,0.000132857271477874,0.000132782073118714,132762.791867663,132855.610612401,132782.18135357,0.000132762879638444,0.000132855541386478,0.00013278216261612,3793.80434339335,3740.154135579,3785.60148594122,9.23706104943366e-06,5.05275060389618e-06,7.32597409186462e-06
0.473,12662.9743715156,12438.0089573558,12619.9183788866,465.696493751914,460.137737544619,456.79803327713,12662.9743715156,12438.0089573558,12619.9183788866,465.696483524848,460.137727835888,456.798023556661,12662.9364871148,12437.9721099457,12619.8816167366,17.2169244473169,17.2235046296724,16.6377396202839,130970.650088235,130519.431260759,132867.184385371,0.0675847271665951,0.0711074556562737,0.0907095860912096,85230.6339627544,88780.7014401224,70662.2753544891,0.0675847271665951,0.0711074556562737,0.0907095860912096,85230.6339627544,88780.7014401224,70662.2753544891,0.151717086528719,0.133368586075018,0.133745149055446,85230.6339627544,88780.7014401224,70662.2753544891,0.0607890633716175,0.0623236881823617,0.0825324776942287,132744.151061032,132799.839340704,132789.979752831,0.151717086528719,0.133368586075018,0.133745149055446,132745.852676266,132799.543987813,132789.764190209,0.523429873106614,0.51744892325086,0.492994308292688,3769.72370394204,3752.66169487792,3803.66541793645,1429.20386927895,1402.84160124407,1419.75101276438,132745.852310456,132799.544225357,132789.763964732,0.52347474733818,0.517472326044163,0.49302201024221,0,0,0,4.09532524444757e-12,0,0,12662.9743715156,12438.0089573558,12619.9183788866,1.26629706198281e-05,1.24380026636769e-05,1.26199177693681e-05,12662.9364871148,12437.9721099457,12619.8816167366,1.26629370669739e-05,1.24379699004472e-05,1.26198813081026e-05,130970.650088235,130519.431260759,132867.184385371,0.000130970649299527,0.000130519429542409,0.000132867185118779,85230.6339627544,88780.7014401224,70662.2753544891,0.122640701255713,0.000102643996011661,0.134078123548341,132744.582310773,132799.763391838,132789.95714382,0.00013274464598085,0.000132799739241157,0.000132789918126804,132745.852310456,132799.544225357,132789.763964732,0.000132745913062752,0.000132799520827025,0.000132789726555571,3769.72370394204,3752.66169487792,3803.66541793645,9.21265650580893e-06,5.02924322398462e-06,7.36239387824983e-06
0.474,12589.1611453746,12455.6645539491,12696.355799713,466.070351190273,457.46832640038,459.691100357421,12589.1611453746,12455.6645539491,12696.355799713,466.070341151982,457.468316710281,459.691090496889,12589.1233338266,12455.6280201855,12696.3185805976,17.2615695167706,17.131295250689,16.6153929255623,130304.108644257,131436.857402079,132825.004983518,0.0649768335642538,0.0716160438373486,0.0823819744103172,87921.2957908318,88866.0286627748,75135.4698070522,0.0649768335642538,0.0716160438373486,0.0823819744103172,87921.2957908318,88866.0286627748,75135.4698070522,0.148344698228016,0.134385660814393,0.136964273128642,87921.2957908318,88866.0286627748,75135.4698070522,0.0572080982842552,0.062831837808788,0.0739918006779641,132787.70863371,132810.378189053,132786.672873481,0.148344698228016,0.134385660814393,0.136964273128642,132788.245086717,132809.91850116,132786.532312714,0.49977691294871,0.511998632567974,0.470025498753783,3748.41769953604,3777.98249689388,3806.22438891313,1421.70403794022,1403.39174309018,1429.29676032949,132788.244740619,132809.918741807,132786.532086612,0.499819611200434,0.512027647868379,0.470055140572856,0,0,0,4.06879260315777e-12,0,0,12589.1611453746,12455.6645539491,12696.355799713,1.25891574294723e-05,1.24556582619071e-05,1.26963551629447e-05,12589.1233338266,12455.6280201855,12696.3185805976,1.25891239168851e-05,1.24556258230767e-05,1.26963182616959e-05,130304.108644257,131436.857402079,132825.004983518,0.000130304107885543,0.000131436855727784,0.000132825005628304,87921.2957908318,88866.0286627748,75135.4698070522,0.0967877976818828,0.000102715805295551,0.110739607928129,132787.864323265,132810.273082583,132786.668268084,0.000132787919391949,0.000132810258624409,0.000132786628120842,132788.244740619,132809.918741807,132786.532086612,0.000132788297247508,0.000132809904662881,0.000132786493592821,3748.41769953604,3777.98249689388,3806.22438891313,9.22966847059726e-06,4.99674053859401e-06,7.41739821520479e-06
0.475,12509.7977078921,12524.1833831264,12727.4723021319,464.5164795883,456.265293887557,463.139841959767,12509.7977078921,12524.1833831264,12727.4723021319,464.516469759983,456.265284133152,463.139831995981,12509.760218379,12524.1469045759,12727.4346322772,17.2692631134497,17.0173594777802,16.6545473163294,130114.564217403,132402.087862184,132258.950733708,0.0654254499224163,0.0720257227429007,0.0752913836806595,89098.0699315657,89175.0122541231,79846.2358342687,0.0654254499224163,0.0720257227429007,0.0752913836806595,89098.0699315657,89175.0122541231,79846.2358342687,0.14380552365596,0.135145411674908,0.138144245633193,89098.0699315657,89175.0122541231,79846.2358342687,0.0566728856980504,0.063181299385477,0.0665494211000124,132743.932107526,132796.475334788,132778.413592943,0.14380552365596,0.135145411674908,0.138144245633193,132745.527914666,132796.405516761,132778.527073785,0.496889437451995,0.514686210536035,0.480400233332742,3739.49566986691,3805.42579018478,3793.82036527868,1412.77210272655,1410.08131322152,1434.30120421346,132745.527589809,132796.405757381,132778.52684952,0.496929620780891,0.514714073897764,0.480430226852644,0,0,0,4.04933551983907e-12,0,0,12509.7977078921,12524.1833831264,12727.4723021319,1.25097940084174e-05,1.25241770646652e-05,1.27274716263551e-05,12509.760218379,12524.1469045759,12727.4346322772,1.25097607928442e-05,1.25241447069095e-05,1.27274342999874e-05,130114.564217403,132402.087862184,132258.950733708,0.000130114563473618,0.000132402086303392,0.000132258951234657,89098.0699315657,89175.0122541231,79846.2358342687,0.0678811524772048,0.000102509460502847,0.0831821521798591,132744.360821562,132796.467051877,132778.474742525,0.000132744404391458,0.000132796461551987,0.000132778437134141,132745.527589809,132796.405757381,132778.52684952,0.000132745569067054,0.000132796400292171,0.00013277849079278,3739.49566986691,3805.42579018478,3793.82036527868,9.28388782630166e-06,4.97019731670061e-06,7.46857967644599e-06
0.476,12459.6980179893,12618.8366421329,12703.100176832,461.698328310102,457.142186757995,465.872975984273,12459.6980179893,12618.8366421329,12703.100176832,461.698318649093,457.142176879858,465.872965988406,12459.6609669724,12618.7999243027,12703.0622284379,17.2257679891939,16.929717779617,16.7453920624011,130516.591299762,133056.890878484,131412.540740539,0.068101593874739,0.0722638878545835,0.0710789771029119,89063.5796069725,89461.7681584229,83753.5306346044,0.068101593874739,0.0722638878545835,0.0710789771029119,89063.5796069725,89461.7681584229,83753.5306346044,0.139518456669132,0.135557695081612,0.137592772847059,89063.5796069725,89461.7681584229,83753.5306346044,0.0587241364039929,0.0633533211085646,0.0619150361392065,132798.468692122,132801.328028852,132793.978737113,0.139518456669132,0.135557695081612,0.137592772847059,132798.453869995,132801.153453437,132793.73981199,0.487536818726974,0.499049170345416,0.462941515018629,3748.04896673174,3824.73291728739,3772.0011066927,1406.30584219031,1420.56455245341,1433.10710129154,132798.453561478,132801.153695191,132793.739589745,0.487574221773536,0.499080902731145,0.462970693939104,0,0,0,4.04581475732936e-12,0,0,12459.6980179893,12618.8366421329,12703.100176832,1.24596943076601e-05,1.26188302782419e-05,1.27030994655127e-05,12459.6609669724,12618.7999243027,12703.0622284379,1.2459661524016e-05,1.26187977127207e-05,1.27030618846579e-05,130516.591299762,133056.890878484,131412.540740539,0.000130516590516683,0.000133056889482118,0.000131412541102075,89063.5796069725,89461.7681584229,83753.5306346044,0.0391568648424172,0.000101167244363785,0.0543576049648645,132798.48084031,132801.29264037,132793.9466116,0.000132798510939376,0.000132801293881735,0.000132793915720525,132798.453561478,132801.153695191,132793.739589745,0.000132798482107234,0.000132801154711762,0.00013279370998516,3748.04896673174,3824.73291728739,3772.0011066927,9.35613268338447e-06,4.96081444458513e-06,7.49749169226172e-06
0.477,12462.50117289,12704.3443056766,12634.8191853951,458.816266234106,459.886790773651,466.893861462398,12462.50117289,12704.3443056766,12634.8191853951,458.816256650426,459.886780762006,466.893851511932,12462.4644896838,12704.3071404,12634.781235119,17.1397268427326,16.9088753171078,16.8567648741893,131379.651829709,133167.112412542,130649.395541903,0.0711509098160114,0.072301726025618,0.0701386694193291,88500.2852236129,89514.6077524758,86179.4047916823,0.0711509098160114,0.072301726025618,0.0701386694193291,88500.2852236129,89514.6077524758,86179.4047916823,0.136660770095532,0.135590654981825,0.136219008428338,88500.2852236129,89514.6077524758,86179.4047916823,0.0615843451515624,0.063345198551421,0.0606205054898168,132755.999516849,132797.44541815,132763.50657479,0.136660770095532,0.135590654981825,0.136219008428338,132756.954689816,132797.405514847,132764.110678569,0.491182811103053,0.506096848577621,0.470304686195512,3771.87123776391,3828.74426256345,3750.18651867508,1405.39269214228,1430.97164810201,1426.43714770911,132756.954390503,132797.405756293,132764.11045986,0.491217110937888,0.50612773851534,0.470337002498373,0,0,0,4.06096084206698e-12,0,0,12462.50117289,12704.3443056766,12634.8191853951,1.2462497427786e-05,1.27043378941966e-05,1.26348184561168e-05,12462.4644896838,12704.3071404,12634.781235119,1.2462465027269e-05,1.27043049066664e-05,1.26347808860717e-05,131379.651829709,133167.112412542,130649.395541903,0.000131379650955892,0.000133167111182269,0.000130649395812717,88500.2852236129,89514.6077524758,86179.4047916823,0.0138818809864247,9.82414106971706e-05,0.0276720238998812,132756.245142017,132797.44614931,132763.67037182,0.000132756261148595,0.000132797450464107,0.000132763650514002,132756.954390503,132797.405756293,132764.11045986,0.000132756969397839,0.000132797409728306,0.00013276409145647,3771.87123776391,3828.74426256345,3750.18651867508,9.41985779830579e-06,4.97342340672446e-06,7.49394523386266e-06
0.478,12520.2434763996,12749.2998773349,12551.9152923725,457.13488688385,463.517607329951,465.876238637544,12520.2434763996,12749.2998773349,12551.9152923725,457.134877273846,463.517597228477,465.876228786784,12520.2069278928,12749.2622251105,12551.8776164182,17.0386180400227,16.9693080001703,16.9492908814546,132383.933024252,132711.691525776,130309.147714178,0.0728399730929626,0.0722225167816659,0.0711358007006263,88290.9262125785,89189.701445649,87007.2233621648,0.0728399730929626,0.0722225167816659,0.0711358007006263,88290.9262125785,89189.701445649,87007.2233621648,0.136159031958468,0.135414525606486,0.13534461597613,88290.9262125785,89189.701445649,87007.2233621648,0.0633783337527086,0.063244961733689,0.0613874022936614,132800.330888223,132796.643614623,132791.539258615,0.136159031958468,0.135414525606486,0.13534461597613,132800.051994911,132796.60216719,132791.496777267,0.490749202223919,0.485788995276161,0.464125785000324,3802.31252218919,3816.26055179746,3738.19697551316,1410.8802966639,1437.48367042279,1417.20165283295,132800.051696937,132796.602408526,132791.496558197,0.49078260012164,0.485820546253786,0.464156730195266,0,0,0,4.08980444650522e-12,0,0,12520.2434763996,12749.2998773349,12551.9152923725,1.25202396861091e-05,1.27492934336506e-05,1.25519145703419e-05,12520.2069278928,12749.2622251105,12551.8776164182,1.25202074518335e-05,1.27492599693261e-05,1.25518772703629e-05,132383.933024252,132711.691525776,130309.147714178,0.000132383932027384,0.00013271169044104,0.000130309147951054,88290.9262125785,89189.701445649,87007.2233621648,8.63263947420838e-05,9.38092486775321e-05,0.0103401432738641,132800.271941676,132796.643046891,132791.539262335,0.000132800274987709,0.000132796645699765,0.000132791534051117,132800.051696937,132796.602408526,132791.496558197,0.000132800054244248,0.000132796604782015,0.000132791491633475,3802.31252218919,3816.26055179746,3738.19697551316,9.45203411117511e-06,5.00402110864004e-06,7.46033841173841e-06
0.479,12613.225540301,12738.9180578058,12489.814627983,457.45679213042,466.708280186337,463.276180715147,12613.225540301,12738.9180578058,12489.814627983,457.456782420911,466.70827007159,463.276170969929,12613.1888295972,12738.8800600891,12489.77739512,16.9531041978797,17.0948810874433,16.9860346465029,133162.416201833,131887.073304208,130564.419139974,0.0730627489126845,0.0721340020001648,0.072264901370427,88654.2599877108,88537.3814054305,86941.5296921705,0.0730627489126845,0.0721340020001648,0.072264901370427,88654.2599877108,88537.3814054305,86941.5296921705,0.136716883682567,0.135246117069412,0.13547863300752,88654.2599877108,88537.3814054305,86941.5296921705,0.0637172123808606,0.0631644622244162,0.0623782057255735,132782.204827746,132804.860207363,132778.016204061,0.136716883682567,0.135246117069412,0.13547863300752,132782.425807974,132804.567135498,132778.353764861,0.515540450855585,0.516652862000335,0.464510667003579,3827.31059366595,3793.24193615956,3742.16563961601,1420.98153057921,1437.81302949499,1409.40853726375,132782.425505766,132804.567379629,132778.353544726,0.515564415819872,0.516688150838886,0.464543006696589,0,0,0,4.12187860533737e-12,0,0,12613.225540301,12738.9180578058,12489.814627983,1.2613221711562e-05,1.27389116085883e-05,1.24898139363665e-05,12613.1888295972,12738.8800600891,12489.77739512,1.26131893511605e-05,1.27388777904615e-05,1.24897770591004e-05,133162.416201833,131887.073304208,130564.419139974,0.000133162415149946,0.000131887072260363,0.000130564419387634,88654.2599877108,88537.3814054305,86941.5296921705,8.78889254741007e-05,8.9604104115635e-05,0.0033451737895857,132782.269189726,132804.796648991,132778.108263342,0.00013278227057568,0.000132804798155548,0.000132778105862681,132782.425505766,132804.567379629,132778.353544726,0.000132782426455542,0.000132804568650322,0.000132778351321246,3827.31059366595,3793.24193615956,3742.16563961601,9.4412228338509e-06,5.04204084080346e-06,7.4115323336539e-06
0.48,12705.8901402751,12678.6381217382,12477.4149560596,459.788352333968,468.313235586132,460.195262873706,12705.8901402751,12678.6381217382,12477.4149560596,459.78834250155,468.31322553726,460.195253186123,12705.8530234656,12678.600047991,12477.3781491339,16.9164280599677,17.2497047330746,16.9497557946399,133422.686776555,131050.981902012,131342.927849002,0.073145235336863,0.072181647622212,0.0730790397250178,88786.0859790948,87707.3131344599,86880.2327872204,0.073145235336863,0.072181647622212,0.0730790397250178,88786.0859790948,87707.3131344599,86880.2327872204,0.136877234213692,0.135308943049886,0.136253761440747,88786.0859790948,87707.3131344599,86880.2327872204,0.0637961820619312,0.0631819488341428,0.0632290904157631,132791.901542751,132793.839186059,132789.416761148,0.136877234213692,0.135308943049886,0.136253761440747,132791.85522124,132793.792356807,132789.43159088,0.472329230858343,0.452665691054067,0.464355443933205,3836.39386679151,3769.58180423162,3762.5934707206,1431.98847493974,1432.06459060379,1406.60720617177,132791.854920168,132793.792598534,132789.431368511,0.4723597937805,0.45269509080792,0.464387636285008,0,0,0,4.14548947088119e-12,0,0,12705.8901402751,12678.6381217382,12477.4149560596,1.2705886294814e-05,1.26786316954817e-05,1.24774143060209e-05,12705.8530234656,12678.600047991,12477.3781491339,1.27058535551211e-05,1.2678597778238e-05,1.24773778260243e-05,133422.686776555,131050.981902012,131342.927849002,0.000133422685574789,0.000131050980949679,0.000131342928160518,88786.0859790948,87707.3131344599,86880.2327872204,8.88056422141522e-05,8.77178861852199e-05,8.68794562991757e-05,132791.892732315,132793.843066237,132789.417558207,0.000132791893168393,0.00013279384251056,0.000132789418172192,132791.854920168,132793.792598534,132789.431368511,0.000132791854956476,0.000132793791885575,0.000132789432043515,3836.39386679151,3769.58180423162,3762.5934707206,9.39255611343112e-06,5.07454938535177e-06,7.36837089032941e-06
0.481,12764.9727186803,12594.3922709838,12522.850740988,463.322569788802,467.795137039625,457.948653183572,12764.9727186803,12594.3922709838,12522.850740988,463.322559861445,467.795127109413,457.948643476975,12764.9351062347,12594.3544196815,12522.814163444,16.9547237562365,17.3830983122387,16.8543293482686,133093.977247516,130564.934563268,132365.154628247,0.073083086583867,0.072453436241739,0.0735152302453049,88559.5554755167,86896.896907028,87111.4385327924,0.073083086583867,0.072453436241739,0.0735152302453049,88559.5554755167,86896.896907028,87111.4385327924,0.136736330097183,0.135731603362115,0.137263384833016,88559.5554755167,86896.896907028,87111.4385327924,0.0637164642092949,0.0633350793915114,0.0638021202955521,132791.880085207,132790.336351161,132793.52315388,0.136736330097183,0.135731603362115,0.137263384833016,132791.834864282,132790.387924004,132793.427833098,0.502367489405747,0.467154996836389,0.4671182623738,3827.84985276122,3754.00190904611,3792.536380271,1439.88414753277,1422.69206977828,1410.31912621235,132791.834563192,132790.388169447,132793.427608243,0.502396233167752,0.467188216035795,0.467148601696887,0,0,0,4.15229574335425e-12,0,0,12764.9727186803,12594.3922709838,12522.850740988,1.27649688836624e-05,1.25943858860037e-05,1.25228501268397e-05,12764.9351062347,12594.3544196815,12522.814163444,1.27649356564052e-05,1.25943521631588e-05,1.25228138508414e-05,133093.977247516,130564.934563268,132365.154628247,0.000133093976041873,0.000130564933610693,0.000132365154948747,88559.5554755167,86896.896907028,87111.4385327924,8.85792087213257e-05,8.69072587462958e-05,8.71106340132558e-05,132791.87154829,132790.364681213,132793.496258212,0.000132791871984918,0.000132790364145004,0.000132793496853078,132791.834563192,132790.388169447,132793.427608243,0.000132791834599994,0.000132790387473539,0.000132793428265661,3827.84985276122,3754.00190904611,3792.536380271,9.32853275187653e-06,5.08911851784267e-06,7.3484003501168e-06
0.482,12768.7339162426,12522.769407364,12610.2696657983,466.759127683782,465.426518915629,457.554931321237,12768.7339162426,12522.769407364,12610.2696657983,466.759117726514,465.426509109253,457.554921522364,12768.6959056406,12522.731989551,12610.2330160587,17.0659603321308,17.4514868453063,16.7391885645948,132322.554619319,130662.929462333,133237.310255801,0.0729793534889204,0.0729191688829753,0.073784288992623,87965.0900062822,86321.3147162033,87481.6730493876,0.0729793534889204,0.0729191688829753,0.073784288992623,87965.0900062822,86321.3147162033,87481.6730493876,0.13652846403826,0.136519382140848,0.137953879727407,87965.0900062822,86321.3147162033,87481.6730493876,0.0636117120471215,0.0636585370997048,0.0642243798145377,132794.801328438,132794.824135175,132790.181432935,0.13652846403826,0.136519382140848,0.137953879727407,132794.640675556,132794.680492026,132790.207604569,0.484977564144955,0.461326262290417,0.463480789377425,3806.12933199451,3753.55379425079,3820.34684188756,1441.83874846507,1413.65608579118,1419.39124222839,132794.640373273,132794.680738375,132790.207379319,0.485005231085301,0.461355000198805,0.463513105802565,0,0,0,4.14033997997716e-12,0,0,12768.7339162426,12522.769407364,12610.2696657983,1.27687301142259e-05,1.25227630641684e-05,1.26102690666653e-05,12768.6959056406,12522.731989551,12610.2330160587,1.27686964753525e-05,1.25227297540766e-05,1.26102327071358e-05,132322.554619319,130662.929462333,133237.310255801,0.000132322553411905,0.000130662928505631,0.000133237310582494,87965.0900062822,86321.3147162033,87481.6730493876,8.79847232771027e-05,8.63315540673729e-05,8.74808125002986e-05,132794.753602873,132794.783360081,132790.193554192,0.000132794754056885,0.000132794782771321,0.00013279019418677,132794.640373273,132794.680738375,132790.207379319,0.000132794640426146,0.000132794679989742,0.000132790208073436,3806.12933199451,3753.55379425079,3820.34684188756,9.27708608572348e-06,5.08034764559006e-06,7.36143832616403e-06
0.483,12718.385707943,12495.5622903461,12706.8624351151,468.846289858665,462.195461364941,459.275555046501,12718.385707943,12495.5622903461,12706.8624351151,468.846279947983,462.195451636904,459.275545119116,12718.3475460669,12495.5253417681,12706.8254369026,17.2182849929044,17.4338922319681,16.6537476731245,131440.919063916,131331.659445333,133642.832783935,0.0729765726925787,0.0734793569684149,0.0738568148625489,87101.9990143093,86114.4369758558,87732.9425199797,0.0729765726925787,0.0734793569684149,0.0738568148625489,87101.9990143093,86114.4369758558,87732.9425199797,0.136504922245877,0.137522124267535,0.13824722374675,87101.9990143093,86114.4369758558,87732.9425199797,0.0635904851494546,0.0641018918871083,0.0644467815095819,132788.778869383,132789.872113621,132792.251542555,0.136504922245877,0.137522124267535,0.13824722374675,132788.739107395,132789.815724081,132792.233386709,0.514249070917002,0.465923687196917,0.469878019161074,3779.78783908373,3769.66523384947,3836.0773507832,1437.31916745229,1408.82929757415,1430.47724620187,132788.738805167,132789.815974938,132792.233160883,0.514279264684343,0.465957460889676,0.469909091802171,0,0,0,4.11484206475384e-12,0,0,12718.385707943,12495.5622903461,12706.8624351151,1.27183819478702e-05,1.2495555971138e-05,1.27068618243099e-05,12718.3475460669,12495.5253417681,12706.8254369026,1.27183481288057e-05,1.2495523126211e-05,1.2706825123462e-05,131440.919063916,131331.659445333,133642.832783935,0.000131440917853382,0.000131331658480915,0.000133642833113794,87101.9990143093,86114.4369758558,87732.9425199797,8.71215161610441e-05,8.61246381385811e-05,8.7732022173217e-05,132788.752897281,132789.843928714,132792.254674185,0.000132788753432175,0.000132789843209819,0.000132792255360112,132788.738805167,132789.815974938,132792.233160883,0.000132788738933933,0.000132789815098938,0.000132792233906453,3779.78783908373,3769.66523384947,3836.0773507832,9.26056896372159e-06,5.05321706599459e-06,7.40410416408098e-06
0.484,12636.0749023481,12526.720086539,12776.6227598361,468.853562703756,459.445972175225,462.502032951304,12636.0749023481,12526.720086539,12776.6227598361,468.853552898297,459.445962445827,462.502022910798,12636.0368934713,12526.6834477067,12776.585272775,17.3622275467293,17.3392078902521,16.636451181671,130830.2783882,132325.192975326,133447.314760746,0.0731638615179474,0.0740034575285327,0.0737705808191801,86206.4728176655,86263.4150994936,87666.4410078751,0.0731638615179474,0.0740034575285327,0.0737705808191801,86206.4728176655,86263.4150994936,87666.4410078751,0.136835453441808,0.138510734995889,0.13819400462584,86206.4728176655,86263.4150994936,87666.4410078751,0.0637331801558876,0.0645670243832024,0.0644817631008271,132797.454245484,132794.952035063,132791.683681826,0.136835453441808,0.138510734995889,0.13819400462584,132797.26618224,132794.813334477,132791.676663564,0.504411598901873,0.470976088349188,0.464036753218785,3759.64297688513,3796.6934250218,3834.57442901144,1428.27402298119,1410.42633674884,1439.43755501705,132797.265875274,132794.81358594,132791.676437849,0.504437373214771,0.471005110060213,0.464068455197063,0,0,0,4.08635659640027e-12,0,0,12636.0749023481,12526.720086539,12776.6227598361,1.26360711758552e-05,1.25267137622371e-05,1.27766221156104e-05,12636.0368934713,12526.6834477067,12776.585272775,1.26360374775795e-05,1.25266812422442e-05,1.27765849485429e-05,130830.2783882,132325.192975326,133447.314760746,0.0001308302771711,0.000132325192001,0.000133447315091633,86206.4728176655,86263.4150994936,87666.4410078751,8.62258337656049e-05,8.62736429960559e-05,8.76654710006749e-05,132797.4138092,132794.918689312,132791.688429278,0.000132797414514353,0.000132794917783608,0.000132791689137399,132797.265875274,132794.81358594,132791.676437849,0.000132797266164286,0.000132794812528416,0.00013279167720475,3759.64297688513,3796.6934250218,3834.57442901144,9.28757547299106e-06,5.01983491543031e-06,7.46063771620584e-06
0.485,12557.0070166991,12606.1643586453,12794.4271848865,466.845845099622,458.347451561312,466.01495215634,12557.0070166991,12606.1643586453,12794.4271848865,466.845835417902,458.347441748561,466.014942062288,12556.9694058532,12606.1277391915,12794.3892560323,17.4502367740844,17.2037915569192,16.6981687977395,130768.29186796,133268.543001464,132749.209682757,0.0735515246885297,0.0743690907122308,0.0736376946082443,85506.8710940978,86598.71211092,87199.4116242058,0.0735515246885297,0.0743690907122308,0.0736376946082443,85506.8710940978,86598.71211092,87199.4116242058,0.137555380415489,0.139246291818742,0.137995712760013,85506.8710940978,86598.71211092,87199.4116242058,0.0640649629415151,0.0649377482989013,0.0644183515735495,132786.301897795,132790.523620128,132790.543513018,0.137555380415489,0.139246291818742,0.137995712760013,132786.516624049,132790.551653495,132790.574892068,0.524175263578982,0.465506957534283,0.472302984390395,3754.40879571516,3824.43292929981,3817.35594884684,1418.44515143494,1418.01946816604,1442.99425372356,132786.516315708,132790.551907606,132790.574666277,0.524206390866207,0.465540088948679,0.472334552819551,0,0,0,4.06678953905366e-12,0,0,12557.0070166991,12606.1643586453,12794.4271848865,1.25570033009309e-05,1.26061580008218e-05,1.27944264986904e-05,12556.9694058532,12606.1277391915,12794.3892560323,1.25569699789299e-05,1.26061255293096e-05,1.27943889190253e-05,130768.29186796,133268.543001464,132749.209682757,0.000130768290640117,0.000133268542017023,0.000132749210014339,85506.8710940978,86598.71211092,87199.4116242058,8.55260941041661e-05,8.66089973593501e-05,8.7198407513534e-05,132786.39111278,132790.545929571,132790.560272955,0.000132786392090778,0.000132790544815674,0.000132790560922116,132786.516315708,132790.551907606,132790.574666277,0.000132786516862744,0.000132790550648713,0.000132790575376565,3754.40879571516,3824.43292929981,3817.35594884684,9.34893048130089e-06,4.99492999953834e-06,7.50967481962375e-06
0.486,12515.7875390431,12704.1107823665,12755.4500989709,463.665225707039,459.401599747591,468.492688100079,12515.7875390431,12704.1107823665,12755.4500989709,463.665216118944,459.401589801573,468.492678031689,12515.750411749,12704.0738827558,12755.4119419543,17.4540247995937,17.0780039801286,16.8171413929546,131309.088627817,133811.059987205,131845.808772878,0.0740720798608117,0.0745244556586174,0.0735857065023658,85184.9026150675,86874.9415345218,86416.4584693514,0.0740720798608117,0.0745244556586174,0.0735857065023658,85184.9026150675,86874.9415345218,86416.4584693514,0.138556261232197,0.139610622094824,0.137895839887887,85184.9026150675,86874.9415345218,86416.4584693514,0.0645449685849566,0.0651478024523773,0.064372135063306,132798.375791484,132793.820755088,132793.461062149,0.138556261232197,0.139610622094824,0.137895839887887,132798.22970655,132793.747275563,132793.40452628,0.526188868918714,0.480008971274466,0.46740813487036,3766.90995598938,3842.41707704758,3792.07467548157,1411.94893383556,1428.71883250931,1439.9725438246,132798.229391717,132793.747529355,132793.404299262,0.526214245722219,0.480038748205373,0.467439116399413,0,0,0,4.06456775583526e-12,0,0,12515.7875390431,12704.1107823665,12755.4500989709,1.25157838056418e-05,1.2704104374948e-05,1.27554493785229e-05,12515.750411749,12704.0738827558,12755.4119419543,1.25157509656821e-05,1.27040716553182e-05,1.27554115951783e-05,131309.088627817,133811.059987205,131845.808772878,0.000131309087386672,0.00013381105899417,0.000131845809106476,85184.9026150675,86874.9415345218,86416.4584693514,8.52040552202279e-05,8.68852769754124e-05,8.64154354468788e-05,132798.360532725,132793.813394577,132793.452981339,0.000132798361866189,0.000132793812106202,0.000132793453454754,132798.229391717,132793.747529355,132793.404299262,0.000132798230275751,0.000132793746102155,0.000132793404840861,3766.90995598938,3842.41707704758,3792.07467548157,9.42155298818169e-06,4.98994189288671e-06,7.53296498078539e-06
0.487,12532.0339266241,12783.6105888807,12677.0236797349,460.626484577684,462.221827404716,469.032349873237,12532.0339266241,12783.6105888807,12677.0236797349,460.626475015014,462.221817328322,469.032339898534,12531.9971682782,12783.5732218311,12676.9855934484,17.3751406864458,17.0076435319143,16.948413348165,132258.00289013,133760.949639221,131123.188357816,0.074590854982645,0.0744865777561009,0.073718110314846,85249.5000626378,86875.3773899762,85512.4068019821,0.074590854982645,0.0744865777561009,0.073718110314846,85249.5000626378,86875.3773899762,85512.4068019821,0.139591210345331,0.13960594266945,0.138108646021352,85249.5000626378,86875.3773899762,85512.4068019821,0.0650612905987691,0.065182323949276,0.0644536662468348,132786.081333859,132792.407645111,132789.205418463,0.139591210345331,0.13960594266945,0.138108646021352,132786.137262612,132792.353888354,132789.220704287,0.532783911319774,0.468887924257072,0.474648737975076,3792.74501016237,3844.06465473702,3769.69218510425,1411.59685824573,1438.41249430419,1431.74007011551,132786.136946397,132792.35414251,132789.220476042,0.532814874229566,0.468919380395213,0.474680778428939,0,0,0,4.08101518005722e-12,0,0,12532.0339266241,12783.6105888807,12677.0236797349,1.25320301535728e-05,1.27836041345503e-05,1.2677022946259e-05,12531.9971682782,12783.5732218311,12676.9855934484,1.25319977027951e-05,1.27835709704219e-05,1.26769852437898e-05,132258.00289013,133760.949639221,131123.188357816,0.000132258001635923,0.000133760948640398,0.000131123188695862,85249.5000626378,86875.3773899762,85512.4068019821,8.52686607288183e-05,8.68857262198693e-05,8.55113763420401e-05,132786.081079646,132792.400358044,132789.204814222,0.000132786082819698,0.000132792398981041,0.000132789204973242,132786.136946397,132792.35414251,132789.220476042,0.000132786138217479,0.000132792352630061,0.000132789220715992,3792.74501016237,3844.06465473702,3769.69218510425,9.47812084027336e-06,5.00812233191746e-06,7.52240555816748e-06
0.488,12601.7087541186,12815.4029690116,12592.4414010225,459.007285673116,465.703231028543,467.488846056893,12601.7087541186,12815.4029690116,12592.4414010225,459.00727605613,465.703220875109,467.488836206737,12601.6720946143,12815.3651296153,12592.4036550444,17.2440315697924,17.0150469026276,17.0426365196324,133255.760058169,133157.523362396,130901.924449505,0.0749935293238095,0.0743589130472767,0.0740654951931219,85563.6350168701,86480.5103133687,84747.5502774703,0.0749935293238095,0.0743589130472767,0.0740654951931219,85563.6350168701,86480.5103133687,84747.5502774703,0.140441636695395,0.139405222890535,0.138721023454838,85563.6350168701,86480.5103133687,84747.5502774703,0.0655097014470713,0.0651106578693564,0.0647191950888916,132796.79652288,132791.606180967,132794.882787096,0.140441636695395,0.139405222890535,0.138721023454838,132796.562516113,132791.575390834,132794.741657004,0.546690724613432,0.488293887088402,0.472405256525464,3822.14235518948,3829.17235733093,3760.1691046935,1417.68196662565,1443.44574388479,1421.72857891938,132796.562195454,132791.575645258,132794.741425773,0.54671666895251,0.4883245782283,0.472436032496636,0,0,0,4.1097630645825e-12,0,0,12601.7087541186,12815.4029690116,12592.4414010225,1.26017049350217e-05,1.28153964878947e-05,1.25924406813295e-05,12601.6720946143,12815.3651296153,12592.4036550444,1.26016726175239e-05,1.2815362856936e-05,1.25924033106957e-05,133255.760058169,133157.523362396,130901.924449505,0.000133255758793928,0.000133157522360462,0.000130901924794167,85563.6350168701,86480.5103133687,84747.5502774703,8.55828586272443e-05,8.64908214058858e-05,8.47465187145107e-05,132796.71887994,132791.605079982,132794.84141067,0.000132796721016016,0.000132791603755278,0.00013279484112335,132796.562195454,132791.575645258,132794.741425773,0.00013279656384453,0.000132791574183013,0.000132794741237463,3822.14235518948,3829.17235733093,3760.1691046935,9.49791965745656e-06,5.04308249425907e-06,7.48309256948121e-06
0.489,12698.7667219035,12788.9537233597,12538.2160560742,459.517873863668,468.493914529602,464.532440178146,12698.7667219035,12788.9537233597,12538.2160560742,459.517864134507,468.493904380271,464.532430433417,12698.7298488533,12788.9155863859,12538.1787814199,17.1099653865372,17.0904515159562,17.0655811802939,133926.967896503,132257.765716127,131300.19238012,0.07518671815903,0.0742700622178488,0.0745690726720748,85889.3724009103,85739.7160245853,84316.7804510733,0.07518671815903,0.0742700622178488,0.0745690726720748,85889.3724009103,85739.7160245853,84316.7804510733,0.14091019538346,0.139239723778577,0.139650726737037,85889.3724009103,85739.7160245853,84316.7804510733,0.0657862677060113,0.0650351896556155,0.0651455358755402,132788.378170709,132794.71213722,132788.867392614,0.14091019538346,0.139239723778577,0.139650726737037,132788.443588704,132794.57063145,132788.929125932,0.542600952577731,0.477578547545983,0.476089673912115,3844.0325479393,3804.05143200281,3768.26897518433,1427.84575741469,1442.0307155222,1414.14716990067,132788.443268105,132794.570885913,132788.928892664,0.542630406052295,0.477608258959074,0.476122160918492,0,0,0,4.13953212914152e-12,0,0,12698.7667219035,12788.9537233597,12538.2160560742,1.26987628684172e-05,1.27889472450512e-05,1.25382153719157e-05,12698.7298488533,12788.9155863859,12538.1787814199,1.26987303727115e-05,1.27889133030751e-05,1.2538178448605e-05,133926.967896503,132257.765716127,131300.19238012,0.000133926966627265,0.000132257764713046,0.000131300192732228,85889.3724009103,85739.7160245853,84316.7804510733,8.5908664582282e-05,8.57499456858628e-05,8.43157495556554e-05,132788.395562886,132794.674890581,132788.8898539,0.000132788398027117,0.000132794673789945,0.000132788889015127,132788.443268105,132794.570885913,132788.928892664,0.000132788445231544,0.000132794569638656,0.000132788928175185,3844.0325479393,3804.05143200281,3768.26897518433,9.47466238877877e-06,5.08157131728423e-06,7.43157755122186e-06
0.49,12786.3103908401,12716.4631966829,12539.0901619313,461.990422544358,469.540475595746,461.40788459662,12786.3103908401,12716.4631966829,12539.0901619313,461.990412691216,469.540465527405,461.40787489429,12786.2730780382,12716.4250479181,12539.053291705,17.0220592771474,17.1969475600385,17.0110139071024,134028.211755977,131442.778934747,132180.374623286,0.0751863420769012,0.0743420480250233,0.0751148820531547,85976.4009209169,84818.8499499828,84288.0837853584,0.0751863420769012,0.0743420480250233,0.0751148820531547,85976.4009209169,84818.8499499828,84288.0837853584,0.141004610957418,0.139347512693036,0.140701671016752,85976.4009209169,84818.8499499828,84288.0837853584,0.0658826344036971,0.0650717852355242,0.0656508935253134,132792.782542903,132789.064545474,132795.269916601,0.141004610957418,0.139347512693036,0.140701671016752,132792.756287056,132789.045127224,132795.183789545,0.564761008537664,0.495425415073617,0.476894520521931,3850.41449937793,3779.23944553551,3791.44722768361,1438.10535634443,1434.91353609601,1412.29002722658,132792.755965453,132789.045384342,132795.183553312,0.564787778244373,0.495457093980284,0.476925583734264,0,0,0,4.15884817566361e-12,0,0,12786.3103908401,12716.4631966829,12539.0901619313,1.27863065275849e-05,1.27164567487092e-05,1.25390895206669e-05,12786.2730780382,12716.4250479181,12539.053291705,1.27862736148997e-05,1.27164227684391e-05,1.2539052972002e-05,134028.211755977,131442.778934747,132180.374623286,0.000134028210486461,0.000131442777930746,0.000132180374981733,85976.4009209169,84818.8499499828,84288.0837853584,8.5995712108917e-05,8.48289762706104e-05,8.42870525020819e-05,132792.783564937,132789.048673973,132795.26282419,0.000132792786217151,0.000132789047986987,0.000132795261384327,132792.755965453,132789.045384342,132795.183553312,0.000132792758109405,0.000132789044533585,0.000132795182258829,3850.41449937793,3779.23944553551,3791.44722768361,9.41884000330356e-06,5.10903352550667e-06,7.38970316754349e-06
0.491,12831.5805805657,12628.5101548096,12597.2204065373,465.452979611397,468.489612233398,459.456800193855,12831.5805805657,12628.5101548096,12597.2204065373,465.452969672544,468.489602289167,459.456790451335,12831.5427749506,12628.4722810196,12597.1836993298,17.0102019498647,17.287080043808,16.9030938507108,133538.090247807,131067.594328805,133208.203300294,0.0750570008664394,0.0746288584354352,0.0755621846709741,85691.4296463131,83980.7006768167,84557.1813728068,0.0750570008664394,0.0746288584354352,0.0755621846709741,85691.4296463131,83980.7006768167,84557.1813728068,0.140821481749486,0.139852030695759,0.141608482371541,85691.4296463131,83980.7006768167,84557.1813728068,0.0658305641222598,0.0652897783990971,0.0661109618869595,132792.751625325,132796.315480163,132789.860120508,0.140821481749486,0.139852030695759,0.141608482371541,132792.726762595,132796.158326287,132789.879434211,0.55638013703221,0.48977242625695,0.47656045044282,3839.36275485624,3765.41839801941,3820.94928277106,1444.51214671253,1425.12057511284,1417.12200603428,132792.726441037,132796.158584589,132789.87919678,0.556407325780526,0.489801282163164,0.476593022622014,0,0,0,4.1605577041236e-12,0,0,12831.5805805657,12628.5101548096,12597.2204065373,1.28315767352906e-05,1.26285037518125e-05,1.25972197977058e-05,12831.5427749506,12628.4722810196,12597.1836993298,1.28315433316382e-05,1.26284700181208e-05,1.25971833888954e-05,133538.090247807,131067.594328805,133208.203300294,0.000133538088981231,0.00013106759332279,0.000133208203662325,85691.4296463131,83980.7006768167,84557.1813728068,8.57106787965372e-05,8.39907340245024e-05,8.45561482094605e-05,132792.752932451,132796.27606758,132789.871885587,0.000132792755586829,0.00013279627596401,0.000132789869861418,132792.726441037,132796.158584589,132789.87919678,0.00013279272858707,0.000132796158292885,0.0001327898773412,3839.36275485624,3765.41839801941,3820.94928277106,9.35401419107188e-06,5.11537687793739e-06,7.37588513437097e-06
0.492,12818.5835644789,12562.5954190676,12691.0900211134,468.549248859221,465.822349191437,459.564680562587,12818.5835644789,12562.5954190676,12691.0900211134,468.549238906392,465.822339363514,459.564670712168,12818.5454018456,12562.5579926107,12691.0531620221,17.0724971822827,17.3230768598397,16.787769443356,132667.39966237,131311.870433204,133993.720154805,0.0749395200527288,0.0750954653743113,0.0758220737785986,85014.4840020539,83439.469890773,84898.1339831507,0.0749395200527288,0.0750954653743113,0.0758220737785986,85014.4840020539,83439.469890773,84898.1339831507,0.140617303941044,0.140713351958326,0.142189275824448,85014.4840020539,83439.469890773,84898.1339831507,0.0657454813814077,0.0656845050234987,0.0664328755589101,132787.940919217,132787.186718515,132794.4680006,0.140617303941044,0.140713351958326,0.142189275824448,132788.077202491,132787.346053235,132794.333119529,0.580603830928329,0.500576060315564,0.480222154781415,3815.75062957947,3768.9600340688,3845.53827128222,1444.69821338094,1416.83318066644,1426.84388239866,132788.076881007,132787.346315959,132794.332880883,0.580631317353675,0.500608528843017,0.480253553918634,0,0,0,4.14452369416831e-12,0,0,12818.5835644789,12562.5954190676,12691.0900211134,1.28185797573971e-05,1.25625890566339e-05,1.26910894208932e-05,12818.5454018456,12562.5579926107,12691.0531620221,1.28185459774261e-05,1.25625557521979e-05,1.26910528532252e-05,132667.39966237,131311.870433204,133993.720154805,0.000132667398398408,0.000131311869423093,0.000133993720517108,85014.4840020539,83439.469890773,84898.1339831507,8.50335829416865e-05,8.34494459881653e-05,8.48970989657944e-05,132787.991970595,132787.245066936,132794.43357998,0.000132787994398483,0.000132787245679846,0.000132794431068855,132788.076881007,132787.346315959,132794.332880883,0.000132788078808593,0.000132787346710763,0.000132794330557457,3815.75062957947,3768.9600340688,3845.53827128222,9.3078879794442e-06,5.0987643605869e-06,7.39723196256303e-06
0.493,12754.0064984968,12547.9645985156,12784.7843016827,470.093791920833,462.682019904288,461.772723877971,12754.0064984968,12547.9645985156,12784.7843016827,470.093782030286,462.682010135532,461.772713895573,12753.9682489873,12547.9276014458,12784.7470337888,17.1770632661603,17.2914978369465,16.7150998418018,131782.049362654,132099.773785189,134246.271742412,0.0749547480838337,0.0756413963630816,0.0758644272601739,84116.0424787001,83307.7737584886,85062.9007097786,0.0749547480838337,0.0756413963630816,0.0758644272601739,84116.0424787001,83307.7737584886,85062.9007097786,0.140624080457946,0.141762817440519,0.142360749422201,84116.0424787001,83307.7737584886,85062.9007097786,0.0657381805511486,0.0661880466319067,0.0665634194491258,132797.571175082,132796.287952461,132791.828822473,0.140624080457946,0.141762817440519,0.142360749422201,132797.427237892,132796.191271202,132791.767917286,0.574478842228918,0.502107499760168,0.477619313833869,3789.51658573192,3789.10994123586,3856.03107034629,1438.76744725291,1413.72445660612,1437.67556252676,132797.426913652,132796.191535423,132791.767678673,0.574504114194947,0.502136504477381,0.47765144034641,0,0,0,4.11771532598875e-12,0,0,12754.0064984968,12547.9645985156,12784.7843016827,1.27540027344141e-05,1.25479582545451e-05,1.27847836829731e-05,12753.9682489873,12547.9276014458,12784.7470337888,1.27539688351551e-05,1.25479253799387e-05,1.27847467184349e-05,131782.049362654,132099.773785189,134246.271742412,0.000131782048098091,0.000132099772769032,0.000134246272102177,84116.0424787001,83307.7737584886,85062.9007097786,8.41349388196327e-05,8.33177402289021e-05,8.50618661021389e-05,132797.547329239,132796.277921482,132791.814444494,0.000132797549302741,0.000132796279311555,0.000132791811615024,132797.426913652,132796.191535423,132791.767678673,0.000132797428402168,0.000132796192675141,0.000132791765049265,3789.51658573192,3789.10994123586,3856.03107034629,9.30106414765751e-06,5.06634708757805e-06,7.4463318613788e-06
0.494,12664.9786749744,12593.0039088872,12842.8275525165,469.530061908257,460.440330172772,465.254745293088,12664.9786749744,12593.0039088872,12842.8275525165,469.530052131732,460.440320378512,465.254735207848,12664.9406393057,12592.9671346496,12842.7897788005,17.2766853463254,17.2090941137601,16.7186905832094,131262.475729384,133132.024605992,133884.401306206,0.0751799551159736,0.076121763920578,0.0757573213554226,83216.95433726,83517.3804498833,84864.8727222492,0.0751799551159736,0.076121763920578,0.0757573213554226,83216.95433726,83517.3804498833,84864.8727222492,0.141009112815872,0.142730363909236,0.142226686915517,83216.95433726,83517.3804498833,84864.8727222492,0.0658986389945394,0.066675595636519,0.0665381338979086,132784.364826753,132787.121066473,132792.568405081,0.141009112815872,0.142730363909236,0.142226686915517,132784.456161977,132787.197680249,132792.492727039,0.594198178337063,0.50404876158499,0.483328483132462,3771.87239475011,3818.27638031845,3848.79543332008,1429.27020510405,1417.3902077864,1445.4453363907,132784.455836277,132787.19794799,132792.492488406,0.594226120036821,0.504081295592047,0.483360075349573,0,0,0,4.09166125539802e-12,0,0,12664.9786749744,12593.0039088872,12842.8275525165,1.26649749409759e-05,1.25929975524251e-05,1.28428268958036e-05,12664.9406393057,12592.9671346496,12842.7897788005,1.26649412234231e-05,1.25929649202194e-05,1.2842789451405e-05,131262.475729384,133132.024605992,133884.401306206,0.000131262474458605,0.000133132023582913,0.00013388440166236,83216.95433726,83517.3804498833,84864.8727222492,8.32356440807632e-05,8.35273751757408e-05,8.48638426673661e-05,132784.374578496,132787.136999939,132792.551586569,0.000132784375882641,0.000132787139151138,0.000132792548671215,132784.455836277,132787.19794799,132792.492488406,0.000132784456677767,0.000132787199817635,0.000132792489776401,3771.87239475011,3818.27638031845,3848.79543332008,9.33810675899224e-06,5.03168930713847e-06,7.5044415826111e-06
0.495,12589.0033435047,12681.4072141765,12844.0145178729,467.138307974105,460.136646704305,468.672992067626,12589.0033435047,12681.4072141765,12844.0145178729,467.13829831831,460.136636807321,468.672981948956,12588.9657339698,12681.3703532793,12843.9763355232,17.3287885607913,17.1160403444382,16.8008693505196,131345.48999701,134013.820431509,133066.374755283,0.0756101094569822,0.0764351901804087,0.0756164083182447,82581.5618272333,83864.3191177346,84272.280337715,0.0756101094569822,0.0764351901804087,0.0756164083182447,82581.5618272333,83864.3191177346,84272.280337715,0.141791730133189,0.143414722885142,0.141987875172936,82581.5618272333,83864.3191177346,84272.280337715,0.0662512106066717,0.0670473866685808,0.0664418614055303,132800.87353852,132794.425851412,132793.949307764,0.141791730133189,0.143414722885142,0.141987875172936,132800.504639602,132794.305013218,132793.837601585,0.594336502610894,0.512625374451545,0.480770313699626,3770.72364229725,3845.28250047808,3827.11222881263,1420.27005106356,1426.62637642486,1447.24456481185,132800.504308263,132794.305281316,132793.837362613,0.594360891809033,0.512654965557755,0.480801877267456,0,0,0,4.07793725648949e-12,0,0,12589.0033435047,12681.4072141765,12844.0145178729,1.25889996135637e-05,1.26814008182262e-05,1.28440138185486e-05,12588.9657339698,12681.3703532793,12843.9763355232,1.2588966303952e-05,1.26813681307479e-05,1.28439759953692e-05,131345.48999701,134013.820431509,133066.374755283,0.000131345488714634,0.000134013819402008,0.000133066375108755,82581.5618272333,83864.3191177346,84272.280337715,8.26001011720668e-05,8.38743545827387e-05,8.42712592256383e-05,132800.763473544,132794.389749739,132793.923206996,0.000132800763953504,0.000132794392550072,0.000132793920472614,132800.504308263,132794.305281316,132793.837362613,0.000132800504352588,0.000132794307773963,0.000132793834824712,3770.72364229725,3845.28250047808,3827.11222881263,9.4054331402481e-06,5.00958360806439e-06,7.54939233420286e-06
0.496,12559.1012502278,12779.2062783119,12789.3087873904,463.93893575104,462.024048843551,470.729834794003,12559.1012502278,12779.2062783119,12789.3087873904,463.93892617419,462.024038807178,470.72982472346,12559.0640997774,12779.1690488949,12789.2704486832,17.3129687872841,17.0606867877333,16.9314916166405,132020.111431012,134413.946632239,132134.053526357,0.0761434663694061,0.0765252257775319,0.0755809634338521,82337.7742048682,84095.1331521322,83390.5942933069,0.0761434663694061,0.0765252257775319,0.0755809634338521,82337.7742048682,84095.1331521322,83390.5942933069,0.14280256093346,0.143683687420626,0.141907560392568,82337.7742048682,84095.1331521322,83390.5942933069,0.0667286989982537,0.0672276755004863,0.0663982927722575,132783.580007529,132789.006140262,132790.254703155,0.14280256093346,0.143683687420626,0.141907560392568,132783.783426404,132789.069846215,132790.268382161,0.605526961706708,0.508087700170587,0.486734207380331,3787.22154825786,3859.93728988052,3800.02415169442,1415.7468994379,1437.94069357289,1442.52172528348,132783.783092596,132789.070115399,132790.268142415,0.605554838585055,0.508119319856988,0.486766090437906,0,0,0,4.08330187143062e-12,0,0,12559.1012502278,12779.2062783119,12789.3087873904,1.25590974956674e-05,1.27791998309485e-05,1.27893080574354e-05,12559.0640997774,12779.1690488949,12789.2704486832,1.25590646490994e-05,1.27791668060838e-05,1.27892701000535e-05,132020.111431012,134413.946632239,132134.053526357,0.000132020110133735,0.000134413945598398,0.000132134053880065,82337.7742048682,84095.1331521322,83390.5942933069,8.23562504259293e-05,8.41051918945122e-05,8.33895852237227e-05,132783.643568725,132789.025373563,132790.266070831,0.000132783643135833,0.000132789028633704,0.000132790263794373,132783.783092596,132789.070115399,132790.268142415,0.000132783782254679,0.000132789073049708,0.00013279026604517,3787.22154825786,3859.93728988052,3800.02415169442,9.47718833048261e-06,5.00995386324294e-06,7.56443555684276e-06
0.497,12589.7623641771,12849.0421307235,12701.6503951973,461.310538680737,465.447880065272,470.671669495689,12589.7623641771,12849.0421307235,12701.6503951973,461.310529107624,465.447869908707,470.671659535694,12589.7255064691,12849.0043931355,12701.6122120488,17.2384576148338,17.0785561931233,17.0609229967944,133031.334735116,134191.692871824,131483.058853174,0.076661293079454,0.0764433196615572,0.0757449191836694,82473.5713116003,83992.4249880562,82458.2839442443,0.076661293079454,0.0764433196615572,0.0757449191836694,82473.5713116003,83992.4249880562,82458.2839442443,0.143829689586796,0.143609578378465,0.14217944219886,82473.5713116003,83992.4249880562,82458.2839442443,0.0672381979643278,0.0672371808944203,0.0665069393241852,132800.863974244,132791.165471099,132795.298717458,0.143829689586796,0.143609578378465,0.14217944219886,132800.678813926,132791.1843443,132795.206615388,0.61289917367919,0.521510470110058,0.48540040034062,3815.21805330585,3856.95629920729,3778.95371271957,1417.92046428201,1447.02689586838,1433.29776497967,132800.678474897,132791.184613229,132795.20637355,0.612923556461181,0.521540616919681,0.485431893982792,0,0,0,4.1066646409466e-12,0,0,12589.7623641771,12849.0421307235,12701.6503951973,1.25897585657537e-05,1.28490356397245e-05,1.27016496588396e-05,12589.7255064691,12849.0043931355,12701.6122120488,1.2589726037116e-05,1.28490021257493e-05,1.27016118626701e-05,133031.334735116,134191.692871824,131483.058853174,0.00013303133342289,0.000134191691836093,0.000131483059210821,82473.5713116003,83992.4249880562,82458.2839442443,8.24920721898519e-05,8.40024650669959e-05,8.24572871600016e-05,132800.845874238,132791.175611008,132795.288236252,0.0001328008445421,0.000132791179067625,0.000132795286666338,132800.678474897,132791.184613229,132795.20637355,0.000132800676768255,0.000132791187736447,0.000132795204956381,3815.21805330585,3856.95629920729,3778.95371271957,9.52602413344432e-06,5.03351478062943e-06,7.5445586015302e-06
0.498,12670.4344915813,12864.8894232496,12617.5944636336,460.437593273312,469.124487753343,468.569215874764,12670.4344915813,12864.8894232496,12617.5944636336,460.437583626169,469.124477542853,468.569206044438,12670.3976284039,12864.8512327992,12617.5566870278,17.1414153259573,17.1762870636164,17.1405105958205,133989.387459379,133448.58518965,131401.547979189,0.0770188065872359,0.0762893583751041,0.0761213651180183,82811.373737379,83489.1153558915,81723.3277554019,0.0770188065872359,0.0762893583751041,0.0761213651180183,82811.373737379,83489.1153558915,81723.3277554019,0.144589394834997,0.143359396632125,0.142855585036288,82811.373737379,83489.1153558915,81723.3277554019,0.0676410891171116,0.0671427273959243,0.066806839753231,132786.342387296,132792.343153042,132788.426096671,0.144589394834997,0.143359396632125,0.142855585036288,132786.462126214,132792.335962403,132788.490097456,0.615706358671751,0.515068933474197,0.489472642212861,3843.92470524704,3837.92940230438,3773.1077029166,1426.25195160667,1450.48736088939,1423.43741283167,132786.461786015,132792.336231303,132788.489853484,0.615733416376577,0.515099154509126,0.489505091298171,0,0,0,4.13948753747122e-12,0,0,12670.4344915813,12864.8894232496,12617.5944636336,1.26704306475664e-05,1.28648829128161e-05,1.26175937482202e-05,12670.3976284039,12864.8512327992,12617.5566870278,1.26703981501173e-05,1.28648489459597e-05,1.26175563451292e-05,133989.387459379,133448.58518965,131401.547979189,0.000133989386135563,0.00013344858415438,0.000131401548343988,82811.373737379,83489.1153558915,81723.3277554019,8.28299492448885e-05,8.34990889607067e-05,8.17223405244349e-05,132786.380943648,132792.348274434,132788.44586305,0.000132786378814048,0.000132792351629632,0.000132788445193302,132786.461786015,132792.336231303,132788.489853484,0.00013278645931025,0.000132792339256918,0.000132788489302822,3843.92470524704,3837.92940230438,3773.1077029166,9.53386130196962e-06,5.07140116924906e-06,7.49837980468689e-06
0.499,12770.0822055144,12821.8681771482,12573.0830661622,461.800391868714,471.673875939138,465.297044177473,12770.0822055144,12821.8681771482,12573.0830661622,461.800382100189,471.67386576102,465.29703444424,12770.0450330025,12821.8297616028,12573.0457822713,17.0703843319042,17.3274348476163,17.1415280870076,134530.393280154,132493.563100642,131944.955618454,0.0771718205869978,0.0762090206569733,0.0766425097525218,83087.055554349,82648.3515020433,81370.7262352665,0.0771718205869978,0.0762090206569733,0.0766425097525218,83087.055554349,82648.3515020433,81370.7262352665,0.144979841048031,0.143204711519039,0.143834726449755,83087.055554349,82648.3515020433,81370.7262352665,0.0678797461408597,0.0670699139869695,0.0672647596218142,132797.515633746,132787.824349799,132795.333684534,0.144979841048031,0.143204711519039,0.143834726449755,132797.268129078,132787.962825056,132795.180102069,0.628849702987461,0.529383130222174,0.489292126715907,3862.38802799207,3810.78132560718,3785.51961808805,1437.65646825944,1447.11476768181,1417.16637166267,132797.267786807,132787.9630952,132795.179855139,0.628874406402502,0.529413760653031,0.489324132744095,0,0,0,4.16941009217246e-12,0,0,12770.0822055144,12821.8681771482,12573.0830661622,1.27700783320878e-05,1.28218616783401e-05,1.25730823910487e-05,12770.0450330025,12821.8297616028,12573.0457822713,1.27700455591061e-05,1.2821827467737e-05,1.25730454532443e-05,134530.393280154,132493.563100642,131944.955618454,0.000134530391949582,0.000132493562066585,0.00013194495599179,83087.055554349,82648.3515020433,81370.7262352665,8.31056969193036e-05,8.26582205803459e-05,8.1369743606002e-05,132797.444890141,132787.873348874,132795.28774363,0.000132797442167563,0.000132787876290446,0.000132795288081554,132797.267786807,132787.9630952,132795.179855139,0.000132797264739684,0.00013278796572254,0.000132795180274493,3862.38802799207,3810.78132560718,3785.51961808805,9.49863424163775e-06,5.10899066802322e-06,7.44507973824452e-06
0.5,12850.337259069,12738.099478054,12588.3986823764,464.954279047769,472.158940055055,462.214302948554,12850.337259069,12738.099478054,12588.3986823764,464.954269161029,472.158929982285,462.214293239265,12850.2995927972,12738.061152719,12588.3617709237,17.0665602124754,17.4827241909544,17.0657437787384,134456.290208622,131727.320354746,132910.03796451,0.0771162100234302,0.0763104348172603,0.0771723473099965,83084.0814379977,81695.0803287677,81419.693367431,0.0771162100234302,0.0763104348172603,0.0771723473099965,83084.0814379977,81695.0803287677,81419.693367431,0.14496253042632,0.143361869722349,0.144873784880772,83084.0814379977,81695.0803287677,81419.693367431,0.0679196937559919,0.0671266124308926,0.0677740517080768,132791.727356488,132795.852695659,132787.815595027,0.14496253042632,0.143361869722349,0.144873784880772,132791.640955983,132795.761554422,132787.883050759,0.626746429131672,0.525000707878735,0.490487038845524,3863.77702739132,3786.85837485262,3811.66907386904,1447.81331710711,1438.343485625,1417.32567422049,132791.640613988,132795.761825562,132787.882801827,0.626772109377755,0.525029926938098,0.490520051121585,0,0,0,4.185259062814e-12,0,0,12850.337259069,12738.099478054,12588.3986823764,1.28503333834634e-05,1.27380930167454e-05,1.25883980504697e-05,12850.2995927972,12738.061152719,12588.3617709237,1.28503001347118e-05,1.27380588668101e-05,1.25883614549374e-05,134456.290208622,131727.320354746,132910.03796451,0.000134456288876453,0.000131727319321163,0.000132910038345472,83084.0814379977,81695.0803287677,81419.693367431,8.31027296285429e-05,8.17048349906929e-05,8.14187101770923e-05,132791.700810685,132795.839282533,132787.829925501,0.000132791697764549,0.000132795841530998,0.000132787831280302,132791.640613988,132795.761825562,132787.882801827,0.000132791637255805,0.000132795763785085,0.000132787884199907,3863.77702739132,3786.85837485262,3811.66907386904,9.43515489325963e-06,5.13195166666313e-06,7.40715100566057e-06
