Time_s,Generator_P_MW,Generator_Q_MVAr,Generator_V_kV,Generator_I_kA,Frequency_Hz,Rotor_speed_pu,Machine_delta,GSUT_HV_I_kA,Bus230_V_kV,Grid_I_kA,Fault_I_kA,Relay_pickup,Relay_trip,GCB_closed,Q0_closed,Line_local_closed,Line_remote_closed,DC_V,Battery_SOC_pct,DC_healthy,Auxiliary_V_kV,Grid_P_MW,Grid_Q_MVAr,DC_alarm
0,0,0,0,0,50,1,33.219252629369,0,0,0,0,0,0,1,1,1,1,0,100,0,0,0,0,1
0.001,0,0,0,0,49.9999535525565,0.99999907105113,33.2193744086941,0,0,0,0,0,0,1,1,1,1,114.956123463593,99.999997100343,1,0,0,0,1
0.002,0,0,0,0,49.9999535979405,0.99999907195881,33.2195946654852,0,0,0,0,0,0,1,1,1,1,114.956123141707,99.9999942006859,1,0,0,0,1
0.003,0,0,0,0,49.9999536584196,0.999999073168393,33.2195831212332,0,0,0,0,0,0,1,1,1,1,114.956122819822,99.9999913010288,1,0,0,0,1
0.004,0,0,0,0,49.9999537305332,0.999999074610664,33.2197184313273,0,0,0,0,0,0,1,1,1,1,114.956122497937,99.9999884013718,1,0,0,0,1
0.005,0,0,0,0,49.9999538099946,0.999999076199892,33.2197178591753,0,0,0,0,0,0,1,1,1,1,114.956122176052,99.9999855017147,1,0,0,0,1
0.006,0,0,0,0,49.9999538921206,0.999999077842411,33.2196683029331,0,0,0,0,0,0,1,1,1,1,114.956121854167,99.9999826020576,1,0,0,0,1
0.007,0,0,0,0,49.999953972307,0.999999079446141,33.2197101198544,0,0,0,0,0,0,1,1,1,1,114.956121532281,99.9999797024005,1,0,0,0,1
0.008,0,0,0,0,49.9999540465179,0.999999080930358,33.2195673812132,0,0,0,0,0,0,1,1,1,1,114.956121210396,99.9999768027434,1,0,0,0,1
0.009,0,0,0,0,49.99995411165,0.999999082232999,33.2195443746668,0,0,0,0,0,0,1,1,1,1,114.956120888511,99.9999739030863,1,0,0,0,1
0.01,0,0,0,0,49.999954165879,0.999999083317581,33.2194414684061,0,0,0,0,0,0,1,1,1,1,114.956120566626,99.9999710034292,1,0,0,0,1
0.011,0,0,0,0,49.9999542087829,0.999999084175658,33.2193173549132,0,0,0,0,0,0,1,1,1,1,114.956120244741,99.999968103772,1,0,0,0,1
0.012,0,0,0,0,49.9999542413745,0.99999908482749,33.2192421383954,0,0,0,0,0,0,1,1,1,1,114.956119922855,99.9999652041149,1,0,0,0,1
0.013,0,0,0,0,49.9999542659816,0.999999085319631,33.2191327562677,0,0,0,0,0,0,1,1,1,1,114.95611960097,99.9999623044578,1,0,0,0,1
0.014,0,0,0,0,49.9999542859714,0.999999085719427,33.2189888612579,0,0,0,0,0,0,1,1,1,1,114.956119279085,99.9999594048006,1,0,0,0,1
0.015,0,0,0,0,49.9999543054386,0.999999086108773,33.2189882290072,0,0,0,0,0,0,1,1,1,1,114.9561189572,99.9999565051435,1,0,0,0,1
0.016,0,0,0,0,49.9999543287847,0.999999086575693,33.2187958649787,0,0,0,0,0,0,1,1,1,1,114.956118635314,99.9999536054863,1,0,0,0,1
0.017,0,0,0,0,49.9999543603005,0.999999087206011,33.2188370040479,0,0,0,0,0,0,1,1,1,1,114.956118313429,99.9999507058291,1,0,0,0,1
0.018,0,0,0,0,49.99995440377,0.9999990880754,33.2187109058297,0,0,0,0,0,0,1,1,1,1,114.956117991544,99.9999478061719,1,0,0,0,1
0.019,0,0,0,0,49.999954462095,0.9999990892419,33.2187119786704,0,0,0,0,0,0,1,1,1,1,114.956117669659,99.9999449065147,1,0,0,0,1
0.02,179.94970618223,13.2017414681365,21.9999811005333,4.73516040537665,49.9999545370185,0.999999090740371,33.2186901496165,0.41605859691378,229.940083324483,0.416033594365089,1.32756013055999e-07,0,0,1,1,1,1,114.956117347774,99.9999420068575,1,6.60576064616453,165.574655523833,-5.92108374127412,1
0.021,179.949203749048,13.2017882522943,21.999958855975,4.7351554059245,49.999954628959,0.999999092579181,33.2186907098152,0.416057301992127,229.940056969352,0.416032332621059,1.3275600744156e-07,0,0,1,1,1,1,114.98641119039,99.9999391913508,1,6.60575942931528,165.574333863748,-5.92104705864763,0
0.022,179.948768372091,13.2018598176215,21.9999440323308,4.73514545856125,49.9999547369233,0.999999094738466,33.2186790307504,0.416056826508613,229.940089219498,0.416031839729816,1.32756019132447e-07,0,0,1,1,1,1,115.01640346638,99.9999364591568,1,6.60575950359739,165.574044870183,-5.92102103044572,0
0.023,179.948339293726,13.2019711309655,21.9999295222498,4.73513332016939,49.9999548586318,0.999999097172637,33.2187644163955,0.416056160407064,229.940060553097,0.416031174838008,1.32756004470836e-07,0,0,1,1,1,1,115.046097179343,99.9999338094461,1,6.60575960403308,165.57372463098,-5.92096447627531,0
0.024,179.94797161807,13.2020756661922,21.9999215945128,4.73512988314039,49.9999549906886,0.999999099813772,33.2187030713244,0.416055044296211,229.940081449788,0.416030059591396,1.32756018223207e-07,0,0,1,1,1,1,115.075495302933,99.9999312413978,1,6.60575972396632,165.573445760032,-5.92093824785744,0
0.025,179.94762594383,13.20221867209,21.9999158711479,4.73512176703975,49.9999551289452,0.999999102578904,33.218841017506,0.416054477424876,229.940074457731,0.416029497649264,1.32756012560919e-07,0,0,1,1,1,1,115.104600781154,99.9999287541987,1,6.60575983575821,165.573151659998,-5.92087743531069,0
0.026,179.947317761218,13.2023476388176,21.9999138959323,4.73510986905546,49.9999552688983,0.999999105377965,33.2187898403768,0.416053957171384,229.940075401412,0.41602895729627,1.32756010423002e-07,0,0,1,1,1,1,115.133416528657,99.9999263470442,1,6.60575996397751,165.572869478934,-5.92082468774973,0
0.027,179.94703890572,13.202486086887,21.9999150045287,4.735107520946,49.99995540615,0.999999108123,33.2188805149931,0.416052984839819,229.940076256668,0.416028018974255,1.32756011016103e-07,0,0,1,1,1,1,115.161945431033,99.9999240191373,1,6.60576010938382,165.57259526109,-5.92077185520079,0
0.028,179.946788802676,13.2026238493264,21.9999190878044,4.73510085248974,49.9999555368506,0.999999110737013,33.2188947585222,0.416052285268837,229.940084692929,0.416027293405965,1.32756013779967e-07,0,0,1,1,1,1,115.190190345104,99.9999217696893,1,6.60576023736419,165.572323043378,-5.92069106678356,0
0.029,179.946545881753,13.2027430853911,21.9999236066939,4.73508966167069,49.9999556580927,0.999999113161854,33.2189117509817,0.416051879338569,229.940066008248,0.416026901523878,1.32756010668064e-07,0,0,1,1,1,1,115.218154099212,99.999919597919,1,6.60576040056009,165.572043727164,-5.92063155543706,0
0.03,179.946341281792,13.2028625764306,21.9999325055454,4.735085285074,49.9999557681681,0.999999115363363,33.2189360631703,0.416051034048677,229.940096034101,0.416026047041636,1.32756022079918e-07,0,0,1,1,1,1,115.245839493501,99.9999175030533,1,6.60576054834121,165.571792158365,-5.92054846166519,0
0.031,179.946117946511,13.2029635244851,21.9999388308983,4.73507994807964,49.9999558667574,0.999999117335148,33.2189546647762,0.416050086090211,229.940065917453,0.416025100993213,1.32756011782237e-07,0,0,1,1,1,1,115.273249300199,99.9999154843265,1,6.60576070024918,165.571501348091,-5.92046900236723,0
0.032,179.945927944978,13.2030456721367,21.9999489820305,4.73507004347512,49.9999559548948,0.999999119097895,33.2189125897435,0.416049797785032,229.940093748269,0.416024813722779,1.32756020013652e-07,0,0,1,1,1,1,115.300386263899,99.9999135409809,1,6.60576087451516,165.571256334355,-5.92039400117135,0
0.033,179.94571860548,13.2031214522482,21.999956594792,4.73506289440429,49.9999560348815,0.99999912069763,33.2189616987608,0.416049092268299,229.94007770469,0.416024108810475,1.32756012204148e-07,0,0,1,1,1,1,115.327253101832,99.9999116722659,1,6.60576101544247,165.570973865254,-5.92030899111763,0
0.034,179.945518291494,13.2031710133821,21.9999650592679,4.73505904168642,49.9999561100154,0.999999122200308,33.2188821299818,0.41604798525416,229.940084212359,0.416023003858419,1.32756013416274e-07,0,0,1,1,1,1,115.353852504143,99.9999098774387,1,6.6057611920248,165.570716641743,-5.92022948838836,0
0.035,179.945311864809,13.2032083347616,21.9999724953539,4.73505076330174,49.9999561842731,0.999999123685462,33.2189011381668,0.416047711799333,229.940086023968,0.416022735469246,1.32756015886431e-07,0,0,1,1,1,1,115.380187134162,99.9999081557639,1,6.60576134177986,165.57044968869,-5.92016148779821,0
0.036,179.945098573053,13.2032380714275,21.9999788609074,4.73504031426721,49.9999562619239,0.999999125238479,33.21885809678,0.416047174762805,229.940086709028,0.416022183052539,1.3275601719968e-07,0,0,1,1,1,1,115.406259628669,99.9999065065131,1,6.60576149956833,165.570186962656,-5.9200714975563,0
0.037,179.944876101069,13.2032405581011,21.9999836042975,4.73503793143138,49.999956347126,0.999999126942521,33.2188029103236,0.416046229325953,229.94008163128,0.416021254742659,1.32756016384578e-07,0,0,1,1,1,1,115.432072598159,99.9999049289656,1,6.60576165670184,165.569922387286,-5.92002095200589,0
0.038,179.944655871825,13.2032543046616,21.9999883560314,4.73503156869509,49.9999564435299,0.999999128870599,33.2188045208589,0.416045507883695,229.940097703813,0.4160205238105,1.32756024132541e-07,0,0,1,1,1,1,115.457628627111,99.9999034224075,1,6.60576180563629,165.5696740865,-5.91993838031267,0
0.039,179.944411808184,13.2032427332223,21.9999895561199,4.73502120421887,49.9999565539516,0.999999131079032,33.218735641798,0.416045138167867,229.940077790556,0.416020153029835,1.32756016382011e-07,0,0,1,1,1,1,115.482930274239,99.9999019861322,1,6.60576194684264,165.569403842545,-5.919886523674,0
0.04,179.944180655099,13.2032402708333,21.9999919541827,4.73501530564992,49.9999566800753,0.999999133601507,33.2187191937867,0.41604437941561,229.9400991073,0.416019407352947,1.32756021388931e-07,0,0,1,1,1,1,115.507980072754,99.9999006194401,1,6.6057621038374,165.56917231947,-5.91982270085838,0
0.041,179.943927446788,13.2032330974542,21.9999910409864,4.73501074514394,49.9999568223114,0.999999136446229,33.2186973278428,0.416043308997243,229.940084726416,0.41601832606032,1.32756016860507e-07,0,0,1,1,1,1,115.53278053062,99.9998993216386,1,6.60576222191065,165.56891032331,-5.91976530450975,0
0.042,179.94367954993,13.203228500934,21.9999903534648,4.73500220260724,49.9999569797217,0.999999139594434,33.218651523891,0.416043075789794,229.940091117468,0.416018094428656,1.32756016780113e-07,0,0,1,1,1,1,115.557334130803,99.999898092042,1,6.60576237974245,165.568678246002,-5.91970817675732,0
0.043,179.943428695091,13.2032290459327,21.999988761047,4.73499404226577,49.9999571501071,0.999999143002141,33.2186512332564,0.416042486670409,229.940096380397,0.416017504581419,1.32756020226113e-07,0,0,1,1,1,1,115.581643331521,99.9998969299713,1,6.60576249379877,165.568437570204,-5.91965750449731,0
0.044,179.943169316592,13.2032426594246,21.9999858560975,4.73499089790686,49.9999573302163,0.999999146604327,33.2186337029437,0.416041544562391,229.940088356895,0.416016565095938,1.32756019277544e-07,0,0,1,1,1,1,115.605710566494,99.9998958347543,1,6.60576263411986,165.56820131467,-5.9195894858609,0
0.045,179.942917994161,13.2032516618424,21.9999834749432,4.73498391512831,49.9999575160527,0.999999150321054,33.2185991934513,0.41604121742793,229.940096529406,0.416016238192724,1.3275602520682e-07,0,0,1,1,1,1,115.629538245185,99.9998948057257,1,6.60576275812251,165.567974118078,-5.91954874790377,0
0.046,179.942662368693,13.2032891921413,21.9999805447686,4.73497516136132,49.999957703285,0.999999154065701,33.2186428199779,0.416040760176584,229.940095509656,0.4160157794151,1.32756024512042e-07,0,0,1,1,1,1,115.653128753044,99.9998938422266,1,6.60576288420302,165.567745128096,-5.91947213661455,0
0.047,179.942407469105,13.2033138864398,21.9999773918349,4.7349730795915,49.9999578876806,0.999999157753611,33.2185825373632,0.416039936724214,229.940091007092,0.416014951826598,1.32756020393754e-07,0,0,1,1,1,1,115.676484451748,99.9998929436048,1,6.60576300714728,165.56751386697,-5.91942413724731,0
0.048,179.942161384824,13.2033653674134,21.9999754697832,4.73496735295635,49.99995806553,0.9999991613106,33.2186316246275,0.416039408597978,229.940100730952,0.41601443011169,1.32756022151386e-07,0,0,1,1,1,1,115.699607679439,99.9998921092144,1,6.6057631384478,165.567296508714,-5.91935291606963,0
0.049,179.941910962488,13.2034124213918,21.9999729257836,4.73495791739481,49.9999582340271,0.999999164680542,33.2186004621899,0.416039061381667,229.940093900639,0.416014072686553,1.32756020752117e-07,0,0,1,1,1,1,115.722500750955,99.9998913384161,1,6.60576324782793,165.567060464454,-5.91928982047623,0
0.05,179.941668569498,13.203469171551,21.9999715579211,4.73495436184728,49.9999583915297,0.999999167830595,33.2186133552825,0.416038343161196,229.940097220762,0.416013374971954,1.32756021539659e-07,0,0,1,1,1,1,115.745165958067,99.9998906305769,1,6.60576338841339,165.566840295181,-5.91922535676033,0
0.051,179.941432187355,13.2035284402925,21.9999709536554,4.73494985527888,49.999958537708,0.999999170754159,33.2186147479069,0.41603752725371,229.940104035835,0.416012545655411,1.32756023978494e-07,0,0,1,1,1,1,115.76760556971,99.9998899850703,1,6.60576349343951,165.566612267791,-5.91915846055599,0
0.052,179.941190176543,13.2035896232709,21.9999698372164,4.73494147330956,49.99995867356,0.9999991734712,33.2186167509493,0.416037285895748,229.940091066726,0.41601230606414,1.32756020160352e-07,0,0,1,1,1,1,115.789821832204,99.9998894012757,1,6.60576362775833,165.566379772078,-5.91908958254008,0
0.053,179.940967073413,13.2036440642452,21.9999709795666,4.73493503785572,49.9999588012729,0.999999176025458,33.2185987822582,0.416036692725728,229.94010748285,0.416011712790409,1.32756028135066e-07,0,0,1,1,1,1,115.811816969489,99.9998888785788,1,6.60576374450225,165.566160198474,-5.91903316747487,0
0.054,179.940734234316,13.2037062920977,21.9999710286519,4.73493183077153,49.9999589240119,0.999999178480237,33.2186331119515,0.416035755583734,229.94009513555,0.4160107766816,1.32756023747472e-07,0,0,1,1,1,1,115.833593183341,99.9998884163716,1,6.60576386492909,165.565922799412,-5.91895966333106,0
0.055,179.940516400406,13.2037488695356,21.9999726578529,4.73492488220001,49.9999590455829,0.999999180911657,33.2185723590589,0.416035487285333,229.940103761021,0.416010505021103,1.32756028087628e-07,0,0,1,1,1,1,115.855152653596,99.999888014052,1,6.60576398929528,165.565700725564,-5.91891024073073,0
0.056,179.940298102646,13.2038012085054,21.9999741403136,4.73491553623416,49.999959170079,0.99999918340158,33.2186173692043,0.416035040078804,229.940102756473,0.416010066602221,1.32756025021226e-07,0,0,1,1,1,1,115.876497538372,99.9998876710238,1,6.60576410748414,165.56547311073,-5.91884774577736,0
0.057,179.940084777877,13.2038363026212,21.9999757998784,4.73491360013772,49.999959301488,0.99999918602976,33.2185609249101,0.416034247912355,229.940102435764,0.416009260342172,1.32756024172362e-07,0,0,1,1,1,1,115.89762997428,99.9998873866969,1,6.60576422341163,165.56524707874,-5.91879591254284,0
0.058,179.939875932729,13.2038692737784,21.9999776382868,4.73490830414106,49.9999594433199,0.999999188866398,33.2185731938459,0.416033582589787,229.940102921537,0.416008606359295,1.32756023885931e-07,0,0,1,1,1,1,115.918552076643,99.9998871604871,1,6.60576434828359,165.565028547534,-5.91875000746611,0
0.059,179.939673585687,13.2038978255449,21.9999797359061,4.73489962217498,49.9999595982761,0.999999191965521,33.2185499265662,0.416033280567683,229.940108342168,0.416008295238619,1.32756025678086e-07,0,0,1,1,1,1,115.939265939704,99.9998869918159,1,6.60576445372612,165.564812385437,-5.91869655941108,0
0.06,179.939467028843,13.2039169398324,21.9999807627299,4.73489405265662,49.9999597679958,0.999999195359916,33.2185309724063,0.416032650777845,229.940097426371,0.416007677674701,1.32756025769727e-07,0,0,1,1,1,1,115.959773636844,99.9998868801105,1,6.60576457531773,165.564594253735,-5.91865664152057,0
0.061,179.939277213709,13.2039360888788,21.9999832448717,4.73489030831813,49.9999599528766,0.999999199057533,33.2185134724337,0.416031742035895,229.940114716584,0.416006762257726,1.32756030309221e-07,0,0,1,1,1,1,115.980077220781,99.999886824804,1,6.60576468300206,165.564395165432,-5.91861184264084,0
0.062,179.9390741553,13.2039529864913,21.9999835512528,4.73488323433336,49.9999601520444,0.999999203040888,33.2185092659945,0.416031514624803,229.940099082601,0.416006535446443,1.32756024027641e-07,0,0,1,1,1,1,116.000178723783,99.9998868252819,1,6.60576478862502,165.564179176794,-5.91856683694639,0
0.063,179.938887222822,13.2039645985873,21.9999852636536,4.73487604798865,49.999960363402,0.99999920726804,33.2184640217269,0.416031030224976,229.94011275149,0.416006052736031,1.32756029772963e-07,0,0,1,1,1,1,116.020080157864,99.9998868755135,1,6.60576490224744,165.563990631146,-5.91852850642942,0
0.064,179.938691566675,13.2039837807836,21.9999854903504,4.73487348151919,49.9999605838451,0.999999211676903,33.2184872345087,0.416030250623327,229.940105484499,0.416005271429696,1.32756027644123e-07,0,0,1,1,1,1,116.039783514389,99.9998869750033,1,6.60576499717294,165.563787568176,-5.91848217097221,0
0.065,179.938501459604,13.2039980887309,21.9999859992246,4.73486773772391,49.9999608095532,0.999999216191063,33.2184393191444,0.416029964639245,229.94010845042,0.416004982457782,1.32756026260279e-07,0,0,1,1,1,1,116.05929076549,99.9998871232613,1,6.60576510550843,165.563598160095,-5.9184367086501,0
0.066,179.938310443021,13.2040167377423,21.9999861384563,4.73486044647125,49.9999610363776,0.999999220727552,33.2184499386796,0.416029589475544,229.940109168297,0.416004617144676,1.32756028640476e-07,0,0,1,1,1,1,116.078603863652,99.999887319802,1,6.60576520249726,165.563406991881,-5.91839468578044,0
0.067,179.938119278367,13.2040421162685,21.999986149095,4.73485875420325,49.9999612602616,0.999999225205232,33.2184313762292,0.416028910567909,229.940110978012,0.416003927610941,1.32756027891758e-07,0,0,1,1,1,1,116.097724741908,99.9998875641449,1,6.60576529859499,165.563218355149,-5.91833757762617,0
0.068,179.937924471406,13.2040627814076,21.9999856149057,4.7348540473537,49.9999614776532,0.999999229553063,33.2184110966231,0.416028462928504,229.940106683023,0.416003486142409,1.32756027740123e-07,0,0,1,1,1,1,116.116655314031,99.9998878558141,1,6.60576539690497,165.563026538374,-5.9182972870048,0
0.069,179.937735462853,13.20409604025,21.9999859068118,4.73484623391695,49.9999616858539,0.999999233717078,33.2184190181152,0.416028178673729,229.940117486456,0.416003200250967,1.32756031743264e-07,0,0,1,1,1,1,116.13539747473,99.9998881943386,1,6.60576548953234,165.562844026437,-5.91823849622205,0
0.07,179.93753445079,13.2041230861183,21.9999847700317,4.73484308846292,49.9999618832917,0.999999237665834,33.2183990523109,0.416027587727935,229.940105227817,0.416002608165236,1.32756029282235e-07,0,0,1,1,1,1,116.153953099836,99.9998885792521,1,6.60576557795761,165.562645312063,-5.91819088139787,0
0.071,179.937343782756,13.2041561204844,21.9999850891222,4.7348393909686,49.9999620696426,0.999999241392852,33.2183937544645,0.416026882947355,229.94011695872,0.416001904900303,1.32756030527007e-07,0,0,1,1,1,1,116.172324046494,99.9998890100929,1,6.60576567624126,165.562465444424,-5.91813816195686,0
0.072,179.937143639605,13.2041887319578,21.9999843483986,4.73483247293318,49.9999622458555,0.99999924491711,33.2183986767132,0.416026687931646,229.940109732605,0.416001709447717,1.32756027906813e-07,0,0,1,1,1,1,116.190512153347,99.9998894864038,1,6.60576575381345,165.562265298162,-5.9180870241751,0
0.073,179.936948438594,13.2042195175273,21.999984342503,4.73482675918562,49.999962414023,0.99999924828046,33.2183768495896,0.416026201628795,229.940113312686,0.41600122627606,1.32756029964113e-07,0,0,1,1,1,1,116.208519240723,99.9998900077323,1,6.60576585230495,165.562077507057,-5.91803712877383,0
0.074,179.93675372058,13.2042488169583,21.9999843907565,4.73482416852668,49.9999625771634,0.999999251543268,33.2183820407368,0.416025426128206,229.940115907973,0.416000448153296,1.32756030753979e-07,0,0,1,1,1,1,116.226347110814,99.9998905736303,1,6.60576592964049,165.561883381203,-5.91799429842235,0
0.075,179.936557460802,13.2042794310841,21.9999842607006,4.73481847611014,49.9999627389193,0.999999254778386,33.2183740049377,0.416025170482802,229.94011273964,0.416000190936243,1.32756031429316e-07,0,0,1,1,1,1,116.24399754786,99.9998911836543,1,6.60576601861119,165.561690108073,-5.91794426016437,0
0.076,179.936366701606,13.2042991091664,21.9999845609477,4.73481022757786,49.9999629032013,0.999999258064026,33.218353697869,0.416024810627811,229.940115448232,0.415999835634799,1.32756032909966e-07,0,0,1,1,1,1,116.261472318327,99.999891837365,1,6.60576610064555,165.561499670998,-5.91791386325158,0
0.077,179.936178243241,13.2043258020497,21.9999849742519,4.73480871193883,49.9999630738231,0.999999261476461,33.2183710272522,0.416024161914313,229.940117078811,0.415999186081304,1.32756032687954e-07,0,0,1,1,1,1,116.278773171084,99.9998925343277,1,6.60576618238948,165.561311619219,-5.9178680006524,0
0.078,179.9359910506,13.2043377734431,21.9999850738185,4.73480446516443,49.9999632541451,0.999999265082902,33.2183328134132,0.416023547057264,229.940112577788,0.415998568744801,1.32756030905959e-07,0,0,1,1,1,1,116.29590183758,99.9998932741118,1,6.60576626075718,165.561121417372,-5.91784124814235,0
0.079,179.935813317882,13.204355783658,21.9999859681843,4.73479736017454,49.9999634467547,0.999999268935094,33.2183444841711,0.416023310635498,229.940119358579,0.415998337281242,1.32756032541448e-07,0,0,1,1,1,1,116.312860032015,99.9998940562912,1,6.60576634428944,165.560944125149,-5.91780725369374,0
0.08,179.935635374105,13.2043659945322,21.9999862522187,4.73479195257703,49.9999636532244,0.999999273064488,33.2183215788128,0.416022806940544,229.940115653578,0.415997824408853,1.32756032035419e-07,0,0,1,1,1,1,116.329649451515,99.999894880444,1,6.60576641232478,165.560758842064,-5.91777982253586,0
0.081,179.935464429993,13.204376116461,21.9999868966446,4.73478902046037,49.9999638739466,0.999999277478933,33.2183118239006,0.416022065010986,229.940117434169,0.415997096922921,1.32756032019662e-07,0,0,1,1,1,1,116.3462717763,99.9998957461523,1,6.60576649699536,165.560587710861,-5.91775343311383,0
0.082,179.935298880111,13.2043848698949,21.9999876090195,4.73478335668882,49.999964108085,0.999999282161701,33.2183016385697,0.416021807275309,229.940120805806,0.415996829556354,1.32756033430625e-07,0,0,1,1,1,1,116.362728669853,99.9998966530027,1,6.60576656039152,165.560417208093,-5.91772799106823,0
0.083,179.935132274469,13.2043947605203,21.9999877274523,4.734776743479,49.9999643536459,0.999999287072917,33.2182922989756,0.416021427130946,229.94011422396,0.415996451913119,1.32756031789014e-07,0,0,1,1,1,1,116.37902177909,99.9998976005856,1,6.60576663741235,165.560248752666,-5.91769883217782,0
0.084,179.934976205694,13.2044008840783,21.9999886166954,4.7347747824714,49.9999646076554,0.999999292153108,33.2182706368744,0.416020801993471,229.940122265029,0.415995825770201,1.32756035460385e-07,0,0,1,1,1,1,116.39515273452,99.9998985884956,1,6.60576670409447,165.560090235243,-5.91767675643505,0
0.085,179.934816081711,13.2044153762095,21.9999887171993,4.73477024518831,49.9999648664613,0.999999297329227,33.2182808739583,0.416020521568425,229.940117232663,0.415995545200168,1.32756034100719e-07,0,0,1,1,1,1,116.411123150411,99.9998996163313,1,6.60576677097394,165.559927019864,-5.91764102026842,0
0.086,179.934661648848,13.2044230215184,21.9999891677018,4.73476396878092,49.9999651260902,0.999999302521804,33.2182385116105,0.416020231214481,229.940120220717,0.415995253416376,1.32756035145193e-07,0,0,1,1,1,1,116.426934624955,99.9999006836955,1,6.60576683773401,165.559771530314,-5.91761629734975,0
0.087,179.934506740229,13.204441223235,21.9999894739098,4.73476268203408,49.9999653826563,0.999999307653127,33.2182559122209,0.416019690699874,229.940121194635,0.415994718902313,1.32756033820299e-07,0,0,1,1,1,1,116.442588740423,99.9999017901946,1,6.6057669020653,165.559616146981,-5.91758090645748,0
0.088,179.934351098358,13.2044553639754,21.9999895674212,4.73475899204308,49.9999656327553,0.999999312655106,33.2182239668473,0.416019290146995,229.940120460008,0.415994311647992,1.32756033089857e-07,0,0,1,1,1,1,116.458087063326,99.9999029354393,1,6.60576696135393,165.559459057554,-5.91754736025297,0
0.089,179.934195001247,13.2044730603536,21.9999896617506,4.73475272827421,49.9999658738041,0.999999317476082,33.2182258727608,0.416019069937845,229.940120336854,0.415994098046839,1.3275603379287e-07,0,0,1,1,1,1,116.473431144575,99.9999041190439,1,6.60576702746691,165.55930573534,-5.91751373274902,0
0.09,179.934039566068,13.2044924553111,21.9999899002598,4.73474973378679,49.9999661042898,0.999999322085797,33.2182135718018,0.416018601861717,229.94012353086,0.415993621943739,1.32756034180067e-07,0,0,1,1,1,1,116.488622519632,99.9999053406265,1,6.60576708061326,165.559150629333,-5.91747501479211,0
0.091,179.933878475595,13.2045104897572,21.9999895757279,4.73474683848133,49.9999663239067,0.999999326478134,33.2182051344251,0.416017988176521,229.940117574742,0.415993012140835,1.32756034142346e-07,0,0,1,1,1,1,116.503662708666,99.9999065998093,1,6.60576714311939,165.558990664975,-5.9174405891161,0
0.092,179.933723799153,13.2045287857273,21.9999901368978,4.7347413153878,49.9999665335545,0.99999933067109,33.2181940462706,0.416017838916487,229.940127176571,0.415992862851723,1.32756036857784e-07,0,0,1,1,1,1,116.518553216705,99.999907896218,1,6.60576719770068,165.558837800518,-5.91740583771423,0
0.093,179.933559831141,13.2045474855656,21.9999896728374,4.73473622605846,49.999966735238,0.99999933470476,33.2181963602403,0.416017456158645,229.940119086469,0.415992480650504,1.32756034463197e-07,0,0,1,1,1,1,116.533295533789,99.9999092294822,1,6.6057672510969,165.558673373807,-5.91737021179467,0
0.094,179.933402741109,13.2045606548543,21.9999900477633,4.73473423136617,49.9999669318405,0.99999933863681,33.2181706974355,0.416016835144252,229.94012545988,0.415991861430654,1.32756036245735e-07,0,0,1,1,1,1,116.547891135116,99.999910599235,1,6.60576730834851,165.558520030839,-5.91734248987262,0
0.095,179.933241708141,13.2045758152348,21.9999899157619,4.73472973920618,49.999967126844,0.99999934253688,33.2181873649057,0.416016591682044,229.940122429656,0.41599161741698,1.32756035786627e-07,0,0,1,1,1,1,116.562341481194,99.9999120051133,1,6.60576735688762,165.558358545044,-5.91731273078249,0
0.096,179.933084173043,13.204584085777,21.9999900347145,4.73472293692353,49.9999673239873,0.999999346479746,33.2181610106766,0.416016314987372,229.940123577568,0.415991337077988,1.32756035257755e-07,0,0,1,1,1,1,116.576648017984,99.9999134467576,1,6.60576741032811,165.558202443711,-5.91728721568253,0
0.097,179.932928522691,13.2045905665049,21.9999901375336,4.73472149292508,49.9999675269169,0.999999350538339,33.2181642879881,0.416015803915736,229.94012366851,0.415990832612277,1.32756035942137e-07,0,0,1,1,1,1,116.590812177045,99.9999149238118,1,6.60576746005515,165.558047074684,-5.91726801389171,0
0.098,179.932776783069,13.2045963700377,21.9999903837788,4.73471823314765,49.9999677388459,0.999999354776918,33.2181522430176,0.416015246755386,229.940125559665,0.415990269449089,1.32756036242175e-07,0,0,1,1,1,1,116.60483537568,99.9999164359236,1,6.60576750669724,165.557894683718,-5.91724524574964,0
0.099,179.932626537527,13.204595779496,21.9999903556619,4.73471266008713,49.9999679622543,0.999999359245087,33.2181393681863,0.416015072428075,229.940122605682,0.415990098647603,1.32756036247202e-07,0,0,1,1,1,1,116.618719017079,99.9999179827442,1,6.60576755552223,165.55774294264,-5.91723416705287,0
0.1,179.932484923765,13.2045976776003,21.9999909190464,4.73470751808317,49.9999681986466,0.999999363972932,33.2181370713848,0.416014686878614,229.940129101038,0.415989711658072,1.32756037894382e-07,0,0,1,1,1,1,116.632464490454,99.9999195639279,1,6.60576760015059,165.557601529661,-5.91721713699507,0
0.101,179.93234115459,13.2045950082959,21.9999906678903,4.73470535548261,49.9999684484061,0.999999368968122,33.2181245047785,0.416014108329041,229.940121604781,0.415989132044866,1.3275603596278e-07,0,0,1,1,1,1,116.646073171185,99.999921179133,1,6.6057676418144,165.55745528156,-5.9172061759341,0
0.102,179.932208349874,13.2045932130725,21.9999912483137,4.73470103004262,49.9999687107354,0.999999374214707,33.2181126273471,0.416013830702768,229.940127943709,0.415988855838935,1.3275603684745e-07,0,0,1,1,1,1,116.659546420952,99.9999228280207,1,6.60576768843405,165.557324013365,-5.9171943385802,0
0.103,179.932075042949,13.2045921211418,21.9999912567883,4.73469510953723,49.9999689837291,0.999999379674581,33.2181128837573,0.416013549299652,229.940124565301,0.415988573126602,1.32756036565424e-07,0,0,1,1,1,1,116.672885587878,99.9999245102559,1,6.60576772338341,165.557186485899,-5.9171814796466,0
0.104,179.931947670914,13.204591009612,21.999991561431,4.7346937112923,49.9999692645449,0.999999385290897,33.218091984493,0.416013072505457,229.940126381268,0.415988099530296,1.32756036894042e-07,0,0,1,1,1,1,116.686092006657,99.9999262255067,1,6.60576776804257,165.55705933069,-5.91716746503386,0
0.105,179.931822912629,13.2045918158001,21.9999918087874,4.73469032405272,49.9999695496838,0.999999390993676,33.218088280559,0.416012808609056,229.940127470448,0.415987834574401,1.32756037406196e-07,0,0,1,1,1,1,116.699166998693,99.9999279734445,1,6.60576780215212,165.556932453503,-5.91715524749602,0
0.106,179.931699021295,13.204596769598,21.9999919273532,4.73468514724271,49.999969835342,0.999999396706839,33.2180781901059,0.41601259725985,229.940126483485,0.415987620860972,1.32756037422544e-07,0,0,1,1,1,1,116.712111872231,99.999929753744,1,6.60576784039559,165.556808112241,-5.91713509492271,0
0.107,179.931577145898,13.2045990532662,21.9999920773853,4.73468423996314,49.999970117796,0.99999940235592,33.2180619462447,0.416012190386077,229.940126871221,0.415987216925239,1.32756037413557e-07,0,0,1,1,1,1,116.724927922489,99.9999315660831,1,6.60576787555945,165.556685474477,-5.91712174748712,0
0.108,179.9314561797,13.2046086377658,21.9999923127746,4.73468150051397,49.9999703937826,0.999999407875652,33.2180649276206,0.416011844902232,229.940128583779,0.415986869546856,1.3275603800226e-07,0,0,1,1,1,1,116.737616431785,99.999933410143,1,6.60576790975357,165.556565297223,-5.91709658107237,0
0.109,179.931332701353,13.2046141314044,21.999992196993,4.7346767437202,49.9999706608273,0.999999413216545,33.2180420257892,0.416011685242598,229.940125117449,0.415986709258804,1.32756037635636e-07,0,0,1,1,1,1,116.750178669668,99.999935285608,1,6.60576794145612,165.556440835222,-5.91707819650861,0
0.11,179.931212205042,13.2046248388883,21.9999925546782,4.73467399565653,49.9999709174793,0.999999418349585,33.2180426375776,0.416011332973708,229.940129671352,0.415986361257517,1.32756037691445e-07,0,0,1,1,1,1,116.762615893046,99.9999371921655,1,6.60576797660159,165.556321881652,-5.91705443411643,0
0.111,179.931087713809,13.2046334654777,21.9999924858548,4.73467185672966,49.9999711634435,0.999999423268869,33.2180307218426,0.416010819769598,229.940127656344,0.415985844253575,1.32756037484377e-07,0,0,1,1,1,1,116.774929346308,99.9999391295061,1,6.60576800228981,165.556195107358,-5.91703237305032,0
0.112,179.930963436339,13.2046422195687,21.9999925677213,4.73466766737076,49.9999713995828,0.999999427991655,33.2180213622983,0.416010712425499,229.940128269163,0.415985738386579,1.32756037477495e-07,0,0,1,1,1,1,116.787120261455,99.9999410973235,1,6.60576803737144,165.556073403647,-5.91701085857882,0
0.113,179.930839081281,13.2046494663131,21.9999926855366,4.73466331907663,49.9999716278106,0.999999432556211,33.218016476472,0.416010427355238,229.940129772154,0.415985451841222,1.32756038440459e-07,0,0,1,1,1,1,116.799189858217,99.9999430953144,1,6.60576806113452,165.555949040479,-5.91699186702383,0
0.114,179.930712228427,13.2046556933891,21.9999925387322,4.73466187391497,49.9999718508874,0.999999437017748,33.2180124867652,0.41600995533419,229.940126653095,0.415984982249944,1.32756038326383e-07,0,0,1,1,1,1,116.811139344179,99.9999451231784,1,6.60576809174918,165.555823229849,-5.91697179913887,0
0.115,179.930589309367,13.2046563985506,21.999992769129,4.73465852453383,49.9999720721394,0.999999441442788,33.2179994711563,0.416009736650765,229.940130333599,0.4159847621503,1.32756039392131e-07,0,0,1,1,1,1,116.822969914903,99.9999471806183,1,6.60576811729001,165.555700672312,-5.91695955310387,0
0.116,179.930464874275,13.2046588873341,21.9999927041051,4.73465335987875,49.9999722951426,0.999999445902853,33.2180038592821,0.416009536675868,229.940128434974,0.415984562440414,1.32756038260538e-07,0,0,1,1,1,1,116.834682754043,99.9999492673397,1,6.60576814274054,165.555576210654,-5.91694317450018,0
0.117,179.930343967606,13.2046539060698,21.9999927759299,4.73465189365517,49.9999725233836,0.999999450467673,33.2179799075168,0.416009158050995,229.940129240137,0.41598418283211,1.32756038563847e-07,0,0,1,1,1,1,116.84627903347,99.9999513830512,1,6.6057681674735,165.555455046217,-5.91693730314613,0
0.118,179.930226031215,13.204650841898,21.9999929089563,4.7346495540128,49.9999727599362,0.999999455198725,33.2179876141729,0.416008672638382,229.940130605758,0.415983698556613,1.32756038972949e-07,0,0,1,1,1,1,116.857759913384,99.9999535274644,1,6.60576819176416,165.555337185989,-5.91692946135769,0
0.119,179.930110586153,13.2046424345817,21.9999928903158,4.73464546161617,49.9999730071741,0.999999460143482,33.2179702740523,0.416008555382163,229.940129650772,0.415983578519789,1.32756038260618e-07,0,0,1,1,1,1,116.869126542433,99.9999557002935,1,6.60576821157644,165.555220631674,-5.91692564508788,0
0.12,179.929999304346,13.2046334476566,21.9999929221648,4.73464075496812,49.9999732665417,0.999999465330833,33.2179675190855,0.416008281664941,229.940129129445,0.415983310336906,1.32756038664028e-07,0,0,1,1,1,1,116.880380057828,99.9999579012558,1,6.60576823608059,165.555110591059,-5.91692429566022,0
0.121,179.929893530428,13.2046238654344,21.9999931032277,4.73463930256642,49.9999735384066,0.999999470768132,33.2179590091669,0.416007861126402,229.940131078879,0.415982884108844,1.32756038658015e-07,0,0,1,1,1,1,116.891521585455,99.9999601300714,1,6.60576825239304,165.555003533782,-5.9169223733621,0
0.122,179.929789547199,13.20461361139,21.9999930012363,4.73463626122552,49.9999738220133,0.999999476440266,33.2179518970055,0.41600757995504,229.940128083852,0.415982605615713,1.32756037702761e-07,0,0,1,1,1,1,116.902552239992,99.9999623864629,1,6.60576827366808,165.554898270282,-5.91692187464792,0
0.123,179.929693431744,13.2046037393096,21.9999933624054,4.73463186417542,49.9999741155379,0.999999482310759,33.2179401461101,0.416007390587868,229.940133091803,0.415982415867138,1.32756040021184e-07,0,0,1,1,1,1,116.913473125016,99.9999646701561,1,6.60576829025599,165.554801521928,-5.91692167279674,0
0.124,179.929596359178,13.2045969484744,21.9999931972887,4.73463032159012,49.9999744162635,0.999999488325271,33.2179387385114,0.416007057092604,229.94012888892,0.415982082565421,1.32756039353578e-07,0,0,1,1,1,1,116.924285333117,99.9999669808791,1,6.60576830589935,165.554703053402,-5.91691822135843,0
0.125,179.929505603924,13.2045892907415,21.9999934271667,4.73462802275045,49.9999747208389,0.999999494416778,33.2179199312952,0.416006826506174,229.940131730065,0.41598185134965,1.32756039310888e-07,0,0,1,1,1,1,116.934989946005,99.9999693183631,1,6.60576832299052,165.554612776087,-5.91691694383147,0
0.126,179.929415007882,13.2045862155055,21.9999934286949,4.73462430990386,49.9999750256201,0.999999500512401,33.2179255458064,0.416006687758947,229.940130525637,0.415981714462674,1.32756038936948e-07,0,0,1,1,1,1,116.94558803462,99.9999716823416,1,6.60576833599135,165.554521162759,-5.91691040610784,0
0.127,179.929326479823,13.2045829072912,21.9999934933807,4.73462354785174,49.9999753270392,0.999999506540783,33.2179062016831,0.416006408467033,229.94013068144,0.415981432733744,1.32756038976633e-07,0,0,1,1,1,1,116.95608065924,99.999974072551,1,6.60576835017315,165.554432677604,-5.91690246369878,0
0.128,179.929238478858,13.2045823245032,21.9999935476107,4.73462169789134,49.9999756219691,0.999999512439382,33.2179029566525,0.416006134768008,229.940130594005,0.415981160939313,1.32756038755596e-07,0,0,1,1,1,1,116.966468869584,99.9999764887303,1,6.6057683636703,165.554344681579,-5.91689466608077,0
0.129,179.929151257436,13.2045843617745,21.9999936957058,4.73461838633957,49.999975908037,0.99999951816074,33.2178934809425,0.416006029817798,229.940132274022,0.415981053816096,1.32756039521561e-07,0,0,1,1,1,1,116.976753704921,99.9999789306211,1,6.60576837425499,165.554256681068,-5.91688218559097,0
0.13,179.929061779938,13.2045853390394,21.9999936076404,4.7346160686412,49.9999761838546,0.999999523677091,33.2178842002852,0.416005787703373,229.940130273266,0.415980814629764,1.32756039398731e-07,0,0,1,1,1,1,116.986936194173,99.9999813979673,1,6.60576838668212,165.554166743707,-5.91687295374846,0
0.131,179.928974134512,13.204588427206,21.9999938343409,4.73461462314246,49.9999764491363,0.999999528982726,33.2178789382141,0.416005415496916,229.940133667607,0.415980441416646,1.32756039932533e-07,0,0,1,1,1,1,116.997017356015,99.9999838905158,1,6.60576839669131,165.554080409093,-5.91686017995689,0
0.132,179.928882053895,13.2045898596208,21.9999935930531,4.73461171273467,49.9999767047092,0.999999534094184,33.2178728569869,0.416005320032266,229.940129213555,0.415980345310426,1.32756038379011e-07,0,0,1,1,1,1,117.006998198982,99.9999864080158,1,6.60576840524013,165.553988138158,-5.91684967173707,0
0.133,179.928793258838,13.2045899731893,21.9999938107258,4.73460827321379,49.9999769524027,0.999999539048053,33.2178643335041,0.416005125853503,229.94013269837,0.415980152255591,1.32756039559633e-07,0,0,1,1,1,1,117.016879721566,99.9999889502188,1,6.60576841662018,165.553900852767,-5.91684029600799,0
0.134,179.928702025972,13.2045888328036,21.9999937291593,4.73460732691969,49.9999771948564,0.999999543897127,33.2178651385613,0.416004797340404,229.940131167302,0.415979822265939,1.32756039606199e-07,0,0,1,1,1,1,117.026662912319,99.9999915168791,1,6.60576842205929,165.553808246916,-5.91683188771833,0
0.135,179.928612401121,13.204584801237,21.9999937771074,4.73460505519987,49.999977435252,0.999999548705041,33.2178512966513,0.416004619341348,229.940131919439,0.415979644159058,1.32756039238691e-07,0,0,1,1,1,1,117.036348749951,99.9999941077533,1,6.60576843215107,165.55371950949,-5.916826121674,0
0.136,179.928523943866,13.2045785777122,21.9999938043295,4.73460147955286,49.9999776770082,0.999999553540165,33.2178486776628,0.416004490112157,229.940132364838,0.415979516673436,1.32756039767467e-07,0,0,1,1,1,1,117.045938203426,99.9999967226005,1,6.60576843750791,165.553630611386,-5.91682531614143,0
0.137,179.928437151446,13.2045709101037,21.9999937996475,4.73460015770666,49.9999779234598,0.999999558469196,33.2178431494034,0.416004237138683,229.9401322617,0.41597926225052,1.32756039625151e-07,0,0,1,1,1,1,117.048575548352,99.9999993440402,1,6.60576844409247,165.553543799927,-5.91682355785457,0
0.138,179.928352957978,13.2045581747426,21.9999937505252,4.7345986805985,49.9999781775479,0.999999563550958,33.2178336779987,0.416003880583643,229.94013163897,0.415978907179041,1.32756039361311e-07,0,0,1,1,1,1,116.262383833558,100,1,6.6057684495089,165.553459544035,-5.91682886910524,0
0.139,179.928272954204,13.2045463723714,21.9999938262701,4.73459600217113,49.9999784415444,0.999999568830888,33.2178330855629,0.416003773584502,229.940132796106,0.415978799008335,1.32756039914675e-07,0,0,1,1,1,1,123.75,100,1,6.60576845404922,165.553380170143,-5.91683139782674,0
0.14,179.928195278326,13.2045306069944,21.9999936963358,4.73459241902993,49.9999787168353,0.999999574336707,33.2178207818843,0.41600360588849,229.940130613629,0.415978630588988,1.32756039654181e-07,0,0,1,1,1,1,123.75,100,1,6.60576845684039,165.553301102263,-5.91683964271534,0
0.141,179.928124046419,13.2045160373553,21.9999938777643,4.73459110574761,49.9999790037763,0.999999580075526,33.2178177107436,0.4160033375675,229.940133592052,0.415978365107347,1.32756039658886e-07,0,0,1,1,1,1,123.75,100,1,6.60576846157564,165.553229677063,-5.91684675079675,0
0.142,179.928054900512,13.2045006844353,21.9999938005695,4.73458928842352,49.9999793016479,0.999999586032957,33.2178100859111,0.416003068671819,229.940132315057,0.415978093398788,1.32756039596408e-07,0,0,1,1,1,1,123.75,100,1,6.60576846056549,165.553158563217,-5.91685481842078,0
0.143,179.92799014966,13.2044864131631,21.9999938033132,4.7345865527013,49.9999796087089,0.999999592174178,33.2178014498942,0.41600296473279,229.940132262731,0.415977991044989,1.32756039782584e-07,0,0,1,1,1,1,123.75,100,1,6.60576846448995,165.553094679065,-5.91686250564558,0
0.144,179.927929257833,13.2044732865227,21.9999938445674,4.73458484454259,49.9999799223579,0.999999598447158,33.2177975178731,0.416002768547168,229.940132929994,0.415977793205505,1.32756039892243e-07,0,0,1,1,1,1,123.75,100,1,6.60576846236202,165.553033002215,-5.91686994139144,0
0.145,179.927870140005,13.2044624894285,21.9999937684074,4.73458356782376,49.9999802393876,0.999999604787752,33.2177928846814,0.41600258702411,229.940131510309,0.415977612077454,1.32756039895183e-07,0,0,1,1,1,1,123.75,100,1,6.60576846334841,165.552973592501,-5.91687315772765,0
0.146,179.927814625929,13.204451915424,21.9999938477578,4.73458138720351,49.9999805563059,0.999999611126117,33.217781235631,0.416002515055413,229.940132911182,0.41597754072117,1.32756040188044e-07,0,0,1,1,1,1,123.75,100,1,6.60576846182613,165.552917740445,-5.91687775660939,0
0.147,179.927759513058,13.2044463308014,21.9999938306247,4.73458081365006,49.9999808696941,0.999999617393883,33.2177796611304,0.416002356332846,229.94013237748,0.415977382084479,1.32756039658872e-07,0,0,1,1,1,1,123.75,100,1,6.60576846015947,165.552862296684,-5.91687663336423,0
0.148,179.927705472791,13.204440118706,21.999993833557,4.73457979400133,49.9999811765554,0.999999623531108,33.2177644797316,0.416002169883016,229.940132537425,0.415977194794907,1.32756039520777e-07,0,0,1,1,1,1,123.75,100,1,6.60576845781019,165.552807494496,-5.91687781721932,0
0.149,179.927651823284,13.2044376243615,21.9999938911153,4.73457786141073,49.9999814746157,0.999999629492315,33.2177656246622,0.416002113905106,229.94013353682,0.415977140256226,1.3275604008904e-07,0,0,1,1,1,1,123.75,100,1,6.60576845585073,165.552754172315,-5.91687483002077,0
0.15,179.92759687319,13.2044345320772,21.9999938109986,4.73457613861683,49.9999817625444,0.999999635250888,33.2177548302649,0.416001975379146,229.940132393989,0.415976999304388,1.3275603956956e-07,0,0,1,1,1,1,123.75,100,1,6.60576845093433,165.552699271838,-5.91687167087948,0
0.151,179.927541615292,13.2044322818828,21.9999937745194,4.7345753279775,49.9999820400688,0.999999640801376,33.2177511506673,0.4160017540002,229.940131847663,0.415976781560136,1.32756039563135e-07,0,0,1,1,1,1,123.75,100,1,6.60576844940199,165.552645361894,-5.91686857761271,0
0.152,179.927486706032,13.20442963279,21.9999938416957,4.73457362753734,49.9999823079784,0.999999646159567,33.2177463626477,0.416001669346376,229.940133196468,0.415976694193283,1.32756039545268e-07,0,0,1,1,1,1,123.75,100,1,6.60576844333267,165.552589905881,-5.91686521427279,0
0.153,179.927429991468,13.2044258112115,21.9999937408292,4.73457124570919,49.9999825680255,0.99999965136051,33.2177418970564,0.416001559570402,229.940131727977,0.415976585468334,1.32756039608652e-07,0,0,1,1,1,1,123.75,100,1,6.60576844017984,165.552532876589,-5.91686287244857,0
0.154,179.927375157646,13.204420014654,21.9999938559137,4.73457074895232,49.9999828227339,0.999999656454678,33.2177337120052,0.416001367776767,229.940134072122,0.415976393234961,1.32756040441508e-07,0,0,1,1,1,1,123.75,100,1,6.60576843473864,165.55247838773,-5.91686358319812,0
0.155,179.927318721923,13.204413559796,21.9999937155189,4.73456948696142,49.9999830751477,0.999999661502955,33.2177336550221,0.416001244507243,229.940131955188,0.415976269834132,1.32756040086401e-07,0,0,1,1,1,1,123.75,100,1,6.60576842897359,165.552421799221,-5.9168649470773,0
0.156,179.927265165834,13.2044028617303,21.999993752796,4.73456744000225,49.9999833285359,0.999999666570717,33.217723370537,0.416001180116961,229.940133138735,0.415976205177969,1.32756039583875e-07,0,0,1,1,1,1,123.75,100,1,6.60576842382128,165.552368618904,-5.91687086889129,0
0.157,179.927212722603,13.2043911630403,21.9999936916149,4.73456640891423,49.9999835860881,0.999999671721761,33.2177259659892,0.416001045721675,229.940132526287,0.415976071909805,1.32756039424694e-07,0,0,1,1,1,1,123.75,100,1,6.60576841698023,165.552316097987,-5.91687712526265,0
0.158,179.927163180494,13.2043761418221,21.9999936468561,4.73456573090324,49.9999838506185,0.999999677012371,33.2177146100651,0.416000849914361,229.940132260056,0.415975874764835,1.32756039209757e-07,0,0,1,1,1,1,123.75,100,1,6.60576841003821,165.552266525219,-5.91688628506164,0
0.159,179.92711705596,13.2043599031861,21.9999936267509,4.73456440073805,49.9999841243034,0.999999682486069,33.2177120256186,0.416000728794679,229.94013233421,0.415975754822048,1.32756039354912e-07,0,0,1,1,1,1,123.75,100,1,6.60576840336238,165.552219884525,-5.91689869671804,0
0.16,179.927075167664,13.2043429280393,21.9999936725958,4.73456254678505,49.9999844084716,0.999999688169432,33.2177063526923,0.416000659884489,229.940133643467,0.415975683989097,1.32756039975417e-07,0,0,1,1,1,1,123.75,100,1,6.60576839431733,165.552176703211,-5.91691093258089,0
0.161,179.92703581892,13.2043244810736,21.9999935457336,4.73456084891642,49.9999847034692,0.999999694069383,33.2177000677673,0.416000538127355,229.940132099784,0.415975564080104,1.32756039292215e-07,0,0,1,1,1,1,123.75,100,1,6.60576838637504,165.552136755541,-5.91692581081207,0
0.162,179.927001880655,13.2043069820318,21.9999936025367,4.73456018177689,49.9999850086106,0.999999700172213,33.2176950990725,0.416000381032248,229.940133605253,0.415975406310716,1.32756039691529e-07,0,0,1,1,1,1,123.75,100,1,6.60576837689676,165.552103291635,-5.91693971775767,0
0.163,179.926969801894,13.2042899718194,21.9999934290833,4.73455905518273,49.9999853222335,0.99999970644467,33.2176922709837,0.416000268971796,229.940131165075,0.415975293756941,1.32756039225667e-07,0,0,1,1,1,1,123.75,100,1,6.60576836649229,165.552070403274,-5.91695337858358,0
0.164,179.926943125974,13.2042738218713,21.9999935064603,4.73455765450727,49.9999856418482,0.999999712836964,33.2176852195251,0.416000202951789,229.94013307075,0.415975228545822,1.32756039398313e-07,0,0,1,1,1,1,123.75,100,1,6.60576835739132,165.552043626092,-5.91696592737427,0
0.165,179.926917925677,13.2042601760497,21.999993428612,4.73455698959285,49.9999859643837,0.999999719287673,33.21768315632,0.416000102101738,229.940132267414,0.415975126367744,1.32756039310657e-07,0,0,1,1,1,1,123.75,100,1,6.60576834520338,165.552017256002,-5.91697621993777,0
0.166,179.926895307183,13.2042484516023,21.9999934134209,4.73455627409934,49.9999862864948,0.999999725729896,33.2176721768878,0.416000071639923,229.940132527584,0.415975096199274,1.32756039251772e-07,0,0,1,1,1,1,123.75,100,1,6.60576833506241,165.551994626332,-5.91698509863692,0
0.167,179.926874063993,13.2042390427609,21.9999933947159,4.73455602294526,49.9999866049054,0.999999732098108,33.217668971399,0.416000026400634,229.940132784757,0.415975051903713,1.32756039299431e-07,0,0,1,1,1,1,123.75,100,1,6.60576832293333,165.551972812246,-5.91699328835637,0
0.168,179.926853361257,13.2042320149393,21.9999933593056,4.73455576652632,49.9999869167433,0.999999738334865,33.2176644133794,0.415999946888188,229.940132799878,0.415974971634081,1.32756039643781e-07,0,0,1,1,1,1,123.75,100,1,6.60576831101078,165.55195214895,-5.91699728404212,0
0.169,179.926832346214,13.2042251269322,21.9999932561178,4.73455514415041,49.9999872198297,0.999999744396595,33.2176575054387,0.415999926011539,229.940131725927,0.415974951225299,1.32756039175823e-07,0,0,1,1,1,1,123.75,100,1,6.60576829898215,165.551931661735,-5.91700209654558,0
0.17,179.92681191862,13.2042208265926,21.9999932716006,4.73455419538123,49.9999875128893,0.999999750257786,33.2176553957037,0.415999883409042,229.940132473564,0.415974908383038,1.32756039288414e-07,0,0,1,1,1,1,123.75,100,1,6.60576828666003,165.551911939161,-5.91700362347247,0
0.171,179.926790125511,13.2042157222,21.9999931713242,4.73455390385089,49.9999877956612,0.999999755913224,33.2176490277672,0.415999806298501,229.940131390174,0.415974830655383,1.32756038875829e-07,0,0,1,1,1,1,123.75,100,1,6.60576827354932,165.55188927826,-5.91700659357766,0
0.172,179.926769104096,13.2042110857079,21.9999932382155,4.73455333585125,49.9999880689015,0.999999761378031,33.2176457065403,0.415999743680235,229.940133167517,0.415974768780368,1.32756039655118e-07,0,0,1,1,1,1,123.75,100,1,6.60576826186823,165.5518684612,-5.91700894873635,0
0.173,179.926746438018,13.2042053957104,21.9999931387312,4.73455243359312,49.9999883342875,0.99999976668575,33.217641925206,0.415999711620724,229.940132168937,0.415974735939712,1.32756039211936e-07,0,0,1,1,1,1,123.75,100,1,6.60576824725956,165.551845494692,-5.9170127637377,0
0.174,179.926724152913,13.2041983175036,21.9999930852117,4.73455201849484,49.9999885942346,0.999999771884691,33.2176375659995,0.415999648884528,229.94013191691,0.41597467451378,1.32756039178307e-07,0,0,1,1,1,1,123.75,100,1,6.60576823553703,165.551824220423,-5.91701829376907,0
0.175,179.926702770147,13.2041889569599,21.9999930586401,4.73455169436231,49.9999888516538,0.999999777033075,33.2176367671868,0.415999590609937,229.940132224515,0.415974615578909,1.32756039085958e-07,0,0,1,1,1,1,123.75,100,1,6.60576822094439,165.551802656077,-5.91702617659486,0
0.176,179.92668210033,13.2041776897537,21.9999929724699,4.73455109939637,49.9999891096724,0.999999782193448,33.2176341047174,0.415999584873899,229.940131473446,0.415974609513567,1.32756038954822e-07,0,0,1,1,1,1,123.75,100,1,6.60576820786882,165.551782047305,-5.91703447128678,0
0.177,179.926663956253,13.2041633025852,21.9999929479047,4.73455047211914,49.9999893713415,0.99999978742683,33.2176268941771,0.415999561554869,229.940131822624,0.415974586444219,1.32756038915493e-07,0,0,1,1,1,1,123.75,100,1,6.60576819372629,165.551763750658,-5.9170473494666,0
0.178,179.926648238166,13.2041486423972,21.9999929199987,4.73455052466615,49.9999896393545,0.99999979278709,33.2176261319863,0.415999518937771,229.94013198753,0.415974543818379,1.32756039034863e-07,0,0,1,1,1,1,123.75,100,1,6.605768179468,165.551747420582,-5.91706057682546,0
0.179,179.926635554682,13.2041308742412,21.9999928654642,4.73455046672586,49.999989915796,0.999999798315921,33.2176186837239,0.415999461556247,229.940131959767,0.415974486125462,1.32756038872555e-07,0,0,1,1,1,1,123.75,100,1,6.60576816456919,165.551733637117,-5.91707770873443,0
0.18,179.92662653766,13.2041130184769,21.9999928360546,4.73455026853582,49.9999902019417,0.999999804038834,33.217618308056,0.415999416561787,229.940132297589,0.415974441800733,1.32756039144244e-07,0,0,1,1,1,1,123.75,100,1,6.6057681500612,165.551724704942,-5.91709472996998,0
0.181,179.926620643947,13.2040940069257,21.9999927193824,4.73454994959267,49.9999904981272,0.999999809962543,33.2176125110167,0.415999433601939,229.940131169929,0.415974457071009,1.32756038422078e-07,0,0,1,1,1,1,123.75,100,1,6.60576813356169,165.551718582705,-5.9171129597253,0
0.182,179.926618927943,13.2040754041898,21.9999926583932,4.73454955493885,49.9999908037013,0.999999816074026,33.2176101889534,0.415999441067492,229.940130905389,0.415974466545627,1.32756038390089e-07,0,0,1,1,1,1,123.75,100,1,6.6057681190446,165.551716805901,-5.91713132455731,0
0.183,179.926621385204,13.2040575102502,21.9999926637705,4.73454915371723,49.999991117075,0.999999822341501,33.2176071588928,0.415999438403759,229.940131867203,0.415974462019588,1.32756038795126e-07,0,0,1,1,1,1,123.75,100,1,6.60576810180506,165.551717978006,-5.91714871572177,0
0.184,179.926626120651,13.2040412433033,21.9999925647915,4.73454942992767,49.9999914358679,0.999999828717359,33.2176028738776,0.415999426775069,229.940131020303,0.415974451619083,1.32756038481683e-07,0,0,1,1,1,1,123.75,100,1,6.60576808598765,165.551721992669,-5.91716469775595,0
0.185,179.9266343827,13.2040266936652,21.999992569739,4.73454963826497,49.9999917571388,0.999999835142775,33.217596184351,0.415999410364917,229.940131979261,0.415974434768799,1.32756038815993e-07,0,0,1,1,1,1,123.75,100,1,6.6057680689507,165.551730049741,-5.91718042339683,0
0.186,179.926643669351,13.2040151265637,21.9999924641739,4.73454971208126,49.9999920776835,0.999999841553669,33.2175955405228,0.415999430188978,229.940131008341,0.415974454262042,1.32756038996923e-07,0,0,1,1,1,1,123.75,100,1,6.60576805174936,165.551738893132,-5.91719306362614,0
0.187,179.926654911493,13.204004322701,21.9999924230461,4.73454967521034,49.9999923943623,0.999999847887247,33.217588702322,0.415999462552776,229.940131302436,0.415974487149194,1.32756038539746e-07,0,0,1,1,1,1,123.75,100,1,6.60576803477046,165.55175020882,-5.91720464613197,0
0.188,179.926666455326,13.2039962774143,21.9999923418233,4.73454987807032,49.9999927044229,0.999999854088458,33.2175883666498,0.41599947811878,229.940130762311,0.415974502004449,1.32756038206441e-07,0,0,1,1,1,1,123.75,100,1,6.60576801734044,165.551762121303,-5.91721316952828,0
0.189,179.926678316375,13.20398937185,21.999992278391,4.73455024908541,49.9999930057774,0.999999860115547,33.2175813521546,0.415999511171673,229.940130510809,0.415974535065655,1.32756037875569e-07,0,0,1,1,1,1,123.75,100,1,6.60576799972382,165.551773972116,-5.91722071401232,0
0.19,179.926690139019,13.2039838459134,21.999992247521,4.7345505235107,49.9999932972043,0.999999865944087,33.2175794769079,0.415999559860361,229.940130813682,0.415974584294719,1.32756038173745e-07,0,0,1,1,1,1,123.75,100,1,6.60576798286687,165.551785384063,-5.91722784943986,0
0.191,179.926701661653,13.2039789629982,21.9999922388872,4.7345511160676,49.9999935784543,0.999999871569087,33.217576063728,0.415999587462102,229.940131590714,0.415974611573471,1.32756038982601e-07,0,0,1,1,1,1,123.75,100,1,6.60576796469826,165.551796498138,-5.91723369433184,0
0.192,179.926711662304,13.2039735908195,21.9999921072846,4.73455152363958,49.9999938502529,0.999999877005057,33.2175728343502,0.415999594470125,229.940130261492,0.415974618796698,1.32756037925591e-07,0,0,1,1,1,1,123.75,100,1,6.60576794759267,165.551807024729,-5.91724065536104,0
0.193,179.926722286576,13.203967664989,21.9999920919364,4.7345516903002,49.9999941142051,0.999999882284103,33.2175712063814,0.415999633322492,229.940130868272,0.415974657449214,1.32756038235754e-07,0,0,1,1,1,1,123.75,100,1,6.60576792998005,165.551818504927,-5.91724825988602,0
0.194,179.926732096601,13.2039601915481,21.9999919701747,4.73455164882862,49.9999943726232,0.999999887452465,33.2175720043337,0.415999659456875,229.940129673174,0.415974683282139,1.32756037737406e-07,0,0,1,1,1,1,123.75,100,1,6.60576791213529,165.551828063489,-5.91725687733655,0
0.195,179.926743492681,13.2039504167588,21.999991968956,4.73455203053788,49.999994628292,0.99999989256584,33.2175680475325,0.41599966209839,229.940130581099,0.415974686551081,1.32756038164747e-07,0,0,1,1,1,1,123.75,100,1,6.60576789511344,165.551839556128,-5.91726743401616,0
0.196,179.926755409546,13.2039393250312,21.9999918911261,4.73455219869124,49.9999948842031,0.999999897684063,33.2175669189365,0.415999716696305,229.940130090452,0.415974740212617,1.32756037688316e-07,0,0,1,1,1,1,123.75,100,1,6.60576787675827,165.551851034928,-5.9172799798203,0
0.197,179.926769457253,13.2039261745359,21.999991851522,4.73455280588442,49.999995143276,0.99999990286552,33.2175617115878,0.415999755204127,229.940130291068,0.415974779724685,1.32756038151021e-07,0,0,1,1,1,1,123.75,100,1,6.60576785932816,165.551864746093,-5.91729519265399,0
0.198,179.926785891052,13.2039110952363,21.999991802168,4.7345535372981,49.9999954080889,0.999999908161777,33.2175613885556,0.415999830574733,229.940130428855,0.415974854668894,1.32756038458371e-07,0,0,1,1,1,1,123.75,100,1,6.60576784113525,165.551880555377,-5.91731295669284,0
0.199,179.926805097008,13.2038946255513,21.9999917284825,4.73455398521719,49.9999956806391,0.999999913612781,33.2175595064693,0.415999934394314,229.940130163619,0.415974958205521,1.32756038235564e-07,0,0,1,1,1,1,123.75,100,1,6.60576782275148,165.551899733747,-5.91733101177002,0
0.2,179.926827324763,13.2038765054565,21.9999916076791,4.7345550101931,49.9999959621516,0.999999919243032,33.2175561088148,0.416000018718256,229.940129053864,0.415975042701269,1.32756037170318e-07,0,0,1,1,1,1,123.75,100,1,6.6057678044915,165.551922019724,-5.91735158712026,0
0.201,179.926853970589,13.2038587582492,21.9999915957423,4.73455635650565,49.999996252952,0.99999992505904,33.2175552701599,0.41600006785457,229.940129713142,0.415975091825391,1.32756037805061e-07,0,0,1,1,1,1,123.75,100,1,6.60576778597602,165.551948151271,-5.91737173003898,0
0.202,179.926883676556,13.2038406866535,21.9999915144358,4.73455741893935,49.9999965524222,0.999999931048443,33.2175524003495,0.416000124937451,229.940129307,0.415975148060647,1.32756037291033e-07,0,0,1,1,1,1,123.75,100,1,6.60576776684831,165.551976325167,-5.9173924971595,0
0.203,179.926917327593,13.2038238652677,21.9999915055274,4.73455802687842,49.9999968590447,0.999999937180894,33.2175492393066,0.416000274999825,229.940130137557,0.415975299054241,1.32756038188258e-07,0,0,1,1,1,1,123.75,100,1,6.60576774841987,165.552009556094,-5.91741242161526,0
0.204,179.926953218191,13.2038086712057,21.9999914014228,4.73455818735777,49.9999971705425,0.99999994341085,33.217547075702,0.416000385766047,229.940129330834,0.415975408872278,1.32756037329085e-07,0,0,1,1,1,1,123.75,100,1,6.60576772836026,165.552044953928,-5.91743160607843,0
0.205,179.926991869501,13.2037952185389,21.9999913319209,4.73455977108194,49.9999974840999,0.999999949681998,33.2175445999087,0.416000444553337,229.940129127772,0.415975468617754,1.32756037379928e-07,0,0,1,1,1,1,123.75,100,1,6.60576770975627,165.55208363,-5.9174490836942,0
0.206,179.927032541626,13.2037834231011,21.9999912726601,4.73456100132033,49.999997796647,0.999999955932939,33.2175436218738,0.416000478453795,229.94012915877,0.415975501329265,1.32756037416351e-07,0,0,1,1,1,1,123.75,100,1,6.60576768975847,165.552123926387,-5.91746459055579,0
0.207,179.927074182154,13.2037739751464,21.9999911845387,4.73456161710056,49.9999981051753,0.999999962103507,33.2175406574429,0.416000643930372,229.940128601885,0.415975667527333,1.32756037127538e-07,0,0,1,1,1,1,123.75,100,1,6.60576767051249,165.55216561832,-5.91747709520607,0
0.208,179.927116780232,13.2037661204488,21.9999911335728,4.73456223553793,49.9999984070472,0.999999968140944,33.2175359133598,0.416000750005062,229.940128664737,0.415975773394354,1.32756037052383e-07,0,0,1,1,1,1,123.75,100,1,6.60576765100641,165.552207979185,-5.91748937536583,0
0.209,179.927159615756,13.2037607852289,21.9999911086937,4.73456389929176,49.9999987002624,0.999999974005247,33.2175356170706,0.416000794917161,229.940129155344,0.415975818423744,1.32756037795555e-07,0,0,1,1,1,1,123.75,100,1,6.60576763162616,165.552250269272,-5.91749915493404,0
0.21,179.927201784417,13.2037556839829,21.9999910308024,4.73456487956645,49.9999989836516,0.999999979673032,33.2175319269296,0.416000958866596,229.940128895626,0.415975982090407,1.32756037538431e-07,0,0,1,1,1,1,123.75,100,1,6.60576761206177,165.552292135236,-5.91750878689339,0
0.211,179.927243452699,13.2037516129603,21.9999909602912,4.73456565061736,49.9999992569771,0.999999985139542,33.2175316640104,0.416001092348467,229.940128660438,0.415976115890793,1.3275603724446e-07,0,0,1,1,1,1,123.75,100,1,6.6057675932133,165.552334730259,-5.91751731940872,0
0.212,179.927284357872,13.2037471185631,21.9999908571138,4.7345674748646,49.9999995209345,0.99999999041869,33.2175305195895,0.416001157871028,229.94012783383,0.415976181325212,1.32756036437254e-07,0,0,1,1,1,1,123.75,100,1,6.60576757354074,165.552376018198,-5.91752629140137,0
0.213,179.927325319688,13.2037418290102,21.9999908060947,4.7345686310875,49.9999997770616,0.999999995541232,33.2175311931489,0.416001243718425,229.940127882763,0.415976267327345,1.32756036506695e-07,0,0,1,1,1,1,123.75,100,1,6.60576755533887,165.552417033103,-5.91753580869821,0
0.214,179.927366535323,13.2037351661026,21.9999907820786,4.73456908458662,50.0000000275712,1.00000000055142,33.2175305885856,0.41600139025242,229.940128436123,0.415976413109998,1.3275603697251e-07,0,0,1,1,1,1,123.75,100,1,6.60576753588029,165.552457753656,-5.91754647157296,0
0.215,179.927407680331,13.2037272606036,21.9999906951712,4.73457020211043,50.0000002751287,1.00000000550257,33.2175288106768,0.41600146792084,229.940127845943,0.415976491399401,1.32756036591173e-07,0,0,1,1,1,1,123.75,100,1,6.60576751737618,165.552498821853,-5.91755889014519,0
0.216,179.927450383787,13.2037174086522,21.9999906647051,4.73457152095219,50.0000005225964,1.00000001045193,33.2175266619445,0.416001531645335,229.940128261572,0.415976554625746,1.32756037063463e-07,0,0,1,1,1,1,123.75,100,1,6.60576749843515,165.552541394931,-5.91757432572796,0
0.217,179.927494333566,13.2037060134048,21.999990582704,4.73457209635209,50.0000007727681,1.00000001545536,33.2175286171994,0.416001702189246,229.940127826602,0.415976725212152,1.32756037264443e-07,0,0,1,1,1,1,123.75,100,1,6.60576747949704,165.552585009451,-5.9175907391521,0
0.218,179.927540675557,13.2036919852049,21.9999905053435,4.73457384426748,50.0000010281121,1.00000002056224,33.2175262200025,0.416001803456301,229.940127537582,0.415976826841017,1.32756036844206e-07,0,0,1,1,1,1,123.75,100,1,6.60576746064814,165.552631414777,-5.91760941181991,0
0.219,179.927589746701,13.2036771333429,21.9999904252609,4.73457557403496,50.0000012905426,1.00000002581085,33.2175268580141,0.416001948363822,229.940127049808,0.415976971356601,1.32756036374637e-07,0,0,1,1,1,1,123.75,100,1,6.60576744179334,165.552680501409,-5.91762918602912,0
0.22,179.92764224364,13.2036612130531,21.9999903750589,4.73457649942858,50.0000015612361,1.00000003122472,33.2175244568773,0.416002172031869,229.940127085147,0.415977194868291,1.32756036289789e-07,0,0,1,1,1,1,123.75,100,1,6.60576742263517,165.552732035989,-5.91765044534248,0
0.221,179.927698215408,13.2036450710595,21.9999903408476,4.73457873747275,50.0000018405095,1.00000003681019,33.2175241484954,0.416002325649777,229.940127455439,0.415977348769231,1.32756036670166e-07,0,0,1,1,1,1,123.75,100,1,6.60576740396725,165.552786831347,-5.91767242855731,0
0.222,179.927757457558,13.2036293558265,21.9999902944409,4.73458117273254,50.0000021277758,1.00000004255552,33.2175224933653,0.416002396381771,229.940127660956,0.415977419561287,1.32756037098605e-07,0,0,1,1,1,1,123.75,100,1,6.60576738437313,165.552845414578,-5.91769405036685,0
0.223,179.927819262554,13.2036145367387,21.9999901747533,4.73458274830105,50.0000024215872,1.00000004843174,33.217521556866,0.416002627789302,229.940126569534,0.415977650549834,1.32756035729166e-07,0,0,1,1,1,1,123.75,100,1,6.60576736538157,165.552907192978,-5.91771555268764,0
0.224,179.927884561221,13.2036010563058,21.9999901355247,4.734583399234,50.000002719765,1.0000000543953,33.2175217009187,0.416002853986191,229.940126859351,0.415977876688525,1.32756036384931e-07,0,0,1,1,1,1,123.75,100,1,6.60576734607548,165.552972311619,-5.91773574228108,0
0.225,179.927951759336,13.203589214468,21.9999900432275,4.73458562215647,50.0000030196137,1.00000006039227,33.2175224230785,0.416002985268692,229.940126255627,0.415978007989091,1.32756035930133e-07,0,0,1,1,1,1,123.75,100,1,6.60576732660478,165.553038815807,-5.91775364187122,0
0.226,179.928021140813,13.2035791483189,21.9999900036557,4.73458794691826,50.0000033181924,1.00000006636385,33.2175188134619,0.416003029425377,229.940126526562,0.415978052475901,1.32756036243722e-07,0,0,1,1,1,1,123.75,100,1,6.60576730756051,165.553107970842,-5.9177699632115,0
0.227,179.928091410283,13.2035717743911,21.9999899408218,4.73458919561691,50.0000036126183,1.00000007225237,33.2175178080438,0.416003316507804,229.940126320062,0.415978338660769,1.32756035931187e-07,0,0,1,1,1,1,123.75,100,1,6.6057672880352,165.553177736756,-5.91778460623473,0
0.228,179.928162390802,13.2035662133966,21.9999899004702,4.73459013646815,50.000003900364,1.00000007800728,33.2175157546873,0.416003508585937,229.94012658061,0.415978531432853,1.32756036686792e-07,0,0,1,1,1,1,123.75,100,1,6.60576726900306,165.55324820925,-5.91779769708524,0
0.229,179.928233178423,13.2035620203832,21.999989832372,4.73459301309535,50.0000041795134,1.00000008359027,33.2175162453031,0.41600359565371,229.940126433491,0.415978618320572,1.32756036602142e-07,0,0,1,1,1,1,123.75,100,1,6.60576724995689,165.553318969661,-5.91780935605579,0
0.23,179.928303434405,13.2035589939779,21.9999897434665,4.73459477459584,50.0000044489474,1.00000008897895,33.2175157482768,0.416003830710805,229.940125856359,0.415978853076524,1.32756035727624e-07,0,0,1,1,1,1,123.75,100,1,6.60576723101605,165.553389920384,-5.91781927385426,0
0.231,179.928373078555,13.2035562230408,21.9999896469736,4.73459555379268,50.0000047084398,1.0000000941688,33.2175155540658,0.416004063799282,229.940125074534,0.415979086338763,1.32756034988457e-07,0,0,1,1,1,1,123.75,100,1,6.60576721263394,165.55345993723,-5.91782941451224,0
0.232,179.928442839899,13.2035536387009,21.9999896376006,4.7345986945805,50.000004958658,1.00000009917316,33.2175170969692,0.416004185484542,229.940125770909,0.415979208195708,1.32756035982232e-07,0,0,1,1,1,1,123.75,100,1,6.60576719441905,165.553529383854,-5.91783903017748,0
0.233,179.928511751632,13.2035501699979,21.9999895730534,4.73460078561071,50.0000052010758,1.00000010402152,33.2175172995246,0.416004308772921,229.940125581694,0.41597933074872,1.32756035710475e-07,0,0,1,1,1,1,123.75,100,1,6.60576717612392,165.553597703909,-5.91784953369211,0
0.234,179.928580760974,13.2035458543127,21.9999895338684,4.73460171806281,50.0000054378119,1.00000010875624,33.2175167179156,0.416004567374935,229.940125781319,0.415979589958894,1.32756035589846e-07,0,0,1,1,1,1,123.75,100,1,6.60576715850105,165.553666992536,-5.91786151135408,0
0.235,179.92864980862,13.2035402006484,21.9999894522917,4.73460344861808,50.0000056714176,1.00000011342835,33.2175182552416,0.41600471613386,229.940125246814,0.415979738470992,1.32756035541703e-07,0,0,1,1,1,1,123.75,100,1,6.60576714027072,165.553736017344,-5.91787536097144,0
0.236,179.92871997638,13.2035325055852,21.9999893905016,4.73460584216536,50.000005904632,1.00000011809264,33.2175195507384,0.416004782889392,229.940125099351,0.415979805222631,1.32756035361393e-07,0,0,1,1,1,1,123.75,100,1,6.60576712291368,165.553806208542,-5.91789063452339,0
0.237,179.928791669578,13.2035227255604,21.9999893230077,4.7346070484035,50.0000061401288,1.00000012280258,33.2175207802082,0.416005075353096,229.940124848364,0.415980097325042,1.32756035122895e-07,0,0,1,1,1,1,123.75,100,1,6.60576710502533,165.553877823723,-5.91790762358598,0
0.238,179.928865417873,13.2035116537306,21.9999892533707,4.7346090327732,50.0000063802716,1.00000012760543,33.2175206275304,0.416005261715577,229.940124445373,0.415980284193916,1.32756035145794e-07,0,0,1,1,1,1,123.75,100,1,6.60576708756014,165.553951403875,-5.91792602614816,0
0.239,179.928942033208,13.2034991906276,21.9999892169567,4.73461194852986,50.0000066268954,1.00000013253791,33.2175200971903,0.416005380344594,229.940124630001,0.415980402198915,1.32756035439098e-07,0,0,1,1,1,1,123.75,100,1,6.60576707006577,165.554027078289,-5.91794691294142,0
0.24,179.929021671139,13.2034863137359,21.9999891946851,4.73461364837444,50.0000068811304,1.00000013762261,33.2175215858298,0.416005731608053,229.940125112716,0.415980753626787,1.32756035580799e-07,0,0,1,1,1,1,123.75,100,1,6.60576705258169,165.554105650617,-5.91796815676658,0
0.241,179.92910393727,13.2034727385846,21.9999891082037,4.73461580681623,50.0000071432857,1.00000014286571,33.2175208037847,0.416005982086004,229.940124559121,0.415981004313449,1.32756035113277e-07,0,0,1,1,1,1,123.75,100,1,6.60576703492188,165.554187463107,-5.917990319052,0
0.242,179.92918939028,13.2034597912366,21.9999890326752,4.73461950014645,50.0000074128048,1.0000001482561,33.2175220441645,0.416006108179102,229.940124094668,0.415981130633199,1.32756034915999e-07,0,0,1,1,1,1,123.75,100,1,6.60576701773226,165.554273132781,-5.91801222812849,0
0.243,179.929277849102,13.2034475021209,21.9999889609433,4.73462197517044,50.0000076883053,1.00000015376611,33.2175237393587,0.416006366918297,229.940123697441,0.415981388236249,1.32756034333572e-07,0,0,1,1,1,1,123.75,100,1,6.60576700000979,165.554361000858,-5.91803344934962,0
0.244,179.929369165346,13.203436429751,21.9999889198769,4.73462309326051,50.0000079677037,1.00000015935407,33.2175248344235,0.416006699101927,229.940123841613,0.415981721096079,1.32756034604827e-07,0,0,1,1,1,1,123.75,100,1,6.60576698302463,165.554451545069,-5.91805310990264,0
0.245,179.929462636643,13.2034271924217,21.9999888812142,4.73462583542095,50.0000082484193,1.00000016496839,33.2175239431352,0.416006897931043,229.940124006333,0.41598191985746,1.32756034996716e-07,0,0,1,1,1,1,123.75,100,1,6.60576696534274,165.554544319876,-5.91807135255749,0
0.246,179.929557412265,13.2034203770308,21.9999888158943,4.73462916755588,50.0000085276352,1.0000001705527,33.217523052581,0.416006970716335,229.940123659071,0.415981992994598,1.32756034578785e-07,0,0,1,1,1,1,123.75,100,1,6.60576694819981,165.554638677307,-5.91808805106219,0
0.247,179.92965342426,13.2034153730964,21.9999887804336,4.73463100848844,50.000008802589,1.00000017605178,33.2175231603563,0.416007344184322,229.94012390494,0.415982365697603,1.32756034965734e-07,0,0,1,1,1,1,123.75,100,1,6.60576693094745,165.554734265902,-5.91810341734565,0
0.248,179.929749524468,13.2034122362069,21.9999887067302,4.73463218824439,50.0000090708589,1.00000018141718,33.2175254410732,0.41600761559003,229.940123519519,0.415982637351732,1.32756035186455e-07,0,0,1,1,1,1,123.75,100,1,6.60576691387205,165.554830361938,-5.91811613991633,0
0.249,179.929845481223,13.2034101563609,21.9999886214208,4.73463616921476,50.0000093306098,1.0000001866122,33.2175249133097,0.416007742364124,229.940122887522,0.41598276447454,1.32756034511714e-07,0,0,1,1,1,1,123.75,100,1,6.60576689710478,165.554926816763,-5.91812766549776,0
0.25,179.929941214728,13.2034095573903,21.9999885665589,4.73463865356775,50.0000095807708,1.00000019161542,33.217526646451,0.416008035959479,229.940122647905,0.415983057402275,1.32756033936724e-07,0,0,1,1,1,1,123.75,100,1,6.60576688080062,165.555022684938,-5.91813805349703,0
0.251,179.930036571033,13.2034093736391,21.9999885420583,4.73463965321557,50.0000098211269,1.00000019642254,33.2175275410688,0.416008359938412,229.940122975096,0.41598338159619,1.3275603437917e-07,0,0,1,1,1,1,123.75,100,1,6.60576686455371,165.555117342827,-5.9181480247642,0
0.252,179.930131174119,13.2034091988237,21.9999885076245,4.73464372595443,50.0000100523193,1.00000020104639,33.2175291234293,0.41600853382217,229.940123172189,0.415983555788425,1.32756034834136e-07,0,0,1,1,1,1,123.75,100,1,6.60576684895117,165.555211621613,-5.91815809670771,0
0.253,179.930225084862,13.2034086197991,21.9999884511,4.73464667176688,50.0000102757609,1.00000020551522,33.2175304259951,0.416008685574125,229.940122961955,0.415983706708574,1.32756034404404e-07,0,0,1,1,1,1,123.75,100,1,6.60576683313009,165.555305847914,-5.91816891074999,0
0.254,179.930318561411,13.2034069888106,21.9999883655839,4.73464805269225,50.0000104934812,1.00000020986962,33.2175333147026,0.416009045593393,229.940122217839,0.415984067157357,1.32756033804707e-07,0,0,1,1,1,1,123.75,100,1,6.6057668179656,165.555399684985,-5.91818105986237,0
0.255,179.930412748299,13.2034036200156,21.9999883312953,4.73465027587715,50.0000107079222,1.00000021415844,33.217536523559,0.416009259521572,229.940122381949,0.415984281249693,1.32756034314737e-07,0,0,1,1,1,1,123.75,100,1,6.60576680284289,165.555493844074,-5.91819435637624,0
0.256,179.930507467257,13.2033985449701,21.999988264288,4.73465364423502,50.0000109217054,1.00000021843411,33.2175389797946,0.416009335592381,229.940121950301,0.415984357460828,1.32756033807939e-07,0,0,1,1,1,1,123.75,100,1,6.60576678779614,165.555588323608,-5.91820879812845,0
0.257,179.930603789318,13.2033918492126,21.9999882277221,4.73465543187311,50.0000111373903,1.00000022274781,33.2175387492846,0.416009726167212,229.940121971848,0.41598474760795,1.32756033528598e-07,0,0,1,1,1,1,123.75,100,1,6.60576677309676,165.555684408266,-5.91822551937931,0
0.258,179.930702028516,13.2033840875831,21.9999881972561,4.73465757507017,50.0000113572404,1.00000022714481,33.2175410537306,0.416009989838368,229.940122087169,0.415985011294892,1.32756034288424e-07,0,0,1,1,1,1,123.75,100,1,6.60576675829428,165.555781807644,-5.91824415524619,0
0.259,179.930802615123,13.2033749361868,21.9999881642976,4.73466155534501,50.0000115830154,1.00000023166031,33.2175427022574,0.416010104096718,229.940122266728,0.415985125977552,1.32756034656176e-07,0,0,1,1,1,1,123.75,100,1,6.6057667436743,165.555881573054,-5.91826408380098,0
0.26,179.930905570814,13.2033648760003,21.9999880910732,4.73466396054101,50.0000118158018,1.00000023631604,33.2175448337186,0.416010545764189,229.940121758114,0.41598556695432,1.3275603381549e-07,0,0,1,1,1,1,123.75,100,1,6.60576672917091,165.555984412403,-5.91828490914271,0
0.261,179.931011383348,13.2033546849834,21.9999880172449,4.73466600222754,50.0000120559009,1.00000024111802,33.2175466909165,0.416010883243689,229.940121140966,0.415985904692246,1.32756033261455e-07,0,0,1,1,1,1,123.75,100,1,6.60576671471551,165.556090286178,-5.91830592621485,0
0.262,179.931120245865,13.203344640492,21.9999879638791,4.73467081439141,50.0000123027854,1.00000024605571,33.2175493027706,0.41601105996431,229.940120854905,0.415986081639,1.32756033186763e-07,0,0,1,1,1,1,123.75,100,1,6.60576670059468,165.556198431737,-5.91832705939655,0
0.263,179.931232221046,13.2033354995708,21.999987960472,4.73467409884723,50.0000125551356,1.00000025110271,33.2175516908661,0.416011337661107,229.94012145801,0.415986358382232,1.32756033736674e-07,0,0,1,1,1,1,123.75,100,1,6.60576668645903,165.556309311853,-5.91834707864317,0
0.264,179.931346155429,13.2033277840141,21.9999879074555,4.73467564705775,50.0000128109596,1.00000025621919,33.2175523426093,0.416011764160881,229.940121208158,0.415986785099181,1.32756033065798e-07,0,0,1,1,1,1,123.75,100,1,6.60576667221028,165.55642244614,-5.91836618323479,0
0.265,179.931462089524,13.2033220586095,21.9999878679831,4.73467879146832,50.0000130677868,1.00000026135574,33.2175527969368,0.416012023875807,229.940121152378,0.415987045316401,1.32756033599665e-07,0,0,1,1,1,1,123.75,100,1,6.60576665833388,165.556538140603,-5.91838421615957,0
0.266,179.93157928148,13.2033182285597,21.9999878134353,4.73468302046477,50.0000133229188,1.00000026645838,33.2175556041869,0.416012123225959,229.940120878727,0.415987144749562,1.32756033265209e-07,0,0,1,1,1,1,123.75,100,1,6.6057666441944,165.556654909249,-5.91840043166851,0
0.267,179.931697295788,13.2033159539807,21.9999877580788,4.73468539775799,50.0000135737086,1.00000027147417,33.2175577247281,0.416012567064448,229.940120623038,0.415987587938312,1.32756033099491e-07,0,0,1,1,1,1,123.75,100,1,6.60576663057583,165.556772878151,-5.91841429236965,0
0.268,179.931815533864,13.2033153634445,21.9999876964601,4.73468673994519,50.0000138178358,1.00000027635672,33.2175592932888,0.416012909160035,229.940120176613,0.415987930131234,1.32756033020897e-07,0,0,1,1,1,1,123.75,100,1,6.60576661696677,165.556891282493,-5.91842647384507,0
0.269,179.931933746121,13.2033165864,21.9999876596429,4.73469169420982,50.0000140535427,1.00000028107085,33.2175607536342,0.416013072121785,229.940120059914,0.415988093533075,1.32756033056856e-07,0,0,1,1,1,1,123.75,100,1,6.6057666038398,165.557009276965,-5.91843725256561,0
0.27,179.932051615525,13.2033187766018,21.9999876469443,4.73469482475234,50.0000142798049,1.0000002855961,33.2175626501469,0.416013411897651,229.940120416022,0.415988432483636,1.32756033122039e-07,0,0,1,1,1,1,123.75,100,1,6.60576659102496,165.557126394871,-5.91844748374884,0
0.271,179.932168640103,13.2033216750947,21.9999876230638,4.73469612046212,50.0000144964188,1.00000028992838,33.2175654191572,0.416013816062464,229.940120619136,0.415988837030095,1.32756033382545e-07,0,0,1,1,1,1,123.75,100,1,6.60576657851688,165.557243206023,-5.91845677368223,0
0.272,179.932284476369,13.2033244352753,21.9999875463672,4.73470086474027,50.0000147040012,1.00000029408002,33.2175676985855,0.416014036784771,229.940119886906,0.415989058102919,1.32756032896974e-07,0,0,1,1,1,1,123.75,100,1,6.60576656627086,165.557359543707,-5.91846644743648,0
0.273,179.932399899082,13.2033267569495,21.9999874956975,4.73470456619534,50.0000149039066,1.00000029807813,33.2175721248326,0.416014208680377,229.940119528711,0.415989229246814,1.32756032260914e-07,0,0,1,1,1,1,123.75,100,1,6.60576655467174,165.557475478207,-5.91847661282485,0
0.274,179.932515158313,13.2033277896864,21.9999874596595,4.73470635246163,50.0000150980794,1.00000030196159,33.2175768115345,0.41601465737242,229.940119442075,0.415989677943701,1.32756032360478e-07,0,0,1,1,1,1,123.75,100,1,6.60576654301449,165.557590452297,-5.91848747047988,0
0.275,179.932630603812,13.2033273946403,21.9999874320348,4.73470895210972,50.0000152888574,1.00000030577715,33.2175795550514,0.416014929123444,229.940119475465,0.415989950229895,1.32756032703354e-07,0,0,1,1,1,1,123.75,100,1,6.60576653194262,165.557705616501,-5.91849944379381,0
0.276,179.93274667009,13.2033257289896,21.9999874055992,4.73471317385793,50.0000154787503,1.00000030957501,33.2175812378106,0.416015030906972,229.940119467537,0.415990052173833,1.32756032679694e-07,0,0,1,1,1,1,123.75,100,1,6.60576652069209,165.557821364166,-5.91851347604998,0
0.277,179.932863850385,13.2033228039237,21.9999873766761,4.73471547990762,50.0000156702084,1.00000031340417,33.2175842481195,0.416015484593441,229.940119421711,0.415990505213728,1.32756032487593e-07,0,0,1,1,1,1,123.75,100,1,6.60576650983292,165.557938004679,-5.91852938957898,0
0.278,179.932982743738,13.2033181380068,21.999987349339,4.73471771057736,50.0000158654,1.000000317308,33.2175879382811,0.416015816027105,229.940119501075,0.41599083691189,1.3275603322155e-07,0,0,1,1,1,1,123.75,100,1,6.6057664989919,165.558056390972,-5.91854690403427,0
0.279,179.933103453603,13.2033122942478,21.9999872857162,4.73472261346007,50.0000160660128,1.00000032132026,33.2175918207376,0.416015965736732,229.940118924892,0.415990986892278,1.32756032723919e-07,0,0,1,1,1,1,123.75,100,1,6.60576648832914,165.558177114434,-5.91856508468509,0
0.28,179.93322662885,13.2033055838993,21.999987224864,4.73472563876517,50.0000162730915,1.00000032546183,33.2175940867092,0.416016441888534,229.940118303647,0.41599146229727,1.32756031753654e-07,0,0,1,1,1,1,123.75,100,1,6.60576647791058,165.558300216233,-5.91858442656137,0
0.281,179.933352778492,13.2032988751332,21.9999872113245,4.73472753727779,50.0000164869301,1.0000003297386,33.2175979323502,0.416016854798609,229.940118450619,0.415991875491147,1.32756031940198e-07,0,0,1,1,1,1,123.75,100,1,6.60576646780819,165.558425472648,-5.91860407366379,0
0.282,179.933481630801,13.2032923885146,21.9999872080888,4.73473330805585,50.000016707029,1.00000033414058,33.2176008022644,0.416017076194634,229.94011884807,0.415992097245865,1.3275603267767e-07,0,0,1,1,1,1,123.75,100,1,6.60576645760701,165.55855301438,-5.91862349926455,0
0.283,179.933612671311,13.2032868993332,21.9999871759528,4.73473729508514,50.0000169321297,1.00000033864259,33.2176031074058,0.416017365127251,229.940118748292,0.415992385248602,1.3275603236194e-07,0,0,1,1,1,1,123.75,100,1,6.6057664477297,165.558683469011,-5.91864244195768,0
0.284,179.933745724682,13.2032829147989,21.9999871316286,4.73473922462058,50.0000171603274,1.00000034320655,33.2176058082316,0.416017872332402,229.940118402155,0.415992892623841,1.32756031787277e-07,0,0,1,1,1,1,123.75,100,1,6.6057664377099,165.558816333819,-5.91866054635214,0
0.285,179.933880434237,13.2032804433908,21.9999870829892,4.73474265795956,50.0000173892569,1.00000034778514,33.2176099008743,0.416018184983989,229.94011799662,0.415993205710938,1.32756031980282e-07,0,0,1,1,1,1,123.75,100,1,6.60576642804293,165.558950705492,-5.9186769986234,0
0.286,179.934016524411,13.2032794438247,21.9999870562615,4.73474765467808,50.000017616333,1.00000035232666,33.2176132006238,0.416018308056774,229.940117985568,0.415993329044031,1.3275603195626e-07,0,0,1,1,1,1,123.75,100,1,6.60576641842219,165.559086475012,-5.91869130451196,0
0.287,179.934153093062,13.2032804148948,21.9999870124201,4.73475050010531,50.0000178390197,1.00000035678039,33.2176155220026,0.41601880613302,229.940117591663,0.415993826129648,1.32756031110301e-07,0,0,1,1,1,1,123.75,100,1,6.60576640898189,165.559222846634,-5.91870367109924,0
0.288,179.934290015262,13.2032832893785,21.9999870003837,4.73475193511443,50.0000180550936,1.00000036110187,33.2176171315946,0.416019208800742,229.940117691088,0.415994229299693,1.32756031845969e-07,0,0,1,1,1,1,123.75,100,1,6.60576639992787,165.559359338549,-5.91871496649468,0
0.289,179.934426659096,13.2032877926871,21.9999869974824,4.73475771339865,50.0000182628714,1.00000036525743,33.2176208857557,0.416019403492669,229.94011799782,0.415994424261195,1.32756032421287e-07,0,0,1,1,1,1,123.75,100,1,6.60576639109532,165.559495265267,-5.9187249243329,0
0.29,179.934562417709,13.2032931267246,21.9999869670624,4.73476139925328,50.0000184613736,1.00000036922747,33.217624039874,0.416019777337463,229.940117892402,0.415994797325914,1.32756031903462e-07,0,0,1,1,1,1,123.75,100,1,6.60576638260316,165.559630938811,-5.91873368711275,0
0.291,179.934697059662,13.2032989643539,21.9999869053798,4.7347629568077,50.0000186504079,1.00000037300816,33.2176278291327,0.416020249425148,229.940117176466,0.415995269781765,1.32756031196148e-07,0,0,1,1,1,1,123.75,100,1,6.60576637461921,165.559766241178,-5.91874199055346,0
0.292,179.934831027708,13.2033048393336,21.9999868691575,4.73476821291715,50.0000188305675,1.00000037661135,33.2176327671111,0.416020510552442,229.940116818415,0.41599553129427,1.32756031199153e-07,0,0,1,1,1,1,123.75,100,1,6.60576636701742,165.559900525818,-5.91875018010107,0
0.293,179.934964474184,13.2033099910717,21.9999868577432,4.73477255644934,50.0000190031517,1.00000038006303,33.2176381324019,0.416020694935757,229.940116901911,0.415995714677375,1.32756031125518e-07,0,0,1,1,1,1,123.75,100,1,6.60576635989272,165.560033535085,-5.91875873947182,0
0.294,179.935097593124,13.2033142397598,21.9999868613861,4.73477469496957,50.0000191700234,1.00000038340047,33.2176419937111,0.416021217945024,229.940117240345,0.415996238029422,1.32756031042137e-07,0,0,1,1,1,1,123.75,100,1,6.60576635296769,165.560166241496,-5.91876806109996,0
0.295,179.935230374713,13.2033175023895,21.9999868317847,4.73477755843909,50.0000193334217,1.00000038666843,33.2176450445622,0.416021538981348,229.940116957532,0.415996559458986,1.32756031367208e-07,0,0,1,1,1,1,123.75,100,1,6.60576634619373,165.560298845415,-5.91877910367665,0
0.296,179.935363709834,13.2033194381313,21.9999868174363,4.73478249642596,50.0000194957493,1.00000038991499,33.2176492163797,0.41602166330527,229.940116944964,0.415996684131069,1.32756031329945e-07,0,0,1,1,1,1,123.75,100,1,6.60576633978104,165.560431996355,-5.91879196996995,0
0.297,179.935497905318,13.2033196624334,21.9999867894473,4.734785246368,50.0000196593524,1.00000039318705,33.217655007766,0.416022163897704,229.940116759644,0.415997183756408,1.32756031113253e-07,0,0,1,1,1,1,123.75,100,1,6.60576633334454,165.560565890209,-5.9188060279293,0
0.298,179.935633444187,13.2033182591149,21.9999867472789,4.73478749990193,50.0000198263084,1.00000039652617,33.217659323102,0.41602255231205,229.940116297942,0.415997572703226,1.32756031200202e-07,0,0,1,1,1,1,123.75,100,1,6.60576632726548,165.560701471419,-5.91882114658234,0
0.299,179.935770927712,13.2033158718945,21.9999867159402,4.73479316761665,50.0000199982359,1.00000039996472,33.2176630817812,0.41602273254928,229.940115911398,0.415997753183231,1.32756030915979e-07,0,0,1,1,1,1,123.75,100,1,6.60576632135689,165.560838718427,-5.91883769184221,0
0.3,179.935910877217,13.2033130308918,21.9999867229743,4.73479671599744,50.00002017614,1.0000004035228,33.2176671557005,0.416023231508668,229.940116165441,0.415998251264628,1.32756030734409e-07,0,0,1,1,1,1,123.75,100,1,6.60576631572134,165.560977613996,-5.91885509300814,0
0.301,179.936053167312,13.2033098992941,21.9999867304221,4.73479845352575,50.0000203603078,1.00000040720616,33.2176710594023,0.416023706948809,229.940116512417,0.415998727097188,1.32756031121794e-07,0,0,1,1,1,1,123.75,100,1,6.60576631022654,165.561118694927,-5.91887296156378,0
0.302,179.936197535239,13.2033072452997,21.9999867084625,4.73480500691477,50.0000205502668,1.00000041100534,33.2176749046468,0.416023966120615,229.940116352161,0.415998986702122,1.32756031377687e-07,0,0,1,1,1,1,123.75,100,1,6.6057663048667,165.561262671899,-5.91889057200341,0
0.303,179.936343850711,13.2033054224454,21.9999866593095,4.73480957644556,50.0000207448165,1.00000041489633,33.2176791883173,0.4160242590953,229.940115677604,0.415999278498321,1.32756030346388e-07,0,0,1,1,1,1,123.75,100,1,6.60576629964852,165.561408923096,-5.91890783151151,0
0.304,179.93649230477,13.2033047400104,21.9999866421761,4.73481183010907,50.0000209421356,1.00000041884271,33.2176847010546,0.416024832081804,229.940115543618,0.415999851889826,1.32756030331171e-07,0,0,1,1,1,1,123.75,100,1,6.60576629476118,165.561556978524,-5.91892372523923,0
0.305,179.936642279915,13.203305375145,21.9999866306857,4.73481544284009,50.0000211399596,1.00000042279919,33.2176891320246,0.416025188675343,229.940115519128,0.416000208815695,1.32756030719348e-07,0,0,1,1,1,1,123.75,100,1,6.60576628979001,165.561706252607,-5.91893773543094,0
0.306,179.936793200182,13.2033078949743,21.9999866190739,4.7348210654224,50.0000213358123,1.00000042671625,33.217691593849,0.416025332080187,229.94011542437,0.416000352644661,1.32756030595764e-07,0,0,1,1,1,1,123.75,100,1,6.60576628516711,165.561856738036,-5.91895016151679,0
0.307,179.936944636629,13.2033125183092,21.9999866195405,4.7348243004661,50.0000215272634,1.00000043054527,33.217694562909,0.416025868277687,229.940115499589,0.416000887727507,1.32756030093393e-07,0,0,1,1,1,1,123.75,100,1,6.60576628058713,165.562007625039,-5.91896143886066,0
0.308,179.937096002002,13.2033188665777,21.9999866196999,4.73482576538188,50.0000217121827,1.00000043424365,33.217699184222,0.416026320349837,229.94011563297,0.416001340337386,1.32756031189571e-07,0,0,1,1,1,1,123.75,100,1,6.60576627636251,165.562158411563,-5.91897108884915,0
0.309,179.937246704188,13.2033262792172,21.9999865959882,4.73483220466146,50.0000218889585,1.00000043777917,33.2177037219699,0.416026541567007,229.940115403498,0.416001561946053,1.32756031107488e-07,0,0,1,1,1,1,123.75,100,1,6.60576627240591,165.5623091494,-5.91897921162717,0
0.31,179.937396420013,13.2033347098714,21.9999865512697,4.73483634454775,50.0000220566544,1.00000044113309,33.2177083375411,0.416026937716503,229.940114710383,0.416001957180005,1.32756029922641e-07,0,0,1,1,1,1,123.75,100,1,6.60576626892244,165.562459443869,-5.91898609586019,0
0.311,179.937545381267,13.203343606733,21.9999865345962,4.73483812343257,50.0000222150887,1.00000044430177,33.2177132083116,0.416027464348737,229.940114421298,0.416002484200306,1.32756029647718e-07,0,0,1,1,1,1,123.75,100,1,6.60576626594558,165.562608462325,-5.91899265690216,0
0.312,179.937693664778,13.2033525347342,21.9999865585635,4.73484373388746,50.0000223648324,1.00000044729665,33.2177191526895,0.416027758674201,229.940114845929,0.41600277894725,1.32756030495531e-07,0,0,1,1,1,1,123.75,100,1,6.60576626345313,165.562756129495,-5.91899899195602,0
0.313,179.937840960436,13.2033609815892,21.9999865685078,4.73484859469383,50.0000225071323,1.00000045014265,33.2177238201757,0.416027948458934,229.940115058677,0.416002967654041,1.32756030532593e-07,0,0,1,1,1,1,123.75,100,1,6.60576626112464,165.562902970428,-5.91900578337524,0
0.314,179.937987415931,13.2033687849503,21.9999865520326,4.73485102497341,50.0000226437742,1.00000045287548,33.2177282944241,0.416028530347215,229.940114769061,0.416003550043824,1.32756029699224e-07,0,0,1,1,1,1,123.75,100,1,6.60576625924131,165.5630495648,-5.91901383730079,0
0.315,179.938133686374,13.2033754360898,21.9999865392706,4.73485404328926,50.0000227769025,1.00000045553805,33.2177341936266,0.416028891202651,229.940114536614,0.416003911268213,1.32756030235041e-07,0,0,1,1,1,1,123.75,100,1,6.60576625748565,165.563195879302,-5.91902325206588,0
0.316,179.938280210603,13.2033804006206,21.9999865246873,4.73485954992496,50.000022908818,1.00000045817636,33.2177408685067,0.416029034419284,229.940114308119,0.416004054829631,1.3275602995315e-07,0,0,1,1,1,1,123.75,100,1,6.60576625604793,165.563342242517,-5.91903361466533,0
0.317,179.938427515511,13.2033837099371,21.999986512947,4.73486266079524,50.0000230417671,1.00000046083534,33.2177460257098,0.41602956586369,229.940114088172,0.416004585341245,1.32756029289624e-07,0,0,1,1,1,1,123.75,100,1,6.60576625475756,165.563489469678,-5.919045177123,0
0.318,179.938576048552,13.2033859856248,21.9999865061741,4.73486487919097,50.0000231777405,1.00000046355481,33.2177505810961,0.41602999960342,229.940113849354,0.416005019494978,1.32756029708216e-07,0,0,1,1,1,1,123.75,100,1,6.60576625369947,165.563637623479,-5.91905828871372,0
0.319,179.938726444197,13.2033873746608,21.9999865317926,4.73487114327854,50.0000233182909,1.00000046636582,33.217755228354,0.416030204848483,229.940114180933,0.41600522517014,1.32756030313491e-07,0,0,1,1,1,1,123.75,100,1,6.60576625289787,165.563786998332,-5.9190729149701,0
0.32,179.93887866251,13.2033881377643,21.9999865482472,4.7348751088278,50.0000234643857,1.00000046928771,33.2177606632081,0.41603071534925,229.940114434312,0.416005734677509,1.32756030089828e-07,0,0,1,1,1,1,123.75,100,1,6.60576625223131,165.563938243893,-5.91908815796857,0
0.321,179.939032615289,13.2033886385882,21.999986525367,4.73487673516626,50.0000236163055,1.00000047232611,33.2177653568073,0.416031239475909,229.940114010531,0.416006259290181,1.32756029660105e-07,0,0,1,1,1,1,123.75,100,1,6.60576625174127,165.564092017464,-5.91910364495281,0
0.322,179.939188555999,13.2033894817379,21.9999864951038,4.73488382448233,50.0000237736039,1.00000047547208,33.2177710169214,0.416031528845036,229.940113380157,0.416006549065964,1.32756029417438e-07,0,0,1,1,1,1,123.75,100,1,6.60576625159279,165.564247984468,-5.91911909438083,0
0.323,179.939346707618,13.2033910044385,21.999986501237,4.73488884750854,50.0000239351354,1.00000047870271,33.2177774572117,0.416031819242884,229.940113361695,0.416006838181747,1.32756029158775e-07,0,0,1,1,1,1,123.75,100,1,6.60576625159932,165.564405486899,-5.91913364875465,0
0.324,179.939506562598,13.203393552959,21.9999865167824,4.73489136215548,50.0000240991586,1.00000048198317,33.2177826512927,0.416032442264778,229.940113525242,0.416007461623058,1.32756029025132e-07,0,0,1,1,1,1,123.75,100,1,6.6057662517794,165.564564382883,-5.91914686308254,0
0.325,179.939667596392,13.203397815305,21.9999865298369,4.7348950495322,50.0000242635059,1.00000048527012,33.2177860131196,0.416032833070108,229.940113600948,0.416007852943104,1.32756029678445e-07,0,0,1,1,1,1,123.75,100,1,6.60576625203155,165.564724812741,-5.91915884666852,0
0.326,179.939829255849,13.2034040771502,21.9999865317248,4.73490114728763,50.000024425805,1.0000004885161,33.2177900807722,0.416032992982004,229.94011345708,0.416008013241399,1.32756029487638e-07,0,0,1,1,1,1,123.75,100,1,6.60576625240852,165.564885983406,-5.91916969917943,0
0.327,179.939991231101,13.2034119523886,21.9999865418909,4.73490468654801,50.0000245837271,1.00000049167454,33.2177957021912,0.416033551462145,229.940113519021,0.416008570646333,1.32756029330372e-07,0,0,1,1,1,1,123.75,100,1,6.60576625305452,165.565047540678,-5.91917889094086,0
0.328,179.940152792631,13.2034211324315,21.9999865277855,4.7349061244799,50.0000247352314,1.00000049470463,33.2178016689271,0.416034041018736,229.940113184158,0.416009060617021,1.32756029730272e-07,0,0,1,1,1,1,123.75,100,1,6.60576625387281,165.565209119508,-5.91918607954117,0
0.329,179.940313651836,13.2034315634357,21.9999865065812,4.73491305356246,50.0000248787744,1.00000049757549,33.2178063971975,0.416034283079643,229.940112623339,0.41600930319166,1.32756029261531e-07,0,0,1,1,1,1,123.75,100,1,6.605766255174,165.565370335251,-5.91919185147349,0
0.33,179.940473826322,13.2034430767287,21.9999865191279,4.73491753913554,50.000025013461,1.00000050026922,33.2178116498571,0.416034690262372,229.940112560266,0.416009709305584,1.32756028738937e-07,0,0,1,1,1,1,123.75,100,1,6.60576625693618,165.565530283667,-5.91919691220854,0
0.331,179.940633123355,13.2034551431882,21.9999865619641,4.73491949451327,50.00002513912,1.0000005027824,33.21781753828,0.416035257375221,229.940113057913,0.416010276893062,1.32756029233132e-07,0,0,1,1,1,1,123.75,100,1,6.60576625911057,165.565688810879,-5.91920135986611,0
0.332,179.940791075539,13.2034671887248,21.9999865802152,4.73492530582234,50.0000252563015,1.00000050512603,33.2178230187915,0.416035577133964,229.940113175769,0.416010597161684,1.32756029776992e-07,0,0,1,1,1,1,123.75,100,1,6.60576626163616,165.565846460409,-5.91920583990004,0
0.333,179.940947778216,13.20347897366,21.9999865722596,4.73493055175263,50.0000253662028,1.00000050732406,33.2178288935226,0.416035765792827,229.940112790197,0.416010784771315,1.3275602904216e-07,0,0,1,1,1,1,123.75,100,1,6.6057662645341,165.566003559436,-5.9192109181536,0
0.334,179.941103722521,13.2034898445438,21.999986563694,4.73493320814424,50.0000254705353,1.00000050941071,33.2178360635141,0.41603639045809,229.940112367794,0.416011409773846,1.32756028536115e-07,0,0,1,1,1,1,123.75,100,1,6.60576626776007,165.566159706847,-5.91921690163564,0
0.335,179.941259493335,13.2034992792016,21.9999865786097,4.73493627802841,50.0000255713534,1.00000051142707,33.2178434714057,0.416036781129134,229.940112363916,0.416011800926746,1.32756029094268e-07,0,0,1,1,1,1,123.75,100,1,6.60576627132296,165.566315291451,-5.91922355086633,0
0.336,179.941415299808,13.2035072758707,21.9999865898682,4.73494219904354,50.0000256708601,1.0000005134172,33.2178492333487,0.416036939236495,229.940112256583,0.416011959392637,1.32756028956252e-07,0,0,1,1,1,1,123.75,100,1,6.60576627496484,165.566470830114,-5.91923130290758,0
0.337,179.941571675029,13.2035141931108,21.9999866093781,4.73494558274985,50.0000257712069,1.00000051542414,33.2178540918992,0.41603748593809,229.940112211941,0.416012505167259,1.32756028229703e-07,0,0,1,1,1,1,123.75,100,1,6.60576627891651,165.566626815035,-5.91924082513738,0
0.338,179.941729146937,13.2035200616485,21.9999866457533,4.73494771401776,50.0000258743016,1.00000051748603,33.2178601017241,0.41603795276573,229.9401124847,0.416012972404999,1.32756029360051e-07,0,0,1,1,1,1,123.75,100,1,6.60576628297405,165.566783445979,-5.91925201413919,0
0.339,179.941887841241,13.2035248404519,21.9999866654627,4.73495440015664,50.0000259816342,1.00000051963268,33.2178666395255,0.41603817711371,229.940112550591,0.416013197210442,1.32756029674893e-07,0,0,1,1,1,1,123.75,100,1,6.60576628723654,165.566941478629,-5.9192640097106,0
0.34,179.94204790454,13.2035288195406,21.9999866518178,4.73495867123827,50.0000260941359,1.00000052188272,33.2178724284541,0.416038688389273,229.940112020108,0.416013707514601,1.32756028652793e-07,0,0,1,1,1,1,123.75,100,1,6.60576629171212,165.567101553104,-5.91927659866878,0
0.341,179.942209786967,13.2035327026078,21.999986644137,4.73496046103823,50.0000262120811,1.00000052424162,33.2178787288596,0.416039246855878,229.940111488943,0.416014266402187,1.32756028060506e-07,0,0,1,1,1,1,123.75,100,1,6.6057662965201,165.567263388908,-5.91928944166219,0
0.342,179.942373773641,13.2035367835505,21.999986675023,4.73496761642315,50.0000263350477,1.00000052670095,33.2178854760525,0.416039558441668,229.940111614006,0.416014578439089,1.32756028606501e-07,0,0,1,1,1,1,123.75,100,1,6.60576630157041,165.567426483883,-5.91930208358039,0
0.343,179.942539521873,13.203541586496,21.9999867209064,4.73497295906796,50.0000264619434,1.00000052923887,33.2178915057668,0.416039840296756,229.940112032963,0.416014859048752,1.32756028868953e-07,0,0,1,1,1,1,123.75,100,1,6.60576630678682,165.567591115728,-5.91931387827052,0
0.344,179.942706406366,13.2035477132986,21.9999867411612,4.73497566734724,50.0000265911034,1.00000053182207,33.2178959709264,0.416040497131333,229.940111991522,0.416015516301328,1.32756028104488e-07,0,0,1,1,1,1,123.75,100,1,6.6057663120126,165.567757387326,-5.91932487702084,0
0.345,179.942874161864,13.2035555159843,21.9999867511241,4.73497933053452,50.0000267204526,1.00000053440905,33.2179011995132,0.416040912003973,229.940111743772,0.416015931731737,1.32756028684575e-07,0,0,1,1,1,1,123.75,100,1,6.60576631747424,165.567924849702,-5.9193349076253,0
0.346,179.943042509956,13.2035647629112,21.9999867678871,4.73498574791062,50.0000268477181,1.00000053695436,33.2179080162428,0.416041084296388,229.940111658253,0.416016104399254,1.32756028563028e-07,0,0,1,1,1,1,123.75,100,1,6.60576632301136,165.568092834622,-5.91934322243896,0
0.347,179.943210830292,13.2035753287339,21.9999867729562,4.73498950221629,50.0000269706683,1.00000053941337,33.2179145251547,0.416041649777143,229.940111376067,0.416016668744905,1.32756027846526e-07,0,0,1,1,1,1,123.75,100,1,6.60576632879554,165.568261041677,-5.9193494356374,0
0.348,179.943378772046,13.2035873943668,21.9999867818009,4.73499086260586,50.0000270873476,1.00000054174695,33.2179196318088,0.416042164506429,229.940111058935,0.416017183975542,1.32756028191645e-07,0,0,1,1,1,1,123.75,100,1,6.60576633487135,165.568429026666,-5.9193541948036,0
0.349,179.943546112221,13.2036009930926,21.9999868177001,4.73499810693925,50.0000271962781,1.00000054392556,33.2179251191474,0.416042421442458,229.940111139781,0.416017441391789,1.32756028516718e-07,0,0,1,1,1,1,123.75,100,1,6.60576634134348,165.568595897074,-5.91935796364099,0
0.35,179.943712511942,13.2036155028759,21.999986872512,4.73500282605924,50.0000272966043,1.00000054593209,33.2179311309712,0.416042829029013,229.940111610494,0.416017847927692,1.32756028516352e-07,0,0,1,1,1,1,123.75,100,1,6.60576634819271,165.568761522272,-5.91936090285943,0
0.351,179.943877404591,13.2036304613606,21.9999868971359,4.73500491002886,50.0000273881654,1.00000054776331,33.2179374452939,0.416043422223596,229.940111599844,0.416018441629448,1.32756028437904e-07,0,0,1,1,1,1,123.75,100,1,6.60576635540297,165.568926317458,-5.91936320987182,0
0.352,179.94404077209,13.2036454541954,21.9999868926889,4.73501077460802,50.0000274714919,1.00000054942984,33.2179440470436,0.416043759330439,229.940111028297,0.416018779274635,1.3275602829433e-07,0,0,1,1,1,1,123.75,100,1,6.60576636303113,165.569090249402,-5.91936557861942,0
0.353,179.944203117975,13.2036599538494,21.9999869051228,4.73501627044056,50.000027547733,1.00000055095466,33.217952123294,0.416043940973651,229.940110696239,0.416018959772092,1.32756027638292e-07,0,0,1,1,1,1,123.75,100,1,6.60576637114855,165.569252829308,-5.91936832359687,0
0.354,179.944364804771,13.2036734093357,21.9999869461372,4.73501908449438,50.0000276185296,1.00000055237059,33.2179600463985,0.416044592087927,229.940110867833,0.416019611236393,1.32756027636115e-07,0,0,1,1,1,1,123.75,100,1,6.60576637951874,165.569414142827,-5.91937143058315,0
0.355,179.944525895118,13.2036857389138,21.9999869822844,4.73502210976187,50.00002768585,1.000000553717,33.2179660965102,0.416045002329652,229.940110927393,0.416020022015373,1.32756028212092e-07,0,0,1,1,1,1,123.75,100,1,6.60576638811686,165.569574858915,-5.91937552539217,0
0.356,179.944686835695,13.2036971089689,21.9999870195675,4.73502828823063,50.0000277518038,1.00000055503608,33.217971581891,0.416045171100113,229.94011094815,0.416020191215333,1.32756028213777e-07,0,0,1,1,1,1,123.75,100,1,6.60576639688624,165.569735502044,-5.91938134282612,0
0.357,179.944848089227,13.2037073219074,21.9999870584435,4.73503185392814,50.0000278184522,1.00000055636904,33.2179787160744,0.416045718130476,229.940111028523,0.41602073720855,1.32756027817819e-07,0,0,1,1,1,1,123.75,100,1,6.60576640580798,165.569896217116,-5.91938873744479,0
0.358,179.94501001109,13.2037160839925,21.9999870865845,4.73503385224652,50.0000278876233,1.00000055775247,33.2179863645265,0.416046205590053,229.940110995239,0.416021225187973,1.32756028660509e-07,0,0,1,1,1,1,123.75,100,1,6.60576641491396,165.570057777603,-5.91939706613458,0
0.359,179.945172829883,13.2037237325026,21.999987088226,4.73504078458849,50.0000279607474,1.00000055921495,33.2179931924247,0.416046442914852,229.94011045662,0.416021462930986,1.32756028233376e-07,0,0,1,1,1,1,123.75,100,1,6.60576642420588,165.570220675065,-5.91940610374156,0
0.36,179.94533714119,13.2037308528027,21.9999871056764,4.73504524757899,50.0000280387207,1.00000056077441,33.2179995016325,0.416046944891527,229.940110082914,0.416021963909022,1.32756027364391e-07,0,0,1,1,1,1,123.75,100,1,6.60576643384142,165.57038478573,-5.91941590358055,0
0.361,179.945503297767,13.2037378474884,21.9999871642016,4.73504715166057,50.0000281218116,1.00000056243623,33.2180064897223,0.416047523246326,229.940110415048,0.416022542680416,1.32756027615374e-07,0,0,1,1,1,1,123.75,100,1,6.60576644372938,165.570549881516,-5.91942603807306,0
0.362,179.945670999319,13.2037451158808,21.9999872264259,4.7350542327601,50.0000282096215,1.00000056419243,33.2180130154376,0.416047848895214,229.940110873229,0.416022868855898,1.32756028549956e-07,0,0,1,1,1,1,123.75,100,1,6.60576645373598,165.570716441771,-5.91943586284734,0
0.363,179.945839770613,13.2037532109775,21.9999872526361,4.73505975948771,50.0000283011091,1.00000056602218,33.2180186854135,0.416048116868036,229.940110703852,0.416023135616429,1.32756028082921e-07,0,0,1,1,1,1,123.75,100,1,6.60576646387045,165.570884786271,-5.91944531345358,0
0.364,179.946009566649,13.2037625435206,21.9999872700042,4.73506259196482,50.0000283946827,1.00000056789365,33.2180252387498,0.416048791236322,229.9401103421,0.416023810411694,1.32756027343941e-07,0,0,1,1,1,1,123.75,100,1,6.60576647417671,165.571054459742,-5.91945397861733,0
0.365,179.946180204758,13.2037730219184,21.9999872973505,4.7350661393098,50.0000284883553,1.00000056976711,33.2180328752764,0.416049219906889,229.940110175502,0.416024239564206,1.32756027871245e-07,0,0,1,1,1,1,123.75,100,1,6.60576648461175,165.571224700572,-5.91946107915413,0
0.366,179.946351229633,13.2037847550191,21.9999873313344,4.73507272050745,50.0000285799495,1.00000057159899,33.2180396125141,0.416049400317464,229.94011011912,0.416024420409032,1.3275602779084e-07,0,0,1,1,1,1,123.75,100,1,6.60576649521502,165.571395366491,-5.91946623333788,0
0.367,179.946522100478,13.2037981525558,21.9999873649788,4.73507659921875,50.0000286673262,1.00000057334652,33.2180449907651,0.416049958324863,229.940109970712,0.416024977246622,1.32756027053199e-07,0,0,1,1,1,1,123.75,100,1,6.60576650596085,165.571565966598,-5.91946998117403,0
0.368,179.94669254382,13.2038132742369,21.9999874199515,4.73507800051743,50.0000287486115,1.00000057497223,33.2180506855283,0.416050485884648,229.940110150878,0.416025505376298,1.32756027863357e-07,0,0,1,1,1,1,123.75,100,1,6.60576651703691,165.57173583595,-5.9194727239303,0
0.369,179.946862077911,13.2038295980463,21.9999874806455,4.73508522388153,50.0000288223903,1.00000057644781,33.2180574619794,0.416050751584622,229.940110503721,0.416025771558987,1.32756028521498e-07,0,0,1,1,1,1,123.75,100,1,6.60576652836152,165.57190470547,-5.91947430165956,0
0.37,179.947030107605,13.2038466420795,21.9999875077331,4.73509006360777,50.0000288878455,1.00000057775691,33.2180642464364,0.416051149697566,229.940110307623,0.416026168674199,1.32756027808048e-07,0,0,1,1,1,1,123.75,100,1,6.60576654004645,165.572072817206,-5.91947472181216,0
0.371,179.947196581181,13.2038640806736,21.9999875150465,4.73509222672987,50.0000289448261,1.00000057889652,33.2180712160582,0.416051754604304,229.940109688603,0.416026774060062,1.32756027059861e-07,0,0,1,1,1,1,123.75,100,1,6.60576655219497,165.572239901171,-5.91947469546371,0
0.372,179.947361885472,13.2038815183424,21.9999875526051,4.73509800577261,50.0000289938434,1.00000057987687,33.2180794919295,0.416052100916799,229.940109526063,0.41602712086642,1.32756027341037e-07,0,0,1,1,1,1,123.75,100,1,6.60576656483359,165.572405287367,-5.91947454820345,0
0.373,179.947526134632,13.203898367309,21.9999876185264,4.73510361683965,50.000029036001,1.00000058072002,33.218087562471,0.416052270364399,229.940109876343,0.416027289138866,1.32756027523741e-07,0,0,1,1,1,1,123.75,100,1,6.60576657779255,165.572568965516,-5.91947453279023,0
0.374,179.947689255391,13.2039144992873,21.9999876770257,4.73510651918694,50.0000290728727,1.00000058145745,33.2180940788056,0.416052931784222,229.940110089753,0.416027951029309,1.32756027000337e-07,0,0,1,1,1,1,123.75,100,1,6.60576659099455,165.572731703062,-5.91947523786162,0
0.375,179.947851492015,13.203929846796,21.9999877185934,4.73510941130836,50.0000291063443,1.00000058212689,33.2181003076789,0.416053351332569,229.940109967353,0.416028371111423,1.32756027655738e-07,0,0,1,1,1,1,123.75,100,1,6.60576660435117,165.572893849214,-5.91947741176886,0
0.376,179.948013422093,13.2039440107738,21.9999877625662,4.73511569185439,50.0000291384365,1.00000058276873,33.2181082999963,0.416053526448727,229.940109909946,0.416028546650219,1.32756027563626e-07,0,0,1,1,1,1,123.75,100,1,6.60576661794085,165.573055583072,-5.91948093679809,0
0.377,179.94817543855,13.2039565953612,21.9999878012052,4.73511934835839,50.0000291711236,1.00000058342247,33.2181169287445,0.416054059772392,229.940109811771,0.416029078926505,1.32756027083578e-07,0,0,1,1,1,1,123.75,100,1,6.6057666316274,165.573217413636,-5.91948529477218,0
0.378,179.948337859321,13.2039678639409,21.9999878250776,4.73512117456787,50.0000292061579,1.00000058412316,33.2181242197523,0.416054555534267,229.940109398095,0.416029575199356,1.32756027340362e-07,0,0,1,1,1,1,123.75,100,1,6.60576664552932,165.573379871837,-5.91949052026111,0
0.379,179.948501305827,13.2039783630059,21.9999878700055,4.73512818022769,50.0000292449121,1.00000058489824,33.2181306809928,0.416054799673335,229.940109245898,0.416029819796169,1.32756027370315e-07,0,0,1,1,1,1,123.75,100,1,6.60576665968299,165.573542957702,-5.91949694293848,0
0.38,179.948666131777,13.2039884355613,21.9999879479126,4.73513272248532,50.0000292882488,1.00000058576498,33.2181377734735,0.416055283137368,229.940109676441,0.416030302205893,1.32756027315898e-07,0,0,1,1,1,1,123.75,100,1,6.60576667405432,165.573706673964,-5.91950412829768,0
0.381,179.948832150502,13.2039982778565,21.9999880176974,4.7351346909433,50.0000293364312,1.00000058672862,33.2181446888248,0.416055867152468,229.940110048243,0.41603088673558,1.32756027569481e-07,0,0,1,1,1,1,123.75,100,1,6.60576668855607,165.573871709035,-5.91951150796791,0
0.382,179.948999104988,13.204008434901,21.9999880491042,4.73514156682127,50.000029389083,1.00000058778166,33.2181514352357,0.416056198724765,229.940109746548,0.416031218830662,1.32756027720629e-07,0,0,1,1,1,1,123.75,100,1,6.60576670322179,165.574038491554,-5.91951878494842,0
0.383,179.949167126622,13.2040192914329,21.9999880739361,4.73514714392595,50.0000294452114,1.00000058890423,33.2181589553521,0.416056448124599,229.940109277958,0.416031466992558,1.32756026886133e-07,0,0,1,1,1,1,123.75,100,1,6.60576671808542,165.574206489136,-5.91952560054356,0
0.384,179.949336238436,13.2040309713795,21.9999881235423,4.73515003133084,50.0000295032943,1.00000059006589,33.2181671838398,0.416057124137472,229.940109240862,0.416032143399316,1.32756026724241e-07,0,0,1,1,1,1,123.75,100,1,6.60576673314034,165.574375075769,-5.91953116201661,0
0.385,179.949505974255,13.2040437636951,21.9999881835853,4.73515337987402,50.0000295614292,1.00000059122858,33.21817402287,0.416057556482125,229.940109383868,0.41603257626431,1.32756027365389e-07,0,0,1,1,1,1,123.75,100,1,6.6057667482402,165.574544148345,-5.91953510081463,0
0.386,179.94967576103,13.2040581999958,21.9999882381082,4.73515997258208,50.0000296175294,1.00000059235059,33.2181794459988,0.41605774072864,229.940109367538,0.416032760980956,1.32756027328236e-07,0,0,1,1,1,1,123.75,100,1,6.60576676346197,165.574713474648,-5.91953786134234,0
0.387,179.949845295602,13.2040743911856,21.9999883040524,4.73516388585241,50.000029669545,1.0000005933909,33.2181856640811,0.416058277823812,229.940109532291,0.416033296942467,1.32756026747963e-07,0,0,1,1,1,1,123.75,100,1,6.60576677884451,165.574882465435,-5.9195396336061,0
0.388,179.950014056896,13.2040918776821,21.9999883657157,4.73516532380274,50.00002971568,1.0000005943136,33.2181932759354,0.416058806121619,229.940109698755,0.41603382576493,1.32756027902416e-07,0,0,1,1,1,1,123.75,100,1,6.60576679441473,165.575050735022,-5.91953995798752,0
0.389,179.950181507925,13.2041102433458,21.9999884000219,4.73517232394696,50.0000297545797,1.00000059509159,33.2182005177711,0.416059074506837,229.940109408633,0.416034094669326,1.32756027772458e-07,0,0,1,1,1,1,123.75,100,1,6.60576681028305,165.57521836177,-5.9195387770738,0
0.39,179.95034751123,13.2041293962688,21.9999884250377,4.73517717344115,50.000029785463,1.00000059570926,33.2182075268763,0.416059454151503,229.940108853668,0.41603447330412,1.3275602671661e-07,0,0,1,1,1,1,123.75,100,1,6.60576682657007,165.575384853624,-5.91953668749403,0
0.391,179.950512295409,13.2041490043236,21.9999884874024,4.73517936646103,50.0000298081884,1.00000059616377,33.2182153000757,0.416060056820508,229.940108880667,0.416035076428962,1.32756026587079e-07,0,0,1,1,1,1,123.75,100,1,6.60576684333232,165.575549473379,-5.91953418678359,0
0.392,179.950675761075,13.2041685485801,21.9999885764163,4.73518493248567,50.0000298232492,1.00000059646498,33.2182233434762,0.416060404347479,229.940109408833,0.416035424472564,1.32756027576438e-07,0,0,1,1,1,1,123.75,100,1,6.60576686043547,165.575712234807,-5.91953151051368,0
0.393,179.950837624826,13.2041877527353,21.9999886454153,4.73519052755761,50.0000298317057,1.00000059663411,33.2182303191554,0.416060557130869,229.94010960705,0.416035576184607,1.32756027556589e-07,0,0,1,1,1,1,123.75,100,1,6.60576687777024,165.575873812659,-5.91952920491625,0
0.394,179.950998056998,13.2042063914709,21.9999886887628,4.73519344952448,50.0000298350671,1.00000059670134,33.2182373737985,0.416061213240162,229.940109320512,0.416036232740648,1.32756026606343e-07,0,0,1,1,1,1,123.75,100,1,6.60576689536503,165.576034449053,-5.91952797028556,0
0.395,179.951157667377,13.2042239585891,21.9999887391449,4.73519612877017,50.0000298351405,1.00000059670281,33.2182460837771,0.416061632077819,229.940109158964,0.416036652072807,1.32756027236966e-07,0,0,1,1,1,1,123.75,100,1,6.60576691318676,165.576194109472,-5.919527705627,0
0.396,179.951316833503,13.2042399943306,21.9999887927105,4.73520236130575,50.0000298338616,1.00000059667723,33.218255087793,0.416061809261641,229.940109083052,0.416036829658818,1.32756027131797e-07,0,0,1,1,1,1,123.75,100,1,6.6057669311421,165.576353126835,-5.91952810580542,0
0.397,179.951475902867,13.2042547017433,21.9999888441088,4.73520601962698,50.0000298331214,1.00000059666243,33.2182624842532,0.416062316007316,229.940108909173,0.416037335425741,1.32756026449627e-07,0,0,1,1,1,1,123.75,100,1,6.60576694926022,165.576512113528,-5.91952949965148,0
0.398,179.951635384137,13.2042685478845,21.9999889108209,4.73520764140963,50.0000298345995,1.00000059669199,33.2182691837501,0.416062808147525,229.940108915777,0.416037828040343,1.32756026946868e-07,0,0,1,1,1,1,123.75,100,1,6.60576696753544,165.576671142563,-5.91953235846778,0
0.399,179.951795679071,13.2042816582764,21.9999890001653,4.73521455447304,50.0000298396134,1.00000059679227,33.2182765019208,0.416063053066321,229.940109348511,0.41603807344058,1.32756027693145e-07,0,0,1,1,1,1,123.75,100,1,6.60576698599102,165.576830450586,-5.91953634694815,0
0.4,179.951956720961,13.204294101213,21.9999890719646,4.73521906663934,50.0000298489944,1.00000059697989,33.2182840050103,0.416063509747778,229.940109560852,0.41603852914207,1.32756027421954e-07,0,0,1,1,1,1,123.75,100,1,6.60576700454376,165.576990785613,-5.91954080273508,0
