Time_s,GEN51_pickup,GSUT51_pickup,GEN51N_pickup,87G_pickup,87T_pickup,87B_pickup,87L_pickup,GEN51_trip,GSUT51_trip,GEN51N_trip,87G_trip,87T_trip,87B_trip,87L_trip,GEN51_timer_s,GSUT51_timer_s,GEN51N_timer_s,87G_timer_s,87T_timer_s,87B_timer_s,87L_timer_s,GEN51_operating_time_s,GSUT51_operating_time_s,GEN51N_operating_time_s,87G_operating_time_s,87T_operating_time_s,87B_operating_time_s,87L_operating_time_s,GEN51_secondary_A,GSUT51_secondary_A,GEN51N_secondary_A,87G_differential_A,87T_differential_A,87B_differential_A,87L_differential_A,87G_restraint_A,87T_restraint_A,87B_restraint_A,87L_restraint_A,87G_threshold_A,87T_threshold_A,87B_threshold_A,87L_threshold_A
0,0,0,0,0,0,0,0,0,0,0,0,0,0,0,0,0,0,0,0,0,0,Inf,Inf,Inf,0.045,0.045,0.035,0.04,0,0,0,0,0,0,0,0,0,0,0,2403.8,387.84,320,320
0.001,0,0,0,0,0,0,0,0,0,0,0,0,0,0,0,0,0,0,0,0,0,Inf,Inf,Inf,0.045,0.045,0.035,0.04,0,0,0,0,0,0,0,0,0,0,0,2403.8,387.84,320,320
0.002,0,0,0,0,0,0,0,0,0,0,0,0,0,0,0,0,0,0,0,0,0,Inf,Inf,Inf,0.045,0.045,0.035,0.04,0,0,0,0,0,0,0,0,0,0,0,2403.8,387.84,320,320
0.003,0,0,0,0,0,0,0,0,0,0,0,0,0,0,0,0,0,0,0,0,0,Inf,Inf,Inf,0.045,0.045,0.035,0.04,0,0,0,0,0,0,0,0,0,0,0,2403.8,387.84,320,320
0.004,0,0,0,0,0,0,0,0,0,0,0,0,0,0,0,0,0,0,0,0,0,Inf,Inf,Inf,0.045,0.045,0.035,0.04,0,0,0,0,0,0,0,0,0,0,0,2403.8,387.84,320,320
0.005,0,0,0,0,0,0,0,0,0,0,0,0,0,0,0,0,0,0,0,0,0,Inf,Inf,Inf,0.045,0.045,0.035,0.04,0,0,0,0,0,0,0,0,0,0,0,2403.8,387.84,320,320
0.006,0,0,0,0,0,0,0,0,0,0,0,0,0,0,0,0,0,0,0,0,0,Inf,Inf,Inf,0.045,0.045,0.035,0.04,0,0,0,0,0,0,0,0,0,0,0,2403.8,387.84,320,320
0.007,0,0,0,0,0,0,0,0,0,0,0,0,0,0,0,0,0,0,0,0,0,Inf,Inf,Inf,0.045,0.045,0.035,0.04,0,0,0,0,0,0,0,0,0,0,0,2403.8,387.84,320,320
0.008,0,0,0,0,0,0,0,0,0,0,0,0,0,0,0,0,0,0,0,0,0,Inf,Inf,Inf,0.045,0.045,0.035,0.04,0,0,0,0,0,0,0,0,0,0,0,2403.8,387.84,320,320
0.009,0,0,0,0,0,0,0,0,0,0,0,0,0,0,0,0,0,0,0,0,0,Inf,Inf,Inf,0.045,0.045,0.035,0.04,0,0,0,0,0,0,0,0,0,0,0,2403.8,387.84,320,320
0.01,0,0,0,0,0,0,0,0,0,0,0,0,0,0,0,0,0,0,0,0,0,Inf,Inf,Inf,0.045,0.045,0.035,0.04,0,0,0,0,0,0,0,0,0,0,0,2403.8,387.84,320,320
0.011,0,0,0,0,0,0,0,0,0,0,0,0,0,0,0,0,0,0,0,0,0,Inf,Inf,Inf,0.045,0.045,0.035,0.04,0,0,0,0,0,0,0,0,0,0,0,2403.8,387.84,320,320
0.012,0,0,0,0,0,0,0,0,0,0,0,0,0,0,0,0,0,0,0,0,0,Inf,Inf,Inf,0.045,0.045,0.035,0.04,0,0,0,0,0,0,0,0,0,0,0,2403.8,387.84,320,320
0.013,0,0,0,0,0,0,0,0,0,0,0,0,0,0,0,0,0,0,0,0,0,Inf,Inf,Inf,0.045,0.045,0.035,0.04,0,0,0,0,0,0,0,0,0,0,0,2403.8,387.84,320,320
0.014,0,0,0,0,0,0,0,0,0,0,0,0,0,0,0,0,0,0,0,0,0,Inf,Inf,Inf,0.045,0.045,0.035,0.04,0,0,0,0,0,0,0,0,0,0,0,2403.8,387.84,320,320
0.015,0,0,0,0,0,0,0,0,0,0,0,0,0,0,0,0,0,0,0,0,0,Inf,Inf,Inf,0.045,0.045,0.035,0.04,0,0,0,0,0,0,0,0,0,0,0,2403.8,387.84,320,320
0.016,0,0,0,0,0,0,0,0,0,0,0,0,0,0,0,0,0,0,0,0,0,Inf,Inf,Inf,0.045,0.045,0.035,0.04,0,0,0,0,0,0,0,0,0,0,0,2403.8,387.84,320,320
0.017,0,0,0,0,0,0,0,0,0,0,0,0,0,0,0,0,0,0,0,0,0,Inf,Inf,Inf,0.045,0.045,0.035,0.04,0,0,0,0,0,0,0,0,0,0,0,2403.8,387.84,320,320
0.018,0,0,0,0,0,0,0,0,0,0,0,0,0,0,0,0,0,0,0,0,0,Inf,Inf,Inf,0.045,0.045,0.035,0.04,0,0,0,0,0,0,0,0,0,0,0,2403.8,387.84,320,320
0.019,0,0,0,0,0,0,0,0,0,0,0,0,0,0,0,0,0,0,0,0,0,Inf,Inf,Inf,0.045,0.045,0.035,0.04,0,0,0,0,0,0,0,0,0,0,0,2403.8,387.84,320,320
0.02,0,0,0,0,0,0,0,0,0,0,0,0,0,0,0,0,0,0,0,0,0,Inf,Inf,Inf,0.045,0.045,0.035,0.04,0,0,0,0,0,0,0,0,0,0,0,2403.8,387.84,320,320
0.021,0,0,0,0,0,0,0,0,0,0,0,0,0,0,0,0,0,0,0,0,0,Inf,Inf,Inf,0.045,0.045,0.035,0.04,0.631235131853273,0.542878875493819,2.36792764630228e-12,1.27019487712907e-05,1.67809401171871,0.000132833397431153,0.781152858840424,9468.46282838197,868.793918905597,868.601718923724,868.572871958269,2840.53884851459,387.84,320,320
0.022,0,0,0,0,0,0,0,0,0,0,0,0,0,0,0,0,0,0,0,0,0,Inf,Inf,Inf,0.045,0.045,0.035,0.04,0.631233782867081,0.542877561350184,2.36792670423476e-12,1.27016766261648e-05,1.67809409505785,0.000132833419420342,0.781162306874665,9468.44036725807,868.78987198877,868.59934144268,868.568815819083,2840.53211017742,387.84,320,320
0.023,0,0,0,0,0,0,0,0,0,0,0,0,0,0,0,0,0,0,0,0,0,Inf,Inf,Inf,0.045,0.045,0.035,0.04,0.631231403381154,0.542876857091749,2.36792692992274e-12,1.27016921072835e-05,1.67809439331015,0.000132833437724978,0.781167041952466,9468.40432832565,868.790687630275,868.598274986107,868.564198395746,2840.5212984977,387.84,320,320
0.024,0,0,0,0,0,0,0,0,0,0,0,0,0,0,0,0,0,0,0,0,0,Inf,Inf,Inf,0.045,0.045,0.035,0.04,0.631230441151085,0.542875225577477,2.36792601487879e-12,1.27017051123944e-05,1.67809472787042,0.00013283344848754,0.781163367847325,9468.38224041127,868.788080136705,868.598145504748,868.559904762022,2840.51467212338,387.84,320,320
0.025,0,0,0,0,0,0,0,0,0,0,0,0,0,0,0,0,0,0,0,0,0,Inf,Inf,Inf,0.045,0.045,0.035,0.04,0.631229341610684,0.542872826166932,2.36792188036323e-12,1.27016396063424e-05,1.67809492445808,0.000132833450611714,0.781149304462149,9468.37308805206,868.784012763608,868.598160415085,868.556717070027,2840.51192641562,387.84,320,320
0.026,0,0,0,0,0,0,0,0,0,0,0,0,0,0,0,0,0,0,0,0,0,Inf,Inf,Inf,0.045,0.045,0.035,0.04,0.631227121072819,0.542872348710562,2.36791351243035e-12,1.27016503092003e-05,1.67809492337276,0.000132833445575713,0.781125100305445,9468.32891076274,868.779054210049,868.597396445288,868.55500354801,2840.49867322882,387.84,320,320
0.027,0,0,0,0,0,0,0,0,0,0,0,0,0,0,0,0,0,0,0,0,0,Inf,Inf,Inf,0.045,0.045,0.035,0.04,0.631224881952655,0.542870948693085,2.36790142649744e-12,1.2701659848641e-05,1.67809514190973,0.000132833436944318,0.781093153876241,9468.29875855458,868.781276311508,868.595156378279,868.554550693411,2840.48962756637,387.84,320,320
0.028,0,0,0,0,0,0,0,0,0,0,0,0,0,0,0,0,0,0,0,0,0,Inf,Inf,Inf,0.045,0.045,0.035,0.04,0.631224067489503,0.542868511911736,2.36788755503839e-12,1.270166861248e-05,1.67809547060881,0.000132833429162877,0.781072425896367,9468.28484213064,868.777379525237,868.591257498702,868.549118812898,2840.48545263919,387.84,320,320
0.029,0,0,0,0,0,0,0,0,0,0,0,0,0,0,0,0,0,0,0,0,0,Inf,Inf,Inf,0.045,0.045,0.035,0.04,0.631222094359271,0.542867241504063,2.3678745682474e-12,1.27019392876184e-05,1.67809555519057,0.000132833426188658,0.781066102030968,9468.25247867616,868.772256096112,868.586133214863,868.546707709144,2840.47574360285,387.84,320,320
0.03,0,0,0,0,0,0,0,0,0,0,0,0,0,0,0,0,0,0,0,0,0,Inf,Inf,Inf,0.045,0.045,0.035,0.04,0.631218962191344,0.542866105452034,2.36786486318388e-12,1.27019467617948e-05,1.67809539694682,0.000132833431105899,0.781058068773807,9468.21424058131,868.766818578607,868.580696437013,868.545826856918,2840.46427217439,387.84,320,320
0.031,0,0,0,0,0,0,0,0,0,0,0,0,0,0,0,0,0,0,0,0,0,Inf,Inf,Inf,0.045,0.045,0.035,0.04,0.63121834960294,0.542863845131116,2.36785960422132e-12,1.27019535964206e-05,1.67809577698456,0.000132833444044089,0.781049535369748,9468.19366718265,868.769873412723,868.576005076833,868.545829076218,2840.4581001548,387.84,320,320
0.032,0,0,0,0,0,0,0,0,0,0,0,0,0,0,0,0,0,0,0,0,0,Inf,Inf,Inf,0.045,0.045,0.035,0.04,0.631216660529924,0.542861876100598,2.36785819908044e-12,1.27016929479876e-05,1.67809596553868,0.000132833461571251,0.781041679708534,9468.16898827793,868.764712602975,868.572851679743,868.545664105895,2840.45069648338,387.84,320,320
0.033,0,0,0,0,0,0,0,0,0,0,0,0,0,0,0,0,0,0,0,0,0,Inf,Inf,Inf,0.045,0.045,0.035,0.04,0.631213663526378,0.542861004848457,2.36785844316142e-12,1.27016981332981e-05,1.67809587277984,0.00013283347877305,0.781035403381456,9468.12258302618,868.758853873615,868.571436367512,868.544272804614,2840.43677490785,387.84,320,320
0.034,0,0,0,0,0,0,0,0,0,0,0,0,0,0,0,0,0,0,0,0,0,Inf,Inf,Inf,0.045,0.045,0.035,0.04,0.631212325932567,0.542858960089873,2.3678573095591e-12,1.27017028551329e-05,1.67809617383496,0.000132833490656038,0.781031258241751,9468.0944178274,868.762061902393,868.571257838904,868.541004497675,2840.42832534822,387.84,320,320
0.035,0,0,0,0,0,0,0,0,0,0,0,0,0,0,0,0,0,0,0,0,0,Inf,Inf,Inf,0.045,0.045,0.035,0.04,0.631210940784384,0.542856024008391,2.36785210326344e-12,1.2701640898316e-05,1.6780964785873,0.000132833493425458,0.781029219620738,9468.08172845497,868.756949398893,868.571276780824,868.535892725424,2840.42451853649,387.84,320,320
0.036,0,0,0,0,0,0,0,0,0,0,0,0,0,0,0,0,0,0,0,0,0,Inf,Inf,Inf,0.045,0.045,0.035,0.04,0.631208136755846,0.542855413602127,2.36784153853798e-12,1.27016436156847e-05,1.67809647692032,0.000132833489598619,0.781028711548167,9468.02664818141,868.750728721415,868.561283293518,868.529673045361,2840.40799445442,387.84,320,320
0.037,0,0,0,0,0,0,0,0,0,0,0,0,0,0,0,0,0,0,0,0,0,Inf,Inf,Inf,0.045,0.045,0.035,0.04,0.631205552964084,0.542853628355927,2.3678263082932e-12,1.27016486626298e-05,1.67809650178043,0.000132833508685352,0.781028709469408,9467.98951448161,868.753566662726,868.560770729844,868.523523937733,2840.39685434448,387.84,320,320
0.038,0,0,0,0,0,0,0,0,0,0,0,0,0,0,0,0,0,0,0,0,0,Inf,Inf,Inf,0.045,0.045,0.035,0.04,0.631204499883562,0.54285053474911,2.36780889731371e-12,1.27016533217846e-05,1.67809692676058,0.000132833516343529,0.781028081511024,9467.97282413543,868.748620275276,868.560870512226,868.518621220209,2840.39184724063,387.84,320,320
0.039,0,0,0,0,0,0,0,0,0,0,0,0,0,0,0,0,0,0,0,0,0,Inf,Inf,Inf,0.045,0.045,0.035,0.04,0.631201975718114,0.542849164737135,2.36779268061231e-12,1.27019353597937e-05,1.67809703807745,0.000132833511489037,0.781025955698146,9467.92841284954,868.742148605299,868.560301824468,868.515674541928,2840.37852385486,387.84,320,320
0.04,0,0,0,0,0,0,0,0,0,0,0,0,0,0,0,0,0,0,0,0,0,Inf,Inf,Inf,0.045,0.045,0.035,0.04,0.631198103998119,0.54284770169158,2.36778063426938e-12,1.27019404583336e-05,1.67809682567797,0.000132833496499168,0.781021941819938,9467.88095148962,868.735312888227,868.55796090144,868.514628602707,2840.36428544688,387.84,320,320
0.041,0,0,0,0,0,0,0,0,0,0,0,0,0,0,0,0,0,0,0,0,0,Inf,Inf,Inf,0.045,0.045,0.035,0.04,0.631197403812,0.542844826973153,2.36777415212573e-12,1.270194561179e-05,1.67809708787425,0.000132833476587781,0.781016204094083,9467.85559568181,868.739451779264,868.553361312306,868.514653851932,2840.35667870454,387.84,320,320
0.042,0,0,0,0,0,0,0,0,0,0,0,0,0,0,0,0,0,0,0,0,0,Inf,Inf,Inf,0.045,0.045,0.035,0.04,0.631195264404035,0.542842359096909,2.36777243940841e-12,1.27016896114572e-05,1.67809731652962,0.00013283347016392,0.781009294905057,9467.82462555884,868.732941666998,868.549412744472,868.514441497458,2840.34738766765,387.84,320,320
0.043,0,0,0,0,0,0,0,0,0,0,0,0,0,0,0,0,0,0,0,0,0,Inf,Inf,Inf,0.045,0.045,0.035,0.04,0.631191508496949,0.542841267319065,2.3677727430669e-12,1.27016947519295e-05,1.67809720294886,0.000132833462200567,0.781002078859342,9467.76639464949,868.72559264502,868.547665839153,868.512697909183,2840.32991839485,387.84,320,320
0.044,0,0,0,0,0,0,0,0,0,0,0,0,0,0,0,0,0,0,0,0,0,Inf,Inf,Inf,0.045,0.045,0.035,0.04,0.631189660973065,0.542838735129633,2.36777135816334e-12,1.27017012919384e-05,1.67809720996944,0.000132833451061322,0.781012876752858,9467.73087330603,868.729706080592,868.543614283243,868.502422873424,2840.31926199181,387.84,320,320
0.045,0,0,0,0,0,0,0,0,0,0,0,0,0,0,0,0,0,0,0,0,0,Inf,Inf,Inf,0.045,0.045,0.035,0.04,0.631187980426323,0.54283483000581,2.36776504168032e-12,1.27017054158006e-05,1.67809755102885,0.000132833453459936,0.781027949852842,9467.71776287901,868.72342392594,868.527744595313,868.502445510374,2840.3153288637,387.84,320,320
0.046,0,0,0,0,0,0,0,0,0,0,0,0,0,0,0,0,0,0,0,0,0,Inf,Inf,Inf,0.045,0.045,0.035,0.04,0.631184596744867,0.542834111348084,2.36775229335823e-12,1.27016571565043e-05,1.67809754916204,0.000132833466134381,0.781042846200057,9467.65147750272,868.71582061697,868.525086992598,868.501295000193,2840.29544325081,387.84,320,320
0.047,0,0,0,0,0,0,0,0,0,0,0,0,0,0,0,0,0,0,0,0,0,Inf,Inf,Inf,0.045,0.045,0.035,0.04,0.631181080080763,0.542832003920692,2.36773399837053e-12,1.27016678048177e-05,1.67809751525288,0.000132833477885312,0.781055682287982,9467.60531264641,868.718974711408,868.52438462846,868.497920847421,2840.28159379392,387.84,320,320
0.048,0,0,0,0,0,0,0,0,0,0,0,0,0,0,0,0,0,0,0,0,0,Inf,Inf,Inf,0.045,0.045,0.035,0.04,0.631179868732395,0.542828356347363,2.36771316069246e-12,1.27016752934109e-05,1.6780979805598,0.000132833483260552,0.781065032231742,9467.58409592021,868.713141969967,868.524478024456,868.49208088353,2840.27522877606,387.84,320,320
0.049,0,0,0,0,0,0,0,0,0,0,0,0,0,0,0,0,0,0,0,0,0,Inf,Inf,Inf,0.045,0.045,0.035,0.04,0.631176947562745,0.542826379799984,2.36769380306966e-12,1.27019454665963e-05,1.6780981032028,0.000132833479498001,0.781070177522733,9467.53712001644,868.705528532465,868.52384568834,868.484460742487,2840.26113600493,387.84,320,320
0.05,0,0,0,0,0,0,0,0,0,0,0,0,0,0,0,0,0,0,0,0,0,Inf,Inf,Inf,0.045,0.045,0.035,0.04,0.631172342255684,0.542824716755956,2.36767943641146e-12,1.27019560109309e-05,1.67809786895142,0.000132833487628928,0.781071189760828,9467.48050756824,868.697508698181,868.511340179546,868.476435810072,2840.24415227047,387.84,320,320
0.051,0,0,0,0,0,0,0,0,0,0,0,0,0,0,0,0,0,0,0,0,0,Inf,Inf,Inf,0.045,0.045,0.035,0.04,0.631171331475315,0.542821428543184,2.3676716814667e-12,1.27019642345463e-05,1.67809842055325,0.000132833496245693,0.781068858962891,9467.45016068223,868.702018783663,868.511333945651,868.469557518824,2840.23504820467,387.84,320,320
0.052,0,0,0,0,0,0,0,0,0,0,0,0,0,0,0,0,0,0,0,0,0,Inf,Inf,Inf,0.045,0.045,0.035,0.04,0.631168902944411,0.542818412856206,2.36766958360432e-12,1.27016961433808e-05,1.67809868546234,0.000132833495634541,0.781064549060865,9467.41718426219,868.694562943028,868.511098493473,868.464955516534,2840.22515527866,387.84,320,320
0.053,0,0,0,0,0,0,0,0,0,0,0,0,0,0,0,0,0,0,0,0,0,Inf,Inf,Inf,0.045,0.045,0.035,0.04,0.631164621316601,0.542817177035309,2.36766990815546e-12,1.27017012240675e-05,1.67809855333023,0.000132833486485703,0.781059861266113,9467.35026016053,868.686155029362,868.50912111037,868.462885852379,2840.20507804816,387.84,320,320
0.054,0,0,0,0,0,0,0,0,0,0,0,0,0,0,0,0,0,0,0,0,0,Inf,Inf,Inf,0.045,0.045,0.035,0.04,0.631162488693542,0.542814290523877,2.36766833051699e-12,1.27017111163491e-05,1.67809865731094,0.000132833472008476,0.781056188583774,9467.30971370183,868.690602281869,868.504502632331,868.462605520101,2840.19291411055,387.84,320,320
0.055,0,0,0,0,0,0,0,0,0,0,0,0,0,0,0,0,0,0,0,0,0,Inf,Inf,Inf,0.045,0.045,0.035,0.04,0.631160560509226,0.542809966164279,2.36766108412791e-12,1.27016576164244e-05,1.67809906366802,0.000132833457940152,0.781054396982684,9467.29491678568,868.683426479723,868.497323599551,868.462631873913,2840.1884750357,387.84,320,320
0.056,0,0,0,0,0,0,0,0,0,0,0,0,0,0,0,0,0,0,0,0,0,Inf,Inf,Inf,0.045,0.045,0.035,0.04,0.63115667299071,0.542809130782533,2.36764643815076e-12,1.27016637721805e-05,1.67809906145317,0.000132833449564631,0.781054692385736,9467.2175218326,868.674743489039,868.488639681753,868.461297076538,2840.16525654978,387.84,320,320
0.057,0,0,0,0,0,0,0,0,0,0,0,0,0,0,0,0,0,0,0,0,0,Inf,Inf,Inf,0.045,0.045,0.035,0.04,0.631152892637787,0.542806687903803,2.36762542499702e-12,1.27016738661571e-05,1.67809880863957,0.00013283344954496,0.781056595796529,9467.1654258011,868.678474009015,868.480097721874,868.457390201781,2840.14962774033,387.84,320,320
0.058,0,0,0,0,0,0,0,0,0,0,0,0,0,0,0,0,0,0,0,0,0,Inf,Inf,Inf,0.045,0.045,0.035,0.04,0.631151472681057,0.542802468385303,2.3676015138215e-12,1.27016833512175e-05,1.67809934225324,0.000132833458038772,0.781059147724879,9467.14183786728,868.671727252723,868.473311395633,868.450639569397,2840.14255136018,387.84,320,320
0.059,0,0,0,0,0,0,0,0,0,0,0,0,0,0,0,0,0,0,0,0,0,Inf,Inf,Inf,0.045,0.045,0.035,0.04,0.631148070110208,0.542800418987943,2.36757932871722e-12,1.27019542222393e-05,1.6780994820877,0.000132833471230672,0.781068226925403,9467.08410120242,868.662934705266,868.46923308883,868.447380007995,2840.12523036073,387.84,320,320
0.06,0,0,0,0,0,0,0,0,0,0,0,0,0,0,0,0,0,0,0,0,0,Inf,Inf,Inf,0.045,0.045,0.035,0.04,0.631142724500567,0.542798470699804,2.36756288504395e-12,1.27019623909492e-05,1.67809921653472,0.000132833484275852,0.781078829936903,9467.01930615678,868.653682622979,868.467766329874,868.444262283789,2840.10579184704,387.84,320,320
0.061,0,0,0,0,0,0,0,0,0,0,0,0,0,0,0,0,0,0,0,0,0,Inf,Inf,Inf,0.045,0.045,0.035,0.04,0.631141722269423,0.54279464405434,2.36755401741791e-12,1.27019729903059e-05,1.67809971337541,0.000132833491846583,0.781088642775196,9466.98460646263,868.659172075672,868.467775741856,868.438137145334,2840.09538193879,387.84,320,320
0.062,0,0,0,0,0,0,0,0,0,0,0,0,0,0,0,0,0,0,0,0,0,Inf,Inf,Inf,0.045,0.045,0.035,0.04,0.631138901793288,0.542791164335463,2.3675516147545e-12,1.27017053793942e-05,1.67810000492606,0.000132833491300639,0.781095749606249,9466.9463411389,868.65052530445,868.467500551497,868.429482542072,2840.08390234167,387.84,320,320
0.063,0,0,0,0,0,0,0,0,0,0,0,0,0,0,0,0,0,0,0,0,0,Inf,Inf,Inf,0.045,0.045,0.035,0.04,0.631133953705556,0.542789739622642,2.36755197901589e-12,1.27017122333989e-05,1.67809985985806,0.000132833483095858,0.781098678586855,9466.86870664895,868.640789629432,868.465220928513,868.419739533186,2840.06061199469,387.84,320,320
0.064,0,0,0,0,0,0,0,0,0,0,0,0,0,0,0,0,0,0,0,0,0,Inf,Inf,Inf,0.045,0.045,0.035,0.04,0.631131331405395,0.542786429493224,2.36755019490988e-12,1.27017219313996e-05,1.67810009938243,0.000132833491176174,0.781096716013389,9466.82134463785,868.646030544498,868.451539131548,868.410779738305,2840.04640339136,387.84,320,320
0.065,0,0,0,0,0,0,0,0,0,0,0,0,0,0,0,0,0,0,0,0,0,Inf,Inf,Inf,0.045,0.045,0.035,0.04,0.631129151372835,0.542781298917046,2.36754200294725e-12,1.2701730867019e-05,1.6781005517139,0.000132833493735106,0.781090058240646,9466.80370761784,868.637825841384,868.451566525942,868.404193986778,2840.04111228535,387.84,320,320
0.066,0,0,0,0,0,0,0,0,0,0,0,0,0,0,0,0,0,0,0,0,0,Inf,Inf,Inf,0.045,0.045,0.035,0.04,0.631124760381731,0.54278028187936,2.36752546160141e-12,1.27016728846815e-05,1.67810054925242,0.000132833487436646,0.781079801016187,9466.71906231778,868.627912391049,868.450088442944,868.400673421682,2840.01571869533,387.84,320,320
0.067,0,0,0,0,0,0,0,0,0,0,0,0,0,0,0,0,0,0,0,0,0,Inf,Inf,Inf,0.045,0.045,0.035,0.04,0.631120101190622,0.542777565169095,2.36750175030224e-12,1.27016844207177e-05,1.67810035405498,0.00013283347598439,0.781067650560425,9466.65859315527,868.631885885683,868.445741626974,868.399724487484,2839.99757794658,387.84,320,320
0.068,0,0,0,0,0,0,0,0,0,0,0,0,0,0,0,0,0,0,0,0,0,Inf,Inf,Inf,0.045,0.045,0.035,0.04,0.631118552059471,0.542772864903997,2.36747478366644e-12,1.27016931848682e-05,1.67810096010091,0.000132833473171163,0.781055476291373,9466.63066341349,868.624369949826,868.434805954051,868.399835385086,2839.98919902405,387.84,320,320
0.069,0,0,0,0,0,0,0,0,0,0,0,0,0,0,0,0,0,0,0,0,0,Inf,Inf,Inf,0.045,0.045,0.035,0.04,0.631114812361537,0.542770230971909,2.3674497601349e-12,1.27019603105782e-05,1.67810111856886,0.000132833486234133,0.781048852802405,9466.57132630041,868.614571775013,868.419585738278,868.384639470827,2839.97139789012,387.84,320,320
0.07,0,0,0,0,0,0,0,0,0,0,0,0,0,0,0,0,0,0,0,0,0,Inf,Inf,Inf,0.045,0.045,0.035,0.04,0.631108921363124,0.542768118600184,2.36743118364382e-12,1.27019728834399e-05,1.67810081786518,0.000132833500965359,0.781045754882241,9466.49811263412,868.604263127721,868.417852959011,868.382904549836,2839.94943379023,387.84,320,320
0.071,0,0,0,0,0,0,0,0,0,0,0,0,0,0,0,0,0,0,0,0,0,Inf,Inf,Inf,0.045,0.045,0.035,0.04,0.631107499220613,0.542763940736088,2.36742111192584e-12,1.27019821489253e-05,1.67810130502791,0.000132833509324375,0.781043080809337,9466.45868390868,868.610052826028,868.417822374034,868.382873693208,2839.93760517261,387.84,320,320
0.072,0,0,0,0,0,0,0,0,0,0,0,0,0,0,0,0,0,0,0,0,0,Inf,Inf,Inf,0.045,0.045,0.035,0.04,0.631104438958209,0.542759934610484,2.36741831357661e-12,1.27017127175174e-05,1.6781016325238,0.000132833508749359,0.781041281692319,9466.41931699895,868.600587771351,868.417532635781,868.382585501544,2839.92579509968,387.84,320,320
0.073,0,0,0,0,0,0,0,0,0,0,0,0,0,0,0,0,0,0,0,0,0,Inf,Inf,Inf,0.045,0.045,0.035,0.04,0.631099043265857,0.542758393954624,2.36741867797205e-12,1.27017266498056e-05,1.67810146990293,0.000132833528136649,0.781040542813177,9466.33382600549,868.589923786947,868.400677848805,868.380123075804,2839.90014780165,387.84,320,320
0.074,0,0,0,0,0,0,0,0,0,0,0,0,0,0,0,0,0,0,0,0,0,Inf,Inf,Inf,0.045,0.045,0.035,0.04,0.631096129032922,0.542754786769025,2.3674167448256e-12,1.27017397001615e-05,1.67810167638888,0.000132833542644006,0.781040728326464,9466.2818057324,868.595410471277,868.400281910711,868.374354323633,2839.88454171972,387.84,320,320
0.075,0,0,0,0,0,0,0,0,0,0,0,0,0,0,0,0,0,0,0,0,0,Inf,Inf,Inf,0.045,0.045,0.035,0.04,0.631093744128522,0.542749178852853,2.36740778433452e-12,1.27017482024174e-05,1.67810217618381,0.00013283354592512,0.781041447960759,9466.26257496466,868.586441937086,868.40031199284,868.365383405686,2839.8787724894,387.84,320,320
0.076,0,0,0,0,0,0,0,0,0,0,0,0,0,0,0,0,0,0,0,0,0,Inf,Inf,Inf,0.045,0.045,0.035,0.04,0.631088926043177,0.542748152998192,2.36738963518628e-12,1.27016893745079e-05,1.67810217347191,0.000132833537724614,0.78104209718069,9466.16858550366,868.575593342017,868.398681865092,868.354533480786,2839.8505756511,387.84,320,320
0.077,0,0,0,0,0,0,0,0,0,0,0,0,0,0,0,0,0,0,0,0,0,Inf,Inf,Inf,0.045,0.045,0.035,0.04,0.631084016872596,0.54274515421383,2.36736358620086e-12,1.27017016316181e-05,1.67810196786201,0.000132833545752857,0.781042036170889,9466.10274599437,868.580034615915,868.382004553081,868.34385850054,2839.83082379831,387.84,320,320
0.078,0,0,0,0,0,0,0,0,0,0,0,0,0,0,0,0,0,0,0,0,0,Inf,Inf,Inf,0.045,0.045,0.035,0.04,0.631082293877087,0.542739964730298,2.36733394321477e-12,1.27017134465278e-05,1.67810263257631,0.00013283355353856,0.781040770999134,9466.07255290407,868.571736825712,868.382137490481,868.335363730159,2839.82176587122,387.84,320,320
0.079,0,0,0,0,0,0,0,0,0,0,0,0,0,0,0,0,0,0,0,0,0,Inf,Inf,Inf,0.045,0.045,0.035,0.04,0.631078144680692,0.542737252024709,2.36730642413542e-12,1.27019672591885e-05,1.67810280645799,0.000132833548675652,0.781038096008257,9466.00403683603,868.56091690308,868.381240203167,868.33023060434,2839.80121105081,387.84,320,320
0.08,0,0,0,0,0,0,0,0,0,0,0,0,0,0,0,0,0,0,0,0,0,Inf,Inf,Inf,0.045,0.045,0.035,0.04,0.6310716151453,0.542734899403185,2.36728598007557e-12,1.27019778036689e-05,1.67810247642316,0.000132833547970092,0.781034150965215,9465.92346135341,868.54952682627,868.363296545876,868.328345400545,2839.77703840602,387.84,320,320
0.081,0,0,0,0,0,0,0,0,0,0,0,0,0,0,0,0,0,0,0,0,0,Inf,Inf,Inf,0.045,0.045,0.035,0.04,0.631070179366671,0.542730260459009,2.36727487341554e-12,1.2701989444949e-05,1.67810296773519,0.000132833558763797,0.781029353636628,9465.87997824408,868.556173479635,868.363270875598,868.328319228392,2839.76399347323,387.84,320,320
0.082,0,0,0,0,0,0,0,0,0,0,0,0,0,0,0,0,0,0,0,0,0,Inf,Inf,Inf,0.045,0.045,0.035,0.04,0.631066787607973,0.542725820807273,2.36727175897975e-12,1.27017248925653e-05,1.67810332425267,0.000132833558035032,0.781024296836388,9465.83635675405,868.545675196029,868.362950157807,868.328000358728,2839.75090702622,387.84,320,320
0.083,0,0,0,0,0,0,0,0,0,0,0,0,0,0,0,0,0,0,0,0,0,Inf,Inf,Inf,0.045,0.045,0.035,0.04,0.631060819361798,0.542724124344796,2.36727214029252e-12,1.27017370067583e-05,1.6781031475087,0.000132833547494446,0.781019589758667,9465.7412211207,868.533844525323,868.360235718666,868.325289720649,2839.72236633621,387.84,320,320
0.084,0,0,0,0,0,0,0,0,0,0,0,0,0,0,0,0,0,0,0,0,0,Inf,Inf,Inf,0.045,0.045,0.035,0.04,0.631057430934645,0.542720159202084,2.36727004801888e-12,1.2701750042279e-05,1.67810332227683,0.000132833561156605,0.78101683888993,9465.68290099523,868.540013345374,868.343539818302,868.308610720489,2839.70487029857,387.84,320,320
0.085,0,0,0,0,0,0,0,0,0,0,0,0,0,0,0,0,0,0,0,0,0,Inf,Inf,Inf,0.045,0.045,0.035,0.04,0.631054839595599,0.542713998495551,2.36726031364116e-12,1.27017603778008e-05,1.67810386286607,0.00013283356446472,0.781021428981569,9465.66080408664,868.530161182703,868.343570845855,868.308642874285,2839.69824122599,387.84,320,320
0.086,0,0,0,0,0,0,0,0,0,0,0,0,0,0,0,0,0,0,0,0,0,Inf,Inf,Inf,0.045,0.045,0.035,0.04,0.631049598021043,0.542712622653858,2.36724057173266e-12,1.27017044263666e-05,1.67810385994372,0.000132833558399519,0.78102554281065,9465.56129646157,868.518241146545,868.32449340641,868.306906839185,2839.66838893847,387.84,320,320
0.087,0,0,0,0,0,0,0,0,0,0,0,0,0,0,0,0,0,0,0,0,0,Inf,Inf,Inf,0.045,0.045,0.035,0.04,0.6310438584598,0.542709401578851,2.36721221531338e-12,1.27017186799489e-05,1.67810370556408,0.000132833577520041,0.781028777226801,9465.48778757305,868.522838999807,868.323297267209,868.301755163509,2839.64633627191,387.84,320,320
0.088,0,0,0,0,0,0,0,0,0,0,0,0,0,0,0,0,0,0,0,0,0,Inf,Inf,Inf,0.045,0.045,0.035,0.04,0.631042037550837,0.542703810630133,2.36717992010553e-12,1.27017301072774e-05,1.67810443119596,0.000132833585501432,0.781030927970993,9465.45346177631,868.513898905042,868.323412177975,868.292811197626,2839.63603853289,387.84,320,320
0.089,0,0,0,0,0,0,0,0,0,0,0,0,0,0,0,0,0,0,0,0,0,Inf,Inf,Inf,0.045,0.045,0.035,0.04,0.631037616491023,0.542700531379669,2.36714989858319e-12,1.27019749583029e-05,1.67810462132774,0.000132833580386014,0.781031986953095,9465.38449163413,868.502223320392,868.322486768618,868.281133352496,2839.61534749024,387.84,320,320
0.09,0,0,0,0,0,0,0,0,0,0,0,0,0,0,0,0,0,0,0,0,0,Inf,Inf,Inf,0.045,0.045,0.035,0.04,0.631030634165419,0.542698053948534,2.36712753618958e-12,1.27019858500964e-05,1.67810425949637,0.00013283358954254,0.781032165086185,9465.29633605431,868.489919679427,868.303157254071,868.268829656615,2839.58890081629,387.84,320,320
0.091,0,0,0,0,0,0,0,0,0,0,0,0,0,0,0,0,0,0,0,0,0,Inf,Inf,Inf,0.045,0.045,0.035,0.04,0.631028775692075,0.542693132463808,2.36711530994875e-12,1.27019991726847e-05,1.67810488411344,0.00013283360149846,0.781031841390652,9465.24844752266,868.496775517458,868.303083684593,868.258262633447,2839.5745342568,387.84,320,320
0.092,0,0,0,0,0,0,0,0,0,0,0,0,0,0,0,0,0,0,0,0,0,Inf,Inf,Inf,0.045,0.045,0.035,0.04,0.631025197522032,0.542688199669739,2.36711179472702e-12,1.27017326402292e-05,1.67810527881937,0.000132833600662468,0.781031463554154,9465.20458493417,868.48560024184,868.302755920115,868.251144393772,2839.56137548025,387.84,320,320
0.093,0,0,0,0,0,0,0,0,0,0,0,0,0,0,0,0,0,0,0,0,0,Inf,Inf,Inf,0.045,0.045,0.035,0.04,0.631018866361916,0.542686417050863,2.36711215570715e-12,1.27017411630175e-05,1.67810508246297,0.000132833588272058,0.781031466812153,9465.102552499,868.47298656744,868.299903624806,868.247868583579,2839.5307657497,387.84,320,320
0.094,0,0,0,0,0,0,0,0,0,0,0,0,0,0,0,0,0,0,0,0,0,Inf,Inf,Inf,0.045,0.045,0.035,0.04,0.631015192171427,0.54268221574182,2.36710995914829e-12,1.27017559570203e-05,1.6781051692798,0.000132833578253414,0.781032139102143,9465.04001891391,868.479312331499,868.282269377066,868.247339837836,2839.51200567417,387.84,320,320
0.095,0,0,0,0,0,0,0,0,0,0,0,0,0,0,0,0,0,0,0,0,0,Inf,Inf,Inf,0.045,0.045,0.035,0.04,0.631012440297521,0.542675664026018,2.36709962342305e-12,1.27017680211964e-05,1.67810575963053,0.000132833581394951,0.781033507605757,9465.01635890932,868.468834489507,868.282302079606,868.247373704312,2839.5049076728,387.84,320,320
0.096,0,0,0,0,0,0,0,0,0,0,0,0,0,0,0,0,0,0,0,0,0,Inf,Inf,Inf,0.045,0.045,0.035,0.04,0.63100685171381,0.542674256823631,2.36707857605768e-12,1.27017222544541e-05,1.67810575644454,0.000132833573373035,0.78103535318858,9464.90936013642,868.456133901549,868.280447152278,868.245521186247,2839.47280804093,387.84,320,320
0.097,0,0,0,0,0,0,0,0,0,0,0,0,0,0,0,0,0,0,0,0,0,Inf,Inf,Inf,0.045,0.045,0.035,0.04,0.631000882838036,0.542670808399357,2.36704828275935e-12,1.27017366747869e-05,1.67810537258198,0.000132833579437555,0.781037349198935,9464.83113195695,868.46109677646,868.260832797517,868.240006387221,2839.44933958708,387.84,320,320
0.098,0,0,0,0,0,0,0,0,0,0,0,0,0,0,0,0,0,0,0,0,0,Inf,Inf,Inf,0.045,0.045,0.035,0.04,0.630998923154205,0.542664814442072,2.36701373743087e-12,1.27017502653422e-05,1.67810613863143,0.000132833586436139,0.781039101618005,9464.79471448833,868.451512595239,868.260962149248,868.230418054935,2839.4384143465,387.84,320,320
0.099,0,0,0,0,0,0,0,0,0,0,0,0,0,0,0,0,0,0,0,0,0,Inf,Inf,Inf,0.045,0.045,0.035,0.04,0.63099416695072,0.54266145242036,2.36698158895424e-12,1.27019813796585e-05,1.67810633973919,0.000132833589339634,0.781040232660394,9464.71825364531,868.4389831566,868.241394543159,868.217885802212,2839.41547609359,387.84,320,320
0.1,0,0,0,0,0,0,0,0,0,0,0,0,0,0,0,0,0,0,0,0,0,Inf,Inf,Inf,0.045,0.045,0.035,0.04,0.630986654296257,0.542658780569745,2.36695760771012e-12,1.27019942999612e-05,1.678105956824,0.000132833610111619,0.781043224499475,9464.6237127346,868.425764724795,868.239111672351,868.220771479897,2839.38711382038,387.84,320,320
0.101,0,0,0,0,0,0,0,0,0,0,0,0,0,0,0,0,0,0,0,0,0,Inf,Inf,Inf,0.045,0.045,0.035,0.04,0.630984761629316,0.542653479548101,2.36694445774337e-12,1.27020073305551e-05,1.67810651282293,0.000132833622206663,0.781048120304567,9464.57220075684,868.433339861701,868.23903472541,868.21229074892,2839.37166022705,387.84,320,320
0.102,0,0,0,0,0,0,0,0,0,0,0,0,0,0,0,0,0,0,0,0,0,Inf,Inf,Inf,0.045,0.045,0.035,0.04,0.630980914670226,0.542648155080957,2.36694063522404e-12,1.27017459182257e-05,1.67810692251568,0.000132833621485633,0.781051322330786,9464.52514229822,868.421304049105,868.238684132596,868.200250126685,2839.35754268947,387.84,320,320
0.103,0,0,0,0,0,0,0,0,0,0,0,0,0,0,0,0,0,0,0,0,0,Inf,Inf,Inf,0.045,0.045,0.035,0.04,0.630974112487697,0.542646249842462,2.3669409953346e-12,1.27017579727441e-05,1.6781067184258,0.000132833608907715,0.781052520922529,9464.41479380215,868.407708231286,868.235635637701,868.186651455145,2839.32443814065,387.84,320,320
0.104,0,0,0,0,0,0,0,0,0,0,0,0,0,0,0,0,0,0,0,0,0,Inf,Inf,Inf,0.045,0.045,0.035,0.04,0.630969999819731,0.542641759913015,2.36693868397319e-12,1.27017709038883e-05,1.67810687412394,0.000132833614653786,0.781051795075819,9464.3467040723,868.414590324011,868.216354734963,868.174100599571,2839.30401122169,387.84,320,320
0.105,0,0,0,0,0,0,0,0,0,0,0,0,0,0,0,0,0,0,0,0,0,Inf,Inf,Inf,0.045,0.045,0.035,0.04,0.630967087670685,0.542634755817821,2.36692774839434e-12,1.2701784487511e-05,1.67810749187981,0.000132833618120796,0.781049596868692,9464.32039830101,868.403389348765,868.216387595517,868.164816615011,2839.2961194903,387.84,320,320
0.106,0,0,0,0,0,0,0,0,0,0,0,0,0,0,0,0,0,0,0,0,0,Inf,Inf,Inf,0.045,0.045,0.035,0.04,0.630961161342769,0.54263301315138,2.36690543195174e-12,1.27017419714042e-05,1.6781074885511,0.000132833609235631,0.781046600600104,9464.20947484941,868.389801011975,868.21445681119,868.159777979315,2839.26284245482,387.84,320,320
0.107,0,0,0,0,0,0,0,0,0,0,0,0,0,0,0,0,0,0,0,0,0,Inf,Inf,Inf,0.045,0.045,0.035,0.04,0.630954445288618,0.542629395371633,2.36687326845053e-12,1.27017585549192e-05,1.67810716081862,0.000132833603847173,0.781043560934379,9464.12456665426,868.394844438179,868.193264702228,868.158335141813,2839.23736999628,387.84,320,320
0.108,0,0,0,0,0,0,0,0,0,0,0,0,0,0,0,0,0,0,0,0,0,Inf,Inf,Inf,0.045,0.045,0.035,0.04,0.630952418104824,0.542623085773015,2.36683654265133e-12,1.27017723123515e-05,1.6781079758852,0.000132833611446428,0.781041126813717,9464.08441943425,868.38475526421,868.193372330843,868.158443137834,2839.22532583027,387.84,320,320
0.109,0,0,0,0,0,0,0,0,0,0,0,0,0,0,0,0,0,0,0,0,0,Inf,Inf,Inf,0.045,0.045,0.035,0.04,0.630947458161378,0.542619201732494,2.36680230594992e-12,1.27019902882352e-05,1.67810819002076,0.000132833610124856,0.781039669529003,9464.00850958655,868.371539841125,868.172905529499,868.157431696359,2839.20255287597,387.84,320,320
0.11,0,0,0,0,0,0,0,0,0,0,0,0,0,0,0,0,0,0,0,0,0,Inf,Inf,Inf,0.045,0.045,0.035,0.04,0.630939594305883,0.542616444083379,2.36677669272142e-12,1.27020035558867e-05,1.67810778185157,0.000132833631178782,0.78103919736986,9463.90751379047,868.357577141936,868.170385388138,868.153022968098,2839.17225413714,387.84,320,320
0.111,0,0,0,0,0,0,0,0,0,0,0,0,0,0,0,0,0,0,0,0,0,Inf,Inf,Inf,0.045,0.045,0.035,0.04,0.630937296609019,0.542610933167737,2.36676255975699e-12,1.27020172812059e-05,1.67810837856705,0.000132833643065187,0.781039478424042,9463.8521273787,868.365272669492,868.170257087348,868.144208853618,2839.15563821361,387.84,320,320
0.112,0,0,0,0,0,0,0,0,0,0,0,0,0,0,0,0,0,0,0,0,0,Inf,Inf,Inf,0.045,0.045,0.035,0.04,0.630933318010879,0.542605168983338,2.36675835809314e-12,1.27017618473835e-05,1.67810881660425,0.000132833642233042,0.781040088854316,9463.80560744585,868.352716447349,868.169905900781,868.13164989335,2839.14168223376,387.84,320,320
0.113,0,0,0,0,0,0,0,0,0,0,0,0,0,0,0,0,0,0,0,0,0,Inf,Inf,Inf,0.045,0.045,0.035,0.04,0.630926244409854,0.542603206893892,2.36675868319011e-12,1.27017756603374e-05,1.67810859806881,0.000132833639122868,0.781040482345847,9463.68959155214,868.338505466189,868.147414323472,868.117437882895,2839.10687746564,387.84,320,320
0.114,0,0,0,0,0,0,0,0,0,0,0,0,0,0,0,0,0,0,0,0,0,Inf,Inf,Inf,0.045,0.045,0.035,0.04,0.630921870253676,0.542598544609109,2.36675630929582e-12,1.27017884421793e-05,1.6781087079197,0.000132833656308365,0.781040139614625,9463.61794068377,868.345454094955,868.146750225742,868.104306844688,2839.08538220513,387.84,320,320
0.115,0,0,0,0,0,0,0,0,0,0,0,0,0,0,0,0,0,0,0,0,0,Inf,Inf,Inf,0.045,0.045,0.035,0.04,0.630918842658743,0.542591243649738,2.36674494216924e-12,1.27018018915382e-05,1.67810936310257,0.000132833660222394,0.781039096084088,9463.59022012426,868.333778084441,868.146783893583,868.112712938916,2839.07706603728,387.84,320,320
0.116,0,0,0,0,0,0,0,0,0,0,0,0,0,0,0,0,0,0,0,0,0,Inf,Inf,Inf,0.045,0.045,0.035,0.04,0.630912654344963,0.542589459446321,2.3667216410068e-12,1.27017599723692e-05,1.67810935958041,0.00013283365059411,0.781039836071763,9463.47366888079,868.319582815457,868.14477039455,868.09851595376,2839.04210066424,387.84,320,320
0.117,0,0,0,0,0,0,0,0,0,0,0,0,0,0,0,0,0,0,0,0,0,Inf,Inf,Inf,0.045,0.045,0.035,0.04,0.630905752503217,0.5425856707557,2.36668797730605e-12,1.2701775280649e-05,1.67810892077279,0.000132833653831132,0.781039781995439,9463.38488610647,868.324892033856,868.122742776232,868.084475801856,2839.01546583194,387.84,320,320
0.118,0,0,0,0,0,0,0,0,0,0,0,0,0,0,0,0,0,0,0,0,0,Inf,Inf,Inf,0.045,0.045,0.035,0.04,0.630903621634072,0.542579049516801,2.36664947428836e-12,1.27017890383082e-05,1.6781097719193,0.000132833662685,0.781038837818731,9463.34293534637,868.314304794056,868.122858702492,868.073218660969,2839.00288060391,387.84,320,320
0.119,0,0,0,0,0,0,0,0,0,0,0,0,0,0,0,0,0,0,0,0,0,Inf,Inf,Inf,0.045,0.045,0.035,0.04,0.630898403363531,0.542575096015747,2.36661352585517e-12,1.27020036575699e-05,1.67810999589222,0.000132833657077329,0.781037103724486,9463.2611063947,868.3004161923,868.121788777432,868.066314559258,2838.97833191841,387.84,320,320
0.12,0,0,0,0,0,0,0,0,0,0,0,0,0,0,0,0,0,0,0,0,0,Inf,Inf,Inf,0.045,0.045,0.035,0.04,0.630890122745033,0.542572190179208,2.36658657944203e-12,1.27020155914298e-05,1.67810956850062,0.000132833668103664,0.781034836092784,9463.15484815565,868.285719669119,868.098588674143,868.063665283975,2838.94645444669,387.84,320,320
0.121,0,0,0,0,0,0,0,0,0,0,0,0,0,0,0,0,0,0,0,0,0,Inf,Inf,Inf,0.045,0.045,0.035,0.04,0.630887784550785,0.542566383605334,2.36657165673039e-12,1.27020306508346e-05,1.67811008764418,0.000132833680956287,0.781032376043017,9463.09635918169,868.294001985285,868.098450511393,868.063526700153,2838.92890775451,387.84,320,320
0.122,0,0,0,0,0,0,0,0,0,0,0,0,0,0,0,0,0,0,0,0,0,Inf,Inf,Inf,0.045,0.045,0.035,0.04,0.630883600741974,0.542560280807842,2.36656716626107e-12,1.27017701865987e-05,1.67811053936475,0.000132833680056749,0.781030066640972,9463.04762946178,868.28076444714,868.098084317579,868.063162470554,2838.91428883853,387.84,320,320
0.123,0,0,0,0,0,0,0,0,0,0,0,0,0,0,0,0,0,0,0,0,0,Inf,Inf,Inf,0.045,0.045,0.035,0.04,0.630876160371469,0.542558229344007,2.36656747431889e-12,1.2701783999627e-05,1.67811031386291,0.000132833672870539,0.78102818370979,9462.92471579091,868.265763803529,868.074150915442,868.059883808518,2838.87741473727,387.84,320,320
0.124,0,0,0,0,0,0,0,0,0,0,0,0,0,0,0,0,0,0,0,0,0,Inf,Inf,Inf,0.045,0.045,0.035,0.04,0.630871387864937,0.542553349139664,2.36656502962546e-12,1.27018003133388e-05,1.67811041197267,0.000132833690457962,0.781026876548405,9462.84831071633,868.273148528015,868.073407132246,868.052079838608,2838.8544932149,387.84,320,320
0.125,0,0,0,0,0,0,0,0,0,0,0,0,0,0,0,0,0,0,0,0,0,Inf,Inf,Inf,0.045,0.045,0.035,0.04,0.630868247008152,0.542545699239432,2.36655323981405e-12,1.2701815401809e-05,1.67811108673852,0.000132833694536074,0.781026154801942,9462.81819169909,868.260914735671,868.073440177606,868.039843662257,2838.84545750973,387.84,320,320
0.126,0,0,0,0,0,0,0,0,0,0,0,0,0,0,0,0,0,0,0,0,0,Inf,Inf,Inf,0.045,0.045,0.035,0.04,0.630861809407612,0.542543592862001,2.36652900341903e-12,1.27017702683489e-05,1.67811108312124,0.000132833684377269,0.781025989434523,9462.69940393531,868.246022543297,868.071383351657,868.036471980165,2838.80982118059,387.84,320,320
0.127,0,0,0,0,0,0,0,0,0,0,0,0,0,0,0,0,0,0,0,0,0,Inf,Inf,Inf,0.045,0.045,0.035,0.04,0.630854244335871,0.542539689559815,2.36649392491948e-12,1.27017839680065e-05,1.67811071446442,0.000132833696065665,0.781026530449618,9462.60499071078,868.251330086248,868.048068765076,868.030230306551,2838.78149721323,387.84,320,320
0.128,0,0,0,0,0,0,0,0,0,0,0,0,0,0,0,0,0,0,0,0,0,Inf,Inf,Inf,0.045,0.045,0.035,0.04,0.630852077370987,0.542532842367681,2.36645373758746e-12,1.27017982802333e-05,1.6781116022813,0.00013283370529064,0.78102685305816,9462.5597488133,868.240381328631,868.048159351119,868.019278108939,2838.76792464399,387.84,320,320
0.129,0,0,0,0,0,0,0,0,0,0,0,0,0,0,0,0,0,0,0,0,0,Inf,Inf,Inf,0.045,0.045,0.035,0.04,0.630846726505667,0.542528412386683,2.36641614153998e-12,1.2702014068659e-05,1.67811183633725,0.000132833699339085,0.781026999986613,9462.4795544991,868.225985741689,868.047094458773,868.004881013394,2838.74386634973,387.84,320,320
0.13,0,0,0,0,0,0,0,0,0,0,0,0,0,0,0,0,0,0,0,0,0,Inf,Inf,Inf,0.045,0.045,0.035,0.04,0.63083820175433,0.542525461338824,2.36638787281347e-12,1.27020276837848e-05,1.67811138867165,0.000132833708980459,0.781027020175064,9462.36805891161,868.210725436076,868.023053866309,867.989621679237,2838.71041767348,387.84,320,320
0.131,0,0,0,0,0,0,0,0,0,0,0,0,0,0,0,0,0,0,0,0,0,Inf,Inf,Inf,0.045,0.045,0.035,0.04,0.630835480267513,0.542519521142175,2.36637211993819e-12,1.2702043090678e-05,1.67811199450512,0.000132833722966159,0.781027008551857,9462.3062907503,868.219028740257,868.022861689708,867.976420676096,2838.69188722509,387.84,320,320
0.132,0,0,0,0,0,0,0,0,0,0,0,0,0,0,0,0,0,0,0,0,0,Inf,Inf,Inf,0.045,0.045,0.035,0.04,0.630831221611611,0.542513041733707,2.36636727995774e-12,1.27017826820334e-05,1.67811247143988,0.000132833721992152,0.781027087791654,9462.25883985804,868.205436557264,868.022501279555,867.967420853011,2838.67765195741,387.84,320,320
0.133,0,0,0,0,0,0,0,0,0,0,0,0,0,0,0,0,0,0,0,0,0,Inf,Inf,Inf,0.045,0.045,0.035,0.04,0.630823605615099,0.542510963259639,2.36636753991759e-12,1.27017964652591e-05,1.67811223277991,0.000132833707563494,0.781027345376773,9462.13160554424,868.190000140051,868.019175592237,867.963161576801,2838.63948166327,387.84,320,320
0.134,0,0,0,0,0,0,0,0,0,0,0,0,0,0,0,0,0,0,0,0,0,Inf,Inf,Inf,0.045,0.045,0.035,0.04,0.630818606375242,0.54250597661738,2.36636507382163e-12,1.27018144927247e-05,1.6781122523965,0.000132833720135103,0.781027833188024,9462.05238241515,868.197360095962,867.997270957795,867.962361225528,2838.61571472454,387.84,320,320
0.135,0,0,0,0,0,0,0,0,0,0,0,0,0,0,0,0,0,0,0,0,0,Inf,Inf,Inf,0.045,0.045,0.035,0.04,0.630815395791259,0.542498128228549,2.36635302453382e-12,1.27018294171485e-05,1.67811295908794,0.000132833724316903,0.781028543891711,9462.02105116228,868.184808648183,867.997303995213,867.96239544656,2838.60631534868,387.84,320,320
0.136,0,0,0,0,0,0,0,0,0,0,0,0,0,0,0,0,0,0,0,0,0,Inf,Inf,Inf,0.045,0.045,0.035,0.04,0.630808783851897,0.542495977554974,2.36632813391895e-12,1.27017807326564e-05,1.67811295530925,0.000132833714120941,0.7810293810271,9461.89850185773,868.169493187651,867.99519833281,867.960292713246,2838.56955055732,387.84,320,320
0.137,0,0,0,0,0,0,0,0,0,0,0,0,0,0,0,0,0,0,0,0,0,Inf,Inf,Inf,0.045,0.045,0.035,0.04,0.630801086839422,0.542491960616696,2.3662920119403e-12,1.27017973165986e-05,1.6781124149012,0.000132833719952305,0.781030183297655,9461.80117069065,868.174970333724,867.971308860911,867.95386924324,2838.54035120719,387.84,320,320
0.138,0,0,0,0,0,0,0,0,0,0,0,0,0,0,0,0,0,0,0,0,0,Inf,Inf,Inf,0.045,0.045,0.035,0.04,0.630798851142344,0.542484896284042,2.36625055032539e-12,1.27018125168156e-05,1.6781133252818,0.000132833728906271,0.781030828197957,9461.75449178294,868.163674561245,867.971402448093,867.942569533566,2838.52634753488,387.84,320,320
0.139,0,0,0,0,0,0,0,0,0,0,0,0,0,0,0,0,0,0,0,0,0,Inf,Inf,Inf,0.045,0.045,0.035,0.04,0.630793320465839,0.542480417145938,2.36621169397691e-12,1.27020228555921e-05,1.67811356583688,0.000132833722855182,0.781031224629923,9461.66996182104,868.148796101457,867.970301543849,867.927688985936,2838.50098854631,387.84,320,320
0.14,0,0,0,0,0,0,0,0,0,0,0,0,0,0,0,0,0,0,0,0,0,Inf,Inf,Inf,0.045,0.045,0.035,0.04,0.63078449744512,0.542477364395642,2.36618241341393e-12,1.27020384992722e-05,1.67811310494719,0.00013283373979798,0.781031311019357,9461.55446826,868.132996511632,867.945348015028,867.911889777816,2838.466340478,387.84,320,320
0.141,0,0,0,0,0,0,0,0,0,0,0,0,0,0,0,0,0,0,0,0,0,Inf,Inf,Inf,0.045,0.045,0.035,0.04,0.63078173663341,0.542471215074675,2.36616603275971e-12,1.27020542536824e-05,1.67811362823795,0.000132833753897994,0.781032371785085,9461.49022924432,868.141746772425,867.945141738852,867.920683430991,2838.4470687733,387.84,320,320
0.142,0,0,0,0,0,0,0,0,0,0,0,0,0,0,0,0,0,0,0,0,0,Inf,Inf,Inf,0.045,0.045,0.035,0.04,0.630777337315172,0.542464462245604,2.36616093817638e-12,1.27017925843324e-05,1.67811411176729,0.000132833752904065,0.781033423280459,9461.44150425531,868.127662155171,867.944773564306,867.90659562956,2838.43245127659,387.84,320,320
0.143,0,0,0,0,0,0,0,0,0,0,0,0,0,0,0,0,0,0,0,0,0,Inf,Inf,Inf,0.045,0.045,0.035,0.04,0.630769463048111,0.542462327317181,2.36616116874314e-12,1.2701806397523e-05,1.67811386939214,0.000132833737811975,0.7810337817813,9461.3089634229,868.111643238484,867.941357545931,867.890576027814,2838.39268902687,387.84,320,320
0.144,0,0,0,0,0,0,0,0,0,0,0,0,0,0,0,0,0,0,0,0,0,Inf,Inf,Inf,0.045,0.045,0.035,0.04,0.630764120347624,0.542457195145591,2.36615867332447e-12,1.27018226369182e-05,1.67811389932522,0.000132833752504714,0.781033587159481,9461.22593235722,868.119316300279,867.918373877717,867.87568524843,2838.36777970717,387.84,320,320
0.145,0,0,0,0,0,0,0,0,0,0,0,0,0,0,0,0,0,0,0,0,0,Inf,Inf,Inf,0.045,0.045,0.035,0.04,0.630760843513053,0.542449106267369,2.36614637822914e-12,1.27018358331484e-05,1.67811461713155,0.00013283375662123,0.781033092882412,9461.19254072395,868.106380454894,867.918405635303,867.864560055202,2838.35776221719,387.84,320,320
0.146,0,0,0,0,0,0,0,0,0,0,0,0,0,0,0,0,0,0,0,0,0,Inf,Inf,Inf,0.045,0.045,0.035,0.04,0.630754073500583,0.542446658864763,2.36612089624785e-12,1.27017938077886e-05,1.67811461330152,0.000132833746085308,0.781032615921973,9461.06940947585,868.0905723623,867.916287885181,867.85840516474,2838.32082284276,387.84,320,320
0.147,0,0,0,0,0,0,0,0,0,0,0,0,0,0,0,0,0,0,0,0,0,Inf,Inf,Inf,0.045,0.045,0.035,0.04,0.630745815631551,0.542442582507223,2.36608383953069e-12,1.27018096708381e-05,1.67811410974332,0.000132833743839455,0.781032405079288,9460.96766166853,868.095972423955,867.891430256452,867.856527578899,2838.29029850056,387.84,320,320
0.148,0,0,0,0,0,0,0,0,0,0,0,0,0,0,0,0,0,0,0,0,0,Inf,Inf,Inf,0.045,0.045,0.035,0.04,0.630743574530734,0.542435385312609,2.36604122793921e-12,1.27018263134199e-05,1.67811504368127,0.000132833752794772,0.781032597397385,9460.91824426004,868.08446403625,867.891496289192,867.856593999257,2838.27547327801,387.84,320,320
0.149,0,0,0,0,0,0,0,0,0,0,0,0,0,0,0,0,0,0,0,0,0,Inf,Inf,Inf,0.045,0.045,0.035,0.04,0.630737983754371,0.542430488929852,2.36600121014226e-12,1.27020367431196e-05,1.67811529091981,0.000132833746793428,0.781033213747086,9460.83637424057,868.069268736456,867.890415852157,867.855515985258,2838.25091227217,387.84,320,320
0.15,0,0,0,0,0,0,0,0,0,0,0,0,0,0,0,0,0,0,0,0,0,Inf,Inf,Inf,0.045,0.045,0.035,0.04,0.63072902876275,0.542427431196082,2.36597096085675e-12,1.27020530815325e-05,1.67811481624801,0.000132833764237529,0.781034135048318,9460.71703599812,868.053101591129,867.864928784817,867.850627112561,2838.21511079944,387.84,320,320
0.151,0,0,0,0,0,0,0,0,0,0,0,0,0,0,0,0,0,0,0,0,0,Inf,Inf,Inf,0.045,0.045,0.035,0.04,0.630725918050325,0.542421226715,2.3659539366026e-12,1.27020725457596e-05,1.67811537178288,0.000132833778403569,0.781035105671701,9460.6502472928,868.06177132216,867.864668803448,867.840703384765,2838.19507418784,387.84,320,320
0.152,0,0,0,0,0,0,0,0,0,0,0,0,0,0,0,0,0,0,0,0,0,Inf,Inf,Inf,0.045,0.045,0.035,0.04,0.63072150112524,0.542414174106303,2.36594854082746e-12,1.27018007153209e-05,1.67811587120561,0.000132833777416233,0.781035861122693,9460.60347596167,868.04750723988,867.864311993442,867.826436207586,2838.1810427885,387.84,320,320
0.153,0,0,0,0,0,1,0,0,0,0,0,0,0,0,0,0,0,0,0,0.001,0,Inf,Inf,Inf,0.045,0.045,0.035,0.04,0.685092163340275,0.593815723278827,2.37821547626573e-12,1.26935320243866e-05,1.69153061251736,1311.55595560887,0.774282550241211,9507.82786134413,874.662485021829,665.591555014126,381.224979161511,2852.34835840324,387.84,320,320
0.154,0,0,0,0,0,1,0,0,0,0,0,0,0,0,0,0,0,0,0,0.002,0,Inf,Inf,Inf,0.045,0.045,0.035,0.04,0.776165049668905,0.698226634089961,2.3678161127138e-12,1.2666874782543e-05,1.71862329964174,3965.01130451731,0.666338357974193,9469.17687198789,914.817923184496,1984.54543752034,889.20862723386,2840.75306159637,387.84,595.363631256101,320
0.155,0,0,0,0,0,1,0,0,0,0,0,0,0,0,0,0,0,0,0,0.003,0,Inf,Inf,Inf,0.045,0.045,0.035,0.04,0.895384409561386,0.84119345339141,2.35738486245726e-12,1.24942169184971e-05,1.74780100946394,7778.60502809337,0.645564619033291,9438.17439885822,1023.84727539227,3904.34413462457,2230.39621839143,2831.45231965747,387.84,1171.30324038737,669.11886551743
0.156,0,1,0,0,0,1,0,0,0,0,0,0,0,0,0,0.001,0,0,0,0.004,0,Inf,25.4416088717052,Inf,0.045,0.045,0.035,0.04,1.09316654057594,1.00318329635544,2.42279512038485e-12,1.21044925763248e-05,1.76088250953755,12411.2205804186,0.642776059810751,9719.23623040719,1221.07674086073,6237.46683862997,4864.95194280737,2915.77086912216,387.84,1871.24005158899,1459.48558284221
0.157,1,1,0,0,0,1,0,0,0,0,0,0,0,0,0.001,0.002,0,0,0,0.005,0,4.91858227958844,12.7599644670811,Inf,0.045,0.045,0.035,0.04,1.31952963873049,1.16520625516539,2.66452306810336e-12,1.15043133323072e-05,1.44345281341826,17406.6619566947,0.470888037939512,10709.1200573579,984.157216517796,8750.59090876175,7058.27072289679,3212.73601720737,387.84,2625.17727262853,2117.48121686904
0.158,1,1,0,0,0,1,0,0,0,0,0,0,0,0,0.002,0.003,0,0,0,0.006,0,2.2941717852305,9.16909544683808,Inf,0.045,0.045,0.035,0.04,1.55170426435165,1.31024659546098,3.14355826207024e-12,1.07756966316774e-05,1.44664051779119,22255.5562644804,0.450608361840589,12641.4737530407,969.223380967783,11186.5234126817,7282.65718157126,3792.44212591221,387.84,3355.95702380452,2184.79715447138
0.159,1,1,0,0,0,1,0,0,0,0,0,0,0,0,0.003,0.004,0,0,0,0.007,0,1.60330103266554,7.6378236758749,Inf,0.045,0.045,0.035,0.04,1.76802681930316,1.42422277076005,3.84202251306483e-12,1.00539933431049e-05,1.45167503276733,26469.7630625974,0.434499889279549,15437.6091181514,990.842740069583,13300.3052871094,6929.22531040801,4631.28273544541,387.84,3990.09158613281,2078.7675931224
0.16,1,1,0,0,0,1,0,0,0,0,0,0,0,0,0.004,0.005,0,0,0,0.008,0,1.30790573354939,6.31353415469278,Inf,0.045,0.045,0.035,0.04,1.94940198025223,1.58121311292883,4.68832166158962e-12,1.05186714313153e-05,1.43675059281282,29664.0308195493,0.433520123724737,16807.8404562682,1093.11066647497,14899.3395739274,7094.95945585925,5042.35213688045,387.84,4469.80187217822,2128.48783675778
0.161,1,1,0,0,0,1,0,0,0,0,0,0,0,0,0.005,0.006,0,0,0,0.009,0,1.16414942890899,5.30447670207646,Inf,0.045,0.045,0.035,0.04,2.08104586529014,1.77298479706842,5.59368249939815e-12,9.71164396510177e-06,1.38475841453423,32093.4634372946,0.436541601888166,16546.8688128883,1294.81646182331,16069.1092755156,9294.25553750084,4964.0606438665,388.444938546994,4820.73278265468,2788.27666125025
0.162,1,1,0,0,0,1,0,0,0,0,0,0,0,0,0.006,0.007,0,0,0,0.01,0,1.09985141657566,4.75788816447603,Inf,0.045,0.045,0.035,0.04,2.15457403220634,1.92472757427327,6.46942178218476e-12,8.86845576381802e-06,1.28713759449584,36825.1885261092,0.400990572442956,16592.8471076434,1576.46936458683,18442.3568248785,13558.5437841554,4977.85413229303,472.940809376048,5532.70704746355,4067.56313524662
0.163,1,1,0,0,0,1,0,0,0,0,0,0,0,0,0.007,0.008,0,0,0,0.011,0,1.08750440420087,4.47190513812039,Inf,0.045,0.045,0.035,0.04,2.17000105980866,2.02522835066021,7.23478993273715e-12,8.14682496968329e-06,1.14465529563077,40407.7294160224,0.369442134185366,17384.5509116881,1898.32257697159,20238.0331856407,18940.4798189472,5215.36527350644,569.496773091477,6071.40995569221,5682.14394568415
0.164,1,1,0,0,0,1,0,0,0,0,0,0,0,0,0.008,0.009,0,0,0,0.012,0,1.1143872412693,4.35973698055627,Inf,0.045,0.045,0.035,0.04,2.13698295708756,2.06980203934921,7.82429848730003e-12,7.67519571305702e-06,0.966633369279381,42632.5301182856,0.303777476899331,19084.4356670434,2218.31545253386,21351.4746778904,24594.7546063071,5725.33070011303,665.494635760158,6405.44240336711,7378.42638189213
0.165,1,1,0,0,0,1,0,0,0,0,0,0,0,0,0.009,0.01,0,0,0,0.013,0,1.08295682120871,4.37941966769654,Inf,0.045,0.045,0.035,0.04,2.17579947408298,2.06174521330395,8.1959913965406e-12,7.48085474536613e-06,0.600059795327705,43519.2595092547,0.226605257814404,21458.0578660393,2322.19002687792,21792.6108180173,29852.118945905,6437.41735981178,696.657008063377,6537.78324540519,8955.63568377151
0.166,1,1,0,0,0,1,0,0,0,0,0,0,0,0,0.01,0.011,0,0,0,0.014,0,1.0560255878634,4.50487203251444,Inf,0.045,0.045,0.035,0.04,2.21149193942415,2.01272270858964,8.33916296504753e-12,7.46523241366717e-06,0.550441309008303,43354.0959164044,0.350711132777881,24041.080317049,2372.79430823719,21705.0378465958,32495.7645723951,7212.3240951147,711.838292471157,6511.51135397875,9748.72937171852
0.167,1,1,0,0,0,1,0,0,0,0,0,0,0,0,0.011,0.012,0,0,0,0.015,0,1.06916526852117,4.70716033950053,Inf,0.045,0.045,0.035,0.04,2.19378190770965,1.94131420450214,8.27921093813681e-12,7.4606033159216e-06,0.478675343159631,42676.6436891712,0.282431039045514,26367.1800711311,2476.9390280037,21359.5998571923,35293.6044448514,7910.15402133933,743.08170840111,6407.87995715768,10588.0813334554
0.168,1,1,0,0,0,1,0,0,0,0,0,0,0,0,0.012,0.013,0,0,0,0.016,0,1.11274299626456,4.94033651170504,Inf,0.045,0.045,0.035,0.04,2.13894273869463,1.86893418544804,8.07683236408649e-12,7.31220933462282e-06,0.402314335079135,42168.7150891411,0.243478683813675,28101.4000758292,2603.09359351585,21098.8471025514,38586.4669400164,8430.42002274876,786.176156109512,6329.65413076542,11575.9400820049
0.169,1,1,0,0,0,1,0,0,0,0,0,0,0,0,0.013,0.014,0,0,0,0.017,0,1.17486471826675,5.14330347195911,Inf,0.045,0.045,0.035,0.04,2.06979871099748,1.8131725613005,7.81812054746223e-12,6.92728647954003e-06,0.343515727979943,44325.8219811836,0.218196759806403,29099.9929707311,2713.78046432961,22183.504548816,39529.9462277767,8729.99789121933,852.588278597768,6655.05136464479,11858.983868333
0.17,1,1,0,0,0,1,0,0,0,0,0,0,0,0,0.014,0.015,0,0,0,0.018,0,1.23655941452574,5.27113175116988,Inf,0.045,0.045,0.035,0.04,2.00986255101523,1.78102660881279,7.59263330725738e-12,5.35482057719737e-06,0.316723824861045,46657.9489948941,0.066929654186243,29420.6917747961,2782.79404635325,23352.8664739041,39540.5642926159,8826.20753243882,893.996427811949,7005.85994217124,11862.1692877848
0.171,1,1,0,0,0,1,0,0,0,0,0,0,0,0,0.015,0.016,0,0,0,0.019,0,1.27628062971658,5.33076278955889,Inf,0.045,0.045,0.035,0.04,1.9751462037201,1.76674097742434,7.46228817824978e-12,5.45983952871502e-06,0.31368948187989,47889.27366217,0.0677929197763875,29397.0739023867,2805.41031161308,23973.5140782881,39525.1221611705,8819.12217071602,907.566186967845,7192.05422348643,11857.5366483512
0.172,1,1,0,0,0,1,0,0,0,0,0,0,0,0,0.016,0.017,0,0,0,0.02,0,1.2852336622115,5.37312289817664,Inf,0.045,0.045,0.035,0.04,1.9676955020569,1.75685197778115,7.43621933278269e-12,5.01519985708204e-06,0.311346709526117,48185.5119875447,0.0235778383629481,29425.0542703386,2802.3648667937,24128.1512894395,40267.8233285497,8827.51628110158,905.738920076222,7238.44538683185,12080.3469985649
0.173,1,1,0,0,0,1,0,0,0,0,0,0,0,0,0.017,0.018,0,0,0,0.021,0,1.29213845617145,5.39303394215272,Inf,0.045,0.045,0.035,0.04,1.96203835076017,1.75227587691202,7.39506734959055e-12,4.38612263163631e-06,0.295695344921262,49020.3964666063,0.0131979899176003,29350.8356156381,2796.48803182234,24522.4624409172,41268.3854348115,8805.25068469144,902.212819093405,7356.73873227515,12380.5156304435
0.174,1,1,0,0,0,1,0,0,0,0,0,0,0,0,0.018,0.019,0,0,0,0.022,0,1.2983421692171,5.39258017295585,Inf,0.045,0.045,0.035,0.04,1.95702031196326,1.75237965942797,7.3490165385089e-12,4.4186486242403e-06,0.300993141694727,50265.4349029875,0.0308966405583525,29168.59343529,2786.33077032817,25151.9456874388,42383.9062832251,8750.57803058701,896.118462196901,7545.58370623163,12715.1718849675
0.175,1,1,0,0,0,1,0,0,0,0,0,0,0,0,0.019,0.02,0,0,0,0.023,0,1.29802178791873,5.41120618186278,Inf,0.045,0.045,0.035,0.04,1.95727797936653,1.74813888513665,7.31114170693126e-12,4.44335897174284e-06,0.294894348763399,51048.8948771084,0.00402397381102416,29020.2405807421,2764.96446914902,25553.2250149447,43493.7596025157,8706.07217422264,883.298681489414,7665.96750448342,13048.1278807547
0.176,1,1,0,0,0,1,0,0,0,0,0,0,0,0,0.02,0.021,0,0,0,0.024,0,1.30188034766117,5.44745037878668,Inf,0.045,0.045,0.035,0.04,1.95418535484265,1.7399982451958,7.28970815007581e-12,3.96815818305293e-06,0.290390792298942,51340.8245793974,0.0280663329751352,28893.5671123613,2744.09653198535,25710.463376357,44493.7065235095,8668.07013370839,870.777919191208,7713.1390129071,13348.1119570528
0.177,1,1,0,0,0,1,0,0,0,0,0,0,0,0,0.021,0.022,0,0,0,0.025,0,1.31421466525566,5.45084123972786,Inf,0.045,0.045,0.035,0.04,1.94445263655026,1.73924406581323,7.28445685212269e-12,4.03101585317408e-06,0.287852298480938,51145.7463682068,0.0114983518826982,28597.4492378431,2728.67952670301,25624.5757266918,43956.5710133748,8579.23477135294,861.527716021804,7687.37271800753,13186.9713040124
0.178,1,1,0,0,0,1,0,0,0,0,0,0,0,0,0.022,0.023,0,0,0,0.026,0,1.33517614920815,5.47382992501509,Inf,0.045,0.045,0.035,0.04,1.92842937372419,1.7341640365444,7.28646940536736e-12,4.12467950888626e-06,0.293432323866411,50500.3973549866,0.0185570312894184,28337.2301736137,2719.03938404378,25312.5536288895,43319.1567259163,8501.16905208412,855.743630426268,7593.76608866686,12995.7470177749
0.179,1,1,0,0,0,1,0,0,0,0,0,0,0,0,0.023,0.024,0,0,0,0.027,0,1.33706100014965,5.52811045457269,Inf,0.045,0.045,0.035,0.04,1.9270194251398,1.72239307843106,7.28166082397701e-12,4.21826130202062e-06,0.290110524807446,49472.1073286666,0.0214816558133577,28164.1440628219,2685.1970541653,24807.0596672035,42701.8276129848,8449.24321884657,835.438232499179,7442.11790016104,12810.5482838955
0.18,1,1,0,0,0,1,0,0,0,0,0,0,0,0,0.024,0.025,0,0,0,0.028,0,1.34644500191421,5.61791802439148,Inf,0.045,0.045,0.035,0.04,1.92007333495684,1.70358208884726,7.25633247797272e-12,4.29200637934652e-06,0.288062956401429,48762.9938196912,0.00725674900979235,28096.2686969517,2657.8287731134,24433.0062247535,42163.7355093263,8428.88060908551,819.017263868043,7329.90186742606,12649.1206527979
0.181,1,1,0,0,0,1,0,0,0,0,0,0,0,0,0.025,0.026,0,0,0,0.029,0,1.36659021520393,5.63174717628857,Inf,0.045,0.045,0.035,0.04,1.90556374142967,1.70075632744105,7.20255885585071e-12,4.07043735061977e-06,0.287312422110467,48479.0258528912,0.0296500674809444,27749.176261727,2641.52894900712,24297.8915138214,41754.6961487221,8324.75287851809,809.237369404271,7289.36745414643,12526.4088446166
0.182,1,1,0,0,0,1,0,0,0,0,0,0,0,0,0.026,0.027,0,0,0,0.03,0,1.39811539593125,5.65963693754093,Inf,0.045,0.045,0.035,0.04,1.88389965094911,1.69511331260189,7.12155793711742e-12,4.17180746161963e-06,0.287447572560526,47960.6489946894,0.0146549354529644,27469.0999725915,2637.14762039527,24043.8030030784,41509.5541553808,8240.72999177744,806.608572237162,7213.14090092352,12452.8662466142
0.183,1,1,0,0,0,1,0,0,0,0,0,0,0,0,0.027,0.028,0,0,0,0.031,0,1.40698658730606,5.72006571642221,Inf,0.045,0.045,0.035,0.04,1.87802052662684,1.68313661954727,7.02400749440441e-12,4.26758229238781e-06,0.286439161283671,47260.3890860559,0.0180813240446336,27327.505293165,2612.86119362064,23696.9787352565,41339.0716000084,8198.25158794949,792.036716172382,7109.09362057694,12401.7214800025
0.184,1,1,0,0,0,1,0,0,0,0,0,0,0,0,0.028,0.029,0,0,0,0.032,0,1.41372389690031,5.8113350842544,Inf,0.045,0.045,0.035,0.04,1.87361669401299,1.66567023172835,6.92709787489692e-12,4.34581288628343e-06,0.285777290605653,46447.1685097318,0.0157628913461509,27320.0400229026,2589.56538427933,23292.2702565181,40239.0890479394,8196.01200687079,778.059230567597,6987.68107695544,12071.7267143818
0.185,1,1,0,0,0,1,0,0,0,0,0,0,0,0,0.029,0.03,0,0,0,0.033,0,1.4305588539799,5.85077294527764,Inf,0.045,0.045,0.035,0.04,1.86283682366391,1.65834502691255,6.84900960034464e-12,4.24500248428816e-06,0.285750014701994,45601.1869634461,0.0173249918171084,27179.082772304,2580.26046503623,22870.2851479107,39497.9848541523,8153.7248316912,774.078139510869,6861.0855443732,11849.3954562457
0.186,1,1,0,0,0,1,0,0,0,0,0,0,0,0,0.03,0.031,0,0,0,0.034,0,1.45614488545407,5.85990026759629,Inf,0.045,0.045,0.035,0.04,1.84704162177643,1.65666822422467,6.80257824885094e-12,4.29801304885439e-06,0.285855209157944,44806.9845441249,0.0167046207035471,26999.0518190796,2583.24328097513,22473.6202549561,39183.2579347173,8099.71554572389,774.97298429254,6742.08607648682,11754.9773804152
0.187,1,1,0,0,0,1,0,0,0,0,0,0,1,0,0.031,0.032,0,0,0,0.035,0,1.47056888218921,5.89710170091539,Inf,0.045,0.045,0.035,0.04,1.83843522564639,1.64990447848413,6.79071367050826e-12,4.34295336962406e-06,0.279005105009878,45196.9477358953,0.0167193579011593,26956.0107496249,2580.97317815688,22643.7602950703,39307.4729989464,8086.80322488746,774.291953447063,6793.1280885211,11792.2418996839
0.188,1,1,0,0,0,1,0,0,0,0,0,0,1,0,0.032,0.033,0,0,0,0.035,0,1.47122390704689,5.95570031777468,Inf,0.045,0.045,0.035,0.04,1.8380493206921,1.63947523649194,6.80573430095809e-12,4.37689340181664e-06,0.278745470606462,45650.4354497371,0.0167048913174915,27018.252700501,2570.13084817674,22870.400540042,39827.2654328829,8105.47581015031,771.039254453022,6861.12016201259,11948.1796298649
0.189,1,1,0,0,0,1,0,0,0,0,0,0,1,0,0.033,0.034,0,0,0,0.035,0,1.48065257558564,6.00050866130688,Inf,0.045,0.045,0.035,0.04,1.8325409655262,1.63168033055974,6.83288924505134e-12,4.3576289565462e-06,0.279080883552772,46072.636719747,0.0173199026127368,27061.8753875856,2569.98092807299,23083.3553150177,40654.5129841636,8118.56261627567,770.994278421896,6925.0065945053,12196.3538952491
0.19,1,1,0,0,0,1,0,0,0,0,0,0,1,0,0.034,0.035,0,0,0,0.035,0,1.49597935761016,6.00312045333785,Inf,0.045,0.045,0.035,0.04,1.82376861179355,1.63123068210407,6.85622007261892e-12,4.34449111923409e-06,0.279460025810634,46428.42031202,0.0192416396005112,27007.9136605384,2576.6006669057,23264.9515478671,40994.7343212973,8102.37409816153,772.98020007171,6979.48546436014,12298.4202963892
0.191,1,1,0,0,0,1,0,0,0,0,0,0,1,0,0.035,0.036,0,0,0,0.035,0,1.50900685869042,6.02996664054766,Inf,0.045,0.045,0.035,0.04,1.81648385185224,1.62663836535766,6.86412196133383e-12,4.32579089484513e-06,0.270145681744302,46691.4549317642,0.0219122104868683,27030.6692956115,2582.1319632732,23401.5209830326,41206.4990192778,8109.20078868346,774.63958898196,7020.45629490977,12361.9497057833
0.192,1,1,0,0,0,1,0,0,0,0,0,0,1,0,0.036,0.037,0,0,0,0.035,0,1.5147737749826,6.07048132445995,Inf,0.045,0.045,0.035,0.04,1.81330806553638,1.61980836968729,6.85265515372738e-12,4.30590413620061e-06,0.270559836119624,46844.1305210826,0.02587036708406,27083.1704716169,2580.52033406177,23483.4236489949,41600.5960034628,8124.95114148507,774.156100218531,7045.02709469846,12480.1788010388
0.193,1,1,0,0,0,1,0,0,0,0,0,0,1,0,0.037,0.038,0,0,0,0.035,0,1.52575970713346,6.09855939121706,Inf,0.045,0.045,0.035,0.04,1.80733942039354,1.61514442243957,6.82585706631379e-12,4.34228257115716e-06,0.267363330715457,47231.0252180747,0.0124375870219697,27075.836567207,2581.36292277893,23658.8587903228,42123.5028283243,8122.75097016211,774.408876833677,7097.65763709685,12637.0508484973
0.194,1,1,0,0,0,1,0,0,0,0,0,0,1,0,0.038,0.039,0,0,0,0.035,0,1.52976262063509,6.09837965308601,Inf,0.045,0.045,0.035,0.04,1.80519068051473,1.61517409981309,6.79327815457414e-12,4.40044274851121e-06,0.273820237873362,47921.044251348,0.0230533569667776,26962.9985871793,2573.58629213357,24010.6279065415,42713.2508864848,8088.8995761538,772.07588764007,7203.18837196245,12813.9752659455
0.195,1,1,0,0,0,1,0,0,0,0,0,0,1,0,0.039,0.04,0,0,0,0.035,0,1.528242816744,6.11257924630671,Inf,0.045,0.045,0.035,0.04,1.80600488174548,1.61283655661389,6.76566667732307e-12,4.36207632440703e-06,0.271183367730481,48359.5431021238,0.0156980441105525,26854.8257334107,2558.34503304455,24238.1544707308,43307.134577164,8056.4477200232,767.503509913365,7271.44634121923,12992.1403731492
0.196,1,1,0,0,0,1,0,0,0,0,0,0,1,0,0.04,0.041,0,0,0,0.035,0,1.53139220581739,6.1408746750114,Inf,0.045,0.045,0.035,0.04,1.80431986018481,1.60822055209557,6.75030406192043e-12,4.27854572163714e-06,0.269043925051853,48525.0832529956,0.012058118903294,26747.0848412916,2542.96595334744,24329.6521609371,43848.2470311886,8024.12545238749,762.889786004231,7298.89564828112,13154.4741093566
0.197,1,1,0,0,0,1,0,0,0,0,0,0,1,0,0.041,0.042,0,0,0,0.035,0,1.54443801198438,6.14148681758613,Inf,0.045,0.045,0.035,0.04,1.7974292241954,1.60812130214445,6.74777570247128e-12,4.27485090840227e-06,0.26782325069232,48417.8231313656,0.0256062116175104,26525.3546743169,2531.58760463446,24284.0716712598,43578.2655564777,7957.60640229506,759.476281390338,7285.22150137794,13073.4796669433
0.198,1,1,0,0,0,1,0,0,0,0,0,0,1,0,0.042,0.043,0,0,0,0.035,0,1.56509713599996,6.16273765976602,Inf,0.045,0.045,0.035,0.04,1.78680322537874,1.60469170556359,6.75154287914592e-12,4.26019411595279e-06,0.272700895894242,48058.4425755162,0.00600331514915783,26329.3561334367,2522.82978592069,24110.8978764384,43236.8682375455,7898.80684003102,756.848935776208,7233.26936293153,12971.0604712636
0.199,1,1,0,0,0,1,0,0,0,0,0,0,1,0,0.043,0.044,0,0,0,0.035,0,1.56585339373541,6.2177627984283,Inf,0.045,0.045,0.035,0.04,1.78642071863691,1.59595291181024,6.7505035359437e-12,4.22998084274279e-06,0.271768018943041,47486.8864396391,0.0334940769891177,26202.460336159,2496.91976188442,23829.7602858791,42908.4700589127,7860.7381008477,749.075928565326,7148.92808576373,12872.5410176738
0.2,1,1,0,0,0,1,0,0,0,0,0,0,1,0,0.044,0.045,0,0,0,0.035,0,1.57524901343946,6.31142731550253,Inf,0.045,0.045,0.035,0.04,1.78170574863028,1.58153113742754,6.73342546171417e-12,4.18398195832282e-06,0.271159073165679,47130.5357508993,0.0050029476336598,26161.8491827459,2476.18887807128,23643.1773783031,42624.0877372719,7848.55475482377,742.856663421385,7092.95321349092,12787.2263211816
0.201,1,1,0,0,0,1,0,0,0,0,0,0,1,0,0.045,0.046,0,0,0,0.035,0,1.59729375468166,6.31165036221509,Inf,0.045,0.045,0.035,0.04,1.7709071039185,1.58149745581466,6.6934798618213e-12,4.13561900343618e-06,0.270986186826403,46975.3583091674,0.0291475420556496,25873.8022086827,2464.56406653337,23570.2879710301,42409.214209002,7762.14066260481,739.36921996001,7071.08639130903,12722.7642627006
0.202,1,1,0,0,0,1,0,0,0,0,0,0,1,0,0.046,0.047,0,0,0,0.035,0,1.63279808925414,6.33505052951795,Inf,0.045,0.045,0.035,0.04,1.75425538186626,1.57798091738858,6.63126693257489e-12,4.13699717182233e-06,0.271080639498768,46691.6623799741,0.0137934813707763,25663.3310415407,2462.9333309206,23431.4758027869,42281.1435284786,7698.99931246221,738.879999276179,7029.44274083607,12684.3430585436
0.203,1,1,0,0,0,1,0,0,0,0,0,0,1,0,0.047,0.048,0,0,0,0.035,0,1.637286758656,6.39396347465366,Inf,0.045,0.045,0.035,0.04,1.75221225465861,1.56927470377851,6.55532895867035e-12,4.12445260455108e-06,0.270550903719771,46308.3788086782,0.0171087545471779,25568.9939529632,2442.86916944216,23241.507600888,42143.0983280519,7670.69818588895,732.860750832647,6972.45228026639,12642.9294984156
0.204,1,1,0,0,0,1,0,0,0,0,0,0,1,0,0.048,0.049,0,0,0,0.035,0,1.64187767696036,6.48672108454729,Inf,0.045,0.045,0.035,0.04,1.75013653449866,1.55597917103088,6.47985895065698e-12,4.09848532884251e-06,0.270413994308986,45863.9313075899,0.0169838826737127,25588.5422597425,2425.69785965665,23020.2486415098,41574.3672919746,7676.56267792275,727.709357896996,6906.07459245293,12472.3101875924
0.205,1,1,0,0,0,1,0,0,0,0,0,0,1,0,0.049,0.05,0,0,0,0.035,0,1.65859527539906,6.51262594568159,Inf,0.045,0.045,0.035,0.04,1.74269489319467,1.55235304316408,6.42012801596911e-12,4.0609374370557e-06,0.270422564877067,45403.1099704012,0.0162452091702733,25477.8463197778,2420.37378941039,22790.780755085,41196.5656160002,7643.35389593333,726.112136823117,6837.23422652549,12358.9696848001
0.206,1,1,0,0,0,1,0,0,0,0,0,0,1,0,0.05,0.051,0,0,0,0.035,0,1.68590799035361,6.51126674516288,Inf,0.045,0.045,0.035,0.04,1.73091836086608,1.55254237971528,6.38710919572438e-12,4.07094253931325e-06,0.27025003185705,44969.0228776321,0.0172913243779961,25350.4262284612,2425.54753563872,22564.8407309454,41038.9829481837,7605.12786853837,727.664260691615,6769.45221928361,12311.6948844551
0.207,1,1,0,0,0,1,0,0,0,0,0,0,1,0,0.051,0.052,0,0,0,0.035,0,1.69752962975275,6.54176855955451,Inf,0.045,0.045,0.035,0.04,1.7260453269358,1.54831779710981,6.38348176830581e-12,4.06809536012977e-06,0.264326589443404,45203.1479880884,0.0166575309344734,25339.513642203,2424.98642719421,22680.6538200182,41105.3416846537,7601.85409266091,727.495928158262,6804.19614600545,12331.6025053961
0.208,1,1,0,0,0,1,0,0,0,0,0,0,1,0,0.052,0.053,0,0,0,0.035,0,1.69397507159931,6.59699758374664,Inf,0.045,0.045,0.035,0.04,1.72752725480386,1.54079587616226,6.40289206149043e-12,4.05468385201832e-06,0.264283777032676,45441.5864030968,0.0165834714005656,25418.8432121807,2417.85638148506,22799.8940435081,41374.388564929,7625.6529636542,725.356914445518,6839.96821305244,12412.3165694787
0.209,1,1,0,0,0,1,0,0,0,0,0,0,1,0,0.053,0.054,0,0,0,0.035,0,1.70140337853707,6.63536086585635,Inf,0.045,0.045,0.035,0.04,1.72443878587734,1.53566535567297,6.43279566536706e-12,4.03881473926413e-06,0.264528707445075,45662.4482347107,0.0174694083444226,25476.6821373748,2419.82880945561,22912.0452642697,41804.3171411448,7643.00464121245,725.948642836682,6873.61357928092,12541.2951423434
0.21,1,1,0,0,0,1,0,0,0,0,0,0,1,0,0.054,0.055,0,0,0,0.035,0,1.71642559019921,6.62682903819126,Inf,0.045,0.045,0.035,0.04,1.71829085964455,1.53679977987101,6.4594034722954e-12,4.04174571325617e-06,0.264620425789068,45848.0004480559,0.0182024462388857,25447.6867360731,2427.61840140477,23008.2037787131,42007.3400376992,7634.30602082193,728.28552042143,6902.46113361393,12602.2020113098
0.211,1,1,0,0,0,1,0,0,0,0,0,0,1,0,0.055,0.056,0,0,0,0.035,0,1.72997864150332,6.64662653234739,Inf,0.045,0.045,0.035,0.04,1.71285380264982,1.53417314285363,6.47249800819417e-12,4.03419009955161e-06,0.256231928493378,45985.1689988754,0.0169260845490802,25483.9448083908,2434.9151230836,23081.3251996174,42118.6538790505,7645.18344251725,730.47453692508,6924.39755988522,12635.5961637152
0.212,1,1,0,0,0,1,0,0,0,0,0,0,1,0,0.056,0.057,0,0,0,0.035,0,1.73303619352568,6.68320946982896,Inf,0.045,0.045,0.035,0.04,1.71164127204846,1.52937185025573,6.46839051992225e-12,4.02040818338137e-06,0.256789542971037,46064.9413823294,0.0174006987968919,25546.0323139603,2434.67504975654,23126.0553597972,42325.7573583681,7663.80969418807,730.402514926962,6937.81660793916,12697.7272075104
0.213,1,1,0,0,0,1,0,0,0,0,0,0,1,0,0.057,0.058,0,0,0,0.035,0,1.74542208679713,6.71463042639168,Inf,0.045,0.045,0.035,0.04,1.70678133307588,1.52530138599406,6.45030059186696e-12,4.02370067706356e-06,0.257873156658076,46257.2649362504,0.0198368899145896,25571.7576003975,2437.75315576494,23210.7495669995,42601.7072097214,7671.52728011925,731.325946729483,6963.22487009986,12780.5121629164
0.214,1,1,0,0,0,1,0,0,0,0,0,0,1,0,0.058,0.059,0,0,0,0.035,0,1.74886953883056,6.71620318234633,Inf,0.045,0.045,0.035,0.04,1.70544326004894,1.52509892022277,6.42631494923166e-12,4.02075618389358e-06,0.258103435054391,46630.4180382205,0.010201626868681,25506.597228936,2433.23784825004,23402.7520180068,42914.7286679244,7651.9791686808,729.971354475013,7020.82560540203,12874.4186003773
0.215,1,1,0,0,0,1,0,0,0,0,0,0,1,0,0.059,0.06,0,0,0,0.035,0,1.74566751939837,6.72571723511328,Inf,0.045,0.045,0.035,0.04,1.70668586356442,1.52387672524586,6.4057194696382e-12,4.01962344567745e-06,0.255543330225822,46868.705150843,0.0301365258266871,25425.9669631034,2421.81081169284,23528.3151661122,43231.9763639329,7627.79008893101,726.543243507852,7058.49454983365,12969.5929091799
0.216,1,1,0,0,0,1,0,0,0,0,0,0,1,0,0.06,0.061,0,0,0,0.035,0,1.74783804479191,6.74299611332426,Inf,0.045,0.045,0.035,0.04,1.70584295673243,1.52166830257944,6.39499040041014e-12,3.99753538528248e-06,0.253561136825207,46959.0005142163,0.00234357051041869,25327.9215146524,2410.03177119298,23579.8409574219,43522.7884034198,7598.37645439571,723.009531357894,7073.95228722658,13056.8365210259
0.217,1,1,0,0,0,1,0,0,0,0,0,0,1,0,0.061,0.062,0,0,0,0.035,0,1.76145540672451,6.74032444423119,Inf,0.045,0.045,0.035,0.04,1.70061130352091,1.5220088252875,6.39495835230331e-12,4.00131774803424e-06,0.252543247144477,46900.1978223712,0.031223569545759,25153.7217739057,2401.50055750318,23555.834237225,43383.597858246,7546.11653217171,720.450167250955,7066.75027116749,13015.0793574738
0.218,1,1,0,0,0,1,0,0,0,0,0,0,1,0,0.062,0.063,0,0,0,0.035,0,1.77953131113334,6.75968003017965,Inf,0.045,0.045,0.035,0.04,1.69381401431363,1.51954959020883,6.4003195285882e-12,4.00010505778998e-06,0.25745895568458,46702.8851188823,0.00561410156966653,25000.9798468989,2392.84613665111,23461.0420602944,43201.063954418,7500.29395406968,717.853840995332,7038.31261808831,12960.3191863254
0.219,1,1,0,0,0,1,0,0,0,0,0,0,1,0,0.063,0.064,0,0,0,0.035,0,1.7787878750219,6.81519566944652,Inf,0.045,0.045,0.035,0.04,1.69409033220382,1.51259468015482,6.40171410122228e-12,3.98924572536e-06,0.256383010938896,46388.809759825,0.0259811023556292,24907.5877317159,2372.11621627673,23306.348124237,43026.1272045404,7472.27631951476,711.63486488302,6991.90443727109,12907.8381613621
0.22,1,1,0,0,0,1,0,0,0,0,0,0,1,0,0.064,0.065,0,0,0,0.035,0,1.78799061194359,6.90119336460986,Inf,0.045,0.045,0.035,0.04,1.6906891502002,1.50210148432131,6.38949792044426e-12,3.95829418028818e-06,0.255712764519006,46197.2642013191,0.0136505907362094,24864.5557531392,2355.96267552101,23209.5661724758,42875.1683293158,7459.36672594176,706.788802656302,6962.86985174274,12862.5504987947
0.221,1,1,0,0,0,1,0,0,0,0,0,0,1,0,0.065,0.066,0,0,0,0.035,0,1.81178891781727,6.89173406876364,Inf,0.045,0.045,0.035,0.04,1.68208392373694,1.50323939575519,6.35772026272079e-12,3.96281341256075e-06,0.255586635781328,46113.4751789081,0.0146849108341855,24629.7294102589,2347.81882266406,23170.9702283957,42761.4588430163,7388.91882307767,704.345646799218,6951.29106851872,12828.4376529049
0.222,1,1,0,0,0,1,0,0,0,0,0,0,1,0,0.066,0.067,0,0,0,0.035,0,1.85102608858104,6.91060751701588,Inf,0.045,0.045,0.035,0.04,1.66846785100105,1.5009729310378,6.30687374572476e-12,3.95918227659404e-06,0.255870983614101,45959.4464478457,0.0230775688283829,24468.4613275522,2348.46922509146,23095.7333462332,42693.8883881904,7340.53839826565,704.540767527437,6928.72000386996,12808.1665164571
0.223,1,1,0,0,0,1,0,0,0,0,0,0,1,0,0.067,0.068,0,0,0,0.035,0,1.84721429791126,6.96787807281677,Inf,0.045,0.045,0.035,0.04,1.66976058020683,1.49419070022878,6.24445038164234e-12,3.944188898693e-06,0.256456265057996,45750.0195184305,0.0157703034749404,24410.4111276544,2330.11861688012,22991.765664414,42607.1737489593,7323.12333829632,699.035585064036,6897.52969932421,12782.1521246878
0.224,1,1,0,0,0,1,0,0,0,0,0,0,1,0,0.068,0.069,0,0,0,0.035,0,1.84936803203002,7.06142318426098,Inf,0.045,0.045,0.035,0.04,1.66902938825701,1.48341160401871,6.18296769504566e-12,3.91881882153814e-06,0.25631089508705,45505.6973689526,0.0180466729717819,24453.1031462501,2317.38363766781,22870.1310211226,42308.8591888325,7335.93094387502,695.215091300344,6861.03930633678,12692.6577566498
0.225,1,1,0,0,0,1,0,0,0,0,0,0,1,0,0.069,0.07,0,0,0,0.035,0,1.86579918738806,7.06505599121001,Inf,0.045,0.045,0.035,0.04,1.66351670875988,1.48300027645958,6.13590096163048e-12,3.9206685852799e-06,0.256391799502238,45251.3437544227,0.0159037785904541,24350.4995560614,2315.21577402607,22744.0540745159,42112.0711847027,7305.14986681843,694.564732207822,6823.21622235478,12633.6213554108
0.226,1,1,0,0,0,1,0,0,0,0,0,0,1,0,0.07,0.071,0,0,0,0.035,0,1.89457610929633,7.05425609439385,Inf,0.045,0.045,0.035,0.04,1.65413368329588,1.48422467479613,6.11286160296692e-12,3.91554205081275e-06,0.256422668956261,45024.8466615205,0.0173194794222314,24262.3366515126,2322.32850939225,22631.1210557689,42030.7488038057,7278.70099545378,696.698552817675,6789.33631673068,12609.2246411417
0.227,1,1,0,0,0,1,0,0,0,0,0,0,1,0,0.071,0.0720000000000001,0,0,0,0.035,0,1.89947871256808,7.07907899710891,Inf,0.045,0.045,0.035,0.04,1.65256855461791,1.48141751360849,6.11601269878278e-12,3.8993097825353e-06,0.252675318354093,45148.7587047758,0.0167270575594577,24277.9590952735,2321.75086274005,22692.2711170352,42066.1775219441,7283.38772858205,696.525258822014,6807.68133511054,12619.8532565832
0.228,1,1,0,0,0,1,0,0,0,0,0,0,1,0,0.0720000000000001,0.0730000000000001,0,0,0,0.035,0,1.89178814580912,7.1313594548665,Inf,0.045,0.045,0.035,0.04,1.65502799470519,1.47558586899563,6.13942203172723e-12,3.8754929184579e-06,0.252744036774387,45272.6651838428,0.0166587050599031,24372.8872989906,2317.48288691501,22754.3945459966,42207.503120504,7311.86618969719,695.244866074504,6826.31836379899,12662.2509361512
0.229,1,1,0,0,0,1,0,0,0,0,0,0,1,0,0.0730000000000001,0.0740000000000001,0,0,0,0.035,0,1.89737762024778,7.15593760191948,Inf,0.045,0.045,0.035,0.04,1.6532381484763,1.47288140596479,6.17164387780571e-12,3.88823872865653e-06,0.253050532798843,45385.6615118831,0.0168012348168853,24428.724390788,2321.28662913425,22812.5770173482,42433.7363165649,7328.61731723639,696.385988740275,6843.77310520447,12730.1208949695
0.23,1,1,0,0,0,1,0,0,0,0,0,0,1,0,0.0740000000000001,0.0750000000000001,0,0,0,0.035,0,1.91210419130337,7.13839214023042,Inf,0.045,0.045,0.035,0.04,1.64858146267263,1.47480962617544,6.20019535839339e-12,3.87976676886013e-06,0.253217039134609,45479.6219659516,0.0191020429968823,24419.8711186719,2330.1408656259,22862.7799021891,42547.9350911787,7325.96133560158,699.042259687771,6858.83397065673,12764.3805273536
0.231,1,1,0,0,0,1,0,0,0,0,0,0,1,0,0.0750000000000001,0.0760000000000001,0,0,0,0.035,0,1.92378678863973,7.15286295769494,Inf,0.045,0.045,0.035,0.04,1.64494698867202,1.47321844286107,6.21590636505242e-12,3.86243592028678e-06,0.246999788521205,45548.7874260824,0.0201102246162298,24468.3464819897,2337.65132559262,22901.623101692,42606.8711601279,7340.5039445969,701.295397677785,6870.4869305076,12782.0613480384
0.232,1,1,0,0,0,1,0,0,0,0,0,0,1,0,0.0760000000000001,0.0770000000000001,0,0,0,0.035,0,1.92445108309846,7.18635406651068,Inf,0.045,0.045,0.035,0.04,1.64474188606808,1.46956677973698,6.21556977930317e-12,3.84134080072521e-06,0.247638129275081,45589.132006575,0.0170076749146925,24538.3674653105,2338.58454709926,22926.2347886996,42716.4851329628,7361.51023959314,701.575364129779,6877.87043660987,12814.9455398888
0.233,1,1,0,0,0,1,0,0,0,0,0,0,1,0,0.0770000000000001,0.0780000000000001,0,0,0,0.035,0,1.93618359173025,7.21722565529975,Inf,0.045,0.045,0.035,0.04,1.64114671375019,1.46623850534064,6.20224002849944e-12,3.86243499822016e-06,0.248633554461076,45690.0735736779,0.0289377555856156,24578.2431222261,2342.37867142387,22970.3426623573,42862.8629983595,7373.47293666782,702.713601427161,6891.10279870718,12858.8588995079
0.234,1,1,0,0,0,1,0,0,0,0,0,0,1,0,0.0780000000000001,0.0790000000000001,0,0,0,0.035,0,1.9409669355108,7.22037184331492,Inf,0.045,0.045,0.035,0.04,1.63969562098243,1.46590132494025,6.18333911368149e-12,3.84328500819104e-06,0.247943970235418,45888.1887543799,0.0085532749580802,24542.2260893328,2340.59849866179,23073.7434925342,43029.3855899253,7362.66782679983,702.179549598538,6922.12304776026,12908.8156769776
0.235,1,1,0,0,0,1,0,0,0,0,0,0,1,0,0.0790000000000001,0.0800000000000001,0,0,0,0.035,0,1.93569273396305,7.22581119628707,Inf,0.045,0.045,0.035,0.04,1.6412960992921,1.46531925508277,6.1673155020233e-12,3.84940671700453e-06,0.245877660517477,46014.9408354362,0.0287693303773187,24479.6024499626,2331.40402353342,23142.1348590625,43198.7424658718,7343.88073498878,699.421207060025,6942.64045771875,12959.6227397616
0.236,1,1,0,0,0,1,0,0,0,0,0,0,1,0,0.0800000000000001,0.0810000000000001,0,0,0,0.035,0,1.9367620340212,7.23238565829819,Inf,0.045,0.045,0.035,0.04,1.64097078739276,1.46461718643783,6.16003026670813e-12,3.81743357027979e-06,0.244350671170762,46062.9625840832,0.00882400214996558,24387.7849569077,2321.90464789522,23170.8673319493,43354.4953510736,7316.33548707231,696.571394368564,6951.26019958478,13006.3486053221
0.237,1,1,0,0,0,1,0,0,0,0,0,0,1,0,0.0810000000000001,0.0820000000000001,0,0,0,0.035,0,1.9509810629174,7.22617146294561,Inf,0.045,0.045,0.035,0.04,1.63668475889845,1.46528074157023,6.16222158494385e-12,3.8273305732543e-06,0.24368939565023,46030.871474925,0.0199430109166629,24243.3080800655,2315.36278449408,23158.4432928645,43281.6367105727,7272.99242401965,694.608835348224,6947.53298785934,12984.4910131718
0.238,1,1,0,0,0,1,0,0,0,0,0,0,1,0,0.0820000000000001,0.0830000000000001,0,0,0,0.035,0,1.96478834995554,7.24388460748594,Inf,0.045,0.045,0.035,0.04,1.63259248539876,1.46339309829197,6.16908299415301e-12,3.83428062261062e-06,0.247714191362657,45923.3303486089,0.0194366423825821,24119.7813088666,2306.48068008236,23106.8431289811,43184.1484149975,7235.93439265998,691.944204024708,6932.05293869432,12955.2445244993
0.239,1,1,0,0,0,1,0,0,0,0,0,0,1,0,0.0830000000000001,0.0840000000000001,0,0,0,0.035,0,1.96232526688816,7.3002812955544,Inf,0.045,0.045,0.035,0.04,1.63331755390983,1.45745964009748,6.1721523320892e-12,3.83320620162088e-06,0.24672061012508,45751.1160703897,0.00817623787064868,24051.3248933882,2289.1553981772,23021.686931394,43090.8868487557,7215.39746801647,686.746619453161,6906.50607941821,12927.2660546267
0.24,1,1,0,0,0,1,0,0,0,0,0,0,1,0,0.0840000000000001,0.0850000000000001,0,0,0,0.035,0,1.97176939610335,7.34755765208845,Inf,0.045,0.045,0.035,0.04,1.63054898666807,1.45257370686017,6.13583754927742e-12,3.77235071778319e-06,0.246778534652014,45637.3157898089,1.18989252822361,23999.6625779084,2276.42160427344,22972.5470850176,43061.9645247052,7199.89877337251,682.926481282033,6891.76412550529,12918.5893574116
0.241,1,1,0,0,0,1,0,0,0,0,0,0,1,0,0.0850000000000001,0.0860000000000001,0,0,0,0.035,0,1.9977804818253,6.98164495809535,Inf,0.045,0.045,0.035,0.04,1.62308213660958,1.49258138208408,5.79109941037546e-12,3.7237811217429e-06,0.246779728023084,45436.4876915781,3.2136300887656,23805.6388401736,2271.05725515142,22855.3840578729,42638.0964745213,7141.69165205209,681.317176545425,6856.61521736187,12791.4289423564
0.242,1,1,0,0,0,1,0,0,0,0,0,0,1,0,0.0860000000000001,0.0870000000000001,0,0,0,0.035,0,2.03787628879303,6.33597499626517,Inf,0.045,0.045,0.035,0.04,1.61200766601802,1.57784268024962,5.15132312353104e-12,3.65070321473058e-06,0.247838401588867,45912.0581572918,4.87401494864978,23681.59404225,2272.85810848178,23075.4901194843,41308.2722000344,7104.47821267501,681.857432544535,6922.6470358453,12392.4816600103
0.243,1,1,0,0,0,1,0,0,0,0,0,0,1,0,0.0870000000000001,0.0880000000000001,0,0,0,0.035,0,2.02462879550931,5.63521255745917,Inf,0.045,0.045,0.035,0.04,1.61560994523212,1.70005112392054,4.35623221812467e-12,3.55735233292631e-06,0.247537291814784,46137.3643109791,7.77265279197869,23653.2484380584,2255.39748265489,23164.0082041829,38958.9041690326,7095.97453141751,676.619244796468,6949.20246125488,11687.6712507098
0.244,1,1,0,0,0,1,0,0,0,0,0,0,1,0,0.0880000000000001,0.0890000000000001,0,0,0,0.035,0,2.02439961004783,5.04985718886966,Inf,0.045,0.045,0.035,0.04,1.61567275041658,1.83808373764833,3.69579373373541e-12,3.45350322838369e-06,0.247473055627057,45879.9037167839,6.97327124017278,23716.2605065837,2246.1589472195,23009.7195235725,35140.6097980634,7114.87815197511,673.84768416585,6902.91585707175,10542.182939419
0.245,1,1,0,0,0,1,0,0,0,0,0,0,1,0,0.0890000000000001,0.0900000000000001,0,0,0,0.035,0,2.0395902213374,4.66723447550571,Inf,0.045,0.045,0.035,0.04,1.61154560027818,1.95472366389411,3.55869559519743e-12,3.62377866310617e-06,0.247341319641103,45008.0243584318,6.90313249910882,23662.1300597354,2246.38273192502,22555.9145419781,30691.7917267061,7098.63901792061,673.914819577506,6766.77436259344,9207.53751801183
0.246,1,1,0,0,0,1,0,0,0,0,0,0,1,0,0.0900000000000001,0.0910000000000001,0,0,0,0.035,0,2.0687436321035,4.54442627346337,Inf,0.045,0.045,0.035,0.04,1.60382257084488,1.99805507002976,3.79376994487482e-12,3.28997069359774e-06,0.237930270350119,43045.6365992683,6.91962161662796,23584.2110551355,2259.49947801031,21578.8975828392,26334.4369887698,7075.26331654066,677.849843403093,6473.66927485175,7900.33109663093
0.247,1,1,0,0,0,1,0,0,0,0,0,0,1,0,0.0910000000000001,0.0920000000000001,0,0,0,0.035,0,2.10649655877072,4.5498282704327,Inf,0.045,0.045,0.035,0.04,1.59419033385468,1.99607973386551,4.12271778795027e-12,2.97470403727626e-06,0.257330889209838,39921.6943554389,6.81089964618262,23466.8743695313,2235.28686612543,20025.7360368461,22897.8085498957,7040.06231085939,670.586059837628,6007.72081105384,6869.34256496871
0.248,1,1,0,0,0,1,0,0,0,0,0,0,1,0,0.0920000000000001,0.0930000000000001,0,0,0,0.035,0,2.0495391957508,4.57198045446547,Inf,0.045,0.045,0.035,0.04,1.60888121599121,1.98804799252575,4.39440514751181e-12,2.6197275513254e-06,0.311791199369859,37945.3578142082,6.53970579406625,22784.5515727313,2178.75905683483,19423.4006063078,20957.8836263829,6835.3654718194,653.62771705045,5827.02018189235,6287.36508791486
0.249,1,1,0,0,0,1,0,0,0,0,0,0,1,0,0.0930000000000001,0.0940000000000001,0,0,0,0.035,0,1.95387945812801,4.54316252831297,Inf,0.045,0.045,0.035,0.04,1.63582008550741,1.99851813581922,4.5326387764794e-12,2.80236438326158e-06,0.318811597941616,36135.9182690577,6.27266200852122,22613.0244090418,2137.62071462237,18565.0636138571,20382.8010613932,6783.90732271255,641.286214386712,5569.51908415713,6114.84031841795
0.25,1,1,0,0,0,1,0,0,0,0,0,0,1,0,0.0940000000000001,0.0950000000000001,0,0,0,0.035,0,1.94021686785564,4.53879679783606,Inf,0.045,0.045,0.035,0.04,1.63992260824099,2.00012063689496,4.54798356017722e-12,3.17239729123924e-06,0.307499491240302,33164.1052010491,6.06225181769469,22618.8804661775,2137.63086058464,17125.523397179,20379.1123788385,6785.66413985325,641.289258175392,5137.65701915369,6113.73371365154
0.251,1,1,0,0,0,1,0,0,0,0,0,0,1,0,0.0950000000000001,0.0960000000000001,0,0,0,0.035,0,1.98418580186475,4.60621521907937,Inf,0.045,0.045,0.035,0.04,1.62695606877524,1.97584844301726,4.5042295621245e-12,3.55352777559125e-06,0.308490803241564,29397.8714734434,6.16332528746444,22332.3526568505,2148.67766899207,15269.0466743437,20076.8367332917,6699.70579705515,644.603300697621,4580.71400230312,6023.05101998752
0.252,1,1,0,0,0,1,0,0,0,0,0,0,1,0,0.0960000000000001,0.0970000000000001,0,0,0,0.035,0,2.03586946284463,4.75767177508923,Inf,0.045,0.045,0.035,0.04,1.61254984829132,1.92479728389897,4.46671486416836e-12,3.82185403383258e-06,0.354124757148553,25516.7894568963,6.5548948690718,21456.0344105701,2131.2188863603,13304.8407737199,18936.1495088658,6436.81032317104,639.36566590809,3991.45223211596,5680.84485265974
0.253,1,1,0,0,0,1,0,0,0,0,0,0,1,0,0.0970000000000001,0.0980000000000001,0,0,0,0.035,0,1.9705688382641,4.97374953017502,Inf,0.045,0.045,0.035,0.04,1.63089920611524,1.85932433235209,4.46365071049497e-12,3.92955788599557e-06,0.404599772694192,25196.6260132454,7.04698713953232,19914.5614468199,2026.00946825178,12600.665317586,16798.6270732842,5974.36843404596,607.802840475535,3780.1995952758,5039.58812198526
0.254,1,1,0,0,0,1,0,0,0,0,0,0,1,0,0.0980000000000001,0.0990000000000001,0,0,0,0.035,0,1.97485727013235,5.19986005456029,Inf,0.045,0.045,0.035,0.04,1.62965050410977,1.79868518852087,4.46865205145565e-12,3.90954642211435e-06,0.621217899912423,25174.5021321619,7.41200850540303,17840.7077206196,1924.19089303284,12587.8585026469,13803.8409531656,5352.21231618588,577.257267909851,3776.35755079406,4141.15228594968
0.255,1,1,0,0,0,1,0,0,0,0,0,0,1,0,0.0990000000000001,0.1,0,0,0,0.035,0,1.88338286616254,5.35958617074525,Inf,0.045,0.045,0.035,0.04,1.65774312822072,1.75998924681357,4.41528450594218e-12,3.87715659149454e-06,0.77839655903383,24521.9849540086,7.48953799653289,15542.5784788231,1713.80581264074,12267.1468040089,10291.0742772119,4662.77354364694,514.141743792223,3680.14404120268,3087.32228316356
0.256,1,1,0,0,0,1,0,0,0,0,0,0,1,0,0.1,0.101,0,0,0,0.035,0,1.82377033192068,5.4069167287869,Inf,0.045,0.045,0.035,0.04,1.67785239625764,1.74911202871139,4.22852094858153e-12,3.99995262048967e-06,0.923085567421393,22928.9847209835,7.43371044137105,13452.0974846389,1445.45263991184,11477.8035049689,6708.81007132288,4035.62924539167,433.635791973551,3443.34105149066,2012.64302139686
0.257,1,1,0,0,0,1,0,0,0,0,0,0,1,0,0.101,0.102,0,0,0,0.035,0,1.84748029886955,5.37323203881096,Inf,0.045,0.045,0.035,0.04,1.66967016369972,1.75682676983686,3.8511093168891e-12,4.39815959457602e-06,1.04000537001311,20396.5542573928,7.40691057441073,12000.3625898151,1141.66956389725,10216.8599152591,3532.13026771979,3600.10877694454,387.84,3065.05797457772,1059.63908031594
0.258,1,1,0,0,0,1,0,0,0,0,0,0,1,0,0.102,0.103,0,0,0,0.035,0,2.01912793067422,5.34680507639158,Inf,0.045,0.045,0.035,0.04,1.61712198295294,1.76297104632994,3.25720044818258e-12,5.04802991297577e-06,1.12051222589798,18376.5628219652,7.49963922584272,11366.4288882444,832.676985853313,9211.82668186702,1189.63872146222,3409.92866647332,387.84,2763.54800456011,356.891616438665
0.259,1,1,0,0,0,1,0,0,0,0,0,0,1,0,0.103,0.104,0,0,0,0.035,0,2.50970827341904,5.42510140410818,Inf,0.045,0.045,0.035,0.04,1.51180133945645,1.74500067821169,2.45623254465223e-12,5.81270190862434e-06,1.16359815935818,15907.4915089158,7.60214744722357,11294.2866074129,556.236837969071,7967.34124537333,3.8209394540842,3388.28598222387,387.84,2390.202373612,320
0.26,1,1,0,0,0,1,0,0,0,0,0,0,1,0,0.104,0.105,0,0,0,0.035,0,4.16119015998206,5.71715100728523,Inf,0.045,0.045,0.035,0.04,1.35404826311934,1.68370659937799,1.51944030239956e-12,6.16913206385187e-06,1.17612074574038,12468.8594815507,5.12364588336268,10071.6158501387,362.56171721968,6242.08263946758,2.60710588790451,3021.48475504162,387.84,1872.62479184027,320
0.261,1,1,0,0,0,1,0,0,0,0,0,0,1,0,0.105,0.106,0,0,0,0.035,0,108.580107631796,6.55582302661133,Inf,0.045,0.045,0.035,0.04,1.15212320242042,1.54638820526101,7.62595918590915e-13,6.75094830937177e-06,1.17390706074394,8876.3646582362,3.98321679864788,6892.51954250257,300.545605149987,4442.39973299373,2.05781840416135,2403.8,387.84,1332.71991989812,320
0.262,0,1,0,0,0,1,0,0,0,0,0,0,1,0,0,0.107,0,0,0,0.035,0,Inf,8.87592122837655,Inf,0.045,0.045,0.035,0.04,0.92079411536841,1.32838911359277,2.42742331901153e-13,7.53497760489547e-06,1.38005548899454,5563.49333523814,3.02782872618043,4138.27072529464,1007.69907878473,2783.85008466212,1.60252620500871,2403.8,387.84,835.155025398635,320
0.263,0,1,0,0,0,1,0,0,0,0,0,0,1,0,0,0.108,0,0,0,0.035,0,Inf,20.2547429062526,Inf,0.045,0.045,0.035,0.04,0.678884602090351,1.04268427319662,1.38724849681996e-14,8.37502963082653e-06,1.39486209499731,2932.1286989598,1.90211433104492,1992.14192696728,696.298620235296,1466.74198882336,1.09880738543289,2403.8,387.84,440.022596647009,320
0.264,0,0,0,0,0,1,0,0,0,0,0,0,1,0,0,0,0,0,0,0.035,0,Inf,Inf,Inf,0.045,0.045,0.035,0.04,0.446429990060547,0.714606010806124,1.01388431624062e-14,9.12903517018271e-06,1.38318923015648,1289.24152898707,2.40825666320397,548.693649573438,429.430716122331,644.742467866176,1.33020900445445,2403.8,387.84,320,320
0.265,0,0,0,0,0,1,0,0,0,0,0,0,1,0,0,0,0,0,0,0.035,0,Inf,Inf,Inf,0.045,0.045,0.035,0.04,0.254221401554251,0.390499811661762,6.96844645035336e-14,9.75274108867963e-06,1.3606317456182,632.12383015206,2.90963713011712,322.893123271236,210.294536075205,316.192444588567,1.57078359767691,2403.8,387.84,320,320
0.266,0,0,0,0,0,0,0,0,0,0,0,0,1,0,0,0,0,0,0,0.035,0,Inf,Inf,Inf,0.045,0.045,0.035,0.04,0.102537102075873,0.154957381663079,1.82252860093007e-14,1.02339258464012e-05,1.38274458050768,247.747218340238,2.24164834915544,386.401626641892,83.2845663448586,124.088157057554,1.23341629752256,2403.8,387.84,320,320
0.267,0,0,0,0,0,0,0,0,0,0,0,0,1,0,0,0,0,0,0,0.035,0,Inf,Inf,Inf,0.045,0.045,0.035,0.04,0.0257593360498736,0.0219882509608046,5.8670689346949e-14,1.0347235340821e-05,1.39033430180663,34.9866359121192,1.98592641672605,149.730272545028,12.2516379124791,17.6342218248012,1.09549047523116,2403.8,387.84,320,320
0.268,0,0,0,0,0,0,0,0,0,0,0,0,1,0,0,0,0,0,0,0.035,0,Inf,Inf,Inf,0.045,0.045,0.035,0.04,0.0257950657355348,6.59842975910016e-05,7.04221030290343e-14,1.12676636105741e-05,1.37634485029081,0.324778686492447,1.54235478259806,386.925990423065,0.754343535983247,0.173239578005141,0.856532804475027,2403.8,387.84,320,320
0.269,0,0,0,0,0,0,0,0,0,0,0,0,1,0,0,0,0,0,0,0.035,0,Inf,Inf,Inf,0.045,0.045,0.035,0.04,0.0259553324793703,6.7107575828778e-05,7.07613294271399e-14,1.14590022331119e-05,1.38200639613344,0.325291355824287,1.24868372236175,389.329991721801,0.75995623155823,0.172287890647403,0.687429007114235,2403.8,387.84,320,320
0.27,0,0,0,0,0,0,0,0,0,0,0,0,1,0,0,0,0,0,0,0.035,0,Inf,Inf,Inf,0.045,0.045,0.035,0.04,0.0259969680754806,6.7969598384068e-05,7.07987548272935e-14,1.14982899531068e-05,1.38477217100743,0.326360276055492,1.3671276339078,389.954525704302,0.760766780073861,0.172788676852187,0.719070599029532,2403.8,387.84,320,320
0.271,0,0,0,0,0,0,0,0,0,0,0,0,1,0,0,0,0,0,0,0.035,0,Inf,Inf,Inf,0.045,0.045,0.035,0.04,0.0260429243673257,6.88227747834906e-05,7.07187047523861e-14,1.14993894617911e-05,1.38392870121848,0.327287913272159,1.57899860920227,389.731897161448,0.760110991340221,0.173997270150392,0.816885857019096,2403.8,387.84,320,320
0.272,0,0,0,0,0,0,0,0,0,0,0,0,1,0,0,0,0,0,0,0.035,0,Inf,Inf,Inf,0.045,0.045,0.035,0.04,0.0261624061298263,6.92739888506213e-05,7.06335698280213e-14,1.15059298650274e-05,1.39139820517918,0.328460680439315,1.58975480640215,389.192940131838,0.765476047353408,0.174627114735913,0.903957819015383,2403.8,387.84,320,320
0.273,0,0,0,0,0,0,0,0,0,0,0,0,1,0,0,0,0,0,0,0.035,0,Inf,Inf,Inf,0.045,0.045,0.035,0.04,0.0262160046721377,6.93354042768148e-05,7.06531863157057e-14,1.15304358118919e-05,1.39547825349051,0.328703048089853,1.54490963127677,388.969148528473,0.766911977364481,0.174705540125967,0.880683632301204,2403.8,387.84,320,320
0.274,0,0,0,0,0,0,0,0,0,0,0,0,1,0,0,0,0,0,0,0.035,0,Inf,Inf,Inf,0.045,0.045,0.035,0.04,0.0262239841477947,6.91336868974666e-05,7.08438439731113e-14,1.1569879086878e-05,1.39606093747967,0.328317480433738,2.11515462490887,389.556981156197,0.766865572939864,0.174517719910438,1.16485806719268,2403.8,387.84,320,320
0.275,0,0,0,0,0,0,0,0,0,0,0,0,1,0,0,0,0,0,0,0.035,0,Inf,Inf,Inf,0.045,0.045,0.035,0.04,0.0263537896588713,6.95715611387591e-05,7.12013160878172e-14,1.16133633751463e-05,1.40106216733134,0.328934852543011,2.05452469317151,391.117470227596,0.771680485465363,0.175179751096786,1.13351042994116,2403.8,387.84,320,320
0.276,0,0,0,0,0,0,0,0,0,0,0,0,1,0,0,0,0,0,0,0.035,0,Inf,Inf,Inf,0.045,0.045,0.035,0.04,0.0264214289979114,7.01230654945848e-05,7.16528646842081e-14,1.16479789824288e-05,1.40657135619497,0.329572370764594,1.77647312920936,393.41138310116,0.773963432447854,0.175459774273508,0.93259616420951,2403.8,387.84,320,320
0.277,0,0,0,0,0,0,0,0,0,0,0,0,1,0,0,0,0,0,0,0.035,0,Inf,Inf,Inf,0.045,0.045,0.035,0.04,0.0264262162520084,7.03503982913964e-05,7.20878910929332e-14,1.16640893968412e-05,1.40856337603188,0.329888363239499,1.62662693050507,395.90192645082,0.77461148738547,0.175576712743044,0.85869297414141,2403.8,387.84,320,320
0.278,0,0,0,0,0,0,0,0,0,0,0,0,1,0,0,0,0,0,0,0.035,0,Inf,Inf,Inf,0.045,0.045,0.035,0.04,0.0265317633767624,7.03353930434597e-05,7.24030973736066e-14,1.16593563112962e-05,1.41000917532381,0.330544908446197,1.9256102775664,397.976455362009,0.777420631936164,0.176485268166104,0.99812943245668,2403.8,387.84,320,320
0.279,0,0,0,0,0,0,0,0,0,0,0,0,1,0,0,0,0,0,0,0.035,0,Inf,Inf,Inf,0.045,0.045,0.035,0.04,0.0266126478464648,7.05569767399385e-05,7.25429693193716e-14,1.16403277686461e-05,1.41671128808541,0.33160283245633,2.07487586264965,399.189722390784,0.780531791131727,0.176990173464552,1.07068367145806,2403.8,387.84,320,320
0.28,0,0,0,0,0,0,0,0,0,0,0,0,1,0,0,0,0,0,0,0.035,0,Inf,Inf,Inf,0.045,0.045,0.035,0.04,0.0266289353088253,7.08996126327864e-05,7.25205183628619e-14,1.16206279605211e-05,1.41996431433939,0.331963270984007,1.65391262414768,399.434034302704,0.781889094698592,0.17709023407425,0.861722653338507,2403.8,387.84,320,320
0.281,0,0,0,0,0,0,0,0,0,0,0,0,1,0,0,0,0,0,0,0.035,0,Inf,Inf,Inf,0.045,0.045,0.035,0.04,0.0266979798269377,7.10215979496353e-05,7.24116503583025e-14,1.16157472498348e-05,1.41998946778888,0.331767574192895,1.10324305926942,398.978280472313,0.781807640770456,0.176910400482238,0.669404664081609,2403.8,387.84,320,320
0.282,0,0,0,0,0,0,0,0,0,0,0,0,1,0,0,0,0,0,0,0.035,0,Inf,Inf,Inf,0.045,0.045,0.035,0.04,0.026790686134529,7.10061237942503e-05,7.23254322745621e-14,1.16361473907748e-05,1.42590940055714,0.332418923994291,1.04908482787806,398.363967836336,0.786058455011062,0.177752383199084,0.621108368592834,2403.8,387.84,320,320
0.283,0,0,0,0,0,0,0,0,0,0,0,0,1,0,0,0,0,0,0,0.035,0,Inf,Inf,Inf,0.045,0.045,0.035,0.04,0.0268186262953748,7.12377125618632e-05,7.23607970138597e-14,1.16819236990389e-05,1.42986312017616,0.332971932035717,1.36104610432971,398.192904350973,0.787819271965228,0.177997731427753,0.753286369781514,2403.8,387.84,320,320
0.284,0,0,0,0,0,0,0,0,0,0,0,0,1,0,0,0,0,0,0,0.035,0,Inf,Inf,Inf,0.045,0.045,0.035,0.04,0.026853528146147,7.13768528135147e-05,7.25663861101629e-14,1.17420813048995e-05,1.43046260009309,0.333070370224194,1.68559581366334,398.884048120597,0.787995949695246,0.178313710032164,0.908591540097114,2403.8,387.84,320,320
0.285,0,0,0,0,0,0,0,0,0,0,0,0,1,0,0,0,0,0,0,0.035,0,Inf,Inf,Inf,0.045,0.045,0.035,0.04,0.0269571192129663,7.1514890113895e-05,7.29206181719887e-14,1.17990968997747e-05,1.43447204770082,0.333787852315734,1.68900554128154,400.499804182556,0.790708837782129,0.178636198458175,0.910060470924675,2403.8,387.84,320,320
0.286,0,0,0,0,0,0,0,0,0,0,0,0,1,0,0,0,0,0,0,0.035,0,Inf,Inf,Inf,0.045,0.045,0.035,0.04,0.0269972036009165,7.186086247603e-05,7.33409573571879e-14,1.18364510344259e-05,1.43862803103212,0.333752956167153,1.35952366321359,402.720495215613,0.792518420121252,0.178621380064312,0.741504781797792,2403.8,387.84,320,320
0.287,0,0,0,0,0,0,0,0,0,0,0,0,1,0,0,0,0,0,0,0.035,0,Inf,Inf,Inf,0.045,0.045,0.035,0.04,0.026998586424708,7.20608563300786e-05,7.37179651333866e-14,1.18454683028917e-05,1.43943547243116,0.333128689095668,1.17715573946856,404.978801151817,0.792736873842563,0.178309847505657,0.718691539296727,2403.8,387.84,320,320
0.288,0,0,0,0,0,0,0,0,0,0,0,0,1,0,0,0,0,0,0,0.035,0,Inf,Inf,Inf,0.045,0.045,0.035,0.04,0.0271127821958963,7.20347011357047e-05,7.39591201613016e-14,1.18286516590663e-05,1.44251984251374,0.333675192949626,1.40635712260384,406.691737710334,0.794906565376636,0.178946902453707,0.788861585551247,2403.8,387.84,320,320
0.289,0,0,0,0,0,0,0,0,0,0,0,0,1,0,0,0,0,0,0,0.035,0,Inf,Inf,Inf,0.045,0.045,0.035,0.04,0.0271660825074867,7.19873513749203e-05,7.40249358612047e-14,1.17986308506518e-05,1.4467870723043,0.333886226816086,1.75071735612321,407.491242359092,0.79664164528443,0.179041561715247,0.958458630387755,2403.8,387.84,320,320
0.29,0,0,0,0,0,0,0,0,0,0,0,0,1,0,0,0,0,0,0,0.035,0,Inf,Inf,Inf,0.045,0.045,0.035,0.04,0.0271577429926892,7.2376767653349e-05,7.39444322690805e-14,1.17735216771789e-05,1.44774284204014,0.33367871512842,1.70557273328073,407.36614960754,0.79681867144218,0.179175964285362,0.935250657167924,2403.8,387.84,320,320
0.291,0,0,0,0,0,0,0,0,0,0,0,0,1,0,0,0,0,0,0,0.035,0,Inf,Inf,Inf,0.045,0.045,0.035,0.04,0.0272576738915621,7.25638572721969e-05,7.38045785794515e-14,1.17704663406334e-05,1.44988521998643,0.33414719407913,1.74275026622872,406.667438494151,0.798887147812875,0.179475846486163,0.946355422898585,2403.8,387.84,320,320
0.292,0,0,0,0,0,0,0,0,0,0,0,0,1,0,0,0,0,0,0,0.035,0,Inf,Inf,Inf,0.045,0.045,0.035,0.04,0.0273252748327239,7.24839466931775e-05,7.37167758507887e-14,1.17995045347225e-05,1.45456093822553,0.334248578035606,1.90102086415463,405.974740380955,0.800720160786299,0.179524412243555,1.02453783371801,2403.8,387.84,320,320
0.293,0,0,0,0,0,0,0,0,0,0,0,0,1,0,0,0,0,0,0,0.035,0,Inf,Inf,Inf,0.045,0.045,0.035,0.04,0.0273287239531904,7.23545722906337e-05,7.37721067509346e-14,1.18598406667253e-05,1.45596247019144,0.333990310508966,1.61623336234012,405.868683825551,0.800999314301532,0.179437434533338,0.87947569133172,2403.8,387.84,320,320
0.294,0,0,0,0,0,0,0,0,0,0,0,0,1,0,0,0,0,0,0,0.035,0,Inf,Inf,Inf,0.045,0.045,0.035,0.04,0.0273918876113259,7.27956626490367e-05,7.40033868710907e-14,1.19399363341997e-05,1.4563915544823,0.334210785392401,1.39363858092951,406.694482659769,0.802641162100777,0.179943201208824,0.71791482461496,2403.8,387.84,320,320
0.295,0,0,0,0,0,0,0,0,0,0,0,0,1,0,0,0,0,0,0,0.035,0,Inf,Inf,Inf,0.045,0.045,0.035,0.04,0.0274740960692824,7.29998726519267e-05,7.43711339891156e-14,1.20215770660617e-05,1.46185740945925,0.33498805500896,1.14109102311448,408.417009144104,0.804868594931497,0.180321145016758,0.596660065120388,2403.8,387.84,320,320
0.296,0,0,0,0,0,0,0,0,0,0,0,0,1,0,0,0,0,0,0,0.035,0,Inf,Inf,Inf,0.045,0.045,0.035,0.04,0.0274911506674206,7.29292861124263e-05,7.47801370690616e-14,1.20865255152117e-05,1.46412836209945,0.335278125739585,1.24274002943022,410.634370774331,0.80552019963564,0.180465497992864,0.634570394246064,2403.8,387.84,320,320
0.297,0,0,0,0,0,0,0,0,0,0,0,0,1,0,0,0,0,0,0,0.035,0,Inf,Inf,Inf,0.045,0.045,0.035,0.04,0.0275162562141328,7.28511004478808e-05,7.51186929639316e-14,1.21232648213007e-05,1.46316423619213,0.334976231551011,1.35020677519457,412.743848078533,0.804791119596204,0.180535994825304,0.773991858898456,2403.8,387.84,320,320
0.298,0,0,0,0,0,0,0,0,0,0,0,0,1,0,0,0,0,0,0,0.035,0,Inf,Inf,Inf,0.045,0.045,0.035,0.04,0.0276123266257129,7.3264481770831e-05,7.53030813742946e-14,1.21311888929336e-05,1.46855788515777,0.335639005787083,1.4397239804141,414.184904257332,0.808917510910591,0.180930325674461,0.819588562316583,2403.8,387.84,320,320
0.299,0,0,0,0,0,0,0,0,0,0,0,0,1,0,0,0,0,0,0,0.035,0,Inf,Inf,Inf,0.045,0.045,0.035,0.04,0.0276439084209617,7.34370021674462e-05,7.53097867512096e-14,1.21204661763406e-05,1.47194760718627,0.33573616707669,1.26704415412042,414.658631176172,0.810144321380576,0.18097777920588,0.726849574351878,2403.8,387.84,320,320
0.3,0,0,0,0,0,0,0,0,0,0,0,0,1,0,0,0,0,0,0,0.035,0,Inf,Inf,Inf,0.045,0.045,0.035,0.04,0.0276319651560204,7.33676966933706e-05,7.51844228768648e-14,1.21074363052086e-05,1.47190483252841,0.335335985175011,1.13234479249071,414.242953700213,0.809812612233355,0.180796115609943,0.637886603806368,2403.8,387.84,320,320
0.301,0,0,0,0,0,0,0,0,0,0,0,0,1,0,0,0,0,0,0,0.035,0,Inf,Inf,Inf,0.045,0.045,0.035,0.04,0.0277405122231537,7.34215307338189e-05,7.50246214203081e-14,1.21073499731604e-05,1.47472845881031,0.336324422253498,1.28295703739423,413.364885513222,0.812697347761353,0.18164347168665,0.690598792056648,2403.8,387.84,320,320
0.302,0,0,0,0,0,0,0,0,0,0,0,0,1,0,0,0,0,0,0,0.035,0,Inf,Inf,Inf,0.045,0.045,0.035,0.04,0.0277869369485193,7.37012502026815e-05,7.49424275227142e-14,1.2127684241055e-05,1.47917414243886,0.336663606810532,1.45341754337788,412.637935720331,0.814510524079759,0.181822489474339,0.768981882444864,2403.8,387.84,320,320
0.303,0,0,0,0,0,0,0,0,0,0,0,0,1,0,0,0,0,0,0,0.035,0,Inf,Inf,Inf,0.045,0.045,0.035,0.04,0.027769726913539,7.37775660413946e-05,7.50195054469961e-14,1.21651597046513e-05,1.48011380829817,0.336314896725355,1.36428103798601,412.619732743508,0.814643120249265,0.181632990446486,0.725920729779734,2403.8,387.84,320,320
0.304,0,0,0,0,0,0,0,0,0,0,0,0,1,0,0,0,0,0,0,0.035,0,Inf,Inf,Inf,0.045,0.045,0.035,0.04,0.0278593180845047,7.3698239948233e-05,7.52731818781322e-14,1.22076881541859e-05,1.48056494408747,0.336217725732157,1.25343905381524,413.583160493854,0.81618525054648,0.181992651351247,0.729732393216813,2403.8,387.84,320,320
0.305,0,0,0,0,0,0,0,0,0,0,0,0,1,0,0,0,0,0,0,0.035,0,Inf,Inf,Inf,0.045,0.045,0.035,0.04,0.0279208173960734,7.39041176404802e-05,7.56486275044162e-14,1.22399727407719e-05,1.4857897128065,0.336435918588891,1.37869134338544,415.400385345539,0.818435073212649,0.182131412526494,0.793917246015241,2403.8,387.84,320,320
0.306,0,0,0,0,0,0,0,0,0,0,0,0,1,0,0,0,0,0,0,0.035,0,Inf,Inf,Inf,0.045,0.045,0.035,0.04,0.0279159111385096,7.39915720736266e-05,7.60411349403773e-14,1.22500455035276e-05,1.48756318978095,0.336230477607937,1.5222755593507,417.594363441952,0.818963625125187,0.18202332483984,0.819805893884234,2403.8,387.84,320,320
0.307,0,0,0,0,0,0,0,0,0,0,0,0,1,0,0,0,0,0,0,0.035,0,Inf,Inf,Inf,0.045,0.045,0.035,0.04,0.0279689464207051,7.41671812921579e-05,7.6338507588468e-14,1.2234221303926e-05,1.48617372585871,0.33654700735808,1.69586297249583,419.534201264443,0.819433613683416,0.182688326779284,0.903650497945358,2403.8,387.84,320,320
0.308,0,0,0,0,0,0,0,0,0,0,0,0,1,0,0,0,0,0,0,0.035,0,Inf,Inf,Inf,0.045,0.045,0.035,0.04,0.0280458305660971,7.423550694896e-05,7.64655173427196e-14,1.21989789981745e-05,1.49190679517153,0.337187304270317,1.5066782422413,420.687463423152,0.821945527988455,0.18297455405421,0.809321529806247,2403.8,387.84,320,320
0.309,0,0,0,0,0,0,0,0,0,0,0,0,1,0,0,0,0,0,0,0.035,0,Inf,Inf,Inf,0.045,0.045,0.035,0.04,0.0280551861359382,7.44780746595714e-05,7.64133091093476e-14,1.21592672537596e-05,1.49434122420524,0.337230872301307,1.43906555981208,420.827796937558,0.822763894732792,0.182994875225013,0.767068485823882,2403.8,387.84,320,320
0.31,0,0,0,0,0,0,0,0,0,0,0,0,1,0,0,0,0,0,0,0.035,0,Inf,Inf,Inf,0.045,0.045,0.035,0.04,0.0280694001948947,7.46905265671186e-05,7.62434036696708e-14,1.213354082808e-05,1.49333824345613,0.336682699821228,1.35926408409862,420.123457858957,0.822033541299662,0.18274437752694,0.728442992341018,2403.8,387.84,320,320
0.311,0,0,0,0,0,0,0,0,0,0,0,0,1,0,0,0,0,0,0,0.035,0,Inf,Inf,Inf,0.045,0.045,0.035,0.04,0.0281616949350771,7.47173275573805e-05,7.60646784872627e-14,1.21368694747469e-05,1.49757542760403,0.337048269463864,1.02397569155488,419.076875192371,0.825142921431418,0.183408243492165,0.56176197778263,2403.8,387.84,320,320
0.312,0,0,0,0,0,0,0,0,0,0,0,0,1,0,0,0,0,0,0,0.035,0,Inf,Inf,Inf,0.045,0.045,0.035,0.04,0.0281870990705322,7.47132730850536e-05,7.59908603175512e-14,1.21746285240858e-05,1.5006350898532,0.337296113825586,0.80103113039278,418.333337022239,0.82621515361862,0.183508238532744,0.516467640756817,2403.8,387.84,320,320
0.313,0,0,0,0,0,0,0,0,0,0,0,0,1,0,0,0,0,0,0,0.035,0,Inf,Inf,Inf,0.045,0.045,0.035,0.04,0.0281611863496352,7.50606729979799e-05,7.60943514548433e-14,1.22397221270834e-05,1.50013237493461,0.336984169987585,0.891702758119154,418.42466111016,0.825643725215772,0.183400705206622,0.540942491900179,2403.8,387.84,320,320
0.314,0,0,0,0,0,0,0,0,0,0,0,0,1,0,0,0,0,0,0,0.035,0,Inf,Inf,Inf,0.045,0.045,0.035,0.04,0.0282681447076759,7.51977194500425e-05,7.63758509729513e-14,1.23150079193034e-05,1.50272125540647,0.337737487791679,1.2063994777518,419.549100910908,0.828085251241933,0.184126191213511,0.68241965986437,2403.8,387.84,320,320
0.315,0,0,0,0,0,0,0,0,0,0,0,0,1,0,0,0,0,0,0,0.035,0,Inf,Inf,Inf,0.045,0.045,0.035,0.04,0.0283107138018851,7.51027809316958e-05,7.67637309204976e-14,1.23800176165507e-05,1.50652412252557,0.337942355452203,1.4535457573695,421.485368099565,0.829478340486771,0.184203086238653,0.802546277657923,2403.8,387.84,320,320
0.316,0,0,0,0,0,0,0,0,0,0,0,0,1,0,0,0,0,0,0,0.035,0,Inf,Inf,Inf,0.045,0.045,0.035,0.04,0.0282859843166671,7.51900200875833e-05,7.7143427901243e-14,1.24189339775504e-05,1.50670455761082,0.337404830903571,1.43985526533683,423.682155330017,0.829155587919264,0.183973522595025,0.7954385721737,2403.8,387.84,320,320
0.317,0,0,0,0,0,0,0,0,0,0,0,0,1,0,0,0,0,0,0,0.035,0,Inf,Inf,Inf,0.045,0.045,0.035,0.04,0.0283654697948639,7.55048196440899e-05,7.74034114128941e-14,1.24264283928999e-05,1.50725986268734,0.337141044243085,1.20010712047098,425.482051929714,0.830771490846336,0.18427706723207,0.669889767241339,2403.8,387.84,320,320
0.318,0,0,0,0,0,0,0,0,0,0,0,0,1,0,0,0,0,0,0,0.035,0,Inf,Inf,Inf,0.045,0.045,0.035,0.04,0.0284254678160523,7.55656477084344e-05,7.74786433096084e-14,1.24092113346186e-05,1.51195892149058,0.337414048936417,0.981682061533616,426.38202223604,0.832599188571239,0.184417054343318,0.541776278363583,2403.8,387.84,320,320
0.319,0,0,0,0,0,0,0,0,0,0,0,0,1,0,0,0,0,0,0,0.035,0,Inf,Inf,Inf,0.045,0.045,0.035,0.04,0.0284152218540575,7.5389697066943e-05,7.73756311801947e-14,1.23829507223189e-05,1.51305947352106,0.337183007979547,1.3311978354244,426.228332783868,0.83266387263698,0.184314124098453,0.755954744182338,2403.8,387.84,320,320
0.32,0,0,0,0,0,0,0,0,0,0,0,0,1,0,0,0,0,0,0,0.035,0,Inf,Inf,Inf,0.045,0.045,0.035,0.04,0.0284543477918339,7.56167806405785e-05,7.7170719998587e-14,1.2365868864331e-05,1.5112407364567,0.337216949723405,1.55582069630111,425.277803398967,0.833206203015613,0.184628103547644,0.868460721862066,2403.8,387.84,320,320
0.321,0,0,0,0,0,0,0,0,0,0,0,0,1,0,0,0,0,0,0,0.035,0,Inf,Inf,Inf,0.045,0.045,0.035,0.04,0.0285314482981496,7.58546297868872e-05,7.69817720505761e-14,1.23714769196224e-05,1.51688285431351,0.337518732515865,1.44963890168475,424.104375807212,0.835540629296586,0.184849937083602,0.813328512696595,2403.8,387.84,320,320
0.322,0,0,0,0,0,0,0,0,0,0,0,0,1,0,0,0,0,0,0,0.035,0,Inf,Inf,Inf,0.045,0.045,0.035,0.04,0.0285372855084666,7.58346688665863e-05,7.69222541885788e-14,1.24032596787937e-05,1.51906021164046,0.337270353205804,1.29586707512774,423.379486122517,0.836106768622318,0.184741190751084,0.724829241032834,2403.8,387.84,320,320
0.323,0,0,0,0,0,0,0,0,0,0,0,0,1,0,0,0,0,0,0,0.035,0,Inf,Inf,Inf,0.045,0.045,0.035,0.04,0.0285352790087444,7.56729800842144e-05,7.70548388867751e-14,1.24534155404659e-05,1.51755963180193,0.336595770249353,1.23650756403912,423.603382205182,0.835034460158163,0.184466446042431,0.694487160173296,2403.8,387.84,320,320
0.324,0,0,0,0,0,0,0,0,0,0,0,0,1,0,0,0,0,0,0,0.035,0,Inf,Inf,Inf,0.045,0.045,0.035,0.04,0.0286289153120192,7.59938414660021e-05,7.73645059860683e-14,1.25060933006902e-05,1.52133091111489,0.337220791377509,1.32296635444309,424.896263792975,0.838268376807207,0.185218432403427,0.694886716316745,2403.8,387.84,320,320
0.325,0,0,0,0,0,0,0,0,0,0,0,0,1,0,0,0,0,0,0,0.035,0,Inf,Inf,Inf,0.045,0.045,0.035,0.04,0.0286522824013639,7.61112997889183e-05,7.77640239858674e-14,1.2543751662388e-05,1.52459214559123,0.337485945644164,1.33764761962015,426.944211127064,0.839373347079873,0.185350157599043,0.701793332886455,2403.8,387.84,320,320
0.326,0,0,0,0,0,0,0,0,0,0,0,0,1,0,0,0,0,0,0,0.035,0,Inf,Inf,Inf,0.045,0.045,0.035,0.04,0.0286084483568867,7.60104595691114e-05,7.81295385327888e-14,1.25541695665667e-05,1.52401640167242,0.337203196037613,1.05562530790094,429.126730434285,0.838692724841294,0.185233616754948,0.565986411642761,2403.8,387.84,320,320
0.327,0,0,0,0,0,0,0,0,0,0,0,0,1,0,0,0,0,0,0,0.035,0,Inf,Inf,Inf,0.045,0.045,0.035,0.04,0.0287178263926577,7.61234430455983e-05,7.83502239117527e-14,1.25355391807262e-05,1.52540238334003,0.337576444826994,0.923035494500698,430.767400964221,0.840777682160732,0.185762996638858,0.499585160616994,2403.8,387.84,320,320
0.328,0,0,0,0,0,0,0,0,0,0,0,0,1,0,0,0,0,0,0,0.035,0,Inf,Inf,Inf,0.045,0.045,0.035,0.04,0.0287600056252551,7.6276405579812e-05,7.83715611394021e-14,1.24977289821623e-05,1.52964076237189,0.337782612087254,1.10379669543032,431.400089427719,0.842386195341124,0.185892568399178,0.653328338080755,2403.8,387.84,320,320
0.329,0,0,0,0,0,0,0,0,0,0,0,0,1,0,0,0,0,0,0,0.035,0,Inf,Inf,Inf,0.045,0.045,0.035,0.04,0.0287299439692035,7.62533292687459e-05,7.82165124778354e-14,1.24589583072397e-05,1.53000543316242,0.337319271118026,1.13960163342066,430.949164553645,0.842121503160326,0.185679384051233,0.672151673037813,2403.8,387.84,320,320
0.33,0,0,0,0,0,0,0,0,0,0,0,0,1,0,0,0,0,0,0,0.035,0,Inf,Inf,Inf,0.045,0.045,0.035,0.04,0.0287980285027767,7.63684572424052e-05,7.79775532651856e-14,1.24387555357788e-05,1.52915752198934,0.33736587281894,1.03807139070862,429.762146797965,0.843073421477036,0.186220460707637,0.613016345476536,2403.8,387.84,320,320
0.331,0,0,0,0,0,0,0,0,0,0,0,0,1,0,0,0,0,0,0,0.035,0,Inf,Inf,Inf,0.045,0.045,0.035,0.04,0.0288597544042567,7.64715026245948e-05,7.77818805766223e-14,1.24498472646374e-05,1.53424485429364,0.337871002216926,1.03619700868737,428.48267474675,0.845123277947317,0.186456014200273,0.592098035161924,2403.8,387.84,320,320
0.332,0,0,0,0,0,0,0,0,0,0,0,0,1,0,0,0,0,0,0,0.035,0,Inf,Inf,Inf,0.045,0.045,0.035,0.04,0.0288464859346133,7.64957342991046e-05,7.77414554026089e-14,1.24926123847332e-05,1.53553731949923,0.337628790238191,1.20688137757679,427.803027251034,0.845273517851174,0.186347301492083,0.661759616744223,2403.8,387.84,320,320
0.333,0,0,0,0,0,0,0,0,0,0,0,0,1,0,0,0,0,0,0,0.035,0,Inf,Inf,Inf,0.045,0.045,0.035,0.04,0.0288698204884793,7.67226647154067e-05,7.79070931292611e-14,1.25548300662474e-05,1.53310569833951,0.33704714686679,1.32434961242682,428.185040518395,0.843794501695612,0.186573106398347,0.71656196850399,2403.8,387.84,320,320
0.334,0,0,0,0,0,0,0,0,0,0,0,0,1,0,0,0,0,0,0,0.035,0,Inf,Inf,Inf,0.045,0.045,0.035,0.04,0.0289508876922746,7.67847784364783e-05,7.8246666096724e-14,1.26167927746954e-05,1.53841574069074,0.337368834511754,1.22873732704238,429.665492702198,0.84759974120429,0.186743585652524,0.669918435305411,2403.8,387.84,320,320
0.335,0,0,0,0,0,0,0,0,0,0,0,0,1,0,0,0,0,0,0,0.035,0,Inf,Inf,Inf,0.045,0.045,0.035,0.04,0.0289563600463732,7.67457082809367e-05,7.86578028830254e-14,1.26592424935069e-05,1.54066023095619,0.337066088053331,0.971294160394345,431.836423526362,0.848177604578419,0.186607889246265,0.57865441907347,2403.8,387.84,320,320
0.336,0,0,0,0,0,0,0,0,0,0,0,0,1,0,0,0,0,0,0,0.035,0,Inf,Inf,Inf,0.045,0.045,0.035,0.04,0.0289340764708265,7.70564774234368e-05,7.90093034250094e-14,1.26706970899345e-05,1.53894844993704,0.336317247363108,1.16829564461321,434.011152189034,0.846960872501417,0.186901591788697,0.658764508966416,2403.8,387.84,320,320
0.337,0,0,0,0,0,0,0,0,0,0,0,0,1,0,0,0,0,0,0,0.035,0,Inf,Inf,Inf,0.045,0.045,0.035,0.04,0.0290333344391389,7.71657196316858e-05,7.91930257599508e-14,1.26515747409766e-05,1.54211889744113,0.336979782521514,1.45050130901864,435.50002170573,0.849830386760738,0.187206826067916,0.790823644305605,2403.8,387.84,320,320
0.338,0,0,0,0,0,0,0,0,0,0,0,0,1,0,0,0,0,0,0,0.035,0,Inf,Inf,Inf,0.045,0.045,0.035,0.04,0.0290586510991401,7.70655001227205e-05,7.91657086523074e-14,1.26139730251101e-05,1.54537926035068,0.337111249849829,1.51111131592447,435.879771579665,0.850876150646101,0.187238278963644,0.820461511075082,2403.8,387.84,320,320
0.339,0,0,0,0,0,0,0,0,0,0,0,0,1,0,0,0,0,0,0,0.035,0,Inf,Inf,Inf,0.045,0.045,0.035,0.04,0.0290104386973599,7.72487033093217e-05,7.89660381271764e-14,1.25772506209958e-05,1.54455093669684,0.336593087808334,1.28575554545579,435.156585520964,0.850005364028406,0.187015671868255,0.706161105053216,2403.8,387.84,320,320
0.34,0,0,0,0,0,0,0,0,0,0,0,0,1,0,0,0,0,0,0,0.035,0,Inf,Inf,Inf,0.045,0.045,0.035,0.04,0.0291074540608655,7.7485357755779e-05,7.87011210965047e-14,1.25607252261788e-05,1.54532871662929,0.33633454340133,1.03160219397435,433.768322082195,0.851823253562825,0.187472814867757,0.575887785664688,2403.8,387.84,320,320
0.341,0,0,0,0,0,0,0,0,0,0,0,0,1,0,0,0,0,0,0,0.035,0,Inf,Inf,Inf,0.045,0.045,0.035,0.04,0.0291531608588308,7.74690326731098e-05,7.85060678734697e-14,1.25759627515838e-05,1.54965704814804,0.336577575721217,0.907557166142013,432.423127162391,0.853386772613061,0.187569479077672,0.51583513558705,2403.8,387.84,320,320
0.342,0,0,0,0,0,0,0,0,0,0,0,0,1,0,0,0,0,0,0,0.035,0,Inf,Inf,Inf,0.045,0.045,0.035,0.04,0.0291208893343947,7.7294427079116e-05,7.84903150165215e-14,1.26218090813575e-05,1.54987732163902,0.336270347667511,0.873575718049801,431.825110539878,0.852958252159655,0.187423423084289,0.453754974407622,2403.8,387.84,320,320
0.343,0,0,0,0,0,0,0,0,0,0,0,0,1,0,0,0,0,0,0,0.035,0,Inf,Inf,Inf,0.045,0.045,0.035,0.04,0.0291735179104801,7.76586136975567e-05,7.86920319032494e-14,1.2684577996e-05,1.54808708556557,0.336212885003472,0.803040535099525,432.387987602815,0.853599627779628,0.18788604920398,0.424712394122535,2403.8,387.84,320,320
0.344,0,0,0,0,0,0,0,0,0,0,0,0,1,0,0,0,0,0,0,0.035,0,Inf,Inf,Inf,0.045,0.045,0.035,0.04,0.0292398993619078,7.77871603315755e-05,7.90613004143199e-14,1.27435310288851e-05,1.55346796797154,0.336734948282989,0.826156954929448,434.058915936505,0.855708351827166,0.188138844891956,0.502488634069034,2403.8,387.84,320,320
0.345,0,0,0,0,0,0,0,0,0,0,0,0,1,0,0,0,0,0,0,0.035,0,Inf,Inf,Inf,0.045,0.045,0.035,0.04,0.0292260475683916,7.76557334571483e-05,7.94803713603858e-14,1.27792637587231e-05,1.55484788686745,0.336504293338937,1.09382804373712,436.336157734143,0.855803532762495,0.188023021090166,0.629163565952636,2403.8,387.84,320,320
0.346,0,0,0,0,0,0,0,0,0,0,0,0,1,0,0,0,0,0,0,0.035,0,Inf,Inf,Inf,0.045,0.045,0.035,0.04,0.0292315681252651,7.77149373347608e-05,7.98114960882533e-14,1.27814428688918e-05,1.55216591173883,0.335549818427022,1.24985978791475,438.473527059701,0.854113794859347,0.187631604414403,0.706809324308687,2403.8,387.84,320,320
0.347,0,0,0,0,0,0,0,0,0,0,0,0,1,0,0,0,0,0,0,0.035,0,Inf,Inf,Inf,0.045,0.045,0.035,0.04,0.0293185709786815,7.79635148936642e-05,7.99512513184605e-14,1.27528988940872e-05,1.55683118435709,0.335963756980422,1.20898651981875,439.778569846635,0.85782826745317,0.188291842222481,0.685534074414954,2403.8,387.84,320,320
0.348,0,0,0,0,0,0,0,0,0,0,0,0,1,0,0,0,0,0,0,0.035,0,Inf,Inf,Inf,0.045,0.045,0.035,0.04,0.0293254342712605,7.79618073563458e-05,7.98702739225082e-14,1.27086147590867e-05,1.55940201174416,0.335810138215653,1.04652647820941,439.881519203918,0.858492315739414,0.188235330192151,0.5964088347441,2403.8,387.84,320,320
0.349,0,0,0,0,0,0,0,0,0,0,0,0,1,0,0,0,0,0,0,0.035,0,Inf,Inf,Inf,0.045,0.045,0.035,0.04,0.0292819157727894,7.77709641169277e-05,7.96249532350418e-14,1.26699585795307e-05,1.55768400225161,0.335058194013695,0.954535303320992,438.878030932629,0.857191266253064,0.187910219760767,0.533135552668392,2403.8,387.84,320,320
0.35,0,0,0,0,0,0,0,0,0,0,0,0,1,0,0,0,0,0,0,0.035,0,Inf,Inf,Inf,0.045,0.045,0.035,0.04,0.0293887345858553,7.80596088879963e-05,7.93372342140427e-14,1.26562224759557e-05,1.55979178051787,0.335653924399537,1.22473322285868,437.298793338951,0.859734124770301,0.188625867211019,0.705551192065688,2403.8,387.84,320,320
0.351,0,0,0,0,0,0,0,0,0,0,0,0,1,0,0,0,0,0,0,0.035,0,Inf,Inf,Inf,0.045,0.045,0.035,0.04,0.0294179704876665,7.81464008835902e-05,7.91484420791678e-14,1.26767791605882e-05,1.56352023123666,0.335600294500148,1.30924296784028,435.912889581597,0.860973541683815,0.188648311576327,0.748837387110877,2403.8,387.84,320,320
0.352,0,0,0,0,0,0,0,0,0,0,0,0,1,0,0,0,0,0,0,0.035,0,Inf,Inf,Inf,0.045,0.045,0.035,0.04,0.0293671433262684,7.80145074522452e-05,7.91629519654121e-14,1.27272102610437e-05,1.56286237007111,0.33485532091246,1.17812051070144,435.427712810136,0.860125748628047,0.188317155236915,0.677996281854744,2403.8,387.84,320,320
0.353,0,0,0,0,0,0,0,0,0,0,0,0,1,0,0,0,0,0,0,0.035,0,Inf,Inf,Inf,0.045,0.045,0.035,0.04,0.0294503782250874,7.81887455090254e-05,7.94044703602988e-14,1.27911108772638e-05,1.56238221956486,0.334628124810711,1.05426856816751,436.198737373536,0.861426373375914,0.188822279507522,0.597985436935327,2403.8,387.84,320,320
0.354,0,0,0,0,0,0,0,0,0,0,0,0,1,0,0,0,0,0,0,0.035,0,Inf,Inf,Inf,0.045,0.045,0.035,0.04,0.0295025840490712,7.82929725360445e-05,7.98050927113994e-14,1.28466778287209e-05,1.5672038730063,0.334903072615721,1.14031965900909,438.076361139854,0.863222768038071,0.188978626035285,0.620567050432772,2403.8,387.84,320,320
0.355,0,0,0,0,0,0,0,0,0,0,0,0,1,0,0,0,0,0,0,0.035,0,Inf,Inf,Inf,0.045,0.045,0.035,0.04,0.0294707059213313,7.82070516698527e-05,8.02327951237244e-14,1.28752204122461e-05,1.56767403130274,0.334579982645188,1.26391058438892,440.464109067091,0.862873802313511,0.188830499535571,0.675230185192997,2403.8,387.84,320,320
0.356,0,0,0,0,0,0,0,0,0,0,0,0,1,0,0,0,0,0,0,0.035,0,Inf,Inf,Inf,0.045,0.045,0.035,0.04,0.0295041040835531,7.84023651126804e-05,8.05446657543428e-14,1.2868337217127e-05,1.56460816694066,0.334268186752313,1.19711327891995,442.561566478847,0.862908511109506,0.189256315175747,0.643652293653689,2403.8,387.84,320,320
0.357,0,0,0,0,0,0,0,0,0,0,0,0,1,0,0,0,0,0,0,0.035,0,Inf,Inf,Inf,0.045,0.045,0.035,0.04,0.0295788194818482,7.84936050075517e-05,8.06429253527538e-14,1.28312963641893e-05,1.57044845248967,0.334738464979175,0.916776545692227,443.682297432963,0.865235240882284,0.189478723401732,0.507439873843238,2403.8,387.84,320,320
0.358,0,0,0,0,0,0,0,0,0,0,0,0,1,0,0,0,0,0,0,0.035,0,Inf,Inf,Inf,0.045,0.045,0.035,0.04,0.0295679061603536,7.84038381771316e-05,8.0512496524995e-14,1.2781405906277e-05,1.57210431689593,0.334463689373841,0.799523873388495,443.518597574317,0.865423782552684,0.189351585467307,0.493300026658307,2403.8,387.84,320,320
0.359,0,0,0,0,0,0,0,0,0,0,0,0,1,0,0,0,0,0,0,0.035,0,Inf,Inf,Inf,0.045,0.045,0.035,0.04,0.0295506703189753,7.8654631976157e-05,8.02275166110322e-14,1.27416351733525e-05,1.56934425858665,0.33346828556048,0.91876601819679,442.260412345135,0.863637359597501,0.188921323819833,0.559543030313888,2403.8,387.84,320,320
0.36,0,0,0,0,0,0,0,0,0,0,0,0,1,0,0,0,0,0,0,0.035,0,Inf,Inf,Inf,0.045,0.045,0.035,0.04,0.0296467707574839,7.87696821123542e-05,7.99243798646733e-14,1.27315059112585e-05,1.57324287267318,0.334016165011808,0.916858004415903,440.529868974212,0.867015097853324,0.189858558604447,0.558237628333912,2403.8,387.84,320,320
0.361,0,0,0,0,0,0,0,0,0,0,0,0,1,0,0,0,0,0,0,0.035,0,Inf,Inf,Inf,0.045,0.045,0.035,0.04,0.0296582690076488,7.8674614237147e-05,7.97494074421829e-14,1.27588774554413e-05,1.576127972455,0.334055517758228,0.889470870137862,439.148775319156,0.867778104977503,0.189843995659365,0.534210053540327,2403.8,387.84,320,320
0.362,0,0,0,0,0,0,0,0,0,0,0,0,1,0,0,0,0,0,0,0.035,0,Inf,Inf,Inf,0.045,0.045,0.035,0.04,0.0295904929699882,7.8851791520017e-05,7.97997725900577e-14,1.28164578219969e-05,1.57440421334397,0.33329352782835,0.974169373015005,438.814945723262,0.866404057039175,0.18950941293394,0.560874802624003,2403.8,387.84,320,320
0.363,0,0,0,0,0,0,0,0,0,0,0,0,1,0,0,0,0,0,0,0.035,0,Inf,Inf,Inf,0.045,0.045,0.035,0.04,0.0297065415081105,7.90553067958246e-05,8.00824225846037e-14,1.28848139621921e-05,1.57559175566051,0.333308301738574,1.12482647565026,439.813055768909,0.868576205860029,0.190144750956291,0.627398812645424,2403.8,387.84,320,320
0.364,0,0,0,0,0,0,0,0,0,0,0,0,1,0,0,0,0,0,0,0.035,0,Inf,Inf,Inf,0.045,0.045,0.035,0.04,0.0297416260458234,7.90081472849416e-05,8.05103577528035e-14,1.29403899383118e-05,1.5797159455784,0.333291228248777,1.18405325245623,441.890115882316,0.869943212723549,0.190136548964515,0.655598729253978,2403.8,387.84,320,320
0.365,0,0,0,0,0,0,0,0,0,0,0,0,1,0,0,0,0,0,0,0.035,0,Inf,Inf,Inf,0.045,0.045,0.035,0.04,0.0296898710347333,7.89364026980973e-05,8.09382757805119e-14,1.29648307774732e-05,1.57917212386768,0.332521979574175,1.0829953303378,444.357269515221,0.869068682266738,0.189788224859904,0.605382597710486,2403.8,387.84,320,320
0.366,0,0,0,0,0,0,0,0,0,0,0,0,1,0,0,0,0,0,0,0.035,0,Inf,Inf,Inf,0.045,0.045,0.035,0.04,0.029758006886074,7.92575630990713e-05,8.12209376234223e-14,1.29519128196202e-05,1.57753089671104,0.332152338122814,0.90314391403673,446.370108554863,0.869931564311753,0.190347141692964,0.539025364377139,2403.8,387.84,320,320
0.367,0,0,0,0,0,0,0,0,0,0,0,0,1,0,0,0,0,0,0,0.035,0,Inf,Inf,Inf,0.045,0.045,0.035,0.04,0.0298174854896496,7.93189145314783e-05,8.12695968699724e-14,1.29098142546699e-05,1.5828528319404,0.332476247587162,1.14427784156745,447.262287583978,0.871912864537915,0.190502651185246,0.646541845333462,2403.8,387.84,320,320
0.368,0,0,0,0,0,0,0,0,0,0,0,0,1,0,0,0,0,0,0,0.035,0,Inf,Inf,Inf,0.045,0.045,0.035,0.04,0.0297867577274498,7.91231776527857e-05,8.10859120775852e-14,1.28581338859331e-05,1.58359015252966,0.332104777205769,1.3159518670504,446.801371112547,0.871611584488521,0.190311075520161,0.729430001666043,2403.8,387.84,320,320
0.369,0,0,0,0,0,0,0,0,0,0,0,0,1,0,0,0,0,0,0,0.035,0,Inf,Inf,Inf,0.045,0.045,0.035,0.04,0.0298012385135969,7.93496592066863e-05,8.07623902592617e-14,1.2820560160859e-05,1.57983462665482,0.331164033649618,1.27763390551811,445.280014755034,0.869359378956589,0.19046775564379,0.710072898924886,2403.8,387.84,320,320
0.37,0,0,0,0,0,0,0,0,0,0,0,0,1,0,0,0,0,0,0,0.035,0,Inf,Inf,Inf,0.045,0.045,0.035,0.04,0.0298850968013108,7.95338356042873e-05,8.04487094761701e-14,1.28155722465357e-05,1.58554373252745,0.331563194059675,1.06836215001514,443.412858789094,0.873670946046482,0.190736746530245,0.600514450570388,2403.8,387.84,320,320
0.371,0,0,0,0,0,0,0,0,0,0,0,0,1,0,0,0,0,0,0,0.035,0,Inf,Inf,Inf,0.045,0.045,0.035,0.04,0.0298780509930738,7.94406189786409e-05,8.02940167285205e-14,1.28487585626968e-05,1.58761173270846,0.331326820415859,0.880813841639959,442.067612300377,0.873993405191315,0.190621878443429,0.491141789367708,2403.8,387.84,320,320
0.372,0,0,0,0,0,0,0,0,0,0,0,0,1,0,0,0,0,0,0,0.035,0,Inf,Inf,Inf,0.045,0.045,0.035,0.04,0.0298370259931365,7.93878492230898e-05,8.0386129971656e-14,1.29102293334868e-05,1.58489441710771,0.330449140293769,0.86136653250958,441.920156708065,0.872149026586856,0.190246539435339,0.464981455030026,2403.8,387.84,320,320
0.373,0,0,0,0,0,0,0,0,0,0,0,0,1,0,0,0,0,0,0,0.035,0,Inf,Inf,Inf,0.045,0.045,0.035,0.04,0.0299440502649153,7.96546627702236e-05,8.07138482341698e-14,1.29785124719728e-05,1.58780846011078,0.330973672850472,0.87728511133408,443.171693992808,0.875210830923101,0.191094822711849,0.470259897264648,2403.8,387.84,320,320
0.374,0,0,0,0,0,0,0,0,0,0,0,0,1,0,0,0,0,0,0,0.035,0,Inf,Inf,Inf,0.045,0.045,0.035,0.04,0.0299622632172441,7.96661143904458e-05,8.11706970982115e-14,1.30292272530186e-05,1.5912081359232,0.331055063263261,0.780464111594617,445.458623793021,0.876180676623182,0.19113201199227,0.43198867037383,2403.8,387.84,320,320
0.375,0,0,0,0,0,0,0,0,0,0,0,0,1,0,0,0,0,0,0,0.035,0,Inf,Inf,Inf,0.045,0.045,0.035,0.04,0.0298919926344295,7.94475056810966e-05,8.15986136762223e-14,1.30447681346736e-05,1.58967036292883,0.330291694200459,0.815305057293764,448.000963430282,0.874829504147295,0.190791051143688,0.491760465999342,2403.8,387.84,320,320
0.376,0,0,0,0,0,0,0,0,0,0,0,0,1,0,0,0,0,0,0,0.035,0,Inf,Inf,Inf,0.045,0.045,0.035,0.04,0.0299945909212199,7.97431098774663e-05,8.185125800876e-14,1.30211956515922e-05,1.58967134684328,0.329983798493579,0.997242524040194,449.9188691198,0.876533717471065,0.191250485160248,0.58202087961898,2403.8,387.84,320,320
0.377,0,0,0,0,0,0,0,0,0,0,0,0,1,0,0,0,0,0,0,0.035,0,Inf,Inf,Inf,0.045,0.045,0.035,0.04,0.0300385226685476,7.98201292783129e-05,8.18506127704637e-14,1.2969903235539e-05,1.59436326950727,0.330089819196463,1.07034054013023,450.577845298376,0.878151028025902,0.19134636242916,0.619642169110695,2403.8,387.84,320,320
0.378,0,0,0,0,0,0,0,0,0,0,0,0,1,0,0,0,0,0,0,0.035,0,Inf,Inf,Inf,0.045,0.045,0.035,0.04,0.0299887217351205,7.96604337850717e-05,8.16167212117689e-14,1.29134606519816e-05,1.59411308470842,0.329405898614201,1.0200754186662,449.830831253825,0.877361649401046,0.191045176273205,0.592310207325318,2403.8,387.84,320,320
0.379,0,0,0,0,0,0,0,0,0,0,0,0,1,0,0,0,0,0,0,0.035,0,Inf,Inf,Inf,0.045,0.045,0.035,0.04,0.0300372678789052,7.98669476996357e-05,8.12611825574182e-14,1.2876926619832e-05,1.59115827446425,0.329041318624752,0.9354743461614,448.077479374759,0.877646733589356,0.191514791561282,0.540725613738557,2403.8,387.84,320,320
0.38,0,0,0,0,0,0,0,0,0,0,0,0,1,0,0,0,0,0,0,0.035,0,Inf,Inf,Inf,0.045,0.045,0.035,0.04,0.0301066340706558,7.99716850049088e-05,8.09459192845508e-14,1.28777676171633e-05,1.59706791373936,0.329375652399009,0.928816259774665,446.1208413181,0.879894065971526,0.191707253430034,0.524016072189678,2403.8,387.84,320,320
0.381,0,0,0,0,0,0,0,0,0,0,0,0,1,0,0,0,0,0,0,0.035,0,Inf,Inf,Inf,0.045,0.045,0.035,0.04,0.030079739195268,7.98523238624748e-05,8.08200695186492e-14,1.29185832497041e-05,1.59818139076492,0.328854147500781,1.08025107727593,444.862215443817,0.879720894124931,0.191482853236115,0.633969328959253,2403.8,387.84,320,320
0.382,0,0,0,0,0,0,0,0,0,0,0,0,1,0,0,0,0,0,0,0.035,0,Inf,Inf,Inf,0.045,0.045,0.035,0.04,0.0300724130571968,8.00384585766597e-05,8.09586593890862e-14,1.29859818227126e-05,1.59440769014838,0.327571253203021,1.07036830585706,444.938984583109,0.877391314030066,0.190938515024782,0.62842740779593,2403.8,387.84,320,320
0.383,0,0,0,0,0,0,0,0,0,0,0,0,1,0,0,0,0,0,0,0.035,0,Inf,Inf,Inf,0.045,0.045,0.035,0.04,0.030166537124324,8.01715924724594e-05,8.13301571839405e-14,1.30560936646025e-05,1.59932184714758,0.32801009881607,0.983150954538337,446.454981557875,0.881414753405251,0.191936121328737,0.575375005741086,2403.8,387.84,320,320
0.384,0,0,0,0,0,0,0,0,0,0,0,0,1,0,0,0,0,0,0,0.035,0,Inf,Inf,Inf,0.045,0.045,0.035,0.04,0.0301647133327977,8.00730752028996e-05,8.18089060195044e-14,1.31040984974246e-05,1.60183992837227,0.32780339759087,0.991929969526641,448.931170407156,0.881899309926267,0.191830539606824,0.562587499581063,2403.8,387.84,320,320
0.385,0,0,0,0,0,0,0,0,0,0,0,0,1,0,0,0,0,0,0,0.035,0,Inf,Inf,Inf,0.045,0.045,0.035,0.04,0.0301001850028758,8.02042403803708e-05,8.22265965574633e-14,1.31137683015623e-05,1.59921468163916,0.326879488726662,1.10360338527195,451.502780386348,0.880025933824811,0.191426623714318,0.60688864907966,2403.8,387.84,320,320
0.386,0,0,0,0,0,0,0,0,0,0,0,0,1,0,0,0,0,0,0,0.035,0,Inf,Inf,Inf,0.045,0.045,0.035,0.04,0.0302179405667489,8.04016517907779e-05,8.24391790683274e-14,1.30836073241455e-05,1.60113832419489,0.327123756941095,1.14891467491136,453.269113833117,0.882718626247145,0.192321687010438,0.627596780147375,2403.8,387.84,320,320
0.387,0,0,0,0,0,0,0,0,0,0,0,0,1,0,0,0,0,0,0,0.035,0,Inf,Inf,Inf,0.045,0.045,0.035,0.04,0.030242985496418,8.03411681233563e-05,8.23822277559916e-14,1.30276268167885e-05,1.60506094842267,0.327185423140661,1.03196914454074,453.644787742533,0.883887171965727,0.192319631650156,0.571567944575781,2403.8,387.84,320,320
0.388,0,0,0,0,0,0,0,0,0,0,0,0,1,0,0,0,0,0,0,0.035,0,Inf,Inf,Inf,0.045,0.045,0.035,0.04,0.030172165539126,8.03077886656109e-05,8.20957258384351e-14,1.29703589349776e-05,1.60373312149942,0.326386269083227,0.797840728605022,452.582488338177,0.882561105257805,0.191953498570364,0.455420392970733,2403.8,387.84,320,320
0.389,0,0,0,0,0,0,0,0,0,0,0,0,1,0,0,0,0,0,0,0.035,0,Inf,Inf,Inf,0.045,0.045,0.035,0.04,0.0302606304478545,8.06028318151268e-05,8.17104598156244e-14,1.29374518075494e-05,1.60254595419988,0.325765291717304,0.760084585402261,450.596053053283,0.883808930227822,0.192552272796973,0.469646082166314,2403.8,387.84,320,320
0.39,0,0,0,0,0,0,0,0,0,0,0,0,1,0,0,0,0,0,0,0.035,0,Inf,Inf,Inf,0.045,0.045,0.035,0.04,0.0303135056918938,8.06222336733685e-05,8.13993871148015e-14,1.29451646014218e-05,1.6078271542236,0.326090305673457,0.794218913043241,448.574548478865,0.885667405883236,0.192672620546343,0.492124482090378,2403.8,387.84,320,320
0.391,0,0,0,0,0,0,0,0,0,0,0,0,1,0,0,0,0,0,0,0.035,0,Inf,Inf,Inf,0.045,0.045,0.035,0.04,0.0302659219533416,8.0383359384131e-05,8.13094510272624e-14,1.29933160615266e-05,1.60790761334916,0.325592359135347,0.789559332440823,447.441378911417,0.884965561086673,0.192413157032785,0.487286637364536,2403.8,387.84,320,320
0.392,0,0,0,0,0,0,0,0,0,0,0,0,1,0,0,0,0,0,0,0.035,0,Inf,Inf,Inf,0.045,0.045,0.035,0.04,0.0302950161593541,8.0729711508512e-05,8.15003470649747e-14,1.30651966653474e-05,1.60358855027707,0.324706242496114,0.824719295929453,447.779207616861,0.884699661725445,0.19272350101683,0.495172160692838,2403.8,387.84,320,320
0.393,0,0,0,0,0,0,0,0,0,0,0,0,1,0,0,0,0,0,0,0.035,0,Inf,Inf,Inf,0.045,0.045,0.035,0.04,0.030375432467661,8.08587545825167e-05,8.19182639091957e-14,1.31345532095356e-05,1.6101350785938,0.325102265944498,0.93250554475999,449.580712220052,0.887229284376245,0.192955907239526,0.539757969371546,2403.8,387.84,320,320
0.394,0,0,0,0,0,0,0,0,0,0,0,0,1,0,0,0,0,0,0,0.035,0,Inf,Inf,Inf,0.045,0.045,0.035,0.04,0.0303537371019328,8.0695250315502e-05,8.24178912156756e-14,1.31762602842019e-05,1.61169047566991,0.324622824514113,1.034932418751,452.246357392814,0.887208652532779,0.192731812288557,0.587345926553215,2403.8,387.84,320,320
0.395,0,0,0,0,0,0,0,0,0,0,0,0,1,0,0,0,0,0,0,0.035,0,Inf,Inf,Inf,0.045,0.045,0.035,0.04,0.0303221325983326,8.07823763408578e-05,8.28219984305274e-14,1.31760781001603e-05,1.6079659094991,0.323322427670907,1.04634006270502,454.831994353125,0.884827890889773,0.192179472206378,0.592876609927214,2403.8,387.84,320,320
0.396,0,0,0,0,0,0,0,0,0,0,0,0,1,0,0,0,0,0,0,0.035,0,Inf,Inf,Inf,0.045,0.045,0.035,0.04,0.0304285866587579,8.10138968271345e-05,8.29914667805283e-14,1.31359863269228e-05,1.61199523052343,0.323657116737756,0.956330989682081,456.428805241244,0.888566825694466,0.193146509478902,0.546796503884273,2403.8,387.84,320,320
0.397,0,0,0,0,0,0,0,0,0,0,0,0,1,0,0,0,0,0,0,0.035,0,Inf,Inf,Inf,0.045,0.045,0.035,0.04,0.0304343291491478,8.09510700824775e-05,8.28782950497187e-14,1.30735196657536e-05,1.61504534910561,0.323497096828088,0.911597901454714,456.514942555881,0.889261312976878,0.193073580367215,0.535903220340751,2403.8,387.84,320,320
0.398,0,0,0,0,0,0,0,0,0,0,0,0,1,0,0,0,0,0,0,0.035,0,Inf,Inf,Inf,0.045,0.045,0.035,0.04,0.0303435508673662,8.08089927900143e-05,8.2544088262255e-14,1.30153356062524e-05,1.61259974012403,0.322517248301475,1.08643261387636,455.153268281942,0.887405023172835,0.192636103246032,0.618854164466528,2403.8,387.84,320,320
0.399,0,0,0,0,0,0,0,0,0,0,0,0,1,0,0,0,0,0,0,0.035,0,Inf,Inf,Inf,0.045,0.045,0.035,0.04,0.0304732411582255,8.11080626500473e-05,8.2138347418047e-14,1.29869732305053e-05,1.61342981240664,0.322352367244619,1.14607251773454,452.973819378459,0.889680098452931,0.193307345062784,0.648464629943559,2403.8,387.84,320,320
0.4,0,0,0,0,0,0,0,0,0,0,0,0,1,0,0,0,0,0,0,0.035,0,Inf,Inf,Inf,0.045,0.045,0.035,0.04,0.0305071967145382,8.11375445068629e-05,8.18423421261579e-14,1.30024801014292e-05,1.61794784868185,0.322337627106786,1.06109660541183,450.943187582854,0.891100699557054,0.193347244489809,0.604315218803335,2403.8,387.84,320,320
0.401,0,0,0,0,0,0,0,0,0,0,0,0,1,0,0,0,0,0,0,0.035,0,Inf,Inf,Inf,0.045,0.045,0.035,0.04,0.0304379421065401,8.08980717099075e-05,8.17969214955173e-14,1.30583531947712e-05,1.61691464697831,0.321499128929992,0.919702176173537,449.989645813669,0.88985241977789,0.192971428334275,0.525505479146278,2403.8,387.84,320,320
0.402,0,0,0,0,0,0,0,0,0,0,0,0,1,0,0,0,0,0,0,0.035,0,Inf,Inf,Inf,0.045,0.045,0.035,0.04,0.0305095969543723,8.11949745851291e-05,8.20431942582806e-14,1.31347792336196e-05,1.61447190613435,0.320923782433819,0.853923702320443,450.621524499435,0.890583008052511,0.193536538192622,0.479132436861009,2403.8,387.84,320,320
0.403,0,0,0,0,0,0,0,0,0,0,0,0,1,0,0,0,0,0,0,0.035,0,Inf,Inf,Inf,0.045,0.045,0.035,0.04,0.0305720973521548,8.12889262205559e-05,8.25039605868464e-14,1.32036915891026e-05,1.62038637125276,0.321303443657522,0.868696537038514,452.707101848768,0.892719702181102,0.193724646053335,0.478664311988317,2403.8,387.84,320,320
0.404,0,0,0,0,0,0,0,0,0,0,0,0,1,0,0,0,0,0,0,0.035,0,Inf,Inf,Inf,0.045,0.045,0.035,0.04,0.0305276019596876,8.11163288150374e-05,8.30155780722425e-14,1.32399753008295e-05,1.62085922244302,0.320807889399452,0.851474330999013,455.525613385739,0.892146489603685,0.193484811669821,0.472583021604928,2403.8,387.84,320,320
0.405,0,0,0,0,0,0,0,0,0,0,0,0,1,0,0,0,0,0,0,0.035,0,Inf,Inf,Inf,0.045,0.045,0.035,0.04,0.0305376872486846,8.13053629324379e-05,8.33947929560356e-14,1.32312172393668e-05,1.61600407567941,0.31951192394221,0.764075127666662,458.065314138781,0.889258597079571,0.193698920705977,0.462170849901253,2403.8,387.84,320,320
0.406,0,0,0,0,0,0,0,0,0,0,0,0,1,0,0,0,0,0,0,0.035,0,Inf,Inf,Inf,0.045,0.045,0.035,0.04,0.0306285562992606,8.14468520165721e-05,8.35107136683789e-14,1.31825196097003e-05,1.6223613586203,0.319993596720521,0.814667552213935,459.42834987262,0.89411494588741,0.193967379833026,0.488118658870797,2403.8,387.84,320,320
0.407,0,0,0,0,0,0,0,0,0,0,0,0,1,0,0,0,0,0,0,0.035,0,Inf,Inf,Inf,0.045,0.045,0.035,0.04,0.0306117240304465,8.13227687071083e-05,8.33345598305287e-14,1.31156677335612e-05,1.6243919615092,0.319605521427517,0.910431855449035,455.615522272293,0.8942666806757,0.193791774558045,0.538114327720987,2403.8,387.84,320,320
0.408,0,0,0,0,0,0,0,0,0,0,0,0,1,0,0,0,0,0,0,0.035,0,Inf,Inf,Inf,0.045,0.045,0.035,0.04,0.0305579047854671,8.14304603019309e-05,8.29512383698853e-14,1.31191529894694e-05,1.62076129838092,0.318329251889432,0.929120378574738,458.368576871188,0.89185826165825,0.193247924871462,0.548253253829534,2403.8,387.84,320,320
0.409,0,0,0,0,0,0,0,0,0,0,0,0,1,0,0,0,0,0,0,0.035,0,Inf,Inf,Inf,0.045,0.045,0.035,0.04,0.0306760408784651,8.16292881295437e-05,8.25290029941782e-14,1.3080451840219e-05,1.62388439199094,0.318616680772558,0.893499535190513,460.140618249596,0.895282650960534,0.194264929942112,0.526803490789961,2403.8,387.84,320,320
0.41,0,0,0,0,0,0,0,0,0,0,0,0,1,0,0,0,0,0,0,0.035,0,Inf,Inf,Inf,0.045,0.045,0.035,0.04,0.0306889697989107,8.15503967643128e-05,8.22555549647065e-14,1.30586302022383e-05,1.62748005298773,0.318510560857386,0.928067822437234,453.132585156897,0.896190069212264,0.194199675206606,0.533112044351742,2403.8,387.84,320,320
0.411,0,0,0,0,0,0,0,0,0,0,0,0,1,0,0,0,0,0,0,0.035,0,Inf,Inf,Inf,0.045,0.045,0.035,0.04,0.0305976291604095,8.15341779041307e-05,8.22623228490256e-14,1.31221175601412e-05,1.62524153090826,0.317427911011589,0.953510939254611,452.404232126676,0.894361549102926,0.193722175218801,0.545174648946459,2403.8,387.84,320,320
0.412,0,0,0,0,0,0,0,0,0,0,0,0,1,0,0,0,0,0,0,0.035,0,Inf,Inf,Inf,0.045,0.045,0.035,0.04,0.0307145156559617,8.1814396851346e-05,8.2568488354162e-14,1.32016201057539e-05,1.62498040612249,0.316820307786417,0.935820709038179,453.364498515407,0.896229514870013,0.194440668725533,0.528018578494184,2403.8,387.84,320,320
0.413,0,0,0,0,0,0,0,0,0,0,0,0,1,0,0,0,0,0,0,0.035,0,Inf,Inf,Inf,0.045,0.045,0.035,0.04,0.0307580557275734,8.18015735301782e-05,8.30718201483096e-14,1.32677038920247e-05,1.6301015513064,0.316882390409357,0.910231041605683,455.744631226559,0.897901322025802,0.194476386070182,0.516550590979178,2403.8,387.84,320,320
0.414,0,0,0,0,0,0,0,0,0,0,0,0,1,0,0,0,0,0,0,0.035,0,Inf,Inf,Inf,0.045,0.045,0.035,0.04,0.0306912109882248,8.15821929823178e-05,8.35912460222827e-14,1.32963468742315e-05,1.62938456115061,0.316077797369633,0.894123867479882,458.702209002658,0.896737867440975,0.194094968782354,0.523454088191916,2403.8,387.84,320,320
0.415,0,0,0,0,0,0,0,0,0,0,0,0,1,0,0,0,0,0,0,0.035,0,Inf,Inf,Inf,0.045,0.045,0.035,0.04,0.030744598555289,8.19555581549598e-05,8.3940408349636e-14,1.32780173537922e-05,1.62568894682612,0.315206638302638,0.962249957568791,461.168983764638,0.896967049507437,0.194665167379721,0.546463542004017,2403.8,387.84,320,320
0.416,0,0,0,0,0,0,0,0,0,0,0,0,1,0,0,0,0,0,0,0.035,0,Inf,Inf,Inf,0.045,0.045,0.035,0.04,0.0308183410414439,8.20376727944018e-05,8.40001288334212e-14,1.32213124257917e-05,1.63224770134072,0.315592932686557,1.03317089016102,462.275121025739,0.899387718224971,0.194851418761569,0.577461596737821,2403.8,387.84,320,320
0.417,0,0,0,0,0,0,0,0,0,0,0,0,1,0,0,0,0,0,0,0.035,0,Inf,Inf,Inf,0.045,0.045,0.035,0.04,0.0307787160911544,8.18159589483611e-05,8.37633512131557e-14,1.32271298700136e-05,1.63313698805727,0.315076706638499,1.01325796716363,458.780847310091,0.898954979761316,0.194579599849489,0.568080964235826,2403.8,387.84,320,320
0.418,0,0,0,0,0,0,0,0,0,0,0,0,1,0,0,0,0,0,0,0.035,0,Inf,Inf,Inf,0.045,0.045,0.035,0.04,0.0307670784123054,8.20313071580226e-05,8.33387681471753e-14,1.32214559814319e-05,1.6282918017483,0.313657335427061,0.890145638900943,461.506181322662,0.896000540713578,0.193983381238878,0.507742867308244,2403.8,387.84,320,320
0.419,0,0,0,0,0,0,0,0,0,0,0,0,1,0,0,0,0,0,0,0.035,0,Inf,Inf,Inf,0.045,0.045,0.035,0.04,0.0308697116470592,8.22202284892452e-05,8.2911555670352e-14,1.31738885474956e-05,1.63392127846127,0.313930517934486,0.733704496472395,463.045679820256,0.900638793204793,0.195086153847461,0.427189714694965,2403.8,387.84,320,320
0.42,0,0,0,0,0,0,0,0,0,0,0,0,1,0,0,0,0,0,0,0.035,0,Inf,Inf,Inf,0.045,0.045,0.035,0.04,0.0308592283709779,8.2087263850627e-05,8.26722432593521e-14,1.31129694537439e-05,1.63645129620632,0.313686178587075,0.736378805790289,455.30759242519,0.900979410569744,0.194940593943032,0.452949083017103,2403.8,387.84,320,320
0.421,0,0,0,0,0,0,0,0,0,0,0,0,1,0,0,0,0,0,0,0.035,0,Inf,Inf,Inf,0.045,0.045,0.035,0.04,0.0307824079504674,8.2061205001416e-05,8.2738771132222e-14,1.31842166705246e-05,1.63294758388113,0.312515767063781,0.736487445488815,454.858467997287,0.898562363026095,0.194417821002139,0.455432724270348,2403.8,387.84,320,320
0.422,0,0,0,0,0,0,0,0,0,0,0,0,1,0,0,0,0,0,0,0.035,0,Inf,Inf,Inf,0.045,0.045,0.035,0.04,0.030912087954864,8.23421372831247e-05,8.31054898350459e-14,1.32663278401359e-05,1.63513739063555,0.312501044915651,0.822000968088204,456.169572884799,0.901656724744476,0.195289526163913,0.489260070998768,2403.8,387.84,320,320
0.423,0,0,0,0,0,0,0,0,0,0,0,0,1,0,0,0,0,0,0,0.035,0,Inf,Inf,Inf,0.045,0.045,0.035,0.04,0.0309321801499866,8.23094669778049e-05,8.36445382737357e-14,1.33284098936469e-05,1.63929092208837,0.312422040349616,0.908203333954275,458.824271164853,0.902789307702728,0.195267946976688,0.533168417815396,2403.8,387.84,320,320
0.424,0,0,0,0,0,0,0,0,0,0,0,0,1,0,0,0,0,0,0,0.035,0,Inf,Inf,Inf,0.045,0.045,0.035,0.04,0.0308403801812118,8.20785920407944e-05,8.41592409146441e-14,1.33476253209901e-05,1.63728115955231,0.31131637484073,0.929009982495906,461.862937581921,0.90100365493371,0.19477844515006,0.544207021506968,2403.8,387.84,320,320
0.425,0,0,0,0,0,0,0,0,0,0,0,0,1,0,0,0,0,0,0,0.035,0,Inf,Inf,Inf,0.045,0.045,0.035,0.04,0.0309452067101681,8.24242433005629e-05,8.44636575411352e-14,1.33178684965949e-05,1.63592392000807,0.310544762290145,0.945315935506286,464.178106110476,0.902447831068338,0.195399133319719,0.545581682312283,2403.8,387.84,320,320
0.426,0,0,0,0,0,0,0,0,0,0,0,0,1,0,0,0,0,0,0,0.035,0,Inf,Inf,Inf,0.045,0.045,0.035,0.04,0.0309967498516813,8.24797735630131e-05,8.44544648288552e-14,1.32996150894597e-05,1.64163354177229,0.310694944850043,0.930491388919494,458.814575965794,0.904367205945502,0.195514021081556,0.538000899002936,2403.8,387.84,320,320
0.427,0,0,0,0,0,0,0,0,0,0,0,0,1,0,0,0,0,0,0,0.035,0,Inf,Inf,Inf,0.045,0.045,0.035,0.04,0.0309308898617031,8.22348693048535e-05,8.41499314560126e-14,1.33327491138755e-05,1.64122609922312,0.309890568967089,0.867519623957203,461.897727915503,0.903288689843403,0.195147078779886,0.504196598649988,2403.8,387.84,320,320
0.428,0,0,0,0,0,0,0,0,0,0,0,0,1,0,0,0,0,0,0,0.035,0,Inf,Inf,Inf,0.045,0.045,0.035,0.04,0.0309689385369426,8.25018655609649e-05,8.36843433183507e-14,1.33162461753399e-05,1.63631419843805,0.308710372700019,0.914644264011781,464.534083237518,0.903017189150514,0.195523750820048,0.534405895074937,2403.8,387.84,320,320
0.429,0,0,0,0,0,0,0,0,0,0,0,0,1,0,0,0,0,0,0,0.035,0,Inf,Inf,Inf,0.045,0.045,0.035,0.04,0.0310518260226207,8.26265220617825e-05,8.32588437465185e-14,1.32599280513589e-05,1.64346490100604,0.30905555829154,0.996638878976807,465.777395491548,0.905694855760685,0.195757534352951,0.575059142561185,2403.8,387.84,320,320
0.43,0,0,0,0,0,0,0,0,0,0,0,0,1,0,0,0,0,0,0,0.035,0,Inf,Inf,Inf,0.045,0.045,0.035,0.04,0.0310150499243826,8.24483934166875e-05,8.306307508603e-14,1.31894296379812e-05,1.64472163328575,0.308449671964801,0.985200545565798,465.225753965469,0.905379169430868,0.195491396437233,0.569055970531202,2403.8,387.84,320,320
0.431,0,0,0,0,0,0,0,0,0,0,0,0,1,0,0,0,0,0,0,0.035,0,Inf,Inf,Inf,0.045,0.045,0.035,0.04,0.0309838847063701,8.25918445068142e-05,8.31964935917708e-14,1.32408045000942e-05,1.63985390652257,0.306922461156371,0.909425289161738,457.199981982079,0.902344313830023,0.194852439975924,0.527270293795189,2403.8,387.84,320,320
0.432,0,0,0,0,0,0,0,0,0,0,0,0,1,0,0,0,0,0,0,0.035,0,Inf,Inf,Inf,0.045,0.045,0.035,0.04,0.0310966748481574,8.27792415431983e-05,8.36247862313628e-14,1.33239338682856e-05,1.64478192910288,0.307197468580759,0.848455087456041,458.884676857071,0.906764609340165,0.196039368536093,0.488338299968788,2403.8,387.84,320,320
0.433,0,0,0,0,0,0,0,0,0,0,0,0,1,0,0,0,0,0,0,0.035,0,Inf,Inf,Inf,0.045,0.045,0.035,0.04,0.0310909128495924,8.2658798065881e-05,8.41936911741e-14,1.33806376995676e-05,1.647716253002,0.306993833109563,0.844513905103178,461.798096443315,0.90724550387196,0.195909268760592,0.478555097323978,2403.8,387.84,320,320
0.434,0,0,0,0,0,0,0,0,0,0,0,0,1,0,0,0,0,0,0,0.035,0,Inf,Inf,Inf,0.045,0.045,0.035,0.04,0.0309912209187673,8.26731146888043e-05,8.46934073941918e-14,1.33898921458359e-05,1.64426203321188,0.305787387885542,0.851529088482559,464.868319272806,0.904783190133625,0.195370235380779,0.480542431416124,2403.8,387.84,320,320
0.435,0,0,0,0,0,0,0,0,0,0,0,0,1,0,0,0,0,0,0,0.035,0,Inf,Inf,Inf,0.045,0.045,0.035,0.04,0.0311312304931122,8.29337649741091e-05,8.49428040699757e-14,1.33491016963939e-05,1.64559704740285,0.305391240508254,0.811658959355116,466.968462872968,0.907574032675637,0.196253315156703,0.465155546882671,2403.8,387.84,320,320
0.436,0,0,0,0,0,0,0,0,0,0,0,0,1,0,0,0,0,0,0,0.035,0,Inf,Inf,Inf,0.045,0.045,0.035,0.04,0.0311571628715755,8.28765445215205e-05,8.48588583601962e-14,1.34103923511237e-05,1.65017287893022,0.305365889771962,0.781056406512734,461.714338374334,0.90886191708961,0.19622421874403,0.476265469792395,2403.8,387.84,320,320
0.437,0,0,0,0,0,0,0,0,0,0,0,0,1,0,0,0,0,0,0,0.035,0,Inf,Inf,Inf,0.045,0.045,0.035,0.04,0.0310639666539386,8.27174031840605e-05,8.44880160268835e-14,1.34330898180123e-05,1.64827165842471,0.304293912238875,0.805799382416256,464.878880972583,0.907061411569889,0.195733619556657,0.481476177747019,2403.8,387.84,320,320
0.438,0,0,0,0,0,0,0,0,0,0,0,0,1,0,0,0,0,0,0,0.035,0,Inf,Inf,Inf,0.045,0.045,0.035,0.04,0.0311557190088402,8.30644725299412e-05,8.39902484040575e-14,1.3404241818673e-05,1.64593373823793,0.303340919226744,0.841478260983193,467.33579035809,0.908123050097556,0.196442043572021,0.501466973855353,2403.8,387.84,320,320
0.439,0,0,0,0,0,0,0,0,0,0,0,0,1,0,0,0,0,0,0,0.035,0,Inf,Inf,Inf,0.045,0.045,0.035,0.04,0.0312131863026198,8.30901533035677e-05,8.35795554845368e-14,1.3338415597515e-05,1.65206743584886,0.303601228712908,0.843200646070529,468.197799725425,0.910205351280438,0.19654465673149,0.497254368698052,2403.8,387.84,320,320
0.44,0,0,0,0,0,0,0,0,0,0,0,0,1,0,0,0,0,0,0,0.035,0,Inf,Inf,Inf,0.045,0.045,0.035,0.04,0.0311466578578699,8.28010154411094e-05,8.34391262057246e-14,1.32649881657564e-05,1.65181553308198,0.302812659234033,0.924302645218855,467.199872997156,0.909137752759833,0.196153038752771,0.532749678605327,2403.8,387.84,320,320
0.441,0,0,0,0,0,0,0,0,0,0,0,0,1,0,0,0,0,0,0,0.035,0,Inf,Inf,Inf,0.045,0.045,0.035,0.04,0.0311702844513258,8.31468737564027e-05,8.36440698557287e-14,1.32930738968347e-05,1.64582795188762,0.301151041812642,0.970622809354233,459.466144629279,0.908424638753297,0.19649138689951,0.554670380428729,2403.8,387.84,320,320
0.442,0,0,0,0,0,0,0,0,0,0,0,0,1,0,0,0,0,0,0,0.035,0,Inf,Inf,Inf,0.045,0.045,0.035,0.04,0.0312586525494194,8.32730646228719e-05,8.41279909887043e-14,1.33740728545325e-05,1.65339138051254,0.301515228349081,0.941045842711645,461.519075796543,0.911266534126751,0.196738926556412,0.539938808745042,2403.8,387.84,320,320
0.443,0,0,0,0,0,0,0,0,0,0,0,0,1,0,0,0,0,0,0,0.035,0,Inf,Inf,Inf,0.045,0.045,0.035,0.04,0.0312214827846852,8.3057593969704e-05,8.47109438533699e-14,1.34214893593261e-05,1.6548397781828,0.30090957345486,0.883315725736397,464.627493120236,0.910983054570663,0.196448872513551,0.507768644595946,2403.8,387.84,320,320
0.444,0,0,0,0,0,0,0,0,0,0,0,0,1,0,0,0,0,0,0,0.035,0,Inf,Inf,Inf,0.045,0.045,0.035,0.04,0.0311749731147314,8.31720489677128e-05,8.51745206149158e-14,1.34175701214134e-05,1.64981726320762,0.299335037010234,0.851545380459018,467.62460223113,0.907808361233236,0.195773485477503,0.492931228506923,2403.8,387.84,320,320
0.445,0,0,0,0,0,0,0,0,0,0,0,0,1,0,0,0,0,0,0,0.035,0,Inf,Inf,Inf,0.045,0.045,0.035,0.04,0.0312930881220208,8.33989463452644e-05,8.53488005656868e-14,1.34481229622886e-05,1.65415100527521,0.299464617743802,0.8691721219622,461.428600045499,0.912041035771692,0.196946891010331,0.506010589400907,2403.8,387.84,320,320
0.446,0,0,0,0,0,0,0,0,0,0,0,0,1,0,0,0,0,0,0,0.035,0,Inf,Inf,Inf,0.045,0.045,0.035,0.04,0.0312875318211486,8.32772361180639e-05,8.5176913810806e-14,1.35090761533814e-05,1.65730434422535,0.299204507600656,0.926275116573903,464.387572252167,0.912571876915703,0.196806155674447,0.529898764042474,2403.8,387.84,320,320
0.447,0,0,0,0,0,0,0,0,0,0,0,0,1,0,0,0,0,0,0,0.035,0,Inf,Inf,Inf,0.045,0.045,0.035,0.04,0.0311703010994166,8.31608288649217e-05,8.47366735664137e-14,1.35196127636107e-05,1.65375250449196,0.297893733378179,0.943217465087811,467.554521767335,0.909997541295048,0.196212604270563,0.537687083790797,2403.8,387.84,320,320
0.448,0,0,0,0,0,0,0,0,0,0,0,0,1,0,0,0,0,0,0,0.035,0,Inf,Inf,Inf,0.045,0.045,0.035,0.04,0.0313161119770007,8.34715342695302e-05,8.42130620695867e-14,1.34783956562994e-05,1.65436508236278,0.297211784043526,0.891934742546065,469.741684916929,0.912526824724624,0.197046491697402,0.512803170701581,2403.8,387.84,320,320
0.449,0,0,0,0,0,0,0,0,0,0,0,0,1,0,0,0,0,0,0,0.035,0,Inf,Inf,Inf,0.045,0.045,0.035,0.04,0.0313435456682197,8.34460551820593e-05,8.38285376704675e-14,1.34043802499497e-05,1.65918164019891,0.297189929464949,0.799034824118073,470.153190238139,0.913880413565088,0.197049096717904,0.465574804518887,2403.8,387.84,320,320
0.45,0,0,0,0,0,0,0,0,0,0,0,0,1,0,0,0,0,0,0,0.035,0,Inf,Inf,Inf,0.045,0.045,0.035,0.04,0.0312456456670841,8.31429588763806e-05,8.37535212595464e-14,1.33299626674108e-05,1.65723745881067,0.296134929766726,0.738230699212108,468.684690160786,0.911995563391623,0.19655293853763,0.445183785096866,2403.8,387.84,320,320
0.451,0,0,0,0,0,0,0,0,0,0,0,0,1,0,0,0,0,0,0,0.035,0,Inf,Inf,Inf,0.045,0.045,0.035,0.04,0.0313279371431527,8.35172533180338e-05,8.40335211692147e-14,1.33344435609012e-05,1.6540651927215,0.295061178285158,0.733125506915108,461.413633986151,0.91273445474951,0.197142138672004,0.446194865195086,2403.8,387.84,320,320
0.452,0,0,0,0,0,0,0,0,0,0,0,0,1,0,0,0,0,0,0,0.035,0,Inf,Inf,Inf,0.045,0.045,0.035,0.04,0.0313884599122848,8.35767021772259e-05,8.45683892499989e-14,1.34118950395189e-05,1.66045747057182,0.295321948816035,0.775402045534746,463.828720592742,0.914896871641725,0.197280787885854,0.466385866454458,2403.8,387.84,320,320
0.453,0,0,0,0,0,0,0,0,0,0,0,0,1,0,0,0,0,0,0,0.035,0,Inf,Inf,Inf,0.045,0.045,0.035,0.04,0.0313191917379145,8.33056210552248e-05,8.51548988638469e-14,1.34486422968832e-05,1.66021569411701,0.294483600165873,0.874050401146101,467.084342955684,0.913772718480667,0.19688805283469,0.51664050224718,2403.8,387.84,320,320
0.454,0,0,0,0,0,0,0,0,0,0,0,0,1,0,0,0,0,0,0,0.035,0,Inf,Inf,Inf,0.045,0.045,0.035,0.04,0.0313294060513416,8.35531236295126e-05,8.55709616751514e-14,1.34563741532088e-05,1.65358675681575,0.292593213935861,0.916847922116725,461.536202924285,0.909893246347954,0.196118089510389,0.539387251913861,2403.8,387.84,320,320
0.455,0,0,0,0,0,0,0,0,0,0,0,0,1,0,0,0,0,0,0,0.035,0,Inf,Inf,Inf,0.045,0.045,0.035,0.04,0.0314217727515777,8.36818201874448e-05,8.56625935551502e-14,1.35440717458583e-05,1.66112530030964,0.292945602327512,0.883400828678716,463.568169717155,0.915625134671389,0.197420245533405,0.520315865410572,2403.8,387.84,320,320
0.456,0,0,0,0,0,0,0,0,0,0,0,0,1,0,0,0,0,0,0,0.035,0,Inf,Inf,Inf,0.045,0.045,0.035,0.04,0.0313834216850655,8.27161256446462e-05,8.54032914184728e-14,1.36015869391026e-05,1.66266165419416,0.290641761848165,0.846001659352895,466.705207207078,0.916242012800074,0.195831205459225,0.495507889331692,2403.8,387.84,320,320
0.457,0,0,0,0,0,0,0,0,0,0,0,0,1,0,0,0,0,0,0,0.035,0,Inf,Inf,Inf,0.045,0.045,0.035,0.04,0.0313143551843276,8.22377258598142e-05,8.49028231664152e-14,1.36120945725311e-05,1.65740692358477,0.292438524508036,0.848830763523735,469.715333087493,0.914099731333729,0.197057459327945,0.492729668392358,2403.8,387.84,320,320
0.458,0,0,0,0,0,0,0,0,0,0,0,0,1,0,0,0,0,0,0,0.035,0,Inf,Inf,Inf,0.045,0.045,0.035,0.04,0.0314285828608462,8.19171946608797e-05,8.4368554401495e-14,1.35759360822092e-05,1.66121994282603,0.293678133664912,0.849814337838772,471.428748220295,0.909895959306248,0.198150169012312,0.494222600242247,2403.8,387.84,320,320
0.459,0,0,0,0,0,0,0,0,0,0,0,0,1,0,0,0,0,0,0,0.035,0,Inf,Inf,Inf,0.045,0.045,0.035,0.04,0.0314126691728419,8.10357750636157e-05,8.40258068444872e-14,1.35119047185857e-05,1.66448712820971,0.292795494984603,0.877451858739725,471.19004285745,0.907680367598459,0.198336405145814,0.506095560526811,2403.8,387.84,320,320
0.46,0,0,0,0,0,0,0,0,0,0,0,0,1,0,0,0,0,0,0,0.035,0,Inf,Inf,Inf,0.045,0.045,0.035,0.04,0.031288825387474,7.90827819165757e-05,8.40256993700745e-14,1.34512036232744e-05,1.66072149952571,0.288079285659089,0.915162893460639,469.115041123501,0.903336255172884,0.196799798676127,0.520225036037124,2403.8,387.84,320,320
0.461,0,0,0,0,0,0,0,0,0,0,0,0,1,0,0,0,0,0,0,0.035,0,Inf,Inf,Inf,0.045,0.045,0.035,0.04,0.0314269674212543,7.89926992891804e-05,8.43745683956163e-14,1.34239161208374e-05,1.66073138841076,0.275849573737717,0.892762819951067,466.030189872709,0.889109113865404,0.192022341725733,0.502025595929367,2403.8,387.84,320,320
0.462,0,0,0,0,0,0,0,0,0,0,0,0,1,0,0,0,0,0,0,0.035,0,Inf,Inf,Inf,0.045,0.045,0.035,0.04,0.0314419461520861,7.90732461648796e-05,8.49316152836524e-14,1.34414579089511e-05,1.66572793968776,0.255574036795049,0.861030997534244,463.189463844992,0.885749478704174,0.183936729938782,0.477663403398418,2403.8,387.84,320,320
0.463,0,0,0,0,0,0,0,0,0,0,0,0,1,0,0,0,0,0,0,0.035,0,Inf,Inf,Inf,0.045,0.045,0.035,0.04,0.0313273934050457,7.74778948748936e-05,8.54745515353691e-14,1.34954222347124e-05,1.66368526976671,0.245022759285879,0.856712652487728,461.75120123659,0.881539554026846,0.183179796162351,0.470867396505464,2403.8,387.84,320,320
0.464,0,0,0,0,0,0,0,0,0,0,0,0,1,0,0,0,0,0,0,0.035,0,Inf,Inf,Inf,0.045,0.045,0.035,0.04,0.0314304930757166,7.3920019078006e-05,8.57866892643822e-14,1.35623864720617e-05,1.65977478330143,0.232657906724244,0.853412041560325,462.328700438931,0.892196399442663,0.179168909558659,0.469800837209479,2403.8,387.84,320,320
0.465,0,0,0,0,0,0,0,0,0,0,0,0,1,0,0,0,0,0,0,0.035,0,Inf,Inf,Inf,0.045,0.045,0.035,0.04,0.0314793432902265,6.88397115539977e-05,8.57436194067814e-14,1.36136008189867e-05,1.66635732181171,0.212096069895755,0.924537988936744,464.704037873708,0.8886516331649,0.172135182748768,0.530637131348655,2403.8,387.84,320,320
0.466,0,0,0,0,0,0,0,0,0,0,0,0,1,0,0,0,0,0,0,0.035,0,Inf,Inf,Inf,0.045,0.045,0.035,0.04,0.0313939920639644,6.33117860610824e-05,8.53590072371609e-14,1.36265092126821e-05,1.666065083829,0.185314008924464,0.953814779687878,467.924217950114,0.884258349482833,0.163287538843185,0.544472683630031,2403.8,387.84,320,320
0.467,0,0,0,0,0,0,0,0,0,0,0,0,1,0,0,0,0,0,0,0.035,0,Inf,Inf,Inf,0.045,0.045,0.035,0.04,0.0313802730574704,5.87635367796444e-05,8.47806124211104e-14,1.35934646012708e-05,1.65908693756796,0.156412445830439,0.947248988363373,470.704101249737,0.879154083057999,0.154779691315153,0.537291591416843,2403.8,387.84,320,320
0.468,0,0,0,0,0,0,0,0,0,0,0,0,1,0,0,0,0,0,0,0.035,0,Inf,Inf,Inf,0.045,0.045,0.035,0.04,0.0314629718082633,5.659335907346e-05,8.42363606777027e-14,1.35247085220956e-05,1.66635401325365,0.148901084735983,0.959697609062115,471.94458247605,0.878984206588884,0.153267101291794,0.536746164743436,2403.8,387.84,320,320
0.469,0,0,0,0,0,0,0,0,0,0,0,0,1,0,0,0,0,0,0,0.035,0,Inf,Inf,Inf,0.045,0.045,0.035,0.04,0.0314101650245136,5.63129813781132e-05,8.39455616947865e-14,1.34447016124518e-05,1.66788927755688,0.148753725831422,1.01965604293389,471.1524806647,0.875807223224321,0.15358561113012,0.560581153283211,2403.8,387.84,320,320
0.47,0,0,0,0,0,0,0,0,0,0,0,0,1,0,0,0,0,0,0,0.035,0,Inf,Inf,Inf,0.045,0.045,0.035,0.04,0.0313403185271875,5.75987152672021e-05,8.40274880127324e-14,1.33828493036039e-05,1.66235511339617,0.144935117212703,1.08204840427956,468.624551167325,0.871498065740709,0.151875694947701,0.58887216972886,2403.8,387.84,320,320
0.471,0,0,0,0,0,0,0,0,0,0,0,0,1,0,0,0,0,0,0,0.035,0,Inf,Inf,Inf,0.045,0.045,0.035,0.04,0.0314552246733195,5.8743429336383e-05,8.44488339985752e-14,1.33617395345473e-05,1.66585082014786,0.13516750590739,1.08347820033064,465.344797145569,0.858030913832839,0.147465342893317,0.588592259024444,2403.8,387.84,320,320
0.472,0,0,0,0,0,0,0,0,0,0,0,0,1,0,0,0,0,0,0,0.035,0,Inf,Inf,Inf,0.045,0.045,0.035,0.04,0.0314369573312957,5.85373129867394e-05,8.50375004900595e-14,1.33876396246143e-05,1.66922219077787,0.119389304199982,1.00882204877234,462.61893032323,0.856276301601916,0.140802240121442,0.549086318533398,2403.8,387.84,320,320
0.473,0,0,0,0,0,0,0,0,0,0,0,0,1,0,0,0,0,0,0,0.035,0,Inf,Inf,Inf,0.045,0.045,0.035,0.04,0.0313150818210577,5.64223178893669e-05,8.55556036366252e-14,1.34476930132579e-05,1.66532145454113,0.101542980306845,0.904126198971149,461.555672981235,0.853030815267015,0.147236286002075,0.487909303127198,2403.8,387.84,320,320
0.474,0,0,0,0,0,0,0,0,0,0,0,0,1,0,0,0,0,0,0,0.035,0,Inf,Inf,Inf,0.045,0.045,0.035,0.04,0.0314591780199976,5.25821917274084e-05,8.57956802751008e-14,1.35152447542378e-05,1.66470234340814,0.088010177152074,0.903643063262188,462.596488112965,0.858607878453363,0.143727811507131,0.483109662817839,2403.8,387.84,320,320
0.475,0,0,0,0,0,0,0,0,0,0,0,0,1,0,0,0,0,0,0,0.035,0,Inf,Inf,Inf,0.045,0.045,0.035,0.04,0.0314760873029261,4.79241338124762e-05,8.56604494802306e-14,1.35605506827804e-05,1.66985658154933,0.0680668255831502,0.909471886789592,465.318523082345,0.856689022715295,0.138593670432116,0.485349827431582,2403.8,387.84,320,320
0.476,0,0,0,0,0,0,0,0,0,0,0,0,1,0,0,0,0,0,0,0.035,0,Inf,Inf,Inf,0.045,0.045,0.035,0.04,0.0313578812251923,4.47371890363918e-05,8.51975327590121e-14,1.3555905693998e-05,1.66769279081923,0.047116598679431,0.920195062998051,468.64766763796,0.853173340101076,0.134203643776363,0.490005691986563,2403.8,387.84,320,320
0.477,0,0,0,0,0,0,0,0,0,0,0,0,1,0,0,0,0,0,0,0.035,0,Inf,Inf,Inf,0.045,0.045,0.035,0.04,0.0314182003707365,4.48877169863305e-05,8.45847426287228e-14,1.34971050046064e-05,1.66306458454185,0.0279268669013463,0.907354940821066,471.27301097009,0.855468481187074,0.131859993132951,0.484213374918266,2403.8,387.84,320,320
0.478,0,0,0,0,0,0,0,0,0,0,0,0,1,0,0,0,0,0,0,0.035,0,Inf,Inf,Inf,0.045,0.045,0.035,0.04,0.0314781502283471,4.49129565218043e-05,8.40633442551471e-14,1.34021558785186e-05,1.66986718637094,0.0130593348958928,0.869446714579327,472.172258780988,0.856510165555228,0.131699071670175,0.466133550099624,2403.8,387.84,320,320
0.479,0,0,0,0,0,0,0,0,0,0,0,0,1,0,0,0,0,0,0,0.035,0,Inf,Inf,Inf,0.045,0.045,0.035,0.04,0.0313999475582633,4.52557432218105e-05,8.3842747103526e-14,1.3303492069458e-05,1.66956289733908,0.00447455554275937,0.837699168192034,470.9992186592,0.855474214629548,0.132720249581046,0.450232808498084,2403.8,387.84,320,320
0.48,0,0,0,0,0,0,0,0,0,0,0,0,1,0,0,0,0,0,0,0.035,0,Inf,Inf,Inf,0.045,0.045,0.035,0.04,0.0313893878137394,4.53773679427322e-05,8.40126712843244e-14,1.32349442241343e-05,1.66232467520184,0.00122121364871723,0.829884136674921,468.202528320019,0.851759223311901,0.133941543773973,0.446905163389177,2403.8,387.84,320,320
0.481,0,0,0,0,0,0,0,0,0,0,0,0,1,0,0,0,0,0,0,0.035,0,Inf,Inf,Inf,0.045,0.045,0.035,0.04,0.0314870995685707,4.54090799244036e-05,8.45071401883962e-14,1.32198335139008e-05,1.66942573414494,9.08606548788623e-05,0.864679800372025,464.890742906067,0.856140548411939,0.135801879076569,0.463182351714798,2403.8,387.84,320,320
0.482,0,0,0,0,0,0,0,0,0,0,0,0,1,0,0,0,0,0,0,0.035,0,Inf,Inf,Inf,0.045,0.045,0.035,0.04,0.0314445336139736,4.56505009218872e-05,8.51314009154107e-14,1.32651569523778e-05,1.67097190481571,9.05950127465169e-05,0.915141797884495,462.397724858016,0.856714075405503,0.135654634906167,0.488079967906413,2403.8,387.84,320,320
0.483,0,0,0,0,0,0,0,0,0,0,0,0,1,0,0,0,0,0,0,0.035,0,Inf,Inf,Inf,0.045,0.045,0.035,0.04,0.0313586889862833,4.58189053243191e-05,8.56378849374338e-14,1.33542615337151e-05,1.66518147302121,8.99464628555305e-05,0.908380568849777,461.772066871829,0.853749762363572,0.135440061191186,0.484789819555964,2403.8,387.84,320,320
0.484,0,0,0,0,0,0,0,0,0,0,0,0,1,0,0,0,0,0,0,0.035,0,Inf,Inf,Inf,0.045,0.045,0.035,0.04,0.0314886071794335,4.58597442353374e-05,8.58303132463604e-14,1.34529770289995e-05,1.66826155606404,8.97857908781685e-05,0.858945445414033,463.298313235792,0.856212064560989,0.137190631261158,0.458399999236145,2403.8,387.84,320,320
0.485,0,0,0,0,0,0,0,0,0,0,0,0,1,0,0,0,0,0,0,0.035,0,Inf,Inf,Inf,0.045,0.045,0.035,0.04,0.0314817068210587,4.5921827847087e-05,8.56348956613766e-14,1.35237229337676e-05,1.67171394023622,8.96990941997591e-05,0.813164577530133,466.379166004791,0.85772162716551,0.137121214607565,0.431613744896558,2403.8,387.84,320,320
0.486,0,0,0,0,0,0,0,0,0,0,0,0,1,0,0,0,0,0,0,0.035,0,Inf,Inf,Inf,0.045,0.045,0.035,0.04,0.0313409424436383,4.61507392960501e-05,8.51287141772561e-14,1.35402520646296e-05,1.66762591438506,8.92169836272535e-05,0.830160983179629,469.788508718412,0.855555247780244,0.136893908223955,0.44414866040343,2403.8,387.84,320,320
0.487,0,0,0,0,0,0,0,0,0,0,0,0,1,0,0,0,0,0,0,0.035,0,Inf,Inf,Inf,0.045,0.045,0.035,0.04,0.0314788616543997,4.62472944549054e-05,8.45127000032677e-14,1.34974653216944e-05,1.6666011643899,8.88655849129671e-05,0.839954586134474,472.182930222763,0.856015675695892,0.138472278053075,0.448644307665629,2403.8,387.84,320,320
0.488,0,0,0,0,0,0,0,0,0,0,0,0,1,0,0,0,0,0,0,0.035,0,Inf,Inf,Inf,0.045,0.045,0.035,0.04,0.0315087089399355,4.62991847452462e-05,8.40364328099727e-14,1.34133857621491e-05,1.67188434910372,8.88397949038698e-05,0.82512226271858,472.630639455515,0.858431798658746,0.138467897392759,0.441498275160953,2403.8,387.84,320,320
0.489,0,0,0,0,0,0,0,0,0,0,0,0,1,0,0,0,0,0,0,0.035,0,Inf,Inf,Inf,0.045,0.045,0.035,0.04,0.0313973415808979,4.65481599177564e-05,8.38979186603153e-14,1.33227126988504e-05,1.6696281611547,8.84233098485215e-05,0.792042387257735,470.960129002394,0.857140589538385,0.138248712618842,0.424911771222199,2403.8,387.84,320,320
0.49,0,0,0,0,0,0,0,0,0,0,0,0,1,0,0,0,0,0,0,0.035,0,Inf,Inf,Inf,0.045,0.045,0.035,0.04,0.0314583454938896,4.66627157104243e-05,8.41586658616933e-14,1.32635935072809e-05,1.66445463564621,8.76973017223859e-05,0.764291404423037,467.826557402958,0.855601874823509,0.139780148314767,0.419086642472044,2403.8,387.84,320,320
0.491,0,0,0,0,0,0,0,0,0,0,0,0,1,0,0,0,0,0,0,0.035,0,Inf,Inf,Inf,0.045,0.045,0.035,0.04,0.0315247826182294,4.6646378513013e-05,8.47157918562184e-14,1.32620077071267e-05,1.67146111257671,8.77877462101763e-05,0.76339786146559,464.477150514841,0.858884744855321,0.139826341584599,0.419771113031489,2403.8,387.84,320,320
0.492,0,0,0,0,0,0,0,0,0,0,0,0,1,0,0,0,0,0,0,0.035,0,Inf,Inf,Inf,0.045,0.045,0.035,0.04,0.0314462459020119,4.68575359706508e-05,8.53464146167869e-14,1.33204571085657e-05,1.67112735305584,8.74977480564536e-05,0.772800973892741,462.27520390999,0.858517043826767,0.139612539842724,0.423084995939429,2403.8,387.84,320,320
0.493,0,0,0,0,0,0,0,0,0,0,0,0,1,0,0,0,0,0,0,0.035,0,Inf,Inf,Inf,0.045,0.045,0.035,0.04,0.0314281185978722,4.70143019676345e-05,8.58009694753323e-14,1.34167277050239e-05,1.66354572241279,8.68143166264426e-05,0.80070920256915,462.141091910564,0.854695378836515,0.139378412246995,0.434737868637744,2403.8,387.84,320,320
0.494,0,0,0,0,0,0,0,0,0,0,0,0,1,0,0,0,0,0,0,0.035,0,Inf,Inf,Inf,0.045,0.045,0.035,0.04,0.031529713374147,4.70406438044949e-05,8.59017334126203e-14,1.35134379487675e-05,1.67045744696051,8.69112654044939e-05,0.83396212633862,464.150863303968,0.859036751693233,0.141097945490529,0.449976891592713,2403.8,387.84,320,320
0.495,0,0,0,0,0,0,0,0,0,0,0,0,1,0,0,0,0,0,0,0.035,0,Inf,Inf,Inf,0.045,0.045,0.035,0.04,0.0314863106737226,4.72003898611372e-05,8.56093359134996e-14,1.35734638911166e-05,1.67208677143516,8.66937848683111e-05,0.849633509950051,467.498129125215,0.859632163694237,0.140960217784243,0.457624652420386,2403.8,387.84,320,320
0.496,0,0,0,0,0,0,0,0,0,0,0,0,1,0,0,0,0,0,0,0.035,0,Inf,Inf,Inf,0.045,0.045,0.035,0.04,0.0313894212352188,4.73875066923978e-05,8.50377211143924e-14,1.35743722441557e-05,1.66609009734138,8.60724699737249e-05,0.837074860790889,470.841323971972,0.856549083216103,0.140712589221451,0.45139470007657,2403.8,387.84,320,320
0.497,0,0,0,0,0,0,0,0,0,0,0,0,1,0,0,0,0,0,0,0.035,0,Inf,Inf,Inf,0.045,0.045,0.035,0.04,0.0315238049962227,4.74400137862353e-05,8.44134908227693e-14,1.35167577856464e-05,1.66889852305581,8.58789580829535e-05,0.824333148189606,472.857080363074,0.858958302370711,0.142383497165995,0.450420506446774,2403.8,387.84,320,320
0.498,0,0,0,0,0,0,0,0,0,0,0,0,1,0,0,0,0,0,0,0.035,0,Inf,Inf,Inf,0.045,0.045,0.035,0.04,0.0315169130418936,4.74971299680553e-05,8.3989740797429e-14,1.34241550250045e-05,1.67247791120715,8.57715223799185e-05,0.845779973689731,472.753700989524,0.860507054436662,0.142294161461162,0.455958882413948,2403.8,387.84,320,320
0.499,0,0,0,0,0,0,0,0,0,0,0,0,1,0,0,0,0,0,0,0.035,0,Inf,Inf,Inf,0.045,0.045,0.035,0.04,0.031370981297818,4.77301878841113e-05,8.39425738206842e-14,1.33344890545491e-05,1.66824719789328,8.52477521526135e-05,0.880076445679597,470.564724758523,0.858249608811483,0.142037825780955,0.470035189538028,2403.8,387.84,320,320
0.5,0,0,0,0,0,0,0,0,0,0,0,0,1,0,0,0,0,0,0,0.035,0,Inf,Inf,Inf,0.045,0.045,0.035,0.04,0.0315072642312871,4.7831726709239e-05,8.4294383266159e-14,1.32853742506757e-05,1.6668258773902,8.46796678160603e-05,0.886859558043857,467.141646289694,0.858602393554345,0.143648890321585,0.473141716382016,2403.8,387.84,320,320
0.501,0,0,0,0,0,0,0,0,0,0,0,0,1,0,0,0,0,0,0,0.035,0,Inf,Inf,Inf,0.045,0.045,0.035,0.04,0.0315377378046823,4.78301182611569e-05,8.49031091045217e-14,1.32984686137899e-05,1.67229216558833,8.46523406334399e-05,0.845792144631619,463.845082373673,0.861093745383399,0.14366000330961,0.453544127187297,2403.8,387.84,320,320
0.502,0,0,0,0,0,0,0,0,0,0,0,0,1,0,0,0,0,0,0,0.035,0,Inf,Inf,Inf,0.045,0.045,0.035,0.04,0.0314218378650431,4.80863765915222e-05,8.5523582321912e-14,1.33699331130886e-05,1.66996344324418,8.42258772826001e-05,0.803663221935496,462.016771863159,0.859744375264767,0.143416396998094,0.436694489559557,2403.8,387.84,320,320
0.503,0,0,0,0,0,0,0,0,0,0,0,0,1,0,0,0,0,0,0,0.035,0,Inf,Inf,Inf,0.045,0.045,0.035,0.04,0.0314802305002236,4.82100395038886e-05,8.59090329281049e-14,1.34719995943029e-05,1.6642870927873,8.36958485561914e-05,0.798017567869354,462.419635700589,0.858040643835396,0.144867991085047,0.432129272908367,2403.8,387.84,320,320
0.504,0,0,0,0,0,0,0,0,0,0,0,0,1,0,0,0,0,0,0,0.035,0,Inf,Inf,Inf,0.045,0.045,0.035,0.04,0.0315482449026139,4.81984920696992e-05,8.5907113393525e-14,1.35648383866155e-05,1.67152709097061,8.37784246401374e-05,0.800529345050859,464.900192991662,0.861415487650368,0.144930502988454,0.432673114088904,2403.8,387.84,320,320
0.505,0,0,0,0,0,0,0,0,0,0,0,0,1,0,0,0,0,0,0,0.035,0,Inf,Inf,Inf,0.045,0.045,0.035,0.04,0.0314662256341941,4.84031333657199e-05,8.5516414430358e-14,1.36127562396409e-05,1.67118958621763,8.3466278611082e-05,0.796969856501814,468.452159460997,0.861018892646514,0.144705880491317,0.43178011226676,2403.8,387.84,320,320
0.506,0,0,0,0,0,0,0,0,0,0,0,0,1,0,0,0,0,0,0,0.035,0,Inf,Inf,Inf,0.045,0.045,0.035,0.04,0.0314431870517411,4.85697703095326e-05,8.48878648434584e-14,1.35978689823155e-05,1.66333179978552,8.27483963938585e-05,0.778128881123627,471.647811238976,0.857044410014579,0.14442911240786,0.424185227737445,2403.8,387.84,320,320
0.507,0,0,0,0,0,0,0,0,0,0,0,0,1,0,0,0,0,0,0,0.035,0,Inf,Inf,Inf,0.045,0.045,0.035,0.04,0.0315479318418471,4.85937722389017e-05,8.42702308759527e-14,1.35267202110587e-05,1.67019830730158,8.27012928842541e-05,0.807233177215811,473.218983055695,0.861453078403698,0.146210850168512,0.443927436192901,2403.8,387.84,320,320
0.508,0,0,0,0,0,0,0,0,0,0,0,0,1,0,0,0,0,0,0,0.035,0,Inf,Inf,Inf,0.045,0.045,0.035,0.04,0.0315027938672025,4.87116121028394e-05,8.3913953886209e-14,1.34280727038039e-05,1.67189012151123,8.2492267015764e-05,0.816584816414545,472.541913370403,0.862052144987095,0.146038393389306,0.449960997977248,2403.8,387.84,320,320
0.509,0,0,0,0,0,0,0,0,0,0,0,0,1,0,0,0,0,0,0,0.035,0,Inf,Inf,Inf,0.045,0.045,0.035,0.04,0.0313973887322036,4.89012570069092e-05,8.3966897660639e-14,1.33423221415249e-05,1.66568274592399,8.18671750348958e-05,0.810569599639222,469.867304985355,0.858843818978663,0.145735633688038,0.446776005810045,2403.8,387.84,320,320
0.51,0,0,0,0,0,0,0,0,0,0,0,0,1,0,0,0,0,0,0,0.035,0,Inf,Inf,Inf,0.045,0.045,0.035,0.04,0.0315366537410247,4.89542487368672e-05,8.44089768586394e-14,1.33055465171294e-05,1.66832794224355,8.15244392243564e-05,0.806173094180034,466.235248460698,0.861245025188814,0.147374787258741,0.442602913352966,2403.8,387.84,320,320
0.511,0,0,0,0,0,0,0,0,0,0,0,0,1,0,0,0,0,0,0,0.035,0,Inf,Inf,Inf,0.045,0.045,0.035,0.04,0.0315300679226724,4.89956805337949e-05,8.50602566604746e-14,1.33342198886226e-05,1.67203531480492,8.14119295092251e-05,0.832593647033899,463.092713929219,0.862832710427555,0.147280340859408,0.45752202532928,2403.8,387.84,320,320
0.512,0,0,0,0,0,0,0,0,0,0,0,0,1,0,0,0,0,0,0,0.035,0,Inf,Inf,Inf,0.045,0.045,0.035,0.04,0.031379341719046,4.92339136409384e-05,8.56583267098995e-14,1.34178460933245e-05,1.66766317533099,8.08639126628147e-05,0.880680763118913,461.721636813065,0.860485676826768,0.146996948207804,0.481200789278932,2403.8,387.84,320,320
0.513,0,0,0,0,0,0,0,0,0,0,0,0,1,0,0,0,0,0,0,0.035,0,Inf,Inf,Inf,0.045,0.045,0.035,0.04,0.0315149719030945,4.93349559490208e-05,8.59654581571015e-14,1.35234902426653e-05,1.66595885607796,8.04771108409923e-05,0.885210600198337,462.694210809783,0.860797754995844,0.148610437042632,0.483856634863604,2403.8,387.84,320,320
0.514,0,0,0,0,0,0,0,0,0,0,0,0,1,0,0,0,0,0,0,0.035,0,Inf,Inf,Inf,0.045,0.045,0.035,0.04,0.031547301934699,4.93011752891039e-05,8.58596765613681e-14,1.36097749862672e-05,1.67161356920431,8.04586955467237e-05,0.851767850396796,465.615784075725,0.863361577442914,0.148606952747761,0.466112670518517,2403.8,387.84,320,320
0.515,0,0,0,0,0,0,0,0,0,0,0,0,1,0,0,0,0,0,0,0.035,0,Inf,Inf,Inf,0.045,0.045,0.035,0.04,0.031428093023364,4.95415059907397e-05,8.53796735346692e-14,1.36434779344448e-05,1.66921309067938,8.00241411934926e-05,0.814532953694176,469.295606694911,0.861952131322656,0.148330624873737,0.44418484487174,2403.8,387.84,320,320
0.516,0,0,0,0,0,0,0,0,0,0,0,0,1,0,0,0,0,0,0,0.035,0,Inf,Inf,Inf,0.045,0.045,0.035,0.04,0.0314835611603905,4.96769494817656e-05,8.47118100389187e-14,1.36120747842987e-05,1.66314209956422,7.93163655350439e-05,0.818546125871608,472.253422883672,0.860129641309102,0.149723261940247,0.449166881804619,2403.8,387.84,320,320
0.517,0,0,0,0,0,0,0,0,0,0,0,0,1,0,0,0,0,0,0,0.035,0,Inf,Inf,Inf,0.045,0.045,0.035,0.04,0.0315541969821327,4.96734754643911e-05,8.41217997803793e-14,1.35283690579151e-05,1.67062480535187,7.93887707972979e-05,0.830113567476997,473.312960164232,0.863607269465843,0.149818306223787,0.454337273480154,2403.8,387.84,320,320
0.518,0,0,0,0,0,0,0,0,0,0,0,0,1,0,0,0,0,0,0,0.035,0,Inf,Inf,Inf,0.045,0.045,0.035,0.04,0.031469687419317,4.98606118265706e-05,8.38500028630209e-14,1.34260164918572e-05,1.6702836096478,7.90543650488216e-05,0.82204568413688,472.045316650681,0.863185845827545,0.149591628668234,0.450529133682076,2403.8,387.84,320,320
0.519,0,0,0,0,0,0,0,0,0,0,0,0,1,0,0,0,0,0,0,0.035,0,Inf,Inf,Inf,0.045,0.045,0.035,0.04,0.0314430113616906,5.00357737795695e-05,8.40094696659861e-14,1.33469644143756e-05,1.66215577842886,7.83072728393142e-05,0.796986709834855,468.927425311465,0.859062384701443,0.149272719967624,0.438124319646904,2403.8,387.84,320,320
0.52,0,0,0,0,0,0,0,0,0,0,0,0,1,0,0,0,0,0,0,0.035,0,Inf,Inf,Inf,0.045,0.045,0.035,0.04,0.031550743819925,5.00596381539785e-05,8.45351887779709e-14,1.3324595474322e-05,1.66908508426545,7.81426858485886e-05,0.770541883878038,465.175345481914,0.863600422244188,0.15107117862809,0.424440609860181,2403.8,387.84,320,320
0.521,0,0,0,0,0,0,0,0,0,0,0,0,1,0,0,0,0,0,0,0.035,0,Inf,Inf,Inf,0.045,0.045,0.035,0.04,0.0315035953541613,5.01324171109548e-05,8.52122175699482e-14,1.3369345839132e-05,1.67083658565917,7.7933084035243e-05,0.762326974748922,462.289993869769,0.864197895043948,0.150873479651366,0.429741536387772,2403.8,387.84,320,320
0.522,0,0,0,0,0,0,0,0,0,0,0,0,1,0,0,0,0,0,0,0.035,0,Inf,Inf,Inf,0.045,0.045,0.035,0.04,0.0313937145574131,5.03348648719108e-05,8.57674603740409e-14,1.3463938217608e-05,1.66441909166881,7.72938992989788e-05,0.768164042216091,461.452286566502,0.860862601594173,0.150521841637031,0.43174453970797,2403.8,387.84,320,320
0.523,0,0,0,0,0,0,0,0,0,0,0,0,1,0,0,0,0,0,0,0.035,0,Inf,Inf,Inf,0.045,0.045,0.035,0.04,0.0315366828819008,5.03953154619853e-05,8.59795423239221e-14,1.35708816535561e-05,1.66702105856243,7.71483179413905e-05,0.789728261141805,463.012461093018,0.863319714290392,0.152166380451453,0.440427576861528,2403.8,387.84,320,320
0.524,0,0,0,0,0,0,0,0,0,0,0,0,1,0,0,0,0,0,0,0.035,0,Inf,Inf,Inf,0.045,0.045,0.035,0.04,0.031528982095017,5.04101432554826e-05,8.57624080478369e-14,1.36482387499492e-05,1.67084720976228,7.70302505648028e-05,0.818519491904581,466.329518630086,0.864941634878987,0.152067117782302,0.453381062900588,2403.8,387.84,320,320
0.525,0,0,0,0,0,0,0,0,0,0,0,0,1,0,0,0,0,0,0,0.035,0,Inf,Inf,Inf,0.045,0.045,0.035,0.04,0.0313722461480135,5.06480127872827e-05,8.519704807245e-14,1.36662020216158e-05,1.66632408434687,7.64682469468297e-05,0.835799586291967,470.050741177857,0.862499008127351,0.151744529457323,0.461817788654817,2403.8,387.84,320,320
0.526,0,0,0,0,0,0,0,0,0,0,0,0,1,0,0,0,0,0,0,0.035,0,Inf,Inf,Inf,0.045,0.045,0.035,0.04,0.0315120688931332,5.07442033129703e-05,8.45033634498137e-14,1.36182235075396e-05,1.66447203124313,7.59478870468521e-05,0.830333226972965,472.681038885811,0.862831229570817,0.153306299824447,0.459346975193968,2403.8,387.84,320,320
0.527,0,0,0,0,0,0,0,0,0,0,0,0,1,0,0,0,0,0,0,0.035,0,Inf,Inf,Inf,0.045,0.045,0.035,0.04,0.0315448495999681,5.07018702386486e-05,8.39583466870255e-14,1.35234902213014e-05,1.67030024808028,7.59381756398029e-05,0.811070546503493,473.172749432644,0.865453241077454,0.153282543589871,0.456055992934506,2403.8,387.84,320,320
0.528,0,0,0,0,0,0,0,0,0,0,0,0,1,0,0,0,0,0,0,0.035,0,Inf,Inf,Inf,0.045,0.045,0.035,0.04,0.031421031230236,5.09189240788087e-05,8.37847860883039e-14,1.34200955202765e-05,1.66780791566465,7.54908975547879e-05,0.827307146496954,471.315473811241,0.863972360599286,0.152975972866376,0.459360688905102,2403.8,387.84,320,320
0.529,0,0,0,0,0,0,0,0,0,0,0,0,1,0,0,0,0,0,0,0.035,0,Inf,Inf,Inf,0.045,0.045,0.035,0.04,0.0314774369142745,5.10622970557068e-05,8.40550329207512e-14,1.33505629189457e-05,1.66148848847519,7.46371892749797e-05,0.857264811862177,467.815910101352,0.862108259867678,0.152638853241546,0.470892839221657,2403.8,387.84,320,320
0.53,0,0,0,0,0,0,0,0,0,0,0,0,1,0,0,0,0,0,0,0.035,0,Inf,Inf,Inf,0.045,0.045,0.035,0.04,0.0315503590408168,5.10618655970325e-05,8.46578906398842e-14,1.33444192249443e-05,1.66919588031005,7.46793906053849e-05,0.86995240921584,464.046844893887,0.865681586888036,0.154460695061083,0.476476285542135,2403.8,387.84,320,320
0.531,0,0,0,0,0,0,0,0,0,0,0,0,1,0,0,0,0,0,0,0.035,0,Inf,Inf,Inf,0.045,0.045,0.035,0.04,0.0314629891236941,5.12139703968082e-05,8.53472021847099e-14,1.34052751908896e-05,1.66882142149792,7.43264566906217e-05,0.844597785774718,461.525069264175,0.865221694692777,0.154220683797522,0.464573062771014,2403.8,387.84,320,320
0.532,0,0,0,0,0,0,0,0,0,0,0,0,1,0,0,0,0,0,0,0.035,0,Inf,Inf,Inf,0.045,0.045,0.035,0.04,0.0314339966099946,5.13915145274442e-05,8.58458396976367e-14,1.35090896885009e-05,1.66040419866051,7.35507620318484e-05,0.801736848228377,461.287446230029,0.860939912276565,0.15385579434853,0.448044772165935,2403.8,387.84,320,320
0.533,0,0,0,0,0,0,0,0,0,0,0,0,1,0,0,0,0,0,0,0.035,0,Inf,Inf,Inf,0.045,0.045,0.035,0.04,0.031545345150208,5.1416207659023e-05,8.59553633716929e-14,1.36146124820779e-05,1.66754617328689,7.36622984102513e-05,0.796580505445908,463.434704584845,0.865670839850402,0.15561829654766,0.443861281956237,2403.8,387.84,320,320
0.534,0,0,0,0,0,0,0,0,0,0,0,0,1,0,0,0,0,0,0,0.035,0,Inf,Inf,Inf,0.045,0.045,0.035,0.04,0.0314966873677968,5.14628671685103e-05,8.56299117730341e-14,1.36805041290242e-05,1.669322823443,7.34386375518315e-05,0.798948072873544,467.081639423937,0.866250313231707,0.155413375214151,0.444083814882329,2403.8,387.84,320,320
0.535,0,0,0,0,0,0,0,0,0,0,0,0,1,0,0,0,0,0,0,0.035,0,Inf,Inf,Inf,0.045,0.045,0.035,0.04,0.0313828660114316,5.16799467229226e-05,8.49933761791408e-14,1.36814014262695e-05,1.66266545109431,7.27677934537222e-05,0.797924008559584,470.742995693783,0.862774656489482,0.155027319551475,0.444037937679789,2403.8,387.84,320,320
0.536,0,0,0,0,0,0,0,0,0,0,0,0,1,0,0,0,0,0,0,0.035,0,Inf,Inf,Inf,0.045,0.045,0.035,0.04,0.0315300259753144,5.17472083728698e-05,8.42955083469469e-14,1.36172889959551e-05,1.6653808178724,7.24557773671804e-05,0.78438445081276,472.950395125673,0.865378270974623,0.156706274970685,0.438753405964902,2403.8,387.84,320,320
0.537,0,0,0,0,0,0,0,0,0,0,0,0,1,0,0,0,0,0,0,0.035,0,Inf,Inf,Inf,0.045,0.045,0.035,0.04,0.0315214602662878,5.17212344607598e-05,8.38172161424528e-14,1.35136515255376e-05,1.66928825590289,7.233425140835e-05,0.796013709549464,472.821909425476,0.867013356511148,0.156593695451368,0.449790051785474,2403.8,387.84,320,320
0.538,0,0,0,0,0,0,0,0,0,0,0,0,1,0,0,0,0,0,0,0.035,0,Inf,Inf,Inf,0.045,0.045,0.035,0.04,0.0313591165005256,5.19617280486565e-05,8.37552649528103e-14,1.34122868537926e-05,1.66457581649517,7.17633598611811e-05,0.806577173125652,470.386752861492,0.864452616678484,0.156221593059007,0.456816789805408,2403.8,387.84,320,320
0.539,0,0,0,0,0,0,0,0,0,0,0,0,1,0,0,0,0,0,0,0.035,0,Inf,Inf,Inf,0.045,0.045,0.035,0.04,0.0315046402051275,5.20574442756969e-05,8.41357659140457e-14,1.33551224043488e-05,1.66273767621112,7.1129231510987e-05,0.803783241105824,466.579836097055,0.864876552137855,0.157723784455533,0.455797024647826,2403.8,387.84,320,320
0.54,0,0,0,0,0,0,0,0,0,0,0,0,1,0,0,0,0,0,0,0.035,0,Inf,Inf,Inf,0.045,0.045,0.035,0.04,0.0315368913195075,5.20093618515425e-05,8.48016107033456e-14,1.33666723587112e-05,1.66870130545704,7.11193905550081e-05,0.800473286414025,462.90473364573,0.867534039144437,0.15768915308989,0.452640702154273,2403.8,387.84,320,320
0.541,0,0,0,0,0,0,0,0,0,0,0,0,1,0,0,0,0,0,0,0.035,0,Inf,Inf,Inf,0.045,0.045,0.035,0.04,0.0314075943855985,5.22098186387135e-05,8.54811598696065e-14,1.34431259860829e-05,1.66607165647877,7.06536077397212e-05,0.809454738538311,460.850399330283,0.865958867635604,0.15735327021929,0.458028859200081,2403.8,387.84,320,320
0.542,0,0,0,0,0,0,0,0,0,0,0,0,1,0,0,0,0,0,0,0.035,0,Inf,Inf,Inf,0.045,0.045,0.035,0.04,0.0314693223194509,5.23561886577895e-05,8.59014791037543e-14,1.35539268041916e-05,1.65967009437342,7.00211820920893e-05,0.853079249124183,461.265783352559,0.864147084660569,0.158714023345307,0.479537769521525,2403.8,387.84,320,320
0.543,0,0,0,0,0,0,0,0,0,0,0,0,1,0,0,0,0,0,0,0.035,0,Inf,Inf,Inf,0.045,0.045,0.035,0.04,0.0315424665838433,5.2350721719006e-05,8.58944989421604e-14,1.36549958878948e-05,1.66756377692052,7.00940048589076e-05,0.864330872763939,463.980048816353,0.867791294254429,0.158815589426824,0.485859325069513,2403.8,387.84,320,320
0.544,0,0,0,0,0,0,0,0,0,0,0,0,1,0,0,0,0,0,0,0.035,0,Inf,Inf,Inf,0.045,0.045,0.035,0.04,0.0314501699025319,5.24557736489721e-05,8.54589360779037e-14,1.37067728550714e-05,1.66710354721277,6.97329944109454e-05,0.843019470112993,467.874691197608,0.867263242660052,0.158541741514029,0.474846793741403,2403.8,387.84,320,320
0.545,0,0,0,0,0,0,0,0,0,0,0,0,1,0,0,0,0,0,0,0.035,0,Inf,Inf,Inf,0.045,0.045,0.035,0.04,0.0314245592141674,5.26355062752409e-05,8.47616929463425e-14,1.36893441237715e-05,1.65835895764549,6.8933994997152e-05,0.813767443858183,471.368393750951,0.862803951290377,0.15812398396781,0.457660610110219,2403.8,387.84,320,320
0.546,0,0,0,0,0,0,0,0,0,0,0,0,1,0,0,0,0,0,0,0.035,0,Inf,Inf,Inf,0.045,0.045,0.035,0.04,0.0315375728015084,5.26634203267436e-05,8.40779173135073e-14,1.36097418395404e-05,1.66588566394206,6.89099221378028e-05,0.808623055430703,473.063597522094,0.867796823515293,0.159849433829202,0.456951953663559,2403.8,387.84,320,320
0.547,0,0,0,0,0,0,0,0,0,0,0,0,1,0,0,0,0,0,0,0.035,0,Inf,Inf,Inf,0.045,0.045,0.035,0.04,0.0314852927155799,5.26902800477685e-05,8.36845855931495e-14,1.3499574282867e-05,1.66762939854134,6.86628886114579e-05,0.820913858264646,472.279396160511,0.868333398667827,0.159646362558896,0.462318378331153,2403.8,387.84,320,320
0.548,0,0,0,0,0,0,0,0,0,0,0,0,1,0,0,0,0,0,0,0.035,0,Inf,Inf,Inf,0.045,0.045,0.035,0.04,0.0313715899779725,5.2915327919993e-05,8.37443536825519e-14,1.34034497751319e-05,1.66068168377485,6.79541127267678e-05,0.81800235867681,469.300566824842,0.864695843917852,0.159230959445489,0.461055689145597,2403.8,387.84,320,320
0.549,0,0,0,0,0,0,0,0,0,0,0,0,1,0,0,0,0,0,0,0.035,0,Inf,Inf,Inf,0.045,0.045,0.035,0.04,0.0315221102108251,5.29852830981158e-05,8.423279317131e-14,1.33613582983979e-05,1.66369446653898,6.75444186432267e-05,0.799792385680737,465.281271703512,0.867544920997013,0.160912380053263,0.452274485382668,2403.8,387.84,320,320
0.55,0,0,0,0,0,0,0,0,0,0,0,0,1,0,0,0,0,0,0,0.035,0,Inf,Inf,Inf,0.045,0.045,0.035,0.04,0.0315115501483395,5.29094012919026e-05,8.49485454228008e-14,1.33916156698952e-05,1.66762172331906,6.74136378731635e-05,0.777830697702324,461.822029932498,0.869159571882149,0.160784152783294,0.441145349015742,2403.8,387.84,320,320
0.551,0,0,0,0,0,0,0,0,0,0,0,0,1,0,0,0,0,0,0,0.035,0,Inf,Inf,Inf,0.045,0.045,0.035,0.04,0.0313427556635037,5.31563479368917e-05,8.56009068545431e-14,1.34825770396326e-05,1.66265881052057,6.68223666066433e-05,0.764954138000873,460.33511446151,0.866448362223809,0.160366640625772,0.434447777018665,2403.8,387.84,320,320
0.552,0,0,0,0,0,0,0,0,0,0,0,0,1,0,0,0,0,0,0,0.035,0,Inf,Inf,Inf,0.045,0.045,0.035,0.04,0.0314964975378597,5.3258130596026e-05,8.59290957261525e-14,1.35977137354552e-05,1.66102724627539,6.64949221892565e-05,0.765594781241881,461.438778962577,0.86705269554038,0.161820100606338,0.442963293827154,2403.8,387.84,320,320
0.553,0,0,0,0,0,0,0,0,0,0,0,0,1,0,0,0,0,0,0,0.035,0,Inf,Inf,Inf,0.045,0.045,0.035,0.04,0.0315280133598619,5.32089129768264e-05,8.58018698874957e-14,1.36912697310579e-05,1.66706421732586,6.64734419952673e-05,0.781649259275211,464.675943456031,0.869715662074109,0.161788894528049,0.449202005648997,2403.8,387.84,320,320
0.554,0,0,0,0,0,0,0,0,0,0,0,0,1,0,0,0,0,0,0,0.035,0,Inf,Inf,Inf,0.045,0.045,0.035,0.04,0.0313931502282314,5.33905309675788e-05,8.52654451199241e-14,1.37266797972866e-05,1.66422708944674,6.5982146098879e-05,0.805846119733932,468.715148438663,0.868011691042339,0.161423804199189,0.459933174919571,2403.8,387.84,320,320
0.555,0,0,0,0,0,0,0,0,0,0,0,0,1,0,0,0,0,0,0,0.035,0,Inf,Inf,Inf,0.045,0.045,0.035,0.04,0.0314614829820439,5.35344269149017e-05,8.45279532083161e-14,1.36903447334164e-05,1.65793686175119,6.52090539534137e-05,0.823304701340457,471.922250281325,0.866351325214481,0.162744631184432,0.468507506145821,2403.8,387.84,320,320
0.556,0,0,0,0,0,0,0,0,0,0,0,0,1,0,0,0,0,0,0,0.035,0,Inf,Inf,Inf,0.045,0.045,0.035,0.04,0.0315344600706754,5.35188436483844e-05,8.38833497777497e-14,1.35966286605794e-05,1.66595632609981,6.52895321222769e-05,0.823012567604841,473.016906559598,0.870026480544913,0.162820322476365,0.468859162867166,2403.8,387.84,320,320
0.557,0,0,0,0,0,0,0,0,0,0,0,0,1,0,0,0,0,0,0,0.035,0,Inf,Inf,Inf,0.045,0.045,0.035,0.04,0.0314368524084375,5.35887775522256e-05,8.359512855281e-14,1.34828520054826e-05,1.66533347822837,6.49188593420359e-05,0.807566191887286,471.552791547197,0.869386733498688,0.162503744131616,0.461207783426108,2403.8,387.84,320,320
0.558,0,0,0,0,0,0,0,0,0,0,0,0,1,0,0,0,0,0,0,0.035,0,Inf,Inf,Inf,0.045,0.045,0.035,0.04,0.0314175293594552,5.37708330543246e-05,8.37834124474053e-14,1.33953643374535e-05,1.65620355946782,6.40930305986069e-05,0.81318165313697,468.081150331087,0.864721112837118,0.16203154938986,0.466480706122149,2403.8,387.84,320,320
0.559,0,0,0,0,0,0,0,0,0,0,0,0,1,0,0,0,0,0,0,0.035,0,Inf,Inf,Inf,0.045,0.045,0.035,0.04,0.0315307061050379,5.37989353154387e-05,8.43702952996132e-14,1.33708175464162e-05,1.66430881005785,6.39804164477376e-05,0.838698794829927,463.958820150984,0.870066654323612,0.163754940162899,0.475691922660677,2403.8,387.84,320,320
0.56,0,0,0,0,0,0,0,0,0,0,0,0,1,0,0,0,0,0,0,0.035,0,Inf,Inf,Inf,0.045,0.045,0.035,0.04,0.0314731552710035,5.37964877537948e-05,8.51141259596295e-14,1.3420224819105e-05,1.66593730807282,6.37096585632535e-05,0.854215558987234,460.841410168147,0.870520646528482,0.163539838773164,0.482306393453742,2403.8,387.84,320,320
0.561,0,0,0,0,0,0,0,0,0,0,0,0,1,0,0,0,0,0,0,0.035,0,Inf,Inf,Inf,0.045,0.045,0.035,0.04,0.0313651123946242,5.40202997427346e-05,8.57136176789297e-14,1.35238892375312e-05,1.65862821430314,6.2965168487183e-05,0.840145721838064,460.011508335786,0.866687895749703,0.163084592513221,0.475861132364921,2403.8,387.84,320,320
0.562,0,0,0,0,0,0,0,0,0,0,0,0,1,0,0,0,0,0,0,0.035,0,Inf,Inf,Inf,0.045,0.045,0.035,0.04,0.0315165597599758,5.40868615030598e-05,8.59292628435679e-14,1.36400803197668e-05,1.6621467880564,6.29284380600449e-05,0.800047553495138,461.817234702488,0.869875740509102,0.164716558550496,0.456395035892371,2403.8,387.84,320,320
0.563,0,0,0,0,0,0,0,0,0,0,0,0,1,0,0,0,0,0,0,0.035,0,Inf,Inf,Inf,0.045,0.045,0.035,0.04,0.0315012273278169,5.40004083449957e-05,8.56733182472644e-14,1.37227049431513e-05,1.66600895507359,6.27839609123652e-05,0.794886572301821,465.510239605216,0.871425465681734,0.164571277433659,0.457290708522323,2403.8,387.84,320,320
0.564,0,0,0,0,0,0,0,0,0,0,0,0,1,0,0,0,0,0,0,0.035,0,Inf,Inf,Inf,0.045,0.045,0.035,0.04,0.0313236753039989,5.42259191012499e-05,8.50419131481073e-14,1.37395168019847e-05,1.66071350125629,6.2159680867517e-05,0.796996460323462,469.576656508945,0.868524420432334,0.164117504144261,0.457190798726843,2403.8,387.84,320,320
0.565,0,0,0,0,0,0,0,0,0,0,0,0,1,0,0,0,0,0,0,0.035,0,Inf,Inf,Inf,0.045,0.045,0.035,0.04,0.0314918984632803,5.4335293559323e-05,8.42817124504648e-14,1.36840812432509e-05,1.65950728658457,6.168639804473e-05,0.797716395385421,472.378482507984,0.869417958416191,0.165556578785907,0.457565576904627,2403.8,387.84,320,320
0.566,0,0,0,0,0,0,0,0,0,0,0,0,1,0,0,0,0,0,0,0.035,0,Inf,Inf,Inf,0.045,0.045,0.035,0.04,0.0315199349437297,5.42846067798486e-05,8.3698039917802e-14,1.35782041135299e-05,1.66553293659997,6.16472843377194e-05,0.788543855493416,472.799029652121,0.872046165092059,0.165527724253853,0.454045408148288,2403.8,387.84,320,320
0.567,0,0,0,0,0,0,0,0,0,0,0,0,1,0,0,0,0,0,0,0.035,0,Inf,Inf,Inf,0.045,0.045,0.035,0.04,0.0313770353008662,5.44352683027489e-05,8.35312179888979e-14,1.34642106569187e-05,1.66239706827693,6.11285112998204e-05,0.787587217138417,470.655534926255,0.870168076064632,0.165126632118546,0.458685678608632,2403.8,387.84,320,320
0.568,0,0,0,0,0,0,0,0,0,0,0,0,1,0,0,0,0,0,0,0.035,0,Inf,Inf,Inf,0.045,0.045,0.035,0.04,0.0314572854785993,5.45775656407223e-05,8.38514054761499e-14,1.33888414526424e-05,1.65643874383018,6.03118917051703e-05,0.798322599682975,466.768742975473,0.868762144455578,0.166374919075828,0.466063016952656,2403.8,387.84,320,320
0.569,0,0,0,0,0,0,0,0,0,0,0,0,1,0,0,0,0,0,0,0.035,0,Inf,Inf,Inf,0.045,0.045,0.035,0.04,0.0315284285426279,5.45544738965905e-05,8.45259925209817e-14,1.33839316876165e-05,1.66450368055891,6.03891642975976e-05,0.797825340991232,462.671989696187,0.872421901380019,0.166432894507433,0.466638610587841,2403.8,387.84,320,320
0.57,0,0,0,0,0,0,0,0,0,0,0,0,1,0,0,0,0,0,0,0.035,0,Inf,Inf,Inf,0.045,0.045,0.035,0.04,0.0314239109900491,5.45959882705971e-05,8.52784014396529e-14,1.34522904588196e-05,1.66362150265378,5.99946046090627e-05,0.795498374197302,460.025904655331,0.871620110685266,0.166079517371474,0.464443340994798,2403.8,387.84,320,320
0.571,0,0,0,0,0,0,0,0,0,0,0,0,1,0,0,0,0,0,0,0.035,0,Inf,Inf,Inf,0.045,0.045,0.035,0.04,0.0314137548503566,5.47808783644896e-05,8.58056464006759e-14,1.35662911679403e-05,1.65403348979499,5.9256394700075e-05,0.800248010993546,459.928110372546,0.86671330908587,0.167077858747813,0.464679330420213,2403.8,387.84,320,320
0.572,0,0,0,0,0,0,0,0,0,0,0,0,1,0,0,0,0,0,0,0.035,0,Inf,Inf,Inf,0.045,0.045,0.035,0.04,0.0315264183470667,5.48050568310817e-05,8.58980057249288e-14,1.36800204461062e-05,1.66293234685202,5.94196839912472e-05,0.831496266506944,462.423261315198,0.872518637514395,0.167283336776315,0.482359456162558,2403.8,387.84,320,320
0.573,0,0,0,0,0,0,0,0,0,0,0,0,1,0,0,0,0,0,0,0.035,0,Inf,Inf,Inf,0.045,0.045,0.035,0.04,0.0314628131483061,5.47612832292245e-05,8.55165302196013e-14,1.37484384043387e-05,1.66434514418516,5.91287772071615e-05,0.846324579860617,466.477982146576,0.872836488100565,0.167034695523546,0.490758587237837,2403.8,387.84,320,320
0.574,0,0,0,0,0,0,0,0,0,0,0,0,1,0,0,0,0,0,0,0.035,0,Inf,Inf,Inf,0.045,0.045,0.035,0.04,0.0313624381359303,5.49793255171097e-05,8.48076689111214e-14,1.37448505228411e-05,1.65658943548615,5.83554601911853e-05,0.833948720434269,470.436577633538,0.8687654832748,0.166522858036995,0.484821209950765,2403.8,387.84,320,320
0.575,0,0,0,0,0,0,0,0,0,0,0,0,1,0,0,0,0,0,0,0.035,0,Inf,Inf,Inf,0.045,0.045,0.035,0.04,0.031514067286293,5.50402856579505e-05,8.40514587789694e-14,1.36706957719209e-05,1.66084071000137,5.82303150329025e-05,0.81164588388663,472.711014856815,0.872382575865188,0.168085082781271,0.471881974454761,2403.8,387.84,320,320
0.576,0,0,0,0,0,0,0,0,0,0,0,0,1,0,0,0,0,0,0,0.035,0,Inf,Inf,Inf,0.045,0.045,0.035,0.04,0.0314929498819571,5.49462175555555e-05,8.35548454847026e-14,1.35551719921929e-05,1.66453561653443,5.80625747442785e-05,0.800318154635629,472.39425371902,0.87381579805771,0.167923572250468,0.466933685373775,2403.8,387.84,320,320
0.577,0,0,0,0,0,0,0,0,0,0,0,0,1,0,0,0,0,0,0,0.035,0,Inf,Inf,Inf,0.045,0.045,0.035,0.04,0.031306093782774,5.51573892089957e-05,8.35242310024061e-14,1.34447068337229e-05,1.65881116379836,5.73953449065663e-05,0.812432087369124,469.591412146736,0.870680677171704,0.167437908655082,0.47214297447512,2403.8,387.84,320,320
0.578,0,0,0,0,0,0,0,0,0,0,0,0,1,0,0,0,0,0,0,0.035,0,Inf,Inf,Inf,0.045,0.045,0.035,0.04,0.0314915265895351,5.52676142273764e-05,8.39733175343325e-14,1.3384888655896e-05,1.65826576117495,5.68986321526932e-05,0.813201526833422,465.387693332119,0.871984188306155,0.168863171001643,0.472731731727341,2403.8,387.84,320,320
0.579,0,0,0,0,0,0,0,0,0,0,0,0,1,0,0,0,0,0,0,0.035,0,Inf,Inf,Inf,0.045,0.045,0.035,0.04,0.0315138740188331,5.52105495102543e-05,8.47160004249146e-14,1.34011927284913e-05,1.6641770930785,5.68390700267336e-05,0.800678440541943,461.456880498363,0.874524794404576,0.168821083865307,0.46701413707052,2403.8,387.84,320,320
0.58,0,0,0,0,0,0,0,0,0,0,0,0,1,0,0,0,0,0,0,0.035,0,Inf,Inf,Inf,0.045,0.045,0.035,0.04,0.0313610880892278,5.53208249737709e-05,8.54486806187601e-14,1.348749039275e-05,1.66063558708545,5.62856497181989e-05,0.783009840205201,459.40695739883,0.872418927711693,0.168377988508336,0.45837972957657,2403.8,387.84,320,320
0.581,0,0,0,0,0,0,0,0,0,0,0,0,1,0,0,0,0,0,0,0.035,0,Inf,Inf,Inf,0.045,0.045,0.035,0.04,0.0314588703837411,5.54629959653674e-05,8.58771717451822e-14,1.36086909395543e-05,1.65525299061256,5.59226990891978e-05,0.771086543741323,460.095337812858,0.871373191850627,0.169540819582027,0.452357384513196,2403.8,387.84,320,320
0.582,0,0,0,0,0,0,0,0,0,0,0,0,1,0,0,0,0,0,0,0.035,0,Inf,Inf,Inf,0.045,0.045,0.035,0.04,0.0315249553486525,5.5436187826135e-05,8.58305554296439e-14,1.37160474406539e-05,1.66326301556531,5.59848515615958e-05,0.768657184314821,463.239054690252,0.874967253288257,0.169594067730475,0.451625686851245,2403.8,387.84,320,320
0.583,0,0,0,0,0,0,0,0,0,0,0,0,1,0,0,0,0,0,0,0.035,0,Inf,Inf,Inf,0.045,0.045,0.035,0.04,0.0314104877970569,5.54569727553528e-05,8.53236016885617e-14,1.37671253476092e-05,1.66200674045384,5.55518087714081e-05,0.776216429472423,467.53898865622,0.873948339954599,0.169213031143047,0.460363890378207,2403.8,387.84,320,320
0.584,0,0,0,0,0,0,0,0,0,0,0,0,1,0,0,0,0,0,0,0.035,0,Inf,Inf,Inf,0.045,0.045,0.035,0.04,0.0314165147396508,5.56417513872901e-05,8.45525079405944e-14,1.37419521055554e-05,1.65187703372074,5.47015634079685e-05,0.795917853698757,471.247726703027,0.868761237796556,0.170173454598651,0.469060109844585,2403.8,387.84,320,320
0.585,0,0,0,0,0,0,0,0,0,0,0,0,1,0,0,0,0,0,0,0.035,0,Inf,Inf,Inf,0.045,0.045,0.035,0.04,0.0315255771299065,5.56572486742264e-05,8.38243018869841e-14,1.36502987789035e-05,1.6618026130577,5.48641982682104e-05,0.812442209484755,472.883662510214,0.875137745220154,0.170357011838056,0.477302321358774,2403.8,387.84,320,320
0.586,0,0,0,0,0,0,0,0,0,0,0,0,1,0,0,0,0,0,0,0.035,0,Inf,Inf,Inf,0.045,0.045,0.035,0.04,0.0314527877330217,5.55726823136982e-05,8.34370331586606e-14,1.35283610292564e-05,1.66288070401269,5.45517272598882e-05,0.81559658868683,471.791821475835,0.875254369800406,0.170059935239148,0.479622931233529,2403.8,387.84,320,320
0.587,0,0,0,0,0,0,0,0,0,0,0,0,1,0,0,0,0,0,0,0.035,0,Inf,Inf,Inf,0.045,0.045,0.035,0.04,0.0313655593218456,5.57869480349672e-05,8.35529222096557e-14,1.34254609032309e-05,1.65458107414043,5.37515519931636e-05,0.80547136119288,468.381522757656,0.870895253601324,0.169481890137712,0.47504823600909,2403.8,387.84,320,320
0.588,0,0,0,0,0,0,0,0,0,0,0,0,1,0,0,0,0,0,0,0.035,0,Inf,Inf,Inf,0.045,0.045,0.035,0.04,0.031515449884485,5.58424637435643e-05,8.41245608657787e-14,1.33843671576221e-05,1.65981390460376,5.36645898328606e-05,0.80245863599687,463.986602876635,0.875050329813281,0.17100350988428,0.476119565251818,2403.8,387.84,320,320
0.589,0,0,0,0,0,0,0,0,0,0,0,0,1,0,0,0,0,0,0,0.035,0,Inf,Inf,Inf,0.045,0.045,0.035,0.04,0.0314863856285927,5.5738441109214e-05,8.49157056295684e-14,1.34227844767358e-05,1.66322228621326,5.34653034775726e-05,0.823802882286093,460.374372460023,0.876307295167105,0.170818457269313,0.483391278298672,2403.8,387.84,320,320
0.59,0,0,0,0,0,0,0,0,0,0,0,0,1,0,0,0,0,0,0,0.035,0,Inf,Inf,Inf,0.045,0.045,0.035,0.04,0.0313076053384761,5.59280432678401e-05,8.56048412872209e-14,1.35252244219442e-05,1.65696034463901,5.27543837087952e-05,0.840207236602382,459.03646269258,0.872886967857873,0.170289767788999,0.490226321668482,2403.8,387.84,320,320
0.591,0,0,0,0,0,0,0,0,0,0,0,0,1,0,0,0,0,0,0,0.035,0,Inf,Inf,Inf,0.045,0.045,0.035,0.04,0.0314949242335249,5.60309686879955e-05,8.59168994352903e-14,1.36498998215094e-05,1.65733150309356,5.2773984980582e-05,0.834085149065067,460.53827711458,0.874720348097286,0.17166667004804,0.487606477382867,2403.8,387.84,320,320
0.592,0,0,0,0,0,0,0,0,0,0,0,0,1,0,0,0,0,0,0,0.035,0,Inf,Inf,Inf,0.045,0.045,0.035,0.04,0.031510316661638,5.59616565897259e-05,8.57274871357457e-14,1.37467486839955e-05,1.66301157421118,5.2694270727556e-05,0.804941769759632,464.257031646091,0.877109843391394,0.171592892391269,0.473803849494913,2403.8,387.84,320,320
0.593,0,0,0,0,0,0,0,0,0,0,0,0,1,0,0,0,0,0,0,0.035,0,Inf,Inf,Inf,0.045,0.045,0.035,0.04,0.0313468044420477,5.60366046747758e-05,8.51079422143616e-14,1.37775322605916e-05,1.65894737657032,5.21019167469532e-05,0.792990989248207,468.660532611046,0.874718046473717,0.171102698160004,0.471642171115528,2403.8,387.84,320,320
0.594,0,0,0,0,0,0,0,0,0,0,0,0,1,0,0,0,0,0,0,0.035,0,Inf,Inf,Inf,0.045,0.045,0.035,0.04,0.031464531895475,5.61790799612978e-05,8.43010099834309e-14,1.37301170680811e-05,1.65439969754316,5.16714057187852e-05,0.794793169437408,471.96798404863,0.874147444770905,0.172204784844039,0.471255120761613,2403.8,387.84,320,320
0.595,0,0,0,0,0,0,0,0,0,0,0,0,1,0,0,0,0,0,0,0.035,0,Inf,Inf,Inf,0.045,0.045,0.035,0.04,0.0315241404583402,5.61492246714379e-05,8.36316105317973e-14,1.36229086682835e-05,1.66224138779679,5.17068291150288e-05,0.796588200675847,472.862112431203,0.877621720481291,0.17225515673613,0.471747750769337,2403.8,387.84,320,320
0.596,0,0,0,0,0,0,0,0,0,0,0,0,1,0,0,0,0,0,0,0.035,0,Inf,Inf,Inf,0.045,0.045,0.035,0.04,0.0313985613275133,5.61443229855277e-05,8.33765915202965e-14,1.34984252966077e-05,1.66048625788738,5.12267652363614e-05,0.790857646542778,470.978425381676,0.876327184064289,0.171845064753869,0.469517226769745,2403.8,387.84,320,320
0.597,0,0,0,0,0,0,0,0,0,0,0,0,1,0,0,0,0,0,0,0.035,0,Inf,Inf,Inf,0.045,0.045,0.035,0.04,0.0314247415595598,5.63250850230949e-05,8.36439757623252e-14,1.34073452978859e-05,1.65107504160273,5.0464617669635e-05,0.781697895765482,467.038551761749,0.873368550566823,0.172736601764946,0.469890557759943,2403.8,387.84,320,320
0.598,0,0,0,0,0,0,0,0,0,0,0,0,1,0,0,0,0,0,0,0.035,0,Inf,Inf,Inf,0.045,0.045,0.035,0.04,0.0315276908084868,5.63308760184012e-05,8.43228887663884e-14,1.3387769752833e-05,1.66091780978915,5.06180503805273e-05,0.791849418747168,462.59796421383,0.877872391461896,0.172895129870685,0.477061274747371,2403.8,387.84,320,320
0.599,0,0,0,0,0,0,0,0,0,0,0,0,1,0,0,0,0,0,0,0.035,0,Inf,Inf,Inf,0.045,0.045,0.035,0.04,0.0314432806550899,5.62092855049655e-05,8.51333059369882e-14,1.3448368988811e-05,1.66153049355646,5.02692038936695e-05,0.792841812221026,459.459895550322,0.877719730354269,0.17255267565299,0.478629629074194,2403.8,387.84,320,320
0.6,0,0,0,0,0,0,0,0,0,0,0,0,1,0,0,0,0,0,0,0.035,0,Inf,Inf,Inf,0.045,0.045,0.035,0.04,0.0313758802057004,5.64222511349728e-05,8.57471511698813e-14,1.35642879778044e-05,1.65258518903552,4.96618227127477e-05,0.79132390962805,458.931920527065,0.87302271675659,0.17312021595748,0.477200424196223,2403.8,387.84,320,320
