Time_s,GEN51_pickup,GSUT51_pickup,GEN51N_pickup,87G_pickup,87T_pickup,87B_pickup,87L_pickup,GEN51_trip,GSUT51_trip,GEN51N_trip,87G_trip,87T_trip,87B_trip,87L_trip,GEN51_timer_s,GSUT51_timer_s,GEN51N_timer_s,87G_timer_s,87T_timer_s,87B_timer_s,87L_timer_s,GEN51_operating_time_s,GSUT51_operating_time_s,GEN51N_operating_time_s,87G_operating_time_s,87T_operating_time_s,87B_operating_time_s,87L_operating_time_s,GEN51_secondary_A,GSUT51_secondary_A,GEN51N_secondary_A,87G_differential_A,87T_differential_A,87B_differential_A,87L_differential_A,87G_restraint_A,87T_restraint_A,87B_restraint_A,87L_restraint_A,87G_threshold_A,87T_threshold_A,87B_threshold_A,87L_threshold_A
0,0,0,0,0,0,0,0,0,0,0,0,0,0,0,0,0,0,0,0,0,0,Inf,Inf,Inf,0.045,0.045,0.035,0.04,0,0,0,0,0,0,0,0,0,0,0,2403.8,387.84,320,320
0.001,0,0,0,0,0,0,0,0,0,0,0,0,0,0,0,0,0,0,0,0,0,Inf,Inf,Inf,0.045,0.045,0.035,0.04,0,0,0,0,0,0,0,0,0,0,0,2403.8,387.84,320,320
0.002,0,0,0,0,0,0,0,0,0,0,0,0,0,0,0,0,0,0,0,0,0,Inf,Inf,Inf,0.045,0.045,0.035,0.04,0,0,0,0,0,0,0,0,0,0,0,2403.8,387.84,320,320
0.003,0,0,0,0,0,0,0,0,0,0,0,0,0,0,0,0,0,0,0,0,0,Inf,Inf,Inf,0.045,0.045,0.035,0.04,0,0,0,0,0,0,0,0,0,0,0,2403.8,387.84,320,320
0.004,0,0,0,0,0,0,0,0,0,0,0,0,0,0,0,0,0,0,0,0,0,Inf,Inf,Inf,0.045,0.045,0.035,0.04,0,0,0,0,0,0,0,0,0,0,0,2403.8,387.84,320,320
0.005,0,0,0,0,0,0,0,0,0,0,0,0,0,0,0,0,0,0,0,0,0,Inf,Inf,Inf,0.045,0.045,0.035,0.04,0,0,0,0,0,0,0,0,0,0,0,2403.8,387.84,320,320
0.006,0,0,0,0,0,0,0,0,0,0,0,0,0,0,0,0,0,0,0,0,0,Inf,Inf,Inf,0.045,0.045,0.035,0.04,0,0,0,0,0,0,0,0,0,0,0,2403.8,387.84,320,320
0.007,0,0,0,0,0,0,0,0,0,0,0,0,0,0,0,0,0,0,0,0,0,Inf,Inf,Inf,0.045,0.045,0.035,0.04,0,0,0,0,0,0,0,0,0,0,0,2403.8,387.84,320,320
0.008,0,0,0,0,0,0,0,0,0,0,0,0,0,0,0,0,0,0,0,0,0,Inf,Inf,Inf,0.045,0.045,0.035,0.04,0,0,0,0,0,0,0,0,0,0,0,2403.8,387.84,320,320
0.009,0,0,0,0,0,0,0,0,0,0,0,0,0,0,0,0,0,0,0,0,0,Inf,Inf,Inf,0.045,0.045,0.035,0.04,0,0,0,0,0,0,0,0,0,0,0,2403.8,387.84,320,320
0.01,0,0,0,0,0,0,0,0,0,0,0,0,0,0,0,0,0,0,0,0,0,Inf,Inf,Inf,0.045,0.045,0.035,0.04,0,0,0,0,0,0,0,0,0,0,0,2403.8,387.84,320,320
0.011,0,0,0,0,0,0,0,0,0,0,0,0,0,0,0,0,0,0,0,0,0,Inf,Inf,Inf,0.045,0.045,0.035,0.04,0,0,0,0,0,0,0,0,0,0,0,2403.8,387.84,320,320
0.012,0,0,0,0,0,0,0,0,0,0,0,0,0,0,0,0,0,0,0,0,0,Inf,Inf,Inf,0.045,0.045,0.035,0.04,0,0,0,0,0,0,0,0,0,0,0,2403.8,387.84,320,320
0.013,0,0,0,0,0,0,0,0,0,0,0,0,0,0,0,0,0,0,0,0,0,Inf,Inf,Inf,0.045,0.045,0.035,0.04,0,0,0,0,0,0,0,0,0,0,0,2403.8,387.84,320,320
0.014,0,0,0,0,0,0,0,0,0,0,0,0,0,0,0,0,0,0,0,0,0,Inf,Inf,Inf,0.045,0.045,0.035,0.04,0,0,0,0,0,0,0,0,0,0,0,2403.8,387.84,320,320
0.015,0,0,0,0,0,0,0,0,0,0,0,0,0,0,0,0,0,0,0,0,0,Inf,Inf,Inf,0.045,0.045,0.035,0.04,0,0,0,0,0,0,0,0,0,0,0,2403.8,387.84,320,320
0.016,0,0,0,0,0,0,0,0,0,0,0,0,0,0,0,0,0,0,0,0,0,Inf,Inf,Inf,0.045,0.045,0.035,0.04,0,0,0,0,0,0,0,0,0,0,0,2403.8,387.84,320,320
0.017,0,0,0,0,0,0,0,0,0,0,0,0,0,0,0,0,0,0,0,0,0,Inf,Inf,Inf,0.045,0.045,0.035,0.04,0,0,0,0,0,0,0,0,0,0,0,2403.8,387.84,320,320
0.018,0,0,0,0,0,0,0,0,0,0,0,0,0,0,0,0,0,0,0,0,0,Inf,Inf,Inf,0.045,0.045,0.035,0.04,0,0,0,0,0,0,0,0,0,0,0,2403.8,387.84,320,320
0.019,0,0,0,0,0,0,0,0,0,0,0,0,0,0,0,0,0,0,0,0,0,Inf,Inf,Inf,0.045,0.045,0.035,0.04,0,0,0,0,0,0,0,0,0,0,0,2403.8,387.84,320,320
0.02,0,0,0,0,0,0,0,0,0,0,0,0,0,0,0,0,0,0,0,0,0,Inf,Inf,Inf,0.045,0.045,0.035,0.04,0,0,0,0,0,0,0,0,0,0,0,2403.8,387.84,320,320
0.021,0,0,0,0,0,0,0,0,0,0,0,0,0,0,0,0,0,0,0,0,0,Inf,Inf,Inf,0.045,0.045,0.035,0.04,0.631235131853273,0.542878875493819,2.36792764630228e-12,1.27019487712907e-05,1.67809401171871,0.000132833397431153,0.781152858840424,9468.46282838197,868.793918905597,868.601718923724,868.572871958269,2840.53884851459,387.84,320,320
0.022,0,0,0,0,0,0,0,0,0,0,0,0,0,0,0,0,0,0,0,0,0,Inf,Inf,Inf,0.045,0.045,0.035,0.04,0.631233782867081,0.542877561350184,2.36792670423476e-12,1.27016766261648e-05,1.67809409505785,0.000132833419420342,0.781162306874665,9468.44036725807,868.78987198877,868.59934144268,868.568815819083,2840.53211017742,387.84,320,320
0.023,0,0,0,0,0,0,0,0,0,0,0,0,0,0,0,0,0,0,0,0,0,Inf,Inf,Inf,0.045,0.045,0.035,0.04,0.631231403381154,0.542876857091749,2.36792692992274e-12,1.27016921072835e-05,1.67809439331015,0.000132833437724978,0.781167041952466,9468.40432832565,868.790687630275,868.598274986107,868.564198395746,2840.5212984977,387.84,320,320
0.024,0,0,0,0,0,0,0,0,0,0,0,0,0,0,0,0,0,0,0,0,0,Inf,Inf,Inf,0.045,0.045,0.035,0.04,0.631230441151085,0.542875225577477,2.36792601487879e-12,1.27017051123944e-05,1.67809472787042,0.00013283344848754,0.781163367847325,9468.38224041127,868.788080136705,868.598145504748,868.559904762022,2840.51467212338,387.84,320,320
0.025,0,0,0,0,0,0,0,0,0,0,0,0,0,0,0,0,0,0,0,0,0,Inf,Inf,Inf,0.045,0.045,0.035,0.04,0.631229341610684,0.542872826166932,2.36792188036323e-12,1.27016396063424e-05,1.67809492445808,0.000132833450611714,0.781149304462149,9468.37308805206,868.784012763608,868.598160415085,868.556717070027,2840.51192641562,387.84,320,320
0.026,0,0,0,0,0,0,0,0,0,0,0,0,0,0,0,0,0,0,0,0,0,Inf,Inf,Inf,0.045,0.045,0.035,0.04,0.631227121072819,0.542872348710562,2.36791351243035e-12,1.27016503092003e-05,1.67809492337276,0.000132833445575713,0.781125100305445,9468.32891076274,868.779054210049,868.597396445288,868.55500354801,2840.49867322882,387.84,320,320
0.027,0,0,0,0,0,0,0,0,0,0,0,0,0,0,0,0,0,0,0,0,0,Inf,Inf,Inf,0.045,0.045,0.035,0.04,0.631224881952655,0.542870948693085,2.36790142649744e-12,1.2701659848641e-05,1.67809514190973,0.000132833436944318,0.781093153876241,9468.29875855458,868.781276311508,868.595156378279,868.554550693411,2840.48962756637,387.84,320,320
0.028,0,0,0,0,0,0,0,0,0,0,0,0,0,0,0,0,0,0,0,0,0,Inf,Inf,Inf,0.045,0.045,0.035,0.04,0.631224067489503,0.542868511911736,2.36788755503839e-12,1.270166861248e-05,1.67809547060881,0.000132833429162877,0.781072425896367,9468.28484213064,868.777379525237,868.591257498702,868.549118812898,2840.48545263919,387.84,320,320
0.029,0,0,0,0,0,0,0,0,0,0,0,0,0,0,0,0,0,0,0,0,0,Inf,Inf,Inf,0.045,0.045,0.035,0.04,0.631222094359271,0.542867241504063,2.3678745682474e-12,1.27019392876184e-05,1.67809555519057,0.000132833426188658,0.781066102030968,9468.25247867616,868.772256096112,868.586133214863,868.546707709144,2840.47574360285,387.84,320,320
0.03,0,0,0,0,0,0,0,0,0,0,0,0,0,0,0,0,0,0,0,0,0,Inf,Inf,Inf,0.045,0.045,0.035,0.04,0.631218962191344,0.542866105452034,2.36786486318388e-12,1.27019467617948e-05,1.67809539694682,0.000132833431105899,0.781058068773807,9468.21424058131,868.766818578607,868.580696437013,868.545826856918,2840.46427217439,387.84,320,320
0.031,0,0,0,0,0,0,0,0,0,0,0,0,0,0,0,0,0,0,0,0,0,Inf,Inf,Inf,0.045,0.045,0.035,0.04,0.63121834960294,0.542863845131116,2.36785960422132e-12,1.27019535964206e-05,1.67809577698456,0.000132833444044089,0.781049535369748,9468.19366718265,868.769873412723,868.576005076833,868.545829076218,2840.4581001548,387.84,320,320
0.032,0,0,0,0,0,0,0,0,0,0,0,0,0,0,0,0,0,0,0,0,0,Inf,Inf,Inf,0.045,0.045,0.035,0.04,0.631216660529924,0.542861876100598,2.36785819908044e-12,1.27016929479876e-05,1.67809596553868,0.000132833461571251,0.781041679708534,9468.16898827793,868.764712602975,868.572851679743,868.545664105895,2840.45069648338,387.84,320,320
0.033,0,0,0,0,0,0,0,0,0,0,0,0,0,0,0,0,0,0,0,0,0,Inf,Inf,Inf,0.045,0.045,0.035,0.04,0.631213663526378,0.542861004848457,2.36785844316142e-12,1.27016981332981e-05,1.67809587277984,0.00013283347877305,0.781035403381456,9468.12258302618,868.758853873615,868.571436367512,868.544272804614,2840.43677490785,387.84,320,320
0.034,0,0,0,0,0,0,0,0,0,0,0,0,0,0,0,0,0,0,0,0,0,Inf,Inf,Inf,0.045,0.045,0.035,0.04,0.631212325932567,0.542858960089873,2.3678573095591e-12,1.27017028551329e-05,1.67809617383496,0.000132833490656038,0.781031258241751,9468.0944178274,868.762061902393,868.571257838904,868.541004497675,2840.42832534822,387.84,320,320
0.035,0,0,0,0,0,0,0,0,0,0,0,0,0,0,0,0,0,0,0,0,0,Inf,Inf,Inf,0.045,0.045,0.035,0.04,0.631210940784384,0.542856024008391,2.36785210326344e-12,1.2701640898316e-05,1.6780964785873,0.000132833493425458,0.781029219620738,9468.08172845497,868.756949398893,868.571276780824,868.535892725424,2840.42451853649,387.84,320,320
0.036,0,0,0,0,0,0,0,0,0,0,0,0,0,0,0,0,0,0,0,0,0,Inf,Inf,Inf,0.045,0.045,0.035,0.04,0.631208136755846,0.542855413602127,2.36784153853798e-12,1.27016436156847e-05,1.67809647692032,0.000132833489598619,0.781028711548167,9468.02664818141,868.750728721415,868.561283293518,868.529673045361,2840.40799445442,387.84,320,320
0.037,0,0,0,0,0,0,0,0,0,0,0,0,0,0,0,0,0,0,0,0,0,Inf,Inf,Inf,0.045,0.045,0.035,0.04,0.631205552964084,0.542853628355927,2.3678263082932e-12,1.27016486626298e-05,1.67809650178043,0.000132833508685352,0.781028709469408,9467.98951448161,868.753566662726,868.560770729844,868.523523937733,2840.39685434448,387.84,320,320
0.038,0,0,0,0,0,0,0,0,0,0,0,0,0,0,0,0,0,0,0,0,0,Inf,Inf,Inf,0.045,0.045,0.035,0.04,0.631204499883562,0.54285053474911,2.36780889731371e-12,1.27016533217846e-05,1.67809692676058,0.000132833516343529,0.781028081511024,9467.97282413543,868.748620275276,868.560870512226,868.518621220209,2840.39184724063,387.84,320,320
0.039,0,0,0,0,0,0,0,0,0,0,0,0,0,0,0,0,0,0,0,0,0,Inf,Inf,Inf,0.045,0.045,0.035,0.04,0.631201975718114,0.542849164737135,2.36779268061231e-12,1.27019353597937e-05,1.67809703807745,0.000132833511489037,0.781025955698146,9467.92841284954,868.742148605299,868.560301824468,868.515674541928,2840.37852385486,387.84,320,320
0.04,0,0,0,0,0,0,0,0,0,0,0,0,0,0,0,0,0,0,0,0,0,Inf,Inf,Inf,0.045,0.045,0.035,0.04,0.631198103998119,0.54284770169158,2.36778063426938e-12,1.27019404583336e-05,1.67809682567797,0.000132833496499168,0.781021941819938,9467.88095148962,868.735312888227,868.55796090144,868.514628602707,2840.36428544688,387.84,320,320
0.041,0,0,0,0,0,0,0,0,0,0,0,0,0,0,0,0,0,0,0,0,0,Inf,Inf,Inf,0.045,0.045,0.035,0.04,0.631197403812,0.542844826973153,2.36777415212573e-12,1.270194561179e-05,1.67809708787425,0.000132833476587781,0.781016204094083,9467.85559568181,868.739451779264,868.553361312306,868.514653851932,2840.35667870454,387.84,320,320
0.042,0,0,0,0,0,0,0,0,0,0,0,0,0,0,0,0,0,0,0,0,0,Inf,Inf,Inf,0.045,0.045,0.035,0.04,0.631195264404035,0.542842359096909,2.36777243940841e-12,1.27016896114572e-05,1.67809731652962,0.00013283347016392,0.781009294905057,9467.82462555884,868.732941666998,868.549412744472,868.514441497458,2840.34738766765,387.84,320,320
0.043,0,0,0,0,0,0,0,0,0,0,0,0,0,0,0,0,0,0,0,0,0,Inf,Inf,Inf,0.045,0.045,0.035,0.04,0.631191508496949,0.542841267319065,2.3677727430669e-12,1.27016947519295e-05,1.67809720294886,0.000132833462200567,0.781002078859342,9467.76639464949,868.72559264502,868.547665839153,868.512697909183,2840.32991839485,387.84,320,320
0.044,0,0,0,0,0,0,0,0,0,0,0,0,0,0,0,0,0,0,0,0,0,Inf,Inf,Inf,0.045,0.045,0.035,0.04,0.631189660973065,0.542838735129633,2.36777135816334e-12,1.27017012919384e-05,1.67809720996944,0.000132833451061322,0.781012876752858,9467.73087330603,868.729706080592,868.543614283243,868.502422873424,2840.31926199181,387.84,320,320
0.045,0,0,0,0,0,0,0,0,0,0,0,0,0,0,0,0,0,0,0,0,0,Inf,Inf,Inf,0.045,0.045,0.035,0.04,0.631187980426323,0.54283483000581,2.36776504168032e-12,1.27017054158006e-05,1.67809755102885,0.000132833453459936,0.781027949852842,9467.71776287901,868.72342392594,868.527744595313,868.502445510374,2840.3153288637,387.84,320,320
0.046,0,0,0,0,0,0,0,0,0,0,0,0,0,0,0,0,0,0,0,0,0,Inf,Inf,Inf,0.045,0.045,0.035,0.04,0.631184596744867,0.542834111348084,2.36775229335823e-12,1.27016571565043e-05,1.67809754916204,0.000132833466134381,0.781042846200057,9467.65147750272,868.71582061697,868.525086992598,868.501295000193,2840.29544325081,387.84,320,320
0.047,0,0,0,0,0,0,0,0,0,0,0,0,0,0,0,0,0,0,0,0,0,Inf,Inf,Inf,0.045,0.045,0.035,0.04,0.631181080080763,0.542832003920692,2.36773399837053e-12,1.27016678048177e-05,1.67809751525288,0.000132833477885312,0.781055682287982,9467.60531264641,868.718974711408,868.52438462846,868.497920847421,2840.28159379392,387.84,320,320
0.048,0,0,0,0,0,0,0,0,0,0,0,0,0,0,0,0,0,0,0,0,0,Inf,Inf,Inf,0.045,0.045,0.035,0.04,0.631179868732395,0.542828356347363,2.36771316069246e-12,1.27016752934109e-05,1.6780979805598,0.000132833483260552,0.781065032231742,9467.58409592021,868.713141969967,868.524478024456,868.49208088353,2840.27522877606,387.84,320,320
0.049,0,0,0,0,0,0,0,0,0,0,0,0,0,0,0,0,0,0,0,0,0,Inf,Inf,Inf,0.045,0.045,0.035,0.04,0.631176947562745,0.542826379799984,2.36769380306966e-12,1.27019454665963e-05,1.6780981032028,0.000132833479498001,0.781070177522733,9467.53712001644,868.705528532465,868.52384568834,868.484460742487,2840.26113600493,387.84,320,320
0.05,0,0,0,0,0,0,0,0,0,0,0,0,0,0,0,0,0,0,0,0,0,Inf,Inf,Inf,0.045,0.045,0.035,0.04,0.631172342255684,0.542824716755956,2.36767943641146e-12,1.27019560109309e-05,1.67809786895142,0.000132833487628928,0.781071189760828,9467.48050756824,868.697508698181,868.511340179546,868.476435810072,2840.24415227047,387.84,320,320
0.051,0,0,0,0,0,0,0,0,0,0,0,0,0,0,0,0,0,0,0,0,0,Inf,Inf,Inf,0.045,0.045,0.035,0.04,0.631171331475315,0.542821428543184,2.3676716814667e-12,1.27019642345463e-05,1.67809842055325,0.000132833496245693,0.781068858962891,9467.45016068223,868.702018783663,868.511333945651,868.469557518824,2840.23504820467,387.84,320,320
0.052,0,0,0,0,0,0,0,0,0,0,0,0,0,0,0,0,0,0,0,0,0,Inf,Inf,Inf,0.045,0.045,0.035,0.04,0.631168902944411,0.542818412856206,2.36766958360432e-12,1.27016961433808e-05,1.67809868546234,0.000132833495634541,0.781064549060865,9467.41718426219,868.694562943028,868.511098493473,868.464955516534,2840.22515527866,387.84,320,320
0.053,0,0,0,0,0,0,0,0,0,0,0,0,0,0,0,0,0,0,0,0,0,Inf,Inf,Inf,0.045,0.045,0.035,0.04,0.631164621316601,0.542817177035309,2.36766990815546e-12,1.27017012240675e-05,1.67809855333023,0.000132833486485703,0.781059861266113,9467.35026016053,868.686155029362,868.50912111037,868.462885852379,2840.20507804816,387.84,320,320
0.054,0,0,0,0,0,0,0,0,0,0,0,0,0,0,0,0,0,0,0,0,0,Inf,Inf,Inf,0.045,0.045,0.035,0.04,0.631162488693542,0.542814290523877,2.36766833051699e-12,1.27017111163491e-05,1.67809865731094,0.000132833472008476,0.781056188583774,9467.30971370183,868.690602281869,868.504502632331,868.462605520101,2840.19291411055,387.84,320,320
0.055,0,0,0,0,0,0,0,0,0,0,0,0,0,0,0,0,0,0,0,0,0,Inf,Inf,Inf,0.045,0.045,0.035,0.04,0.631160560509226,0.542809966164279,2.36766108412791e-12,1.27016576164244e-05,1.67809906366802,0.000132833457940152,0.781054396982684,9467.29491678568,868.683426479723,868.497323599551,868.462631873913,2840.1884750357,387.84,320,320
0.056,0,0,0,0,0,0,0,0,0,0,0,0,0,0,0,0,0,0,0,0,0,Inf,Inf,Inf,0.045,0.045,0.035,0.04,0.63115667299071,0.542809130782533,2.36764643815076e-12,1.27016637721805e-05,1.67809906145317,0.000132833449564631,0.781054692385736,9467.2175218326,868.674743489039,868.488639681753,868.461297076538,2840.16525654978,387.84,320,320
0.057,0,0,0,0,0,0,0,0,0,0,0,0,0,0,0,0,0,0,0,0,0,Inf,Inf,Inf,0.045,0.045,0.035,0.04,0.631152892637787,0.542806687903803,2.36762542499702e-12,1.27016738661571e-05,1.67809880863957,0.00013283344954496,0.781056595796529,9467.1654258011,868.678474009015,868.480097721874,868.457390201781,2840.14962774033,387.84,320,320
0.058,0,0,0,0,0,0,0,0,0,0,0,0,0,0,0,0,0,0,0,0,0,Inf,Inf,Inf,0.045,0.045,0.035,0.04,0.631151472681057,0.542802468385303,2.3676015138215e-12,1.27016833512175e-05,1.67809934225324,0.000132833458038772,0.781059147724879,9467.14183786728,868.671727252723,868.473311395633,868.450639569397,2840.14255136018,387.84,320,320
0.059,0,0,0,0,0,0,0,0,0,0,0,0,0,0,0,0,0,0,0,0,0,Inf,Inf,Inf,0.045,0.045,0.035,0.04,0.631148070110208,0.542800418987943,2.36757932871722e-12,1.27019542222393e-05,1.6780994820877,0.000132833471230672,0.781068226925403,9467.08410120242,868.662934705266,868.46923308883,868.447380007995,2840.12523036073,387.84,320,320
0.06,0,0,0,0,0,0,0,0,0,0,0,0,0,0,0,0,0,0,0,0,0,Inf,Inf,Inf,0.045,0.045,0.035,0.04,0.631142724500567,0.542798470699804,2.36756288504395e-12,1.27019623909492e-05,1.67809921653472,0.000132833484275852,0.781078829936903,9467.01930615678,868.653682622979,868.467766329874,868.444262283789,2840.10579184704,387.84,320,320
0.061,0,0,0,0,0,0,0,0,0,0,0,0,0,0,0,0,0,0,0,0,0,Inf,Inf,Inf,0.045,0.045,0.035,0.04,0.631141722269423,0.54279464405434,2.36755401741791e-12,1.27019729903059e-05,1.67809971337541,0.000132833491846583,0.781088642775196,9466.98460646263,868.659172075672,868.467775741856,868.438137145334,2840.09538193879,387.84,320,320
0.062,0,0,0,0,0,0,0,0,0,0,0,0,0,0,0,0,0,0,0,0,0,Inf,Inf,Inf,0.045,0.045,0.035,0.04,0.631138901793288,0.542791164335463,2.3675516147545e-12,1.27017053793942e-05,1.67810000492606,0.000132833491300639,0.781095749606249,9466.9463411389,868.65052530445,868.467500551497,868.429482542072,2840.08390234167,387.84,320,320
0.063,0,0,0,0,0,0,0,0,0,0,0,0,0,0,0,0,0,0,0,0,0,Inf,Inf,Inf,0.045,0.045,0.035,0.04,0.631133953705556,0.542789739622642,2.36755197901589e-12,1.27017122333989e-05,1.67809985985806,0.000132833483095858,0.781098678586855,9466.86870664895,868.640789629432,868.465220928513,868.419739533186,2840.06061199469,387.84,320,320
0.064,0,0,0,0,0,0,0,0,0,0,0,0,0,0,0,0,0,0,0,0,0,Inf,Inf,Inf,0.045,0.045,0.035,0.04,0.631131331405395,0.542786429493224,2.36755019490988e-12,1.27017219313996e-05,1.67810009938243,0.000132833491176174,0.781096716013389,9466.82134463785,868.646030544498,868.451539131548,868.410779738305,2840.04640339136,387.84,320,320
0.065,0,0,0,0,0,0,0,0,0,0,0,0,0,0,0,0,0,0,0,0,0,Inf,Inf,Inf,0.045,0.045,0.035,0.04,0.631129151372835,0.542781298917046,2.36754200294725e-12,1.2701730867019e-05,1.6781005517139,0.000132833493735106,0.781090058240646,9466.80370761784,868.637825841384,868.451566525942,868.404193986778,2840.04111228535,387.84,320,320
0.066,0,0,0,0,0,0,0,0,0,0,0,0,0,0,0,0,0,0,0,0,0,Inf,Inf,Inf,0.045,0.045,0.035,0.04,0.631124760381731,0.54278028187936,2.36752546160141e-12,1.27016728846815e-05,1.67810054925242,0.000132833487436646,0.781079801016187,9466.71906231778,868.627912391049,868.450088442944,868.400673421682,2840.01571869533,387.84,320,320
0.067,0,0,0,0,0,0,0,0,0,0,0,0,0,0,0,0,0,0,0,0,0,Inf,Inf,Inf,0.045,0.045,0.035,0.04,0.631120101190622,0.542777565169095,2.36750175030224e-12,1.27016844207177e-05,1.67810035405498,0.00013283347598439,0.781067650560425,9466.65859315527,868.631885885683,868.445741626974,868.399724487484,2839.99757794658,387.84,320,320
0.068,0,0,0,0,0,0,0,0,0,0,0,0,0,0,0,0,0,0,0,0,0,Inf,Inf,Inf,0.045,0.045,0.035,0.04,0.631118552059471,0.542772864903997,2.36747478366644e-12,1.27016931848682e-05,1.67810096010091,0.000132833473171163,0.781055476291373,9466.63066341349,868.624369949826,868.434805954051,868.399835385086,2839.98919902405,387.84,320,320
0.069,0,0,0,0,0,0,0,0,0,0,0,0,0,0,0,0,0,0,0,0,0,Inf,Inf,Inf,0.045,0.045,0.035,0.04,0.631114812361537,0.542770230971909,2.3674497601349e-12,1.27019603105782e-05,1.67810111856886,0.000132833486234133,0.781048852802405,9466.57132630041,868.614571775013,868.419585738278,868.384639470827,2839.97139789012,387.84,320,320
0.07,0,0,0,0,0,0,0,0,0,0,0,0,0,0,0,0,0,0,0,0,0,Inf,Inf,Inf,0.045,0.045,0.035,0.04,0.631108921363124,0.542768118600184,2.36743118364382e-12,1.27019728834399e-05,1.67810081786518,0.000132833500965359,0.781045754882241,9466.49811263412,868.604263127721,868.417852959011,868.382904549836,2839.94943379023,387.84,320,320
0.071,0,0,0,0,0,0,0,0,0,0,0,0,0,0,0,0,0,0,0,0,0,Inf,Inf,Inf,0.045,0.045,0.035,0.04,0.631107499220613,0.542763940736088,2.36742111192584e-12,1.27019821489253e-05,1.67810130502791,0.000132833509324375,0.781043080809337,9466.45868390868,868.610052826028,868.417822374034,868.382873693208,2839.93760517261,387.84,320,320
0.072,0,0,0,0,0,0,0,0,0,0,0,0,0,0,0,0,0,0,0,0,0,Inf,Inf,Inf,0.045,0.045,0.035,0.04,0.631104438958209,0.542759934610484,2.36741831357661e-12,1.27017127175174e-05,1.6781016325238,0.000132833508749359,0.781041281692319,9466.41931699895,868.600587771351,868.417532635781,868.382585501544,2839.92579509968,387.84,320,320
0.073,0,0,0,0,0,0,0,0,0,0,0,0,0,0,0,0,0,0,0,0,0,Inf,Inf,Inf,0.045,0.045,0.035,0.04,0.631099043265857,0.542758393954624,2.36741867797205e-12,1.27017266498056e-05,1.67810146990293,0.000132833528136649,0.781040542813177,9466.33382600549,868.589923786947,868.400677848805,868.380123075804,2839.90014780165,387.84,320,320
0.074,0,0,0,0,0,0,0,0,0,0,0,0,0,0,0,0,0,0,0,0,0,Inf,Inf,Inf,0.045,0.045,0.035,0.04,0.631096129032922,0.542754786769025,2.3674167448256e-12,1.27017397001615e-05,1.67810167638888,0.000132833542644006,0.781040728326464,9466.2818057324,868.595410471277,868.400281910711,868.374354323633,2839.88454171972,387.84,320,320
0.075,0,0,0,0,0,0,0,0,0,0,0,0,0,0,0,0,0,0,0,0,0,Inf,Inf,Inf,0.045,0.045,0.035,0.04,0.631093744128522,0.542749178852853,2.36740778433452e-12,1.27017482024174e-05,1.67810217618381,0.00013283354592512,0.781041447960759,9466.26257496466,868.586441937086,868.40031199284,868.365383405686,2839.8787724894,387.84,320,320
0.076,0,0,0,0,0,0,0,0,0,0,0,0,0,0,0,0,0,0,0,0,0,Inf,Inf,Inf,0.045,0.045,0.035,0.04,0.631088926043177,0.542748152998192,2.36738963518628e-12,1.27016893745079e-05,1.67810217347191,0.000132833537724614,0.78104209718069,9466.16858550366,868.575593342017,868.398681865092,868.354533480786,2839.8505756511,387.84,320,320
0.077,0,0,0,0,0,0,0,0,0,0,0,0,0,0,0,0,0,0,0,0,0,Inf,Inf,Inf,0.045,0.045,0.035,0.04,0.631084016872596,0.54274515421383,2.36736358620086e-12,1.27017016316181e-05,1.67810196786201,0.000132833545752857,0.781042036170889,9466.10274599437,868.580034615915,868.382004553081,868.34385850054,2839.83082379831,387.84,320,320
0.078,0,0,0,0,0,0,0,0,0,0,0,0,0,0,0,0,0,0,0,0,0,Inf,Inf,Inf,0.045,0.045,0.035,0.04,0.631082293877087,0.542739964730298,2.36733394321477e-12,1.27017134465278e-05,1.67810263257631,0.00013283355353856,0.781040770999134,9466.07255290407,868.571736825712,868.382137490481,868.335363730159,2839.82176587122,387.84,320,320
0.079,0,0,0,0,0,0,0,0,0,0,0,0,0,0,0,0,0,0,0,0,0,Inf,Inf,Inf,0.045,0.045,0.035,0.04,0.631078144680692,0.542737252024709,2.36730642413542e-12,1.27019672591885e-05,1.67810280645799,0.000132833548675652,0.781038096008257,9466.00403683603,868.56091690308,868.381240203167,868.33023060434,2839.80121105081,387.84,320,320
0.08,0,0,0,0,0,0,0,0,0,0,0,0,0,0,0,0,0,0,0,0,0,Inf,Inf,Inf,0.045,0.045,0.035,0.04,0.6310716151453,0.542734899403185,2.36728598007557e-12,1.27019778036689e-05,1.67810247642316,0.000132833547970092,0.781034150965215,9465.92346135341,868.54952682627,868.363296545876,868.328345400545,2839.77703840602,387.84,320,320
0.081,0,0,0,0,0,0,0,0,0,0,0,0,0,0,0,0,0,0,0,0,0,Inf,Inf,Inf,0.045,0.045,0.035,0.04,0.631070179366671,0.542730260459009,2.36727487341554e-12,1.2701989444949e-05,1.67810296773519,0.000132833558763797,0.781029353636628,9465.87997824408,868.556173479635,868.363270875598,868.328319228392,2839.76399347323,387.84,320,320
0.082,0,0,0,0,0,0,0,0,0,0,0,0,0,0,0,0,0,0,0,0,0,Inf,Inf,Inf,0.045,0.045,0.035,0.04,0.631066787607973,0.542725820807273,2.36727175897975e-12,1.27017248925653e-05,1.67810332425267,0.000132833558035032,0.781024296836388,9465.83635675405,868.545675196029,868.362950157807,868.328000358728,2839.75090702622,387.84,320,320
0.083,0,0,0,0,0,0,0,0,0,0,0,0,0,0,0,0,0,0,0,0,0,Inf,Inf,Inf,0.045,0.045,0.035,0.04,0.631060819361798,0.542724124344796,2.36727214029252e-12,1.27017370067583e-05,1.6781031475087,0.000132833547494446,0.781019589758667,9465.7412211207,868.533844525323,868.360235718666,868.325289720649,2839.72236633621,387.84,320,320
0.084,0,0,0,0,0,0,0,0,0,0,0,0,0,0,0,0,0,0,0,0,0,Inf,Inf,Inf,0.045,0.045,0.035,0.04,0.631057430934645,0.542720159202084,2.36727004801888e-12,1.2701750042279e-05,1.67810332227683,0.000132833561156605,0.78101683888993,9465.68290099523,868.540013345374,868.343539818302,868.308610720489,2839.70487029857,387.84,320,320
0.085,0,0,0,0,0,0,0,0,0,0,0,0,0,0,0,0,0,0,0,0,0,Inf,Inf,Inf,0.045,0.045,0.035,0.04,0.631054839595599,0.542713998495551,2.36726031364116e-12,1.27017603778008e-05,1.67810386286607,0.00013283356446472,0.781021428981569,9465.66080408664,868.530161182703,868.343570845855,868.308642874285,2839.69824122599,387.84,320,320
0.086,0,0,0,0,0,0,0,0,0,0,0,0,0,0,0,0,0,0,0,0,0,Inf,Inf,Inf,0.045,0.045,0.035,0.04,0.631049598021043,0.542712622653858,2.36724057173266e-12,1.27017044263666e-05,1.67810385994372,0.000132833558399519,0.78102554281065,9465.56129646157,868.518241146545,868.32449340641,868.306906839185,2839.66838893847,387.84,320,320
0.087,0,0,0,0,0,0,0,0,0,0,0,0,0,0,0,0,0,0,0,0,0,Inf,Inf,Inf,0.045,0.045,0.035,0.04,0.6310438584598,0.542709401578851,2.36721221531338e-12,1.27017186799489e-05,1.67810370556408,0.000132833577520041,0.781028777226801,9465.48778757305,868.522838999807,868.323297267209,868.301755163509,2839.64633627191,387.84,320,320
0.088,0,0,0,0,0,0,0,0,0,0,0,0,0,0,0,0,0,0,0,0,0,Inf,Inf,Inf,0.045,0.045,0.035,0.04,0.631042037550837,0.542703810630133,2.36717992010553e-12,1.27017301072774e-05,1.67810443119596,0.000132833585501432,0.781030927970993,9465.45346177631,868.513898905042,868.323412177975,868.292811197626,2839.63603853289,387.84,320,320
0.089,0,0,0,0,0,0,0,0,0,0,0,0,0,0,0,0,0,0,0,0,0,Inf,Inf,Inf,0.045,0.045,0.035,0.04,0.631037616491023,0.542700531379669,2.36714989858319e-12,1.27019749583029e-05,1.67810462132774,0.000132833580386014,0.781031986953095,9465.38449163413,868.502223320392,868.322486768618,868.281133352496,2839.61534749024,387.84,320,320
0.09,0,0,0,0,0,0,0,0,0,0,0,0,0,0,0,0,0,0,0,0,0,Inf,Inf,Inf,0.045,0.045,0.035,0.04,0.631030634165419,0.542698053948534,2.36712753618958e-12,1.27019858500964e-05,1.67810425949637,0.00013283358954254,0.781032165086185,9465.29633605431,868.489919679427,868.303157254071,868.268829656615,2839.58890081629,387.84,320,320
0.091,0,0,0,0,0,0,0,0,0,0,0,0,0,0,0,0,0,0,0,0,0,Inf,Inf,Inf,0.045,0.045,0.035,0.04,0.631028775692075,0.542693132463808,2.36711530994875e-12,1.27019991726847e-05,1.67810488411344,0.00013283360149846,0.781031841390652,9465.24844752266,868.496775517458,868.303083684593,868.258262633447,2839.5745342568,387.84,320,320
0.092,0,0,0,0,0,0,0,0,0,0,0,0,0,0,0,0,0,0,0,0,0,Inf,Inf,Inf,0.045,0.045,0.035,0.04,0.631025197522032,0.542688199669739,2.36711179472702e-12,1.27017326402292e-05,1.67810527881937,0.000132833600662468,0.781031463554154,9465.20458493417,868.48560024184,868.302755920115,868.251144393772,2839.56137548025,387.84,320,320
0.093,0,0,0,0,0,0,0,0,0,0,0,0,0,0,0,0,0,0,0,0,0,Inf,Inf,Inf,0.045,0.045,0.035,0.04,0.631018866361916,0.542686417050863,2.36711215570715e-12,1.27017411630175e-05,1.67810508246297,0.000132833588272058,0.781031466812153,9465.102552499,868.47298656744,868.299903624806,868.247868583579,2839.5307657497,387.84,320,320
0.094,0,0,0,0,0,0,0,0,0,0,0,0,0,0,0,0,0,0,0,0,0,Inf,Inf,Inf,0.045,0.045,0.035,0.04,0.631015192171427,0.54268221574182,2.36710995914829e-12,1.27017559570203e-05,1.6781051692798,0.000132833578253414,0.781032139102143,9465.04001891391,868.479312331499,868.282269377066,868.247339837836,2839.51200567417,387.84,320,320
0.095,0,0,0,0,0,0,0,0,0,0,0,0,0,0,0,0,0,0,0,0,0,Inf,Inf,Inf,0.045,0.045,0.035,0.04,0.631012440297521,0.542675664026018,2.36709962342305e-12,1.27017680211964e-05,1.67810575963053,0.000132833581394951,0.781033507605757,9465.01635890932,868.468834489507,868.282302079606,868.247373704312,2839.5049076728,387.84,320,320
0.096,0,0,0,0,0,0,0,0,0,0,0,0,0,0,0,0,0,0,0,0,0,Inf,Inf,Inf,0.045,0.045,0.035,0.04,0.63100685171381,0.542674256823631,2.36707857605768e-12,1.27017222544541e-05,1.67810575644454,0.000132833573373035,0.78103535318858,9464.90936013642,868.456133901549,868.280447152278,868.245521186247,2839.47280804093,387.84,320,320
0.097,0,0,0,0,0,0,0,0,0,0,0,0,0,0,0,0,0,0,0,0,0,Inf,Inf,Inf,0.045,0.045,0.035,0.04,0.631000882838036,0.542670808399357,2.36704828275935e-12,1.27017366747869e-05,1.67810537258198,0.000132833579437555,0.781037349198935,9464.83113195695,868.46109677646,868.260832797517,868.240006387221,2839.44933958708,387.84,320,320
0.098,0,0,0,0,0,0,0,0,0,0,0,0,0,0,0,0,0,0,0,0,0,Inf,Inf,Inf,0.045,0.045,0.035,0.04,0.630998923154205,0.542664814442072,2.36701373743087e-12,1.27017502653422e-05,1.67810613863143,0.000132833586436139,0.781039101618005,9464.79471448833,868.451512595239,868.260962149248,868.230418054935,2839.4384143465,387.84,320,320
0.099,0,0,0,0,0,0,0,0,0,0,0,0,0,0,0,0,0,0,0,0,0,Inf,Inf,Inf,0.045,0.045,0.035,0.04,0.63099416695072,0.54266145242036,2.36698158895424e-12,1.27019813796585e-05,1.67810633973919,0.000132833589339634,0.781040232660394,9464.71825364531,868.4389831566,868.241394543159,868.217885802212,2839.41547609359,387.84,320,320
0.1,0,0,0,0,0,0,0,0,0,0,0,0,0,0,0,0,0,0,0,0,0,Inf,Inf,Inf,0.045,0.045,0.035,0.04,0.630986654296257,0.542658780569745,2.36695760771012e-12,1.27019942999612e-05,1.678105956824,0.000132833610111619,0.781043224499475,9464.6237127346,868.425764724795,868.239111672351,868.220771479897,2839.38711382038,387.84,320,320
0.101,0,0,0,0,0,0,0,0,0,0,0,0,0,0,0,0,0,0,0,0,0,Inf,Inf,Inf,0.045,0.045,0.035,0.04,0.630984761629316,0.542653479548101,2.36694445774337e-12,1.27020073305551e-05,1.67810651282293,0.000132833622206663,0.781048120304567,9464.57220075684,868.433339861701,868.23903472541,868.21229074892,2839.37166022705,387.84,320,320
0.102,0,0,0,0,0,0,0,0,0,0,0,0,0,0,0,0,0,0,0,0,0,Inf,Inf,Inf,0.045,0.045,0.035,0.04,0.630980914670226,0.542648155080957,2.36694063522404e-12,1.27017459182257e-05,1.67810692251568,0.000132833621485633,0.781051322330786,9464.52514229822,868.421304049105,868.238684132596,868.200250126685,2839.35754268947,387.84,320,320
0.103,0,0,0,0,0,0,0,0,0,0,0,0,0,0,0,0,0,0,0,0,0,Inf,Inf,Inf,0.045,0.045,0.035,0.04,0.630974112487697,0.542646249842462,2.3669409953346e-12,1.27017579727441e-05,1.6781067184258,0.000132833608907715,0.781052520922529,9464.41479380215,868.407708231286,868.235635637701,868.186651455145,2839.32443814065,387.84,320,320
0.104,0,0,0,0,0,0,0,0,0,0,0,0,0,0,0,0,0,0,0,0,0,Inf,Inf,Inf,0.045,0.045,0.035,0.04,0.630969999819731,0.542641759913015,2.36693868397319e-12,1.27017709038883e-05,1.67810687412394,0.000132833614653786,0.781051795075819,9464.3467040723,868.414590324011,868.216354734963,868.174100599571,2839.30401122169,387.84,320,320
0.105,0,0,0,0,0,0,0,0,0,0,0,0,0,0,0,0,0,0,0,0,0,Inf,Inf,Inf,0.045,0.045,0.035,0.04,0.630967087670685,0.542634755817821,2.36692774839434e-12,1.2701784487511e-05,1.67810749187981,0.000132833618120796,0.781049596868692,9464.32039830101,868.403389348765,868.216387595517,868.164816615011,2839.2961194903,387.84,320,320
0.106,0,0,0,0,0,0,0,0,0,0,0,0,0,0,0,0,0,0,0,0,0,Inf,Inf,Inf,0.045,0.045,0.035,0.04,0.630961161342769,0.54263301315138,2.36690543195174e-12,1.27017419714042e-05,1.6781074885511,0.000132833609235631,0.781046600600104,9464.20947484941,868.389801011975,868.21445681119,868.159777979315,2839.26284245482,387.84,320,320
0.107,0,0,0,0,0,0,0,0,0,0,0,0,0,0,0,0,0,0,0,0,0,Inf,Inf,Inf,0.045,0.045,0.035,0.04,0.630954445288618,0.542629395371633,2.36687326845053e-12,1.27017585549192e-05,1.67810716081862,0.000132833603847173,0.781043560934379,9464.12456665426,868.394844438179,868.193264702228,868.158335141813,2839.23736999628,387.84,320,320
0.108,0,0,0,0,0,0,0,0,0,0,0,0,0,0,0,0,0,0,0,0,0,Inf,Inf,Inf,0.045,0.045,0.035,0.04,0.630952418104824,0.542623085773015,2.36683654265133e-12,1.27017723123515e-05,1.6781079758852,0.000132833611446428,0.781041126813717,9464.08441943425,868.38475526421,868.193372330843,868.158443137834,2839.22532583027,387.84,320,320
0.109,0,0,0,0,0,0,0,0,0,0,0,0,0,0,0,0,0,0,0,0,0,Inf,Inf,Inf,0.045,0.045,0.035,0.04,0.630947458161378,0.542619201732494,2.36680230594992e-12,1.27019902882352e-05,1.67810819002076,0.000132833610124856,0.781039669529003,9464.00850958655,868.371539841125,868.172905529499,868.157431696359,2839.20255287597,387.84,320,320
0.11,0,0,0,0,0,0,0,0,0,0,0,0,0,0,0,0,0,0,0,0,0,Inf,Inf,Inf,0.045,0.045,0.035,0.04,0.630939594305883,0.542616444083379,2.36677669272142e-12,1.27020035558867e-05,1.67810778185157,0.000132833631178782,0.78103919736986,9463.90751379047,868.357577141936,868.170385388138,868.153022968098,2839.17225413714,387.84,320,320
0.111,0,0,0,0,0,0,0,0,0,0,0,0,0,0,0,0,0,0,0,0,0,Inf,Inf,Inf,0.045,0.045,0.035,0.04,0.630937296609019,0.542610933167737,2.36676255975699e-12,1.27020172812059e-05,1.67810837856705,0.000132833643065187,0.781039478424042,9463.8521273787,868.365272669492,868.170257087348,868.144208853618,2839.15563821361,387.84,320,320
0.112,0,0,0,0,0,0,0,0,0,0,0,0,0,0,0,0,0,0,0,0,0,Inf,Inf,Inf,0.045,0.045,0.035,0.04,0.630933318010879,0.542605168983338,2.36675835809314e-12,1.27017618473835e-05,1.67810881660425,0.000132833642233042,0.781040088854316,9463.80560744585,868.352716447349,868.169905900781,868.13164989335,2839.14168223376,387.84,320,320
0.113,0,0,0,0,0,0,0,0,0,0,0,0,0,0,0,0,0,0,0,0,0,Inf,Inf,Inf,0.045,0.045,0.035,0.04,0.630926244409854,0.542603206893892,2.36675868319011e-12,1.27017756603374e-05,1.67810859806881,0.000132833639122868,0.781040482345847,9463.68959155214,868.338505466189,868.147414323472,868.117437882895,2839.10687746564,387.84,320,320
0.114,0,0,0,0,0,0,0,0,0,0,0,0,0,0,0,0,0,0,0,0,0,Inf,Inf,Inf,0.045,0.045,0.035,0.04,0.630921870253676,0.542598544609109,2.36675630929582e-12,1.27017884421793e-05,1.6781087079197,0.000132833656308365,0.781040139614625,9463.61794068377,868.345454094955,868.146750225742,868.104306844688,2839.08538220513,387.84,320,320
0.115,0,0,0,0,0,0,0,0,0,0,0,0,0,0,0,0,0,0,0,0,0,Inf,Inf,Inf,0.045,0.045,0.035,0.04,0.630918842658743,0.542591243649738,2.36674494216924e-12,1.27018018915382e-05,1.67810936310257,0.000132833660222394,0.781039096084088,9463.59022012426,868.333778084441,868.146783893583,868.112712938916,2839.07706603728,387.84,320,320
0.116,0,0,0,0,0,0,0,0,0,0,0,0,0,0,0,0,0,0,0,0,0,Inf,Inf,Inf,0.045,0.045,0.035,0.04,0.630912654344963,0.542589459446321,2.3667216410068e-12,1.27017599723692e-05,1.67810935958041,0.00013283365059411,0.781039836071763,9463.47366888079,868.319582815457,868.14477039455,868.09851595376,2839.04210066424,387.84,320,320
0.117,0,0,0,0,0,0,0,0,0,0,0,0,0,0,0,0,0,0,0,0,0,Inf,Inf,Inf,0.045,0.045,0.035,0.04,0.630905752503217,0.5425856707557,2.36668797730605e-12,1.2701775280649e-05,1.67810892077279,0.000132833653831132,0.781039781995439,9463.38488610647,868.324892033856,868.122742776232,868.084475801856,2839.01546583194,387.84,320,320
0.118,0,0,0,0,0,0,0,0,0,0,0,0,0,0,0,0,0,0,0,0,0,Inf,Inf,Inf,0.045,0.045,0.035,0.04,0.630903621634072,0.542579049516801,2.36664947428836e-12,1.27017890383082e-05,1.6781097719193,0.000132833662685,0.781038837818731,9463.34293534637,868.314304794056,868.122858702492,868.073218660969,2839.00288060391,387.84,320,320
0.119,0,0,0,0,0,0,0,0,0,0,0,0,0,0,0,0,0,0,0,0,0,Inf,Inf,Inf,0.045,0.045,0.035,0.04,0.630898403363531,0.542575096015747,2.36661352585517e-12,1.27020036575699e-05,1.67810999589222,0.000132833657077329,0.781037103724486,9463.2611063947,868.3004161923,868.121788777432,868.066314559258,2838.97833191841,387.84,320,320
0.12,0,0,0,0,0,0,0,0,0,0,0,0,0,0,0,0,0,0,0,0,0,Inf,Inf,Inf,0.045,0.045,0.035,0.04,0.630890122745033,0.542572190179208,2.36658657944203e-12,1.27020155914298e-05,1.67810956850062,0.000132833668103664,0.781034836092784,9463.15484815565,868.285719669119,868.098588674143,868.063665283975,2838.94645444669,387.84,320,320
0.121,0,0,0,0,0,0,0,0,0,0,0,0,0,0,0,0,0,0,0,0,0,Inf,Inf,Inf,0.045,0.045,0.035,0.04,0.630887784550785,0.542566383605334,2.36657165673039e-12,1.27020306508346e-05,1.67811008764418,0.000132833680956287,0.781032376043017,9463.09635918169,868.294001985285,868.098450511393,868.063526700153,2838.92890775451,387.84,320,320
0.122,0,0,0,0,0,0,0,0,0,0,0,0,0,0,0,0,0,0,0,0,0,Inf,Inf,Inf,0.045,0.045,0.035,0.04,0.630883600741974,0.542560280807842,2.36656716626107e-12,1.27017701865987e-05,1.67811053936475,0.000132833680056749,0.781030066640972,9463.04762946178,868.28076444714,868.098084317579,868.063162470554,2838.91428883853,387.84,320,320
0.123,0,0,0,0,0,0,0,0,0,0,0,0,0,0,0,0,0,0,0,0,0,Inf,Inf,Inf,0.045,0.045,0.035,0.04,0.630876160371469,0.542558229344007,2.36656747431889e-12,1.2701783999627e-05,1.67811031386291,0.000132833672870539,0.78102818370979,9462.92471579091,868.265763803529,868.074150915442,868.059883808518,2838.87741473727,387.84,320,320
0.124,0,0,0,0,0,0,0,0,0,0,0,0,0,0,0,0,0,0,0,0,0,Inf,Inf,Inf,0.045,0.045,0.035,0.04,0.630871387864937,0.542553349139664,2.36656502962546e-12,1.27018003133388e-05,1.67811041197267,0.000132833690457962,0.781026876548405,9462.84831071633,868.273148528015,868.073407132246,868.052079838608,2838.8544932149,387.84,320,320
0.125,0,0,0,0,0,0,0,0,0,0,0,0,0,0,0,0,0,0,0,0,0,Inf,Inf,Inf,0.045,0.045,0.035,0.04,0.630868247008152,0.542545699239432,2.36655323981405e-12,1.2701815401809e-05,1.67811108673852,0.000132833694536074,0.781026154801942,9462.81819169909,868.260914735671,868.073440177606,868.039843662257,2838.84545750973,387.84,320,320
0.126,0,0,0,0,0,0,0,0,0,0,0,0,0,0,0,0,0,0,0,0,0,Inf,Inf,Inf,0.045,0.045,0.035,0.04,0.630861809407612,0.542543592862001,2.36652900341903e-12,1.27017702683489e-05,1.67811108312124,0.000132833684377269,0.781025989434523,9462.69940393531,868.246022543297,868.071383351657,868.036471980165,2838.80982118059,387.84,320,320
0.127,0,0,0,0,0,0,0,0,0,0,0,0,0,0,0,0,0,0,0,0,0,Inf,Inf,Inf,0.045,0.045,0.035,0.04,0.630854244335871,0.542539689559815,2.36649392491948e-12,1.27017839680065e-05,1.67811071446442,0.000132833696065665,0.781026530449618,9462.60499071078,868.251330086248,868.048068765076,868.030230306551,2838.78149721323,387.84,320,320
0.128,0,0,0,0,0,0,0,0,0,0,0,0,0,0,0,0,0,0,0,0,0,Inf,Inf,Inf,0.045,0.045,0.035,0.04,0.630852077370987,0.542532842367681,2.36645373758746e-12,1.27017982802333e-05,1.6781116022813,0.00013283370529064,0.78102685305816,9462.5597488133,868.240381328631,868.048159351119,868.019278108939,2838.76792464399,387.84,320,320
0.129,0,0,0,0,0,0,0,0,0,0,0,0,0,0,0,0,0,0,0,0,0,Inf,Inf,Inf,0.045,0.045,0.035,0.04,0.630846726505667,0.542528412386683,2.36641614153998e-12,1.2702014068659e-05,1.67811183633725,0.000132833699339085,0.781026999986613,9462.4795544991,868.225985741689,868.047094458773,868.004881013394,2838.74386634973,387.84,320,320
0.13,0,0,0,0,0,0,0,0,0,0,0,0,0,0,0,0,0,0,0,0,0,Inf,Inf,Inf,0.045,0.045,0.035,0.04,0.63083820175433,0.542525461338824,2.36638787281347e-12,1.27020276837848e-05,1.67811138867165,0.000132833708980459,0.781027020175064,9462.36805891161,868.210725436076,868.023053866309,867.989621679237,2838.71041767348,387.84,320,320
0.131,0,0,0,0,0,0,0,0,0,0,0,0,0,0,0,0,0,0,0,0,0,Inf,Inf,Inf,0.045,0.045,0.035,0.04,0.630835480267513,0.542519521142175,2.36637211993819e-12,1.2702043090678e-05,1.67811199450512,0.000132833722966159,0.781027008551857,9462.3062907503,868.219028740257,868.022861689708,867.976420676096,2838.69188722509,387.84,320,320
0.132,0,0,0,0,0,0,0,0,0,0,0,0,0,0,0,0,0,0,0,0,0,Inf,Inf,Inf,0.045,0.045,0.035,0.04,0.630831221611611,0.542513041733707,2.36636727995774e-12,1.27017826820334e-05,1.67811247143988,0.000132833721992152,0.781027087791654,9462.25883985804,868.205436557264,868.022501279555,867.967420853011,2838.67765195741,387.84,320,320
0.133,0,0,0,0,0,0,0,0,0,0,0,0,0,0,0,0,0,0,0,0,0,Inf,Inf,Inf,0.045,0.045,0.035,0.04,0.630823605615099,0.542510963259639,2.36636753991759e-12,1.27017964652591e-05,1.67811223277991,0.000132833707563494,0.781027345376773,9462.13160554424,868.190000140051,868.019175592237,867.963161576801,2838.63948166327,387.84,320,320
0.134,0,0,0,0,0,0,0,0,0,0,0,0,0,0,0,0,0,0,0,0,0,Inf,Inf,Inf,0.045,0.045,0.035,0.04,0.630818606375242,0.54250597661738,2.36636507382163e-12,1.27018144927247e-05,1.6781122523965,0.000132833720135103,0.781027833188024,9462.05238241515,868.197360095962,867.997270957795,867.962361225528,2838.61571472454,387.84,320,320
0.135,0,0,0,0,0,0,0,0,0,0,0,0,0,0,0,0,0,0,0,0,0,Inf,Inf,Inf,0.045,0.045,0.035,0.04,0.630815395791259,0.542498128228549,2.36635302453382e-12,1.27018294171485e-05,1.67811295908794,0.000132833724316903,0.781028543891711,9462.02105116228,868.184808648183,867.997303995213,867.96239544656,2838.60631534868,387.84,320,320
0.136,0,0,0,0,0,0,0,0,0,0,0,0,0,0,0,0,0,0,0,0,0,Inf,Inf,Inf,0.045,0.045,0.035,0.04,0.630808783851897,0.542495977554974,2.36632813391895e-12,1.27017807326564e-05,1.67811295530925,0.000132833714120941,0.7810293810271,9461.89850185773,868.169493187651,867.99519833281,867.960292713246,2838.56955055732,387.84,320,320
0.137,0,0,0,0,0,0,0,0,0,0,0,0,0,0,0,0,0,0,0,0,0,Inf,Inf,Inf,0.045,0.045,0.035,0.04,0.630801086839422,0.542491960616696,2.3662920119403e-12,1.27017973165986e-05,1.6781124149012,0.000132833719952305,0.781030183297655,9461.80117069065,868.174970333724,867.971308860911,867.95386924324,2838.54035120719,387.84,320,320
0.138,0,0,0,0,0,0,0,0,0,0,0,0,0,0,0,0,0,0,0,0,0,Inf,Inf,Inf,0.045,0.045,0.035,0.04,0.630798851142344,0.542484896284042,2.36625055032539e-12,1.27018125168156e-05,1.6781133252818,0.000132833728906271,0.781030828197957,9461.75449178294,868.163674561245,867.971402448093,867.942569533566,2838.52634753488,387.84,320,320
0.139,0,0,0,0,0,0,0,0,0,0,0,0,0,0,0,0,0,0,0,0,0,Inf,Inf,Inf,0.045,0.045,0.035,0.04,0.630793320465839,0.542480417145938,2.36621169397691e-12,1.27020228555921e-05,1.67811356583688,0.000132833722855182,0.781031224629923,9461.66996182104,868.148796101457,867.970301543849,867.927688985936,2838.50098854631,387.84,320,320
0.14,0,0,0,0,0,0,0,0,0,0,0,0,0,0,0,0,0,0,0,0,0,Inf,Inf,Inf,0.045,0.045,0.035,0.04,0.63078449744512,0.542477364395642,2.36618241341393e-12,1.27020384992722e-05,1.67811310494719,0.00013283373979798,0.781031311019357,9461.55446826,868.132996511632,867.945348015028,867.911889777816,2838.466340478,387.84,320,320
0.141,0,0,0,0,0,0,0,0,0,0,0,0,0,0,0,0,0,0,0,0,0,Inf,Inf,Inf,0.045,0.045,0.035,0.04,0.63078173663341,0.542471215074675,2.36616603275971e-12,1.27020542536824e-05,1.67811362823795,0.000132833753897994,0.781032371785085,9461.49022924432,868.141746772425,867.945141738852,867.920683430991,2838.4470687733,387.84,320,320
0.142,0,0,0,0,0,0,0,0,0,0,0,0,0,0,0,0,0,0,0,0,0,Inf,Inf,Inf,0.045,0.045,0.035,0.04,0.630777337315172,0.542464462245604,2.36616093817638e-12,1.27017925843324e-05,1.67811411176729,0.000132833752904065,0.781033423280459,9461.44150425531,868.127662155171,867.944773564306,867.90659562956,2838.43245127659,387.84,320,320
0.143,0,0,0,0,0,0,0,0,0,0,0,0,0,0,0,0,0,0,0,0,0,Inf,Inf,Inf,0.045,0.045,0.035,0.04,0.630769463048111,0.542462327317181,2.36616116874314e-12,1.2701806397523e-05,1.67811386939214,0.000132833737811975,0.7810337817813,9461.3089634229,868.111643238484,867.941357545931,867.890576027814,2838.39268902687,387.84,320,320
0.144,0,0,0,0,0,0,0,0,0,0,0,0,0,0,0,0,0,0,0,0,0,Inf,Inf,Inf,0.045,0.045,0.035,0.04,0.630764120347624,0.542457195145591,2.36615867332447e-12,1.27018226369182e-05,1.67811389932522,0.000132833752504714,0.781033587159481,9461.22593235722,868.119316300279,867.918373877717,867.87568524843,2838.36777970717,387.84,320,320
0.145,0,0,0,0,0,0,0,0,0,0,0,0,0,0,0,0,0,0,0,0,0,Inf,Inf,Inf,0.045,0.045,0.035,0.04,0.630760843513053,0.542449106267369,2.36614637822914e-12,1.27018358331484e-05,1.67811461713155,0.00013283375662123,0.781033092882412,9461.19254072395,868.106380454894,867.918405635303,867.864560055202,2838.35776221719,387.84,320,320
0.146,0,0,0,0,0,0,0,0,0,0,0,0,0,0,0,0,0,0,0,0,0,Inf,Inf,Inf,0.045,0.045,0.035,0.04,0.630754073500583,0.542446658864763,2.36612089624785e-12,1.27017938077886e-05,1.67811461330152,0.000132833746085308,0.781032615921973,9461.06940947585,868.0905723623,867.916287885181,867.85840516474,2838.32082284276,387.84,320,320
0.147,0,0,0,0,0,0,0,0,0,0,0,0,0,0,0,0,0,0,0,0,0,Inf,Inf,Inf,0.045,0.045,0.035,0.04,0.630745815631551,0.542442582507223,2.36608383953069e-12,1.27018096708381e-05,1.67811410974332,0.000132833743839455,0.781032405079288,9460.96766166853,868.095972423955,867.891430256452,867.856527578899,2838.29029850056,387.84,320,320
0.148,0,0,0,0,0,0,0,0,0,0,0,0,0,0,0,0,0,0,0,0,0,Inf,Inf,Inf,0.045,0.045,0.035,0.04,0.630743574530734,0.542435385312609,2.36604122793921e-12,1.27018263134199e-05,1.67811504368127,0.000132833752794772,0.781032597397385,9460.91824426004,868.08446403625,867.891496289192,867.856593999257,2838.27547327801,387.84,320,320
0.149,0,0,0,0,0,0,0,0,0,0,0,0,0,0,0,0,0,0,0,0,0,Inf,Inf,Inf,0.045,0.045,0.035,0.04,0.630737983754371,0.542430488929852,2.36600121014226e-12,1.27020367431196e-05,1.67811529091981,0.000132833746793428,0.781033213747086,9460.83637424057,868.069268736456,867.890415852157,867.855515985258,2838.25091227217,387.84,320,320
0.15,0,0,0,0,0,0,0,0,0,0,0,0,0,0,0,0,0,0,0,0,0,Inf,Inf,Inf,0.045,0.045,0.035,0.04,0.63072902876275,0.542427431196082,2.36597096085675e-12,1.27020530815325e-05,1.67811481624801,0.000132833764237529,0.781034135048318,9460.71703599812,868.053101591129,867.864928784817,867.850627112561,2838.21511079944,387.84,320,320
0.151,0,0,0,0,0,0,0,0,0,0,0,0,0,0,0,0,0,0,0,0,0,Inf,Inf,Inf,0.045,0.045,0.035,0.04,0.630725918050325,0.542421226715,2.3659539366026e-12,1.27020725457596e-05,1.67811537178288,0.000132833778403569,0.781035105671701,9460.6502472928,868.06177132216,867.864668803448,867.840703384765,2838.19507418784,387.84,320,320
0.152,0,0,0,0,0,0,0,0,0,0,0,0,0,0,0,0,0,0,0,0,0,Inf,Inf,Inf,0.045,0.045,0.035,0.04,0.63072150112524,0.542414174106303,2.36594854082746e-12,1.27018007153209e-05,1.67811587120561,0.000132833777416233,0.781035861122693,9460.60347596167,868.04750723988,867.864311993442,867.826436207586,2838.1810427885,387.84,320,320
0.153,0,0,0,0,0,0,1,0,0,0,0,0,0,0,0,0,0,0,0,0,0.001,Inf,Inf,Inf,0.045,0.045,0.035,0.04,0.684417665769091,0.593169162987078,2.37806439581803e-12,1.26935446029834e-05,1.69133999740344,0.000131486651115634,1322.18914879872,9507.25270555808,874.563361107221,874.395657763831,670.798702395271,2852.17581166742,387.84,320,320
0.154,0,0,0,0,0,0,1,0,0,0,0,0,0,0,0,0,0,0,0,0,0.002,Inf,Inf,Inf,0.045,0.045,0.035,0.04,0.774297734748333,0.696248889702856,2.36772980393135e-12,1.26673819530407e-05,1.71805783833315,0.000127071936538043,3997.44066998338,9468.84842853487,914.144473820806,914.033623183446,2000.74576497093,2840.65452856046,387.84,320,600.223729491278
0.155,0,0,0,0,0,0,1,0,0,0,0,0,0,0,0,0,0,0,0,0,0.003,Inf,Inf,Inf,0.045,0.045,0.035,0.04,0.891912642958433,0.837326119019988,2.35733815992174e-12,1.24971880547395e-05,1.74679767181552,0.000125759560864151,7843.29070819847,9437.89077736093,1021.6477594099,987.227446521128,3936.71073409127,2831.36723320828,387.84,320,1181.01322022738
0.156,0,1,0,0,0,0,1,0,0,0,0,0,0,0,0,0.001,0,0,0,0,0.004,Inf,26.5253179550913,Inf,0.045,0.045,0.035,0.04,1.08709068940834,0.997018410460608,2.42182779093853e-12,1.21123627855257e-05,1.75953576558766,0.000124822879038561,12516.2742072399,9714.99575475244,1216.20516935992,994.461320555802,6290.14484699341,2914.49872642573,387.84,320,1887.04345409802
0.157,1,1,0,0,0,0,1,0,0,0,0,0,0,0,0.001,0.002,0,0,0,0,0.005,5.17281992022102,13.0871685081813,Inf,0.045,0.045,0.035,0.04,1.31035747422984,1.15650104304814,2.66028379808367e-12,1.15200942649509e-05,1.44636864229246,0.0001210056345274,17556.6613632489,10691.4274545842,981.342628797424,980.844877792894,8825.9337309395,3207.42823637525,387.84,320,2647.78011928185
0.158,1,1,0,0,0,0,1,0,0,0,0,0,0,0,0.002,0.003,0,0,0,0,0.006,2.35741844258501,9.36367613153461,Inf,0.045,0.045,0.035,0.04,1.53912922455171,1.29895725458344,3.13288694704838e-12,1.08013182093237e-05,1.44953773143266,0.000113486764756146,22450.8166262729,12597.7965667191,966.43090845012,965.91779432377,11284.7255243239,3779.33897001572,387.84,320,3385.41765729717
0.159,1,1,0,0,0,0,1,0,0,0,0,0,0,0,0.003,0.004,0,0,0,0,0.007,1.6378408764676,7.78857146125835,Inf,0.045,0.045,0.035,0.04,1.75196097221905,1.41053124604518,3.82200371289755e-12,1.00899063618243e-05,1.45451991654383,0.000102603567085893,26706.3410435046,15356.5100667662,988.016757151507,987.536295527066,13419.4152447771,4606.95302002985,387.84,320,4025.82457343313
0.16,1,1,0,0,0,0,1,0,0,0,0,0,0,0,0.004,0.005,0,0,0,0,0.008,1.33307305323606,6.41197704013115,Inf,0.045,0.045,0.035,0.04,1.93000848400933,1.56665384978714,4.65671493961532e-12,1.05434621914472e-05,1.43972710465801,8.97533631600441e-05,29934.128633493,16657.3906339879,1089.40820001226,1089.00249246936,15035.4711090284,4997.21719019636,387.84,326.700747740809,4510.64133270853
0.161,1,1,0,0,0,0,1,0,0,0,0,0,0,0,0.005,0.006,0,0,0,0,0.009,1.18564335834818,5.38037552794463,Inf,0.045,0.045,0.035,0.04,2.05874864215238,1.75517984830262,5.5489962212661e-12,9.74591566592281e-06,1.38818079473852,7.71475129667764e-05,32371.4749307698,16396.368409933,1288.78267894436,1288.4615422436,16208.4629172846,4918.91052297989,387.84,386.53846267308,4862.53887518539
0.162,1,1,0,0,0,0,1,0,0,0,0,0,0,0,0.006,0.007,0,0,0,0,0.01,1.12027030965147,4.82359267142415,Inf,0.045,0.045,0.035,0.04,2.13003225134375,1.90396114887474,6.4110271349717e-12,8.91437753609851e-06,1.29139802709153,6.73773451980257e-05,37150.4767268074,16446.3683750041,1566.71217046873,1566.45720693217,18605.5615131673,4933.91051250122,470.01365114062,469.93716207965,5581.66845395018
0.163,1,1,0,0,0,0,1,0,0,0,0,0,0,0,0.007,0.008,0,0,0,0,0.011,1.10849040912729,4.53365383581921,Inf,0.045,0.045,0.035,0.04,2.14404662390188,2.00201401158267,7.16305335904517e-12,8.2021168174057e-06,1.15010685382378,6.21335601658203e-05,40771.5415476264,17238.0999210184,1883.91348608724,1883.7018388806,20420.7384212,5171.42997630553,565.174045826173,565.110551664179,6126.22152635999
0.164,1,1,0,0,0,0,1,0,0,0,0,0,0,0,0.008,0.009,0,0,0,0,0.012,1.13722164875261,4.4215461848079,Inf,0.045,0.045,0.035,0.04,2.11052615731206,2.04484311954661,7.74063026327101e-12,7.73703170890156e-06,0.973685049099794,6.08568447183173e-05,43023.3528486143,18926.308351852,2198.87052991267,2198.6860112324,21547.9393086385,5677.8925055556,659.6611589738,659.60580336972,6464.38179259156
0.165,1,1,0,0,0,0,1,0,0,0,0,0,0,0,0.009,0.01,0,0,0,0,0.013,1.1026720976556,4.44439404086255,Inf,0.045,0.045,0.035,0.04,2.15111306298754,2.0358658249887,8.10275525403518e-12,7.54477404106124e-06,0.614057073296959,3.11781736022263e-05,43924.3366498341,21275.1140663599,2295.57417880609,2295.28727471895,21996.4568464818,6382.53421990797,688.672253641827,688.586182415686,6598.93705394455
0.166,1,1,0,0,0,0,1,0,0,0,0,0,0,0,0.01,0.011,0,0,0,0,0.014,1.07574485188149,4.57550767397291,Inf,0.045,0.045,0.035,0.04,2.18512734792488,1.98677920989596,8.2394419116111e-12,7.52882319895735e-06,0.564661378167379,2.6106422363749e-05,43761.3246264437,23824.9813251016,2347.03422981448,2346.77488180381,21910.1818900977,7147.49439753049,704.110268944343,704.032464541142,6573.0545670293
0.167,1,1,0,0,0,0,1,0,0,0,0,0,0,0,0.011,0.012,0,0,0,0,0.015,1.0901534227607,4.78488765116287,Inf,0.045,0.045,0.035,0.04,2.16665263502417,1.91609835564875,8.17646223170982e-12,7.52388708917484e-06,0.493250728013405,2.62487044329351e-05,43076.6760472561,26116.5385586641,2451.38308813067,2451.16107293563,21561.2800062653,7834.96156759924,735.4149264392,735.34832188069,6468.38400187958
0.168,1,1,0,0,0,0,1,0,0,0,0,0,0,0,0.012,0.013,0,0,0,0,0.016,1.1359605757421,5.0244480393092,Inf,0.045,0.045,0.035,0.04,2.11195127410369,1.84507708261992,7.97448100897362e-12,7.37757518162555e-06,0.417065219734955,2.74108486703043e-05,42556.946050425,27820.9178608003,2577.15518733941,2576.97069774735,21294.6174780188,8346.27535824011,773.146556201824,773.091209324206,6388.38524340565
0.169,1,1,0,0,0,0,1,0,0,0,0,0,0,0,0.013,0.014,0,0,0,0,0.017,1.20071386744561,5.23029408455665,Inf,0.045,0.045,0.035,0.04,2.04372483719716,1.79106491578229,7.71913444751901e-12,6.99721823959917e-06,0.357956451899043,2.61718513934913e-05,44688.6025873404,28798.3183741749,2687.26366738304,2687.10836612601,22366.573191505,8639.49551225247,836.678200429824,806.132509837802,6709.97195745151
0.17,1,1,0,0,0,0,1,0,0,0,0,0,0,0,0.014,0.015,0,0,0,0,0.018,1.26438018483448,5.35612310939421,Inf,0.045,0.045,0.035,0.04,1.98525700717967,1.76079527743879,7.49911798545152e-12,6.36743512843678e-06,0.33032291389293,2.12553920230134e-05,47039.997034466,29123.2606688677,2755.91949110177,2755.78068623652,23545.5559334561,8736.97820066032,877.871694661061,826.734205870957,7063.66678003683
0.171,1,1,0,0,0,0,1,0,0,0,0,0,0,0,0.015,0.016,0,0,0,0,0.019,1.30429962292808,5.41039553819781,Inf,0.045,0.045,0.035,0.04,1.95225807246871,1.74832263608464,7.37520594057923e-12,5.54651356012538e-06,0.35853607947838,1.29599488012515e-05,48282.7863108315,29080.9731738812,2776.49521684457,2776.34078351338,24171.9390567083,8724.29195216437,890.217130106744,832.902235054013,7251.58171701249
0.172,1,1,0,0,0,0,1,0,0,0,0,0,0,0,0.016,0.017,0,0,0,0,0.02,1.31160568930335,5.44687246672692,Inf,0.045,0.045,0.035,0.04,1.94649210517289,1.74012690732921,7.35545592866744e-12,4.66718067328859e-06,0.325151632710817,1.79734647816476e-06,48582.3194658683,29110.6931448422,2775.88624886018,2775.75160440358,24328.2114860857,8733.20794345267,889.851749316106,832.725481321075,7298.46344582571
0.173,1,1,0,0,0,0,1,0,0,0,0,0,0,0,0.017,0.018,0,0,0,0,0.021,1.31838268317002,5.46715291221047,Inf,0.045,0.045,0.035,0.04,1.94121550236448,1.73563361997141,7.32087953555027e-12,4.48689400762685e-06,0.324037300398924,1.79892254056664e-06,49410.5381907778,29058.9267587604,2771.48471114814,2771.34812655027,24719.1019068687,8717.67802762811,887.210826688885,831.404437965081,7415.73057206061
0.174,1,1,0,0,0,0,1,0,0,0,0,0,0,0,0.018,0.019,0,0,0,0,0.022,1.31875205244984,5.46806386633735,Inf,0.045,0.045,0.035,0.04,1.94092986887789,1.73543283930374,7.28094593064456e-12,4.51787828778158e-06,0.316497735864081,1.80848709117469e-06,50662.812573832,28900.9029097072,2756.64256188404,2756.50953977238,25352.3303112548,8670.27087291216,878.305537130424,826.952861931714,7605.69909337644
0.175,1,1,0,0,0,0,1,0,0,0,0,0,0,0,0.019,0.02,0,0,0,0,0.023,1.31888429474113,5.48928238771799,Inf,0.045,0.045,0.035,0.04,1.94082765473646,1.73078136615797,7.24797940606113e-12,4.54128868313326e-06,0.309808523624944,1.81481763843457e-06,51452.194552738,28771.8714588201,2736.96564425407,2736.83603695412,25756.5981510219,8631.56143764602,866.49938655244,821.050811086234,7726.97944530657
0.176,1,1,0,0,0,0,1,0,0,0,0,0,0,0,0.02,0.021,0,0,0,0,0.024,1.32381887001049,5.51085216687108,Inf,0.045,0.045,0.035,0.04,1.93703190785092,1.72610198250759,7.22966987852162e-12,4.07173428584481e-06,0.30476121069516,1.81560632682435e-06,51747.9997170739,28592.0459920948,2717.62372082443,2717.49692352985,25915.6796860706,8577.61379762844,854.894232494658,815.249077058954,7774.70390582118
0.177,1,1,0,0,0,0,1,0,0,0,0,0,0,0,0.021,0.022,0,0,0,0,0.025,1.3378814389082,5.51671620604469,Inf,0.045,0.045,0.035,0.04,1.92640725787359,1.72483828639608,7.22551363452749e-12,4.13156682913877e-06,0.301831720979257,1.81195577870199e-06,51554.2957605561,28302.7490571426,2703.36744504749,2703.24249004249,25830.2876419458,8490.82471714277,846.340467028491,810.972747012748,7749.08629258375
0.178,1,1,0,0,0,0,1,0,0,0,0,0,0,0,0.022,0.023,0,0,0,0,0.026,1.35655204917348,5.54430293756542,Inf,0.045,0.045,0.035,0.04,1.9127263841279,1.71894125565144,7.22671736300955e-12,4.22235991390926e-06,0.3096877894256,1.73688168308736e-06,50907.6406229955,28048.8845995576,2689.60539359652,2689.47618764261,25517.3779105139,8414.66537986728,838.083236157914,806.842856292782,7655.21337315417
0.179,1,1,0,0,0,0,1,0,0,0,0,0,0,0,0.023,0.024,0,0,0,0,0.027,1.3593808343109,5.60523500857454,Inf,0.045,0.045,0.035,0.04,1.91069455108523,1.70618998676111,7.21960383956683e-12,4.31333465481143e-06,0.30668562338146,1.7349194541489e-06,49875.4331925816,27880.6288324039,2655.48293381281,2655.35533844311,25009.7082369074,8364.18864972116,817.609760287683,796.606601532934,7502.91247107223
0.18,1,1,0,0,0,0,1,0,0,0,0,0,0,0,0.024,0.025,0,0,0,0,0.028,1.37040260915671,5.70362134970309,Inf,0.045,0.045,0.035,0.04,1.90287774031061,1.68636248221138,7.19101465080114e-12,4.38546644808438e-06,0.304817016920016,1.73597657735744e-06,49157.2875238102,27815.4811243315,2627.96997571492,2627.84348922768,24631.8015771781,8344.64433729944,801.101985428954,788.353046768305,7389.54047315342
0.181,1,1,0,0,0,0,1,0,0,0,0,0,0,0,0.025,0.026,0,0,0,0,0.029,1.39291238643749,5.71146592126927,Inf,0.045,0.045,0.035,0.04,1.8873911387517,1.6848205540998,7.13356382713023e-12,4.16510586784631e-06,0.304119610456445,1.73856280688919e-06,48873.3763764956,27430.7687033712,2611.64586148001,2611.51983936594,24496.5936299264,8229.23061101135,791.307516888009,783.455951809782,7348.97808897792
0.182,1,1,0,0,0,0,1,0,0,0,0,0,0,0,0.026,0.027,0,0,0,0,0.03,1.42751062679178,5.74302928996844,Inf,0.045,0.045,0.035,0.04,1.86476535104886,1.67867281344746,7.04893122209038e-12,4.26402303875531e-06,0.304189266934179,1.74058129041364e-06,48353.8152620023,27145.1392038864,2607.35540683971,2607.22930767083,24241.7999751335,8143.54176116591,788.733244103828,782.168792301249,7272.53999254005
0.183,1,1,0,0,0,0,1,0,0,0,0,0,0,0,0.027,0.028,0,0,0,0,0.031,1.43633556536176,5.80859849597061,Inf,0.045,0.045,0.035,0.04,1.85920982247881,1.6661834012993,6.94815499156758e-12,4.3583145610689e-06,0.304335679136245,1.69469731294681e-06,47651.3086339584,27001.5163277887,2581.55265540891,2581.42645767003,23893.7743014353,8100.4548983366,774.465796622674,774.427937301008,7168.13229043058
0.184,1,1,0,0,0,0,1,0,0,0,0,0,0,0,0.028,0.029,0,0,0,0,0.032,1.44351687031207,5.90620307044191,Inf,0.045,0.045,0.035,0.04,1.85475091377463,1.64826677989531,6.84868478832222e-12,4.43519755193314e-06,0.303957276769196,1.70043548607831e-06,46834.8979366728,26995.6259187948,2557.69623243911,2557.57018000105,23487.4462121546,8098.68777563843,767.308869731734,767.271054000316,7046.23386364638
0.185,1,1,0,0,0,0,1,0,0,0,0,0,0,0,0.029,0.03,0,0,0,0,0.033,1.46121289460992,5.95036886657635,Inf,0.045,0.045,0.035,0.04,1.84399381738619,1.64041296490886,6.7688661455788e-12,4.33572512961233e-06,0.303939733212306,1.71156749377089e-06,45985.1569883384,26862.404402566,2548.25862792917,2548.13243013649,23063.6169583853,8058.72132076979,764.47758837875,764.439729040947,6919.0850875156
0.186,1,1,0,0,0,0,1,0,0,0,0,0,0,0,0.03,0.031,0,0,0,0,0.034,1.48798520138261,5.9573338214157,Inf,0.045,0.045,0.035,0.04,1.82831640691886,1.6391883667315,6.7216127051294e-12,4.388036763566e-06,0.303804351189975,1.72315909871345e-06,45186.879073473,26679.2118537436,2551.5358195375,2551.4093928981,22665.0062364477,8003.76355612309,765.460745861249,765.422817869429,6799.5018709343
0.187,1,1,0,0,0,0,1,0,0,0,0,0,0,0,0.031,0.032,0,0,0,0,0.035,1.50540829895086,5.99295730599996,Inf,0.045,0.045,0.035,0.04,1.81848065823394,1.63298326875686,6.70984533834931e-12,4.43222538753332e-06,0.295849775091302,1.71963078418792e-06,45575.0540282189,26636.6709979326,2552.05401303159,2551.93156196518,22834.7899495831,7991.00129937978,765.616203909476,765.579468589555,6850.43698487494
0.188,1,1,0,0,0,0,1,0,0,0,0,0,0,0,0.032,0.033,0,0,0,0,0.036,1.50440540717224,6.05041873166474,Inf,0.045,0.045,0.035,0.04,1.81903924002735,1.62317558406703,6.72586062356971e-12,4.46592538485408e-06,0.295599783531714,1.72397763581314e-06,46035.3094447343,26702.9850462326,2541.20138115569,2541.07908970209,23064.8043070292,8010.89551386979,762.360414346708,762.323726910626,6919.44129210875
0.189,1,1,0,0,0,0,1,0,0,0,0,0,0,0,0.033,0.034,0,0,0,0,0.037,1.51244781362235,6.10647408643557,Inf,0.045,0.045,0.035,0.04,1.81458538157273,1.61383985202932,6.75488078803109e-12,4.44772851956391e-06,0.295805392764174,1.73035467328797e-06,46464.3340830125,26790.1478293418,2541.18953337307,2541.06703428767,23281.1633225036,8037.04434880255,762.356860011921,762.320110286302,6984.34899675107
0.19,1,1,0,0,0,0,1,0,0,0,0,0,0,0,0.034,0.035,0,0,0,0,0.038,1.52662122896593,6.10298331995594,Inf,0.045,0.045,0.035,0.04,1.80687579714465,1.61441468678925,6.78090754592407e-12,4.43532938060805e-06,0.295950099141535,1.74262209919564e-06,46826.3268472879,26738.0409738431,2548.10485683562,2547.98202453479,23465.8534964176,8021.41229215293,764.431457050687,764.394607360436,7039.75604892529
0.191,1,1,0,0,0,0,1,0,0,0,0,0,0,0,0.035,0.036,0,0,0,0,0.039,1.54195949239286,6.12433048693515,Inf,0.045,0.045,0.035,0.04,1.79872739951135,1.610912751385,6.79223589463184e-12,4.41704836259836e-06,0.295491384340425,1.7514401019264e-06,47094.2237740672,26761.5563271116,2556.31854985353,2556.19558189488,23604.8309697781,8028.46689813349,766.895564956058,766.858674568464,7081.44929093342
0.192,1,1,0,0,0,0,1,0,0,0,0,0,0,1,0.036,0.037,0,0,0,0,0.04,1.5481862735236,6.16005264760203,Inf,0.045,0.045,0.035,0.04,1.79547562448707,1.60512332905454,6.78470665587865e-12,4.39689737763996e-06,0.284774383184779,1.75940689463529e-06,47250.0338075659,26814.2568902108,2556.9242583213,2556.80712127048,23688.2619396589,8044.27706706324,767.077277496389,767.042136381145,7106.47858189768
0.193,1,1,0,0,0,0,1,0,0,0,0,0,0,1,0.037,0.038,0,0,0,0,0.04,1.55849663388857,6.19560779965003,Inf,0.045,0.045,0.035,0.04,1.79016088451998,1.59944716803283,6.76199310131569e-12,4.51167086778465e-06,0.291746392297379,1.75918779209991e-06,47637.0510088449,26840.8328081669,2557.93903774559,2557.81724750202,23863.9730265919,8052.24984245006,767.381711323676,767.345174250605,7159.19190797757
0.194,1,1,0,0,0,0,1,0,0,0,0,0,0,1,0.038,0.039,0,0,0,0,0.04,1.55821369510628,6.19145188647162,Inf,0.045,0.045,0.035,0.04,1.79030558935524,1.60010625714095,6.73317182750185e-12,4.49114610187749e-06,0.288773885006321,1.76283401870229e-06,48336.7176371025,26726.6101499189,2548.19708697662,2548.07662883822,24220.5118209166,8017.98304497567,764.459126092987,764.422988651466,7266.15354627499
0.195,1,1,0,0,0,0,1,0,0,0,0,0,0,1,0.039,0.04,0,0,0,0,0.04,1.55719108717459,6.20800152879014,Inf,0.045,0.045,0.035,0.04,1.79082912119834,1.59748844990321,6.70850714469597e-12,4.45360422506139e-06,0.285749394314181,1.76814874411049e-06,48782.0628718804,26630.0219625656,2534.02553966859,2533.90661866054,24451.370762095,7989.00658876967,760.207661900576,760.171985598162,7335.41122862849
0.196,1,1,0,0,0,0,1,0,0,0,0,0,0,1,0.04,0.041,0,0,0,0,0.04,1.56145823977677,6.22325884490911,Inf,0.045,0.045,0.035,0.04,1.78865004753646,1.59509108693748,6.69491594333017e-12,4.36966392093073e-06,0.28325424303385,1.76825069704309e-06,48951.0952783116,26487.4670649128,2519.60548007393,2519.48798517607,24544.4900673397,7946.24011947384,755.881644022178,755.846395552821,7363.34702020192
0.197,1,1,0,0,0,0,1,0,0,0,0,0,0,1,0.041,0.042,0,0,0,0,0.04,1.57632149526062,6.22634347784954,Inf,0.045,0.045,0.035,0.04,1.78117189347407,1.59460825741305,6.69284139641989e-12,4.36609021754501e-06,0.281784587356966,1.76642880447743e-06,48843.7534433485,26270.574951461,2508.94075644642,2508.82424375733,24498.7291488899,7881.1724854383,752.682226933926,752.647273127198,7349.61874466697
0.198,1,1,0,0,0,0,1,0,0,0,0,0,0,1,0.042,0.043,0,0,0,0,0.04,1.59466930247257,6.25198279520366,Inf,0.045,0.045,0.035,0.04,1.77217370335079,1.59061893157199,6.69585135413413e-12,4.35188984641748e-06,0.288220530516552,1.7247411646329e-06,48480.815873512,26079.1278828193,2497.34663099585,2497.22695056918,24323.6479996995,7823.73836484578,749.203989298754,749.168085170754,7297.09439990985
0.199,1,1,0,0,0,0,1,0,0,0,0,0,0,1,0.043,0.044,0,0,0,0,0.04,1.59639077486681,6.31331363541858,Inf,0.045,0.045,0.035,0.04,1.77134232529977,1.58124638713047,6.69314265528483e-12,4.3223089487529e-06,0.287469353256784,1.72323032165031e-06,47902.6047021963,25955.6897612246,2471.36379218591,2471.24446549426,24039.0886877205,7786.70692836739,741.409137655772,741.373339648277,7211.72660631615
0.2,1,1,0,0,0,0,1,0,0,0,0,0,0,1,0.044,0.045,0,0,0,0,0.04,1.60746973446711,6.40956051147082,Inf,0.045,0.045,0.035,0.04,1.76604339692507,1.56700433430929,6.67387313158259e-12,4.21695903579624e-06,0.286958760434388,1.7238141765365e-06,47538.6375695001,25900.0243482962,2450.65167104083,2450.53261348951,23849.0939370627,7770.00730448884,735.195501312249,735.159784046854,7154.72818111882
0.201,1,1,0,0,0,0,1,0,0,0,0,0,0,1,0.045,0.046,0,0,0,0,0.04,1.63198387001219,6.40860059390827,Inf,0.045,0.045,0.035,0.04,1.75462744884976,1.56714365194777,6.63159948520501e-12,4.22724210760859e-06,0.286803427114702,1.72718949607368e-06,47382.2295754475,25603.5257184995,2439.10733235172,2438.98833179119,23775.5168462484,7681.05771554984,731.732199705515,731.696499537358,7132.65505387452
0.202,1,1,0,0,0,0,1,0,0,0,0,0,0,1,0.046,0.047,0,0,0,0,0.04,1.6707234777913,6.43525485668762,Inf,0.045,0.045,0.035,0.04,1.73740832274405,1.56329510198543,6.56723889088242e-12,4.22834155654489e-06,0.286844131814964,1.72323219670552e-06,47095.6060919356,25391.1564202992,2437.60156330911,2437.48242444408,23635.1851562335,7617.34692608977,731.280468992733,731.244727333223,7090.55554687006
0.203,1,1,0,0,0,0,1,0,0,0,0,0,0,1,0.047,0.048,0,0,0,0,0.04,1.67444458616336,6.49883812336533,Inf,0.045,0.045,0.035,0.04,1.73580479541155,1.55427841327699,6.48955418800333e-12,4.21624941619754e-06,0.28715605555461,1.69993464656773e-06,46708.0852678645,25296.9249697567,2416.38932312176,2416.27008963249,23443.0690994872,7589.077490927,724.916796936528,724.881026889747,7032.92072984616
0.204,1,1,0,0,0,0,1,0,0,0,0,0,0,1,0.048,0.049,0,0,0,0,0.04,1.67936228317622,6.59740174532057,Inf,0.045,0.045,0.035,0.04,1.73369873338475,1.540741426604,6.41285842631058e-12,4.19062416630635e-06,0.28717025754236,1.70332443635481e-06,46258.496170897,25318.4727553105,2399.03019390123,2398.91083495713,23219.2426112181,7595.54182659314,719.709058170369,719.67325048714,6965.77278336543
0.205,1,1,0,0,0,0,1,0,0,0,0,0,0,1,0.049,0.05,0,0,0,0,0.04,1.69692308651009,6.62536026975121,Inf,0.045,0.045,0.035,0.04,1.72629767299956,1.53699545066868,6.3524559765933e-12,4.15177806851256e-06,0.28715588362099,1.71042818036269e-06,45792.1242645741,25210.8119209495,2393.75903957334,2393.6395011289,22987.0356819718,7563.24357628485,718.127711872003,718.091850338671,6896.11070459155
0.206,1,1,0,0,0,0,1,0,0,0,0,0,0,1,0.05,0.051,0,0,0,0,0.04,1.72549067584942,6.62168313052153,Inf,0.045,0.045,0.035,0.04,1.71464290943937,1.53748581074761,6.31929513871902e-12,4.16184470249733e-06,0.286802736921477,1.71647830522071e-06,45356.1564716234,25082.8842602325,2399.21470195339,2399.09506222881,22770.4550293915,7524.86527806974,719.764410586018,719.728518668643,6831.13650881744
0.207,1,1,0,0,0,0,1,0,0,0,0,0,0,1,0.051,0.052,0,0,0,0,0.04,1.73927373562925,6.65066083547151,Inf,0.045,0.045,0.035,0.04,1.70918345992209,1.53364034638912,6.31601301167203e-12,4.15897697101657e-06,0.280166188256048,1.71434590756597e-06,45587.0543753881,25073.4027749981,2400.28178579192,2400.16552041975,22874.7828251538,7522.02083249944,720.084535737576,720.049656125925,6862.43484754613
0.208,1,1,0,0,0,0,1,0,0,0,0,0,0,1,0.052,0.053,0,0,0,0,0.04,1.73393732956317,6.70499344222156,Inf,0.045,0.045,0.035,0.04,1.71128488530891,1.52654463617815,6.33623456666716e-12,4.14562775025167e-06,0.280098944166334,1.71573001246202e-06,45831.3996850937,25156.0204404415,2393.23580232186,2393.1195701495,22996.9650243996,7546.80613213244,717.970740696558,717.935871044851,6899.08950731989
0.209,1,1,0,0,0,0,1,0,0,0,0,0,0,1,0.053,0.054,0,0,0,0,0.04,1.74002361737671,6.7518894387187,Inf,0.045,0.045,0.035,0.04,1.70888939852315,1.52053726448312,6.36742715864003e-12,4.12877812133318e-06,0.280235129250083,1.71726601371618e-06,46058.0900727737,25240.6870410848,2395.35110791704,2395.23469546,23112.011442575,7572.20611232545,718.605332375112,718.570408637999,6933.60343277249
0.21,1,1,0,0,0,0,1,0,0,0,0,0,0,1,0.054,0.055,0,0,0,0,0.04,1.75406835196484,6.73772122777724,Inf,0.045,0.045,0.035,0.04,1.70343729939052,1.52234095491096,6.39581937909689e-12,4.13159802641068e-06,0.280157828517759,1.72036552745346e-06,46248.8817356332,25213.1463019811,2403.35510021719,2403.23849069937,23210.762020491,7563.94389059432,721.006530065158,720.97154720981,6963.2286061473
0.211,1,1,0,0,0,0,1,0,0,0,0,0,0,1,0.055,0.056,0,0,0,0,0.04,1.77011657416637,6.75277953806714,Inf,0.045,0.045,0.035,0.04,1.69733369236069,1.52042427245242,6.41116317303723e-12,4.12464067421031e-06,0.279467991764858,1.7312113403698e-06,46390.0782623456,25249.8740697601,2412.4521938761,2412.33561061873,23285.8598087868,7574.96222092803,723.73565816283,723.700683185619,6985.75794263604
0.212,1,1,0,0,0,0,1,0,0,0,0,0,0,1,0.056,0.057,0,0,0,0,0.04,1.77305543290496,6.78552550370839,Inf,0.045,0.045,0.035,0.04,1.69623022356443,1.51629366081346,6.40963896317254e-12,4.11051528160563e-06,0.270754359113145,1.73469917004238e-06,46472.3493335389,25311.9339581457,2413.49607615481,2413.3843441556,23331.794806173,7593.58018744371,724.048822846444,724.015303246679,6999.53844185191
0.213,1,1,0,0,0,0,1,0,0,0,0,0,0,1,0.057,0.058,0,0,0,0,0.04,1.78422090291365,6.81977553557289,Inf,0.045,0.045,0.035,0.04,1.69207732180264,1.51202735952738,6.39421897090322e-12,4.09639112554333e-06,0.2718798540638,1.73245203380501e-06,46666.1036061368,25352.8681570029,2416.43530554137,2416.32302792942,23417.4244909767,7605.86044710086,724.930591662411,724.896908378827,7025.22734729301
0.214,1,1,0,0,0,0,1,0,0,0,0,0,0,1,0.058,0.059,0,0,0,0,0.04,1.78501598528023,6.82324672681493,Inf,0.045,0.045,0.035,0.04,1.69178395679014,1.51159801955844,6.37265979803721e-12,4.11071133465554e-06,0.27261715427332,1.73255282806936e-06,47047.8699876923,25295.628749769,2411.04224086163,2410.92839929784,23613.6474044425,7588.68862493071,723.312672258489,723.278519789352,7084.09422133276
0.215,1,1,0,0,0,0,1,0,0,0,0,0,0,1,0.059,0.06,0,0,0,0,0.04,1.78229356046988,6.83474267450251,Inf,0.045,0.045,0.035,0.04,1.69278975546949,1.51018008776983,6.35391296383111e-12,4.10951974083941e-06,0.269780734608479,1.7358784198371e-06,47292.0521862658,25222.2533064435,2400.33339251797,2400.22102079435,23742.0563168835,7566.67599193305,720.100017755393,720.066306238306,7122.61689506505
0.216,1,1,0,0,0,0,1,0,0,0,0,0,0,1,0.06,0.061,0,0,0,0,0.04,1.78554364142237,6.84063215380855,Inf,0.045,0.045,0.035,0.04,1.69158943691635,1.50945601782704,6.34421154185325e-12,4.08680643426859e-06,0.267532729663538,1.7359403960654e-06,47385.0871286273,25100.5184221201,2389.19169905486,2389.0806436941,23794.8443968854,7530.15552663603,716.757509716457,716.72419310823,7138.45331906561
0.217,1,1,0,0,0,0,1,0,0,0,0,0,0,1,0.061,0.062,0,0,0,0,0.04,1.80097239272694,6.84026334863088,Inf,0.045,0.045,0.035,0.04,1.68596154991514,1.50950131324808,6.34430540697049e-12,4.09057761509075e-06,0.266310244976909,1.73545572641633e-06,47325.7643706347,24930.0075752361,2381.12088740671,2381.01070285312,23770.4786168917,7479.00227257083,714.336266222013,714.303210855937,7131.1435850675
0.218,1,1,0,0,0,0,1,0,0,0,0,0,0,1,0.062,0.063,0,0,0,0,0.04,1.81671062717734,6.86360174574742,Inf,0.045,0.045,0.035,0.04,1.68033768215949,1.50664716728061,6.34898887801732e-12,4.08935902303805e-06,0.272399072682269,1.71133170733673e-06,47124.8734321419,24780.72254725,2370.45265794877,2370.33932366334,23673.8203080204,7434.21676417499,711.135797384631,711.101797099002,7102.14609240611
0.219,1,1,0,0,0,0,1,0,0,0,0,0,0,1,0.063,0.064,0,0,0,0,0.04,1.81687376946376,6.92484895746259,Inf,0.045,0.045,0.035,0.04,1.68027999098408,1.49927309282926,6.34913732148213e-12,4.07886634199209e-06,0.271428379236528,1.71026702142719e-06,46804.6195198174,24689.9078371508,2349.76037601674,2349.64755550777,23515.9918096384,7406.97235114524,704.928112805022,704.894266652331,7054.79754289153
0.22,1,1,0,0,0,0,1,0,0,0,0,0,0,1,0.064,0.065,0,0,0,0,0.04,1.8277093055292,7.00951828213811,Inf,0.045,0.045,0.035,0.04,1.67647562488512,1.48934755699604,6.33540455175341e-12,4.04689236056485e-06,0.270793783114829,1.71038620508592e-06,46607.9582263209,24632.0945022165,2333.70231712358,2333.58989221136,23416.9125891916,7389.62835066494,700.110695137074,700.076967663409,7025.07377675747
0.221,1,1,0,0,0,0,1,0,0,0,0,0,0,1,0.065,0.066,0,0,0,0,0.04,1.85397018038066,7.00149383410433,Inf,0.045,0.045,0.035,0.04,1.66747369910667,1.49027519993795,6.30212700476113e-12,4.05173298507116e-06,0.270632267216041,1.71576310080767e-06,46522.772069764,24395.8706253802,2325.67651987187,2325.56423506497,23377.5731335043,7318.76118761404,697.70295596156,697.66927051949,7013.2719400513
0.222,1,1,0,0,0,0,1,0,0,0,0,0,0,1,0.066,0.067,0,0,0,0,0.04,1.89647745882815,7.02308783771618,Inf,0.045,0.045,0.035,0.04,1.6535255550279,1.48778499219922,6.250019503102e-12,4.04807984565188e-06,0.270829288136538,1.71219336618464e-06,46365.8925310794,24234.5084790545,2326.44759714888,2326.33519050425,23300.8822266623,7270.35254371635,697.934279144663,697.900557151275,6990.26466799868
0.223,1,1,0,0,0,0,1,0,0,0,0,0,0,1,0.067,0.068,0,0,0,0,0.04,1.89108901474947,7.08442161700961,Inf,0.045,0.045,0.035,0.04,1.65525274707768,1.48081657982803,6.18670354168684e-12,4.03336224925847e-06,0.272076455324399,1.69615676507702e-06,46152.5089986279,24177.429561151,2307.24392194862,2307.13083362442,23194.9278283882,7253.22886834529,692.173176584586,692.139250087327,6958.47834851645
0.224,1,1,0,0,0,0,1,0,0,0,0,0,0,1,0.068,0.069,0,0,0,0,0.04,1.89340414965048,7.18309058661243,Inf,0.045,0.045,0.035,0.04,1.65450924111319,1.46992072303016,6.12473063930678e-12,4.00821022336718e-06,0.271992328970912,1.69783294356655e-06,45903.624894949,24222.0030728359,2294.50101658513,2294.38793342748,23071.0241843478,7266.60092185078,688.350304975538,688.316380028244,6921.30725530433
0.225,1,1,0,0,0,0,1,0,0,0,0,0,0,1,0.069,0.07,0,0,0,0,0.04,1.91060393903339,7.18639386741291,Inf,0.045,0.045,0.035,0.04,1.64905198802587,1.46956246559816,6.07753547355882e-12,4.00879570897832e-06,0.272006180949969,1.70211932594646e-06,45644.4644536661,24120.4661147022,2292.45349546924,2292.3403124413,22942.5746058584,7236.13983441065,687.736048640772,687.702093732391,6882.77238175751
0.226,1,1,0,0,0,0,1,0,0,0,0,0,0,1,0.07,0.071,0,0,0,0,0.04,1.94063536909343,7.1731549608592,Inf,0.045,0.045,0.035,0.04,1.63979593496514,1.47100079807495,6.05465659418856e-12,4.00396432891996e-06,0.271862535453297,1.70731178680341e-06,45410.4489560494,24032.9672049876,2299.80384240119,2299.69055076936,22826.1909119473,7209.89016149628,689.941152720356,689.907165230807,6847.85727358418
0.227,1,1,0,0,0,0,1,0,0,0,0,0,0,1,0.071,0.0720000000000001,0,0,0,0,0.04,1.94672916907246,7.19647380953379,Inf,0.045,0.045,0.035,0.04,1.63795869361029,1.46847180533656,6.05820158707025e-12,3.98812703393649e-06,0.267616899162363,1.70413153311513e-06,45538.3027705248,24050.1819501326,2300.23726428097,2300.12612497799,22889.3105829348,7215.05458503979,690.07117928429,690.037837493396,6866.79317488043
0.228,1,1,0,0,0,0,1,0,0,0,0,0,0,1,0.0720000000000001,0.0730000000000001,0,0,0,0,0.04,1.93716016979945,7.24799831965363,Inf,0.045,0.045,0.035,0.04,1.64084977089587,1.46295637086027,6.08223494057045e-12,3.96451709614608e-06,0.26763297691157,1.70559328157909e-06,45666.6478930134,24147.6241485914,2296.08162466795,2295.97049655498,22953.6393455674,7244.28724457743,688.824487400384,688.791148966493,6886.09180367022
0.229,1,1,0,0,0,0,1,0,0,0,0,0,0,1,0.0730000000000001,0.0740000000000001,0,0,0,0,0.04,1.94145693559732,7.27859924577214,Inf,0.045,0.045,0.035,0.04,1.63954744731704,1.4597271245356,6.11535727410699e-12,3.9760450056675e-06,0.267834194630259,1.7078324093412e-06,45784.0349726321,24220.9705410983,2300.00628778601,2299.89498099362,23013.9907982706,7266.29116232948,690.001886335802,689.968494298086,6904.19723948118
0.23,1,1,0,0,0,0,1,0,0,0,0,0,0,1,0.0740000000000001,0.0750000000000001,0,0,0,0,0.04,1.95536254334517,7.25588771874358,Inf,0.045,0.045,0.035,0.04,1.63537880323035,1.46212054397427,6.1451401835435e-12,3.96724987220704e-06,0.267851303783721,1.70364800545122e-06,45881.8856018237,24213.1926470537,2309.01008803475,2308.89858694486,23066.1008211145,7263.9577941161,692.703026410426,692.669576083458,6919.83024633436
0.231,1,1,0,0,0,0,1,0,0,0,0,0,0,1,0.0750000000000001,0.0760000000000001,0,0,0,0,0.04,1.97050259228704,7.26627708969778,Inf,0.045,0.045,0.035,0.04,1.63091854556066,1.46102334238041,6.16241830105434e-12,3.95057792115572e-06,0.260500479605451,1.7166926468609e-06,45954.0459017794,24261.8632766274,2318.54122735426,2318.43346655625,23106.3953606456,7278.55898298822,695.562368206277,695.530039966874,6931.91860819369
0.232,1,1,0,0,0,0,1,0,0,0,0,0,0,1,0.0760000000000001,0.0770000000000001,0,0,0,0,0.04,1.96955438341386,7.29669992011928,Inf,0.045,0.045,0.035,0.04,1.6311955270952,1.45783300956261,6.16389536877105e-12,3.92935769861951e-06,0.261091305492737,1.71366836243901e-06,45996.1840768406,24331.6939269541,2319.49817773519,2319.39024394853,23131.8554050871,7299.50817808622,695.849453320557,695.817073184559,6939.55662152612
0.233,1,1,0,0,0,0,1,0,0,0,0,0,0,1,0.0770000000000001,0.0780000000000001,0,0,0,0,0.04,1.98022880979683,7.32923942290857,Inf,0.045,0.045,0.035,0.04,1.62809536531443,1.45445748056719,6.15243590268194e-12,3.91066234622975e-06,0.262126339499359,1.71278527094386e-06,46098.5402202584,24380.9263144277,2323.15995487171,2323.05149452493,23176.8596349757,7314.2778943283,696.947986461513,696.915448357478,6953.0578904927
0.234,1,1,0,0,0,0,1,0,0,0,0,0,0,1,0.0780000000000001,0.0790000000000001,0,0,0,0,0.04,1.98322779404959,7.33611143969452,Inf,0.045,0.045,0.035,0.04,1.62723140950616,1.45374940650969,6.13520815960726e-12,3.93017503174778e-06,0.26181487412028,1.71079981207968e-06,46303.2199012349,24353.0623173324,2320.93930601065,2320.83000697012,23283.4517694608,7305.91869519973,696.281791803195,696.249002091036,6985.03553083824
0.235,1,1,0,0,0,0,1,0,0,0,0,0,0,1,0.0790000000000001,0.0800000000000001,0,0,0,0,0.04,1.97835941768967,7.34311177904184,Inf,0.045,0.045,0.035,0.04,1.62863545848846,1.45302981944442,6.12041100587292e-12,3.93612911013919e-06,0.259528489778191,1.71219450120248e-06,46434.3898790004,24295.2404398163,2312.26567506682,2312.15758284858,23353.9546806445,7288.57213194488,693.679702520047,693.647274854575,7006.18640419336
0.236,1,1,0,0,0,0,1,0,0,0,0,0,0,1,0.0800000000000001,0.0810000000000001,0,0,0,0,0.04,1.98040477287855,7.33978911438263,Inf,0.045,0.045,0.035,0.04,1.62804458868697,1.45337115200937,6.11373550714541e-12,3.90377557470266e-06,0.257790389135998,1.71249178226137e-06,46484.3625042097,24186.6479719938,2303.22051539497,2303.11347618613,23383.570242435,7255.99439159813,690.966154618492,690.934042855839,7015.07107273051
0.237,1,1,0,0,0,0,1,0,0,0,0,0,0,1,0.0810000000000001,0.0820000000000001,0,0,0,0,0.04,1.99634709712802,7.33560701421726,Inf,0.045,0.045,0.035,0.04,1.62348768046403,1.45380132455192,6.11588034686117e-12,3.91360838465915e-06,0.256953884709381,1.71325356678485e-06,46451.7155915331,24045.2276693072,2296.99278240682,2296.88640027218,23370.7923313129,7213.56830079216,689.097834722045,689.065920081655,7011.23769939387
0.238,1,1,0,0,0,0,1,0,0,0,0,0,0,1,0.0820000000000001,0.0830000000000001,0,0,0,0,0.04,2.00776718424469,7.35680302834821,Inf,0.045,0.045,0.035,0.04,1.62027542074925,1.45162741497561,6.12213763984631e-12,3.9203277991783e-06,0.261947361039352,1.69679100948226e-06,46341.3224991648,23924.4946489554,2286.63501205913,2286.52592613811,23317.7144868603,7177.34839468663,685.990503617738,685.957777841433,6995.31434605809
0.239,1,1,0,0,0,0,1,0,0,0,0,0,0,1,0.0830000000000001,0.0840000000000001,0,0,0,0,0.04,2.00609285217787,7.418250614668,Inf,0.045,0.045,0.035,0.04,1.62074370311232,1.44541306738876,6.12424587306551e-12,3.91941143274342e-06,0.261010073992837,1.6960251087066e-06,46164.3760881474,23858.0265439817,2269.41020516431,2269.30164337845,23230.1682600229,7157.40796319452,680.823061549293,680.790493013534,6969.05047800686
0.24,1,1,0,0,0,0,1,0,0,0,0,0,0,1,0.0840000000000001,0.0850000000000001,0,0,0,0,0.04,2.0166181296413,7.48608114646643,Inf,0.045,0.045,0.035,0.04,1.61781506225586,1.43870114152947,6.11376385343371e-12,3.892756487446e-06,0.260453305575358,1.69539278758808e-06,46049.9414408181,23793.2163008015,2256.63623275011,2256.5280548305,23177.3055988103,7137.96489024044,676.990869825034,676.958416449149,6953.19167964308
0.241,1,1,0,0,0,0,1,0,0,0,0,0,0,1,0.0850000000000001,0.0860000000000001,0,0,0,0,0.04,2.04459374211735,7.47135450970803,Inf,0.045,0.045,0.035,0.04,1.61020185166657,1.4401454179755,6.08565795323978e-12,3.9017568182685e-06,0.260393068745679,1.69995831253854e-06,46004.0592025052,23597.8768745005,2251.33420020138,2251.22614014438,23156.7650259865,7079.36306235015,675.400260060413,675.367842043314,6947.02950779594
0.242,1,1,0,0,0,0,1,0,0,0,0,0,0,1,0.0860000000000001,0.0870000000000001,0,0,0,0,0.04,2.08622751068745,7.48892139291509,Inf,0.045,0.045,0.035,0.04,1.5993113365464,1.43842340805514,6.04079220547098e-12,3.90381421380894e-06,0.2620572953469,1.68837271354125e-06,45918.4682756723,23473.8440483349,2252.7776484291,2252.66861946243,23114.9459588886,7042.15321450048,675.833294528731,675.800585838729,6934.48378766657
0.243,1,1,0,0,0,0,1,0,0,0,0,0,0,1,0.0870000000000001,0.0880000000000001,0,0,0,0,0.04,2.07225561852224,7.54912367114356,Inf,0.045,0.045,0.035,0.04,1.60290928476326,1.43259783397137,5.98639474226878e-12,3.89552660933181e-06,0.261720686172399,1.68834746798363e-06,45800.2469082067,23446.6003629521,2235.20363175336,2235.09478951743,23056.0244671008,7033.98010888563,670.561089526008,670.528436855229,6916.80734013025
0.244,1,1,0,0,0,0,1,0,0,0,0,0,0,1,0.0880000000000001,0.0890000000000001,0,0,0,0,0.04,2.07239068080771,7.64844743537976,Inf,0.045,0.045,0.035,0.04,1.60287423401644,1.42323587770537,5.93415900034456e-12,3.87734723838107e-06,0.261623646252309,1.6891454427323e-06,45660.3271177043,23511.6822696382,2225.95000006788,2225.84122653965,22986.4130619258,7053.50468089146,667.785000020363,667.752367961894,6895.92391857775
0.245,1,1,0,0,0,0,1,0,0,0,0,0,0,1,0.0890000000000001,0.0900000000000001,0,0,0,0,0.04,2.08969040683469,7.61969901512179,Inf,0.045,0.045,0.035,0.04,1.59842824708876,1.4259143694896,5.89639754361387e-12,3.88301280997919e-06,0.261714240384196,1.69036850224623e-06,45512.8532385353,23402.1725457787,2226.58332030027,2226.47446640456,22914.0680602149,7020.65176373362,667.974996090082,667.942339921367,6874.22041806447
0.246,1,1,0,0,0,0,1,0,0,0,0,0,0,1,0.0900000000000001,0.0910000000000001,0,0,0,0,0.04,2.12136514943345,7.60003444393549,Inf,0.045,0.045,0.035,0.04,1.59050596819016,1.42776105969018,5.88155894756479e-12,3.87882389746163e-06,0.261744382774162,1.69471355826298e-06,45388.0166431996,23346.3857210705,2235.67155240301,2235.56255725455,22858.4778444425,7003.91571632115,670.701465720903,670.668767176365,6857.54335333275
0.247,1,1,0,0,0,0,1,0,0,0,0,0,0,1,0.0910000000000001,0.0920000000000001,0,0,0,0,0.04,2.1156217524429,7.69713626176568,Inf,0.045,0.045,0.035,0.04,1.59192202735501,1.41875623451937,5.89736485675952e-12,3.97988441470534e-06,0.257996818448636,3.67689012382117e-06,45363.9566978007,23386.279217593,2234.56931021983,2238.8973354802,22846.0169218902,7015.8837652779,670.370793065949,671.66920064406,6853.80507656707
0.248,1,1,0,0,0,0,1,0,0,0,0,0,0,1,0.0920000000000001,0.0930000000000001,0,0,0,0,0.04,2.17861285776494,7.5556812198395,Inf,0.045,0.045,0.035,0.04,1.57686304831148,1.43197027313058,5.99776161976459e-12,4.17013708476139e-06,0.260050869533419,8.82040487875133e-06,45696.2363554586,23372.2880059436,2233.94154515527,2197.39006656524,23005.145363832,7011.68640178307,670.182463546582,659.217019969572,6901.54360914961
0.249,1,1,0,0,0,0,1,0,0,0,0,0,0,1,0.0930000000000001,0.0940000000000001,0,0,0,0,0.04,2.17782049702375,7.5034899826466,Inf,0.045,0.045,0.035,0.04,1.57704621886032,1.43700294605678,6.06209639739268e-12,4.28638245289305e-06,0.313529722108236,4.90524568263181e-06,46094.6592785402,23045.9111485108,2193.86590806512,2154.83378210724,23195.6092247085,6913.77334455323,658.159772419535,646.450134632171,6958.68276741254
0.25,1,1,0,0,0,0,1,0,0,0,0,0,0,1,0.0940000000000001,0.0950000000000001,0,0,0,0,0.04,2.18050861217603,7.51520849870347,Inf,0.045,0.045,0.035,0.04,1.57642543022448,1.43586536022089,6.03966758219015e-12,4.28472824554641e-06,0.324240376509191,1.18657453191935e-05,46170.2045876351,22426.3063254742,2153.01089853697,2153.73326230993,23224.3053120952,6727.89189764227,645.903269561091,646.119978692978,6967.29159362855
0.251,1,1,0,0,0,0,1,0,0,0,0,0,0,1,0.0950000000000001,0.0960000000000001,0,0,0,0,0.04,2.19460760530348,7.44778523200914,Inf,0.045,0.045,0.035,0.04,1.57319820420532,1.44247178076858,5.95612149118127e-12,4.24687779182559e-06,0.394158845429025,1.96383064610813e-05,45708.4923237968,21695.7904518825,2109.08413382267,2085.06959081676,22985.1691371828,6508.73713556475,632.725240146802,625.520877245028,6895.55074115484
0.252,1,1,0,0,0,0,1,0,0,0,0,0,0,1,0.0960000000000001,0.0970000000000001,0,0,0,0,0.04,2.07763873182436,7.23154848936112,Inf,0.045,0.045,0.035,0.04,1.60151639109538,1.46470649616403,5.87596831943039e-12,4.34672625699891e-06,0.42614690770654,1.56212515411055e-05,44541.2625691953,21270.9023677228,2014.67033672991,1989.03394003977,22404.088287328,6381.27071031684,604.401101018972,596.71018201193,6721.2264861984
0.253,1,1,0,0,0,0,1,0,0,0,0,0,0,1,0.0970000000000001,0.0980000000000001,0,0,0,0,0.04,2.01206894820378,6.92676254338888,Inf,0.045,0.045,0.035,0.04,1.61907646834788,1.49904536606173,5.85535657352751e-12,5.35960862858834e-06,0.466951218855432,1.62214872012685e-05,42188.8511755818,21161.1320222798,1908.55528425239,1885.15146882392,21241.7137047196,6348.33960668394,572.566585275717,565.545440647175,6372.51411141588
0.254,1,1,0,0,0,0,1,0,0,0,0,0,0,1,0.0980000000000001,0.0990000000000001,0,0,0,0,0.04,2.06092288656324,6.66377999278408,Inf,0.045,0.045,0.035,0.04,1.60586937550604,1.53191345221872,5.91022927283632e-12,5.34015002368901e-06,0.493670736125159,1.89516469119288e-05,40045.8726276708,19246.1595677062,1807.44321126778,1783.24590866613,20043.5912526912,5773.84787031187,542.232963380333,534.97377259984,6013.07737580736
0.255,1,1,0,0,0,0,1,0,0,0,0,0,0,1,0.0990000000000001,0.1,0,0,0,0,0.04,2.31344719468207,6.56061933392995,Inf,0.045,0.045,0.035,0.04,1.54778824101623,1.54573213143744,6.01093426839705e-12,5.35253841131472e-06,0.500880255388527,2.4961758456441e-05,38606.8132493396,17022.647708338,1740.17092576272,1713.00067120918,19311.6904931436,5106.79431250141,522.051277728816,513.900201362754,5793.50714794307
0.256,1,1,0,0,0,0,1,0,0,0,0,0,0,1,0.1,0.101,0,0,0,0,0.04,2.6386653802748,6.71699960279387,Inf,0.045,0.045,0.035,0.04,1.49144344714023,1.52499644074161,6.08980171698593e-12,5.52784781526479e-06,0.877738578094922,4.31373241613725e-05,35862.5175875743,14871.9639761095,1630.97526811518,1459.51713053249,17933.7864899045,4461.58919283285,489.292580434554,437.855139159748,5380.13594697134
0.257,1,1,0,0,0,0,1,0,0,0,0,0,0,1,0.101,0.102,0,0,0,0,0.04,2.58463891238888,7.27625808332644,Inf,0.045,0.045,0.035,0.04,1.49969248632273,1.45997297647638,6.07013158854806e-12,5.95482513641649e-06,0.981276350691922,4.29581066603739e-05,31932.3207414143,13211.3352387492,1332.82785878754,1156.95702504587,15966.6308384536,3963.40057162476,399.848357636263,347.08710751376,4789.98925153608
0.258,1,1,0,0,0,0,1,0,0,0,0,0,0,1,0.102,0.103,0,0,0,0,0.04,2.78309943560098,8.58229936716486,Inf,0.045,0.045,0.035,0.04,1.4711548546236,1.34807433468013,5.89087902716252e-12,6.60820153348972e-06,1.04980210515407,4.47153246589017e-05,27278.3718125962,12303.2671424485,1028.99567207035,851.401576966666,13639.2563144869,3690.98014273454,387.84,320,4091.77689434606
0.259,1,1,0,0,0,0,1,0,0,0,0,0,0,1,0.103,0.104,0,0,0,0,0.04,3.50148832020297,11.8083362902998,Inf,0.045,0.045,0.035,0.04,1.39748816454332,1.19370544932927,5.51982286789153e-12,7.36850639312838e-06,1.08355475027987,5.03051823841951e-05,25334.092980446,12052.9610357416,759.506068261934,583.00020006585,12728.6983912859,3615.88831072247,387.84,320,3818.60951738577
0.26,1,1,0,0,0,0,1,0,0,0,0,0,0,1,0.104,0.105,0,0,0,0,0.04,6.3302532950008,17.8267896817916,Inf,0.045,0.045,0.035,0.04,1.27841120306572,1.06991786824702,4.95726268942731e-12,7.26371782515051e-06,1.09074488223628,5.94413176046113e-05,25395.0001530881,9621.6157740271,570.789289617746,404.006474841795,12725.1428316399,2886.48473220813,387.84,320,3817.54284949196
0.261,0,1,0,0,0,0,1,0,0,0,0,0,0,1,0,0.106,0,0,0,0,0.04,Inf,23.5164806511818,Inf,0.045,0.045,0.035,0.04,1.1210536642549,1.01564857731034,4.23367124514844e-12,7.81383857919214e-06,1.41121996842852,7.01593293636693e-05,25205.6424010061,6432.25796309946,1266.72503927623,352.105713908142,12612.7422510037,2403.8,387.84,320,3783.82267530112
0.262,0,1,0,0,0,0,1,0,0,0,0,0,0,1,0,0.107,0,0,0,0,0.04,Inf,52.4452833527075,Inf,0.045,0.045,0.035,0.04,0.938331611298381,0.928147954884366,3.40342450300675e-12,8.51549542886027e-06,1.46213415358314,8.03285992667371e-05,24228.9128308721,3681.6542528687,978.983775640074,370.539383214154,12116.8646485088,2403.8,387.84,320,3635.05939455265
0.263,0,0,0,0,0,0,1,0,0,0,0,0,0,1,0,0,0,0,0,0,0.04,Inf,Inf,Inf,0.045,0.045,0.035,0.04,0.746657749041977,0.814392439454992,2.53583081020162e-12,9.23391971447566e-06,1.47550044651105,8.82882018035964e-05,22270.0300387629,1558.65387605522,716.449581361964,374.065234110783,11135.161388508,2403.8,387.84,320,3340.5484165524
0.264,0,0,0,0,0,0,1,0,0,0,0,0,0,1,0,0,0,0,0,0,0.04,Inf,Inf,Inf,0.045,0.045,0.035,0.04,0.566324947772986,0.685654886769138,1.70456873227555e-12,9.84548571897448e-06,1.46332068252598,9.32150529318807e-05,19423.1321757618,257.38535979968,498.336774564735,330.319352540813,9711.74903122013,2403.8,387.84,320,2913.52470936604
0.265,0,0,0,0,0,0,1,0,0,0,0,0,0,1,0,0,0,0,0,0,0.04,Inf,Inf,Inf,0.045,0.045,0.035,0.04,0.441418721163909,0.555062059865928,9.76923873848321e-13,1.02693863225455e-05,1.44158125820495,9.73909334349053e-05,15985.3158624033,625.930699886346,335.728853094353,193.938862573994,7993.47719388444,2403.8,387.84,320,2398.04315816533
0.266,0,0,0,0,0,0,1,0,0,0,0,0,0,1,0,0,0,0,0,0,0.04,Inf,Inf,Inf,0.045,0.045,0.035,0.04,0.315448069840998,0.435291446702016,4.05042671837882e-13,1.04877661831723e-05,1.42555347314379,0.000105696603784672,12369.5339762614,733.615242917216,229.152337707608,60.8294976897902,6185.84096739008,2403.8,387.84,320,1855.75229021703
0.267,0,0,0,0,0,0,1,0,0,0,0,0,0,1,0,0,0,0,0,0,0.04,Inf,Inf,Inf,0.045,0.045,0.035,0.04,0.205236275837061,0.331504288451624,7.44341686077712e-14,1.05283409573685e-05,1.42278464500408,0.00011311174237893,8949.66812085872,480.145379073109,169.793504319879,0.153255700522119,4475.36214995795,2403.8,387.84,320,1342.60864498738
0.268,0,0,0,0,0,0,1,0,0,0,0,0,0,1,0,0,0,0,0,0,0.04,Inf,Inf,Inf,0.045,0.045,0.035,0.04,0.125227641810653,0.225486467544878,4.78734587748768e-14,1.05413313833408e-05,1.40273603914359,0.000112586118318804,5653.276095814,386.431697980893,119.644363926274,0.149832559223912,2826.74164717848,2403.8,387.84,320,848.022494153545
0.269,0,0,0,0,0,0,1,0,0,0,0,0,0,1,0,0,0,0,0,0,0.04,Inf,Inf,Inf,0.045,0.045,0.035,0.04,0.0698858675101174,0.134272257232422,5.40547488848698e-14,1.05029792541577e-05,1.39232874992619,0.000112767649770649,2852.89502875199,385.79012308092,71.0847269569338,0.148619526112139,1426.54718711983,2403.8,387.84,320,427.964156135948
0.27,0,0,0,0,0,0,1,0,0,0,0,0,0,1,0,0,0,0,0,0,0.04,Inf,Inf,Inf,0.045,0.045,0.035,0.04,0.033106532267078,0.0634979362832,6.31349484991464e-14,1.04910108422659e-05,1.38456849803437,0.000112619443097945,895.386817386864,250.708130367956,33.4509731556391,0.148915098262695,447.788957906812,2403.8,387.84,320,320
0.271,0,0,0,0,0,0,0,0,0,0,0,0,0,1,0,0,0,0,0,0,0.04,Inf,Inf,Inf,0.045,0.045,0.035,0.04,0.0257723719972476,0.0137373839002731,6.92610437227372e-14,1.05703171866718e-05,1.37913482601295,0.000112405266346258,26.4748898166188,244.21635275466,7.11076930941888,0.14974050976387,13.3266442102458,2403.8,387.84,320,320
0.272,0,0,0,0,0,0,0,0,0,0,0,0,0,1,0,0,0,0,0,0,0.04,Inf,Inf,Inf,0.045,0.045,0.035,0.04,0.0261236026106791,8.52415803126035e-05,7.07224357599686e-14,1.09961586716818e-05,1.38434052133077,0.000110084626994221,0.273655513373438,391.854043421973,0.761555535087262,0.138335931517825,0.144112631082111,2403.8,387.84,320,320
0.273,0,0,0,0,0,0,0,0,0,0,0,0,0,1,0,0,0,0,0,0,0.04,Inf,Inf,Inf,0.045,0.045,0.035,0.04,0.0262073738287964,8.12062321752691e-05,7.07376273767836e-14,1.10917148870955e-05,1.39532500534941,0.000110493768857211,0.264192501418467,393.110611784944,0.767754301398433,0.122430201663274,0.139478261306759,2403.8,387.84,320,320
0.274,0,0,0,0,0,0,0,0,0,0,0,0,0,1,0,0,0,0,0,0,0.04,Inf,Inf,Inf,0.045,0.045,0.035,0.04,0.0262177351365099,7.83009730294037e-05,7.09148554192696e-14,1.11087503753216e-05,1.39891995364518,0.00011104960035867,0.254291592008417,393.037526807866,0.76932023935027,0.126757410321959,0.134756307506717,2403.8,387.84,320,320
0.275,0,0,0,0,0,0,0,0,0,0,0,0,0,1,0,0,0,0,0,0,0.04,Inf,Inf,Inf,0.045,0.045,0.035,0.04,0.0263453859901094,7.9114935658312e-05,7.12519569853887e-14,1.11032109808496e-05,1.40294839600343,0.000111835502606496,0.244735487350627,392.49858451874,0.77338611441872,0.122266702714878,0.130241037980555,2403.8,387.84,320,320
0.276,0,0,0,0,0,0,0,0,0,0,0,0,0,1,0,0,0,0,0,0,0.04,Inf,Inf,Inf,0.045,0.045,0.035,0.04,0.0264111757318077,7.90507380310295e-05,7.16794007906241e-14,1.11012149625407e-05,1.40929729095173,0.00011234414644559,0.241940432196442,392.114695468454,0.776211706533123,0.11862111294409,0.12929547599548,2403.8,387.84,320,320
0.277,0,0,0,0,0,0,0,0,0,0,0,0,0,1,0,0,0,0,0,0,0.04,Inf,Inf,Inf,0.045,0.045,0.035,0.04,0.0264148228405836,7.84922754889972e-05,7.20903561912403e-14,1.11093829056211e-05,1.41179140684297,0.000112534766491303,0.242778309607267,392.427436329966,0.777171441155977,0.115954143271671,0.129722895849589,2403.8,387.84,320,320
0.278,0,0,0,0,0,0,0,0,0,0,0,0,0,1,0,0,0,0,0,0,0.04,Inf,Inf,Inf,0.045,0.045,0.035,0.04,0.0265207772705294,7.77215520840655e-05,7.23848438952108e-14,1.11214708919652e-05,1.41310287159901,0.000112797744352893,0.241866707393241,393.686678073528,0.779558058420931,0.117575037955219,0.129366786429358,2403.8,387.84,320,320
0.279,0,0,0,0,0,0,0,0,0,0,0,0,0,1,0,0,0,0,0,0,0.04,Inf,Inf,Inf,0.045,0.045,0.035,0.04,0.0265990447766872,7.69122730423814e-05,7.25093200281372e-14,1.11258344832511e-05,1.4195790724996,0.000113291777551296,0.239917379472067,395.749532961457,0.782562672258233,0.12040346362669,0.12853362328601,2403.8,387.84,320,320
0.28,0,0,0,0,0,0,0,0,0,0,0,0,0,1,0,0,0,0,0,0,0.04,Inf,Inf,Inf,0.045,0.045,0.035,0.04,0.0266134899221036,7.6142074971401e-05,7.24771867965164e-14,1.11129133528661e-05,1.42264061566769,0.000113487351945994,0.237457198962693,398.143135000286,0.783841180521025,0.12216511585044,0.127445629783996,2403.8,387.84,320,320
0.281,0,0,0,0,0,0,0,0,0,0,0,0,0,1,0,0,0,0,0,0,0.04,Inf,Inf,Inf,0.045,0.045,0.035,0.04,0.0266841202207664,7.60402564302127e-05,7.23635995823689e-14,1.10808404815488e-05,1.42253657506974,0.000113499137914067,0.234838077029014,400.261807795158,0.783720787226845,0.122293996814002,0.126255090743939,2403.8,387.84,320,320
0.282,0,0,0,0,0,0,0,0,0,0,0,0,0,1,0,0,0,0,0,0,0.04,Inf,Inf,Inf,0.045,0.045,0.035,0.04,0.0267740312888967,7.61804176657117e-05,7.2276351685465e-14,1.10375569647935e-05,1.42861375793805,0.00011385507335063,0.232281291490934,401.610473785692,0.787739485573611,0.121224981543242,0.125071326782212,2403.8,387.84,320,320
0.283,0,0,0,0,0,0,0,0,0,0,0,0,0,1,0,0,0,0,0,0,0.04,Inf,Inf,Inf,0.045,0.045,0.035,0.04,0.0267997791431082,7.61305999329699e-05,7.23129280727947e-14,1.09987799437162e-05,1.43210533526825,0.000113943442312431,0.232443678481991,401.996691559646,0.789226963398792,0.120273202809551,0.125283487415161,2403.8,387.84,320,320
0.284,0,0,0,0,0,0,0,0,0,0,0,0,0,1,0,0,0,0,0,0,0.04,Inf,Inf,Inf,0.045,0.045,0.035,0.04,0.0268368345847444,7.60298451366127e-05,7.25204016555414e-14,1.09824587313237e-05,1.43234061575311,0.000114203344147907,0.232511142807735,401.603433732598,0.78922480839396,0.120008497018752,0.125406272556519,2403.8,387.84,320,320
0.285,0,0,0,0,0,0,0,0,0,0,0,0,0,1,0,0,0,0,0,0,0.04,Inf,Inf,Inf,0.045,0.045,0.035,0.04,0.0269378349217752,7.59450483804557e-05,7.2875609286797e-14,1.1001701502649e-05,1.43698253951382,0.000114415592439619,0.232232883234191,400.919195954045,0.792223360570203,0.121029633182915,0.125375453625583,2403.8,387.84,320,320
0.286,0,0,0,0,0,0,0,0,0,0,0,0,0,1,0,0,0,0,0,0,0.04,Inf,Inf,Inf,0.045,0.045,0.035,0.04,0.0269757068010027,7.58723603868144e-05,7.32948422618073e-14,1.10591060066254e-05,1.44071867738709,0.0001144917570906,0.231775603735987,400.548255047338,0.79375086633258,0.122889502731602,0.125241943497698,2403.8,387.84,320,320
0.287,0,0,0,0,0,0,0,0,0,0,0,0,0,1,0,0,0,0,0,0,0.04,Inf,Inf,Inf,0.045,0.045,0.035,0.04,0.0269790919728645,7.57652508474846e-05,7.3668451252177e-14,1.11451408762087e-05,1.44116473546135,0.000114898353099483,0.231198022541698,400.968400247191,0.793771459025177,0.122720120085089,0.125017266190874,2403.8,387.84,320,320
0.288,0,0,0,0,0,0,0,0,0,0,0,0,0,1,0,0,0,0,0,0,0.04,Inf,Inf,Inf,0.045,0.045,0.035,0.04,0.0270911203085411,7.55767607566522e-05,7.3904867064351e-14,1.124140873226e-05,1.44477470106539,0.000115109166432253,0.230493036926145,402.333316717609,0.796387768600284,0.122424266683468,0.124701383357604,2403.8,387.84,320,320
0.289,0,0,0,0,0,0,0,0,0,0,0,0,0,1,0,0,0,0,0,0,0.04,Inf,Inf,Inf,0.045,0.045,0.035,0.04,0.0271424159146167,7.52977165217704e-05,7.39662613282128e-14,1.13272643553867e-05,1.44885923673435,0.000115070499316659,0.229649862056889,404.40770933549,0.797980127986928,0.121987407906042,0.124311265438518,2403.8,387.84,320,320
0.29,0,0,0,0,0,0,0,0,0,0,0,0,0,1,0,0,0,0,0,0,0.04,Inf,Inf,Inf,0.045,0.045,0.035,0.04,0.0271326251552676,7.52833944069665e-05,7.38830914914448e-14,1.1386970375628e-05,1.44963716181236,0.000115347121344484,0.228704537183396,406.665709587828,0.798055557828287,0.121887547033932,0.12389559228376,2403.8,387.84,320,320
0.291,0,0,0,0,0,0,0,0,0,0,0,0,0,1,0,0,0,0,0,0,0.04,Inf,Inf,Inf,0.045,0.045,0.035,0.04,0.0272337749068005,7.56533106902321e-05,7.37427261155101e-14,1.14147533920055e-05,1.45188107982708,0.000115699262294819,0.228682837918531,408.506628154817,0.800365678596735,0.12248579882277,0.12425365329325,2403.8,387.84,320,320
0.292,0,0,0,0,0,0,0,0,0,0,0,0,0,1,0,0,0,0,0,0,0.04,Inf,Inf,Inf,0.045,0.045,0.035,0.04,0.0272996002695748,7.5812474776636e-05,7.36557589748507e-14,1.14161730827109e-05,1.45660349731492,0.000115789906241459,0.228836504239259,409.494008596018,0.802217096492898,0.122758267419597,0.124488191564193,2403.8,387.84,320,320
0.293,0,0,0,0,0,0,0,0,0,0,0,0,0,1,0,0,0,0,0,0,0.04,Inf,Inf,Inf,0.045,0.045,0.035,0.04,0.0273016545790312,7.60780314133275e-05,7.37118410208696e-14,1.14054685140957e-05,1.45802862944698,0.000115709213859173,0.229070235830097,409.524823226538,0.802519197053422,0.123187272681384,0.124710226284506,2403.8,387.84,320,320
0.294,0,0,0,0,0,0,0,0,0,0,0,0,0,1,0,0,0,0,0,0,0.04,Inf,Inf,Inf,0.045,0.045,0.035,0.04,0.0273659047099357,7.62986732659199e-05,7.39426170915967e-14,1.13997738060622e-05,1.45825590246666,0.000116245674666,0.229261598606564,408.869941577229,0.804122747086241,0.123543298395651,0.12485434869206,2403.8,387.84,320,320
0.295,0,0,0,0,0,0,0,0,0,0,0,0,0,1,0,0,0,0,0,0,0.04,Inf,Inf,Inf,0.045,0.045,0.035,0.04,0.0274464271288433,7.63605493905084e-05,7.43082404879273e-14,1.14122376211827e-05,1.46384236389263,0.000116521886350538,0.229281547416898,408.072281093699,0.806433583826431,0.123655698727307,0.124875822212693,2403.8,387.84,320,320
0.296,0,0,0,0,0,0,0,0,0,0,0,0,0,1,0,0,0,0,0,0,0.04,Inf,Inf,Inf,0.045,0.045,0.035,0.04,0.0274620330048151,7.62656829149804e-05,7.4713853805025e-14,1.1446752135446e-05,1.46621118469061,0.000116516471100468,0.229059266699344,407.735685820371,0.807162637188284,0.123524738711234,0.124774172057522,2403.8,387.84,320,320
0.297,0,0,0,0,0,0,0,0,0,0,0,0,0,1,0,0,0,0,0,0,0.04,Inf,Inf,Inf,0.045,0.045,0.035,0.04,0.0274883895573737,7.6484900332214e-05,7.50483801388855e-14,1.14965973825719e-05,1.46533120569352,0.000116843360756011,0.228620485975344,408.281203961337,0.806510118999873,0.123832923450829,0.124598397064104,2403.8,387.84,320,320
0.298,0,0,0,0,0,0,0,0,0,0,0,0,0,1,0,0,0,0,0,0,0.04,Inf,Inf,Inf,0.045,0.045,0.035,0.04,0.0275827208853821,7.67658747059563e-05,7.5228680080196e-14,1.15476250626916e-05,1.47051238459661,0.000117263702239483,0.228610354160836,409.771243206655,0.810456082467022,0.124293492358653,0.12493783728075,2403.8,387.84,320,320
0.299,0,0,0,0,0,0,0,0,0,0,0,0,0,1,0,0,0,0,0,0,0.04,Inf,Inf,Inf,0.045,0.045,0.035,0.04,0.0276126681915757,7.68431425395683e-05,7.52317700493636e-14,1.15844747145629e-05,1.47391971807539,0.000117388119196617,0.228870354475075,411.88167223386,0.811710692194713,0.124438439866165,0.125056845794884,2403.8,387.84,320,320
0.3,0,0,0,0,0,0,0,0,0,0,0,0,0,1,0,0,0,0,0,0,0.04,Inf,Inf,Inf,0.045,0.045,0.035,0.04,0.0276023658539822,7.69630860051996e-05,7.51038328393079e-14,1.15971193518372e-05,1.4738941887305,0.00011735386679819,0.228818850824963,414.035492467769,0.811417711947023,0.124626457152481,0.125043188727584,2403.8,387.84,320,320
0.301,0,0,0,0,0,0,0,0,0,0,0,0,0,1,0,0,0,0,0,0,0.04,Inf,Inf,Inf,0.045,0.045,0.035,0.04,0.0277091195731094,7.72149119207463e-05,7.49429739738817e-14,1.15851635984639e-05,1.47669733905568,0.000117829365202175,0.228986329338194,415.636798249276,0.814176977799407,0.125035274358441,0.125413848534209,2403.8,387.84,320,320
0.302,0,0,0,0,0,0,0,0,0,0,0,0,0,1,0,0,0,0,0,0,0.04,Inf,Inf,Inf,0.045,0.045,0.035,0.04,0.0277537127946754,7.72811776499056e-05,7.48612298853396e-14,1.15583477835606e-05,1.48101424341977,0.000118016765661641,0.229111668506783,416.30569655187,0.815912014136149,0.125157017119479,0.125475359174104,2403.8,387.84,320,320
0.303,0,0,0,0,0,0,0,0,0,0,0,0,0,1,0,0,0,0,0,0,0.04,Inf,Inf,Inf,0.045,0.045,0.035,0.04,0.0277350199162386,7.72518574220628e-05,7.49394735014944e-14,1.15330301496913e-05,1.48183441315271,0.000117941465114771,0.228961966838707,416.025303349017,0.815995165416555,0.125035356643359,0.125411442837481,2403.8,387.84,320,320
0.304,0,0,0,0,0,0,0,0,0,0,0,0,0,1,0,0,0,0,0,0,0.04,Inf,Inf,Inf,0.045,0.045,0.035,0.04,0.0278262765700075,7.75483583665305e-05,7.51936547576117e-14,1.15258097080136e-05,1.48252801610617,0.000118359772143902,0.228748018259922,415.150520707169,0.817606991694074,0.125584145424279,0.125584508505111,2403.8,387.84,320,320
0.305,0,0,0,0,0,0,0,0,0,0,0,0,0,1,0,0,0,0,0,0,0.04,Inf,Inf,Inf,0.045,0.045,0.035,0.04,0.0278858967697983,7.76587389738173e-05,7.55676994994923e-14,1.15467103785438e-05,1.48753242667474,0.000118555643354788,0.22898345164378,414.274752173862,0.819698730179909,0.12577236603846,0.125700630312378,2403.8,387.84,320,320
0.306,0,0,0,0,0,0,0,0,0,0,0,0,0,1,0,0,0,0,0,0,0.04,Inf,Inf,Inf,0.045,0.045,0.035,0.04,0.0278793205922966,7.76439036273991e-05,7.59565377567014e-14,1.15948311447679e-05,1.48908686681873,0.000118489777095988,0.228931225397871,413.998163009447,0.820102881672753,0.125753654443434,0.125678904610799,2403.8,387.84,320,320
0.307,0,0,0,0,0,0,0,0,0,0,0,0,0,1,0,0,0,0,0,0,0.04,Inf,Inf,Inf,0.045,0.045,0.035,0.04,0.0279342929885791,7.79137156477665e-05,7.62487109343075e-14,1.16585117850806e-05,1.48802632790533,0.000118943467872991,0.228866116489251,414.683642475499,0.820783969394155,0.126184796456802,0.125912940717322,2403.8,387.84,320,320
0.308,0,0,0,0,0,0,0,0,0,0,0,0,0,1,0,0,0,0,0,0,0.04,Inf,Inf,Inf,0.045,0.045,0.035,0.04,0.0280094654732124,7.8011207444808e-05,7.63703870725931e-14,1.17199818677592e-05,1.49356227790316,0.000119144333124687,0.229036327547528,416.303648759699,0.823133237704712,0.126349300146153,0.126003492310313,2403.8,387.84,320,320
0.309,0,0,0,0,0,0,0,0,0,0,0,0,0,1,0,0,0,0,0,0,0.04,Inf,Inf,Inf,0.045,0.045,0.035,0.04,0.0280171587619308,7.79338259855848e-05,7.63140229395665e-14,1.17623818821228e-05,1.49578217129005,0.0001190692534856,0.228934096146666,418.449080765321,0.823812903359118,0.126240336595817,0.125957262388116,2403.8,387.84,320,320
0.31,0,0,0,0,0,0,0,0,0,0,0,0,0,1,0,0,0,0,0,0,0.04,Inf,Inf,Inf,0.045,0.045,0.035,0.04,0.0280331194535896,7.8204688766277e-05,7.61418144708278e-14,1.1776259062609e-05,1.49458371591085,0.00011937028732866,0.228611603444815,420.496796527423,0.822990603786552,0.126652226925896,0.126099254451081,2403.8,387.84,320,320
0.311,0,0,0,0,0,0,0,0,0,0,0,0,0,1,0,0,0,0,0,0,0.04,Inf,Inf,Inf,0.045,0.045,0.035,0.04,0.0281240064428216,7.83392926549487e-05,7.59625843940533e-14,1.17631641061588e-05,1.49911629566277,0.000119612775256191,0.228844410871559,421.860101359046,0.826295425967832,0.126874708210234,0.126225928558158,2403.8,387.84,320,320
0.312,0,0,0,0,0,0,0,0,0,0,0,0,0,1,0,0,0,0,0,0,0.04,Inf,Inf,Inf,0.045,0.045,0.035,0.04,0.028147899728494,7.82884656800854e-05,7.58895344033182e-14,1.17351669667236e-05,1.50205095154323,0.000119571149096731,0.228811056427152,422.218500622057,0.82727333424268,0.126808238247496,0.126209963845864,2403.8,387.84,320,320
0.313,0,0,0,0,0,0,0,0,0,0,0,0,0,1,0,0,0,0,0,0,0.04,Inf,Inf,Inf,0.045,0.045,0.035,0.04,0.0281233388749432,7.84867729885351e-05,7.59943759987411e-14,1.17103802879037e-05,1.50141836745012,0.000119733501092435,0.228491757242833,421.642168380391,0.82663781234796,0.127101414064155,0.126082114289213,2403.8,387.84,320,320
0.314,0,0,0,0,0,0,0,0,0,0,0,0,0,1,0,0,0,0,0,0,0.04,Inf,Inf,Inf,0.045,0.045,0.035,0.04,0.0282291778627611,7.86675914116873e-05,7.62770882124249e-14,1.17059353408276e-05,1.50413386931109,0.000120060362132187,0.228657092635707,420.568986543679,0.829219127054662,0.127396307483699,0.126485083964291,2403.8,387.84,320,320
0.315,0,0,0,0,0,0,0,0,0,0,0,0,0,1,0,0,0,0,0,0,0.04,Inf,Inf,Inf,0.045,0.045,0.035,0.04,0.028270396110583,7.8657480365793e-05,7.66653287154662e-14,1.17310604744076e-05,1.50791108689554,0.000120097497476173,0.228689292511017,419.639947045451,0.83057763298781,0.127395156684172,0.126501230538765,2403.8,387.84,320,320
0.316,0,0,0,0,0,0,0,0,0,0,0,0,0,1,0,0,0,0,0,0,0.04,Inf,Inf,Inf,0.045,0.045,0.035,0.04,0.0282444358332979,7.87095203774104e-05,7.70439604116623e-14,1.17832161242763e-05,1.50804503163122,0.000120130524736932,0.228424393747082,419.447488449076,0.830235035820937,0.12745704639592,0.126389082092338,2403.8,387.84,320,320
0.317,0,0,0,0,0,0,0,0,0,0,0,0,0,1,0,0,0,0,0,0,0.04,Inf,Inf,Inf,0.045,0.045,0.035,0.04,0.0283253031437216,7.89615114411912e-05,7.73013046666045e-14,1.1849096860551e-05,1.50859079836074,0.000120562516220085,0.228309439625849,420.29268359795,0.831898933307917,0.127863186043428,0.126692152529702,2403.8,387.84,320,320
0.318,0,0,0,0,0,0,0,0,0,0,0,0,0,1,0,0,0,0,0,0,0.04,Inf,Inf,Inf,0.045,0.045,0.035,0.04,0.0283840219315278,7.9020185619924e-05,7.73728397307126e-14,1.19100549699136e-05,1.51330665196394,0.000120708291118258,0.228453225189513,422.056537437176,0.833721501609521,0.127971091659484,0.126766379976738,2403.8,387.84,320,320
0.319,0,0,0,0,0,0,0,0,0,0,0,0,0,1,0,0,0,0,0,0,0.04,Inf,Inf,Inf,0.045,0.045,0.035,0.04,0.0283724935199295,7.89257000351427e-05,7.72661740637262e-14,1.19495097619383e-05,1.51439821111378,0.000120566508475002,0.228296281820068,424.246411977657,0.833788110734023,0.127797485964752,0.126696782019762,2403.8,387.84,320,320
0.32,0,0,0,0,0,0,0,0,0,0,0,0,0,1,0,0,0,0,0,0,0.04,Inf,Inf,Inf,0.045,0.045,0.035,0.04,0.0284131107281476,7.92382867145192e-05,7.70588477269987e-14,1.19593252648363e-05,1.5125741161744,0.000120928397019456,0.227950663218574,426.196665718468,0.834347752003593,0.12830979957564,0.126896462757442,2403.8,387.84,320,320
0.321,0,0,0,0,0,0,0,0,0,0,0,0,0,1,0,0,0,0,0,0,0.04,Inf,Inf,Inf,0.045,0.045,0.035,0.04,0.0284889364857449,7.93647703076297e-05,7.6869355394631e-14,1.19428612357016e-05,1.51820895809251,0.000121181640106089,0.228182408023898,427.334052072833,0.836661823313561,0.128523443100207,0.127022326615553,2403.8,387.84,320,320
0.322,0,0,0,0,0,0,0,0,0,0,0,0,0,1,0,0,0,0,0,0,0.04,Inf,Inf,Inf,0.045,0.045,0.035,0.04,0.0284933789928995,7.92951912769581e-05,7.68108375957837e-14,1.19137021984542e-05,1.52035193484023,0.000121128697380762,0.228123582626246,427.40068965692,0.837212781482674,0.128432171035759,0.126995014966274,2403.8,387.84,320,320
0.323,0,0,0,0,0,0,0,0,0,0,0,0,0,1,0,0,0,0,0,0,0.04,Inf,Inf,Inf,0.045,0.045,0.035,0.04,0.028493047155428,7.94950809393979e-05,7.69448582315327e-14,1.18904226700421e-05,1.51880992196685,0.000121279128813511,0.227767964305179,426.554787810696,0.836143788179078,0.128730421755259,0.126855806532715,2403.8,387.84,320,320
0.324,0,0,0,0,0,0,0,0,0,0,0,0,0,1,0,0,0,0,0,0,0.04,Inf,Inf,Inf,0.045,0.045,0.035,0.04,0.0285854527008205,7.96811400007119e-05,7.72551508633324e-14,1.18891651339606e-05,1.52265948361168,0.000121616819150811,0.227875282045069,425.315228234264,0.839376951250915,0.129035705065375,0.127256723132193,2403.8,387.84,320,320
0.325,0,0,0,0,0,0,0,0,0,0,0,0,0,1,0,0,0,0,0,0,0.04,Inf,Inf,Inf,0.045,0.045,0.035,0.04,0.0286073508087359,7.96628145003628e-05,7.76537537213755e-14,1.19169375962919e-05,1.52583342769452,0.000121642722825219,0.227903258133011,424.365741178636,0.840425618052034,0.129023860412826,0.127270302702975,2403.8,387.84,320,320
0.326,0,0,0,0,0,0,0,0,0,0,0,0,0,1,0,0,0,0,0,0,0.04,Inf,Inf,Inf,0.045,0.045,0.035,0.04,0.0285651633330716,7.97365833819317e-05,7.80168377313154e-14,1.19685781208525e-05,1.52516162227267,0.000121709627115597,0.227620294944749,424.284701900392,0.839710791425922,0.129128925198873,0.127153481408703,2403.8,387.84,320,320
0.327,0,0,0,0,0,0,0,0,0,0,0,0,0,1,0,0,0,0,0,0,0.04,Inf,Inf,Inf,0.045,0.045,0.035,0.04,0.0286734810406297,7.99659640108225e-05,7.82341478068957e-14,1.20288376552683e-05,1.52672541235176,0.000122108511528653,0.227542515902584,425.306137741243,0.841865360947262,0.129499885251678,0.127469415596153,2403.8,387.84,320,320
0.328,0,0,0,0,0,0,0,0,0,0,0,0,0,1,0,0,0,0,0,0,0.04,Inf,Inf,Inf,0.045,0.045,0.035,0.04,0.0287142461064283,7.99904252801044e-05,7.82519234683716e-14,1.20786401228104e-05,1.53084543379396,0.000122199854709358,0.227631595795861,427.218039275243,0.843382643177777,0.129553481192203,0.127514940806278,2403.8,387.84,320,320
0.329,0,0,0,0,0,0,0,0,0,0,0,0,0,1,0,0,0,0,0,0,0.04,Inf,Inf,Inf,0.045,0.045,0.035,0.04,0.0286827758655805,7.99620079563491e-05,7.8093849168706e-14,1.21027620241961e-05,1.53107550634878,0.000122015029922951,0.22740620580629,429.447227276463,0.843048669931478,0.129499732845789,0.127416995039568,2403.8,387.84,320,320
0.33,0,0,0,0,0,0,0,0,0,0,0,0,0,1,0,0,0,0,0,0,0.04,Inf,Inf,Inf,0.045,0.045,0.035,0.04,0.0287527896576872,8.02264238899072e-05,7.78530100573573e-14,1.20958651935657e-05,1.53042859664286,0.000122461110137381,0.227162530545896,431.291849727356,0.844129931084917,0.129923576400613,0.127659993851281,2403.8,387.84,320,320
0.331,0,0,0,0,0,0,0,0,0,0,0,0,0,1,0,0,0,0,0,0,0.04,Inf,Inf,Inf,0.045,0.045,0.035,0.04,0.0288132834143295,8.02900989584936e-05,7.76570098388398e-14,1.20647481841023e-05,1.53541350587851,0.000122611824632869,0.227303212694794,432.199256057649,0.846081538931463,0.130037190811282,0.127735367483364,2403.8,387.84,320,320
0.332,0,0,0,0,0,0,0,0,0,0,0,0,0,1,0,0,0,0,0,0,0.04,Inf,Inf,Inf,0.045,0.045,0.035,0.04,0.0287986537413444,8.01666924744272e-05,7.76177982008932e-14,1.20260475654839e-05,1.53657575404208,0.000122455765976765,0.227132016364809,431.979810931634,0.846149921777312,0.129847621729809,0.127657217461122,2403.8,387.84,320,320
0.333,0,0,0,0,0,0,0,0,0,0,0,0,0,1,0,0,0,0,0,0,0.04,Inf,Inf,Inf,0.045,0.045,0.035,0.04,0.0288236699127663,8.04659318440967e-05,7.77855640942806e-14,1.20000351195147e-05,1.53401654761652,0.000122779615594006,0.226734933358386,430.882120746313,0.844623844396685,0.13031070029944,0.12783959376599,2403.8,387.84,320,320
0.334,0,0,0,0,0,0,0,0,0,0,0,0,0,1,0,0,0,0,0,0,0.04,Inf,Inf,Inf,0.045,0.045,0.035,0.04,0.028903727483551,8.05732313612998e-05,7.81270280763158e-14,1.20026177074926e-05,1.53953321230077,0.000122996785618071,0.226927731712439,429.504162184051,0.848539988847528,0.130491686502616,0.127948416573968,2403.8,387.84,320,320
0.335,0,0,0,0,0,0,0,0,0,0,0,0,0,1,0,0,0,0,0,0,0.04,Inf,Inf,Inf,0.045,0.045,0.035,0.04,0.0289079358526387,8.04738312722555e-05,7.85386237710403e-14,1.20387385353704e-05,1.54168634185231,0.000122893412942303,0.226820081391399,428.566363668857,0.849047262947105,0.130350643667674,0.127896835975589,2403.8,387.84,320,320
0.336,0,0,0,0,0,0,0,0,0,0,0,0,0,1,0,0,0,0,0,0,0.04,Inf,Inf,Inf,0.045,0.045,0.035,0.04,0.028887072674464,8.06733841875878e-05,7.88885378843736e-14,1.21001735693447e-05,1.53987130851896,0.000123151375506123,0.226394796477596,428.624685528011,0.847787439090171,0.130644661911755,0.127725564310717,2403.8,387.84,320,320
0.337,0,0,0,0,0,0,0,0,0,0,0,0,0,1,0,0,0,0,0,0,0.04,Inf,Inf,Inf,0.045,0.045,0.035,0.04,0.0289854987610591,8.08348422380835e-05,7.90689490438557e-14,1.2168807899729e-05,1.54317921150154,0.000123452198981194,0.226466944979002,429.838814106483,0.850763898117691,0.130909684093225,0.128140747319772,2403.8,387.84,320,320
0.338,0,0,0,0,0,0,0,0,0,0,0,0,0,1,0,0,0,0,0,0,0.04,Inf,Inf,Inf,0.045,0.045,0.035,0.04,0.0290096190473505,8.0781223259502e-05,7.90377002057064e-14,1.2223886552004e-05,1.54639108530248,0.000123425097282978,0.22644005100708,431.900838967482,0.851759435893707,0.130840834191189,0.128127255286275,2403.8,387.84,320,320
0.339,0,0,0,0,0,0,0,0,0,0,0,0,0,1,0,0,0,0,0,0,0.04,Inf,Inf,Inf,0.045,0.045,0.035,0.04,0.0289602074157287,8.08529765254285e-05,7.88348176432952e-14,1.22500868817103e-05,1.54549122929222,0.000123373730296115,0.226080300256559,434.159884165783,0.850857268408343,0.130934812328852,0.127974378620563,2403.8,387.84,320,320
0.34,0,0,0,0,0,0,0,0,0,0,0,0,0,1,0,0,0,0,0,0,0.04,Inf,Inf,Inf,0.045,0.045,0.035,0.04,0.0290590076776701,8.10765343998872e-05,7.85683604175502e-14,1.22433008185343e-05,1.54635187472149,0.000123768720439358,0.225923966824172,435.885120081623,0.852759187197034,0.131296038967176,0.128313803341144,2403.8,387.84,320,320
0.341,0,0,0,0,0,0,0,0,0,0,0,0,0,1,0,0,0,0,0,0,0.04,Inf,Inf,Inf,0.045,0.045,0.035,0.04,0.029103545553614,8.10826127615701e-05,7.83736311027567e-14,1.22121747065386e-05,1.5506540055361,0.000123838492326961,0.225989753483531,436.553188200584,0.854284395585236,0.131320907654132,0.128348566986412,2403.8,387.84,320,320
0.342,0,0,0,0,0,0,0,0,0,0,0,0,0,1,0,0,0,0,0,0,0.04,Inf,Inf,Inf,0.045,0.045,0.035,0.04,0.0290699857248823,8.10104107010106e-05,7.83595236394289e-14,1.21749006834207e-05,1.5508179130962,0.000123596527071558,0.225719017925012,436.049790738999,0.853829760423242,0.131042964051623,0.128227485157074,2403.8,387.84,320,320
0.343,0,0,0,0,0,0,0,0,0,0,0,0,0,1,0,0,0,0,0,0,0.04,Inf,Inf,Inf,0.045,0.045,0.035,0.04,0.029124525519523,8.12970662486027e-05,7.85632615256973e-14,1.21522247293809e-05,1.54910507974144,0.000124050794509212,0.225330729250823,434.71700277571,0.854548582250998,0.131650694825431,0.12847547689216,2403.8,387.84,320,320
0.344,0,0,0,0,0,0,0,0,0,0,0,0,0,1,0,0,0,0,0,0,0.04,Inf,Inf,Inf,0.045,0.045,0.035,0.04,0.029189787158116,8.13708580317697e-05,7.89339685810487e-14,1.21591016992902e-05,1.55445852021599,0.00012422502345309,0.22548799173851,433.229595528932,0.856614395835894,0.131781234023088,0.128563043437159,2403.8,387.84,320,320
0.345,0,0,0,0,0,0,0,0,0,0,0,0,0,1,0,0,0,0,0,0,0.04,Inf,Inf,Inf,0.045,0.045,0.035,0.04,0.0291745792189281,8.12312078129923e-05,7.93531962994285e-14,1.21984170182695e-05,1.55577616721907,0.00012406381612008,0.225317135316925,432.337339602797,0.856674382079804,0.131579017174043,0.12848270799199,2403.8,387.84,320,320
0.346,0,0,0,0,0,0,0,0,0,0,0,0,0,1,0,0,0,0,0,0,0.04,Inf,Inf,Inf,0.045,0.045,0.035,0.04,0.0291820159398464,8.149105404054e-05,7.96828943832528e-14,1.22596737196643e-05,1.55302179500546,0.000124402322467249,0.224818172230074,432.563920399832,0.854973235569642,0.131965743645636,0.128287647507767,2403.8,387.84,320,320
0.347,0,0,0,0,0,0,0,0,0,0,0,0,0,1,0,0,0,0,0,0,0.04,Inf,Inf,Inf,0.045,0.045,0.035,0.04,0.0292680347321946,8.16309194985198e-05,7.98198179707775e-14,1.23232999139124e-05,1.55782405238012,0.000124677386447314,0.224923773121438,433.986547950082,0.858733844191004,0.132198648268036,0.128753206183909,2403.8,387.84,320,320
0.348,0,0,0,0,0,0,0,0,0,0,0,0,0,1,0,0,0,0,0,0,0.04,Inf,Inf,Inf,0.045,0.045,0.035,0.04,0.0292735614141399,8.15448806354096e-05,7.97352922839651e-14,1.23685894705957e-05,1.56031877395516,0.000124604011647939,0.224849044705679,436.198765134706,0.859344386229692,0.132080465080723,0.128716329596591,2403.8,387.84,320,320
0.349,0,0,0,0,0,0,0,0,0,0,0,0,0,1,0,0,0,0,0,0,0.04,Inf,Inf,Inf,0.045,0.045,0.035,0.04,0.0292317277480378,8.16675799667497e-05,7.94867853980458e-14,1.23818809192362e-05,1.55850820233048,0.000124625085207267,0.224427800429866,438.475921199937,0.858012532768524,0.132254946557423,0.128542017206465,2403.8,387.84,320,320
0.35,0,0,0,0,0,0,0,0,0,0,0,0,0,1,0,0,0,0,0,0,0.04,Inf,Inf,Inf,0.045,0.045,0.035,0.04,0.0293377841353154,8.18668901560973e-05,7.91973447239462e-14,1.23618912867229e-05,1.56078180773921,0.00012498722881656,0.22431215834232,440.066767001679,0.8606348095494,0.132579354295838,0.128922738922022,2403.8,387.84,320,320
0.351,0,0,0,0,0,0,0,0,0,0,0,0,0,1,0,0,0,0,0,0,0.04,Inf,Inf,Inf,0.045,0.045,0.035,0.04,0.0293657970331272,8.18348329256728e-05,7.9008886480696e-14,1.232040142532e-05,1.56443022479358,0.000124999571535051,0.224324029438938,440.486960441076,0.861804079530808,0.132545124640683,0.128928879244221,2403.8,387.84,320,320
0.352,0,0,0,0,0,0,0,0,0,0,0,0,0,1,0,0,0,0,0,0,0.04,Inf,Inf,Inf,0.045,0.045,0.035,0.04,0.029313665331289,8.18305841459481e-05,7.90254627955496e-14,1.22780091137333e-05,1.56366750773163,0.000124826578492332,0.223980241260169,439.70498487774,0.860906468251471,0.132523032875333,0.128778726746172,2403.8,387.84,320,320
0.353,0,0,0,0,0,0,0,0,0,0,0,0,0,1,0,0,0,0,0,0,0.04,Inf,Inf,Inf,0.045,0.045,0.035,0.04,0.0293989894697319,8.2082758351573e-05,7.92696109995789e-14,1.22562484430322e-05,1.56335041414112,0.000125263306359852,0.223669880892228,438.158890524893,0.862321769702656,0.132928401857976,0.129082518482408,2403.8,387.84,320,320
0.354,0,0,0,0,0,0,0,0,0,0,0,0,0,1,0,0,0,0,0,0,0.04,Inf,Inf,Inf,0.045,0.045,0.035,0.04,0.0294501238148227,8.21048740864839e-05,7.96719857627301e-14,1.22688880990079e-05,1.56810535912111,0.000125358874276713,0.223757593853216,436.596422173971,0.864042063932449,0.132978114772771,0.129130661260445,2403.8,387.84,320,320
0.355,0,0,0,0,0,0,0,0,0,0,0,0,0,1,0,0,0,0,0,0,0.04,Inf,Inf,Inf,0.045,0.045,0.035,0.04,0.029416962902316,8.19702516087764e-05,8.00995794601573e-14,1.23160845830043e-05,1.56847477405636,0.000125114187053414,0.22349192839812,435.787197331997,0.863632393100873,0.132693752529216,0.129008383505812,2403.8,387.84,320,320
0.356,0,0,0,0,0,0,0,0,0,0,0,0,0,1,0,0,0,0,0,0,0.04,Inf,Inf,Inf,0.045,0.045,0.035,0.04,0.0294522872038141,8.22719822273081e-05,8.04093787872343e-14,1.23841643037977e-05,1.56553656295153,0.000125609963954608,0.222962001926635,436.210761220234,0.863796001291009,0.133234357039517,0.129219191315493,2403.8,387.84,320,320
0.357,0,0,0,0,0,0,0,0,0,0,0,0,0,1,0,0,0,0,0,0,0.04,Inf,Inf,Inf,0.045,0.045,0.035,0.04,0.0295260618166292,8.23516642566197e-05,8.05043213182024e-14,1.24511756981419e-05,1.57133522573497,0.000125794881631441,0.22312141210388,437.85269543127,0.866052791920565,0.133373229533067,0.129311652888298,2403.8,387.84,320,320
0.358,0,0,0,0,0,0,0,0,0,0,0,0,0,1,0,0,0,0,0,0,0.04,Inf,Inf,Inf,0.045,0.045,0.035,0.04,0.0295138743712606,8.22009539022153e-05,8.03704615822009e-14,1.24956564650043e-05,1.5729070634118,0.00012561935169285,0.22294061941516,440.205776665908,0.866179693044762,0.133153011765565,0.129223995952241,2403.8,387.84,320,320
0.359,0,0,0,0,0,0,0,0,0,0,0,0,0,1,0,0,0,0,0,0,0.04,Inf,Inf,Inf,0.045,0.045,0.035,0.04,0.0294984796234175,8.2437730446329e-05,8.00830301169307e-14,1.25049384038154e-05,1.57004848170434,0.000125812097023106,0.222402046035744,442.477199381719,0.864360039830267,0.133502330937348,0.129007596926399,2403.8,387.84,320,320
0.36,0,0,0,0,0,0,0,0,0,0,0,0,0,1,0,0,0,0,0,0,0.04,Inf,Inf,Inf,0.045,0.045,0.035,0.04,0.0295937469817008,8.25812207377187e-05,7.97791413920507e-14,1.24799711967133e-05,1.5741128806905,0.000126094161758604,0.222410891569067,443.906209744632,0.867838377657478,0.133740081156787,0.129475870548995,2403.8,387.84,320,320
0.361,0,0,0,0,0,0,0,0,0,0,0,0,0,1,0,0,0,0,0,0,0.04,Inf,Inf,Inf,0.045,0.045,0.035,0.04,0.0296039640035047,8.24828123964157e-05,7.96052739978257e-14,1.24350806262045e-05,1.57693378924946,0.000126005534143628,0.222323731518344,444.059465040673,0.868543663617569,0.133601992602135,0.129431319730888,2403.8,387.84,320,320
0.362,0,0,0,0,0,0,0,0,0,0,0,0,0,1,0,0,0,0,0,0,0.04,Inf,Inf,Inf,0.045,0.045,0.035,0.04,0.02953794517122,8.25796288500343e-05,7.96581289645269e-14,1.23926832544715e-05,1.57512117983052,0.000125972502582018,0.221862268065668,442.997147941751,0.867134413606955,0.133732532828278,0.129235015272775,2403.8,387.84,320,320
0.363,0,0,0,0,0,0,0,0,0,0,0,0,0,1,0,0,0,0,0,0,0.04,Inf,Inf,Inf,0.045,0.045,0.035,0.04,0.0296532972877727,8.27916368265011e-05,7.99436433700966e-14,1.23746060673221e-05,1.57645098741593,0.000126356075941232,0.221638529093543,441.256043589569,0.869411064340257,0.134076306648153,0.129629421497121,2403.8,387.84,320,320
0.364,0,0,0,0,0,0,0,0,0,0,0,0,0,1,0,0,0,0,0,0,0.04,Inf,Inf,Inf,0.045,0.045,0.035,0.04,0.0296871301982145,8.27573673899525e-05,8.03735702030337e-14,1.23931805692247e-05,1.58052562257401,0.000126369334431206,0.22165123868581,439.652088383509,0.870723076126204,0.13403871096115,0.129636313615413,2403.8,387.84,320,320
0.365,0,0,0,0,0,0,0,0,0,0,0,0,0,1,0,0,0,0,0,0,0.04,Inf,Inf,Inf,0.045,0.045,0.035,0.04,0.0296339706154661,8.26942421697861e-05,8.08015888800917e-14,1.2445963374374e-05,1.57989924986474,0.000126206070517756,0.221285580137431,438.963646256673,0.869809702196017,0.133920649884558,0.129472003831617,2403.8,387.84,320,320
0.366,0,0,0,0,0,0,0,0,0,0,0,0,0,1,0,0,0,0,0,0,0.04,Inf,Inf,Inf,0.045,0.045,0.035,0.04,0.0297045384851716,8.29739669272726e-05,8.10821260127411e-14,1.25166397590488e-05,1.5783873061392,0.000126689083006944,0.220793265231366,439.612954099834,0.870778321786136,0.134368836417482,0.129758753229579,2403.8,387.84,320,320
0.367,0,0,0,0,0,0,0,0,0,0,0,0,0,1,0,0,0,0,0,0,0.04,Inf,Inf,Inf,0.045,0.045,0.035,0.04,0.0297628803020022,8.30105162470958e-05,8.11270008594428e-14,1.25817088957314e-05,1.58366899881427,0.000126813914007934,0.220902908316605,441.484560792061,0.872702341173172,0.13444171129038,0.129821264857487,2403.8,387.84,320,320
0.368,0,0,0,0,0,0,0,0,0,0,0,0,0,1,0,0,0,0,0,0,0.04,Inf,Inf,Inf,0.045,0.045,0.035,0.04,0.0297307306432583,8.28123961835041e-05,8.09391685325918e-14,1.26198736020593e-05,1.58432566884545,0.0001265669887226,0.220642308480051,443.969072314863,0.872354444826621,0.134148234479005,0.129697688954424,2403.8,387.84,320,320
0.369,0,0,0,0,0,0,0,0,0,0,0,0,0,1,0,0,0,0,0,0,0.04,Inf,Inf,Inf,0.045,0.045,0.035,0.04,0.02974749233548,8.31339452622225e-05,8.06126487481409e-14,1.26202807065197e-05,1.58047969399603,0.000126881556691246,0.220014434703415,446.212390114822,0.870084980877418,0.134627593099582,0.129453849185185,2403.8,387.84,320,320
0.37,0,0,0,0,0,0,0,0,0,0,0,0,0,1,0,0,0,0,0,0,0.04,Inf,Inf,Inf,0.045,0.045,0.035,0.04,0.0298304064716119,8.32423091103133e-05,8.0298183380049e-14,1.25867016486435e-05,1.5863682395959,0.000127116227138159,0.220088829399626,447.456102139393,0.874467162282836,0.134811932769985,0.129986288683664,2403.8,387.84,320,320
0.371,0,0,0,0,0,0,0,0,0,0,0,0,0,1,0,0,0,0,0,0,0.04,Inf,Inf,Inf,0.045,0.045,0.035,0.04,0.0298220021408111,8.30995977491817e-05,8.014503732606e-14,1.25362959398725e-05,1.58835678552197,0.000126961413783333,0.219934027559764,447.33003714152,0.874731999342113,0.134605582297166,0.129908746398842,2403.8,387.84,320,320
0.372,0,0,0,0,0,0,0,0,0,0,0,0,0,1,0,0,0,0,0,0,0.04,Inf,Inf,Inf,0.045,0.045,0.035,0.04,0.0297829604442912,8.32764780927519e-05,8.02401470557111e-14,1.24932557697383e-05,1.58554110546703,0.000127041813902592,0.219389725948872,445.994299321535,0.872856744473412,0.13486018144459,0.129684188038806,2403.8,387.84,320,320
0.373,0,0,0,0,0,0,0,0,0,0,0,0,0,1,0,0,0,0,0,0,0.04,Inf,Inf,Inf,0.045,0.045,0.035,0.04,0.0298892536056929,8.34538316038159e-05,8.05708715236018e-14,1.24793480047519e-05,1.58863820329688,0.000127378254427678,0.219233921758294,444.085593030803,0.87601584994254,0.135151083980226,0.130141034423716,2403.8,387.84,320,320
0.374,0,0,0,0,0,0,0,0,0,0,0,0,0,1,0,0,0,0,0,0,0.04,Inf,Inf,Inf,0.045,0.045,0.035,0.04,0.0299062008591802,8.33714271227308e-05,8.10294073426307e-14,1.25049318626185e-05,1.59196346111141,0.000127319332284236,0.219178965994736,442.481013489566,0.876918033585949,0.135038959880253,0.130111936119513,2403.8,387.84,320,320
0.375,0,0,0,0,0,0,0,0,0,0,0,0,0,1,0,0,0,0,0,0,0.04,Inf,Inf,Inf,0.045,0.045,0.035,0.04,0.0298345818984868,8.3395956721817e-05,8.14569889627927e-14,1.25644554975331e-05,1.59032302555538,0.00012728523577843,0.218724254278807,441.954244567845,0.87552199491498,0.13505691016777,0.129913160125416,2403.8,387.84,320,320
0.376,0,0,0,0,0,0,0,0,0,0,0,0,0,1,0,0,0,0,0,0,0.04,Inf,Inf,Inf,0.045,0.045,0.035,0.04,0.029939680980042,8.36388284743412e-05,8.17073689255807e-14,1.26386616071263e-05,1.59049885453419,0.000127717932039495,0.218315640793685,442.855583350774,0.877346950922078,0.135448635320159,0.130273002236593,2403.8,387.84,320,320
0.377,0,0,0,0,0,0,0,0,0,0,0,0,0,1,0,0,0,0,0,0,0.04,Inf,Inf,Inf,0.045,0.045,0.035,0.04,0.0299824221213968,8.36204583227694e-05,8.170329752748e-14,1.27024601323219e-05,1.59512800628325,0.000127760859894149,0.218353653141513,444.959277691225,0.878891502297037,0.135436148440933,0.130294285626379,2403.8,387.84,320,320
0.378,0,0,0,0,0,0,0,0,0,0,0,0,0,1,0,0,0,0,0,0,0.04,Inf,Inf,Inf,0.045,0.045,0.035,0.04,0.0299312092617146,8.34954496901444e-05,8.14659911465703e-14,1.273487698881e-05,1.59477708833728,0.000127428726541985,0.217994247467539,447.554083337598,0.878046692589824,0.135058612669582,0.130128045153035,2403.8,387.84,320,320
0.379,0,0,0,0,0,0,0,0,0,0,0,0,0,1,0,0,0,0,0,0,0.04,Inf,Inf,Inf,0.045,0.045,0.035,0.04,0.0299822725177708,8.38013042760026e-05,8.11082830112032e-14,1.27271090962523e-05,1.59197656115275,0.00012791468490015,0.217332008734823,449.734092896701,0.878468706329971,0.135710490612356,0.130385132612895,2403.8,387.84,320,320
0.38,0,0,0,0,0,0,0,0,0,0,0,0,0,1,0,0,0,0,0,0,0.04,Inf,Inf,Inf,0.045,0.045,0.035,0.04,0.0300505143014404,8.38525607711301e-05,8.07929684838615e-14,1.26859285235789e-05,1.59783998983404,0.000128064969554772,0.217457863157795,450.757719628591,0.88064414900934,0.135806204099267,0.130460265501655,2403.8,387.84,320,320
0.381,0,0,0,0,0,0,0,0,0,0,0,0,0,1,0,0,0,0,0,0,0.04,Inf,Inf,Inf,0.045,0.045,0.035,0.04,0.0300221356750626,8.36487275013445e-05,8.06692837768889e-14,1.26313425597535e-05,1.59886055862116,0.000127814388524754,0.217201580047467,450.33204019293,0.880409109469056,0.135503987179571,0.130334817176932,2403.8,387.84,320,320
0.382,0,0,0,0,0,0,0,0,0,0,0,0,0,1,0,0,0,0,0,0,0.04,Inf,Inf,Inf,0.045,0.045,0.035,0.04,0.0300173329588881,8.39423520532187e-05,8.08113902450692e-14,1.25891211301596e-05,1.59498079882965,0.000128067266630403,0.216543677760336,448.725942536023,0.878050131707448,0.13593832449507,0.13007259425306,2403.8,387.84,320,320
0.383,0,0,0,0,0,0,0,0,0,0,0,0,0,1,0,0,0,0,0,0,0.04,Inf,Inf,Inf,0.045,0.045,0.035,0.04,0.0301104444999952,8.40674199251794e-05,8.11861992165347e-14,1.25806260627817e-05,1.60009948054631,0.000128329126286509,0.21650189998713,446.676415628477,0.882179902113359,0.136148519728041,0.13061714595118,2403.8,387.84,320,320
0.384,0,0,0,0,0,0,0,0,0,0,0,0,0,1,0,0,0,0,0,0,0.04,Inf,Inf,Inf,0.045,0.045,0.035,0.04,0.0301071124657272,8.39228508919734e-05,8.16664885901482e-14,1.26139183745349e-05,1.60253626036812,0.000128175402652821,0.216353951378872,445.112781492563,0.88259962516554,0.135939453566098,0.130540493833726,2403.8,387.84,320,320
0.385,0,0,0,0,0,0,0,0,0,0,0,0,0,1,0,0,0,0,0,0,0.04,Inf,Inf,Inf,0.045,0.045,0.035,0.04,0.0300449441033476,8.40543306293545e-05,8.20831057124729e-14,1.26802023851586e-05,1.59980554483937,0.000128296638069299,0.215786787779841,444.788649671763,0.880688394266024,0.136120481339925,0.130300151028321,2403.8,387.84,320,320
0.386,0,0,0,0,0,0,0,0,0,0,0,0,0,1,0,0,0,0,0,0,0.04,Inf,Inf,Inf,0.045,0.045,0.035,0.04,0.0301618868928736,8.42554274454164e-05,8.22922559349863e-14,1.2757408163469e-05,1.6019204991029,0.00012867299794098,0.215465276745144,445.966881009184,0.883498957042396,0.136448326426651,0.130750057304915,2403.8,387.84,320,320
0.387,0,0,0,0,0,0,0,0,0,0,0,0,0,1,0,0,0,0,0,0,0.04,Inf,Inf,Inf,0.045,0.045,0.035,0.04,0.0301854934435743,8.41797651677609e-05,8.22307345582896e-14,1.28191969984479e-05,1.60577478361747,0.000128630692959317,0.215427082232984,448.302884013021,0.884600331872718,0.136347169989898,0.130728947641731,2403.8,387.84,320,320
0.388,0,0,0,0,0,0,0,0,0,0,0,0,0,1,0,0,0,0,0,0,0.04,Inf,Inf,Inf,0.045,0.045,0.035,0.04,0.0301131131560488,8.41452698667856e-05,8.19401900247742e-14,1.28453407208431e-05,1.60434417710899,0.000128386790224396,0.214965511825242,450.985650413759,0.883228228490312,0.136270496406761,0.13052139374664,2403.8,387.84,320,320
0.389,0,0,0,0,0,0,0,0,0,0,0,0,0,1,0,0,0,0,0,0,0.04,Inf,Inf,Inf,0.045,0.045,0.035,0.04,0.03020457783708,8.44203629887544e-05,8.15528570880479e-14,1.28294370698807e-05,1.60333294878474,0.000128871179940695,0.214361911949009,453.068672731556,0.884604985021815,0.136712434565295,0.130862886638753,2403.8,387.84,320,320
0.39,0,0,0,0,0,0,0,0,0,0,0,0,0,1,0,0,0,0,0,0,0.04,Inf,Inf,Inf,0.045,0.045,0.035,0.04,0.0302561686560299,8.44199406613636e-05,8.12423690867464e-14,1.27814069244277e-05,1.60855883878596,0.000128947175647755,0.214426464956387,453.842534987132,0.886393471215345,0.136728638744817,0.130900740089507,2403.8,387.84,320,320
0.391,0,0,0,0,0,0,0,0,0,0,0,0,0,1,0,0,0,0,0,0,0.04,Inf,Inf,Inf,0.045,0.045,0.035,0.04,0.030207021676025,8.42217534272012e-05,8.11553222884735e-14,1.27239770413285e-05,1.60854020078016,0.00012861505394455,0.214077485474845,453.10533024368,0.885636343300114,0.136344655374104,0.130734373117723,2403.8,387.84,320,320
0.392,0,0,0,0,0,0,0,0,0,0,0,0,0,1,0,0,0,0,0,0,0.04,Inf,Inf,Inf,0.045,0.045,0.035,0.04,0.0302389227925769,8.45646376338973e-05,8.13501853564251e-14,1.26841025092992e-05,1.60437930074277,0.000129025171561738,0.213319019532564,451.242145512878,0.885513558615603,0.136944997536249,0.130443853462553,2403.8,387.84,320,320
0.393,0,0,0,0,0,0,0,0,0,0,0,0,0,1,0,0,0,0,0,0,0.04,Inf,Inf,Inf,0.045,0.045,0.035,0.04,0.0303182339156814,8.46418010515479e-05,8.17715331743137e-14,1.26822019616459e-05,1.61088428327356,0.0001292194906575,0.213371168730881,449.088259964205,0.887970792232994,0.137081710637777,0.131062747706526,2403.8,387.84,320,320
0.394,0,0,0,0,0,0,0,0,0,0,0,0,0,1,0,0,0,0,0,0,0.04,Inf,Inf,Inf,0.045,0.045,0.035,0.04,0.0302950014743596,8.44426971207897e-05,8.22726795532368e-14,1.27235564791964e-05,1.61234529928578,0.000128982459835878,0.213137123725544,447.613539277587,0.887885531192917,0.136788040461585,0.130944391922641,2403.8,387.84,320,320
0.395,0,0,0,0,0,0,0,0,0,0,0,0,0,1,0,0,0,0,0,0,0.04,Inf,Inf,Inf,0.045,0.045,0.035,0.04,0.0302660029521555,8.46820006798932e-05,8.26757541862485e-14,1.2795907883128e-05,1.60850938179892,0.000129264142300229,0.212468724279387,447.533913577359,0.885472595472982,0.137135941557468,0.130671077352044,2403.8,387.84,320,320
0.396,0,0,0,0,0,0,0,0,0,0,0,0,0,1,0,0,0,0,0,0,0.04,Inf,Inf,Inf,0.045,0.045,0.035,0.04,0.0303715091859409,8.48372547402594e-05,8.28419521101743e-14,1.28745151465192e-05,1.612759447092,0.000129576279265123,0.212243528172262,449.008664977115,0.889324186611726,0.137393547050059,0.131201586724766,2403.8,387.84,320,320
0.397,0,0,0,0,0,0,0,0,0,0,0,0,0,1,0,0,0,0,0,0,0.04,Inf,Inf,Inf,0.045,0.045,0.035,0.04,0.0303757248159656,8.47034331472144e-05,8.27244492368485e-14,1.29322286258317e-05,1.61572257376016,0.000129445769807158,0.212122314194844,451.56714498179,0.889945573185587,0.137202139858611,0.131136377341181,2403.8,387.84,320,320
0.398,0,0,0,0,0,0,0,0,0,0,0,0,0,1,0,0,0,0,0,0,0.04,Inf,Inf,Inf,0.045,0.045,0.035,0.04,0.0302868923004827,8.47784694449177e-05,8.23865104048702e-14,1.29501293304391e-05,1.61316179182543,0.000129362420282518,0.211554564646563,454.303389733381,0.888043939086666,0.137294586656532,0.13088922628925,2403.8,387.84,320,320
0.399,0,0,0,0,0,0,0,0,0,0,0,0,0,1,0,0,0,0,0,0,0.04,Inf,Inf,Inf,0.045,0.045,0.035,0.04,0.0304163022447259,8.50100595127661e-05,8.19791654584218e-14,1.29247171926571e-05,1.61420585331989,0.000129787567693301,0.211046510400495,456.244538889279,0.890454499868546,0.137669969453583,0.131320319408147,2403.8,387.84,320,320
0.4,0,0,0,0,0,0,0,0,0,0,0,0,0,1,0,0,0,0,0,0,0.04,Inf,Inf,Inf,0.045,0.045,0.035,0.04,0.0304487379942413,8.4948664035274e-05,8.16844072933871e-14,1.28693570377957e-05,1.61864784304991,0.000129772241704335,0.211032784801223,456.731075097311,0.891796762859936,0.137591607503778,0.131312513961263,2403.8,387.84,320,320
0.401,0,0,0,0,0,0,0,0,0,0,0,0,0,1,0,0,0,0,0,0,0.04,Inf,Inf,Inf,0.045,0.045,0.035,0.04,0.0303777975244338,8.48565410263903e-05,8.16425841084084e-14,1.2809497499674e-05,1.61749916453945,0.000129418951704735,0.210576133916357,455.666968003489,0.890491452918809,0.137424640929355,0.131101158717395,2403.8,387.84,320,320
0.402,0,0,0,0,0,0,0,0,0,0,0,0,0,1,0,0,0,0,0,0,0.04,Inf,Inf,Inf,0.045,0.045,0.035,0.04,0.0304528026279223,8.51620258891147e-05,8.18932173944309e-14,1.27729795909539e-05,1.6152544107247,0.000129949749006034,0.209795886456635,453.560403698867,0.891377103249531,0.137913717539701,0.131428001461714,2403.8,387.84,320,320
0.403,0,0,0,0,0,0,0,0,0,0,0,0,0,1,0,0,0,0,0,0,0.04,Inf,Inf,Inf,0.045,0.045,0.035,0.04,0.0305138459058883,8.51788191772932e-05,8.23571501149844e-14,1.27787908733484e-05,1.62110783828286,0.000130055201030438,0.20988269394349,451.340959578971,0.89343352656102,0.13795706495809,0.131481162905474,2403.8,387.84,320,320
0.404,0,0,0,0,0,0,0,0,0,0,0,0,0,1,0,0,0,0,0,0,0.04,Inf,Inf,Inf,0.045,0.045,0.035,0.04,0.0304675599330661,8.49179682950589e-05,8.28693159191998e-14,1.28289770185047e-05,1.62146960750634,0.000129721134859514,0.209543655689797,450.004702389387,0.892793959775007,0.137566848841342,0.131314326739992,2403.8,387.84,320,320
0.405,0,0,0,0,0,0,0,0,0,0,0,0,0,1,0,0,0,0,0,0,0.04,Inf,Inf,Inf,0.045,0.045,0.035,0.04,0.0304809774801347,8.52846743109757e-05,8.32461560672722e-14,1.29076144793653e-05,1.61649518446778,0.000130195723994338,0.208758629948413,450.210383176352,0.889878464510634,0.138111386485219,0.131006098129915,2403.8,387.84,320,320
0.406,0,0,0,0,0,0,0,0,0,0,0,0,0,1,0,0,0,0,0,0,0.04,Inf,Inf,Inf,0.045,0.045,0.035,0.04,0.0305705541699013,8.53837584478081e-05,8.33576291175796e-14,1.29874099340043e-05,1.62310190052222,0.000130427848608248,0.208649661341539,451.997635586476,0.894847559687935,0.138282512271374,0.13162690115997,2403.8,387.84,320,320
0.407,0,0,0,0,0,0,0,0,0,0,0,0,0,1,0,0,0,0,0,0,0.04,Inf,Inf,Inf,0.045,0.045,0.035,0.04,0.0305519259958704,8.51861554731704e-05,8.31765677430056e-14,1.30407497465148e-05,1.62503008129416,0.000130199359839211,0.20843120764187,454.764548323686,0.894925818593862,0.137991834308096,0.13151253682177,2403.8,387.84,320,320
0.408,0,0,0,0,0,0,0,0,0,0,0,0,0,1,0,0,0,0,0,0,0.04,Inf,Inf,Inf,0.045,0.045,0.035,0.04,0.0305011803823402,8.53837826983537e-05,8.27896601545824e-14,1.30504281048643e-05,1.62127624579439,0.000130295727901511,0.207747575059675,457.51771100819,0.892477652959962,0.13827261533599,0.131225672932634,2403.8,387.84,320,320
0.409,0,0,0,0,0,0,0,0,0,0,0,0,0,1,0,0,0,0,0,0,0.04,Inf,Inf,Inf,0.045,0.045,0.035,0.04,0.0306182751265006,8.55663120019108e-05,8.23664928649209e-14,1.30161469078649e-05,1.62464188886509,0.000130653268557089,0.207340798265925,459.274132156369,0.89603501727833,0.13857293035962,0.131752535724787,2403.8,387.84,320,320
0.41,0,0,0,0,0,0,0,0,0,0,0,0,0,1,0,0,0,0,0,0,0.04,Inf,Inf,Inf,0.045,0.045,0.035,0.04,0.0306294953003124,8.54417007988348e-05,8.209514862845e-14,1.29547828957091e-05,1.62814677926555,0.000130542822868197,0.207241769112989,459.44243472342,0.896863804586349,0.138396635701153,0.131697230226836,2403.8,387.84,320,320
0.411,0,0,0,0,0,0,0,0,0,0,0,0,0,1,0,0,0,0,0,0,0.04,Inf,Inf,Inf,0.045,0.045,0.035,0.04,0.0305364198725787,8.546391999742e-05,8.21062654891511e-14,1.28942667708352e-05,1.62578434559128,0.000130350290391346,0.206672548309663,458.046303258488,0.89498390839749,0.138404915776516,0.131442525032781,2403.8,387.84,320,320
0.412,0,0,0,0,0,0,0,0,0,0,0,0,0,1,0,0,0,0,0,0,0.04,Inf,Inf,Inf,0.045,0.045,0.035,0.04,0.0306569478980841,8.57278494299748e-05,8.24172918714901e-14,1.28628179242418e-05,1.62575208044206,0.000130826153997063,0.205976609705574,455.721592459956,0.897004559049347,0.138830830887596,0.131866801659365,2403.8,387.84,320,320
0.413,0,0,0,0,0,0,0,0,0,0,0,0,0,1,0,0,0,0,0,0,0.04,Inf,Inf,Inf,0.045,0.045,0.035,0.04,0.030698900892672,8.56827699788816e-05,8.29239980759986e-14,1.28774031717944e-05,1.63079652652404,0.000130840428963813,0.205989243238285,453.485007199048,0.898593512073698,0.138778646317443,0.131874346866553,2403.8,387.84,320,320
0.414,0,0,0,0,0,0,0,0,0,0,0,0,0,1,0,0,0,0,0,0,0.04,Inf,Inf,Inf,0.045,0.045,0.035,0.04,0.0306302578513942,8.55195813557548e-05,8.34438869242775e-14,1.29364244652917e-05,1.62995768981584,0.000130500785773041,0.205542132238757,452.341353142336,0.897367683352193,0.138499514665577,0.131661125231342,2403.8,387.84,320,320
0.415,0,0,0,0,0,0,0,0,0,0,0,0,0,1,0,0,0,0,0,0,0.04,Inf,Inf,Inf,0.045,0.045,0.035,0.04,0.0306872175610314,8.5859882843447e-05,8.37903406936927e-14,1.30202534514673e-05,1.62647211689174,0.000131087575713926,0.204642651691357,452.870938528063,0.897764075334135,0.139042796734326,0.131324058737149,2403.8,387.84,320,320
0.416,0,0,0,0,0,0,0,0,0,0,0,0,0,1,0,0,0,0,0,0,0.04,Inf,Inf,Inf,0.045,0.045,0.035,0.04,0.0307594772084215,8.58989069106868e-05,8.38451758575993e-14,1.30993823446665e-05,1.63296928732823,0.000131232650403901,0.204654594908385,454.978213857132,0.900099309670223,0.139121423200321,0.132028725783555,2403.8,387.84,320,320
0.417,0,0,0,0,0,0,0,0,0,0,0,0,0,1,0,0,0,0,0,0,0.04,Inf,Inf,Inf,0.045,0.045,0.035,0.04,0.0307179659708537,8.56383883852023e-05,8.36032260320217e-14,1.31463058090271e-05,1.63374047546522,0.000130905786411101,0.204333576599226,457.92734050597,0.899593276632389,0.138732810236232,0.131865457885082,2403.8,387.84,320,320
0.418,0,0,0,0,0,0,0,0,0,0,0,0,0,1,0,0,0,0,0,0,0.04,Inf,Inf,Inf,0.045,0.045,0.035,0.04,0.0307098825902399,8.59689891427669e-05,8.31752484893892e-14,1.31461372060468e-05,1.62876623611311,0.000131201496151196,0.20353201810859,460.648244172322,0.896605891037701,0.139219419127267,0.131542951644065,2403.8,387.84,320,320
0.419,0,0,0,0,0,0,0,0,0,0,0,0,0,1,0,0,0,0,0,0,0.04,Inf,Inf,Inf,0.045,0.045,0.035,0.04,0.0308111207412207,8.60938024967594e-05,8.27478264226506e-14,1.31022314146823e-05,1.6346665245152,0.000131477293500493,0.20324383480926,462.16681641563,0.901370658158133,0.139431051296455,0.132163862134673,2403.8,387.84,320,320
0.42,0,0,0,0,0,0,0,0,0,0,0,0,0,1,0,0,0,0,0,0,0.04,Inf,Inf,Inf,0.045,0.045,0.035,0.04,0.0307986493875264,8.59018417768489e-05,8.25115961268429e-14,1.30351292037999e-05,1.63708445268094,0.000131263851525539,0.203046785212297,461.979746064615,0.901628303775751,0.139150074940596,0.132056884118746,2403.8,387.84,320,320
0.421,0,0,0,0,0,0,0,0,0,0,0,0,0,1,0,0,0,0,0,0,0.04,Inf,Inf,Inf,0.045,0.045,0.035,0.04,0.0307253406639703,8.60569485919363e-05,8.25831847056827e-14,1.29750304806814e-05,1.63344424074963,0.000131263817146008,0.202356288064301,460.244622652363,0.89916320716571,0.139363426666892,0.131759532439039,2403.8,387.84,320,320
0.422,0,0,0,0,0,0,0,0,0,0,0,0,0,1,0,0,0,0,0,0,0.04,Inf,Inf,Inf,0.045,0.045,0.035,0.04,0.0308537627353195,8.62675376675453e-05,8.29547557324604e-14,1.29500187346408e-05,1.63590177410932,0.00013166602214827,0.201771336227147,457.728477577328,0.902411568814959,0.139707672511117,0.132287186628388,2403.8,387.84,320,320
0.423,0,0,0,0,0,0,0,0,0,0,0,0,0,1,0,0,0,0,0,0,0.04,Inf,Inf,Inf,0.045,0.045,0.035,0.04,0.0308718164070324,8.61527562323734e-05,8.34963531547811e-14,1.2974417148615e-05,1.63995225466096,0.000131575360872543,0.201693964677829,455.52565633956,0.903453513652476,0.139547402892442,0.132242175287159,2403.8,387.84,320,320
0.424,0,0,0,0,0,0,0,0,0,0,0,0,0,1,0,0,0,0,0,0,0.04,Inf,Inf,Inf,0.045,0.045,0.035,0.04,0.0307779375250658,8.61168227106692e-05,8.4010172210468e-14,1.30425200568561e-05,1.63780157145979,0.000131420181062391,0.201125477438734,454.629362467392,0.90160538290205,0.139463700530302,0.131980473859111,2403.8,387.84,320,320
0.425,0,0,0,0,0,0,0,0,0,0,0,0,0,1,0,0,0,0,0,0,0.04,Inf,Inf,Inf,0.045,0.045,0.035,0.04,0.0308870634473631,8.64103587479966e-05,8.43104946139784e-14,1.3130888612869e-05,1.63670038551926,0.000131944626251365,0.20022064707079,455.51790888346,0.903223188300743,0.139935768040639,0.132384280135794,2403.8,387.84,320,320
0.426,0,0,0,0,0,0,0,0,0,0,0,0,0,1,0,0,0,0,0,0,0.04,Inf,Inf,Inf,0.045,0.045,0.035,0.04,0.0309366211487438,8.63794726181507e-05,8.42954211676961e-14,1.32080833998066e-05,1.64231950253432,0.000131986177870759,0.200253955263153,457.944240193164,0.9050470085891,0.139906294082004,0.132405226800092,2403.8,387.84,320,320
0.427,0,0,0,0,0,0,0,0,0,0,0,0,0,1,0,0,0,0,0,0,0.04,Inf,Inf,Inf,0.045,0.045,0.035,0.04,0.0308685301480895,8.61565254811364e-05,8.39853337796351e-14,1.32472416725786e-05,1.64177060072251,0.000131553103105204,0.199813792791952,461.03693366125,0.903892862925086,0.139412880623394,0.132188714876013,2403.8,387.84,320,320
0.428,0,0,0,0,0,0,0,0,0,0,0,0,0,1,0,0,0,0,0,0,0.04,Inf,Inf,Inf,0.045,0.045,0.035,0.04,0.0309108364413011,8.65274658531067e-05,8.35165964292703e-14,1.32363683283224e-05,1.6370939933484,0.000132069821008021,0.198882836806839,463.662551981176,0.903810135423709,0.140123864489695,0.131831743094674,2403.8,387.84,320,320
0.429,0,0,0,0,0,0,0,0,0,0,0,0,0,1,0,0,0,0,0,0,0.04,Inf,Inf,Inf,0.045,0.045,0.035,0.04,0.0309918858423521,8.65838422950204e-05,8.30916105470943e-14,1.31828783107145e-05,1.64417033724491,0.000132246728920351,0.198729493392047,464.878292968068,0.906389940144897,0.140229971754032,0.132547678560242,2403.8,387.84,320,320
0.43,0,0,0,0,0,0,0,0,0,0,0,0,0,1,0,0,0,0,0,0,0.04,Inf,Inf,Inf,0.045,0.045,0.035,0.04,0.0309528144010995,8.63194777739222e-05,8.28998418064198e-14,1.31110544564483e-05,1.64528911369822,0.00013192066557243,0.198419399105883,464.292221298658,0.905987475588887,0.139836174814905,0.13238444384547,2403.8,387.84,320,320
0.431,0,0,0,0,0,0,0,0,0,0,0,0,0,1,0,0,0,0,0,0,0.04,Inf,Inf,Inf,0.045,0.045,0.035,0.04,0.0309257065030903,8.66205362418031e-05,8.30390526650294e-14,1.30530298432172e-05,1.64027147394386,0.000132135617641478,0.197596913120764,462.211974120702,0.902909178459873,0.140274785692756,0.132045359898456,2403.8,387.84,320,320
0.432,0,0,0,0,0,0,0,0,0,0,0,0,0,1,0,0,0,0,0,0,0.04,Inf,Inf,Inf,0.045,0.045,0.035,0.04,0.0310368422427235,8.67658348533937e-05,8.34723716484048e-14,1.30360661907813e-05,1.6455006117164,0.000132445424373119,0.197138801159836,459.538173676995,0.907477420004133,0.140518662370641,0.13267732865807,2403.8,387.84,320,320
0.433,0,0,0,0,0,0,0,0,0,0,0,0,0,1,0,0,0,0,0,0,0.04,Inf,Inf,Inf,0.045,0.045,0.035,0.04,0.0310287564952563,8.65744621503885e-05,8.40432491438708e-14,1.30710753601734e-05,1.64830380348663,0.000132237681763065,0.196955633738805,457.428444991008,0.907861657852526,0.140239356823063,0.132573853508504,2403.8,387.84,320,320
0.434,0,0,0,0,0,0,0,0,0,0,0,0,0,1,0,0,0,0,0,0,0.04,Inf,Inf,Inf,0.045,0.045,0.035,0.04,0.0309328828523206,8.6682575499375e-05,8.45408767349835e-14,1.31477600096605e-05,1.64469204961992,0.000132294738215889,0.196253204121535,456.836844609262,0.905339955008682,0.140377397219597,0.132263207886075,2403.8,387.84,320,320
0.435,0,0,0,0,0,0,0,0,0,0,0,0,0,1,0,0,0,0,0,0,0.04,Inf,Inf,Inf,0.045,0.045,0.035,0.04,0.0310714125355497,8.69148912582685e-05,8.47847830617535e-14,1.32389088457539e-05,1.64632236582436,0.000132734962884525,0.195465375720905,458.11022393132,0.908301926105556,0.140755618283123,0.13277898267324,2403.8,387.84,320,320
0.436,0,0,0,0,0,0,0,0,0,0,0,0,0,1,0,0,0,0,0,0,0.04,Inf,Inf,Inf,0.045,0.045,0.035,0.04,0.0310949913857374,8.68041358838127e-05,8.46939647857951e-14,1.33116858364068e-05,1.65077697572484,0.000132656846916163,0.195400783695804,460.832691015373,0.909485767788749,0.14060222229336,0.132739835748658,2403.8,387.84,320,320
0.437,0,0,0,0,0,0,0,0,0,0,0,0,0,1,0,0,0,0,0,0,0.04,Inf,Inf,Inf,0.045,0.045,0.035,0.04,0.0309994301406002,8.67198844007888e-05,8.43174336025256e-14,1.33406701964146e-05,1.64871359365551,0.000132304526642807,0.194826685576143,464.000336949319,0.907610765823566,0.140441776239441,0.132467804317207,2403.8,387.84,320,320
0.438,0,0,0,0,0,0,0,0,0,0,0,0,0,1,0,0,0,0,0,0,0.04,Inf,Inf,Inf,0.045,0.045,0.035,0.04,0.0310958611922402,8.70355988361745e-05,8.38172998904987e-14,1.33175310556106e-05,1.64665855642929,0.000132865716813413,0.19376051663606,466.437923283999,0.908864452545173,0.14094831650307,0.132080987769684,2403.8,387.84,320,320
0.439,0,0,0,0,0,0,0,0,0,0,0,0,0,1,0,0,0,0,0,0,0.04,Inf,Inf,Inf,0.045,0.045,0.035,0.04,0.0311509695109282,8.70111400758695e-05,8.34084218160383e-14,1.32542214456343e-05,1.65268441556195,0.000132922898320788,0.193759274085177,467.26454802754,0.910837814765139,0.14092925411848,0.132885043392503,2403.8,387.84,320,320
0.44,0,0,0,0,0,0,0,0,0,0,0,0,0,1,0,0,0,0,0,0,0.04,Inf,Inf,Inf,0.045,0.045,0.035,0.04,0.0310818490385578,8.67364530267076e-05,8.32731364015562e-14,1.31787408102106e-05,1.6522694863399,0.000132474886767386,0.193318119262483,466.227740886883,0.909681926514597,0.140415010640865,0.132660813070215,2403.8,387.84,320,320
0.441,0,0,0,0,0,0,0,0,0,0,0,0,0,1,0,0,0,0,0,0,0.04,Inf,Inf,Inf,0.045,0.045,0.035,0.04,0.0311103214531685,8.71292895253465e-05,8.34842688432418e-14,1.31245729368272e-05,1.64654432916179,0.000132928548871687,0.192352830244985,463.800639726891,0.909179754214925,0.14109887792277,0.132282224109932,2403.8,387.84,320,320
0.442,0,0,0,0,0,0,0,0,0,0,0,0,0,1,0,0,0,0,0,0,0.04,Inf,Inf,Inf,0.045,0.045,0.035,0.04,0.0311964049909866,8.71945270472982e-05,8.39726609542566e-14,1.31172128374695e-05,1.65401688641686,0.000133121857233195,0.192045809589832,461.013628576788,0.911910729652173,0.141219020900872,0.133016078677562,2403.8,387.84,320,320
0.443,0,0,0,0,0,0,0,0,0,0,0,0,0,1,0,0,0,0,0,0,0.04,Inf,Inf,Inf,0.045,0.045,0.035,0.04,0.0311564838875181,8.69196801584001e-05,8.455630561243e-14,1.31632816676754e-05,1.65530568676379,0.000132784111064558,0.191737019896166,459.064065201,0.91152687498136,0.140809357715591,0.132847476355238,2403.8,387.84,320,320
0.444,0,0,0,0,0,0,0,0,0,0,0,0,0,1,0,0,0,0,0,0,0.04,Inf,Inf,Inf,0.045,0.045,0.035,0.04,0.0311147706331293,8.71882355393057e-05,8.50162535936336e-14,1.32475096293144e-05,1.65011299340985,0.000133083285656408,0.190887988934011,458.832113332936,0.90829911754023,0.141194989817984,0.132488741762395,2403.8,387.84,320,320
0.445,0,0,0,0,0,0,0,0,0,0,0,0,0,1,0,0,0,0,0,0,0.04,Inf,Inf,Inf,0.045,0.045,0.035,0.04,0.0312308005955302,8.73436714038745e-05,8.51837178069734e-14,1.33391958369232e-05,1.65477980457462,0.00013341388136264,0.190243993678332,460.503132519417,0.912695846925443,0.141454675653095,0.133117736464241,2403.8,387.84,320,320
0.446,0,0,0,0,0,0,0,0,0,0,0,0,0,1,0,0,0,0,0,0,0.04,Inf,Inf,Inf,0.045,0.045,0.035,0.04,0.0312224546244673,8.71451153445006e-05,8.50041871441382e-14,1.34048869308444e-05,1.65778153748277,0.000133200902525522,0.19006316891102,463.481934441399,0.913116972610425,0.141164494031281,0.133011250722482,2403.8,387.84,320,320
0.447,0,0,0,0,0,0,0,0,0,0,0,0,0,1,0,0,0,0,0,0,0.04,Inf,Inf,Inf,0.045,0.045,0.035,0.04,0.0311096950300253,8.72192502930778e-05,8.45582152653179e-14,1.34215313461147e-05,1.65405125728326,0.000133081204908226,0.189342669829265,466.645430895515,0.910472830861869,0.141247673685627,0.132683844439979,2403.8,387.84,320,320
0.448,0,0,0,0,0,0,0,0,0,0,0,0,0,1,0,0,0,0,0,0,0.04,Inf,Inf,Inf,0.045,0.045,0.035,0.04,0.0312537288317073,8.74636253097908e-05,8.40328930065524e-14,1.33851868369934e-05,1.65499112512949,0.000133542959540065,0.188362500742976,468.805937908635,0.913192170117744,0.141644561727133,0.133194478119462,2403.8,387.84,320,320
0.449,0,0,0,0,0,0,0,0,0,0,0,0,0,1,0,0,0,0,0,0,0.04,Inf,Inf,Inf,0.045,0.045,0.035,0.04,0.0312784488040039,8.73488604251808e-05,8.36512524876234e-14,1.33125993005775e-05,1.65966891608976,0.000133463909260231,0.18830020273837,469.176737448465,0.914429228644931,0.141485123720903,0.13315466322447,2403.8,387.84,320,320
0.45,0,0,0,0,0,0,0,0,0,0,0,0,0,1,0,0,0,0,0,0,0.04,Inf,Inf,Inf,0.045,0.045,0.035,0.04,0.0311778692407508,8.72259405432536e-05,8.35823619843839e-14,1.32351583078288e-05,1.65754304882944,0.000133015541794164,0.187714028444937,467.668043941084,0.912459218451945,0.141262656301657,0.13286826114504,2403.8,387.84,320,320
0.451,0,0,0,0,0,0,0,0,0,0,0,0,0,1,0,0,0,0,0,0,0.04,Inf,Inf,Inf,0.045,0.045,0.035,0.04,0.0312653914958781,8.75547751868293e-05,8.38689313911933e-14,1.31868818360721e-05,1.65468224967225,0.000133598148783653,0.186602302381662,464.924594973451,0.91341144339042,0.141789355792472,0.132456450486016,2403.8,387.84,320,320
0.452,0,0,0,0,0,0,0,0,0,0,0,0,0,1,0,0,0,0,0,0,0.04,Inf,Inf,Inf,0.045,0.045,0.035,0.04,0.0313233356318437,8.7529435468428e-05,8.44078063118493e-14,1.31905175240304e-05,1.66095282181009,0.000133657137712566,0.18646228492784,462.092487621927,0.915454199085166,0.141769021821976,0.133284019874919,2403.8,387.84,320,320
0.453,0,0,0,0,0,0,0,0,0,0,0,0,0,1,0,0,0,0,0,0,0.04,Inf,Inf,Inf,0.045,0.045,0.035,0.04,0.0312513869279193,8.71968292070058e-05,8.49933486165065e-14,1.32471990529456e-05,1.66056850656235,0.000133186179198428,0.186012035432698,460.380204546437,0.914257248178458,0.141227256827801,0.133047697561821,2403.8,387.84,320,320
0.454,0,0,0,0,0,0,0,0,0,0,0,0,0,1,0,0,0,0,0,0,0.04,Inf,Inf,Inf,0.045,0.045,0.035,0.04,0.0312662739952729,8.74637968059349e-05,8.54037926215405e-14,1.33369842970888e-05,1.65389736107009,0.00013373785551457,0.184782614334053,460.555585623372,0.913274862356856,0.141646287689351,0.132566607429746,2403.8,387.84,320,320
0.455,0,0,0,0,0,0,0,0,0,0,0,0,0,1,0,0,0,0,0,0,0.04,Inf,Inf,Inf,0.045,0.045,0.035,0.04,0.0313558175327195,8.70913445055215e-05,8.5486484946151e-14,1.34261889283949e-05,1.66163471620085,0.000133940019442631,0.18343997455248,462.618812972668,0.915834962684133,0.141066345104247,0.133004236316768,2403.8,387.84,320,320
0.456,0,0,0,0,0,0,0,0,0,0,0,0,0,1,0,0,0,0,0,0,0.04,Inf,Inf,Inf,0.045,0.045,0.035,0.04,0.031313698487225,8.67334091748463e-05,8.52168308340878e-14,1.34815306358674e-05,1.66297178989476,0.000133587044992612,0.182486785747936,465.792021523195,0.915021299141566,0.139352007528425,0.133033128603887,2403.8,387.84,320,320
0.457,0,0,0,0,0,0,0,0,0,0,0,0,0,1,0,0,0,0,0,0,0.04,Inf,Inf,Inf,0.045,0.045,0.035,0.04,0.0312567900164187,8.66543094465618e-05,8.47079224885711e-14,1.34831693145574e-05,1.65751986008915,0.000133735267928555,0.182195744900002,468.851855725585,0.911214446360502,0.140386660407636,0.133238922670988,2403.8,387.84,320,320
0.458,0,0,0,0,0,0,0,0,0,0,0,0,0,1,0,0,0,0,0,0,0.04,Inf,Inf,Inf,0.045,0.045,0.035,0.04,0.0313752257821822,8.66964611490118e-05,8.41707424433431e-14,1.34321452630037e-05,1.66170113266177,0.000134080804738935,0.180941589634628,470.628392189419,0.911410806376372,0.139359025482422,0.132909957883947,2403.8,387.84,320,320
0.459,0,0,0,0,0,0,0,0,0,0,0,0,0,1,0,0,0,0,0,0,0.04,Inf,Inf,Inf,0.045,0.045,0.035,0.04,0.0313641226871634,8.78877057125101e-05,8.38303289124869e-14,1.33499623239045e-05,1.66478035908997,0.00013385697437588,0.177963135830038,470.46184571123,0.909813654796351,0.137276010608873,0.131834949439131,2403.8,387.84,320,320
0.46,0,0,0,0,0,0,0,0,0,0,0,0,0,1,0,0,0,0,0,0,0.04,Inf,Inf,Inf,0.045,0.045,0.035,0.04,0.031240756645299,8.89924288527037e-05,8.38375612953913e-14,1.3271263479983e-05,1.6608448732967,0.000133655925164005,0.17620807826909,468.445531272788,0.905506745544912,0.143971762905023,0.131888560032012,2403.8,387.84,320,320
0.461,0,0,0,0,0,0,0,0,0,0,0,0,0,1,0,0,0,0,0,0,0.04,Inf,Inf,Inf,0.045,0.045,0.035,0.04,0.031387648534086,8.95697050679334e-05,8.42007493340544e-14,1.32302152340379e-05,1.66128938826803,0.000134127067544659,0.177042883131866,465.400947183753,0.909662945906271,0.144899342035793,0.132308005605968,2403.8,387.84,320,320
0.462,0,0,0,0,0,0,0,0,0,0,0,0,0,1,0,0,0,0,0,0,0.04,Inf,Inf,Inf,0.045,0.045,0.035,0.04,0.0314110852484062,8.93900256715276e-05,8.47797953357751e-14,1.32465603651986e-05,1.66606602022839,0.000134042369094657,0.176816451137956,462.593472378406,0.908440902316817,0.144634476433418,0.13221446716191,2403.8,387.84,320,320
0.463,0,0,0,0,0,0,0,0,0,0,0,0,0,1,0,0,0,0,0,0,0.04,Inf,Inf,Inf,0.045,0.045,0.035,0.04,0.0313027352354031,8.89312499342649e-05,8.53534123228082e-14,1.33168039845655e-05,1.66378933316511,0.000133673377347357,0.174647943017747,461.178584231866,0.904415309634685,0.143503621089603,0.131405887044743,2403.8,387.84,320,320
0.464,0,0,0,0,0,0,0,0,0,0,0,0,0,1,0,0,0,0,0,0,0.04,Inf,Inf,Inf,0.045,0.045,0.035,0.04,0.0313856617688886,9.10091718601244e-05,8.56992693802455e-14,1.34153394688118e-05,1.66021051836111,0.000134275059892774,0.170310128377271,461.804667106562,0.914427046259697,0.146822775661674,0.129939560100703,2403.8,387.84,320,320
0.465,0,0,0,0,0,0,0,0,0,0,0,0,0,1,0,0,0,0,0,0,0.04,Inf,Inf,Inf,0.045,0.045,0.035,0.04,0.0314439844944795,9.22085248215326e-05,8.56876079217272e-14,1.35057059470924e-05,1.66665543921669,0.000134332675913248,0.164392085733223,464.268848307864,0.914993190991422,0.148769712850017,0.128142085111937,2403.8,387.84,320,320
0.466,0,0,0,0,0,0,0,0,0,0,0,0,0,1,0,0,0,0,0,0,0.04,Inf,Inf,Inf,0.045,0.045,0.035,0.04,0.0313663896071427,9.24565045184977e-05,8.5327774988861e-14,1.35551758033333e-05,1.66616631558354,0.000133834429673732,0.159644174852848,467.617341225776,0.912250757870142,0.149208098745195,0.126653086760504,2403.8,387.84,320,320
0.467,0,0,0,0,0,0,0,0,0,0,0,0,0,1,0,0,0,0,0,0,0.04,Inf,Inf,Inf,0.045,0.045,0.035,0.04,0.0313699633699393,9.20261610865646e-05,8.47657575178301e-14,1.35472349751841e-05,1.6590039971499,0.000134247663487897,0.158948786760631,470.549456057257,0.907190917807493,0.143340043744133,0.126388346292883,2403.8,387.84,320,320
0.468,0,0,0,0,0,0,0,0,0,0,0,0,0,1,0,0,0,0,0,0,0.04,Inf,Inf,Inf,0.045,0.045,0.035,0.04,0.0314628490023093,9.14346661255262e-05,8.42309568136214e-14,1.34876501268726e-05,1.66661906519593,0.000134451310990141,0.156241950358486,471.942740512712,0.914382089607125,0.145941332763556,0.125632488693545,2403.8,387.84,320,320
0.469,0,0,0,0,0,0,0,0,0,0,0,0,0,1,0,0,0,0,0,0,0.04,Inf,Inf,Inf,0.045,0.045,0.035,0.04,0.0314187837164559,9.124873644343e-05,8.39469623717181e-14,1.34024871414931e-05,1.66796311765904,0.000134076312034969,0.152595622988959,471.281761167702,0.91323606166984,0.146980112198468,0.124753668606182,2403.8,387.84,320,320
0.47,0,0,0,0,0,0,0,0,0,0,0,0,0,1,0,0,0,0,0,0,0.04,Inf,Inf,Inf,0.045,0.045,0.035,0.04,0.0313499744247399,9.31293613335155e-05,8.4038447893566e-14,1.3328437998787e-05,1.66223013369494,0.000134151046040225,0.154665453849181,468.84975722382,0.909095861907557,0.150218895327096,0.126652254898063,2403.8,387.84,320,320
0.471,0,0,0,0,0,0,0,0,0,0,0,0,0,1,0,0,0,0,0,0,0.04,Inf,Inf,Inf,0.045,0.045,0.035,0.04,0.0314748170121564,9.46012892267503e-05,8.44762954187182e-14,1.32983428900842e-05,1.66612861346771,0.000134498271108275,0.157911064693432,465.630461366539,0.912628522454901,0.152586349509293,0.127584720110272,2403.8,387.84,320,320
0.472,0,0,0,0,0,0,0,0,0,0,0,0,0,1,0,0,0,0,0,0,0.04,Inf,Inf,Inf,0.045,0.045,0.035,0.04,0.0314653857095937,9.51598353754978e-05,8.50895934116312e-14,1.33273616988388e-05,1.66931276652732,0.000134257801975794,0.160056292644946,462.942764770103,0.912572773694674,0.153515285845698,0.128126423979657,2403.8,387.84,320,320
0.473,0,0,0,0,0,0,0,0,0,0,0,0,0,1,0,0,0,0,0,0,0.04,Inf,Inf,Inf,0.045,0.045,0.035,0.04,0.031326751874457,9.69256584652196e-05,8.56389138028172e-14,1.34069519871273e-05,1.66516052602548,0.000134174715130582,0.160136286222518,461.91608665146,0.909119820310631,0.156150666242748,0.128056752491663,2403.8,387.84,320,320
0.474,0,0,0,0,0,0,0,0,0,0,0,0,0,1,0,0,0,0,0,0,0.04,Inf,Inf,Inf,0.045,0.045,0.035,0.04,0.031475030055894,9.83087185311442e-05,8.59120153584045e-14,1.35067877020663e-05,1.66499208049621,0.000134666589535818,0.158261775477036,463.01542634654,0.917196867370606,0.158371096232386,0.127482133313071,2403.8,387.84,320,320
0.475,0,0,0,0,0,0,0,0,0,0,0,0,0,1,0,0,0,0,0,0,0.04,Inf,Inf,Inf,0.045,0.045,0.035,0.04,0.0315008951124438,9.91391424741115e-05,8.58072061081143e-14,1.35893685813182e-05,1.66995993134648,0.000134573734394233,0.157140113621353,465.830026626946,0.91804605365469,0.159731925713627,0.126898546412885,2403.8,387.84,320,320
0.476,0,0,0,0,0,0,0,0,0,0,0,0,0,1,0,0,0,0,0,0,0.04,Inf,Inf,Inf,0.045,0.045,0.035,0.04,0.0313903138644087,9.94672688629373e-05,8.53693715258766e-14,1.36243904990985e-05,1.66759711421552,0.000134008979723746,0.159371894463031,469.252662029669,0.915451753785617,0.154181414786597,0.127441512219761,2403.8,387.84,320,320
0.477,0,0,0,0,0,0,0,0,0,0,0,0,0,1,0,0,0,0,0,0,0.04,Inf,Inf,Inf,0.045,0.045,0.035,0.04,0.0314629711274613,9.94746113474504e-05,8.47747225103709e-14,1.36002076633303e-05,1.66330625330499,0.000134625230864255,0.160869262515409,471.944572450097,0.918511709883173,0.157289940112187,0.127893767723798,2403.8,387.84,320,320
0.478,0,0,0,0,0,0,0,0,0,0,0,0,0,1,0,0,0,0,0,0,0.04,Inf,Inf,Inf,0.045,0.045,0.035,0.04,0.031524703729095,9.93906390385604e-05,8.42647906933825e-14,1.35281914022062e-05,1.66998639009042,0.000134679338041506,0.161753770407063,472.870561434696,0.921622195102425,0.159497320779352,0.128374267678204,2403.8,387.84,320,320
0.479,0,0,0,0,0,0,0,0,0,0,0,0,0,1,0,0,0,0,0,0,0.04,Inf,Inf,Inf,0.045,0.045,0.035,0.04,0.0314457546642478,9.97562451240217e-05,8.40532913558894e-14,1.34389120981657e-05,1.66948542234264,0.000134159017806045,0.162227983970525,471.686325399645,0.920995800161699,0.160737590565633,0.128967545483135,2403.8,387.84,320,320
0.48,0,0,0,0,0,0,0,0,0,0,0,0,0,1,0,0,0,0,0,0,0.04,Inf,Inf,Inf,0.045,0.045,0.035,0.04,0.0314416349261541,0.000100026622094339,8.42325104443787e-14,1.33701704024839e-05,1.66201974136503,0.00013451483721189,0.162475450077456,468.871236564901,0.917162567888909,0.158267380507344,0.129675276900688,2403.8,387.84,320,320
0.481,0,0,0,0,0,0,0,0,0,0,0,0,0,1,0,0,0,0,0,0,0.04,Inf,Inf,Inf,0.045,0.045,0.035,0.04,0.031536778376865,0.000100050053341245,8.47344649046262e-14,1.3351998927761e-05,1.66946717736095,0.000134724449552971,0.162553727237639,465.554834972435,0.922114596063083,0.159233456805971,0.13039687215958,2403.8,387.84,320,320
0.482,0,0,0,0,0,0,0,0,0,0,0,0,0,1,0,0,0,0,0,0,0.04,Inf,Inf,Inf,0.045,0.045,0.035,0.04,0.0314901616012449,0.00010003658752208,8.53619005510587e-14,1.33933765804443e-05,1.67087790004079,0.000134327763265361,0.162372591835266,463.079220538827,0.922740788843664,0.159480008694762,0.130957890696084,2403.8,387.84,320,320
0.483,0,0,0,0,0,0,0,0,0,0,0,0,0,1,0,0,0,0,0,0,0.04,Inf,Inf,Inf,0.045,0.045,0.035,0.04,0.0314116664262109,0.000100091073632875,8.58628671395939e-14,1.3479050491022e-05,1.66491265014143,0.000134543056368336,0.161772352125609,462.502606513302,0.919735770783106,0.160791806213625,0.129956730974452,2403.8,387.84,320,320
0.484,0,0,0,0,0,0,0,0,0,0,0,0,0,1,0,0,0,0,0,0,0.04,Inf,Inf,Inf,0.045,0.045,0.035,0.04,0.0315382884473077,0.000100194135528051,8.60440651623512e-14,1.35755344274821e-05,1.66842270093172,0.000134900949836648,0.162025360654226,464.079086210956,0.921313804433953,0.160051623557511,0.130772702956598,2403.8,387.84,320,320
0.485,0,0,0,0,0,0,0,0,0,0,0,0,0,1,0,0,0,0,0,0,0.04,Inf,Inf,Inf,0.045,0.045,0.035,0.04,0.0315267750675163,0.000100220718765278,8.58354055895351e-14,1.36450974023617e-05,1.67169234383069,0.000134651376187381,0.161875984711504,467.187205969821,0.922226162527326,0.158842125286234,0.131425801902602,2403.8,387.84,320,320
0.486,0,0,0,0,0,0,0,0,0,0,0,0,0,1,0,0,0,0,0,0,0.04,Inf,Inf,Inf,0.045,0.045,0.035,0.04,0.0313816491726222,0.000100015729227411,8.53184691497907e-14,1.3660850158372e-05,1.66739192656508,0.000134381085472971,0.161195302207852,470.585507910865,0.919572002802105,0.161319255624884,0.131748771578342,2403.8,387.84,320,320
0.487,0,0,0,0,0,0,0,0,0,0,0,0,0,1,0,0,0,0,0,0,0.04,Inf,Inf,Inf,0.045,0.045,0.035,0.04,0.0315286755258461,9.94796355067178e-05,8.4697849480383e-14,1.36169288236921e-05,1.66677407107417,0.000134884889271481,0.159837988030086,472.930138444209,0.920614097293316,0.160471748476737,0.131631185643429,2403.8,387.84,320,320
0.488,0,0,0,0,0,0,0,0,0,0,0,0,0,1,0,0,0,0,0,0,0.04,Inf,Inf,Inf,0.045,0.045,0.035,0.04,0.0315535589876242,9.91601210210985e-05,8.42244583964464e-14,1.35307971977665e-05,1.67188647680829,0.000134787486630813,0.157749304620331,473.303390319891,0.921721841141321,0.15913264171639,0.131075388627842,2403.8,387.84,320,320
0.489,0,0,0,0,0,0,0,0,0,0,0,0,0,1,0,0,0,0,0,0,0.04,Inf,Inf,Inf,0.045,0.045,0.035,0.04,0.0314371342042484,9.93930992904631e-05,8.40945740280822e-14,1.34370320734085e-05,1.66941112097587,0.000134143688896485,0.155339530588575,471.557018501266,0.919392783086612,0.160300161969112,0.130685987430907,2403.8,387.84,320,320
0.49,0,0,0,0,0,0,0,0,0,0,0,0,0,1,0,0,0,0,0,0,0.04,Inf,Inf,Inf,0.045,0.045,0.035,0.04,0.0315071636626009,9.93090071431727e-05,8.43655064637355e-14,1.3374177194603e-05,1.66463226636931,0.000134777414452761,0.154872227609146,468.370529273563,0.920144717635828,0.160171142521259,0.13084581716568,2403.8,387.84,320,320
0.491,0,0,0,0,0,0,0,0,0,0,0,0,0,1,0,0,0,0,0,0,0.04,Inf,Inf,Inf,0.045,0.045,0.035,0.04,0.0315691071895757,9.885759187422e-05,8.49295202787155e-14,1.33690100633276e-05,1.67148659133732,0.000134833347792292,0.153826999051393,465.007722993226,0.921937556563064,0.15946736162533,0.130616934707784,2403.8,387.84,320,320
0.492,0,0,0,0,0,0,0,0,0,0,0,0,0,1,0,0,0,0,0,0,0.04,Inf,Inf,Inf,0.045,0.045,0.035,0.04,0.031485540265036,9.84004292600595e-05,8.55603277136744e-14,1.34249135229178e-05,1.67093246680858,0.000134289569848943,0.152163327712079,462.833614414478,0.92031049652683,0.158336330925621,0.130066355618125,2403.8,387.84,320,320
0.493,0,0,0,0,0,0,0,0,0,0,0,0,0,1,0,0,0,0,0,0,0.04,Inf,Inf,Inf,0.045,0.045,0.035,0.04,0.0314753509598092,9.8835717656027e-05,8.6007715519685e-14,1.35202444431648e-05,1.66314405069946,0.000134817104324584,0.150050897882113,462.753633181711,0.915784312022673,0.159382932397237,0.129377178902976,2403.8,387.84,320,320
0.494,0,0,0,0,0,0,0,0,0,0,0,0,0,1,0,0,0,0,0,0,0.04,Inf,Inf,Inf,0.045,0.045,0.035,0.04,0.0315732056974583,9.88646007432917e-05,8.60961641145435e-14,1.36176189881897e-05,1.67050539035738,0.000135031393068866,0.148963837175498,464.818018317095,0.922309465784919,0.159445428968085,0.129917551058277,2403.8,387.84,320,320
0.495,0,0,0,0,0,0,0,0,0,0,0,0,0,1,0,0,0,0,0,0,0.04,Inf,Inf,Inf,0.045,0.045,0.035,0.04,0.0315250663121391,9.85159493983531e-05,8.57904580591191e-14,1.36793321435269e-05,1.67191906535067,0.000134622209722103,0.148481186247021,468.195008077235,0.921752758660196,0.158917183752559,0.129697500383521,2403.8,387.84,320,320
0.496,0,0,0,0,0,0,0,0,0,0,0,0,0,1,0,0,0,0,0,0,0.04,Inf,Inf,Inf,0.045,0.045,0.035,0.04,0.0314352532638979,9.86357487671968e-05,8.52091527230049e-14,1.36820110210555e-05,1.66569916363181,0.000134664507694023,0.147450480818908,471.528804547332,0.917918230669064,0.159066865391859,0.129294111574422,2403.8,387.84,320,320
0.497,0,0,0,0,0,0,0,0,0,0,0,0,0,1,0,0,0,0,0,0,0.04,Inf,Inf,Inf,0.045,0.045,0.035,0.04,0.0315665252592516,9.88323359036956e-05,8.45822016802094e-14,1.36252846646755e-05,1.66896653133367,0.000135034845416106,0.146091647325216,473.497884453835,0.922263261871577,0.159393370739164,0.128909766472101,2403.8,387.84,320,320
0.498,0,0,0,0,0,0,0,0,0,0,0,0,0,1,0,0,0,0,0,0,0.04,Inf,Inf,Inf,0.045,0.045,0.035,0.04,0.0315551172197963,9.86171695401407e-05,8.41633478021655e-14,1.3532029637178e-05,1.67234424078808,0.000134774589564118,0.145876276757684,473.326763803808,0.922846902558246,0.159076886916413,0.129789788524825,2403.8,387.84,320,320
0.499,0,0,0,0,0,0,0,0,0,0,0,0,0,1,0,0,0,0,0,0,0.04,Inf,Inf,Inf,0.045,0.045,0.035,0.04,0.0314048804134029,9.87003679726433e-05,8.41261517607152e-14,1.34400678744574e-05,1.66788158222835,0.000134423577877109,0.145122257144216,471.073211638515,0.919857344590515,0.159194236811881,0.129451696676494,2403.8,387.84,320,320
0.5,0,0,0,0,0,0,0,0,0,0,0,0,0,1,0,0,0,0,0,0,0.04,Inf,Inf,Inf,0.045,0.045,0.035,0.04,0.0315495298660523,9.88722863882826e-05,8.4488251935703e-14,1.33875322444153e-05,1.66690687232015,0.000134941949853638,0.144570064731768,467.612242560434,0.921736401305759,0.159476939602512,0.130334354047546,2403.8,387.84,320,320
0.501,0,0,0,0,0,0,0,0,0,0,0,0,0,1,0,0,0,0,0,0,0.04,Inf,Inf,Inf,0.045,0.045,0.035,0.04,0.0315755547855664,9.86334771125744e-05,8.51027211624177e-14,1.33970322611729e-05,1.67219296166135,0.000134838795783171,0.144206634922711,464.31824061677,0.923299888551291,0.159118701600598,0.130223064337973,2403.8,387.84,320,320
0.502,0,0,0,0,0,0,0,0,0,0,0,0,0,1,0,0,0,0,0,0,0.04,Inf,Inf,Inf,0.045,0.045,0.035,0.04,0.031455000271494,9.88225725085404e-05,8.57214931218688e-14,1.34657081975066e-05,1.66963193755929,0.00013434292145407,0.143322472816791,462.530500198572,0.92115440339491,0.159415197580935,0.130513071990076,2403.8,387.84,320,320
0.503,0,0,0,0,0,0,0,0,0,0,0,0,0,1,0,0,0,0,0,0,0.04,Inf,Inf,Inf,0.045,0.045,0.035,0.04,0.0315221551193443,9.89522651276227e-05,8.60979121683103e-14,1.35663748257066e-05,1.66437734003498,0.000135000332377293,0.143258380047688,462.993105747324,0.920920686255883,0.15962665029657,0.130781217101605,2403.8,387.84,320,320
0.504,0,0,0,0,0,0,0,0,0,0,0,0,0,1,0,0,0,0,0,0,0.04,Inf,Inf,Inf,0.045,0.045,0.035,0.04,0.0315858761298081,9.86791819704277e-05,8.60825419088631e-14,1.36591706718365e-05,1.6714640250644,0.000135061053336473,0.142705510571829,465.525090216284,0.923294957787811,0.15920964251955,0.130687270778095,2403.8,387.84,320,320
0.505,0,0,0,0,0,0,0,0,0,0,0,0,0,1,0,0,0,0,0,0,0.04,Inf,Inf,Inf,0.045,0.045,0.035,0.04,0.0314989310126588,9.87190592790656e-05,8.56785579672906e-14,1.3707822453388e-05,1.67089974141888,0.00013449902056847,0.141537995334298,469.096256059309,0.921965166437622,0.158286639133684,0.130273771221756,2403.8,387.84,320,320
0.506,0,0,0,0,0,0,0,0,0,0,0,0,0,1,0,0,0,0,0,0,0.04,Inf,Inf,Inf,0.045,0.045,0.035,0.04,0.0314845691514466,9.89205624880908e-05,8.50415260251269e-14,1.3693576836848e-05,1.66282836698761,0.000134865823302247,0.140943361694659,472.268542876893,0.917452240901217,0.159587460079139,0.130920284170454,2403.8,387.84,320,320
0.507,0,0,0,0,0,0,0,0,0,0,0,0,0,1,0,0,0,0,0,0,0.04,Inf,Inf,Inf,0.045,0.045,0.035,0.04,0.0315853561106665,9.87225160121643e-05,8.44231482874742e-14,1.36221445986178e-05,1.67017006479213,0.000135090582744784,0.14048243699034,473.780347230091,0.923057651889299,0.159286904877003,0.130913504277931,2403.8,387.84,320,320
0.508,0,0,0,0,0,0,0,0,0,0,0,0,0,1,0,0,0,0,0,0,0.04,Inf,Inf,Inf,0.045,0.045,0.035,0.04,0.0315352064162364,9.84192784060027e-05,8.40737571181904e-14,1.35217924549295e-05,1.67164516912411,0.000134669806467851,0.139407353525733,473.028101748092,0.922577623486492,0.158426635959512,0.130556811296991,2403.8,387.84,320,320
0.509,0,0,0,0,0,0,0,0,0,0,0,0,0,1,0,0,0,0,0,0,0.04,Inf,Inf,Inf,0.045,0.045,0.035,0.04,0.0314379238516212,9.87599836568473e-05,8.4137866181494e-14,1.34329709325891e-05,1.66521207307356,0.000134641716218374,0.137882791140378,470.288853787737,0.918651715302719,0.159336191418518,0.130855498029164,2403.8,387.84,320,320
0.51,0,0,0,0,0,0,0,0,0,0,0,0,0,1,0,0,0,0,0,0,0.04,Inf,Inf,Inf,0.045,0.045,0.035,0.04,0.0315737589617118,9.87105748343788e-05,8.45901554613967e-14,1.33923960897735e-05,1.66833645349916,0.000135024584371125,0.137656313333212,466.625758668366,0.9226427819258,0.159269471793552,0.130966613229449,2403.8,387.84,320,320
0.511,0,0,0,0,0,0,0,0,0,0,0,0,0,1,0,0,0,0,0,0,0.04,Inf,Inf,Inf,0.045,0.045,0.035,0.04,0.0315622688055405,9.82681491421779e-05,8.52459044056971e-14,1.34175358291955e-05,1.67184004122521,0.000134755551732576,0.13685463789204,463.496434690016,0.923090429656616,0.15858844944097,0.130716389968477,2403.8,387.84,320,320
0.512,0,0,0,0,0,0,0,0,0,0,0,0,0,1,0,0,0,0,0,0,0.04,Inf,Inf,Inf,0.045,0.045,0.035,0.04,0.0314068946575216,9.85283232418926e-05,8.58403866964764e-14,1.34988083079657e-05,1.66723232455847,0.000134575892947967,0.135447713529961,462.175561439796,0.919889229266674,0.158972300918744,0.13021050120014,2403.8,387.84,320,320
0.513,0,0,0,0,0,0,0,0,0,0,0,0,0,1,0,0,0,0,0,0,0.04,Inf,Inf,Inf,0.045,0.045,0.035,0.04,0.0315516226168581,9.86330564833348e-05,8.61368007699561e-14,1.3603694876879e-05,1.66600168690522,0.000135112107792864,0.134666302911286,463.212100275219,0.921991358424088,0.159147671604172,0.130976163013054,2403.8,387.84,320,320
0.514,0,0,0,0,0,0,0,0,0,0,0,0,0,1,0,0,0,0,0,0,0.04,Inf,Inf,Inf,0.045,0.045,0.035,0.04,0.0315792390264691,9.83207613734756e-05,8.60168207133355e-14,1.36905712097516e-05,1.67147003649987,0.000135005830937446,0.134136009110455,466.182126182153,0.923416878838568,0.158672330373933,0.130837301869643,2403.8,387.84,320,320
0.515,0,0,0,0,0,0,0,0,0,0,0,0,0,1,0,0,0,0,0,0,0.04,Inf,Inf,Inf,0.045,0.045,0.035,0.04,0.0314551277754432,9.83212874672809e-05,8.55241286844043e-14,1.37254429741826e-05,1.66882886301035,0.00013432691566628,0.132986298860122,469.872550845256,0.921063666686372,0.158652953868891,0.130405136571225,2403.8,387.84,320,320
0.516,0,0,0,0,0,0,0,0,0,0,0,0,0,1,0,0,0,0,0,0,0.04,Inf,Inf,Inf,0.045,0.045,0.035,0.04,0.0315197781217908,9.85392547859557e-05,8.48496230889978e-14,1.36948122542561e-05,1.66321602409447,0.000135004405190001,0.131897092576059,472.796677442579,0.921072726187871,0.159004780056953,0.131047104199115,2403.8,387.84,320,320
0.517,0,0,0,0,0,0,0,0,0,0,0,0,0,1,0,0,0,0,0,0,0.04,Inf,Inf,Inf,0.045,0.045,0.035,0.04,0.0315859459699125,9.83327284982344e-05,8.42613179261497e-14,1.36106647242082e-05,1.67053449659928,0.000135066190253653,0.13153428424256,473.789195118776,0.923458088198193,0.158695228003061,0.13100435160638,2403.8,387.84,320,320
0.518,0,0,0,0,0,0,0,0,0,0,0,0,0,1,0,0,0,0,0,0,0.04,Inf,Inf,Inf,0.045,0.045,0.035,0.04,0.0314963148791147,9.81408360703778e-05,8.39984945782351e-14,1.35062888021483e-05,1.6699522250455,0.000134483644056069,0.130555107804403,472.444728685684,0.922029562089939,0.157835082863384,0.130636000918458,2403.8,387.84,320,320
0.519,0,0,0,0,0,0,0,0,0,0,0,0,0,1,0,0,0,0,0,0,0.04,Inf,Inf,Inf,0.045,0.045,0.035,0.04,0.031478750096729,9.8441184514873e-05,8.4169981371348e-14,1.34238723381887e-05,1.66159917077616,0.000134802744073751,0.12929463368412,469.267767682335,0.9173192786693,0.158858755938408,0.131159013291993,2403.8,387.84,320,320
0.52,0,0,0,0,0,0,0,0,0,0,0,0,0,1,0,0,0,0,0,0,0.04,Inf,Inf,Inf,0.045,0.045,0.035,0.04,0.0315823405672997,9.8322861581099e-05,8.47051931698696e-14,1.33975881725088e-05,1.66904519154855,0.000135031683120429,0.129032328243698,465.495961215985,0.92319570066321,0.158686335130545,0.131205953883798,2403.8,387.84,320,320
0.521,0,0,0,0,0,0,0,0,0,0,0,0,0,1,0,0,0,0,0,0,0.04,Inf,Inf,Inf,0.045,0.045,0.035,0.04,0.0315299470421526,9.79348078994247e-05,8.53847298150877e-14,1.34389090299059e-05,1.67056312499396,0.000134593521404135,0.128168472764959,462.636878788622,0.922724668142348,0.15791003618136,0.130900714548149,2403.8,387.84,320,320
0.522,0,0,0,0,0,0,0,0,0,0,0,0,0,1,0,0,0,0,0,0,0.04,Inf,Inf,Inf,0.045,0.045,0.035,0.04,0.0314288692762196,9.83099712089801e-05,8.59339562319407e-14,1.35313947654303e-05,1.66390382417329,0.000134759007254479,0.126706579754407,461.859014422496,0.91866991050201,0.158660867438276,0.130375572798941,2403.8,387.84,320,320
0.523,0,0,0,0,0,0,0,0,0,0,0,0,0,1,0,0,0,0,0,0,0.04,Inf,Inf,Inf,0.045,0.045,0.035,0.04,0.0315681634019066,9.82826751957348e-05,8.6133298972474e-14,1.36378349961709e-05,1.66702732014074,0.000135154332606486,0.126463181119295,463.48539193661,0.922653545647339,0.158629773614825,0.131379132381652,2403.8,387.84,320,320
0.524,0,0,0,0,0,0,0,0,0,0,0,0,0,1,0,0,0,0,0,0,0.04,Inf,Inf,Inf,0.045,0.045,0.035,0.04,0.0315552339808128,9.78438660573128e-05,8.59010406420697e-14,1.37159265795245e-05,1.67063386270312,0.000134875374378447,0.125719233906817,466.8449550726,0.923150065449634,0.157955956090787,0.131148771698806,2403.8,387.84,320,320
0.525,0,0,0,0,0,0,0,0,0,0,0,0,0,1,0,0,0,0,0,0,0.04,Inf,Inf,Inf,0.045,0.045,0.035,0.04,0.0313935643412407,9.81279704414384e-05,8.53234824614604e-14,1.37350256869813e-05,1.6658586210269,0.000134528230361201,0.124345321383999,470.56530575407,0.919853459524322,0.158381689988768,0.130649270296957,2403.8,387.84,320,320
0.526,0,0,0,0,0,0,0,0,0,0,0,0,0,1,0,0,0,0,0,0,0.04,Inf,Inf,Inf,0.045,0.045,0.035,0.04,0.0315433041517543,9.82060006103705e-05,8.46248921113969e-14,1.36876018862926e-05,1.66451942567542,0.000135081426147961,0.123711611763769,473.1495678984,0.921859312437358,0.158514519057879,0.131498461465344,2403.8,387.84,320,320
0.527,0,0,0,0,0,0,0,0,0,0,0,0,0,1,0,0,0,0,0,0,0.04,Inf,Inf,Inf,0.045,0.045,0.035,0.04,0.0315710508548483,9.78554483134168e-05,8.40838832967397e-14,1.35920683197935e-05,1.67014905295813,0.000134970991090017,0.123119597371972,473.565768389166,0.923322893658475,0.157978878514264,0.131358036537242,2403.8,387.84,320,320
0.528,0,0,0,0,0,0,0,0,0,0,0,0,0,1,0,0,0,0,0,0,0.04,Inf,Inf,Inf,0.045,0.045,0.035,0.04,0.0314420199012619,9.78975171866065e-05,8.39211824435756e-14,1.34862516649317e-05,1.66740114385955,0.000134234686577451,0.121883347942277,471.630304010209,0.920876095311014,0.156951107074792,0.130907025222579,2403.8,387.84,320,320
0.529,0,0,0,0,0,0,0,0,0,0,0,0,0,1,0,0,0,0,0,0,0.04,Inf,Inf,Inf,0.045,0.045,0.035,0.04,0.0315083249644962,9.80882424299011e-05,8.4204073698548e-14,1.34130590361045e-05,1.66157231894505,0.000134912986377785,0.120806270705716,468.078217463059,0.920834509596035,0.158333721784068,0.131578397790099,2403.8,387.84,320,320
0.53,0,0,0,0,0,0,0,0,0,0,0,0,0,1,0,0,0,0,0,0,0.04,Inf,Inf,Inf,0.045,0.045,0.035,0.04,0.0315765127296284,9.78433982275285e-05,8.48155192798918e-14,1.34029339186993e-05,1.66910620280336,0.000134973659980946,0.1203796034267,464.301677533277,0.923249312980584,0.157963623104389,0.131536866014679,2403.8,387.84,320,320
0.531,0,0,0,0,0,0,0,0,0,0,0,0,0,1,0,0,0,0,0,0,0.04,Inf,Inf,Inf,0.045,0.045,0.035,0.04,0.0314837459381517,9.76260534896177e-05,8.5505334329701e-14,1.34605491517193e-05,1.66847768251552,0.000134369037278371,0.119314623412138,461.819320466398,0.921729440078391,0.157027672910645,0.131152469792232,2403.8,387.84,320,320
0.532,0,0,0,0,0,0,0,0,0,0,0,0,0,1,0,0,0,0,0,0,0.04,Inf,Inf,Inf,0.045,0.045,0.035,0.04,0.031464417094296,9.79246847498745e-05,8.59957323786723e-14,1.35625889730831e-05,1.65982519329734,0.000134902777719854,0.117815424193094,461.649968416065,0.916828205418217,0.158080769578887,0.131624820694198,2403.8,387.84,320,320
0.533,0,0,0,0,0,0,0,0,0,0,0,0,0,1,0,0,0,0,0,0,0.04,Inf,Inf,Inf,0.045,0.045,0.035,0.04,0.0315714101376435,9.77923362353881e-05,8.60910148652834e-14,1.36678912621451e-05,1.66751758968163,0.000135137518185318,0.117540767394864,463.863402627275,0.922914580525111,0.157886536031102,0.131684422898628,2403.8,387.84,320,320
0.534,0,0,0,0,0,0,0,0,0,0,0,0,0,1,0,0,0,0,0,0,0.04,Inf,Inf,Inf,0.045,0.045,0.035,0.04,0.0315172566696814,9.73370129375537e-05,8.57503200375227e-14,1.37345806205237e-05,1.66904709696829,0.000134682528113827,0.116653074963956,467.54439434466,0.922375563186027,0.157067148529295,0.131378221546937,2403.8,387.84,320,320
0.535,0,0,0,0,0,0,0,0,0,0,0,0,0,1,0,0,0,0,0,0,0.04,Inf,Inf,Inf,0.045,0.045,0.035,0.04,0.0314127710724279,9.7730895045341e-05,8.51030103349447e-14,1.37363876258273e-05,1.66213587257847,0.000134701338642305,0.115138569510914,471.191571737183,0.918146046593097,0.157781218556449,0.130837681155493,2403.8,387.84,320,320
0.536,0,0,0,0,0,0,0,0,0,0,0,0,0,1,0,0,0,0,0,0,0.04,Inf,Inf,Inf,0.045,0.045,0.035,0.04,0.0315560012144811,9.77101601451016e-05,8.44027651176395e-14,1.36723631222701e-05,1.66540930812951,0.000135105928446503,0.114649399029425,473.34002384125,0.922311981281831,0.157761010546664,0.131814796352567,2403.8,387.84,320,320
0.537,0,0,0,0,0,0,0,0,0,0,0,0,0,1,0,0,0,0,0,0,0.04,Inf,Inf,Inf,0.045,0.045,0.035,0.04,0.0315418925169727,9.72617496760647e-05,8.39311646239397e-14,1.35673566697743e-05,1.6690817350421,0.000134814171183763,0.113928662925055,473.128393313868,0.922779213498759,0.15707324502495,0.131594493254499,2403.8,387.84,320,320
0.538,0,0,0,0,0,0,0,0,0,0,0,0,0,1,0,0,0,0,0,0,0.04,Inf,Inf,Inf,0.045,0.045,0.035,0.04,0.0313743762741134,9.75102540468645e-05,8.38818054981422e-14,1.34630744020156e-05,1.66410213039991,0.0001344129198572,0.112555078286756,470.615649593659,0.919334884545556,0.157440312048434,0.131092160987351,2403.8,387.84,320,320
0.539,0,0,0,0,0,0,0,0,0,0,0,0,0,1,0,0,0,0,0,0,0.04,Inf,Inf,Inf,0.045,0.045,0.035,0.04,0.031530486509346,9.75986434526887e-05,8.42749842274389e-14,1.34019782264326e-05,1.66281893254168,0.000134977388800156,0.111709299997566,466.765083727979,0.921456067058263,0.157589850899953,0.131931619987715,2403.8,387.84,320,320
0.54,0,0,0,0,0,0,0,0,0,0,0,0,0,1,0,0,0,0,0,0,0.04,Inf,Inf,Inf,0.045,0.045,0.035,0.04,0.0315572904351451,9.72426799429704e-05,8.49477260009776e-14,1.34095718550565e-05,1.66856625114087,0.000134856014056722,0.111144660469126,463.096414552398,0.922927207560866,0.15704679080066,0.131803775397274,2403.8,387.84,320,320
0.541,0,0,0,0,0,0,0,0,0,0,0,0,0,1,0,0,0,0,0,0,0.04,Inf,Inf,Inf,0.045,0.045,0.035,0.04,0.0314224114784711,9.72505400948373e-05,8.56250254470106e-14,1.34830724286235e-05,1.66566207814076,0.000134292425651584,0.109918877257392,461.094756235613,0.920360551675839,0.157038107906248,0.131353285203262,2403.8,387.84,320,320
0.542,0,0,0,0,0,0,0,0,0,0,0,0,0,1,0,0,0,0,0,0,0.04,Inf,Inf,Inf,0.045,0.045,0.035,0.04,0.0314949221849535,9.74458885075117e-05,8.6034302201908e-14,1.35925236860182e-05,1.6597956974948,0.000135007691246894,0.108688154348511,461.585230014196,0.920361560664118,0.157353737021056,0.132014424535287,2403.8,387.84,320,320
0.543,0,0,0,0,0,0,0,0,0,0,0,0,0,1,0,0,0,0,0,0,0.04,Inf,Inf,Inf,0.045,0.045,0.035,0.04,0.0315628747442762,9.71913680018683e-05,8.60112082812773e-14,1.36937715258944e-05,1.66749822618161,0.000135064127960104,0.108271692791543,464.363058181709,0.92281015624363,0.156969173623963,0.131984469648616,2403.8,387.84,320,320
0.544,0,0,0,0,0,0,0,0,0,0,0,0,0,1,0,0,0,0,0,0,0.04,Inf,Inf,Inf,0.045,0.045,0.035,0.04,0.0314647423891288,9.69575857536285e-05,8.55601074183566e-14,1.37465750627007e-05,1.66676342064745,0.000134434067869379,0.107204159039528,468.280964650697,0.92119285186874,0.155996858794384,0.131599662305749,2403.8,387.84,320,320
0.545,0,0,0,0,0,0,0,0,0,0,0,0,0,1,0,0,0,0,0,0,0.04,Inf,Inf,Inf,0.045,0.045,0.035,0.04,0.0314497391418069,9.72565648697526e-05,8.48534721482765e-14,1.37300315528329e-05,1.65776799794999,0.000134843399923595,0.105578819225541,471.746092788177,0.91609705078733,0.15706018950914,0.132066812527244,2403.8,387.84,320,320
0.546,0,0,0,0,0,0,0,0,0,0,0,0,0,1,0,0,0,0,0,0,0.04,Inf,Inf,Inf,0.045,0.045,0.035,0.04,0.0315580014701194,9.71114065697852e-05,8.41698253065834e-14,1.36502474387285e-05,1.66588821029058,0.000135078186814095,0.105300953654769,473.370027673651,0.922425898774852,0.156846278908095,0.132137837675911,2403.8,387.84,320,320
0.547,0,0,0,0,0,0,0,0,0,0,0,0,0,1,0,0,0,0,0,0,0.04,Inf,Inf,Inf,0.045,0.045,0.035,0.04,0.0314998089302941,9.66361673661233e-05,8.37857402822978e-14,1.35383031191259e-05,1.66736393280673,0.000134601663829818,0.104400888173222,472.497139503759,0.921808252240486,0.155986168347471,0.131831275794019,2403.8,387.84,320,320
0.548,0,0,0,0,0,0,0,0,0,0,0,0,0,1,0,0,0,0,0,0,0.04,Inf,Inf,Inf,0.045,0.045,0.035,0.04,0.0313961798260699,9.70320752015163e-05,8.38595520926722e-14,1.34388938007263e-05,1.66014479487369,0.00013458804500893,0.10284679217653,469.444273399801,0.917394104389463,0.156711552746621,0.131278041579353,2403.8,387.84,320,320
0.549,0,0,0,0,0,0,0,0,0,0,0,0,0,1,0,0,0,0,0,0,0.04,Inf,Inf,Inf,0.045,0.045,0.035,0.04,0.0315424818202613,9.70009331190438e-05,8.43603735596564e-14,1.33927145371161e-05,1.66375965837443,0.000134995264627369,0.102241707115138,465.393023339137,0.921783178381529,0.156675314540721,0.132269983023337,2403.8,387.84,320,320
0.55,0,0,0,0,0,0,0,0,0,0,0,0,0,1,0,0,0,0,0,0,0.04,Inf,Inf,Inf,0.045,0.045,0.035,0.04,0.0315260445026878,9.6528192821712e-05,8.50811602022135e-14,1.34191332087258e-05,1.66743247308272,0.000134683653548844,0.101511724894878,461.95572146271,0.922192111988055,0.155950116004607,0.132051723347312,2403.8,387.84,320,320
0.551,0,0,0,0,0,0,0,0,0,0,0,0,0,1,0,0,0,0,0,0,0.04,Inf,Inf,Inf,0.045,0.045,0.035,0.04,0.0313518429750641,9.67653641616921e-05,8.5728689030647e-14,1.3507445473537e-05,1.66218419211287,0.000134498108744095,0.10010596212293,460.534362630085,0.918575242711403,0.156296612373145,0.131539161971619,2403.8,387.84,320,320
0.552,0,0,0,0,0,0,0,0,0,0,0,0,0,1,0,0,0,0,0,0,0.04,Inf,Inf,Inf,0.045,0.045,0.035,0.04,0.0315167716224611,9.68488184956391e-05,8.60436122693563e-14,1.36215416573978e-05,1.66115015108221,0.000135072603655992,0.0990961439245299,461.717651036601,0.920886812946706,0.156438648167718,0.132367788386729,2403.8,387.84,320,320
0.553,0,0,0,0,0,0,0,0,0,0,0,0,0,1,0,0,0,0,0,0,0.04,Inf,Inf,Inf,0.045,0.045,0.035,0.04,0.0315425214779686,9.64735965425105e-05,8.58993163098679e-14,1.37154223490705e-05,1.66695201222251,0.000134937325359684,0.0985310662436512,465.012496667473,0.922324046409215,0.15586614787678,0.132245060455707,2403.8,387.84,320,320
0.554,0,0,0,0,0,0,0,0,0,0,0,0,0,1,0,0,0,0,0,0,0.04,Inf,Inf,Inf,0.045,0.045,0.035,0.04,0.0314018253444614,9.64669828244187e-05,8.5348123403724e-14,1.37517592821653e-05,1.66382116235928,0.000134224245317792,0.0972872981642142,469.061172813046,0.919600806323995,0.155832428631574,0.131788082251677,2403.8,387.84,320,320
0.555,0,0,0,0,0,0,0,0,0,0,0,0,0,1,0,0,0,0,0,0,0.04,Inf,Inf,Inf,0.045,0.045,0.035,0.04,0.0314815699821314,9.66620293347787e-05,8.46035779387874e-14,1.37159779594195e-05,1.65810975834699,0.000134952888395546,0.0958785298619375,472.223555398965,0.919749355001646,0.156147723328371,0.132438616840336,2403.8,387.84,320,320
0.556,0,0,0,0,0,0,0,0,0,0,0,0,0,1,0,0,0,0,0,0,0.04,Inf,Inf,Inf,0.045,0.045,0.035,0.04,0.0315489708934314,9.63927945840092e-05,8.39621976347917e-14,1.36216019407431e-05,1.66591992281081,0.000134999131388495,0.0954668931447046,473.234569017087,0.922190840347445,0.155740832717424,0.132415932938263,2403.8,387.84,320,320
0.557,0,0,0,0,0,0,0,0,0,0,0,0,0,1,0,0,0,0,0,0,0.04,Inf,Inf,Inf,0.045,0.045,0.035,0.04,0.0314451832143582,9.6140906520542e-05,8.36858253851189e-14,1.35055573797782e-05,1.66500215806224,0.000134339449264011,0.0943923862395149,471.677753752346,0.920435774946905,0.154726725945839,0.132027676388741,2403.8,387.84,320,320
0.558,0,0,0,0,0,0,0,0,0,0,0,0,0,1,0,0,0,0,0,0,0.04,Inf,Inf,Inf,0.045,0.045,0.035,0.04,0.0314373349702073,9.64418334541886e-05,8.3889113932469e-14,1.34144362288173e-05,1.6556073718179,0.000134738861748055,0.0926749910301751,468.138076728063,0.91512160873398,0.15580461571449,0.131437142003228,2403.8,387.84,320,320
0.559,0,0,0,0,0,0,0,0,0,0,0,0,0,1,0,0,0,0,0,0,0.04,Inf,Inf,Inf,0.045,0.045,0.035,0.04,0.0315452668824216,9.62845036685812e-05,8.44872360420516e-14,1.33857238148091e-05,1.66434620690554,0.000134965173474322,0.0923251573017725,463.997750303315,0.92179401530847,0.155572262462259,0.132569100928234,2403.8,387.84,320,320
0.56,0,0,0,0,0,0,0,0,0,0,0,0,0,1,0,0,0,0,0,0,0.04,Inf,Inf,Inf,0.045,0.045,0.035,0.04,0.0314813170875019,9.57800983356334e-05,8.52332991314299e-14,1.34315190511503e-05,1.66568472732221,0.000134459319031134,0.0914227077651747,460.918660176261,0.921058497454231,0.154673260081313,0.132260963457725,2403.8,387.84,320,320
0.561,0,0,0,0,0,0,0,0,0,0,0,0,0,1,0,0,0,0,0,0,0.04,Inf,Inf,Inf,0.045,0.045,0.035,0.04,0.0313844062447841,9.6178855074928e-05,8.58245798227579e-14,1.35329656475034e-05,1.65808737158691,0.000134688133561333,0.0898415590217801,460.16602823557,0.916431857349057,0.155394250489377,0.131696398918289,2403.8,387.84,320,320
0.562,0,0,0,0,0,0,0,0,0,0,0,0,0,1,0,0,0,0,0,0,0.04,Inf,Inf,Inf,0.045,0.045,0.035,0.04,0.0315311228246081,9.61369344564147e-05,8.60242372409545e-14,1.36485600860149e-05,1.66225358365039,0.000135093896375203,0.0890962788841275,462.053139115255,0.921133001072044,0.155341600465515,0.132688232389343,2403.8,387.84,320,320
0.563,0,0,0,0,0,0,0,0,0,0,0,0,0,1,0,0,0,0,0,0,0.04,Inf,Inf,Inf,0.045,0.045,0.035,0.04,0.031509372726309,9.56397688879506e-05,8.57501095595661e-14,1.37317727414871e-05,1.6658383038291,0.000134757358885031,0.0883646882573387,465.794892816695,0.92144468382722,0.154579005888415,0.132469640115944,2403.8,387.84,320,320
0.564,0,0,0,0,0,0,0,0,0,0,0,0,0,1,0,0,0,0,0,0,0.04,Inf,Inf,Inf,0.045,0.045,0.035,0.04,0.0313260209554146,9.58811935774276e-05,8.51048131842495e-14,1.37494836449127e-05,1.66023761767774,0.000134447506056374,0.0869369884526368,469.855073374335,0.917622854088795,0.154929718326663,0.131947045475404,2403.8,387.84,320,320
0.565,0,0,0,0,0,0,0,0,0,0,0,0,0,1,0,0,0,0,0,0,0.04,Inf,Inf,Inf,0.045,0.045,0.035,0.04,0.031506404446367,9.59554589066121e-05,8.43400751312344e-14,1.36942913003819e-05,1.65967708741235,0.000135024283008324,0.0857854252175549,472.596072363772,0.920213946320652,0.155057680982529,0.132778819404513,2403.8,387.84,320,320
0.566,0,0,0,0,0,0,0,0,0,0,0,0,0,1,0,0,0,0,0,0,0.04,Inf,Inf,Inf,0.045,0.045,0.035,0.04,0.0315281759689542,9.55569953803312e-05,8.37627412004166e-14,1.35872810710144e-05,1.6654442824494,0.000134867204542039,0.0852186838847628,472.922645139883,0.921576079102011,0.154449564743433,0.132656822755563,2403.8,387.84,320,320
0.567,0,0,0,0,0,0,0,0,0,0,0,0,0,1,0,0,0,0,0,0,0.04,Inf,Inf,Inf,0.045,0.045,0.035,0.04,0.0313790599115783,9.55519828091326e-05,8.36101191717566e-14,1.34705695558426e-05,1.66199271039166,0.000134124438759153,0.0839573067974027,470.685904196569,0.918657707204567,0.15441602819886,0.132191038002515,2403.8,387.84,320,320
0.568,0,0,0,0,0,0,0,0,0,0,0,0,0,1,0,0,0,0,0,0,0.04,Inf,Inf,Inf,0.045,0.045,0.035,0.04,0.0314716017665002,9.57401980331263e-05,8.39458500275096e-14,1.33913178218733e-05,1.65666339661381,0.000134858239943593,0.0824025562292926,466.740908938422,0.919056203702329,0.15472080335933,0.132847917757877,2403.8,387.84,320,320
0.569,0,0,0,0,0,0,0,0,0,0,0,0,0,1,0,0,0,0,0,0,0.04,Inf,Inf,Inf,0.045,0.045,0.035,0.04,0.0315367682037189,9.54496798231012e-05,8.46302047523444e-14,1.3382285146686e-05,1.6644963146164,0.000134883922027577,0.0819896327511616,462.642967974015,0.921446996678208,0.154281300885237,0.132827001868563,2403.8,387.84,320,320
0.57,0,0,0,0,0,0,0,0,0,0,0,0,0,1,0,0,0,0,0,0,0.04,Inf,Inf,Inf,0.045,0.045,0.035,0.04,0.0314257417942925,9.51846806074993e-05,8.53820557940657e-14,1.34473237684684e-05,1.66329557240303,0.000134186245268611,0.0809024731631609,460.052262475007,0.919509572157359,0.153218140222665,0.132431286469091,2403.8,387.84,320,320
0.571,0,0,0,0,0,0,0,0,0,0,0,0,0,1,0,0,0,0,0,0,0.04,Inf,Inf,Inf,0.045,0.045,0.035,0.04,0.0314277935450105,9.5481544815875e-05,8.58981615202208e-14,1.35595004370426e-05,1.6534273076643,0.000134853994776517,0.0791457991180291,460.041588719504,0.913949409475044,0.15431560663738,0.131826170620733,2403.8,387.84,320,320
0.572,0,0,0,0,0,0,0,0,0,0,0,0,0,1,0,0,0,0,0,0,0.04,Inf,Inf,Inf,0.045,0.045,0.035,0.04,0.0315348350234282,9.53054183998554e-05,8.59726443314684e-14,1.36729552064951e-05,1.66300246109761,0.000135066416296778,0.0786720229357271,462.616279579653,0.921049390629146,0.15405446636423,0.13296385911517,2403.8,387.84,320,320
0.573,0,0,0,0,0,0,0,0,0,0,0,0,0,1,0,0,0,0,0,0,0.04,Inf,Inf,Inf,0.045,0.045,0.035,0.04,0.0314644921986427,9.47900320030288e-05,8.55729356004491e-14,1.37420834049115e-05,1.66410109027377,0.000134525415545911,0.077761686870984,466.707014195921,0.920147451481953,0.153108554083697,0.132649559729438,2403.8,387.84,320,320
0.574,0,0,0,0,0,0,0,0,0,0,0,0,0,1,0,0,0,0,0,0,0.04,Inf,Inf,Inf,0.045,0.045,0.035,0.04,0.0313760729220776,9.51873759426266e-05,8.48521350664856e-14,1.37392639070609e-05,1.65603972371781,0.000134654723894656,0.0761500092533036,470.641099528477,0.91527373408679,0.15385489377388,0.132071568052699,2403.8,387.84,320,320
0.575,0,0,0,0,0,0,0,0,0,0,0,0,0,1,0,0,0,0,0,0,0.04,Inf,Inf,Inf,0.045,0.045,0.035,0.04,0.0315225357145309,9.51291350559326e-05,8.40947249072421e-14,1.36649976649556e-05,1.66098478001167,0.000135050358782314,0.075272613552128,472.838041382573,0.92038263329704,0.153777242195854,0.133072762300531,2403.8,387.84,320,320
0.576,0,0,0,0,0,0,0,0,0,0,0,0,0,1,0,0,0,0,0,0,0.04,Inf,Inf,Inf,0.045,0.045,0.035,0.04,0.0314945623204531,9.4602872639596e-05,8.36078731303599e-14,1.35478724367412e-05,1.66437741743636,0.000134680935691673,0.0745362260477373,472.418440398661,0.920546600760795,0.152969968794811,0.132848992049293,2403.8,387.84,320,320
0.577,0,0,0,0,0,0,0,0,0,0,0,0,0,1,0,0,0,0,0,0,0.04,Inf,Inf,Inf,0.045,0.045,0.035,0.04,0.0313171058383437,9.48601393791423e-05,8.35934782586339e-14,1.34342814669448e-05,1.65832792653607,0.000134368056835524,0.073085323714891,469.524667839813,0.916479433223078,0.153342607435042,0.132313925986644,2403.8,387.84,320,320
0.578,0,0,0,0,0,0,0,0,0,0,0,0,0,1,0,0,0,0,0,0,0.04,Inf,Inf,Inf,0.045,0.045,0.035,0.04,0.0315000101025374,9.49203826272273e-05,8.40577939095233e-14,1.33704115378464e-05,1.65847700367238,0.000134937228332527,0.0717998246135629,465.275663137324,0.919459651082873,0.153449048980723,0.133160132859913,2403.8,387.84,320,320
0.579,0,0,0,0,0,0,0,0,0,0,0,0,0,1,0,0,0,0,0,0,0.04,Inf,Inf,Inf,0.045,0.045,0.035,0.04,0.0315155268552994,9.44941890890792e-05,8.48077143473129e-14,1.33827453206945e-05,1.66410499100954,0.000134747455184243,0.0712296657143871,461.362340070238,0.920695307641198,0.15279836526706,0.133033648488946,2403.8,387.84,320,320
0.58,0,0,0,0,0,0,0,0,0,0,0,0,0,1,0,0,0,0,0,0,0.04,Inf,Inf,Inf,0.045,0.045,0.035,0.04,0.0313561179315717,9.44924487533404e-05,8.55361308834212e-14,1.34661223932696e-05,1.66022606628805,0.000134251249943423,0.0699506888101961,459.384422142263,0.917536128708225,0.152766824181629,0.132556098562971,2403.8,387.84,320,320
0.581,0,0,0,0,0,0,0,0,0,0,0,0,0,1,0,0,0,0,0,0,0.04,Inf,Inf,Inf,0.045,0.045,0.035,0.04,0.0314672696563338,9.46689103206592e-05,8.59500154553814e-14,1.35859470679593e-05,1.65552424483594,0.000134985575981027,0.0682514430892988,460.167052153437,0.918290712416045,0.153053490981238,0.13321136761147,2403.8,387.84,320,320
0.582,0,0,0,0,0,0,0,0,0,0,0,0,0,1,0,0,0,0,0,0,0.04,Inf,Inf,Inf,0.045,0.045,0.035,0.04,0.0315267626374584,9.43520954449917e-05,8.58835300393397e-14,1.36933183625485e-05,1.6632769455128,0.000134984073979067,0.0678351884161729,463.384725707046,0.920579259574325,0.152573608733634,0.133186410150974,2403.8,387.84,320,320
0.583,0,0,0,0,0,0,0,0,0,0,0,0,0,1,0,0,0,0,0,0,0.04,Inf,Inf,Inf,0.045,0.045,0.035,0.04,0.0314052913168751,9.40940881821973e-05,8.53585161705297e-14,1.37451184879715e-05,1.66167787373641,0.000134242540972027,0.0667345637012096,467.704946337011,0.918408982343074,0.151456822178472,0.132779430431562,2403.8,387.84,320,320
0.584,0,0,0,0,0,0,0,0,0,0,0,0,0,1,0,0,0,0,0,0,0.04,Inf,Inf,Inf,0.045,0.045,0.035,0.04,0.0314246627291554,9.43816332178817e-05,8.45777560311252e-14,1.37204499270802e-05,1.65218231599046,0.000134835057381174,0.0649408552802179,471.369946640402,0.916892245879094,0.152601840014804,0.132159089006025,2403.8,387.84,320,320
0.585,0,0,0,0,0,0,0,0,0,0,0,0,0,1,0,0,0,0,0,0,0.04,Inf,Inf,Inf,0.045,0.045,0.035,0.04,0.0315275469792835,9.41808152461742e-05,8.3851840877906e-14,1.36282457333228e-05,1.66189889988213,0.000135023563603808,0.0643570771886906,472.913210345249,0.920190438307917,0.152302760173683,0.133312025050309,2403.8,387.84,320,320
0.586,0,0,0,0,0,0,0,0,0,0,0,0,0,1,0,0,0,0,0,0,0.04,Inf,Inf,Inf,0.045,0.045,0.035,0.04,0.0314475461998146,9.36693325491604e-05,8.34775731637357e-14,1.35042483020455e-05,1.66263695460564,0.000134439541371366,0.0634359870641434,471.713198572221,0.919067595069622,0.151303363387956,0.132986736948722,2403.8,387.84,320,320
0.587,0,0,0,0,0,0,0,0,0,0,0,0,0,1,0,0,0,0,0,0,0.04,Inf,Inf,Inf,0.045,0.045,0.035,0.04,0.0313732925888697,9.40600496271806e-05,8.36112253510428e-14,1.33979146623246e-05,1.65401470228498,0.000134593248937802,0.0617937231390341,468.218821034193,0.91390926274386,0.152096545346566,0.13239348436615,2403.8,387.84,320,320
0.588,0,0,0,0,0,0,0,0,0,0,0,0,0,1,0,0,0,0,0,0,0.04,Inf,Inf,Inf,0.045,0.045,0.035,0.04,0.0315175571807268,9.39790330570633e-05,8.41972601738265e-14,1.33527365832222e-05,1.65998868911766,0.000134966881157446,0.0608022402569967,463.79556353336,0.919533926025531,0.151983870440859,0.133416325521168,2403.8,387.84,320,320
0.589,0,0,0,0,0,0,0,0,0,0,0,0,0,1,0,0,0,0,0,0,0.04,Inf,Inf,Inf,0.045,0.045,0.035,0.04,0.0314812125365834,9.34184267068504e-05,8.49928485666722e-14,1.33874470282767e-05,1.66306742579135,0.000134553209676985,0.0600569707929226,460.221433822654,0.919493104218656,0.151123700133652,0.133181718518158,2403.8,387.84,320,320
0.59,0,0,0,0,0,0,0,0,0,0,0,0,0,1,0,0,0,0,0,0,0.04,Inf,Inf,Inf,0.045,0.045,0.035,0.04,0.0313147748082732,9.36961768429519e-05,8.56741913547513e-14,1.3487419701878e-05,1.65646041114491,0.000134516962234651,0.0585811180367786,458.971066931746,0.915136239244978,0.151524758502531,0.132631247267036,2403.8,387.84,320,320
0.591,0,0,0,0,0,0,0,0,0,0,0,0,0,1,0,0,0,0,0,0,0.04,Inf,Inf,Inf,0.045,0.045,0.035,0.04,0.0314970910429136,9.37358855779172e-05,8.59688265108956e-14,1.36111757232299e-05,1.65757774543833,0.000135072113480956,0.0571692686589627,460.570597020329,0.918613128017185,0.151599586653534,0.133483978650214,2403.8,387.84,320,320
0.592,0,0,0,0,0,0,0,0,0,0,0,0,0,1,0,0,0,0,0,0,0.04,Inf,Inf,Inf,0.045,0.045,0.035,0.04,0.0315052308964985,9.32760837313405e-05,8.5758590767818e-14,1.370831725193e-05,1.66294676584879,0.000134841994444959,0.0565912890787058,464.353167901305,0.919664261969702,0.150897156624732,0.133346713333514,2403.8,387.84,320,320
0.593,0,0,0,0,0,0,0,0,0,0,0,0,0,1,0,0,0,0,0,0,0.04,Inf,Inf,Inf,0.045,0.045,0.035,0.04,0.0313348652535114,9.32991296401334e-05,8.51223889296157e-14,1.37398158519608e-05,1.6585227256841,0.000134250852866874,0.0552921010392425,468.757687616184,0.916214417042807,0.150901202786749,0.1328535474926,2403.8,387.84,320,320
0.594,0,0,0,0,0,0,0,0,0,0,0,0,0,1,0,0,0,0,0,0,0.04,Inf,Inf,Inf,0.045,0.045,0.035,0.04,0.0314667236040773,9.34575530231537e-05,8.43091770219421e-14,1.36926148146163e-05,1.65471004720396,0.000134975718620698,0.0534664904972051,472.00085976417,0.917438398875467,0.151160051398915,0.133521819339622,2403.8,387.84,320,320
0.595,0,0,0,0,0,0,0,0,0,0,0,0,0,1,0,0,0,0,0,0,0.04,Inf,Inf,Inf,0.045,0.045,0.035,0.04,0.0315192201167714,9.31081420521787e-05,8.36461928353983e-14,1.35843924577191e-05,1.66226637090933,0.000134936316147664,0.0530424510764551,472.788307393877,0.919566654350179,0.150629985406924,0.133486049659425,2403.8,387.84,320,320
0.596,0,0,0,0,0,0,0,0,0,0,0,0,0,1,0,0,0,0,0,0,0.04,Inf,Inf,Inf,0.045,0.045,0.035,0.04,0.0313862808154227,9.28724973696236e-05,8.3407315489591e-14,1.34574023804886e-05,1.66014371883926,0.000134143628012193,0.0519248433749362,470.794217786715,0.917108891146515,0.14945359033608,0.133063095510754,2403.8,387.84,320,320
0.597,0,0,0,0,0,0,0,0,0,0,0,0,0,1,0,0,0,0,0,0,0.04,Inf,Inf,Inf,0.045,0.045,0.035,0.04,0.0314268438651284,9.31447782683465e-05,8.36932222167697e-14,1.33626549224485e-05,1.65143934779572,0.000134785578192601,0.05009456397652,466.780959826785,0.916032786581805,0.150666555880618,0.132426316688788,2403.8,387.84,320,320
0.598,0,0,0,0,0,0,0,0,0,0,0,0,0,1,0,0,0,0,0,0,0.04,Inf,Inf,Inf,0.045,0.045,0.035,0.04,0.0315229854869128,9.29127057225619e-05,8.43845786879295e-14,1.33390834719483e-05,1.66102998842029,0.000134937130435821,0.0494161638309557,462.331951217599,0.919198892820723,0.150319350477051,0.133605085107244,2403.8,387.84,320,320
0.599,0,0,0,0,0,0,0,0,0,0,0,0,0,1,0,0,0,0,0,0,0.04,Inf,Inf,Inf,0.045,0.045,0.035,0.04,0.0314308632797636,9.24105159971204e-05,8.51956269752593e-14,1.33963417545777e-05,1.66127591072539,0.00013429925256986,0.0484801616842668,459.253171823262,0.917796179221072,0.149259415085131,0.133263378431653,2403.8,387.84,320,320
0.6,0,0,0,0,0,0,0,0,0,0,0,0,0,1,0,0,0,0,0,0,0.04,Inf,Inf,Inf,0.045,0.045,0.035,0.04,0.031377729776027,9.27890396025764e-05,8.579752782874e-14,1.35102621241275e-05,1.65199260438376,0.000134757811480937,0.0468072605002534,458.825932677062,0.912315242978498,0.15010541371342,0.132652797301611,2403.8,387.84,320,320
